referencia;marca;modelo;pieza;calidad_o_variante;precio_sin_iva;precio_5_uds;precio_10_uds;garantia_meses
HU-P30-PAN-ORI;Huawei;P30;Pantalla;Original;52,50;50,93;49,35;12
HU-P30-PAN-INC;Huawei;P30;Pantalla;Incell;14,85;14,40;13,96;6
HU-P30-BAT-COM;Huawei;P30;Batería;Compatible;8,95;;;6
HU-P30-CON-COM;Huawei;P30;Conector de carga;Compatible;4,15;;;6
HU-P30-TAP-COM-AUR;Huawei;P30;Tapa trasera;Aurora;5,09;;;6
HU-P30-TAP-COM-BRE;Huawei;P30;Tapa trasera;Breathing Crystal;5,09;;;6
HU-P30-TAP-COM-NEG;Huawei;P30;Tapa trasera;Negro;5,09;;;6
HU-P30-TAP-COM-AMB;Huawei;P30;Tapa trasera;Amber Sunrise;5,09;;;6
HU-P30-TAP-COM-BLA;Huawei;P30;Tapa trasera;Blanco (Pearl White);5,09;;;6
HU-P30-CTR-COM;Huawei;P30;Cámara trasera;Compatible;8,75;;;6
HU-P30-CFR-COM;Huawei;P30;Cámara frontal;Compatible;4,85;;;6
HU-P30-LEN-COM;Huawei;P30;Lente de cámara;Compatible;2,30;;;6
HU-P30-ALT-COM;Huawei;P30;Altavoz;Compatible;3,65;;;6
HU-P30-AUR-COM;Huawei;P30;Auricular de llamada;Compatible;3,15;;;6
HU-P30-FLX-COM;Huawei;P30;Flex de encendido y volumen;Compatible;3,05;;;6
HU-P30-SIM-COM;Huawei;P30;Bandeja SIM;Compatible;2,95;;;6
HU-P30P-PAN-ORI;Huawei;P30 Pro;Pantalla;Original;82,20;79,73;77,27;12
HU-P30P-PAN-INC;Huawei;P30 Pro;Pantalla;Incell;25,20;24,44;23,69;6
HU-P30P-BAT-COM;Huawei;P30 Pro;Batería;Compatible;8,95;;;6
HU-P30P-CON-COM;Huawei;P30 Pro;Conector de carga;Compatible;5,55;;;6
HU-P30P-TAP-COM-AUR;Huawei;P30 Pro;Tapa trasera;Aurora;6,25;;;6
HU-P30P-TAP-COM-BRE;Huawei;P30 Pro;Tapa trasera;Breathing Crystal;6,25;;;6
HU-P30P-TAP-COM-NEG;Huawei;P30 Pro;Tapa trasera;Negro;6,25;;;6
HU-P30P-TAP-COM-AMB;Huawei;P30 Pro;Tapa trasera;Amber Sunrise;6,25;;;6
HU-P30P-TAP-COM-BLA;Huawei;P30 Pro;Tapa trasera;Blanco (Pearl White);6,25;;;6
HU-P30P-CTR-COM;Huawei;P30 Pro;Cámara trasera;Compatible;10,95;10,62;10,29;6
HU-P30P-CFR-COM;Huawei;P30 Pro;Cámara frontal;Compatible;6,05;;;6
HU-P30P-LEN-COM;Huawei;P30 Pro;Lente de cámara;Compatible;2,69;;;6
HU-P30P-ALT-COM;Huawei;P30 Pro;Altavoz;Compatible;4,19;;;6
HU-P30P-AUR-COM;Huawei;P30 Pro;Auricular de llamada;Compatible;3,45;;;6
HU-P30P-FLX-COM;Huawei;P30 Pro;Flex de encendido y volumen;Compatible;3,35;;;6
HU-P30P-SIM-COM;Huawei;P30 Pro;Bandeja SIM;Compatible;3,20;;;6
HU-P30L-PAN-ORI;Huawei;P30 lite;Pantalla;Original;29,30;28,42;27,54;12
HU-P30L-PAN-COM;Huawei;P30 lite;Pantalla;Compatible;16,55;16,05;15,56;6
HU-P30L-BAT-COM;Huawei;P30 lite;Batería;Compatible;10,19;9,88;9,58;6
HU-P30L-CON-COM;Huawei;P30 lite;Conector de carga;Compatible;5,95;;;6
HU-P30L-TAP-COM-NEG;Huawei;P30 lite;Tapa trasera;Negro (Midnight Black);5,15;;;6
HU-P30L-TAP-COM-AZU;Huawei;P30 lite;Tapa trasera;Azul (Peacock Blue);5,15;;;6
HU-P30L-TAP-COM-BLA;Huawei;P30 lite;Tapa trasera;Blanco (Pearl White);5,15;;;6
HU-P30L-TAP-COM-BRE;Huawei;P30 lite;Tapa trasera;Breathing Crystal;5,15;;;6
HU-P30L-CTR-COM;Huawei;P30 lite;Cámara trasera;Compatible;9,50;;;6
HU-P30L-CFR-COM;Huawei;P30 lite;Cámara frontal;Compatible;7,25;;;6
HU-P30L-LEN-COM;Huawei;P30 lite;Lente de cámara;Compatible;1,59;;;6
HU-P30L-ALT-COM;Huawei;P30 lite;Altavoz;Compatible;5,15;;;6
HU-P30L-AUR-COM;Huawei;P30 lite;Auricular de llamada;Compatible;2,50;;;6
HU-P30L-FLX-COM;Huawei;P30 lite;Flex de encendido y volumen;Compatible;2,35;;;6
HU-P30L-SIM-COM;Huawei;P30 lite;Bandeja SIM;Compatible;3,05;;;6
HU-P30LNE-PAN-ORI;Huawei;P30 lite New Edition;Pantalla;Original;32,25;31,28;30,32;12
HU-P30LNE-PAN-COM;Huawei;P30 lite New Edition;Pantalla;Compatible;16,35;15,86;15,37;6
HU-P30LNE-BAT-COM;Huawei;P30 lite New Edition;Batería;Compatible;7,25;;;6
HU-P30LNE-CON-COM;Huawei;P30 lite New Edition;Conector de carga;Compatible;4,25;;;6
HU-P30LNE-TAP-COM;Huawei;P30 lite New Edition;Tapa trasera;Compatible;5,15;;;6
HU-P30LNE-CTR-COM;Huawei;P30 lite New Edition;Cámara trasera;Compatible;5,85;;;6
HU-P30LNE-CFR-COM;Huawei;P30 lite New Edition;Cámara frontal;Compatible;3,35;;;6
HU-P30LNE-LEN-COM;Huawei;P30 lite New Edition;Lente de cámara;Compatible;1,95;;;6
HU-P30LNE-ALT-COM;Huawei;P30 lite New Edition;Altavoz;Compatible;3,05;;;6
HU-P30LNE-AUR-COM;Huawei;P30 lite New Edition;Auricular de llamada;Compatible;2,29;;;6
HU-P30LNE-FLX-COM;Huawei;P30 lite New Edition;Flex de encendido y volumen;Compatible;2,19;;;6
HU-P30LNE-SIM-COM;Huawei;P30 lite New Edition;Bandeja SIM;Compatible;2,65;;;6
HU-P30PNE-PAN-ORI;Huawei;P30 Pro New Edition;Pantalla;Original;90,45;87,74;85,02;12
HU-P30PNE-PAN-INC;Huawei;P30 Pro New Edition;Pantalla;Incell;26,75;25,95;25,15;6
HU-P30PNE-BAT-COM;Huawei;P30 Pro New Edition;Batería;Compatible;7,50;;;6
HU-P30PNE-CON-COM;Huawei;P30 Pro New Edition;Conector de carga;Compatible;5,30;;;6
HU-P30PNE-TAP-COM;Huawei;P30 Pro New Edition;Tapa trasera;Compatible;6,39;;;6
HU-P30PNE-CTR-COM;Huawei;P30 Pro New Edition;Cámara trasera;Compatible;8,90;;;6
HU-P30PNE-CFR-COM;Huawei;P30 Pro New Edition;Cámara frontal;Compatible;4,45;;;6
HU-P30PNE-LEN-COM;Huawei;P30 Pro New Edition;Lente de cámara;Compatible;2,70;;;6
HU-P30PNE-ALT-COM;Huawei;P30 Pro New Edition;Altavoz;Compatible;3,85;;;6
HU-P30PNE-AUR-COM;Huawei;P30 Pro New Edition;Auricular de llamada;Compatible;3,10;;;6
HU-P30PNE-FLX-COM;Huawei;P30 Pro New Edition;Flex de encendido y volumen;Compatible;3,09;;;6
HU-P30PNE-SIM-COM;Huawei;P30 Pro New Edition;Bandeja SIM;Compatible;3,30;;;6
HU-P40-PAN-ORI;Huawei;P40;Pantalla;Original;57,79;56,06;54,32;12
HU-P40-PAN-INC;Huawei;P40;Pantalla;Incell;18,59;18,03;17,47;6
HU-P40-BAT-COM;Huawei;P40;Batería;Compatible;7,60;;;6
HU-P40-CON-COM;Huawei;P40;Conector de carga;Compatible;3,95;;;6
HU-P40-TAP-COM-PLA;Huawei;P40;Tapa trasera;Plata (Silver Frost);5,20;;;6
HU-P40-TAP-COM-AZU;Huawei;P40;Tapa trasera;Azul (Deep Sea Blue);5,20;;;6
HU-P40-TAP-COM-BLA;Huawei;P40;Tapa trasera;Blanco (Ice White);5,20;;;6
HU-P40-TAP-COM-NEG;Huawei;P40;Tapa trasera;Negro;5,20;;;6
HU-P40-TAP-COM-DOR;Huawei;P40;Tapa trasera;Dorado (Blush Gold);5,20;;;6
HU-P40-CTR-COM;Huawei;P40;Cámara trasera;Compatible;7,10;;;6
HU-P40-CFR-COM;Huawei;P40;Cámara frontal;Compatible;3,55;;;6
HU-P40-LEN-COM;Huawei;P40;Lente de cámara;Compatible;2,35;;;6
HU-P40-ALT-COM;Huawei;P40;Altavoz;Compatible;3,35;;;6
HU-P40-AUR-COM;Huawei;P40;Auricular de llamada;Compatible;2,85;;;6
HU-P40-FLX-COM;Huawei;P40;Flex de encendido y volumen;Compatible;2,85;;;6
HU-P40-SIM-COM;Huawei;P40;Bandeja SIM;Compatible;3,05;;;6
HU-P40P-PAN-ORI;Huawei;P40 Pro;Pantalla;Original;90,45;87,74;85,02;12
HU-P40P-PAN-INC;Huawei;P40 Pro;Pantalla;Incell;26,75;25,95;25,15;6
HU-P40P-BAT-COM;Huawei;P40 Pro;Batería;Compatible;7,60;;;6
HU-P40P-CON-COM;Huawei;P40 Pro;Conector de carga;Compatible;5,30;;;6
HU-P40P-TAP-COM-PLA;Huawei;P40 Pro;Tapa trasera;Plata (Silver Frost);6,39;;;6
HU-P40P-TAP-COM-AZU;Huawei;P40 Pro;Tapa trasera;Azul (Deep Sea Blue);6,39;;;6
HU-P40P-TAP-COM-BLA;Huawei;P40 Pro;Tapa trasera;Blanco (Ice White);6,39;;;6
HU-P40P-TAP-COM-NEG;Huawei;P40 Pro;Tapa trasera;Negro;6,39;;;6
HU-P40P-TAP-COM-DOR;Huawei;P40 Pro;Tapa trasera;Dorado (Blush Gold);6,39;;;6
HU-P40P-CTR-COM;Huawei;P40 Pro;Cámara trasera;Compatible;8,90;;;6
HU-P40P-CFR-COM;Huawei;P40 Pro;Cámara frontal;Compatible;4,45;;;6
HU-P40P-LEN-COM;Huawei;P40 Pro;Lente de cámara;Compatible;2,70;;;6
HU-P40P-ALT-COM;Huawei;P40 Pro;Altavoz;Compatible;3,85;;;6
HU-P40P-AUR-COM;Huawei;P40 Pro;Auricular de llamada;Compatible;3,10;;;6
HU-P40P-FLX-COM;Huawei;P40 Pro;Flex de encendido y volumen;Compatible;3,09;;;6
HU-P40P-SIM-COM;Huawei;P40 Pro;Bandeja SIM;Compatible;3,30;;;6
HU-P40PPL-PAN-ORI;Huawei;P40 Pro+;Pantalla;Original;90,45;87,74;85,02;12
HU-P40PPL-PAN-INC;Huawei;P40 Pro+;Pantalla;Incell;26,75;25,95;25,15;6
HU-P40PPL-BAT-COM;Huawei;P40 Pro+;Batería;Compatible;7,60;;;6
HU-P40PPL-CON-COM;Huawei;P40 Pro+;Conector de carga;Compatible;5,30;;;6
HU-P40PPL-TAP-COM-BLA;Huawei;P40 Pro+;Tapa trasera;Blanco cerámico;6,39;;;6
HU-P40PPL-TAP-COM-NEG;Huawei;P40 Pro+;Tapa trasera;Negro cerámico;6,39;;;6
HU-P40PPL-CTR-COM;Huawei;P40 Pro+;Cámara trasera;Compatible;8,90;;;6
HU-P40PPL-CFR-COM;Huawei;P40 Pro+;Cámara frontal;Compatible;4,45;;;6
HU-P40PPL-LEN-COM;Huawei;P40 Pro+;Lente de cámara;Compatible;2,70;;;6
HU-P40PPL-ALT-COM;Huawei;P40 Pro+;Altavoz;Compatible;3,85;;;6
HU-P40PPL-AUR-COM;Huawei;P40 Pro+;Auricular de llamada;Compatible;3,10;;;6
HU-P40PPL-FLX-COM;Huawei;P40 Pro+;Flex de encendido y volumen;Compatible;3,09;;;6
HU-P40PPL-SIM-COM;Huawei;P40 Pro+;Bandeja SIM;Compatible;3,30;;;6
HU-P40L-PAN-ORI;Huawei;P40 lite;Pantalla;Original;26,95;26,14;25,33;12
HU-P40L-PAN-COM;Huawei;P40 lite;Pantalla;Compatible;18,05;17,51;16,97;6
HU-P40L-BAT-COM;Huawei;P40 lite;Batería;Compatible;7,25;;;6
HU-P40L-CON-COM;Huawei;P40 lite;Conector de carga;Compatible;4,55;;;6
HU-P40L-TAP-COM-NEG;Huawei;P40 lite;Tapa trasera;Negro (Midnight Black);5,15;;;6
HU-P40L-TAP-COM-VER;Huawei;P40 lite;Tapa trasera;Verde (Crush Green);5,15;;;6
HU-P40L-TAP-COM-ROS;Huawei;P40 lite;Tapa trasera;Rosa (Sakura Pink);5,15;;;6
HU-P40L-CTR-COM;Huawei;P40 lite;Cámara trasera;Compatible;9,60;;;6
HU-P40L-CFR-COM;Huawei;P40 lite;Cámara frontal;Compatible;3,35;;;6
HU-P40L-LEN-COM;Huawei;P40 lite;Lente de cámara;Compatible;1,95;;;6
HU-P40L-ALT-COM;Huawei;P40 lite;Altavoz;Compatible;3,20;;;6
HU-P40L-AUR-COM;Huawei;P40 lite;Auricular de llamada;Compatible;2,29;;;6
HU-P40L-FLX-COM;Huawei;P40 lite;Flex de encendido y volumen;Compatible;2,19;;;6
HU-P40L-SIM-COM;Huawei;P40 lite;Bandeja SIM;Compatible;3,35;;;6
HU-P40LE-PAN-ORI;Huawei;P40 lite E;Pantalla;Original;32,25;31,28;30,32;12
HU-P40LE-PAN-COM;Huawei;P40 lite E;Pantalla;Compatible;16,35;15,86;15,37;6
HU-P40LE-BAT-COM;Huawei;P40 lite E;Batería;Compatible;7,25;;;6
HU-P40LE-CON-COM;Huawei;P40 lite E;Conector de carga;Compatible;4,25;;;6
HU-P40LE-TAP-COM-NEG;Huawei;P40 lite E;Tapa trasera;Negro (Midnight Black);5,15;;;6
HU-P40LE-TAP-COM-AZU;Huawei;P40 lite E;Tapa trasera;Azul (Aurora Blue);5,15;;;6
HU-P40LE-CTR-COM;Huawei;P40 lite E;Cámara trasera;Compatible;5,85;;;6
HU-P40LE-CFR-COM;Huawei;P40 lite E;Cámara frontal;Compatible;3,35;;;6
HU-P40LE-LEN-COM;Huawei;P40 lite E;Lente de cámara;Compatible;1,95;;;6
HU-P40LE-ALT-COM;Huawei;P40 lite E;Altavoz;Compatible;3,05;;;6
HU-P40LE-AUR-COM;Huawei;P40 lite E;Auricular de llamada;Compatible;2,29;;;6
HU-P40LE-FLX-COM;Huawei;P40 lite E;Flex de encendido y volumen;Compatible;2,19;;;6
HU-P40LE-SIM-COM;Huawei;P40 lite E;Bandeja SIM;Compatible;2,65;;;6
HU-P40L5-PAN-ORI;Huawei;P40 lite 5G;Pantalla;Original;32,25;31,28;30,32;12
HU-P40L5-PAN-COM;Huawei;P40 lite 5G;Pantalla;Compatible;16,35;15,86;15,37;6
HU-P40L5-BAT-COM;Huawei;P40 lite 5G;Batería;Compatible;7,25;;;6
HU-P40L5-CON-COM;Huawei;P40 lite 5G;Conector de carga;Compatible;4,25;;;6
HU-P40L5-TAP-COM-NEG;Huawei;P40 lite 5G;Tapa trasera;Negro (Midnight Black);5,15;;;6
HU-P40L5-TAP-COM-VER;Huawei;P40 lite 5G;Tapa trasera;Verde (Crush Green);5,15;;;6
HU-P40L5-TAP-COM-PLA;Huawei;P40 lite 5G;Tapa trasera;Plata (Space Silver);5,15;;;6
HU-P40L5-CTR-COM;Huawei;P40 lite 5G;Cámara trasera;Compatible;5,85;;;6
HU-P40L5-CFR-COM;Huawei;P40 lite 5G;Cámara frontal;Compatible;3,35;;;6
HU-P40L5-LEN-COM;Huawei;P40 lite 5G;Lente de cámara;Compatible;1,95;;;6
HU-P40L5-ALT-COM;Huawei;P40 lite 5G;Altavoz;Compatible;3,05;;;6
HU-P40L5-AUR-COM;Huawei;P40 lite 5G;Auricular de llamada;Compatible;2,29;;;6
HU-P40L5-FLX-COM;Huawei;P40 lite 5G;Flex de encendido y volumen;Compatible;2,19;;;6
HU-P40L5-SIM-COM;Huawei;P40 lite 5G;Bandeja SIM;Compatible;2,65;;;6
HU-P50P-PAN-ORI;Huawei;P50 Pro;Pantalla;Original;90,45;87,74;85,02;12
HU-P50P-PAN-INC;Huawei;P50 Pro;Pantalla;Incell;26,75;25,95;25,15;6
HU-P50P-BAT-COM;Huawei;P50 Pro;Batería;Compatible;7,65;;;6
HU-P50P-CON-COM;Huawei;P50 Pro;Conector de carga;Compatible;5,30;;;6
HU-P50P-TAP-COM;Huawei;P50 Pro;Tapa trasera;Compatible;6,39;;;6
HU-P50P-CTR-COM;Huawei;P50 Pro;Cámara trasera;Compatible;8,90;;;6
HU-P50P-CFR-COM;Huawei;P50 Pro;Cámara frontal;Compatible;4,45;;;6
HU-P50P-LEN-COM;Huawei;P50 Pro;Lente de cámara;Compatible;2,70;;;6
HU-P50P-ALT-COM;Huawei;P50 Pro;Altavoz;Compatible;3,85;;;6
HU-P50P-AUR-COM;Huawei;P50 Pro;Auricular de llamada;Compatible;3,10;;;6
HU-P50P-FLX-COM;Huawei;P50 Pro;Flex de encendido y volumen;Compatible;3,09;;;6
HU-P50P-SIM-COM;Huawei;P50 Pro;Bandeja SIM;Compatible;3,30;;;6
HU-P50PK-PAN-ORI;Huawei;P50 Pocket;Pantalla;Original;149,15;144,68;140,20;12
HU-P50PK-PAN-COM;Huawei;P50 Pocket;Pantalla;Compatible;86,00;83,42;80,84;6
HU-P50PK-PAN-ORI-EXT;Huawei;P50 Pocket;Pantalla exterior;Original;56,99;55,28;53,57;12
HU-P50PK-PAN-COM-EXT;Huawei;P50 Pocket;Pantalla exterior;Compatible;16,40;15,91;15,42;6
HU-P50PK-BAT-COM;Huawei;P50 Pocket;Batería;Compatible;7,69;;;6
HU-P50PK-CON-COM;Huawei;P50 Pocket;Conector de carga;Compatible;4,89;;;6
HU-P50PK-TAP-COM;Huawei;P50 Pocket;Tapa trasera;Compatible;5,95;;;6
HU-P50PK-CTR-COM;Huawei;P50 Pocket;Cámara trasera;Compatible;8,05;;;6
HU-P50PK-CFR-COM;Huawei;P50 Pocket;Cámara frontal;Compatible;4,19;;;6
HU-P50PK-LEN-COM;Huawei;P50 Pocket;Lente de cámara;Compatible;2,55;;;6
HU-P50PK-ALT-COM;Huawei;P50 Pocket;Altavoz;Compatible;3,55;;;6
HU-P50PK-AUR-COM;Huawei;P50 Pocket;Auricular de llamada;Compatible;2,89;;;6
HU-P50PK-FLX-COM;Huawei;P50 Pocket;Flex de encendido y volumen;Compatible;2,79;;;6
HU-P50PK-SIM-COM;Huawei;P50 Pocket;Bandeja SIM;Compatible;3,15;;;6
HU-P60P-PAN-ORI;Huawei;P60 Pro;Pantalla;Original;93,35;90,55;87,75;12
HU-P60P-PAN-INC;Huawei;P60 Pro;Pantalla;Incell;28,50;27,65;26,79;6
HU-P60P-BAT-COM;Huawei;P60 Pro;Batería;Compatible;8,55;;;6
HU-P60P-CON-COM;Huawei;P60 Pro;Conector de carga;Compatible;6,05;;;6
HU-P60P-TAP-COM;Huawei;P60 Pro;Tapa trasera;Compatible;7,15;;;6
HU-P60P-CTR-COM;Huawei;P60 Pro;Cámara trasera;Compatible;12,49;12,12;11,74;6
HU-P60P-CFR-COM;Huawei;P60 Pro;Cámara frontal;Compatible;6,50;;;6
HU-P60P-LEN-COM;Huawei;P60 Pro;Lente de cámara;Compatible;2,85;;;6
HU-P60P-ALT-COM;Huawei;P60 Pro;Altavoz;Compatible;4,15;;;6
HU-P60P-AUR-COM;Huawei;P60 Pro;Auricular de llamada;Compatible;3,40;;;6
HU-P60P-FLX-COM;Huawei;P60 Pro;Flex de encendido y volumen;Compatible;3,75;;;6
HU-P60P-SIM-COM;Huawei;P60 Pro;Bandeja SIM;Compatible;3,25;;;6
HU-PU70-PAN-ORI;Huawei;Pura 70;Pantalla;Original;61,05;59,22;57,39;12
HU-PU70-PAN-INC;Huawei;Pura 70;Pantalla;Incell;19,69;19,10;18,51;6
HU-PU70-BAT-COM;Huawei;Pura 70;Batería;Compatible;8,59;;;6
HU-PU70-CON-COM;Huawei;Pura 70;Conector de carga;Compatible;4,65;;;6
HU-PU70-TAP-COM;Huawei;Pura 70;Tapa trasera;Compatible;6,10;;;6
HU-PU70-CTR-COM;Huawei;Pura 70;Cámara trasera;Compatible;9,80;;;6
HU-PU70-CFR-COM;Huawei;Pura 70;Cámara frontal;Compatible;5,10;;;6
HU-PU70-LEN-COM;Huawei;Pura 70;Lente de cámara;Compatible;2,50;;;6
HU-PU70-ALT-COM;Huawei;Pura 70;Altavoz;Compatible;3,75;;;6
HU-PU70-AUR-COM;Huawei;Pura 70;Auricular de llamada;Compatible;3,10;;;6
HU-PU70-FLX-COM;Huawei;Pura 70;Flex de encendido y volumen;Compatible;3,45;;;6
HU-PU70-SIM-COM;Huawei;Pura 70;Bandeja SIM;Compatible;2,90;;;6
HU-PU70P-PAN-ORI;Huawei;Pura 70 Pro;Pantalla;Original;95,55;92,68;89,82;12
HU-PU70P-PAN-INC;Huawei;Pura 70 Pro;Pantalla;Incell;28,35;27,50;26,65;6
HU-PU70P-BAT-COM;Huawei;Pura 70 Pro;Batería;Compatible;8,59;;;6
HU-PU70P-CON-COM;Huawei;Pura 70 Pro;Conector de carga;Compatible;6,25;;;6
HU-PU70P-TAP-COM;Huawei;Pura 70 Pro;Tapa trasera;Compatible;7,50;;;6
HU-PU70P-CTR-COM;Huawei;Pura 70 Pro;Cámara trasera;Compatible;12,29;11,92;11,55;6
HU-PU70P-CFR-COM;Huawei;Pura 70 Pro;Cámara frontal;Compatible;6,39;;;6
HU-PU70P-LEN-COM;Huawei;Pura 70 Pro;Lente de cámara;Compatible;2,90;;;6
HU-PU70P-ALT-COM;Huawei;Pura 70 Pro;Altavoz;Compatible;4,25;;;6
HU-PU70P-AUR-COM;Huawei;Pura 70 Pro;Auricular de llamada;Compatible;3,40;;;6
HU-PU70P-FLX-COM;Huawei;Pura 70 Pro;Flex de encendido y volumen;Compatible;3,75;;;6
HU-PU70P-SIM-COM;Huawei;Pura 70 Pro;Bandeja SIM;Compatible;3,15;;;6
HU-PU70U-PAN-ORI;Huawei;Pura 70 Ultra;Pantalla;Original;128,65;124,79;120,93;12
HU-PU70U-PAN-INC;Huawei;Pura 70 Ultra;Pantalla;Incell;31,20;30,26;29,33;6
HU-PU70U-BAT-COM;Huawei;Pura 70 Ultra;Batería;Compatible;8,59;;;6
HU-PU70U-CON-COM;Huawei;Pura 70 Ultra;Conector de carga;Compatible;6,25;;;6
HU-PU70U-TAP-COM;Huawei;Pura 70 Ultra;Tapa trasera;Compatible;7,50;;;6
HU-PU70U-CTR-COM;Huawei;Pura 70 Ultra;Cámara trasera;Compatible;12,29;11,92;11,55;6
HU-PU70U-CFR-COM;Huawei;Pura 70 Ultra;Cámara frontal;Compatible;6,39;;;6
HU-PU70U-LEN-COM;Huawei;Pura 70 Ultra;Lente de cámara;Compatible;2,90;;;6
HU-PU70U-ALT-COM;Huawei;Pura 70 Ultra;Altavoz;Compatible;4,25;;;6
HU-PU70U-AUR-COM;Huawei;Pura 70 Ultra;Auricular de llamada;Compatible;3,40;;;6
HU-PU70U-FLX-COM;Huawei;Pura 70 Ultra;Flex de encendido y volumen;Compatible;3,75;;;6
HU-PU70U-SIM-COM;Huawei;Pura 70 Ultra;Bandeja SIM;Compatible;3,15;;;6
HU-PS19-PAN-ORI;Huawei;P smart 2019;Pantalla;Original;24,09;23,37;22,64;12
HU-PS19-PAN-COM;Huawei;P smart 2019;Pantalla;Compatible;12,20;11,83;11,47;6
HU-PS19-BAT-COM;Huawei;P smart 2019;Batería;Compatible;7,75;;;6
HU-PS19-CON-COM;Huawei;P smart 2019;Conector de carga;Compatible;3,70;;;6
HU-PS19-TAP-COM-NEG;Huawei;P smart 2019;Tapa trasera;Negro (Midnight Black);4,69;;;6
HU-PS19-TAP-COM-AZU;Huawei;P smart 2019;Tapa trasera;Azul (Aurora Blue);4,69;;;6
HU-PS19-TAP-COM-ASA;Huawei;P smart 2019;Tapa trasera;Azul (Sapphire Blue);4,69;;;6
HU-PS19-CTR-COM;Huawei;P smart 2019;Cámara trasera;Compatible;6,00;;;6
HU-PS19-CFR-COM;Huawei;P smart 2019;Cámara frontal;Compatible;3,99;;;6
HU-PS19-LEN-COM;Huawei;P smart 2019;Lente de cámara;Compatible;2,05;;;6
HU-PS19-ALT-COM;Huawei;P smart 2019;Altavoz;Compatible;3,35;;;6
HU-PS19-AUR-COM;Huawei;P smart 2019;Auricular de llamada;Compatible;2,55;;;6
HU-PS19-FLX-COM;Huawei;P smart 2019;Flex de encendido y volumen;Compatible;2,40;;;6
HU-PS19-SIM-COM;Huawei;P smart 2019;Bandeja SIM;Compatible;2,65;;;6
HU-PSPL19-PAN-ORI;Huawei;P smart+ 2019;Pantalla;Original;24,09;23,37;22,64;12
HU-PSPL19-PAN-COM;Huawei;P smart+ 2019;Pantalla;Compatible;12,19;11,82;11,46;6
HU-PSPL19-BAT-COM;Huawei;P smart+ 2019;Batería;Compatible;7,75;;;6
HU-PSPL19-CON-COM;Huawei;P smart+ 2019;Conector de carga;Compatible;3,70;;;6
HU-PSPL19-TAP-COM;Huawei;P smart+ 2019;Tapa trasera;Compatible;4,69;;;6
HU-PSPL19-CTR-COM;Huawei;P smart+ 2019;Cámara trasera;Compatible;6,00;;;6
HU-PSPL19-CFR-COM;Huawei;P smart+ 2019;Cámara frontal;Compatible;3,99;;;6
HU-PSPL19-LEN-COM;Huawei;P smart+ 2019;Lente de cámara;Compatible;2,05;;;6
HU-PSPL19-ALT-COM;Huawei;P smart+ 2019;Altavoz;Compatible;3,35;;;6
HU-PSPL19-AUR-COM;Huawei;P smart+ 2019;Auricular de llamada;Compatible;2,55;;;6
HU-PSPL19-FLX-COM;Huawei;P smart+ 2019;Flex de encendido y volumen;Compatible;2,40;;;6
HU-PSPL19-SIM-COM;Huawei;P smart+ 2019;Bandeja SIM;Compatible;2,65;;;6
HU-PSZ-PAN-ORI;Huawei;P smart Z;Pantalla;Original;24,09;23,37;22,64;12
HU-PSZ-PAN-COM;Huawei;P smart Z;Pantalla;Compatible;12,19;11,82;11,46;6
HU-PSZ-BAT-COM;Huawei;P smart Z;Batería;Compatible;7,75;;;6
HU-PSZ-CON-COM;Huawei;P smart Z;Conector de carga;Compatible;3,70;;;6
HU-PSZ-TAP-COM-NEG;Huawei;P smart Z;Tapa trasera;Negro (Midnight Black);4,69;;;6
HU-PSZ-TAP-COM-AZU;Huawei;P smart Z;Tapa trasera;Azul (Sapphire Blue);4,69;;;6
HU-PSZ-TAP-COM-VER;Huawei;P smart Z;Tapa trasera;Verde (Emerald Green);4,69;;;6
HU-PSZ-CTR-COM;Huawei;P smart Z;Cámara trasera;Compatible;6,00;;;6
HU-PSZ-CFR-COM;Huawei;P smart Z;Cámara frontal;Compatible;3,99;;;6
HU-PSZ-LEN-COM;Huawei;P smart Z;Lente de cámara;Compatible;2,05;;;6
HU-PSZ-ALT-COM;Huawei;P smart Z;Altavoz;Compatible;3,35;;;6
HU-PSZ-AUR-COM;Huawei;P smart Z;Auricular de llamada;Compatible;2,55;;;6
HU-PSZ-FLX-COM;Huawei;P smart Z;Flex de encendido y volumen;Compatible;2,40;;;6
HU-PSZ-SIM-COM;Huawei;P smart Z;Bandeja SIM;Compatible;2,65;;;6
HU-PS20-PAN-ORI;Huawei;P smart 2020;Pantalla;Original;24,09;23,37;22,64;12
HU-PS20-PAN-COM;Huawei;P smart 2020;Pantalla;Compatible;12,19;11,82;11,46;6
HU-PS20-BAT-COM;Huawei;P smart 2020;Batería;Compatible;7,75;;;6
HU-PS20-CON-COM;Huawei;P smart 2020;Conector de carga;Compatible;3,70;;;6
HU-PS20-TAP-COM-AZU;Huawei;P smart 2020;Tapa trasera;Azul;4,69;;;6
HU-PS20-TAP-COM-NEG;Huawei;P smart 2020;Tapa trasera;Negro;4,69;;;6
HU-PS20-TAP-COM-VER;Huawei;P smart 2020;Tapa trasera;Verde;4,69;;;6
HU-PS20-CTR-COM;Huawei;P smart 2020;Cámara trasera;Compatible;6,00;;;6
HU-PS20-CFR-COM;Huawei;P smart 2020;Cámara frontal;Compatible;3,99;;;6
HU-PS20-LEN-COM;Huawei;P smart 2020;Lente de cámara;Compatible;2,05;;;6
HU-PS20-ALT-COM;Huawei;P smart 2020;Altavoz;Compatible;3,35;;;6
HU-PS20-AUR-COM;Huawei;P smart 2020;Auricular de llamada;Compatible;2,55;;;6
HU-PS20-FLX-COM;Huawei;P smart 2020;Flex de encendido y volumen;Compatible;2,40;;;6
HU-PS20-SIM-COM;Huawei;P smart 2020;Bandeja SIM;Compatible;2,65;;;6
HU-PSP-PAN-ORI;Huawei;P smart Pro;Pantalla;Original;26,50;25,71;24,91;12
HU-PSP-PAN-COM;Huawei;P smart Pro;Pantalla;Compatible;12,95;12,56;12,17;6
HU-PSP-BAT-COM;Huawei;P smart Pro;Batería;Compatible;7,19;;;6
HU-PSP-CON-COM;Huawei;P smart Pro;Conector de carga;Compatible;3,55;;;6
HU-PSP-TAP-COM;Huawei;P smart Pro;Tapa trasera;Compatible;4,79;;;6
HU-PSP-CTR-COM;Huawei;P smart Pro;Cámara trasera;Compatible;5,45;;;6
HU-PSP-CFR-COM;Huawei;P smart Pro;Cámara frontal;Compatible;2,95;;;6
HU-PSP-LEN-COM;Huawei;P smart Pro;Lente de cámara;Compatible;2,05;;;6
HU-PSP-ALT-COM;Huawei;P smart Pro;Altavoz;Compatible;3,05;;;6
HU-PSP-AUR-COM;Huawei;P smart Pro;Auricular de llamada;Compatible;2,30;;;6
HU-PSP-FLX-COM;Huawei;P smart Pro;Flex de encendido y volumen;Compatible;2,25;;;6
HU-PSP-SIM-COM;Huawei;P smart Pro;Bandeja SIM;Compatible;2,75;;;6
HU-PSS-PAN-ORI;Huawei;P smart S;Pantalla;Original;42,85;41,56;40,28;12
HU-PSS-PAN-INC;Huawei;P smart S;Pantalla;Incell;15,09;14,64;14,18;6
HU-PSS-BAT-COM;Huawei;P smart S;Batería;Compatible;6,65;;;6
HU-PSS-CON-COM;Huawei;P smart S;Conector de carga;Compatible;3,55;;;6
HU-PSS-TAP-COM-NAC;Huawei;P smart S;Tapa trasera;Nácar;4,79;;;6
HU-PSS-TAP-COM-NEG;Huawei;P smart S;Tapa trasera;Negro;4,79;;;6
HU-PSS-CTR-COM;Huawei;P smart S;Cámara trasera;Compatible;4,90;;;6
HU-PSS-CFR-COM;Huawei;P smart S;Cámara frontal;Compatible;2,95;;;6
HU-PSS-LEN-COM;Huawei;P smart S;Lente de cámara;Compatible;2,05;;;6
HU-PSS-ALT-COM;Huawei;P smart S;Altavoz;Compatible;3,05;;;6
HU-PSS-AUR-COM;Huawei;P smart S;Auricular de llamada;Compatible;2,30;;;6
HU-PSS-FLX-COM;Huawei;P smart S;Flex de encendido y volumen;Compatible;2,25;;;6
HU-PSS-SIM-COM;Huawei;P smart S;Bandeja SIM;Compatible;2,75;;;6
HU-PS21-PAN-ORI;Huawei;P smart 2021;Pantalla;Original;26,50;25,71;24,91;12
HU-PS21-PAN-COM;Huawei;P smart 2021;Pantalla;Compatible;9,45;;;6
HU-PS21-BAT-COM;Huawei;P smart 2021;Batería;Compatible;6,65;;;6
HU-PS21-CON-COM;Huawei;P smart 2021;Conector de carga;Compatible;3,59;;;6
HU-PS21-TAP-COM-NEG;Huawei;P smart 2021;Tapa trasera;Negro (Midnight Black);4,79;;;6
HU-PS21-TAP-COM-VER;Huawei;P smart 2021;Tapa trasera;Verde (Crush Green);4,79;;;6
HU-PS21-TAP-COM-DOR;Huawei;P smart 2021;Tapa trasera;Dorado (Blush Gold);4,79;;;6
HU-PS21-CTR-COM;Huawei;P smart 2021;Cámara trasera;Compatible;3,90;;;6
HU-PS21-CFR-COM;Huawei;P smart 2021;Cámara frontal;Compatible;2,09;;;6
HU-PS21-LEN-COM;Huawei;P smart 2021;Lente de cámara;Compatible;2,05;;;6
HU-PS21-ALT-COM;Huawei;P smart 2021;Altavoz;Compatible;3,05;;;6
HU-PS21-AUR-COM;Huawei;P smart 2021;Auricular de llamada;Compatible;2,30;;;6
HU-PS21-FLX-COM;Huawei;P smart 2021;Flex de encendido y volumen;Compatible;2,25;;;6
HU-PS21-SIM-COM;Huawei;P smart 2021;Bandeja SIM;Compatible;2,75;;;6
HU-M20L-PAN-ORI;Huawei;Mate 20 lite;Pantalla;Original;30,00;29,10;28,20;12
HU-M20L-PAN-COM;Huawei;Mate 20 lite;Pantalla;Compatible;13,85;13,43;13,02;6
HU-M20L-BAT-COM;Huawei;Mate 20 lite;Batería;Compatible;8,40;;;6
HU-M20L-CON-COM;Huawei;Mate 20 lite;Conector de carga;Compatible;4,55;;;6
HU-M20L-TAP-COM-NEG;Huawei;Mate 20 lite;Tapa trasera;Negro;5,25;;;6
HU-M20L-TAP-COM-AZU;Huawei;Mate 20 lite;Tapa trasera;Azul (Sapphire Blue);5,25;;;6
HU-M20L-TAP-COM-DOR;Huawei;Mate 20 lite;Tapa trasera;Dorado (Platinum Gold);5,25;;;6
HU-M20L-CTR-COM;Huawei;Mate 20 lite;Cámara trasera;Compatible;7,05;;;6
HU-M20L-CFR-COM;Huawei;Mate 20 lite;Cámara frontal;Compatible;4,49;;;6
HU-M20L-LEN-COM;Huawei;Mate 20 lite;Lente de cámara;Compatible;1,99;;;6
HU-M20L-ALT-COM;Huawei;Mate 20 lite;Altavoz;Compatible;3,40;;;6
HU-M20L-AUR-COM;Huawei;Mate 20 lite;Auricular de llamada;Compatible;2,50;;;6
HU-M20L-FLX-COM;Huawei;Mate 20 lite;Flex de encendido y volumen;Compatible;2,35;;;6
HU-M20L-SIM-COM;Huawei;Mate 20 lite;Bandeja SIM;Compatible;2,50;;;6
HU-M20-PAN-ORI;Huawei;Mate 20;Pantalla;Original;33,25;32,25;31,26;12
HU-M20-PAN-COM;Huawei;Mate 20;Pantalla;Compatible;14,79;14,35;13,90;6
HU-M20-BAT-COM;Huawei;Mate 20;Batería;Compatible;8,85;;;6
HU-M20-CON-COM;Huawei;Mate 20;Conector de carga;Compatible;4,25;;;6
HU-M20-TAP-COM-TWI;Huawei;Mate 20;Tapa trasera;Twilight;5,30;;;6
HU-M20-TAP-COM-AZU;Huawei;Mate 20;Tapa trasera;Azul (Midnight Blue);5,30;;;6
HU-M20-TAP-COM-NEG;Huawei;Mate 20;Tapa trasera;Negro;5,30;;;6
HU-M20-TAP-COM-VER;Huawei;Mate 20;Tapa trasera;Verde (Emerald Green);5,30;;;6
HU-M20-TAP-COM-ORO;Huawei;Mate 20;Tapa trasera;Oro rosa;5,30;;;6
HU-M20-CTR-COM;Huawei;Mate 20;Cámara trasera;Compatible;8,59;;;6
HU-M20-CFR-COM;Huawei;Mate 20;Cámara frontal;Compatible;4,75;;;6
HU-M20-LEN-COM;Huawei;Mate 20;Lente de cámara;Compatible;2,39;;;6
HU-M20-ALT-COM;Huawei;Mate 20;Altavoz;Compatible;3,75;;;6
HU-M20-AUR-COM;Huawei;Mate 20;Auricular de llamada;Compatible;3,15;;;6
HU-M20-FLX-COM;Huawei;Mate 20;Flex de encendido y volumen;Compatible;3,05;;;6
HU-M20-SIM-COM;Huawei;Mate 20;Bandeja SIM;Compatible;2,90;;;6
HU-M20P-PAN-ORI;Huawei;Mate 20 Pro;Pantalla;Original;84,15;81,63;79,10;12
HU-M20P-PAN-INC;Huawei;Mate 20 Pro;Pantalla;Incell;24,85;24,10;23,36;6
HU-M20P-BAT-COM;Huawei;Mate 20 Pro;Batería;Compatible;8,85;;;6
HU-M20P-CON-COM;Huawei;Mate 20 Pro;Conector de carga;Compatible;5,75;;;6
HU-M20P-TAP-COM-TWI;Huawei;Mate 20 Pro;Tapa trasera;Twilight;6,55;;;6
HU-M20P-TAP-COM-VER;Huawei;Mate 20 Pro;Tapa trasera;Verde (Emerald Green);6,55;;;6
HU-M20P-TAP-COM-AZU;Huawei;Mate 20 Pro;Tapa trasera;Azul (Midnight Blue);6,55;;;6
HU-M20P-TAP-COM-NEG;Huawei;Mate 20 Pro;Tapa trasera;Negro;6,55;;;6
HU-M20P-TAP-COM-ORO;Huawei;Mate 20 Pro;Tapa trasera;Oro rosa;6,55;;;6
HU-M20P-CTR-COM;Huawei;Mate 20 Pro;Cámara trasera;Compatible;10,75;10,43;10,10;6
HU-M20P-CFR-COM;Huawei;Mate 20 Pro;Cámara frontal;Compatible;5,95;;;6
HU-M20P-LEN-COM;Huawei;Mate 20 Pro;Lente de cámara;Compatible;2,75;;;6
HU-M20P-ALT-COM;Huawei;Mate 20 Pro;Altavoz;Compatible;4,30;;;6
HU-M20P-AUR-COM;Huawei;Mate 20 Pro;Auricular de llamada;Compatible;3,45;;;6
HU-M20P-FLX-COM;Huawei;Mate 20 Pro;Flex de encendido y volumen;Compatible;3,35;;;6
HU-M20P-SIM-COM;Huawei;Mate 20 Pro;Bandeja SIM;Compatible;3,15;;;6
HU-M20X-PAN-ORI;Huawei;Mate 20 X;Pantalla;Original;84,15;81,63;79,10;12
HU-M20X-PAN-INC;Huawei;Mate 20 X;Pantalla;Incell;24,85;24,10;23,36;6
HU-M20X-BAT-COM;Huawei;Mate 20 X;Batería;Compatible;8,69;;;6
HU-M20X-CON-COM;Huawei;Mate 20 X;Conector de carga;Compatible;5,75;;;6
HU-M20X-TAP-COM;Huawei;Mate 20 X;Tapa trasera;Compatible;6,55;;;6
HU-M20X-CTR-COM;Huawei;Mate 20 X;Cámara trasera;Compatible;10,75;10,43;10,10;6
HU-M20X-CFR-COM;Huawei;Mate 20 X;Cámara frontal;Compatible;5,95;;;6
HU-M20X-LEN-COM;Huawei;Mate 20 X;Lente de cámara;Compatible;2,75;;;6
HU-M20X-ALT-COM;Huawei;Mate 20 X;Altavoz;Compatible;4,30;;;6
HU-M20X-AUR-COM;Huawei;Mate 20 X;Auricular de llamada;Compatible;3,45;;;6
HU-M20X-FLX-COM;Huawei;Mate 20 X;Flex de encendido y volumen;Compatible;3,35;;;6
HU-M20X-SIM-COM;Huawei;Mate 20 X;Bandeja SIM;Compatible;3,15;;;6
HU-M30P-PAN-ORI;Huawei;Mate 30 Pro;Pantalla;Original;92,59;89,81;87,03;12
HU-M30P-PAN-INC;Huawei;Mate 30 Pro;Pantalla;Incell;26,35;25,56;24,77;6
HU-M30P-BAT-COM;Huawei;Mate 30 Pro;Batería;Compatible;8,20;;;6
HU-M30P-CON-COM;Huawei;Mate 30 Pro;Conector de carga;Compatible;5,49;;;6
HU-M30P-TAP-COM-NEG;Huawei;Mate 30 Pro;Tapa trasera;Negro;6,69;;;6
HU-M30P-TAP-COM-PLA;Huawei;Mate 30 Pro;Tapa trasera;Plata espacial;6,69;;;6
HU-M30P-TAP-COM-PUR;Huawei;Mate 30 Pro;Tapa trasera;Púrpura cósmico;6,69;;;6
HU-M30P-TAP-COM-VER;Huawei;Mate 30 Pro;Tapa trasera;Verde esmeralda;6,69;;;6
HU-M30P-CTR-COM;Huawei;Mate 30 Pro;Cámara trasera;Compatible;8,75;;;6
HU-M30P-CFR-COM;Huawei;Mate 30 Pro;Cámara frontal;Compatible;4,35;;;6
HU-M30P-LEN-COM;Huawei;Mate 30 Pro;Lente de cámara;Compatible;2,79;;;6
HU-M30P-ALT-COM;Huawei;Mate 30 Pro;Altavoz;Compatible;3,95;;;6
HU-M30P-AUR-COM;Huawei;Mate 30 Pro;Auricular de llamada;Compatible;3,10;;;6
HU-M30P-FLX-COM;Huawei;Mate 30 Pro;Flex de encendido y volumen;Compatible;3,09;;;6
HU-M30P-SIM-COM;Huawei;Mate 30 Pro;Bandeja SIM;Compatible;3,20;;;6
HU-M40P-PAN-ORI;Huawei;Mate 40 Pro;Pantalla;Original;92,59;89,81;87,03;12
HU-M40P-PAN-INC;Huawei;Mate 40 Pro;Pantalla;Incell;26,35;25,56;24,77;6
HU-M40P-BAT-COM;Huawei;Mate 40 Pro;Batería;Compatible;7,59;;;6
HU-M40P-CON-COM;Huawei;Mate 40 Pro;Conector de carga;Compatible;5,49;;;6
HU-M40P-TAP-COM-PLA;Huawei;Mate 40 Pro;Tapa trasera;Plata místico;6,69;;;6
HU-M40P-TAP-COM-BLA;Huawei;Mate 40 Pro;Tapa trasera;Blanco;6,69;;;6
HU-M40P-TAP-COM-NEG;Huawei;Mate 40 Pro;Tapa trasera;Negro;6,69;;;6
HU-M40P-TAP-COM-VER;Huawei;Mate 40 Pro;Tapa trasera;Verde;6,69;;;6
HU-M40P-TAP-COM-AMA;Huawei;Mate 40 Pro;Tapa trasera;Amarillo;6,69;;;6
HU-M40P-CTR-COM;Huawei;Mate 40 Pro;Cámara trasera;Compatible;8,75;;;6
HU-M40P-CFR-COM;Huawei;Mate 40 Pro;Cámara frontal;Compatible;4,35;;;6
HU-M40P-LEN-COM;Huawei;Mate 40 Pro;Lente de cámara;Compatible;2,79;;;6
HU-M40P-ALT-COM;Huawei;Mate 40 Pro;Altavoz;Compatible;3,95;;;6
HU-M40P-AUR-COM;Huawei;Mate 40 Pro;Auricular de llamada;Compatible;3,10;;;6
HU-M40P-FLX-COM;Huawei;Mate 40 Pro;Flex de encendido y volumen;Compatible;3,09;;;6
HU-M40P-SIM-COM;Huawei;Mate 40 Pro;Bandeja SIM;Compatible;3,20;;;6
HU-M50P-PAN-ORI;Huawei;Mate 50 Pro;Pantalla;Original;95,55;92,68;89,82;12
HU-M50P-PAN-INC;Huawei;Mate 50 Pro;Pantalla;Incell;28,05;27,21;26,37;6
HU-M50P-BAT-COM;Huawei;Mate 50 Pro;Batería;Compatible;8,45;;;6
HU-M50P-CON-COM;Huawei;Mate 50 Pro;Conector de carga;Compatible;6,25;;;6
HU-M50P-TAP-COM-NEG;Huawei;Mate 50 Pro;Tapa trasera;Negro;7,50;;;6
HU-M50P-TAP-COM-GRI;Huawei;Mate 50 Pro;Tapa trasera;Gris;7,50;;;6
HU-M50P-CTR-COM;Huawei;Mate 50 Pro;Cámara trasera;Compatible;12,29;11,92;11,55;6
HU-M50P-CFR-COM;Huawei;Mate 50 Pro;Cámara frontal;Compatible;6,39;;;6
HU-M50P-LEN-COM;Huawei;Mate 50 Pro;Lente de cámara;Compatible;2,90;;;6
HU-M50P-ALT-COM;Huawei;Mate 50 Pro;Altavoz;Compatible;4,25;;;6
HU-M50P-AUR-COM;Huawei;Mate 50 Pro;Auricular de llamada;Compatible;3,40;;;6
HU-M50P-FLX-COM;Huawei;Mate 50 Pro;Flex de encendido y volumen;Compatible;3,75;;;6
HU-M50P-SIM-COM;Huawei;Mate 50 Pro;Bandeja SIM;Compatible;3,15;;;6
HU-MX3-PAN-ORI;Huawei;Mate X3;Pantalla;Original;261,80;253,95;246,09;12
HU-MX3-PAN-COM;Huawei;Mate X3;Pantalla;Compatible;149,80;145,31;140,81;6
HU-MX3-PAN-ORI-EXT;Huawei;Mate X3;Pantalla exterior;Original;83,19;80,69;78,20;12
HU-MX3-PAN-COM-EXT;Huawei;Mate X3;Pantalla exterior;Compatible;24,69;23,95;23,21;6
HU-MX3-BAT-COM;Huawei;Mate X3;Batería;Compatible;8,45;;;6
HU-MX3-CON-COM;Huawei;Mate X3;Conector de carga;Compatible;9,59;;;6
HU-MX3-TAP-COM-NEG;Huawei;Mate X3;Tapa trasera;Negro;10,70;10,38;10,06;6
HU-MX3-TAP-COM-BLA;Huawei;Mate X3;Tapa trasera;Blanco;10,70;10,38;10,06;6
HU-MX3-TAP-COM-VIO;Huawei;Mate X3;Tapa trasera;Violeta;10,70;10,38;10,06;6
HU-MX3-TAP-COM-VER;Huawei;Mate X3;Tapa trasera;Verde oscuro;10,70;10,38;10,06;6
HU-MX3-TAP-COM-DOR;Huawei;Mate X3;Tapa trasera;Dorado;10,70;10,38;10,06;6
HU-MX3-CTR-COM;Huawei;Mate X3;Cámara trasera;Compatible;18,65;18,09;17,53;6
HU-MX3-CFR-COM;Huawei;Mate X3;Cámara frontal;Compatible;8,55;;;6
HU-MX3-LEN-COM;Huawei;Mate X3;Lente de cámara;Compatible;4,25;;;6
HU-MX3-ALT-COM;Huawei;Mate X3;Altavoz;Compatible;6,59;;;6
HU-MX3-AUR-COM;Huawei;Mate X3;Auricular de llamada;Compatible;5,00;;;6
HU-MX3-FLX-COM;Huawei;Mate X3;Flex de encendido y volumen;Compatible;5,49;;;6
HU-MX3-SIM-COM;Huawei;Mate X3;Bandeja SIM;Compatible;4,70;;;6
HU-MX6-PAN-ORI;Huawei;Mate X6;Pantalla;Original;261,80;253,95;246,09;12
HU-MX6-PAN-COM;Huawei;Mate X6;Pantalla;Compatible;149,80;145,31;140,81;6
HU-MX6-PAN-ORI-EXT;Huawei;Mate X6;Pantalla exterior;Original;83,19;80,69;78,20;12
HU-MX6-PAN-COM-EXT;Huawei;Mate X6;Pantalla exterior;Compatible;24,69;23,95;23,21;6
HU-MX6-BAT-COM;Huawei;Mate X6;Batería;Compatible;8,45;;;6
HU-MX6-CON-COM;Huawei;Mate X6;Conector de carga;Compatible;9,59;;;6
HU-MX6-TAP-COM-ROJ;Huawei;Mate X6;Tapa trasera;Rojo nebulosa;10,70;10,38;10,06;6
HU-MX6-TAP-COM-NEG;Huawei;Mate X6;Tapa trasera;Negro;10,70;10,38;10,06;6
HU-MX6-CTR-COM;Huawei;Mate X6;Cámara trasera;Compatible;18,65;18,09;17,53;6
HU-MX6-CFR-COM;Huawei;Mate X6;Cámara frontal;Compatible;8,55;;;6
HU-MX6-LEN-COM;Huawei;Mate X6;Lente de cámara;Compatible;4,25;;;6
HU-MX6-ALT-COM;Huawei;Mate X6;Altavoz;Compatible;6,59;;;6
HU-MX6-AUR-COM;Huawei;Mate X6;Auricular de llamada;Compatible;5,00;;;6
HU-MX6-FLX-COM;Huawei;Mate X6;Flex de encendido y volumen;Compatible;5,49;;;6
HU-MX6-SIM-COM;Huawei;Mate X6;Bandeja SIM;Compatible;4,70;;;6
HU-N5T-PAN-ORI;Huawei;nova 5T;Pantalla;Original;30,00;29,10;28,20;12
HU-N5T-PAN-COM;Huawei;nova 5T;Pantalla;Compatible;15,35;14,89;14,43;6
HU-N5T-BAT-COM;Huawei;nova 5T;Batería;Compatible;8,40;;;6
HU-N5T-CON-COM;Huawei;nova 5T;Conector de carga;Compatible;4,55;;;6
HU-N5T-TAP-COM-NEG;Huawei;nova 5T;Tapa trasera;Negro;5,25;;;6
HU-N5T-TAP-COM-AZU;Huawei;nova 5T;Tapa trasera;Azul (Crush Blue);5,25;;;6
HU-N5T-TAP-COM-VER;Huawei;nova 5T;Tapa trasera;Verde (Crush Green);5,25;;;6
HU-N5T-TAP-COM-MOR;Huawei;nova 5T;Tapa trasera;Morado (Midsummer Purple);5,25;;;6
HU-N5T-CTR-COM;Huawei;nova 5T;Cámara trasera;Compatible;7,05;;;6
HU-N5T-CFR-COM;Huawei;nova 5T;Cámara frontal;Compatible;4,49;;;6
HU-N5T-LEN-COM;Huawei;nova 5T;Lente de cámara;Compatible;1,99;;;6
HU-N5T-ALT-COM;Huawei;nova 5T;Altavoz;Compatible;3,40;;;6
HU-N5T-AUR-COM;Huawei;nova 5T;Auricular de llamada;Compatible;2,50;;;6
HU-N5T-FLX-COM;Huawei;nova 5T;Flex de encendido y volumen;Compatible;2,35;;;6
HU-N5T-SIM-COM;Huawei;nova 5T;Bandeja SIM;Compatible;2,50;;;6
HU-N9-PAN-ORI;Huawei;nova 9;Pantalla;Original;53,35;51,75;50,15;12
HU-N9-PAN-INC;Huawei;nova 9;Pantalla;Incell;18,99;18,42;17,85;6
HU-N9-BAT-COM;Huawei;nova 9;Batería;Compatible;7,19;;;6
HU-N9-CON-COM;Huawei;nova 9;Conector de carga;Compatible;4,35;;;6
HU-N9-TAP-COM;Huawei;nova 9;Tapa trasera;Compatible;5,35;;;6
HU-N9-CTR-COM;Huawei;nova 9;Cámara trasera;Compatible;5,75;;;6
HU-N9-CFR-COM;Huawei;nova 9;Cámara frontal;Compatible;3,29;;;6
HU-N9-LEN-COM;Huawei;nova 9;Lente de cámara;Compatible;2,00;;;6
HU-N9-ALT-COM;Huawei;nova 9;Altavoz;Compatible;3,15;;;6
HU-N9-AUR-COM;Huawei;nova 9;Auricular de llamada;Compatible;2,29;;;6
HU-N9-FLX-COM;Huawei;nova 9;Flex de encendido y volumen;Compatible;2,19;;;6
HU-N9-SIM-COM;Huawei;nova 9;Bandeja SIM;Compatible;2,59;;;6
HU-N9SE-PAN-ORI;Huawei;nova 9 SE;Pantalla;Original;26,50;25,71;24,91;12
HU-N9SE-PAN-COM;Huawei;nova 9 SE;Pantalla;Compatible;13,45;13,05;12,64;6
HU-N9SE-BAT-COM;Huawei;nova 9 SE;Batería;Compatible;6,65;;;6
HU-N9SE-CON-COM;Huawei;nova 9 SE;Conector de carga;Compatible;3,50;;;6
HU-N9SE-TAP-COM;Huawei;nova 9 SE;Tapa trasera;Compatible;4,79;;;6
HU-N9SE-CTR-COM;Huawei;nova 9 SE;Cámara trasera;Compatible;5,05;;;6
HU-N9SE-CFR-COM;Huawei;nova 9 SE;Cámara frontal;Compatible;3,09;;;6
HU-N9SE-LEN-COM;Huawei;nova 9 SE;Lente de cámara;Compatible;2,05;;;6
HU-N9SE-ALT-COM;Huawei;nova 9 SE;Altavoz;Compatible;3,05;;;6
HU-N9SE-AUR-COM;Huawei;nova 9 SE;Auricular de llamada;Compatible;2,30;;;6
HU-N9SE-FLX-COM;Huawei;nova 9 SE;Flex de encendido y volumen;Compatible;2,25;;;6
HU-N9SE-SIM-COM;Huawei;nova 9 SE;Bandeja SIM;Compatible;2,75;;;6
HU-NY70-PAN-ORI;Huawei;nova Y70;Pantalla;Original;26,50;25,71;24,91;12
HU-NY70-PAN-COM;Huawei;nova Y70;Pantalla;Compatible;13,45;13,05;12,64;6
HU-NY70-BAT-COM;Huawei;nova Y70;Batería;Compatible;6,65;;;6
HU-NY70-CON-COM;Huawei;nova Y70;Conector de carga;Compatible;3,50;;;6
HU-NY70-TAP-COM;Huawei;nova Y70;Tapa trasera;Compatible;4,79;;;6
HU-NY70-CTR-COM;Huawei;nova Y70;Cámara trasera;Compatible;5,05;;;6
HU-NY70-CFR-COM;Huawei;nova Y70;Cámara frontal;Compatible;3,09;;;6
HU-NY70-LEN-COM;Huawei;nova Y70;Lente de cámara;Compatible;2,05;;;6
HU-NY70-ALT-COM;Huawei;nova Y70;Altavoz;Compatible;3,05;;;6
HU-NY70-AUR-COM;Huawei;nova Y70;Auricular de llamada;Compatible;2,30;;;6
HU-NY70-FLX-COM;Huawei;nova Y70;Flex de encendido y volumen;Compatible;2,25;;;6
HU-NY70-SIM-COM;Huawei;nova Y70;Bandeja SIM;Compatible;2,75;;;6
HU-N10SE-PAN-ORI;Huawei;nova 10 SE;Pantalla;Original;42,85;41,56;40,28;12
HU-N10SE-PAN-INC;Huawei;nova 10 SE;Pantalla;Incell;15,65;15,18;14,71;6
HU-N10SE-BAT-COM;Huawei;nova 10 SE;Batería;Compatible;6,65;;;6
HU-N10SE-CON-COM;Huawei;nova 10 SE;Conector de carga;Compatible;3,50;;;6
HU-N10SE-TAP-COM;Huawei;nova 10 SE;Tapa trasera;Compatible;4,79;;;6
HU-N10SE-CTR-COM;Huawei;nova 10 SE;Cámara trasera;Compatible;5,05;;;6
HU-N10SE-CFR-COM;Huawei;nova 10 SE;Cámara frontal;Compatible;3,09;;;6
HU-N10SE-LEN-COM;Huawei;nova 10 SE;Lente de cámara;Compatible;2,05;;;6
HU-N10SE-ALT-COM;Huawei;nova 10 SE;Altavoz;Compatible;3,05;;;6
HU-N10SE-AUR-COM;Huawei;nova 10 SE;Auricular de llamada;Compatible;2,30;;;6
HU-N10SE-FLX-COM;Huawei;nova 10 SE;Flex de encendido y volumen;Compatible;2,25;;;6
HU-N10SE-SIM-COM;Huawei;nova 10 SE;Bandeja SIM;Compatible;2,75;;;6
HU-PU80P-PAN-ORI;Huawei;Pura 80 Pro;Pantalla;Original;99,35;96,37;93,39;12
HU-PU80P-PAN-INC;Huawei;Pura 80 Pro;Pantalla;Incell;29,85;28,95;28,06;6
HU-PU80P-BAT-COM;Huawei;Pura 80 Pro;Batería;Compatible;8,10;;;6
HU-PU80P-CON-COM;Huawei;Pura 80 Pro;Conector de carga;Compatible;7,45;;;6
HU-PU80P-TAP-COM-NEG;Huawei;Pura 80 Pro;Tapa trasera;Negro (Glazed Black);8,05;;;6
HU-PU80P-TAP-COM-BLA;Huawei;Pura 80 Pro;Tapa trasera;Blanco (Glazed White);8,05;;;6
HU-PU80P-CTR-COM;Huawei;Pura 80 Pro;Cámara trasera;Compatible;16,80;16,30;15,79;6
HU-PU80P-CFR-COM;Huawei;Pura 80 Pro;Cámara frontal;Compatible;8,90;;;6
HU-PU80P-LEN-COM;Huawei;Pura 80 Pro;Lente de cámara;Compatible;3,75;;;6
HU-PU80P-ALT-COM;Huawei;Pura 80 Pro;Altavoz;Compatible;5,65;;;6
HU-PU80P-AUR-COM;Huawei;Pura 80 Pro;Auricular de llamada;Compatible;4,80;;;6
HU-PU80P-FLX-COM;Huawei;Pura 80 Pro;Flex de encendido y volumen;Compatible;4,09;;;6
HU-PU80P-SIM-COM;Huawei;Pura 80 Pro;Bandeja SIM;Compatible;3,75;;;6
HU-PU80U-PAN-ORI;Huawei;Pura 80 Ultra;Pantalla;Original;133,75;129,74;125,73;12
HU-PU80U-PAN-INC;Huawei;Pura 80 Ultra;Pantalla;Incell;32,85;31,86;30,88;6
HU-PU80U-BAT-COM;Huawei;Pura 80 Ultra;Batería;Compatible;8,10;;;6
HU-PU80U-CON-COM;Huawei;Pura 80 Ultra;Conector de carga;Compatible;7,45;;;6
HU-PU80U-TAP-COM-DOR;Huawei;Pura 80 Ultra;Tapa trasera;Dorado (Prestige Gold);8,05;;;6
HU-PU80U-TAP-COM-NEG;Huawei;Pura 80 Ultra;Tapa trasera;Negro (Golden Black);8,05;;;6
HU-PU80U-CTR-COM;Huawei;Pura 80 Ultra;Cámara trasera;Compatible;16,80;16,30;15,79;6
HU-PU80U-CFR-COM;Huawei;Pura 80 Ultra;Cámara frontal;Compatible;8,90;;;6
HU-PU80U-LEN-COM;Huawei;Pura 80 Ultra;Lente de cámara;Compatible;3,75;;;6
HU-PU80U-ALT-COM;Huawei;Pura 80 Ultra;Altavoz;Compatible;5,65;;;6
HU-PU80U-AUR-COM;Huawei;Pura 80 Ultra;Auricular de llamada;Compatible;4,80;;;6
HU-PU80U-FLX-COM;Huawei;Pura 80 Ultra;Flex de encendido y volumen;Compatible;4,09;;;6
HU-PU80U-SIM-COM;Huawei;Pura 80 Ultra;Bandeja SIM;Compatible;3,75;;;6
HU-N13-PAN-ORI;Huawei;nova 13;Pantalla;Original;55,05;53,40;51,75;12
HU-N13-PAN-INC;Huawei;nova 13;Pantalla;Incell;20,20;19,59;18,99;6
HU-N13-BAT-COM;Huawei;nova 13;Batería;Compatible;8,20;;;6
HU-N13-CON-COM;Huawei;nova 13;Conector de carga;Compatible;4,99;;;6
HU-N13-TAP-COM-NEG;Huawei;nova 13;Tapa trasera;Negro;6,05;;;6
HU-N13-TAP-COM-BLA;Huawei;nova 13;Tapa trasera;Blanco;6,05;;;6
HU-N13-TAP-COM-MOR;Huawei;nova 13;Tapa trasera;Morado;6,05;;;6
HU-N13-TAP-COM-VER;Huawei;nova 13;Tapa trasera;Verde;6,05;;;6
HU-N13-CTR-COM;Huawei;nova 13;Cámara trasera;Compatible;8,09;;;6
HU-N13-CFR-COM;Huawei;nova 13;Cámara frontal;Compatible;4,85;;;6
HU-N13-LEN-COM;Huawei;nova 13;Lente de cámara;Compatible;2,10;;;6
HU-N13-ALT-COM;Huawei;nova 13;Altavoz;Compatible;3,39;;;6
HU-N13-AUR-COM;Huawei;nova 13;Auricular de llamada;Compatible;2,50;;;6
HU-N13-FLX-COM;Huawei;nova 13;Flex de encendido y volumen;Compatible;2,65;;;6
HU-N13-SIM-COM;Huawei;nova 13;Bandeja SIM;Compatible;2,55;;;6
HU-N13P-PAN-ORI;Huawei;nova 13 Pro;Pantalla;Original;55,05;53,40;51,75;12
HU-N13P-PAN-INC;Huawei;nova 13 Pro;Pantalla;Incell;20,20;19,59;18,99;6
HU-N13P-BAT-COM;Huawei;nova 13 Pro;Batería;Compatible;8,20;;;6
HU-N13P-CON-COM;Huawei;nova 13 Pro;Conector de carga;Compatible;4,99;;;6
HU-N13P-TAP-COM-NEG;Huawei;nova 13 Pro;Tapa trasera;Negro;6,05;;;6
HU-N13P-TAP-COM-BLA;Huawei;nova 13 Pro;Tapa trasera;Blanco;6,05;;;6
HU-N13P-TAP-COM-MOR;Huawei;nova 13 Pro;Tapa trasera;Morado;6,05;;;6
HU-N13P-TAP-COM-VER;Huawei;nova 13 Pro;Tapa trasera;Verde;6,05;;;6
HU-N13P-CTR-COM;Huawei;nova 13 Pro;Cámara trasera;Compatible;8,09;;;6
HU-N13P-CFR-COM;Huawei;nova 13 Pro;Cámara frontal;Compatible;4,85;;;6
HU-N13P-LEN-COM;Huawei;nova 13 Pro;Lente de cámara;Compatible;2,10;;;6
HU-N13P-ALT-COM;Huawei;nova 13 Pro;Altavoz;Compatible;3,39;;;6
HU-N13P-AUR-COM;Huawei;nova 13 Pro;Auricular de llamada;Compatible;2,50;;;6
HU-N13P-FLX-COM;Huawei;nova 13 Pro;Flex de encendido y volumen;Compatible;2,65;;;6
HU-N13P-SIM-COM;Huawei;nova 13 Pro;Bandeja SIM;Compatible;2,55;;;6
HU-M80-PAN-COM;Huawei;Mate 80;Pantalla;Compatible;17,60;17,07;16,54;6
HU-M80-BAT-COM;Huawei;Mate 80;Batería;Compatible;8,35;;;6
HU-M80-CON-COM;Huawei;Mate 80;Conector de carga;Compatible;5,55;;;6
HU-M80-TAP-COM;Huawei;Mate 80;Tapa trasera;Compatible;6,55;;;6
HU-M80-CTR-COM;Huawei;Mate 80;Cámara trasera;Compatible;13,45;13,05;12,64;6
HU-M80-CFR-COM;Huawei;Mate 80;Cámara frontal;Compatible;7,15;;;6
HU-M80-LEN-COM;Huawei;Mate 80;Lente de cámara;Compatible;3,25;;;6
HU-M80-ALT-COM;Huawei;Mate 80;Altavoz;Compatible;4,90;;;6
HU-M80-AUR-COM;Huawei;Mate 80;Auricular de llamada;Compatible;4,40;;;6
HU-M80-FLX-COM;Huawei;Mate 80;Flex de encendido y volumen;Compatible;3,75;;;6
HU-M80-SIM-COM;Huawei;Mate 80;Bandeja SIM;Compatible;3,45;;;6
HU-N14I-PAN-ORI;Huawei;nova 14i;Pantalla;Original;35,40;34,34;33,28;12
HU-N14I-PAN-COM;Huawei;nova 14i;Pantalla;Compatible;18,25;17,70;17,15;6
HU-N14I-BAT-COM;Huawei;nova 14i;Batería;Compatible;7,75;;;6
HU-N14I-CON-COM;Huawei;nova 14i;Conector de carga;Compatible;5,95;;;6
HU-N14I-TAP-COM;Huawei;nova 14i;Tapa trasera;Compatible;6,45;;;6
HU-N14I-CTR-COM;Huawei;nova 14i;Cámara trasera;Compatible;11,05;10,72;10,39;6
HU-N14I-CFR-COM;Huawei;nova 14i;Cámara frontal;Compatible;6,75;;;6
HU-N14I-LEN-COM;Huawei;nova 14i;Lente de cámara;Compatible;2,70;;;6
HU-N14I-ALT-COM;Huawei;nova 14i;Altavoz;Compatible;4,45;;;6
HU-N14I-AUR-COM;Huawei;nova 14i;Auricular de llamada;Compatible;3,55;;;6
HU-N14I-FLX-COM;Huawei;nova 14i;Flex de encendido y volumen;Compatible;2,89;;;6
HU-N14I-SIM-COM;Huawei;nova 14i;Bandeja SIM;Compatible;3,00;;;6
HU-PU80-PAN-COM;Huawei;Pura 80;Pantalla;Compatible;17,79;17,26;16,72;6
HU-PU80-BAT-COM;Huawei;Pura 80;Batería;Compatible;8,10;;;6
HU-PU80-CON-COM;Huawei;Pura 80;Conector de carga;Compatible;5,55;;;6
HU-PU80-TAP-COM;Huawei;Pura 80;Tapa trasera;Compatible;6,55;;;6
HU-PU80-CTR-COM;Huawei;Pura 80;Cámara trasera;Compatible;13,45;13,05;12,64;6
HU-PU80-CFR-COM;Huawei;Pura 80;Cámara frontal;Compatible;7,15;;;6
HU-PU80-LEN-COM;Huawei;Pura 80;Lente de cámara;Compatible;3,25;;;6
HU-PU80-ALT-COM;Huawei;Pura 80;Altavoz;Compatible;4,90;;;6
HU-PU80-AUR-COM;Huawei;Pura 80;Auricular de llamada;Compatible;4,40;;;6
HU-PU80-FLX-COM;Huawei;Pura 80;Flex de encendido y volumen;Compatible;3,75;;;6
HU-PU80-SIM-COM;Huawei;Pura 80;Bandeja SIM;Compatible;3,45;;;6
HU-N13I-PAN-ORI;Huawei;nova 13i;Pantalla;Original;34,05;33,03;32,01;12
HU-N13I-PAN-COM;Huawei;nova 13i;Pantalla;Compatible;17,35;16,83;16,31;6
HU-N13I-BAT-COM;Huawei;nova 13i;Batería;Compatible;8,20;;;6
HU-N13I-CON-COM;Huawei;nova 13i;Conector de carga;Compatible;4,99;;;6
HU-N13I-TAP-COM;Huawei;nova 13i;Tapa trasera;Compatible;6,05;;;6
HU-N13I-CTR-COM;Huawei;nova 13i;Cámara trasera;Compatible;8,09;;;6
HU-N13I-CFR-COM;Huawei;nova 13i;Cámara frontal;Compatible;4,85;;;6
HU-N13I-LEN-COM;Huawei;nova 13i;Lente de cámara;Compatible;2,10;;;6
HU-N13I-ALT-COM;Huawei;nova 13i;Altavoz;Compatible;3,39;;;6
HU-N13I-AUR-COM;Huawei;nova 13i;Auricular de llamada;Compatible;2,50;;;6
HU-N13I-FLX-COM;Huawei;nova 13i;Flex de encendido y volumen;Compatible;2,65;;;6
HU-N13I-SIM-COM;Huawei;nova 13i;Bandeja SIM;Compatible;2,55;;;6
HU-NY72S-PAN-COM;Huawei;nova Y72S;Pantalla;Compatible;14,29;13,86;13,43;6
HU-NY72S-BAT-COM;Huawei;nova Y72S;Batería;Compatible;7,55;;;6
HU-NY72S-CON-COM;Huawei;nova Y72S;Conector de carga;Compatible;4,05;;;6
HU-NY72S-TAP-COM;Huawei;nova Y72S;Tapa trasera;Compatible;5,35;;;6
HU-NY72S-CTR-COM;Huawei;nova Y72S;Cámara trasera;Compatible;7,10;;;6
HU-NY72S-CFR-COM;Huawei;nova Y72S;Cámara frontal;Compatible;4,50;;;6
HU-NY72S-LEN-COM;Huawei;nova Y72S;Lente de cámara;Compatible;2,15;;;6
HU-NY72S-ALT-COM;Huawei;nova Y72S;Altavoz;Compatible;3,30;;;6
HU-NY72S-AUR-COM;Huawei;nova Y72S;Auricular de llamada;Compatible;2,55;;;6
HU-NY72S-FLX-COM;Huawei;nova Y72S;Flex de encendido y volumen;Compatible;2,70;;;6
HU-NY72S-SIM-COM;Huawei;nova Y72S;Bandeja SIM;Compatible;2,69;;;6
HU-M70-PAN-COM;Huawei;Mate 70;Pantalla;Compatible;16,70;16,20;15,70;6
HU-M70-BAT-COM;Huawei;Mate 70;Batería;Compatible;8,85;;;6
HU-M70-CON-COM;Huawei;Mate 70;Conector de carga;Compatible;4,65;;;6
HU-M70-TAP-COM;Huawei;Mate 70;Tapa trasera;Compatible;6,10;;;6
HU-M70-CTR-COM;Huawei;Mate 70;Cámara trasera;Compatible;9,80;;;6
HU-M70-CFR-COM;Huawei;Mate 70;Cámara frontal;Compatible;5,10;;;6
HU-M70-LEN-COM;Huawei;Mate 70;Lente de cámara;Compatible;2,50;;;6
HU-M70-ALT-COM;Huawei;Mate 70;Altavoz;Compatible;3,75;;;6
HU-M70-AUR-COM;Huawei;Mate 70;Auricular de llamada;Compatible;3,10;;;6
HU-M70-FLX-COM;Huawei;Mate 70;Flex de encendido y volumen;Compatible;3,45;;;6
HU-M70-SIM-COM;Huawei;Mate 70;Bandeja SIM;Compatible;2,90;;;6
HU-MXT-PAN-COM;Huawei;Mate XT;Pantalla;Compatible;149,80;145,31;140,81;6
HU-MXT-BAT-COM;Huawei;Mate XT;Batería;Compatible;8,45;;;6
HU-MXT-CON-COM;Huawei;Mate XT;Conector de carga;Compatible;9,59;;;6
HU-MXT-TAP-COM;Huawei;Mate XT;Tapa trasera;Compatible;10,70;10,38;10,06;6
HU-MXT-CTR-COM;Huawei;Mate XT;Cámara trasera;Compatible;18,65;18,09;17,53;6
HU-MXT-CFR-COM;Huawei;Mate XT;Cámara frontal;Compatible;8,55;;;6
HU-MXT-LEN-COM;Huawei;Mate XT;Lente de cámara;Compatible;4,25;;;6
HU-MXT-ALT-COM;Huawei;Mate XT;Altavoz;Compatible;6,59;;;6
HU-MXT-AUR-COM;Huawei;Mate XT;Auricular de llamada;Compatible;5,00;;;6
HU-MXT-FLX-COM;Huawei;Mate XT;Flex de encendido y volumen;Compatible;5,49;;;6
HU-MXT-SIM-COM;Huawei;Mate XT;Bandeja SIM;Compatible;4,70;;;6
HU-NFL-PAN-COM;Huawei;nova Flip;Pantalla;Compatible;64,90;62,95;61,01;6
HU-NFL-BAT-COM;Huawei;nova Flip;Batería;Compatible;8,39;;;6
HU-NFL-CON-COM;Huawei;nova Flip;Conector de carga;Compatible;4,60;;;6
HU-NFL-TAP-COM;Huawei;nova Flip;Tapa trasera;Compatible;5,60;;;6
HU-NFL-CTR-COM;Huawei;nova Flip;Cámara trasera;Compatible;7,29;;;6
HU-NFL-CFR-COM;Huawei;nova Flip;Cámara frontal;Compatible;4,55;;;6
HU-NFL-LEN-COM;Huawei;nova Flip;Lente de cámara;Compatible;1,99;;;6
HU-NFL-ALT-COM;Huawei;nova Flip;Altavoz;Compatible;3,10;;;6
HU-NFL-AUR-COM;Huawei;nova Flip;Auricular de llamada;Compatible;2,35;;;6
HU-NFL-FLX-COM;Huawei;nova Flip;Flex de encendido y volumen;Compatible;2,40;;;6
HU-NFL-SIM-COM;Huawei;nova Flip;Bandeja SIM;Compatible;2,45;;;6
HU-N12I-PAN-ORI;Huawei;nova 12i;Pantalla;Original;34,05;33,03;32,01;12
HU-N12I-PAN-COM;Huawei;nova 12i;Pantalla;Compatible;17,35;16,83;16,31;6
HU-N12I-BAT-COM;Huawei;nova 12i;Batería;Compatible;8,20;;;6
HU-N12I-CON-COM;Huawei;nova 12i;Conector de carga;Compatible;4,99;;;6
HU-N12I-TAP-COM;Huawei;nova 12i;Tapa trasera;Compatible;6,05;;;6
HU-N12I-CTR-COM;Huawei;nova 12i;Cámara trasera;Compatible;8,09;;;6
HU-N12I-CFR-COM;Huawei;nova 12i;Cámara frontal;Compatible;4,85;;;6
HU-N12I-LEN-COM;Huawei;nova 12i;Lente de cámara;Compatible;2,10;;;6
HU-N12I-ALT-COM;Huawei;nova 12i;Altavoz;Compatible;3,39;;;6
HU-N12I-AUR-COM;Huawei;nova 12i;Auricular de llamada;Compatible;2,50;;;6
HU-N12I-FLX-COM;Huawei;nova 12i;Flex de encendido y volumen;Compatible;2,65;;;6
HU-N12I-SIM-COM;Huawei;nova 12i;Bandeja SIM;Compatible;2,55;;;6
HU-NY72-PAN-COM;Huawei;nova Y72;Pantalla;Compatible;14,29;13,86;13,43;6
HU-NY72-BAT-COM;Huawei;nova Y72;Batería;Compatible;7,55;;;6
HU-NY72-CON-COM;Huawei;nova Y72;Conector de carga;Compatible;4,05;;;6
HU-NY72-TAP-COM;Huawei;nova Y72;Tapa trasera;Compatible;5,35;;;6
HU-NY72-CTR-COM;Huawei;nova Y72;Cámara trasera;Compatible;7,10;;;6
HU-NY72-CFR-COM;Huawei;nova Y72;Cámara frontal;Compatible;4,50;;;6
HU-NY72-LEN-COM;Huawei;nova Y72;Lente de cámara;Compatible;2,15;;;6
HU-NY72-ALT-COM;Huawei;nova Y72;Altavoz;Compatible;3,30;;;6
HU-NY72-AUR-COM;Huawei;nova Y72;Auricular de llamada;Compatible;2,55;;;6
HU-NY72-FLX-COM;Huawei;nova Y72;Flex de encendido y volumen;Compatible;2,70;;;6
HU-NY72-SIM-COM;Huawei;nova Y72;Bandeja SIM;Compatible;2,69;;;6
HU-N12-PAN-COM;Huawei;nova 12;Pantalla;Compatible;17,35;16,83;16,31;6
HU-N12-BAT-COM;Huawei;nova 12;Batería;Compatible;8,20;;;6
HU-N12-CON-COM;Huawei;nova 12;Conector de carga;Compatible;4,99;;;6
HU-N12-TAP-COM;Huawei;nova 12;Tapa trasera;Compatible;6,05;;;6
HU-N12-CTR-COM;Huawei;nova 12;Cámara trasera;Compatible;8,09;;;6
HU-N12-CFR-COM;Huawei;nova 12;Cámara frontal;Compatible;4,85;;;6
HU-N12-LEN-COM;Huawei;nova 12;Lente de cámara;Compatible;2,10;;;6
HU-N12-ALT-COM;Huawei;nova 12;Altavoz;Compatible;3,39;;;6
HU-N12-AUR-COM;Huawei;nova 12;Auricular de llamada;Compatible;2,50;;;6
HU-N12-FLX-COM;Huawei;nova 12;Flex de encendido y volumen;Compatible;2,65;;;6
HU-N12-SIM-COM;Huawei;nova 12;Bandeja SIM;Compatible;2,55;;;6
HU-N12P-PAN-COM;Huawei;nova 12 Pro;Pantalla;Compatible;17,35;16,83;16,31;6
HU-N12P-BAT-COM;Huawei;nova 12 Pro;Batería;Compatible;8,20;;;6
HU-N12P-CON-COM;Huawei;nova 12 Pro;Conector de carga;Compatible;4,99;;;6
HU-N12P-TAP-COM;Huawei;nova 12 Pro;Tapa trasera;Compatible;6,05;;;6
HU-N12P-CTR-COM;Huawei;nova 12 Pro;Cámara trasera;Compatible;8,09;;;6
HU-N12P-CFR-COM;Huawei;nova 12 Pro;Cámara frontal;Compatible;4,85;;;6
HU-N12P-LEN-COM;Huawei;nova 12 Pro;Lente de cámara;Compatible;2,10;;;6
HU-N12P-ALT-COM;Huawei;nova 12 Pro;Altavoz;Compatible;3,39;;;6
HU-N12P-AUR-COM;Huawei;nova 12 Pro;Auricular de llamada;Compatible;2,50;;;6
HU-N12P-FLX-COM;Huawei;nova 12 Pro;Flex de encendido y volumen;Compatible;2,65;;;6
HU-N12P-SIM-COM;Huawei;nova 12 Pro;Bandeja SIM;Compatible;2,55;;;6
HU-N12U-PAN-COM;Huawei;nova 12 Ultra;Pantalla;Compatible;19,05;18,48;17,91;6
HU-N12U-BAT-COM;Huawei;nova 12 Ultra;Batería;Compatible;8,20;;;6
HU-N12U-CON-COM;Huawei;nova 12 Ultra;Conector de carga;Compatible;4,99;;;6
HU-N12U-TAP-COM;Huawei;nova 12 Ultra;Tapa trasera;Compatible;6,05;;;6
HU-N12U-CTR-COM;Huawei;nova 12 Ultra;Cámara trasera;Compatible;8,09;;;6
HU-N12U-CFR-COM;Huawei;nova 12 Ultra;Cámara frontal;Compatible;4,85;;;6
HU-N12U-LEN-COM;Huawei;nova 12 Ultra;Lente de cámara;Compatible;2,10;;;6
HU-N12U-ALT-COM;Huawei;nova 12 Ultra;Altavoz;Compatible;3,39;;;6
HU-N12U-AUR-COM;Huawei;nova 12 Ultra;Auricular de llamada;Compatible;2,50;;;6
HU-N12U-FLX-COM;Huawei;nova 12 Ultra;Flex de encendido y volumen;Compatible;2,65;;;6
HU-N12U-SIM-COM;Huawei;nova 12 Ultra;Bandeja SIM;Compatible;2,55;;;6
HU-NY62-PAN-ORI;Huawei;nova Y62;Pantalla;Original;27,35;26,53;25,71;12
HU-NY62-PAN-COM;Huawei;nova Y62;Pantalla;Compatible;14,29;13,86;13,43;6
HU-NY62-BAT-COM;Huawei;nova Y62;Batería;Compatible;7,55;;;6
HU-NY62-CON-COM;Huawei;nova Y62;Conector de carga;Compatible;4,05;;;6
HU-NY62-TAP-COM;Huawei;nova Y62;Tapa trasera;Compatible;5,35;;;6
HU-NY62-CTR-COM;Huawei;nova Y62;Cámara trasera;Compatible;7,10;;;6
HU-NY62-CFR-COM;Huawei;nova Y62;Cámara frontal;Compatible;4,50;;;6
HU-NY62-LEN-COM;Huawei;nova Y62;Lente de cámara;Compatible;2,15;;;6
HU-NY62-ALT-COM;Huawei;nova Y62;Altavoz;Compatible;3,30;;;6
HU-NY62-AUR-COM;Huawei;nova Y62;Auricular de llamada;Compatible;2,55;;;6
HU-NY62-FLX-COM;Huawei;nova Y62;Flex de encendido y volumen;Compatible;2,70;;;6
HU-NY62-SIM-COM;Huawei;nova Y62;Bandeja SIM;Compatible;2,69;;;6
HU-NY62PL-PAN-ORI;Huawei;nova Y62 Plus;Pantalla;Original;27,35;26,53;25,71;12
HU-NY62PL-PAN-COM;Huawei;nova Y62 Plus;Pantalla;Compatible;14,29;13,86;13,43;6
HU-NY62PL-BAT-COM;Huawei;nova Y62 Plus;Batería;Compatible;7,55;;;6
HU-NY62PL-CON-COM;Huawei;nova Y62 Plus;Conector de carga;Compatible;4,05;;;6
HU-NY62PL-TAP-COM;Huawei;nova Y62 Plus;Tapa trasera;Compatible;5,35;;;6
HU-NY62PL-CTR-COM;Huawei;nova Y62 Plus;Cámara trasera;Compatible;7,10;;;6
HU-NY62PL-CFR-COM;Huawei;nova Y62 Plus;Cámara frontal;Compatible;4,50;;;6
HU-NY62PL-LEN-COM;Huawei;nova Y62 Plus;Lente de cámara;Compatible;2,15;;;6
HU-NY62PL-ALT-COM;Huawei;nova Y62 Plus;Altavoz;Compatible;3,30;;;6
HU-NY62PL-AUR-COM;Huawei;nova Y62 Plus;Auricular de llamada;Compatible;2,55;;;6
HU-NY62PL-FLX-COM;Huawei;nova Y62 Plus;Flex de encendido y volumen;Compatible;2,70;;;6
HU-NY62PL-SIM-COM;Huawei;nova Y62 Plus;Bandeja SIM;Compatible;2,69;;;6
HU-N11SE-PAN-COM;Huawei;nova 11 SE;Pantalla;Compatible;14,29;13,86;13,43;6
HU-N11SE-BAT-COM;Huawei;nova 11 SE;Batería;Compatible;7,55;;;6
HU-N11SE-CON-COM;Huawei;nova 11 SE;Conector de carga;Compatible;4,05;;;6
HU-N11SE-TAP-COM;Huawei;nova 11 SE;Tapa trasera;Compatible;5,35;;;6
HU-N11SE-CTR-COM;Huawei;nova 11 SE;Cámara trasera;Compatible;7,10;;;6
HU-N11SE-CFR-COM;Huawei;nova 11 SE;Cámara frontal;Compatible;4,50;;;6
HU-N11SE-LEN-COM;Huawei;nova 11 SE;Lente de cámara;Compatible;2,15;;;6
HU-N11SE-ALT-COM;Huawei;nova 11 SE;Altavoz;Compatible;3,30;;;6
HU-N11SE-AUR-COM;Huawei;nova 11 SE;Auricular de llamada;Compatible;2,55;;;6
HU-N11SE-FLX-COM;Huawei;nova 11 SE;Flex de encendido y volumen;Compatible;2,70;;;6
HU-N11SE-SIM-COM;Huawei;nova 11 SE;Bandeja SIM;Compatible;2,69;;;6
HU-M60PPL-PAN-ORI;Huawei;Mate 60 Pro+;Pantalla;Original;95,55;92,68;89,82;12
HU-M60PPL-PAN-INC;Huawei;Mate 60 Pro+;Pantalla;Incell;28,05;27,21;26,37;6
HU-M60PPL-BAT-COM;Huawei;Mate 60 Pro+;Batería;Compatible;8,59;;;6
HU-M60PPL-CON-COM;Huawei;Mate 60 Pro+;Conector de carga;Compatible;6,25;;;6
HU-M60PPL-TAP-COM;Huawei;Mate 60 Pro+;Tapa trasera;Compatible;7,50;;;6
HU-M60PPL-CTR-COM;Huawei;Mate 60 Pro+;Cámara trasera;Compatible;12,29;11,92;11,55;6
HU-M60PPL-CFR-COM;Huawei;Mate 60 Pro+;Cámara frontal;Compatible;6,39;;;6
HU-M60PPL-LEN-COM;Huawei;Mate 60 Pro+;Lente de cámara;Compatible;2,90;;;6
HU-M60PPL-ALT-COM;Huawei;Mate 60 Pro+;Altavoz;Compatible;4,25;;;6
HU-M60PPL-AUR-COM;Huawei;Mate 60 Pro+;Auricular de llamada;Compatible;3,40;;;6
HU-M60PPL-FLX-COM;Huawei;Mate 60 Pro+;Flex de encendido y volumen;Compatible;3,75;;;6
HU-M60PPL-SIM-COM;Huawei;Mate 60 Pro+;Bandeja SIM;Compatible;3,15;;;6
HU-M60RS-PAN-ORI;Huawei;Mate 60 RS;Pantalla;Original;61,05;59,22;57,39;12
HU-M60RS-PAN-INC;Huawei;Mate 60 RS;Pantalla;Incell;19,49;18,91;18,32;6
HU-M60RS-BAT-COM;Huawei;Mate 60 RS;Batería;Compatible;8,85;;;6
HU-M60RS-CON-COM;Huawei;Mate 60 RS;Conector de carga;Compatible;4,65;;;6
HU-M60RS-TAP-COM;Huawei;Mate 60 RS;Tapa trasera;Compatible;6,10;;;6
HU-M60RS-CTR-COM;Huawei;Mate 60 RS;Cámara trasera;Compatible;9,80;;;6
HU-M60RS-CFR-COM;Huawei;Mate 60 RS;Cámara frontal;Compatible;5,10;;;6
HU-M60RS-LEN-COM;Huawei;Mate 60 RS;Lente de cámara;Compatible;2,50;;;6
HU-M60RS-ALT-COM;Huawei;Mate 60 RS;Altavoz;Compatible;3,75;;;6
HU-M60RS-AUR-COM;Huawei;Mate 60 RS;Auricular de llamada;Compatible;3,10;;;6
HU-M60RS-FLX-COM;Huawei;Mate 60 RS;Flex de encendido y volumen;Compatible;3,45;;;6
HU-M60RS-SIM-COM;Huawei;Mate 60 RS;Bandeja SIM;Compatible;2,90;;;6
HU-M60-PAN-ORI;Huawei;Mate 60;Pantalla;Original;61,05;59,22;57,39;12
HU-M60-PAN-INC;Huawei;Mate 60;Pantalla;Incell;19,49;18,91;18,32;6
HU-M60-BAT-COM;Huawei;Mate 60;Batería;Compatible;8,59;;;6
HU-M60-CON-COM;Huawei;Mate 60;Conector de carga;Compatible;4,65;;;6
HU-M60-TAP-COM;Huawei;Mate 60;Tapa trasera;Compatible;6,10;;;6
HU-M60-CTR-COM;Huawei;Mate 60;Cámara trasera;Compatible;9,80;;;6
HU-M60-CFR-COM;Huawei;Mate 60;Cámara frontal;Compatible;5,10;;;6
HU-M60-LEN-COM;Huawei;Mate 60;Lente de cámara;Compatible;2,50;;;6
HU-M60-ALT-COM;Huawei;Mate 60;Altavoz;Compatible;3,75;;;6
HU-M60-AUR-COM;Huawei;Mate 60;Auricular de llamada;Compatible;3,10;;;6
HU-M60-FLX-COM;Huawei;Mate 60;Flex de encendido y volumen;Compatible;3,45;;;6
HU-M60-SIM-COM;Huawei;Mate 60;Bandeja SIM;Compatible;2,90;;;6
HU-M60P-PAN-ORI;Huawei;Mate 60 Pro;Pantalla;Original;95,55;92,68;89,82;12
HU-M60P-PAN-INC;Huawei;Mate 60 Pro;Pantalla;Incell;28,05;27,21;26,37;6
HU-M60P-BAT-COM;Huawei;Mate 60 Pro;Batería;Compatible;8,59;;;6
HU-M60P-CON-COM;Huawei;Mate 60 Pro;Conector de carga;Compatible;6,25;;;6
HU-M60P-TAP-COM;Huawei;Mate 60 Pro;Tapa trasera;Compatible;7,50;;;6
HU-M60P-CTR-COM;Huawei;Mate 60 Pro;Cámara trasera;Compatible;12,29;11,92;11,55;6
HU-M60P-CFR-COM;Huawei;Mate 60 Pro;Cámara frontal;Compatible;6,39;;;6
HU-M60P-LEN-COM;Huawei;Mate 60 Pro;Lente de cámara;Compatible;2,90;;;6
HU-M60P-ALT-COM;Huawei;Mate 60 Pro;Altavoz;Compatible;4,25;;;6
HU-M60P-AUR-COM;Huawei;Mate 60 Pro;Auricular de llamada;Compatible;3,40;;;6
HU-M60P-FLX-COM;Huawei;Mate 60 Pro;Flex de encendido y volumen;Compatible;3,75;;;6
HU-M60P-SIM-COM;Huawei;Mate 60 Pro;Bandeja SIM;Compatible;3,15;;;6
HU-NY71-PAN-COM;Huawei;nova Y71;Pantalla;Compatible;14,29;13,86;13,43;6
HU-NY71-BAT-COM;Huawei;nova Y71;Batería;Compatible;7,55;;;6
HU-NY71-CON-COM;Huawei;nova Y71;Conector de carga;Compatible;4,05;;;6
HU-NY71-TAP-COM;Huawei;nova Y71;Tapa trasera;Compatible;5,35;;;6
HU-NY71-CTR-COM;Huawei;nova Y71;Cámara trasera;Compatible;7,10;;;6
HU-NY71-CFR-COM;Huawei;nova Y71;Cámara frontal;Compatible;4,50;;;6
HU-NY71-LEN-COM;Huawei;nova Y71;Lente de cámara;Compatible;2,15;;;6
HU-NY71-ALT-COM;Huawei;nova Y71;Altavoz;Compatible;3,30;;;6
HU-NY71-AUR-COM;Huawei;nova Y71;Auricular de llamada;Compatible;2,55;;;6
HU-NY71-FLX-COM;Huawei;nova Y71;Flex de encendido y volumen;Compatible;2,70;;;6
HU-NY71-SIM-COM;Huawei;nova Y71;Bandeja SIM;Compatible;2,69;;;6
HU-NY91-PAN-ORI;Huawei;nova Y91;Pantalla;Original;27,35;26,53;25,71;12
HU-NY91-PAN-COM;Huawei;nova Y91;Pantalla;Compatible;14,29;13,86;13,43;6
HU-NY91-BAT-COM;Huawei;nova Y91;Batería;Compatible;7,55;;;6
HU-NY91-CON-COM;Huawei;nova Y91;Conector de carga;Compatible;4,05;;;6
HU-NY91-TAP-COM;Huawei;nova Y91;Tapa trasera;Compatible;5,35;;;6
HU-NY91-CTR-COM;Huawei;nova Y91;Cámara trasera;Compatible;7,10;;;6
HU-NY91-CFR-COM;Huawei;nova Y91;Cámara frontal;Compatible;4,50;;;6
HU-NY91-LEN-COM;Huawei;nova Y91;Lente de cámara;Compatible;2,15;;;6
HU-NY91-ALT-COM;Huawei;nova Y91;Altavoz;Compatible;3,30;;;6
HU-NY91-AUR-COM;Huawei;nova Y91;Auricular de llamada;Compatible;2,55;;;6
HU-NY91-FLX-COM;Huawei;nova Y91;Flex de encendido y volumen;Compatible;2,70;;;6
HU-NY91-SIM-COM;Huawei;nova Y91;Bandeja SIM;Compatible;2,69;;;6
HU-N11-PAN-COM;Huawei;nova 11;Pantalla;Compatible;17,35;16,83;16,31;6
HU-N11-BAT-COM;Huawei;nova 11;Batería;Compatible;8,20;;;6
HU-N11-CON-COM;Huawei;nova 11;Conector de carga;Compatible;4,99;;;6
HU-N11-TAP-COM;Huawei;nova 11;Tapa trasera;Compatible;6,05;;;6
HU-N11-CTR-COM;Huawei;nova 11;Cámara trasera;Compatible;8,09;;;6
HU-N11-CFR-COM;Huawei;nova 11;Cámara frontal;Compatible;4,85;;;6
HU-N11-LEN-COM;Huawei;nova 11;Lente de cámara;Compatible;2,10;;;6
HU-N11-ALT-COM;Huawei;nova 11;Altavoz;Compatible;3,39;;;6
HU-N11-AUR-COM;Huawei;nova 11;Auricular de llamada;Compatible;2,50;;;6
HU-N11-FLX-COM;Huawei;nova 11;Flex de encendido y volumen;Compatible;2,65;;;6
HU-N11-SIM-COM;Huawei;nova 11;Bandeja SIM;Compatible;2,55;;;6
HU-N11U-PAN-COM;Huawei;nova 11 Utra;Pantalla;Compatible;17,35;16,83;16,31;6
HU-N11U-BAT-COM;Huawei;nova 11 Utra;Batería;Compatible;8,20;;;6
HU-N11U-CON-COM;Huawei;nova 11 Utra;Conector de carga;Compatible;4,99;;;6
HU-N11U-TAP-COM;Huawei;nova 11 Utra;Tapa trasera;Compatible;6,05;;;6
HU-N11U-CTR-COM;Huawei;nova 11 Utra;Cámara trasera;Compatible;8,09;;;6
HU-N11U-CFR-COM;Huawei;nova 11 Utra;Cámara frontal;Compatible;4,85;;;6
HU-N11U-LEN-COM;Huawei;nova 11 Utra;Lente de cámara;Compatible;2,10;;;6
HU-N11U-ALT-COM;Huawei;nova 11 Utra;Altavoz;Compatible;3,39;;;6
HU-N11U-AUR-COM;Huawei;nova 11 Utra;Auricular de llamada;Compatible;2,50;;;6
HU-N11U-FLX-COM;Huawei;nova 11 Utra;Flex de encendido y volumen;Compatible;2,65;;;6
HU-N11U-SIM-COM;Huawei;nova 11 Utra;Bandeja SIM;Compatible;2,55;;;6
HU-N10Y-PAN-COM;Huawei;nova 10 Youth;Pantalla;Compatible;17,35;16,83;16,31;6
HU-N10Y-BAT-COM;Huawei;nova 10 Youth;Batería;Compatible;8,20;;;6
HU-N10Y-CON-COM;Huawei;nova 10 Youth;Conector de carga;Compatible;4,99;;;6
HU-N10Y-TAP-COM;Huawei;nova 10 Youth;Tapa trasera;Compatible;6,05;;;6
HU-N10Y-CTR-COM;Huawei;nova 10 Youth;Cámara trasera;Compatible;8,09;;;6
HU-N10Y-CFR-COM;Huawei;nova 10 Youth;Cámara frontal;Compatible;4,85;;;6
HU-N10Y-LEN-COM;Huawei;nova 10 Youth;Lente de cámara;Compatible;2,10;;;6
HU-N10Y-ALT-COM;Huawei;nova 10 Youth;Altavoz;Compatible;3,39;;;6
HU-N10Y-AUR-COM;Huawei;nova 10 Youth;Auricular de llamada;Compatible;2,50;;;6
HU-N10Y-FLX-COM;Huawei;nova 10 Youth;Flex de encendido y volumen;Compatible;2,65;;;6
HU-N10Y-SIM-COM;Huawei;nova 10 Youth;Bandeja SIM;Compatible;2,55;;;6
HU-NY61-PAN-ORI;Huawei;nova Y61;Pantalla;Original;26,50;25,71;24,91;12
HU-NY61-PAN-COM;Huawei;nova Y61;Pantalla;Compatible;13,45;13,05;12,64;6
HU-NY61-BAT-COM;Huawei;nova Y61;Batería;Compatible;6,65;;;6
HU-NY61-CON-COM;Huawei;nova Y61;Conector de carga;Compatible;3,50;;;6
HU-NY61-TAP-COM;Huawei;nova Y61;Tapa trasera;Compatible;4,79;;;6
HU-NY61-CTR-COM;Huawei;nova Y61;Cámara trasera;Compatible;5,05;;;6
HU-NY61-CFR-COM;Huawei;nova Y61;Cámara frontal;Compatible;3,09;;;6
HU-NY61-LEN-COM;Huawei;nova Y61;Lente de cámara;Compatible;2,05;;;6
HU-NY61-ALT-COM;Huawei;nova Y61;Altavoz;Compatible;3,05;;;6
HU-NY61-AUR-COM;Huawei;nova Y61;Auricular de llamada;Compatible;2,30;;;6
HU-NY61-FLX-COM;Huawei;nova Y61;Flex de encendido y volumen;Compatible;2,25;;;6
HU-NY61-SIM-COM;Huawei;nova Y61;Bandeja SIM;Compatible;2,75;;;6
HU-M50-PAN-ORI;Huawei;Mate 50;Pantalla;Original;59,15;57,38;55,60;12
HU-M50-PAN-INC;Huawei;Mate 50;Pantalla;Incell;18,30;17,75;17,20;6
HU-M50-BAT-COM;Huawei;Mate 50;Batería;Compatible;7,75;;;6
HU-M50-CON-COM;Huawei;Mate 50;Conector de carga;Compatible;4,09;;;6
HU-M50-TAP-COM;Huawei;Mate 50;Tapa trasera;Compatible;5,45;;;6
HU-M50-CTR-COM;Huawei;Mate 50;Cámara trasera;Compatible;7,00;;;6
HU-M50-CFR-COM;Huawei;Mate 50;Cámara frontal;Compatible;3,49;;;6
HU-M50-LEN-COM;Huawei;Mate 50;Lente de cámara;Compatible;2,39;;;6
HU-M50-ALT-COM;Huawei;Mate 50;Altavoz;Compatible;3,45;;;6
HU-M50-AUR-COM;Huawei;Mate 50;Auricular de llamada;Compatible;2,85;;;6
HU-M50-FLX-COM;Huawei;Mate 50;Flex de encendido y volumen;Compatible;2,85;;;6
HU-M50-SIM-COM;Huawei;Mate 50;Bandeja SIM;Compatible;2,95;;;6
HU-M50RS-PAN-COM;Huawei;Mate 50 RS;Pantalla;Compatible;15,70;15,23;14,76;6
HU-M50RS-BAT-COM;Huawei;Mate 50 RS;Batería;Compatible;7,75;;;6
HU-M50RS-CON-COM;Huawei;Mate 50 RS;Conector de carga;Compatible;4,09;;;6
HU-M50RS-TAP-COM;Huawei;Mate 50 RS;Tapa trasera;Compatible;5,45;;;6
HU-M50RS-CTR-COM;Huawei;Mate 50 RS;Cámara trasera;Compatible;7,00;;;6
HU-M50RS-CFR-COM;Huawei;Mate 50 RS;Cámara frontal;Compatible;3,49;;;6
HU-M50RS-LEN-COM;Huawei;Mate 50 RS;Lente de cámara;Compatible;2,39;;;6
HU-M50RS-ALT-COM;Huawei;Mate 50 RS;Altavoz;Compatible;3,45;;;6
HU-M50RS-AUR-COM;Huawei;Mate 50 RS;Auricular de llamada;Compatible;2,85;;;6
HU-M50RS-FLX-COM;Huawei;Mate 50 RS;Flex de encendido y volumen;Compatible;2,85;;;6
HU-M50RS-SIM-COM;Huawei;Mate 50 RS;Bandeja SIM;Compatible;2,95;;;6
HU-N10Z-PAN-COM;Huawei;nova 10z;Pantalla;Compatible;16,29;15,80;15,31;6
HU-N10Z-BAT-COM;Huawei;nova 10z;Batería;Compatible;7,19;;;6
HU-N10Z-CON-COM;Huawei;nova 10z;Conector de carga;Compatible;4,35;;;6
HU-N10Z-TAP-COM;Huawei;nova 10z;Tapa trasera;Compatible;5,35;;;6
HU-N10Z-CTR-COM;Huawei;nova 10z;Cámara trasera;Compatible;5,75;;;6
HU-N10Z-CFR-COM;Huawei;nova 10z;Cámara frontal;Compatible;3,29;;;6
HU-N10Z-LEN-COM;Huawei;nova 10z;Lente de cámara;Compatible;2,00;;;6
HU-N10Z-ALT-COM;Huawei;nova 10z;Altavoz;Compatible;3,15;;;6
HU-N10Z-AUR-COM;Huawei;nova 10z;Auricular de llamada;Compatible;2,29;;;6
HU-N10Z-FLX-COM;Huawei;nova 10z;Flex de encendido y volumen;Compatible;2,19;;;6
HU-N10Z-SIM-COM;Huawei;nova 10z;Bandeja SIM;Compatible;2,59;;;6
HU-N10-PAN-COM;Huawei;nova 10;Pantalla;Compatible;16,29;15,80;15,31;6
HU-N10-BAT-COM;Huawei;nova 10;Batería;Compatible;7,19;;;6
HU-N10-CON-COM;Huawei;nova 10;Conector de carga;Compatible;4,35;;;6
HU-N10-TAP-COM;Huawei;nova 10;Tapa trasera;Compatible;5,35;;;6
HU-N10-CTR-COM;Huawei;nova 10;Cámara trasera;Compatible;5,75;;;6
HU-N10-CFR-COM;Huawei;nova 10;Cámara frontal;Compatible;3,29;;;6
HU-N10-LEN-COM;Huawei;nova 10;Lente de cámara;Compatible;2,00;;;6
HU-N10-ALT-COM;Huawei;nova 10;Altavoz;Compatible;3,15;;;6
HU-N10-AUR-COM;Huawei;nova 10;Auricular de llamada;Compatible;2,29;;;6
HU-N10-FLX-COM;Huawei;nova 10;Flex de encendido y volumen;Compatible;2,19;;;6
HU-N10-SIM-COM;Huawei;nova 10;Bandeja SIM;Compatible;2,59;;;6
HU-N10P-PAN-COM;Huawei;nova 10 Pro;Pantalla;Compatible;16,29;15,80;15,31;6
HU-N10P-BAT-COM;Huawei;nova 10 Pro;Batería;Compatible;7,19;;;6
HU-N10P-CON-COM;Huawei;nova 10 Pro;Conector de carga;Compatible;4,35;;;6
HU-N10P-TAP-COM;Huawei;nova 10 Pro;Tapa trasera;Compatible;5,35;;;6
HU-N10P-CTR-COM;Huawei;nova 10 Pro;Cámara trasera;Compatible;5,75;;;6
HU-N10P-CFR-COM;Huawei;nova 10 Pro;Cámara frontal;Compatible;3,29;;;6
HU-N10P-LEN-COM;Huawei;nova 10 Pro;Lente de cámara;Compatible;2,00;;;6
HU-N10P-ALT-COM;Huawei;nova 10 Pro;Altavoz;Compatible;3,15;;;6
HU-N10P-AUR-COM;Huawei;nova 10 Pro;Auricular de llamada;Compatible;2,29;;;6
HU-N10P-FLX-COM;Huawei;nova 10 Pro;Flex de encendido y volumen;Compatible;2,19;;;6
HU-N10P-SIM-COM;Huawei;nova 10 Pro;Bandeja SIM;Compatible;2,59;;;6
HU-NY90-PAN-ORI;Huawei;nova Y90;Pantalla;Original;26,50;25,71;24,91;12
HU-NY90-PAN-COM;Huawei;nova Y90;Pantalla;Compatible;13,45;13,05;12,64;6
HU-NY90-BAT-COM;Huawei;nova Y90;Batería;Compatible;6,65;;;6
HU-NY90-CON-COM;Huawei;nova Y90;Conector de carga;Compatible;3,50;;;6
HU-NY90-TAP-COM;Huawei;nova Y90;Tapa trasera;Compatible;4,79;;;6
HU-NY90-CTR-COM;Huawei;nova Y90;Cámara trasera;Compatible;5,05;;;6
HU-NY90-CFR-COM;Huawei;nova Y90;Cámara frontal;Compatible;3,09;;;6
HU-NY90-LEN-COM;Huawei;nova Y90;Lente de cámara;Compatible;2,05;;;6
HU-NY90-ALT-COM;Huawei;nova Y90;Altavoz;Compatible;3,05;;;6
HU-NY90-AUR-COM;Huawei;nova Y90;Auricular de llamada;Compatible;2,30;;;6
HU-NY90-FLX-COM;Huawei;nova Y90;Flex de encendido y volumen;Compatible;2,25;;;6
HU-NY90-SIM-COM;Huawei;nova Y90;Bandeja SIM;Compatible;2,75;;;6
HU-NY70PL-PAN-COM;Huawei;nova Y70 Plus;Pantalla;Compatible;13,45;13,05;12,64;6
HU-NY70PL-BAT-COM;Huawei;nova Y70 Plus;Batería;Compatible;6,65;;;6
HU-NY70PL-CON-COM;Huawei;nova Y70 Plus;Conector de carga;Compatible;3,50;;;6
HU-NY70PL-TAP-COM;Huawei;nova Y70 Plus;Tapa trasera;Compatible;4,79;;;6
HU-NY70PL-CTR-COM;Huawei;nova Y70 Plus;Cámara trasera;Compatible;5,05;;;6
HU-NY70PL-CFR-COM;Huawei;nova Y70 Plus;Cámara frontal;Compatible;3,09;;;6
HU-NY70PL-LEN-COM;Huawei;nova Y70 Plus;Lente de cámara;Compatible;2,05;;;6
HU-NY70PL-ALT-COM;Huawei;nova Y70 Plus;Altavoz;Compatible;3,05;;;6
HU-NY70PL-AUR-COM;Huawei;nova Y70 Plus;Auricular de llamada;Compatible;2,30;;;6
HU-NY70PL-FLX-COM;Huawei;nova Y70 Plus;Flex de encendido y volumen;Compatible;2,25;;;6
HU-NY70PL-SIM-COM;Huawei;nova Y70 Plus;Bandeja SIM;Compatible;2,75;;;6
HU-NY9A-PAN-COM;Huawei;nova Y9a;Pantalla;Compatible;13,45;13,05;12,64;6
HU-NY9A-BAT-COM;Huawei;nova Y9a;Batería;Compatible;6,65;;;6
HU-NY9A-CON-COM;Huawei;nova Y9a;Conector de carga;Compatible;3,50;;;6
HU-NY9A-TAP-COM;Huawei;nova Y9a;Tapa trasera;Compatible;4,79;;;6
HU-NY9A-CTR-COM;Huawei;nova Y9a;Cámara trasera;Compatible;5,05;;;6
HU-NY9A-CFR-COM;Huawei;nova Y9a;Cámara frontal;Compatible;3,09;;;6
HU-NY9A-LEN-COM;Huawei;nova Y9a;Lente de cámara;Compatible;2,05;;;6
HU-NY9A-ALT-COM;Huawei;nova Y9a;Altavoz;Compatible;3,05;;;6
HU-NY9A-AUR-COM;Huawei;nova Y9a;Auricular de llamada;Compatible;2,30;;;6
HU-NY9A-FLX-COM;Huawei;nova Y9a;Flex de encendido y volumen;Compatible;2,25;;;6
HU-NY9A-SIM-COM;Huawei;nova Y9a;Bandeja SIM;Compatible;2,75;;;6
HU-P50-PAN-ORI;Huawei;P50;Pantalla;Original;57,79;56,06;54,32;12
HU-P50-PAN-INC;Huawei;P50;Pantalla;Incell;18,59;18,03;17,47;6
HU-P50-BAT-COM;Huawei;P50;Batería;Compatible;7,65;;;6
HU-P50-CON-COM;Huawei;P50;Conector de carga;Compatible;3,95;;;6
HU-P50-TAP-COM;Huawei;P50;Tapa trasera;Compatible;5,20;;;6
HU-P50-CTR-COM;Huawei;P50;Cámara trasera;Compatible;7,10;;;6
HU-P50-CFR-COM;Huawei;P50;Cámara frontal;Compatible;3,55;;;6
HU-P50-LEN-COM;Huawei;P50;Lente de cámara;Compatible;2,35;;;6
HU-P50-ALT-COM;Huawei;P50;Altavoz;Compatible;3,35;;;6
HU-P50-AUR-COM;Huawei;P50;Auricular de llamada;Compatible;2,85;;;6
HU-P50-FLX-COM;Huawei;P50;Flex de encendido y volumen;Compatible;2,85;;;6
HU-P50-SIM-COM;Huawei;P50;Bandeja SIM;Compatible;3,05;;;6
HU-N8SE4-PAN-COM;Huawei;nova 8 SE 4G;Pantalla;Compatible;13,45;13,05;12,64;6
HU-N8SE4-BAT-COM;Huawei;nova 8 SE 4G;Batería;Compatible;6,65;;;6
HU-N8SE4-CON-COM;Huawei;nova 8 SE 4G;Conector de carga;Compatible;3,50;;;6
HU-N8SE4-TAP-COM;Huawei;nova 8 SE 4G;Tapa trasera;Compatible;4,79;;;6
HU-N8SE4-CTR-COM;Huawei;nova 8 SE 4G;Cámara trasera;Compatible;5,05;;;6
HU-N8SE4-CFR-COM;Huawei;nova 8 SE 4G;Cámara frontal;Compatible;3,09;;;6
HU-N8SE4-LEN-COM;Huawei;nova 8 SE 4G;Lente de cámara;Compatible;2,05;;;6
HU-N8SE4-ALT-COM;Huawei;nova 8 SE 4G;Altavoz;Compatible;3,05;;;6
HU-N8SE4-AUR-COM;Huawei;nova 8 SE 4G;Auricular de llamada;Compatible;2,30;;;6
HU-N8SE4-FLX-COM;Huawei;nova 8 SE 4G;Flex de encendido y volumen;Compatible;2,25;;;6
HU-N8SE4-SIM-COM;Huawei;nova 8 SE 4G;Bandeja SIM;Compatible;2,75;;;6
HU-N9P-PAN-COM;Huawei;nova 9 Pro;Pantalla;Compatible;16,29;15,80;15,31;6
HU-N9P-BAT-COM;Huawei;nova 9 Pro;Batería;Compatible;7,19;;;6
HU-N9P-CON-COM;Huawei;nova 9 Pro;Conector de carga;Compatible;4,35;;;6
HU-N9P-TAP-COM;Huawei;nova 9 Pro;Tapa trasera;Compatible;5,35;;;6
HU-N9P-CTR-COM;Huawei;nova 9 Pro;Cámara trasera;Compatible;5,75;;;6
HU-N9P-CFR-COM;Huawei;nova 9 Pro;Cámara frontal;Compatible;3,29;;;6
HU-N9P-LEN-COM;Huawei;nova 9 Pro;Lente de cámara;Compatible;2,00;;;6
HU-N9P-ALT-COM;Huawei;nova 9 Pro;Altavoz;Compatible;3,15;;;6
HU-N9P-AUR-COM;Huawei;nova 9 Pro;Auricular de llamada;Compatible;2,29;;;6
HU-N9P-FLX-COM;Huawei;nova 9 Pro;Flex de encendido y volumen;Compatible;2,19;;;6
HU-N9P-SIM-COM;Huawei;nova 9 Pro;Bandeja SIM;Compatible;2,59;;;6
HU-E20E-PAN-COM;Huawei;Enjoy 20e;Pantalla;Compatible;15,85;15,37;14,90;6
HU-E20E-BAT-COM;Huawei;Enjoy 20e;Batería;Compatible;7,75;;;6
HU-E20E-CON-COM;Huawei;Enjoy 20e;Conector de carga;Compatible;4,09;;;6
HU-E20E-TAP-COM;Huawei;Enjoy 20e;Tapa trasera;Compatible;5,45;;;6
HU-E20E-CTR-COM;Huawei;Enjoy 20e;Cámara trasera;Compatible;7,00;;;6
HU-E20E-CFR-COM;Huawei;Enjoy 20e;Cámara frontal;Compatible;3,49;;;6
HU-E20E-LEN-COM;Huawei;Enjoy 20e;Lente de cámara;Compatible;2,39;;;6
HU-E20E-ALT-COM;Huawei;Enjoy 20e;Altavoz;Compatible;3,45;;;6
HU-E20E-AUR-COM;Huawei;Enjoy 20e;Auricular de llamada;Compatible;2,85;;;6
HU-E20E-FLX-COM;Huawei;Enjoy 20e;Flex de encendido y volumen;Compatible;2,85;;;6
HU-E20E-SIM-COM;Huawei;Enjoy 20e;Bandeja SIM;Compatible;2,95;;;6
HU-N8-PAN-ORI;Huawei;nova 8;Pantalla;Original;53,35;51,75;50,15;12
HU-N8-PAN-INC;Huawei;nova 8;Pantalla;Incell;18,99;18,42;17,85;6
HU-N8-BAT-COM;Huawei;nova 8;Batería;Compatible;7,19;;;6
HU-N8-CON-COM;Huawei;nova 8;Conector de carga;Compatible;4,35;;;6
HU-N8-TAP-COM;Huawei;nova 8;Tapa trasera;Compatible;5,35;;;6
HU-N8-CTR-COM;Huawei;nova 8;Cámara trasera;Compatible;5,75;;;6
HU-N8-CFR-COM;Huawei;nova 8;Cámara frontal;Compatible;3,29;;;6
HU-N8-LEN-COM;Huawei;nova 8;Lente de cámara;Compatible;2,00;;;6
HU-N8-ALT-COM;Huawei;nova 8;Altavoz;Compatible;3,15;;;6
HU-N8-AUR-COM;Huawei;nova 8;Auricular de llamada;Compatible;2,29;;;6
HU-N8-FLX-COM;Huawei;nova 8;Flex de encendido y volumen;Compatible;2,19;;;6
HU-N8-SIM-COM;Huawei;nova 8;Bandeja SIM;Compatible;2,59;;;6
HU-N8SEY-PAN-COM;Huawei;nova 8 SE Youth;Pantalla;Compatible;13,45;13,05;12,64;6
HU-N8SEY-BAT-COM;Huawei;nova 8 SE Youth;Batería;Compatible;6,65;;;6
HU-N8SEY-CON-COM;Huawei;nova 8 SE Youth;Conector de carga;Compatible;3,50;;;6
HU-N8SEY-TAP-COM;Huawei;nova 8 SE Youth;Tapa trasera;Compatible;4,79;;;6
HU-N8SEY-CTR-COM;Huawei;nova 8 SE Youth;Cámara trasera;Compatible;5,05;;;6
HU-N8SEY-CFR-COM;Huawei;nova 8 SE Youth;Cámara frontal;Compatible;3,09;;;6
HU-N8SEY-LEN-COM;Huawei;nova 8 SE Youth;Lente de cámara;Compatible;2,05;;;6
HU-N8SEY-ALT-COM;Huawei;nova 8 SE Youth;Altavoz;Compatible;3,05;;;6
HU-N8SEY-AUR-COM;Huawei;nova 8 SE Youth;Auricular de llamada;Compatible;2,30;;;6
HU-N8SEY-FLX-COM;Huawei;nova 8 SE Youth;Flex de encendido y volumen;Compatible;2,25;;;6
HU-N8SEY-SIM-COM;Huawei;nova 8 SE Youth;Bandeja SIM;Compatible;2,75;;;6
HU-NY60-PAN-ORI;Huawei;nova Y60;Pantalla;Original;26,50;25,71;24,91;12
HU-NY60-PAN-COM;Huawei;nova Y60;Pantalla;Compatible;13,45;13,05;12,64;6
HU-NY60-BAT-COM;Huawei;nova Y60;Batería;Compatible;6,65;;;6
HU-NY60-CON-COM;Huawei;nova Y60;Conector de carga;Compatible;3,50;;;6
HU-NY60-TAP-COM;Huawei;nova Y60;Tapa trasera;Compatible;4,79;;;6
HU-NY60-CTR-COM;Huawei;nova Y60;Cámara trasera;Compatible;5,05;;;6
HU-NY60-CFR-COM;Huawei;nova Y60;Cámara frontal;Compatible;3,09;;;6
HU-NY60-LEN-COM;Huawei;nova Y60;Lente de cámara;Compatible;2,05;;;6
HU-NY60-ALT-COM;Huawei;nova Y60;Altavoz;Compatible;3,05;;;6
HU-NY60-AUR-COM;Huawei;nova Y60;Auricular de llamada;Compatible;2,30;;;6
HU-NY60-FLX-COM;Huawei;nova Y60;Flex de encendido y volumen;Compatible;2,25;;;6
HU-NY60-SIM-COM;Huawei;nova Y60;Bandeja SIM;Compatible;2,75;;;6
HU-N8P4-PAN-COM;Huawei;nova 8 Pro 4G;Pantalla;Compatible;16,29;15,80;15,31;6
HU-N8P4-BAT-COM;Huawei;nova 8 Pro 4G;Batería;Compatible;7,19;;;6
HU-N8P4-CON-COM;Huawei;nova 8 Pro 4G;Conector de carga;Compatible;4,35;;;6
HU-N8P4-TAP-COM;Huawei;nova 8 Pro 4G;Tapa trasera;Compatible;5,35;;;6
HU-N8P4-CTR-COM;Huawei;nova 8 Pro 4G;Cámara trasera;Compatible;5,75;;;6
HU-N8P4-CFR-COM;Huawei;nova 8 Pro 4G;Cámara frontal;Compatible;3,29;;;6
HU-N8P4-LEN-COM;Huawei;nova 8 Pro 4G;Lente de cámara;Compatible;2,00;;;6
HU-N8P4-ALT-COM;Huawei;nova 8 Pro 4G;Altavoz;Compatible;3,15;;;6
HU-N8P4-AUR-COM;Huawei;nova 8 Pro 4G;Auricular de llamada;Compatible;2,29;;;6
HU-N8P4-FLX-COM;Huawei;nova 8 Pro 4G;Flex de encendido y volumen;Compatible;2,19;;;6
HU-N8P4-SIM-COM;Huawei;nova 8 Pro 4G;Bandeja SIM;Compatible;2,59;;;6
HU-MX2-PAN-ORI;Huawei;Mate X2;Pantalla;Original;253,65;246,04;238,43;12
HU-MX2-PAN-COM;Huawei;Mate X2;Pantalla;Compatible;140,75;136,53;132,30;6
HU-MX2-PAN-ORI-EXT;Huawei;Mate X2;Pantalla exterior;Original;80,60;78,18;75,76;12
HU-MX2-PAN-COM-EXT;Huawei;Mate X2;Pantalla exterior;Compatible;23,20;22,50;21,81;6
HU-MX2-BAT-COM;Huawei;Mate X2;Batería;Compatible;7,40;;;6
HU-MX2-CON-COM;Huawei;Mate X2;Conector de carga;Compatible;8,39;;;6
HU-MX2-TAP-COM;Huawei;Mate X2;Tapa trasera;Compatible;9,55;;;6
HU-MX2-CTR-COM;Huawei;Mate X2;Cámara trasera;Compatible;13,30;12,90;12,50;6
HU-MX2-CFR-COM;Huawei;Mate X2;Cámara frontal;Compatible;5,80;;;6
HU-MX2-LEN-COM;Huawei;Mate X2;Lente de cámara;Compatible;4,09;;;6
HU-MX2-ALT-COM;Huawei;Mate X2;Altavoz;Compatible;6,10;;;6
HU-MX2-AUR-COM;Huawei;Mate X2;Auricular de llamada;Compatible;4,55;;;6
HU-MX2-FLX-COM;Huawei;Mate X2;Flex de encendido y volumen;Compatible;4,50;;;6
HU-MX2-SIM-COM;Huawei;Mate X2;Bandeja SIM;Compatible;4,79;;;6
HU-N85-PAN-COM;Huawei;nova 8 5G;Pantalla;Compatible;16,29;15,80;15,31;6
HU-N85-BAT-COM;Huawei;nova 8 5G;Batería;Compatible;7,19;;;6
HU-N85-CON-COM;Huawei;nova 8 5G;Conector de carga;Compatible;4,35;;;6
HU-N85-TAP-COM;Huawei;nova 8 5G;Tapa trasera;Compatible;5,35;;;6
HU-N85-CTR-COM;Huawei;nova 8 5G;Cámara trasera;Compatible;5,75;;;6
HU-N85-CFR-COM;Huawei;nova 8 5G;Cámara frontal;Compatible;3,29;;;6
HU-N85-LEN-COM;Huawei;nova 8 5G;Lente de cámara;Compatible;2,00;;;6
HU-N85-ALT-COM;Huawei;nova 8 5G;Altavoz;Compatible;3,15;;;6
HU-N85-AUR-COM;Huawei;nova 8 5G;Auricular de llamada;Compatible;2,29;;;6
HU-N85-FLX-COM;Huawei;nova 8 5G;Flex de encendido y volumen;Compatible;2,19;;;6
HU-N85-SIM-COM;Huawei;nova 8 5G;Bandeja SIM;Compatible;2,59;;;6
HU-N8P5-PAN-COM;Huawei;nova 8 Pro 5G;Pantalla;Compatible;16,29;15,80;15,31;6
HU-N8P5-BAT-COM;Huawei;nova 8 Pro 5G;Batería;Compatible;7,19;;;6
HU-N8P5-CON-COM;Huawei;nova 8 Pro 5G;Conector de carga;Compatible;4,35;;;6
HU-N8P5-TAP-COM;Huawei;nova 8 Pro 5G;Tapa trasera;Compatible;5,35;;;6
HU-N8P5-CTR-COM;Huawei;nova 8 Pro 5G;Cámara trasera;Compatible;5,75;;;6
HU-N8P5-CFR-COM;Huawei;nova 8 Pro 5G;Cámara frontal;Compatible;3,29;;;6
HU-N8P5-LEN-COM;Huawei;nova 8 Pro 5G;Lente de cámara;Compatible;2,00;;;6
HU-N8P5-ALT-COM;Huawei;nova 8 Pro 5G;Altavoz;Compatible;3,15;;;6
HU-N8P5-AUR-COM;Huawei;nova 8 Pro 5G;Auricular de llamada;Compatible;2,29;;;6
HU-N8P5-FLX-COM;Huawei;nova 8 Pro 5G;Flex de encendido y volumen;Compatible;2,19;;;6
HU-N8P5-SIM-COM;Huawei;nova 8 Pro 5G;Bandeja SIM;Compatible;2,59;;;6
HU-N8SE5-PAN-COM;Huawei;nova 8 SE 5G;Pantalla;Compatible;13,45;13,05;12,64;6
HU-N8SE5-BAT-COM;Huawei;nova 8 SE 5G;Batería;Compatible;6,65;;;6
HU-N8SE5-CON-COM;Huawei;nova 8 SE 5G;Conector de carga;Compatible;3,50;;;6
HU-N8SE5-TAP-COM;Huawei;nova 8 SE 5G;Tapa trasera;Compatible;4,79;;;6
HU-N8SE5-CTR-COM;Huawei;nova 8 SE 5G;Cámara trasera;Compatible;5,05;;;6
HU-N8SE5-CFR-COM;Huawei;nova 8 SE 5G;Cámara frontal;Compatible;3,09;;;6
HU-N8SE5-LEN-COM;Huawei;nova 8 SE 5G;Lente de cámara;Compatible;2,05;;;6
HU-N8SE5-ALT-COM;Huawei;nova 8 SE 5G;Altavoz;Compatible;3,05;;;6
HU-N8SE5-AUR-COM;Huawei;nova 8 SE 5G;Auricular de llamada;Compatible;2,30;;;6
HU-N8SE5-FLX-COM;Huawei;nova 8 SE 5G;Flex de encendido y volumen;Compatible;2,25;;;6
HU-N8SE5-SIM-COM;Huawei;nova 8 SE 5G;Bandeja SIM;Compatible;2,75;;;6
HU-M40-PAN-ORI;Huawei;Mate 40;Pantalla;Original;59,15;57,38;55,60;12
HU-M40-PAN-INC;Huawei;Mate 40;Pantalla;Incell;18,30;17,75;17,20;6
HU-M40-BAT-COM;Huawei;Mate 40;Batería;Compatible;7,59;;;6
HU-M40-CON-COM;Huawei;Mate 40;Conector de carga;Compatible;4,09;;;6
HU-M40-TAP-COM;Huawei;Mate 40;Tapa trasera;Compatible;5,45;;;6
HU-M40-CTR-COM;Huawei;Mate 40;Cámara trasera;Compatible;7,00;;;6
HU-M40-CFR-COM;Huawei;Mate 40;Cámara frontal;Compatible;3,49;;;6
HU-M40-LEN-COM;Huawei;Mate 40;Lente de cámara;Compatible;2,39;;;6
HU-M40-ALT-COM;Huawei;Mate 40;Altavoz;Compatible;3,45;;;6
HU-M40-AUR-COM;Huawei;Mate 40;Auricular de llamada;Compatible;2,85;;;6
HU-M40-FLX-COM;Huawei;Mate 40;Flex de encendido y volumen;Compatible;2,85;;;6
HU-M40-SIM-COM;Huawei;Mate 40;Bandeja SIM;Compatible;2,95;;;6
HU-N7SE5Y-PAN-COM;Huawei;nova 7 SE 5G Youth;Pantalla;Compatible;13,45;13,05;12,64;6
HU-N7SE5Y-BAT-COM;Huawei;nova 7 SE 5G Youth;Batería;Compatible;6,65;;;6
HU-N7SE5Y-CON-COM;Huawei;nova 7 SE 5G Youth;Conector de carga;Compatible;3,50;;;6
HU-N7SE5Y-TAP-COM;Huawei;nova 7 SE 5G Youth;Tapa trasera;Compatible;4,79;;;6
HU-N7SE5Y-CTR-COM;Huawei;nova 7 SE 5G Youth;Cámara trasera;Compatible;5,05;;;6
HU-N7SE5Y-CFR-COM;Huawei;nova 7 SE 5G Youth;Cámara frontal;Compatible;3,09;;;6
HU-N7SE5Y-LEN-COM;Huawei;nova 7 SE 5G Youth;Lente de cámara;Compatible;2,05;;;6
HU-N7SE5Y-ALT-COM;Huawei;nova 7 SE 5G Youth;Altavoz;Compatible;3,05;;;6
HU-N7SE5Y-AUR-COM;Huawei;nova 7 SE 5G Youth;Auricular de llamada;Compatible;2,30;;;6
HU-N7SE5Y-FLX-COM;Huawei;nova 7 SE 5G Youth;Flex de encendido y volumen;Compatible;2,25;;;6
HU-N7SE5Y-SIM-COM;Huawei;nova 7 SE 5G Youth;Bandeja SIM;Compatible;2,75;;;6
HU-Y9A-PAN-ORI;Huawei;Y9a;Pantalla;Original;26,50;25,71;24,91;12
HU-Y9A-PAN-COM;Huawei;Y9a;Pantalla;Compatible;13,45;13,05;12,64;6
HU-Y9A-BAT-COM;Huawei;Y9a;Batería;Compatible;6,65;;;6
HU-Y9A-CON-COM;Huawei;Y9a;Conector de carga;Compatible;3,50;;;6
HU-Y9A-TAP-COM;Huawei;Y9a;Tapa trasera;Compatible;4,79;;;6
HU-Y9A-CTR-COM;Huawei;Y9a;Cámara trasera;Compatible;5,05;;;6
HU-Y9A-CFR-COM;Huawei;Y9a;Cámara frontal;Compatible;3,09;;;6
HU-Y9A-LEN-COM;Huawei;Y9a;Lente de cámara;Compatible;2,05;;;6
HU-Y9A-ALT-COM;Huawei;Y9a;Altavoz;Compatible;3,05;;;6
HU-Y9A-AUR-COM;Huawei;Y9a;Auricular de llamada;Compatible;2,30;;;6
HU-Y9A-FLX-COM;Huawei;Y9a;Flex de encendido y volumen;Compatible;2,25;;;6
HU-Y9A-SIM-COM;Huawei;Y9a;Bandeja SIM;Compatible;2,75;;;6
HU-Y5P-PAN-ORI;Huawei;Y5p;Pantalla;Original;26,50;25,71;24,91;12
HU-Y5P-PAN-COM;Huawei;Y5p;Pantalla;Compatible;13,45;13,05;12,64;6
HU-Y5P-BAT-COM;Huawei;Y5p;Batería;Compatible;6,65;;;6
HU-Y5P-CON-COM;Huawei;Y5p;Conector de carga;Compatible;3,50;;;6
HU-Y5P-TAP-COM;Huawei;Y5p;Tapa trasera;Compatible;4,79;;;6
HU-Y5P-CTR-COM;Huawei;Y5p;Cámara trasera;Compatible;5,05;;;6
HU-Y5P-CFR-COM;Huawei;Y5p;Cámara frontal;Compatible;3,09;;;6
HU-Y5P-LEN-COM;Huawei;Y5p;Lente de cámara;Compatible;2,05;;;6
HU-Y5P-ALT-COM;Huawei;Y5p;Altavoz;Compatible;3,05;;;6
HU-Y5P-AUR-COM;Huawei;Y5p;Auricular de llamada;Compatible;2,30;;;6
HU-Y5P-FLX-COM;Huawei;Y5p;Flex de encendido y volumen;Compatible;2,25;;;6
HU-Y5P-SIM-COM;Huawei;Y5p;Bandeja SIM;Compatible;2,75;;;6
HU-Y6P2-PAN-ORI;Huawei;Y6p;Pantalla;Original;26,50;25,71;24,91;12
HU-Y6P2-PAN-COM;Huawei;Y6p;Pantalla;Compatible;13,45;13,05;12,64;6
HU-Y6P2-BAT-COM;Huawei;Y6p;Batería;Compatible;6,65;;;6
HU-Y6P2-CON-COM;Huawei;Y6p;Conector de carga;Compatible;3,50;;;6
HU-Y6P2-TAP-COM;Huawei;Y6p;Tapa trasera;Compatible;4,79;;;6
HU-Y6P2-CTR-COM;Huawei;Y6p;Cámara trasera;Compatible;5,05;;;6
HU-Y6P2-CFR-COM;Huawei;Y6p;Cámara frontal;Compatible;3,09;;;6
HU-Y6P2-LEN-COM;Huawei;Y6p;Lente de cámara;Compatible;2,05;;;6
HU-Y6P2-ALT-COM;Huawei;Y6p;Altavoz;Compatible;3,05;;;6
HU-Y6P2-AUR-COM;Huawei;Y6p;Auricular de llamada;Compatible;2,30;;;6
HU-Y6P2-FLX-COM;Huawei;Y6p;Flex de encendido y volumen;Compatible;2,25;;;6
HU-Y6P2-SIM-COM;Huawei;Y6p;Bandeja SIM;Compatible;2,75;;;6
HU-Y8P-PAN-COM;Huawei;Y8p;Pantalla;Compatible;13,45;13,05;12,64;6
HU-Y8P-BAT-COM;Huawei;Y8p;Batería;Compatible;6,65;;;6
HU-Y8P-CON-COM;Huawei;Y8p;Conector de carga;Compatible;3,50;;;6
HU-Y8P-TAP-COM;Huawei;Y8p;Tapa trasera;Compatible;4,79;;;6
HU-Y8P-CTR-COM;Huawei;Y8p;Cámara trasera;Compatible;5,05;;;6
HU-Y8P-CFR-COM;Huawei;Y8p;Cámara frontal;Compatible;3,09;;;6
HU-Y8P-LEN-COM;Huawei;Y8p;Lente de cámara;Compatible;2,05;;;6
HU-Y8P-ALT-COM;Huawei;Y8p;Altavoz;Compatible;3,05;;;6
HU-Y8P-AUR-COM;Huawei;Y8p;Auricular de llamada;Compatible;2,30;;;6
HU-Y8P-FLX-COM;Huawei;Y8p;Flex de encendido y volumen;Compatible;2,25;;;6
HU-Y8P-SIM-COM;Huawei;Y8p;Bandeja SIM;Compatible;2,75;;;6
HU-Y8S-PAN-ORI;Huawei;Y8s;Pantalla;Original;26,50;25,71;24,91;12
HU-Y8S-PAN-COM;Huawei;Y8s;Pantalla;Compatible;13,45;13,05;12,64;6
HU-Y8S-BAT-COM;Huawei;Y8s;Batería;Compatible;6,65;;;6
HU-Y8S-CON-COM;Huawei;Y8s;Conector de carga;Compatible;3,50;;;6
HU-Y8S-TAP-COM;Huawei;Y8s;Tapa trasera;Compatible;4,79;;;6
HU-Y8S-CTR-COM;Huawei;Y8s;Cámara trasera;Compatible;5,05;;;6
HU-Y8S-CFR-COM;Huawei;Y8s;Cámara frontal;Compatible;3,09;;;6
HU-Y8S-LEN-COM;Huawei;Y8s;Lente de cámara;Compatible;2,05;;;6
HU-Y8S-ALT-COM;Huawei;Y8s;Altavoz;Compatible;3,05;;;6
HU-Y8S-AUR-COM;Huawei;Y8s;Auricular de llamada;Compatible;2,30;;;6
HU-Y8S-FLX-COM;Huawei;Y8s;Flex de encendido y volumen;Compatible;2,25;;;6
HU-Y8S-SIM-COM;Huawei;Y8s;Bandeja SIM;Compatible;2,75;;;6
HU-N7-PAN-COM;Huawei;nova 7;Pantalla;Compatible;16,29;15,80;15,31;6
HU-N7-BAT-COM;Huawei;nova 7;Batería;Compatible;7,19;;;6
HU-N7-CON-COM;Huawei;nova 7;Conector de carga;Compatible;4,35;;;6
HU-N7-TAP-COM;Huawei;nova 7;Tapa trasera;Compatible;5,35;;;6
HU-N7-CTR-COM;Huawei;nova 7;Cámara trasera;Compatible;5,75;;;6
HU-N7-CFR-COM;Huawei;nova 7;Cámara frontal;Compatible;3,29;;;6
HU-N7-LEN-COM;Huawei;nova 7;Lente de cámara;Compatible;2,00;;;6
HU-N7-ALT-COM;Huawei;nova 7;Altavoz;Compatible;3,15;;;6
HU-N7-AUR-COM;Huawei;nova 7;Auricular de llamada;Compatible;2,29;;;6
HU-N7-FLX-COM;Huawei;nova 7;Flex de encendido y volumen;Compatible;2,19;;;6
HU-N7-SIM-COM;Huawei;nova 7;Bandeja SIM;Compatible;2,59;;;6
HU-N7P5-PAN-COM;Huawei;nova 7 Pro 5G;Pantalla;Compatible;16,29;15,80;15,31;6
HU-N7P5-BAT-COM;Huawei;nova 7 Pro 5G;Batería;Compatible;7,19;;;6
HU-N7P5-CON-COM;Huawei;nova 7 Pro 5G;Conector de carga;Compatible;4,35;;;6
HU-N7P5-TAP-COM;Huawei;nova 7 Pro 5G;Tapa trasera;Compatible;5,35;;;6
HU-N7P5-CTR-COM;Huawei;nova 7 Pro 5G;Cámara trasera;Compatible;5,75;;;6
HU-N7P5-CFR-COM;Huawei;nova 7 Pro 5G;Cámara frontal;Compatible;3,29;;;6
HU-N7P5-LEN-COM;Huawei;nova 7 Pro 5G;Lente de cámara;Compatible;2,00;;;6
HU-N7P5-ALT-COM;Huawei;nova 7 Pro 5G;Altavoz;Compatible;3,15;;;6
HU-N7P5-AUR-COM;Huawei;nova 7 Pro 5G;Auricular de llamada;Compatible;2,29;;;6
HU-N7P5-FLX-COM;Huawei;nova 7 Pro 5G;Flex de encendido y volumen;Compatible;2,19;;;6
HU-N7P5-SIM-COM;Huawei;nova 7 Pro 5G;Bandeja SIM;Compatible;2,59;;;6
HU-N7SE-PAN-COM;Huawei;nova 7 SE;Pantalla;Compatible;13,45;13,05;12,64;6
HU-N7SE-BAT-COM;Huawei;nova 7 SE;Batería;Compatible;6,65;;;6
HU-N7SE-CON-COM;Huawei;nova 7 SE;Conector de carga;Compatible;3,50;;;6
HU-N7SE-TAP-COM;Huawei;nova 7 SE;Tapa trasera;Compatible;4,79;;;6
HU-N7SE-CTR-COM;Huawei;nova 7 SE;Cámara trasera;Compatible;5,05;;;6
HU-N7SE-CFR-COM;Huawei;nova 7 SE;Cámara frontal;Compatible;3,09;;;6
HU-N7SE-LEN-COM;Huawei;nova 7 SE;Lente de cámara;Compatible;2,05;;;6
HU-N7SE-ALT-COM;Huawei;nova 7 SE;Altavoz;Compatible;3,05;;;6
HU-N7SE-AUR-COM;Huawei;nova 7 SE;Auricular de llamada;Compatible;2,30;;;6
HU-N7SE-FLX-COM;Huawei;nova 7 SE;Flex de encendido y volumen;Compatible;2,25;;;6
HU-N7SE-SIM-COM;Huawei;nova 7 SE;Bandeja SIM;Compatible;2,75;;;6
HU-Y7P2-PAN-COM;Huawei;Y7p;Pantalla;Compatible;13,45;13,05;12,64;6
HU-Y7P2-BAT-COM;Huawei;Y7p;Batería;Compatible;6,65;;;6
HU-Y7P2-CON-COM;Huawei;Y7p;Conector de carga;Compatible;3,50;;;6
HU-Y7P2-TAP-COM;Huawei;Y7p;Tapa trasera;Compatible;4,79;;;6
HU-Y7P2-CTR-COM;Huawei;Y7p;Cámara trasera;Compatible;5,05;;;6
HU-Y7P2-CFR-COM;Huawei;Y7p;Cámara frontal;Compatible;3,09;;;6
HU-Y7P2-LEN-COM;Huawei;Y7p;Lente de cámara;Compatible;2,05;;;6
HU-Y7P2-ALT-COM;Huawei;Y7p;Altavoz;Compatible;3,05;;;6
HU-Y7P2-AUR-COM;Huawei;Y7p;Auricular de llamada;Compatible;2,30;;;6
HU-Y7P2-FLX-COM;Huawei;Y7p;Flex de encendido y volumen;Compatible;2,25;;;6
HU-Y7P2-SIM-COM;Huawei;Y7p;Bandeja SIM;Compatible;2,75;;;6
HU-N7I-PAN-COM;Huawei;nova 7i;Pantalla;Compatible;16,29;15,80;15,31;6
HU-N7I-BAT-COM;Huawei;nova 7i;Batería;Compatible;7,19;;;6
HU-N7I-CON-COM;Huawei;nova 7i;Conector de carga;Compatible;4,35;;;6
HU-N7I-TAP-COM;Huawei;nova 7i;Tapa trasera;Compatible;5,35;;;6
HU-N7I-CTR-COM;Huawei;nova 7i;Cámara trasera;Compatible;5,75;;;6
HU-N7I-CFR-COM;Huawei;nova 7i;Cámara frontal;Compatible;3,29;;;6
HU-N7I-LEN-COM;Huawei;nova 7i;Lente de cámara;Compatible;2,00;;;6
HU-N7I-ALT-COM;Huawei;nova 7i;Altavoz;Compatible;3,15;;;6
HU-N7I-AUR-COM;Huawei;nova 7i;Auricular de llamada;Compatible;2,29;;;6
HU-N7I-FLX-COM;Huawei;nova 7i;Flex de encendido y volumen;Compatible;2,19;;;6
HU-N7I-SIM-COM;Huawei;nova 7i;Bandeja SIM;Compatible;2,59;;;6
HU-Y6S-PAN-ORI;Huawei;Y6s;Pantalla;Original;26,50;25,71;24,91;12
HU-Y6S-PAN-COM;Huawei;Y6s;Pantalla;Compatible;13,45;13,05;12,64;6
HU-Y6S-BAT-COM;Huawei;Y6s;Batería;Compatible;6,65;;;6
HU-Y6S-CON-COM;Huawei;Y6s;Conector de carga;Compatible;3,50;;;6
HU-Y6S-TAP-COM;Huawei;Y6s;Tapa trasera;Compatible;4,79;;;6
HU-Y6S-CTR-COM;Huawei;Y6s;Cámara trasera;Compatible;5,05;;;6
HU-Y6S-CFR-COM;Huawei;Y6s;Cámara frontal;Compatible;3,09;;;6
HU-Y6S-LEN-COM;Huawei;Y6s;Lente de cámara;Compatible;2,05;;;6
HU-Y6S-ALT-COM;Huawei;Y6s;Altavoz;Compatible;3,05;;;6
HU-Y6S-AUR-COM;Huawei;Y6s;Auricular de llamada;Compatible;2,30;;;6
HU-Y6S-FLX-COM;Huawei;Y6s;Flex de encendido y volumen;Compatible;2,25;;;6
HU-Y6S-SIM-COM;Huawei;Y6s;Bandeja SIM;Compatible;2,75;;;6
HU-N6-PAN-COM;Huawei;nova 6;Pantalla;Compatible;15,35;14,89;14,43;6
HU-N6-BAT-COM;Huawei;nova 6;Batería;Compatible;8,40;;;6
HU-N6-CON-COM;Huawei;nova 6;Conector de carga;Compatible;4,55;;;6
HU-N6-TAP-COM;Huawei;nova 6;Tapa trasera;Compatible;5,25;;;6
HU-N6-CTR-COM;Huawei;nova 6;Cámara trasera;Compatible;7,05;;;6
HU-N6-CFR-COM;Huawei;nova 6;Cámara frontal;Compatible;4,49;;;6
HU-N6-LEN-COM;Huawei;nova 6;Lente de cámara;Compatible;1,99;;;6
HU-N6-ALT-COM;Huawei;nova 6;Altavoz;Compatible;3,40;;;6
HU-N6-AUR-COM;Huawei;nova 6;Auricular de llamada;Compatible;2,50;;;6
HU-N6-FLX-COM;Huawei;nova 6;Flex de encendido y volumen;Compatible;2,35;;;6
HU-N6-SIM-COM;Huawei;nova 6;Bandeja SIM;Compatible;2,50;;;6
HU-N65-PAN-COM;Huawei;nova 6 5G;Pantalla;Compatible;15,35;14,89;14,43;6
HU-N65-BAT-COM;Huawei;nova 6 5G;Batería;Compatible;8,40;;;6
HU-N65-CON-COM;Huawei;nova 6 5G;Conector de carga;Compatible;4,55;;;6
HU-N65-TAP-COM;Huawei;nova 6 5G;Tapa trasera;Compatible;5,25;;;6
HU-N65-CTR-COM;Huawei;nova 6 5G;Cámara trasera;Compatible;7,05;;;6
HU-N65-CFR-COM;Huawei;nova 6 5G;Cámara frontal;Compatible;4,49;;;6
HU-N65-LEN-COM;Huawei;nova 6 5G;Lente de cámara;Compatible;1,99;;;6
HU-N65-ALT-COM;Huawei;nova 6 5G;Altavoz;Compatible;3,40;;;6
HU-N65-AUR-COM;Huawei;nova 6 5G;Auricular de llamada;Compatible;2,50;;;6
HU-N65-FLX-COM;Huawei;nova 6 5G;Flex de encendido y volumen;Compatible;2,35;;;6
HU-N65-SIM-COM;Huawei;nova 6 5G;Bandeja SIM;Compatible;2,50;;;6
HU-N6SE-PAN-COM;Huawei;nova 6 SE;Pantalla;Compatible;12,65;12,27;11,89;6
HU-N6SE-BAT-COM;Huawei;nova 6 SE;Batería;Compatible;7,75;;;6
HU-N6SE-CON-COM;Huawei;nova 6 SE;Conector de carga;Compatible;3,69;;;6
HU-N6SE-TAP-COM;Huawei;nova 6 SE;Tapa trasera;Compatible;4,69;;;6
HU-N6SE-CTR-COM;Huawei;nova 6 SE;Cámara trasera;Compatible;6,20;;;6
HU-N6SE-CFR-COM;Huawei;nova 6 SE;Cámara frontal;Compatible;4,19;;;6
HU-N6SE-LEN-COM;Huawei;nova 6 SE;Lente de cámara;Compatible;2,05;;;6
HU-N6SE-ALT-COM;Huawei;nova 6 SE;Altavoz;Compatible;3,35;;;6
HU-N6SE-AUR-COM;Huawei;nova 6 SE;Auricular de llamada;Compatible;2,55;;;6
HU-N6SE-FLX-COM;Huawei;nova 6 SE;Flex de encendido y volumen;Compatible;2,40;;;6
HU-N6SE-SIM-COM;Huawei;nova 6 SE;Bandeja SIM;Compatible;2,65;;;6
HU-M30RSPD-PAN-COM;Huawei;Mate 30 RS Porsche Design;Pantalla;Compatible;14,79;14,35;13,90;6
HU-M30RSPD-BAT-COM;Huawei;Mate 30 RS Porsche Design;Batería;Compatible;9,05;;;6
HU-M30RSPD-CON-COM;Huawei;Mate 30 RS Porsche Design;Conector de carga;Compatible;4,25;;;6
HU-M30RSPD-TAP-COM;Huawei;Mate 30 RS Porsche Design;Tapa trasera;Compatible;5,30;;;6
HU-M30RSPD-CTR-COM;Huawei;Mate 30 RS Porsche Design;Cámara trasera;Compatible;8,59;;;6
HU-M30RSPD-CFR-COM;Huawei;Mate 30 RS Porsche Design;Cámara frontal;Compatible;4,75;;;6
HU-M30RSPD-LEN-COM;Huawei;Mate 30 RS Porsche Design;Lente de cámara;Compatible;2,39;;;6
HU-M30RSPD-ALT-COM;Huawei;Mate 30 RS Porsche Design;Altavoz;Compatible;3,75;;;6
HU-M30RSPD-AUR-COM;Huawei;Mate 30 RS Porsche Design;Auricular de llamada;Compatible;3,15;;;6
HU-M30RSPD-FLX-COM;Huawei;Mate 30 RS Porsche Design;Flex de encendido y volumen;Compatible;3,05;;;6
HU-M30RSPD-SIM-COM;Huawei;Mate 30 RS Porsche Design;Bandeja SIM;Compatible;2,90;;;6
HU-MX-PAN-ORI;Huawei;Mate X;Pantalla;Original;230,55;223,63;216,72;12
HU-MX-PAN-COM;Huawei;Mate X;Pantalla;Compatible;132,60;128,62;124,64;6
HU-MX-BAT-COM;Huawei;Mate X;Batería;Compatible;8,69;;;6
HU-MX-CON-COM;Huawei;Mate X;Conector de carga;Compatible;8,75;;;6
HU-MX-TAP-COM;Huawei;Mate X;Tapa trasera;Compatible;9,35;;;6
HU-MX-CTR-COM;Huawei;Mate X;Cámara trasera;Compatible;16,35;15,86;15,37;6
HU-MX-CFR-COM;Huawei;Mate X;Cámara frontal;Compatible;7,90;;;6
HU-MX-LEN-COM;Huawei;Mate X;Lente de cámara;Compatible;4,05;;;6
HU-MX-ALT-COM;Huawei;Mate X;Altavoz;Compatible;6,65;;;6
HU-MX-AUR-COM;Huawei;Mate X;Auricular de llamada;Compatible;5,05;;;6
HU-MX-FLX-COM;Huawei;Mate X;Flex de encendido y volumen;Compatible;4,89;;;6
HU-MX-SIM-COM;Huawei;Mate X;Bandeja SIM;Compatible;4,65;;;6
HU-N5Z-PAN-COM;Huawei;nova 5z;Pantalla;Compatible;15,35;14,89;14,43;6
HU-N5Z-BAT-COM;Huawei;nova 5z;Batería;Compatible;8,40;;;6
HU-N5Z-CON-COM;Huawei;nova 5z;Conector de carga;Compatible;4,55;;;6
HU-N5Z-TAP-COM;Huawei;nova 5z;Tapa trasera;Compatible;5,25;;;6
HU-N5Z-CTR-COM;Huawei;nova 5z;Cámara trasera;Compatible;7,05;;;6
HU-N5Z-CFR-COM;Huawei;nova 5z;Cámara frontal;Compatible;4,49;;;6
HU-N5Z-LEN-COM;Huawei;nova 5z;Lente de cámara;Compatible;1,99;;;6
HU-N5Z-ALT-COM;Huawei;nova 5z;Altavoz;Compatible;3,40;;;6
HU-N5Z-AUR-COM;Huawei;nova 5z;Auricular de llamada;Compatible;2,50;;;6
HU-N5Z-FLX-COM;Huawei;nova 5z;Flex de encendido y volumen;Compatible;2,35;;;6
HU-N5Z-SIM-COM;Huawei;nova 5z;Bandeja SIM;Compatible;2,50;;;6
HU-M30-PAN-ORI;Huawei;Mate 30;Pantalla;Original;53,75;52,14;50,53;12
HU-M30-PAN-INC;Huawei;Mate 30;Pantalla;Incell;17,25;16,73;16,22;6
HU-M30-BAT-COM;Huawei;Mate 30;Batería;Compatible;8,20;;;6
HU-M30-CON-COM;Huawei;Mate 30;Conector de carga;Compatible;4,25;;;6
HU-M30-TAP-COM;Huawei;Mate 30;Tapa trasera;Compatible;5,30;;;6
HU-M30-CTR-COM;Huawei;Mate 30;Cámara trasera;Compatible;8,59;;;6
HU-M30-CFR-COM;Huawei;Mate 30;Cámara frontal;Compatible;4,75;;;6
HU-M30-LEN-COM;Huawei;Mate 30;Lente de cámara;Compatible;2,39;;;6
HU-M30-ALT-COM;Huawei;Mate 30;Altavoz;Compatible;3,75;;;6
HU-M30-AUR-COM;Huawei;Mate 30;Auricular de llamada;Compatible;3,15;;;6
HU-M30-FLX-COM;Huawei;Mate 30;Flex de encendido y volumen;Compatible;3,05;;;6
HU-M30-SIM-COM;Huawei;Mate 30;Bandeja SIM;Compatible;2,90;;;6
HU-Y9P19-PAN-COM;Huawei;Y9 Prime 2019;Pantalla;Compatible;12,65;12,27;11,89;6
HU-Y9P19-BAT-COM;Huawei;Y9 Prime 2019;Batería;Compatible;7,75;;;6
HU-Y9P19-CON-COM;Huawei;Y9 Prime 2019;Conector de carga;Compatible;3,69;;;6
HU-Y9P19-TAP-COM;Huawei;Y9 Prime 2019;Tapa trasera;Compatible;4,69;;;6
HU-Y9P19-CTR-COM;Huawei;Y9 Prime 2019;Cámara trasera;Compatible;6,20;;;6
HU-Y9P19-CFR-COM;Huawei;Y9 Prime 2019;Cámara frontal;Compatible;4,19;;;6
HU-Y9P19-LEN-COM;Huawei;Y9 Prime 2019;Lente de cámara;Compatible;2,05;;;6
HU-Y9P19-ALT-COM;Huawei;Y9 Prime 2019;Altavoz;Compatible;3,35;;;6
HU-Y9P19-AUR-COM;Huawei;Y9 Prime 2019;Auricular de llamada;Compatible;2,55;;;6
HU-Y9P19-FLX-COM;Huawei;Y9 Prime 2019;Flex de encendido y volumen;Compatible;2,40;;;6
HU-Y9P19-SIM-COM;Huawei;Y9 Prime 2019;Bandeja SIM;Compatible;2,65;;;6
HU-N5IP-PAN-COM;Huawei;nova 5i Pro;Pantalla;Compatible;15,35;14,89;14,43;6
HU-N5IP-BAT-COM;Huawei;nova 5i Pro;Batería;Compatible;8,40;;;6
HU-N5IP-CON-COM;Huawei;nova 5i Pro;Conector de carga;Compatible;4,55;;;6
HU-N5IP-TAP-COM;Huawei;nova 5i Pro;Tapa trasera;Compatible;5,25;;;6
HU-N5IP-CTR-COM;Huawei;nova 5i Pro;Cámara trasera;Compatible;7,05;;;6
HU-N5IP-CFR-COM;Huawei;nova 5i Pro;Cámara frontal;Compatible;4,49;;;6
HU-N5IP-LEN-COM;Huawei;nova 5i Pro;Lente de cámara;Compatible;1,99;;;6
HU-N5IP-ALT-COM;Huawei;nova 5i Pro;Altavoz;Compatible;3,40;;;6
HU-N5IP-AUR-COM;Huawei;nova 5i Pro;Auricular de llamada;Compatible;2,50;;;6
HU-N5IP-FLX-COM;Huawei;nova 5i Pro;Flex de encendido y volumen;Compatible;2,35;;;6
HU-N5IP-SIM-COM;Huawei;nova 5i Pro;Bandeja SIM;Compatible;2,50;;;6
HU-N5-PAN-COM;Huawei;nova 5;Pantalla;Compatible;15,35;14,89;14,43;6
HU-N5-BAT-COM;Huawei;nova 5;Batería;Compatible;8,40;;;6
HU-N5-CON-COM;Huawei;nova 5;Conector de carga;Compatible;4,55;;;6
HU-N5-TAP-COM;Huawei;nova 5;Tapa trasera;Compatible;5,25;;;6
HU-N5-CTR-COM;Huawei;nova 5;Cámara trasera;Compatible;7,05;;;6
HU-N5-CFR-COM;Huawei;nova 5;Cámara frontal;Compatible;4,49;;;6
HU-N5-LEN-COM;Huawei;nova 5;Lente de cámara;Compatible;1,99;;;6
HU-N5-ALT-COM;Huawei;nova 5;Altavoz;Compatible;3,40;;;6
HU-N5-AUR-COM;Huawei;nova 5;Auricular de llamada;Compatible;2,50;;;6
HU-N5-FLX-COM;Huawei;nova 5;Flex de encendido y volumen;Compatible;2,35;;;6
HU-N5-SIM-COM;Huawei;nova 5;Bandeja SIM;Compatible;2,50;;;6
HU-N5P-PAN-COM;Huawei;nova 5 Pro;Pantalla;Compatible;15,35;14,89;14,43;6
HU-N5P-BAT-COM;Huawei;nova 5 Pro;Batería;Compatible;8,40;;;6
HU-N5P-CON-COM;Huawei;nova 5 Pro;Conector de carga;Compatible;4,55;;;6
HU-N5P-TAP-COM;Huawei;nova 5 Pro;Tapa trasera;Compatible;5,25;;;6
HU-N5P-CTR-COM;Huawei;nova 5 Pro;Cámara trasera;Compatible;7,05;;;6
HU-N5P-CFR-COM;Huawei;nova 5 Pro;Cámara frontal;Compatible;4,49;;;6
HU-N5P-LEN-COM;Huawei;nova 5 Pro;Lente de cámara;Compatible;1,99;;;6
HU-N5P-ALT-COM;Huawei;nova 5 Pro;Altavoz;Compatible;3,40;;;6
HU-N5P-AUR-COM;Huawei;nova 5 Pro;Auricular de llamada;Compatible;2,50;;;6
HU-N5P-FLX-COM;Huawei;nova 5 Pro;Flex de encendido y volumen;Compatible;2,35;;;6
HU-N5P-SIM-COM;Huawei;nova 5 Pro;Bandeja SIM;Compatible;2,50;;;6
HU-N5I-PAN-COM;Huawei;nova 5i;Pantalla;Compatible;15,35;14,89;14,43;6
HU-N5I-BAT-COM;Huawei;nova 5i;Batería;Compatible;8,40;;;6
HU-N5I-CON-COM;Huawei;nova 5i;Conector de carga;Compatible;4,55;;;6
HU-N5I-TAP-COM;Huawei;nova 5i;Tapa trasera;Compatible;5,25;;;6
HU-N5I-CTR-COM;Huawei;nova 5i;Cámara trasera;Compatible;7,05;;;6
HU-N5I-CFR-COM;Huawei;nova 5i;Cámara frontal;Compatible;4,49;;;6
HU-N5I-LEN-COM;Huawei;nova 5i;Lente de cámara;Compatible;1,99;;;6
HU-N5I-ALT-COM;Huawei;nova 5i;Altavoz;Compatible;3,40;;;6
HU-N5I-AUR-COM;Huawei;nova 5i;Auricular de llamada;Compatible;2,50;;;6
HU-N5I-FLX-COM;Huawei;nova 5i;Flex de encendido y volumen;Compatible;2,35;;;6
HU-N5I-SIM-COM;Huawei;nova 5i;Bandeja SIM;Compatible;2,50;;;6
HU-Y519-PAN-ORI;Huawei;Y5 2019;Pantalla;Original;24,09;23,37;22,64;12
HU-Y519-PAN-COM;Huawei;Y5 2019;Pantalla;Compatible;12,65;12,27;11,89;6
HU-Y519-BAT-COM;Huawei;Y5 2019;Batería;Compatible;7,75;;;6
HU-Y519-CON-COM;Huawei;Y5 2019;Conector de carga;Compatible;3,69;;;6
HU-Y519-TAP-COM;Huawei;Y5 2019;Tapa trasera;Compatible;4,69;;;6
HU-Y519-CTR-COM;Huawei;Y5 2019;Cámara trasera;Compatible;6,20;;;6
HU-Y519-CFR-COM;Huawei;Y5 2019;Cámara frontal;Compatible;4,19;;;6
HU-Y519-LEN-COM;Huawei;Y5 2019;Lente de cámara;Compatible;2,05;;;6
HU-Y519-ALT-COM;Huawei;Y5 2019;Altavoz;Compatible;3,35;;;6
HU-Y519-AUR-COM;Huawei;Y5 2019;Auricular de llamada;Compatible;2,55;;;6
HU-Y519-FLX-COM;Huawei;Y5 2019;Flex de encendido y volumen;Compatible;2,40;;;6
HU-Y519-SIM-COM;Huawei;Y5 2019;Bandeja SIM;Compatible;2,65;;;6
HU-E9E-PAN-ORI;Huawei;Enjoy 9e;Pantalla;Original;33,25;32,25;31,26;12
HU-E9E-PAN-COM;Huawei;Enjoy 9e;Pantalla;Compatible;14,95;14,50;14,05;6
HU-E9E-BAT-COM;Huawei;Enjoy 9e;Batería;Compatible;9,05;;;6
HU-E9E-CON-COM;Huawei;Enjoy 9e;Conector de carga;Compatible;4,25;;;6
HU-E9E-TAP-COM;Huawei;Enjoy 9e;Tapa trasera;Compatible;5,30;;;6
HU-E9E-CTR-COM;Huawei;Enjoy 9e;Cámara trasera;Compatible;8,59;;;6
HU-E9E-CFR-COM;Huawei;Enjoy 9e;Cámara frontal;Compatible;4,75;;;6
HU-E9E-LEN-COM;Huawei;Enjoy 9e;Lente de cámara;Compatible;2,39;;;6
HU-E9E-ALT-COM;Huawei;Enjoy 9e;Altavoz;Compatible;3,75;;;6
HU-E9E-AUR-COM;Huawei;Enjoy 9e;Auricular de llamada;Compatible;3,15;;;6
HU-E9E-FLX-COM;Huawei;Enjoy 9e;Flex de encendido y volumen;Compatible;3,05;;;6
HU-E9E-SIM-COM;Huawei;Enjoy 9e;Bandeja SIM;Compatible;2,90;;;6
HU-N4E-PAN-COM;Huawei;nova 4e;Pantalla;Compatible;15,35;14,89;14,43;6
HU-N4E-BAT-COM;Huawei;nova 4e;Batería;Compatible;8,40;;;6
HU-N4E-CON-COM;Huawei;nova 4e;Conector de carga;Compatible;4,55;;;6
HU-N4E-TAP-COM;Huawei;nova 4e;Tapa trasera;Compatible;5,25;;;6
HU-N4E-CTR-COM;Huawei;nova 4e;Cámara trasera;Compatible;7,05;;;6
HU-N4E-CFR-COM;Huawei;nova 4e;Cámara frontal;Compatible;4,49;;;6
HU-N4E-LEN-COM;Huawei;nova 4e;Lente de cámara;Compatible;1,99;;;6
HU-N4E-ALT-COM;Huawei;nova 4e;Altavoz;Compatible;3,40;;;6
HU-N4E-AUR-COM;Huawei;nova 4e;Auricular de llamada;Compatible;2,50;;;6
HU-N4E-FLX-COM;Huawei;nova 4e;Flex de encendido y volumen;Compatible;2,35;;;6
HU-N4E-SIM-COM;Huawei;nova 4e;Bandeja SIM;Compatible;2,50;;;6
HU-Y6PRIME2-PAN-COM;Huawei;Y6 Prime 2019;Pantalla;Compatible;12,65;12,27;11,89;6
HU-Y6PRIME2-BAT-COM;Huawei;Y6 Prime 2019;Batería;Compatible;7,75;;;6
HU-Y6PRIME2-CON-COM;Huawei;Y6 Prime 2019;Conector de carga;Compatible;3,69;;;6
HU-Y6PRIME2-TAP-COM;Huawei;Y6 Prime 2019;Tapa trasera;Compatible;4,69;;;6
HU-Y6PRIME2-CTR-COM;Huawei;Y6 Prime 2019;Cámara trasera;Compatible;6,20;;;6
HU-Y6PRIME2-CFR-COM;Huawei;Y6 Prime 2019;Cámara frontal;Compatible;4,19;;;6
HU-Y6PRIME2-LEN-COM;Huawei;Y6 Prime 2019;Lente de cámara;Compatible;2,05;;;6
HU-Y6PRIME2-ALT-COM;Huawei;Y6 Prime 2019;Altavoz;Compatible;3,35;;;6
HU-Y6PRIME2-AUR-COM;Huawei;Y6 Prime 2019;Auricular de llamada;Compatible;2,55;;;6
HU-Y6PRIME2-FLX-COM;Huawei;Y6 Prime 2019;Flex de encendido y volumen;Compatible;2,40;;;6
HU-Y6PRIME2-SIM-COM;Huawei;Y6 Prime 2019;Bandeja SIM;Compatible;2,65;;;6
HU-Y719-PAN-ORI;Huawei;Y7 2019;Pantalla;Original;24,09;23,37;22,64;12
HU-Y719-PAN-COM;Huawei;Y7 2019;Pantalla;Compatible;12,65;12,27;11,89;6
HU-Y719-BAT-COM;Huawei;Y7 2019;Batería;Compatible;7,75;;;6
HU-Y719-CON-COM;Huawei;Y7 2019;Conector de carga;Compatible;3,69;;;6
HU-Y719-TAP-COM;Huawei;Y7 2019;Tapa trasera;Compatible;4,69;;;6
HU-Y719-CTR-COM;Huawei;Y7 2019;Cámara trasera;Compatible;6,20;;;6
HU-Y719-CFR-COM;Huawei;Y7 2019;Cámara frontal;Compatible;4,19;;;6
HU-Y719-LEN-COM;Huawei;Y7 2019;Lente de cámara;Compatible;2,05;;;6
HU-Y719-ALT-COM;Huawei;Y7 2019;Altavoz;Compatible;3,35;;;6
HU-Y719-AUR-COM;Huawei;Y7 2019;Auricular de llamada;Compatible;2,55;;;6
HU-Y719-FLX-COM;Huawei;Y7 2019;Flex de encendido y volumen;Compatible;2,40;;;6
HU-Y719-SIM-COM;Huawei;Y7 2019;Bandeja SIM;Compatible;2,65;;;6
HU-Y619-PAN-COM;Huawei;Y6 2019;Pantalla;Compatible;12,30;11,93;11,56;6
HU-Y619-BAT-COM;Huawei;Y6 2019;Batería;Compatible;7,75;;;6
HU-Y619-CON-COM;Huawei;Y6 2019;Conector de carga;Compatible;3,69;;;6
HU-Y619-TAP-COM;Huawei;Y6 2019;Tapa trasera;Compatible;4,69;;;6
HU-Y619-CTR-COM;Huawei;Y6 2019;Cámara trasera;Compatible;6,20;;;6
HU-Y619-CFR-COM;Huawei;Y6 2019;Cámara frontal;Compatible;4,19;;;6
HU-Y619-LEN-COM;Huawei;Y6 2019;Lente de cámara;Compatible;2,05;;;6
HU-Y619-ALT-COM;Huawei;Y6 2019;Altavoz;Compatible;3,35;;;6
HU-Y619-AUR-COM;Huawei;Y6 2019;Auricular de llamada;Compatible;2,55;;;6
HU-Y619-FLX-COM;Huawei;Y6 2019;Flex de encendido y volumen;Compatible;2,40;;;6
HU-Y619-SIM-COM;Huawei;Y6 2019;Bandeja SIM;Compatible;2,65;;;6
HU-Y6P19-PAN-COM;Huawei;Y6 Pro 2019;Pantalla;Compatible;12,65;12,27;11,89;6
HU-Y6P19-BAT-COM;Huawei;Y6 Pro 2019;Batería;Compatible;7,75;;;6
HU-Y6P19-CON-COM;Huawei;Y6 Pro 2019;Conector de carga;Compatible;3,69;;;6
HU-Y6P19-TAP-COM;Huawei;Y6 Pro 2019;Tapa trasera;Compatible;4,69;;;6
HU-Y6P19-CTR-COM;Huawei;Y6 Pro 2019;Cámara trasera;Compatible;6,20;;;6
HU-Y6P19-CFR-COM;Huawei;Y6 Pro 2019;Cámara frontal;Compatible;4,19;;;6
HU-Y6P19-LEN-COM;Huawei;Y6 Pro 2019;Lente de cámara;Compatible;2,05;;;6
HU-Y6P19-ALT-COM;Huawei;Y6 Pro 2019;Altavoz;Compatible;3,35;;;6
HU-Y6P19-AUR-COM;Huawei;Y6 Pro 2019;Auricular de llamada;Compatible;2,55;;;6
HU-Y6P19-FLX-COM;Huawei;Y6 Pro 2019;Flex de encendido y volumen;Compatible;2,40;;;6
HU-Y6P19-SIM-COM;Huawei;Y6 Pro 2019;Bandeja SIM;Compatible;2,65;;;6
HU-Y5L-PAN-ORI;Huawei;Y5 lite;Pantalla;Original;24,09;23,37;22,64;12
HU-Y5L-PAN-COM;Huawei;Y5 lite;Pantalla;Compatible;12,65;12,27;11,89;6
HU-Y5L-BAT-COM;Huawei;Y5 lite;Batería;Compatible;7,75;;;6
HU-Y5L-CON-COM;Huawei;Y5 lite;Conector de carga;Compatible;3,69;;;6
HU-Y5L-TAP-COM;Huawei;Y5 lite;Tapa trasera;Compatible;4,69;;;6
HU-Y5L-CTR-COM;Huawei;Y5 lite;Cámara trasera;Compatible;6,20;;;6
HU-Y5L-CFR-COM;Huawei;Y5 lite;Cámara frontal;Compatible;4,19;;;6
HU-Y5L-LEN-COM;Huawei;Y5 lite;Lente de cámara;Compatible;2,05;;;6
HU-Y5L-ALT-COM;Huawei;Y5 lite;Altavoz;Compatible;3,35;;;6
HU-Y5L-AUR-COM;Huawei;Y5 lite;Auricular de llamada;Compatible;2,55;;;6
HU-Y5L-FLX-COM;Huawei;Y5 lite;Flex de encendido y volumen;Compatible;2,40;;;6
HU-Y5L-SIM-COM;Huawei;Y5 lite;Bandeja SIM;Compatible;2,65;;;6
HU-Y7PRIME2-PAN-ORI;Huawei;Y7 Prime 2019;Pantalla;Original;24,09;23,37;22,64;12
HU-Y7PRIME2-PAN-COM;Huawei;Y7 Prime 2019;Pantalla;Compatible;12,65;12,27;11,89;6
HU-Y7PRIME2-BAT-COM;Huawei;Y7 Prime 2019;Batería;Compatible;7,75;;;6
HU-Y7PRIME2-CON-COM;Huawei;Y7 Prime 2019;Conector de carga;Compatible;3,69;;;6
HU-Y7PRIME2-TAP-COM;Huawei;Y7 Prime 2019;Tapa trasera;Compatible;4,69;;;6
HU-Y7PRIME2-CTR-COM;Huawei;Y7 Prime 2019;Cámara trasera;Compatible;6,20;;;6
HU-Y7PRIME2-CFR-COM;Huawei;Y7 Prime 2019;Cámara frontal;Compatible;4,19;;;6
HU-Y7PRIME2-LEN-COM;Huawei;Y7 Prime 2019;Lente de cámara;Compatible;2,05;;;6
HU-Y7PRIME2-ALT-COM;Huawei;Y7 Prime 2019;Altavoz;Compatible;3,35;;;6
HU-Y7PRIME2-AUR-COM;Huawei;Y7 Prime 2019;Auricular de llamada;Compatible;2,55;;;6
HU-Y7PRIME2-FLX-COM;Huawei;Y7 Prime 2019;Flex de encendido y volumen;Compatible;2,40;;;6
HU-Y7PRIME2-SIM-COM;Huawei;Y7 Prime 2019;Bandeja SIM;Compatible;2,65;;;6
HU-N4-PAN-COM;Huawei;nova 4;Pantalla;Compatible;15,35;14,89;14,43;6
HU-N4-BAT-COM;Huawei;nova 4;Batería;Compatible;8,40;;;6
HU-N4-CON-COM;Huawei;nova 4;Conector de carga;Compatible;4,55;;;6
HU-N4-TAP-COM;Huawei;nova 4;Tapa trasera;Compatible;5,25;;;6
HU-N4-CTR-COM;Huawei;nova 4;Cámara trasera;Compatible;7,05;;;6
HU-N4-CFR-COM;Huawei;nova 4;Cámara frontal;Compatible;4,49;;;6
HU-N4-LEN-COM;Huawei;nova 4;Lente de cámara;Compatible;1,99;;;6
HU-N4-ALT-COM;Huawei;nova 4;Altavoz;Compatible;3,40;;;6
HU-N4-AUR-COM;Huawei;nova 4;Auricular de llamada;Compatible;2,50;;;6
HU-N4-FLX-COM;Huawei;nova 4;Flex de encendido y volumen;Compatible;2,35;;;6
HU-N4-SIM-COM;Huawei;nova 4;Bandeja SIM;Compatible;2,50;;;6
HU-Y7P19-PAN-ORI;Huawei;Y7 Pro 2019;Pantalla;Original;24,09;23,37;22,64;12
HU-Y7P19-PAN-COM;Huawei;Y7 Pro 2019;Pantalla;Compatible;12,65;12,27;11,89;6
HU-Y7P19-BAT-COM;Huawei;Y7 Pro 2019;Batería;Compatible;7,75;;;6
HU-Y7P19-CON-COM;Huawei;Y7 Pro 2019;Conector de carga;Compatible;3,69;;;6
HU-Y7P19-TAP-COM;Huawei;Y7 Pro 2019;Tapa trasera;Compatible;4,69;;;6
HU-Y7P19-CTR-COM;Huawei;Y7 Pro 2019;Cámara trasera;Compatible;6,20;;;6
HU-Y7P19-CFR-COM;Huawei;Y7 Pro 2019;Cámara frontal;Compatible;4,19;;;6
HU-Y7P19-LEN-COM;Huawei;Y7 Pro 2019;Lente de cámara;Compatible;2,05;;;6
HU-Y7P19-ALT-COM;Huawei;Y7 Pro 2019;Altavoz;Compatible;3,35;;;6
HU-Y7P19-AUR-COM;Huawei;Y7 Pro 2019;Auricular de llamada;Compatible;2,55;;;6
HU-Y7P19-FLX-COM;Huawei;Y7 Pro 2019;Flex de encendido y volumen;Compatible;2,40;;;6
HU-Y7P19-SIM-COM;Huawei;Y7 Pro 2019;Bandeja SIM;Compatible;2,65;;;6
HU-YM-PAN-ORI;Huawei;Y Max;Pantalla;Original;33,25;32,25;31,26;12
HU-YM-PAN-COM;Huawei;Y Max;Pantalla;Compatible;14,95;14,50;14,05;6
HU-YM-BAT-COM;Huawei;Y Max;Batería;Compatible;9,05;;;6
HU-YM-CON-COM;Huawei;Y Max;Conector de carga;Compatible;4,25;;;6
HU-YM-TAP-COM;Huawei;Y Max;Tapa trasera;Compatible;5,30;;;6
HU-YM-CTR-COM;Huawei;Y Max;Cámara trasera;Compatible;8,59;;;6
HU-YM-CFR-COM;Huawei;Y Max;Cámara frontal;Compatible;4,75;;;6
HU-YM-LEN-COM;Huawei;Y Max;Lente de cámara;Compatible;2,39;;;6
HU-YM-ALT-COM;Huawei;Y Max;Altavoz;Compatible;3,75;;;6
HU-YM-AUR-COM;Huawei;Y Max;Auricular de llamada;Compatible;3,15;;;6
HU-YM-FLX-COM;Huawei;Y Max;Flex de encendido y volumen;Compatible;3,05;;;6
HU-YM-SIM-COM;Huawei;Y Max;Bandeja SIM;Compatible;2,90;;;6
HU-Y919-PAN-COM;Huawei;Y9 2019;Pantalla;Compatible;12,65;12,27;11,89;6
HU-Y919-BAT-COM;Huawei;Y9 2019;Batería;Compatible;7,75;;;6
HU-Y919-CON-COM;Huawei;Y9 2019;Conector de carga;Compatible;3,69;;;6
HU-Y919-TAP-COM;Huawei;Y9 2019;Tapa trasera;Compatible;4,69;;;6
HU-Y919-CTR-COM;Huawei;Y9 2019;Cámara trasera;Compatible;6,20;;;6
HU-Y919-CFR-COM;Huawei;Y9 2019;Cámara frontal;Compatible;4,19;;;6
HU-Y919-LEN-COM;Huawei;Y9 2019;Lente de cámara;Compatible;2,05;;;6
HU-Y919-ALT-COM;Huawei;Y9 2019;Altavoz;Compatible;3,35;;;6
HU-Y919-AUR-COM;Huawei;Y9 2019;Auricular de llamada;Compatible;2,55;;;6
HU-Y919-FLX-COM;Huawei;Y9 2019;Flex de encendido y volumen;Compatible;2,40;;;6
HU-Y919-SIM-COM;Huawei;Y9 2019;Bandeja SIM;Compatible;2,65;;;6
HU-N3-PAN-COM;Huawei;nova 3;Pantalla;Compatible;15,35;14,89;14,43;6
HU-N3-BAT-COM;Huawei;nova 3;Batería;Compatible;8,40;;;6
HU-N3-CON-COM;Huawei;nova 3;Conector de carga;Compatible;4,55;;;6
HU-N3-TAP-COM;Huawei;nova 3;Tapa trasera;Compatible;5,25;;;6
HU-N3-CTR-COM;Huawei;nova 3;Cámara trasera;Compatible;7,05;;;6
HU-N3-CFR-COM;Huawei;nova 3;Cámara frontal;Compatible;4,49;;;6
HU-N3-LEN-COM;Huawei;nova 3;Lente de cámara;Compatible;1,99;;;6
HU-N3-ALT-COM;Huawei;nova 3;Altavoz;Compatible;3,40;;;6
HU-N3-AUR-COM;Huawei;nova 3;Auricular de llamada;Compatible;2,50;;;6
HU-N3-FLX-COM;Huawei;nova 3;Flex de encendido y volumen;Compatible;2,35;;;6
HU-N3-SIM-COM;Huawei;nova 3;Bandeja SIM;Compatible;2,50;;;6
HU-Y318-PAN-ORI;Huawei;Y3 2018;Pantalla;Original;24,09;23,37;22,64;12
HU-Y318-PAN-COM;Huawei;Y3 2018;Pantalla;Compatible;12,65;12,27;11,89;6
HU-Y318-BAT-COM;Huawei;Y3 2018;Batería;Compatible;7,75;;;6
HU-Y318-CON-COM;Huawei;Y3 2018;Conector de carga;Compatible;3,69;;;6
HU-Y318-TAP-COM;Huawei;Y3 2018;Tapa trasera;Compatible;4,69;;;6
HU-Y318-CTR-COM;Huawei;Y3 2018;Cámara trasera;Compatible;6,20;;;6
HU-Y318-CFR-COM;Huawei;Y3 2018;Cámara frontal;Compatible;4,19;;;6
HU-Y318-LEN-COM;Huawei;Y3 2018;Lente de cámara;Compatible;2,05;;;6
HU-Y318-ALT-COM;Huawei;Y3 2018;Altavoz;Compatible;3,35;;;6
HU-Y318-AUR-COM;Huawei;Y3 2018;Auricular de llamada;Compatible;2,55;;;6
HU-Y318-FLX-COM;Huawei;Y3 2018;Flex de encendido y volumen;Compatible;2,40;;;6
HU-Y318-SIM-COM;Huawei;Y3 2018;Bandeja SIM;Compatible;2,65;;;6
HU-Y5P18-PAN-ORI;Huawei;Y5 Prime 2018;Pantalla;Original;24,09;23,37;22,64;12
HU-Y5P18-PAN-COM;Huawei;Y5 Prime 2018;Pantalla;Compatible;12,65;12,27;11,89;6
HU-Y5P18-BAT-COM;Huawei;Y5 Prime 2018;Batería;Compatible;7,75;;;6
HU-Y5P18-CON-COM;Huawei;Y5 Prime 2018;Conector de carga;Compatible;3,69;;;6
HU-Y5P18-TAP-COM;Huawei;Y5 Prime 2018;Tapa trasera;Compatible;4,69;;;6
HU-Y5P18-CTR-COM;Huawei;Y5 Prime 2018;Cámara trasera;Compatible;6,20;;;6
HU-Y5P18-CFR-COM;Huawei;Y5 Prime 2018;Cámara frontal;Compatible;4,19;;;6
HU-Y5P18-LEN-COM;Huawei;Y5 Prime 2018;Lente de cámara;Compatible;2,05;;;6
HU-Y5P18-ALT-COM;Huawei;Y5 Prime 2018;Altavoz;Compatible;3,35;;;6
HU-Y5P18-AUR-COM;Huawei;Y5 Prime 2018;Auricular de llamada;Compatible;2,55;;;6
HU-Y5P18-FLX-COM;Huawei;Y5 Prime 2018;Flex de encendido y volumen;Compatible;2,40;;;6
HU-Y5P18-SIM-COM;Huawei;Y5 Prime 2018;Bandeja SIM;Compatible;2,65;;;6
HU-Y6P18-PAN-COM;Huawei;Y6 Prime 2018;Pantalla;Compatible;12,65;12,27;11,89;6
HU-Y6P18-BAT-COM;Huawei;Y6 Prime 2018;Batería;Compatible;7,75;;;6
HU-Y6P18-CON-COM;Huawei;Y6 Prime 2018;Conector de carga;Compatible;3,69;;;6
HU-Y6P18-TAP-COM;Huawei;Y6 Prime 2018;Tapa trasera;Compatible;4,69;;;6
HU-Y6P18-CTR-COM;Huawei;Y6 Prime 2018;Cámara trasera;Compatible;6,20;;;6
HU-Y6P18-CFR-COM;Huawei;Y6 Prime 2018;Cámara frontal;Compatible;4,19;;;6
HU-Y6P18-LEN-COM;Huawei;Y6 Prime 2018;Lente de cámara;Compatible;2,05;;;6
HU-Y6P18-ALT-COM;Huawei;Y6 Prime 2018;Altavoz;Compatible;3,35;;;6
HU-Y6P18-AUR-COM;Huawei;Y6 Prime 2018;Auricular de llamada;Compatible;2,55;;;6
HU-Y6P18-FLX-COM;Huawei;Y6 Prime 2018;Flex de encendido y volumen;Compatible;2,40;;;6
HU-Y6P18-SIM-COM;Huawei;Y6 Prime 2018;Bandeja SIM;Compatible;2,65;;;6
HU-N2I-PAN-COM;Huawei;nova 2i;Pantalla;Compatible;15,35;14,89;14,43;6
HU-N2I-BAT-COM;Huawei;nova 2i;Batería;Compatible;8,40;;;6
HU-N2I-CON-COM;Huawei;nova 2i;Conector de carga;Compatible;4,55;;;6
HU-N2I-TAP-COM;Huawei;nova 2i;Tapa trasera;Compatible;5,25;;;6
HU-N2I-CTR-COM;Huawei;nova 2i;Cámara trasera;Compatible;7,05;;;6
HU-N2I-CFR-COM;Huawei;nova 2i;Cámara frontal;Compatible;4,49;;;6
HU-N2I-LEN-COM;Huawei;nova 2i;Lente de cámara;Compatible;1,99;;;6
HU-N2I-ALT-COM;Huawei;nova 2i;Altavoz;Compatible;3,40;;;6
HU-N2I-AUR-COM;Huawei;nova 2i;Auricular de llamada;Compatible;2,50;;;6
HU-N2I-FLX-COM;Huawei;nova 2i;Flex de encendido y volumen;Compatible;2,35;;;6
HU-N2I-SIM-COM;Huawei;nova 2i;Bandeja SIM;Compatible;2,50;;;6
HU-P20L-PAN-COM;Huawei;P20 lite;Pantalla;Compatible;13,95;13,53;13,11;6
HU-P20L-BAT-COM;Huawei;P20 lite;Batería;Compatible;8,50;;;6
HU-P20L-CON-COM;Huawei;P20 lite;Conector de carga;Compatible;4,45;;;6
HU-P20L-TAP-COM;Huawei;P20 lite;Tapa trasera;Compatible;5,00;;;6
HU-P20L-CTR-COM;Huawei;P20 lite;Cámara trasera;Compatible;7,19;;;6
HU-P20L-CFR-COM;Huawei;P20 lite;Cámara frontal;Compatible;4,55;;;6
HU-P20L-LEN-COM;Huawei;P20 lite;Lente de cámara;Compatible;1,95;;;6
HU-P20L-ALT-COM;Huawei;P20 lite;Altavoz;Compatible;3,30;;;6
HU-P20L-AUR-COM;Huawei;P20 lite;Auricular de llamada;Compatible;2,50;;;6
HU-P20L-FLX-COM;Huawei;P20 lite;Flex de encendido y volumen;Compatible;2,35;;;6
HU-P20L-SIM-COM;Huawei;P20 lite;Bandeja SIM;Compatible;2,59;;;6
HU-P20-PAN-ORI;Huawei;P20;Pantalla;Original;32,49;31,52;30,54;12
HU-P20-PAN-COM;Huawei;P20;Pantalla;Compatible;15,00;14,55;14,10;6
HU-P20-BAT-COM;Huawei;P20;Batería;Compatible;8,95;;;6
HU-P20-CON-COM;Huawei;P20;Conector de carga;Compatible;4,15;;;6
HU-P20-TAP-COM;Huawei;P20;Tapa trasera;Compatible;5,09;;;6
HU-P20-CTR-COM;Huawei;P20;Cámara trasera;Compatible;8,75;;;6
HU-P20-CFR-COM;Huawei;P20;Cámara frontal;Compatible;4,85;;;6
HU-P20-LEN-COM;Huawei;P20;Lente de cámara;Compatible;2,30;;;6
HU-P20-ALT-COM;Huawei;P20;Altavoz;Compatible;3,65;;;6
HU-P20-AUR-COM;Huawei;P20;Auricular de llamada;Compatible;3,15;;;6
HU-P20-FLX-COM;Huawei;P20;Flex de encendido y volumen;Compatible;3,05;;;6
HU-P20-SIM-COM;Huawei;P20;Bandeja SIM;Compatible;2,95;;;6
HU-Y7P18-PAN-COM;Huawei;Y7 Prime 2018;Pantalla;Compatible;12,65;12,27;11,89;6
HU-Y7P18-BAT-COM;Huawei;Y7 Prime 2018;Batería;Compatible;7,75;;;6
HU-Y7P18-CON-COM;Huawei;Y7 Prime 2018;Conector de carga;Compatible;3,69;;;6
HU-Y7P18-TAP-COM;Huawei;Y7 Prime 2018;Tapa trasera;Compatible;4,69;;;6
HU-Y7P18-CTR-COM;Huawei;Y7 Prime 2018;Cámara trasera;Compatible;6,20;;;6
HU-Y7P18-CFR-COM;Huawei;Y7 Prime 2018;Cámara frontal;Compatible;4,19;;;6
HU-Y7P18-LEN-COM;Huawei;Y7 Prime 2018;Lente de cámara;Compatible;2,05;;;6
HU-Y7P18-ALT-COM;Huawei;Y7 Prime 2018;Altavoz;Compatible;3,35;;;6
HU-Y7P18-AUR-COM;Huawei;Y7 Prime 2018;Auricular de llamada;Compatible;2,55;;;6
HU-Y7P18-FLX-COM;Huawei;Y7 Prime 2018;Flex de encendido y volumen;Compatible;2,40;;;6
HU-Y7P18-SIM-COM;Huawei;Y7 Prime 2018;Bandeja SIM;Compatible;2,65;;;6
HU-Y7PRO201-PAN-COM;Huawei;Y7 Pro 2018;Pantalla;Compatible;12,65;12,27;11,89;6
HU-Y7PRO201-BAT-COM;Huawei;Y7 Pro 2018;Batería;Compatible;7,75;;;6
HU-Y7PRO201-CON-COM;Huawei;Y7 Pro 2018;Conector de carga;Compatible;3,69;;;6
HU-Y7PRO201-TAP-COM;Huawei;Y7 Pro 2018;Tapa trasera;Compatible;4,69;;;6
HU-Y7PRO201-CTR-COM;Huawei;Y7 Pro 2018;Cámara trasera;Compatible;6,20;;;6
HU-Y7PRO201-CFR-COM;Huawei;Y7 Pro 2018;Cámara frontal;Compatible;4,19;;;6
HU-Y7PRO201-LEN-COM;Huawei;Y7 Pro 2018;Lente de cámara;Compatible;2,05;;;6
HU-Y7PRO201-ALT-COM;Huawei;Y7 Pro 2018;Altavoz;Compatible;3,35;;;6
HU-Y7PRO201-AUR-COM;Huawei;Y7 Pro 2018;Auricular de llamada;Compatible;2,55;;;6
HU-Y7PRO201-FLX-COM;Huawei;Y7 Pro 2018;Flex de encendido y volumen;Compatible;2,40;;;6
HU-Y7PRO201-SIM-COM;Huawei;Y7 Pro 2018;Bandeja SIM;Compatible;2,65;;;6
HU-Y918-PAN-ORI;Huawei;Y9 2018;Pantalla;Original;24,09;23,37;22,64;12
HU-Y918-PAN-COM;Huawei;Y9 2018;Pantalla;Compatible;12,65;12,27;11,89;6
HU-Y918-BAT-COM;Huawei;Y9 2018;Batería;Compatible;7,75;;;6
HU-Y918-CON-COM;Huawei;Y9 2018;Conector de carga;Compatible;3,69;;;6
HU-Y918-TAP-COM;Huawei;Y9 2018;Tapa trasera;Compatible;4,69;;;6
HU-Y918-CTR-COM;Huawei;Y9 2018;Cámara trasera;Compatible;6,20;;;6
HU-Y918-CFR-COM;Huawei;Y9 2018;Cámara frontal;Compatible;4,19;;;6
HU-Y918-LEN-COM;Huawei;Y9 2018;Lente de cámara;Compatible;2,05;;;6
HU-Y918-ALT-COM;Huawei;Y9 2018;Altavoz;Compatible;3,35;;;6
HU-Y918-AUR-COM;Huawei;Y9 2018;Auricular de llamada;Compatible;2,55;;;6
HU-Y918-FLX-COM;Huawei;Y9 2018;Flex de encendido y volumen;Compatible;2,40;;;6
HU-Y918-SIM-COM;Huawei;Y9 2018;Bandeja SIM;Compatible;2,65;;;6
HU-N2S-PAN-COM;Huawei;nova 2s;Pantalla;Compatible;15,35;14,89;14,43;6
HU-N2S-BAT-COM;Huawei;nova 2s;Batería;Compatible;8,40;;;6
HU-N2S-CON-COM;Huawei;nova 2s;Conector de carga;Compatible;4,55;;;6
HU-N2S-TAP-COM;Huawei;nova 2s;Tapa trasera;Compatible;5,25;;;6
HU-N2S-CTR-COM;Huawei;nova 2s;Cámara trasera;Compatible;7,05;;;6
HU-N2S-CFR-COM;Huawei;nova 2s;Cámara frontal;Compatible;4,49;;;6
HU-N2S-LEN-COM;Huawei;nova 2s;Lente de cámara;Compatible;1,99;;;6
HU-N2S-ALT-COM;Huawei;nova 2s;Altavoz;Compatible;3,40;;;6
HU-N2S-AUR-COM;Huawei;nova 2s;Auricular de llamada;Compatible;2,50;;;6
HU-N2S-FLX-COM;Huawei;nova 2s;Flex de encendido y volumen;Compatible;2,35;;;6
HU-N2S-SIM-COM;Huawei;nova 2s;Bandeja SIM;Compatible;2,50;;;6
HU-M10L-PAN-COM;Huawei;Mate 10 lite;Pantalla;Compatible;15,19;14,73;14,28;6
HU-M10L-BAT-COM;Huawei;Mate 10 lite;Batería;Compatible;8,40;;;6
HU-M10L-CON-COM;Huawei;Mate 10 lite;Conector de carga;Compatible;4,55;;;6
HU-M10L-TAP-COM;Huawei;Mate 10 lite;Tapa trasera;Compatible;5,25;;;6
HU-M10L-CTR-COM;Huawei;Mate 10 lite;Cámara trasera;Compatible;7,05;;;6
HU-M10L-CFR-COM;Huawei;Mate 10 lite;Cámara frontal;Compatible;4,49;;;6
HU-M10L-LEN-COM;Huawei;Mate 10 lite;Lente de cámara;Compatible;1,99;;;6
HU-M10L-ALT-COM;Huawei;Mate 10 lite;Altavoz;Compatible;3,40;;;6
HU-M10L-AUR-COM;Huawei;Mate 10 lite;Auricular de llamada;Compatible;2,50;;;6
HU-M10L-FLX-COM;Huawei;Mate 10 lite;Flex de encendido y volumen;Compatible;2,35;;;6
HU-M10L-SIM-COM;Huawei;Mate 10 lite;Bandeja SIM;Compatible;2,50;;;6
HU-M10-PAN-ORI;Huawei;Mate 10;Pantalla;Original;33,25;32,25;31,26;12
HU-M10-PAN-COM;Huawei;Mate 10;Pantalla;Compatible;14,79;14,35;13,90;6
HU-M10-BAT-COM;Huawei;Mate 10;Batería;Compatible;8,85;;;6
HU-M10-CON-COM;Huawei;Mate 10;Conector de carga;Compatible;4,25;;;6
HU-M10-TAP-COM;Huawei;Mate 10;Tapa trasera;Compatible;5,30;;;6
HU-M10-CTR-COM;Huawei;Mate 10;Cámara trasera;Compatible;8,59;;;6
HU-M10-CFR-COM;Huawei;Mate 10;Cámara frontal;Compatible;4,75;;;6
HU-M10-LEN-COM;Huawei;Mate 10;Lente de cámara;Compatible;2,39;;;6
HU-M10-ALT-COM;Huawei;Mate 10;Altavoz;Compatible;3,75;;;6
HU-M10-AUR-COM;Huawei;Mate 10;Auricular de llamada;Compatible;3,15;;;6
HU-M10-FLX-COM;Huawei;Mate 10;Flex de encendido y volumen;Compatible;3,05;;;6
HU-M10-SIM-COM;Huawei;Mate 10;Bandeja SIM;Compatible;2,90;;;6
HU-Y317-PAN-ORI;Huawei;Y3 2017;Pantalla;Original;24,09;23,37;22,64;12
HU-Y317-PAN-COM;Huawei;Y3 2017;Pantalla;Compatible;12,65;12,27;11,89;6
HU-Y317-BAT-COM;Huawei;Y3 2017;Batería;Compatible;7,75;;;6
HU-Y317-CON-COM;Huawei;Y3 2017;Conector de carga;Compatible;3,69;;;6
HU-Y317-TAP-COM;Huawei;Y3 2017;Tapa trasera;Compatible;4,69;;;6
HU-Y317-CTR-COM;Huawei;Y3 2017;Cámara trasera;Compatible;6,20;;;6
HU-Y317-CFR-COM;Huawei;Y3 2017;Cámara frontal;Compatible;4,19;;;6
HU-Y317-LEN-COM;Huawei;Y3 2017;Lente de cámara;Compatible;2,05;;;6
HU-Y317-ALT-COM;Huawei;Y3 2017;Altavoz;Compatible;3,35;;;6
HU-Y317-AUR-COM;Huawei;Y3 2017;Auricular de llamada;Compatible;2,55;;;6
HU-Y317-FLX-COM;Huawei;Y3 2017;Flex de encendido y volumen;Compatible;2,40;;;6
HU-Y317-SIM-COM;Huawei;Y3 2017;Bandeja SIM;Compatible;2,65;;;6
HU-NL-PAN-ORI;Huawei;nova lite;Pantalla;Original;30,00;29,10;28,20;12
HU-NL-PAN-COM;Huawei;nova lite;Pantalla;Compatible;15,35;14,89;14,43;6
HU-NL-BAT-COM;Huawei;nova lite;Batería;Compatible;8,40;;;6
HU-NL-CON-COM;Huawei;nova lite;Conector de carga;Compatible;4,55;;;6
HU-NL-TAP-COM;Huawei;nova lite;Tapa trasera;Compatible;5,25;;;6
HU-NL-CTR-COM;Huawei;nova lite;Cámara trasera;Compatible;7,05;;;6
HU-NL-CFR-COM;Huawei;nova lite;Cámara frontal;Compatible;4,49;;;6
HU-NL-LEN-COM;Huawei;nova lite;Lente de cámara;Compatible;1,99;;;6
HU-NL-ALT-COM;Huawei;nova lite;Altavoz;Compatible;3,40;;;6
HU-NL-AUR-COM;Huawei;nova lite;Auricular de llamada;Compatible;2,50;;;6
HU-NL-FLX-COM;Huawei;nova lite;Flex de encendido y volumen;Compatible;2,35;;;6
HU-NL-SIM-COM;Huawei;nova lite;Bandeja SIM;Compatible;2,50;;;6
HU-NLPL-PAN-COM;Huawei;nova lite+;Pantalla;Compatible;15,35;14,89;14,43;6
HU-NLPL-BAT-COM;Huawei;nova lite+;Batería;Compatible;8,40;;;6
HU-NLPL-CON-COM;Huawei;nova lite+;Conector de carga;Compatible;4,55;;;6
HU-NLPL-TAP-COM;Huawei;nova lite+;Tapa trasera;Compatible;5,25;;;6
HU-NLPL-CTR-COM;Huawei;nova lite+;Cámara trasera;Compatible;7,05;;;6
HU-NLPL-CFR-COM;Huawei;nova lite+;Cámara frontal;Compatible;4,49;;;6
HU-NLPL-LEN-COM;Huawei;nova lite+;Lente de cámara;Compatible;1,99;;;6
HU-NLPL-ALT-COM;Huawei;nova lite+;Altavoz;Compatible;3,40;;;6
HU-NLPL-AUR-COM;Huawei;nova lite+;Auricular de llamada;Compatible;2,50;;;6
HU-NLPL-FLX-COM;Huawei;nova lite+;Flex de encendido y volumen;Compatible;2,35;;;6
HU-NLPL-SIM-COM;Huawei;nova lite+;Bandeja SIM;Compatible;2,50;;;6
HU-Y617-PAN-ORI;Huawei;Y6 2017;Pantalla;Original;24,09;23,37;22,64;12
HU-Y617-PAN-COM;Huawei;Y6 2017;Pantalla;Compatible;12,65;12,27;11,89;6
HU-Y617-BAT-COM;Huawei;Y6 2017;Batería;Compatible;7,75;;;6
HU-Y617-CON-COM;Huawei;Y6 2017;Conector de carga;Compatible;3,69;;;6
HU-Y617-TAP-COM;Huawei;Y6 2017;Tapa trasera;Compatible;4,69;;;6
HU-Y617-CTR-COM;Huawei;Y6 2017;Cámara trasera;Compatible;6,20;;;6
HU-Y617-CFR-COM;Huawei;Y6 2017;Cámara frontal;Compatible;4,19;;;6
HU-Y617-LEN-COM;Huawei;Y6 2017;Lente de cámara;Compatible;2,05;;;6
HU-Y617-ALT-COM;Huawei;Y6 2017;Altavoz;Compatible;3,35;;;6
HU-Y617-AUR-COM;Huawei;Y6 2017;Auricular de llamada;Compatible;2,55;;;6
HU-Y617-FLX-COM;Huawei;Y6 2017;Flex de encendido y volumen;Compatible;2,40;;;6
HU-Y617-SIM-COM;Huawei;Y6 2017;Bandeja SIM;Compatible;2,65;;;6
HU-N2-PAN-COM;Huawei;nova 2;Pantalla;Compatible;15,35;14,89;14,43;6
HU-N2-BAT-COM;Huawei;nova 2;Batería;Compatible;8,40;;;6
HU-N2-CON-COM;Huawei;nova 2;Conector de carga;Compatible;4,55;;;6
HU-N2-TAP-COM;Huawei;nova 2;Tapa trasera;Compatible;5,25;;;6
HU-N2-CTR-COM;Huawei;nova 2;Cámara trasera;Compatible;7,05;;;6
HU-N2-CFR-COM;Huawei;nova 2;Cámara frontal;Compatible;4,49;;;6
HU-N2-LEN-COM;Huawei;nova 2;Lente de cámara;Compatible;1,99;;;6
HU-N2-ALT-COM;Huawei;nova 2;Altavoz;Compatible;3,40;;;6
HU-N2-AUR-COM;Huawei;nova 2;Auricular de llamada;Compatible;2,50;;;6
HU-N2-FLX-COM;Huawei;nova 2;Flex de encendido y volumen;Compatible;2,35;;;6
HU-N2-SIM-COM;Huawei;nova 2;Bandeja SIM;Compatible;2,50;;;6
HU-N2PL-PAN-COM;Huawei;nova 2 Plus;Pantalla;Compatible;15,35;14,89;14,43;6
HU-N2PL-BAT-COM;Huawei;nova 2 Plus;Batería;Compatible;8,40;;;6
HU-N2PL-CON-COM;Huawei;nova 2 Plus;Conector de carga;Compatible;4,55;;;6
HU-N2PL-TAP-COM;Huawei;nova 2 Plus;Tapa trasera;Compatible;5,25;;;6
HU-N2PL-CTR-COM;Huawei;nova 2 Plus;Cámara trasera;Compatible;7,05;;;6
HU-N2PL-CFR-COM;Huawei;nova 2 Plus;Cámara frontal;Compatible;4,49;;;6
HU-N2PL-LEN-COM;Huawei;nova 2 Plus;Lente de cámara;Compatible;1,99;;;6
HU-N2PL-ALT-COM;Huawei;nova 2 Plus;Altavoz;Compatible;3,40;;;6
HU-N2PL-AUR-COM;Huawei;nova 2 Plus;Auricular de llamada;Compatible;2,50;;;6
HU-N2PL-FLX-COM;Huawei;nova 2 Plus;Flex de encendido y volumen;Compatible;2,35;;;6
HU-N2PL-SIM-COM;Huawei;nova 2 Plus;Bandeja SIM;Compatible;2,50;;;6
HU-Y517-PAN-ORI;Huawei;Y5 2017;Pantalla;Original;24,09;23,37;22,64;12
HU-Y517-PAN-COM;Huawei;Y5 2017;Pantalla;Compatible;12,65;12,27;11,89;6
HU-Y517-BAT-COM;Huawei;Y5 2017;Batería;Compatible;7,75;;;6
HU-Y517-CON-COM;Huawei;Y5 2017;Conector de carga;Compatible;3,69;;;6
HU-Y517-TAP-COM;Huawei;Y5 2017;Tapa trasera;Compatible;4,69;;;6
HU-Y517-CTR-COM;Huawei;Y5 2017;Cámara trasera;Compatible;6,20;;;6
HU-Y517-CFR-COM;Huawei;Y5 2017;Cámara frontal;Compatible;4,19;;;6
HU-Y517-LEN-COM;Huawei;Y5 2017;Lente de cámara;Compatible;2,05;;;6
HU-Y517-ALT-COM;Huawei;Y5 2017;Altavoz;Compatible;3,35;;;6
HU-Y517-AUR-COM;Huawei;Y5 2017;Auricular de llamada;Compatible;2,55;;;6
HU-Y517-FLX-COM;Huawei;Y5 2017;Flex de encendido y volumen;Compatible;2,40;;;6
HU-Y517-SIM-COM;Huawei;Y5 2017;Bandeja SIM;Compatible;2,65;;;6
HU-Y7P-PAN-COM;Huawei;Y7 Prime;Pantalla;Compatible;12,65;12,27;11,89;6
HU-Y7P-BAT-COM;Huawei;Y7 Prime;Batería;Compatible;7,75;;;6
HU-Y7P-CON-COM;Huawei;Y7 Prime;Conector de carga;Compatible;3,69;;;6
HU-Y7P-TAP-COM;Huawei;Y7 Prime;Tapa trasera;Compatible;4,69;;;6
HU-Y7P-CTR-COM;Huawei;Y7 Prime;Cámara trasera;Compatible;6,20;;;6
HU-Y7P-CFR-COM;Huawei;Y7 Prime;Cámara frontal;Compatible;4,19;;;6
HU-Y7P-LEN-COM;Huawei;Y7 Prime;Lente de cámara;Compatible;2,05;;;6
HU-Y7P-ALT-COM;Huawei;Y7 Prime;Altavoz;Compatible;3,35;;;6
HU-Y7P-AUR-COM;Huawei;Y7 Prime;Auricular de llamada;Compatible;2,55;;;6
HU-Y7P-FLX-COM;Huawei;Y7 Prime;Flex de encendido y volumen;Compatible;2,40;;;6
HU-Y7P-SIM-COM;Huawei;Y7 Prime;Bandeja SIM;Compatible;2,65;;;6
HU-NS-PAN-COM;Huawei;nova Smart;Pantalla;Compatible;15,35;14,89;14,43;6
HU-NS-BAT-COM;Huawei;nova Smart;Batería;Compatible;8,40;;;6
HU-NS-CON-COM;Huawei;nova Smart;Conector de carga;Compatible;4,55;;;6
HU-NS-TAP-COM;Huawei;nova Smart;Tapa trasera;Compatible;5,25;;;6
HU-NS-CTR-COM;Huawei;nova Smart;Cámara trasera;Compatible;7,05;;;6
HU-NS-CFR-COM;Huawei;nova Smart;Cámara frontal;Compatible;4,49;;;6
HU-NS-LEN-COM;Huawei;nova Smart;Lente de cámara;Compatible;1,99;;;6
HU-NS-ALT-COM;Huawei;nova Smart;Altavoz;Compatible;3,40;;;6
HU-NS-AUR-COM;Huawei;nova Smart;Auricular de llamada;Compatible;2,50;;;6
HU-NS-FLX-COM;Huawei;nova Smart;Flex de encendido y volumen;Compatible;2,35;;;6
HU-NS-SIM-COM;Huawei;nova Smart;Bandeja SIM;Compatible;2,50;;;6
HU-Y6IIC-PAN-ORI;Huawei;Y6 II Compact;Pantalla;Original;24,09;23,37;22,64;12
HU-Y6IIC-PAN-COM;Huawei;Y6 II Compact;Pantalla;Compatible;12,65;12,27;11,89;6
HU-Y6IIC-BAT-COM;Huawei;Y6 II Compact;Batería;Compatible;7,75;;;6
HU-Y6IIC-CON-COM;Huawei;Y6 II Compact;Conector de carga;Compatible;3,69;;;6
HU-Y6IIC-TAP-COM;Huawei;Y6 II Compact;Tapa trasera;Compatible;4,69;;;6
HU-Y6IIC-CTR-COM;Huawei;Y6 II Compact;Cámara trasera;Compatible;6,20;;;6
HU-Y6IIC-CFR-COM;Huawei;Y6 II Compact;Cámara frontal;Compatible;4,19;;;6
HU-Y6IIC-LEN-COM;Huawei;Y6 II Compact;Lente de cámara;Compatible;2,05;;;6
HU-Y6IIC-ALT-COM;Huawei;Y6 II Compact;Altavoz;Compatible;3,35;;;6
HU-Y6IIC-AUR-COM;Huawei;Y6 II Compact;Auricular de llamada;Compatible;2,55;;;6
HU-Y6IIC-FLX-COM;Huawei;Y6 II Compact;Flex de encendido y volumen;Compatible;2,40;;;6
HU-Y6IIC-SIM-COM;Huawei;Y6 II Compact;Bandeja SIM;Compatible;2,65;;;6
HU-Y6II-PAN-ORI;Huawei;Y6 II;Pantalla;Original;24,09;23,37;22,64;12
HU-Y6II-PAN-COM;Huawei;Y6 II;Pantalla;Compatible;12,65;12,27;11,89;6
HU-Y6II-BAT-COM;Huawei;Y6 II;Batería;Compatible;7,75;;;6
HU-Y6II-CON-COM;Huawei;Y6 II;Conector de carga;Compatible;3,69;;;6
HU-Y6II-TAP-COM;Huawei;Y6 II;Tapa trasera;Compatible;4,69;;;6
HU-Y6II-CTR-COM;Huawei;Y6 II;Cámara trasera;Compatible;6,20;;;6
HU-Y6II-CFR-COM;Huawei;Y6 II;Cámara frontal;Compatible;4,19;;;6
HU-Y6II-LEN-COM;Huawei;Y6 II;Lente de cámara;Compatible;2,05;;;6
HU-Y6II-ALT-COM;Huawei;Y6 II;Altavoz;Compatible;3,35;;;6
HU-Y6II-AUR-COM;Huawei;Y6 II;Auricular de llamada;Compatible;2,55;;;6
HU-Y6II-FLX-COM;Huawei;Y6 II;Flex de encendido y volumen;Compatible;2,40;;;6
HU-Y6II-SIM-COM;Huawei;Y6 II;Bandeja SIM;Compatible;2,65;;;6
HU-Y3II-PAN-COM;Huawei;Y3 II;Pantalla;Compatible;12,65;12,27;11,89;6
HU-Y3II-BAT-COM;Huawei;Y3 II;Batería;Compatible;7,75;;;6
HU-Y3II-CON-COM;Huawei;Y3 II;Conector de carga;Compatible;3,69;;;6
HU-Y3II-TAP-COM;Huawei;Y3 II;Tapa trasera;Compatible;4,69;;;6
HU-Y3II-CTR-COM;Huawei;Y3 II;Cámara trasera;Compatible;6,20;;;6
HU-Y3II-CFR-COM;Huawei;Y3 II;Cámara frontal;Compatible;4,19;;;6
HU-Y3II-LEN-COM;Huawei;Y3 II;Lente de cámara;Compatible;2,05;;;6
HU-Y3II-ALT-COM;Huawei;Y3 II;Altavoz;Compatible;3,35;;;6
HU-Y3II-AUR-COM;Huawei;Y3 II;Auricular de llamada;Compatible;2,55;;;6
HU-Y3II-FLX-COM;Huawei;Y3 II;Flex de encendido y volumen;Compatible;2,40;;;6
HU-Y3II-SIM-COM;Huawei;Y3 II;Bandeja SIM;Compatible;2,65;;;6
HU-Y5II-PAN-ORI;Huawei;Y5 II;Pantalla;Original;24,09;23,37;22,64;12
HU-Y5II-PAN-COM;Huawei;Y5 II;Pantalla;Compatible;12,65;12,27;11,89;6
HU-Y5II-BAT-COM;Huawei;Y5 II;Batería;Compatible;7,75;;;6
HU-Y5II-CON-COM;Huawei;Y5 II;Conector de carga;Compatible;3,69;;;6
HU-Y5II-TAP-COM;Huawei;Y5 II;Tapa trasera;Compatible;4,69;;;6
HU-Y5II-CTR-COM;Huawei;Y5 II;Cámara trasera;Compatible;6,20;;;6
HU-Y5II-CFR-COM;Huawei;Y5 II;Cámara frontal;Compatible;4,19;;;6
HU-Y5II-LEN-COM;Huawei;Y5 II;Lente de cámara;Compatible;2,05;;;6
HU-Y5II-ALT-COM;Huawei;Y5 II;Altavoz;Compatible;3,35;;;6
HU-Y5II-AUR-COM;Huawei;Y5 II;Auricular de llamada;Compatible;2,55;;;6
HU-Y5II-FLX-COM;Huawei;Y5 II;Flex de encendido y volumen;Compatible;2,40;;;6
HU-Y5II-SIM-COM;Huawei;Y5 II;Bandeja SIM;Compatible;2,65;;;6
HU-GT3-PAN-ORI;Huawei;GT3;Pantalla;Original;33,25;32,25;31,26;12
HU-GT3-PAN-COM;Huawei;GT3;Pantalla;Compatible;14,95;14,50;14,05;6
HU-GT3-BAT-COM;Huawei;GT3;Batería;Compatible;9,05;;;6
HU-GT3-CON-COM;Huawei;GT3;Conector de carga;Compatible;4,25;;;6
HU-GT3-TAP-COM;Huawei;GT3;Tapa trasera;Compatible;5,30;;;6
HU-GT3-CTR-COM;Huawei;GT3;Cámara trasera;Compatible;8,59;;;6
HU-GT3-CFR-COM;Huawei;GT3;Cámara frontal;Compatible;4,75;;;6
HU-GT3-LEN-COM;Huawei;GT3;Lente de cámara;Compatible;2,39;;;6
HU-GT3-ALT-COM;Huawei;GT3;Altavoz;Compatible;3,75;;;6
HU-GT3-AUR-COM;Huawei;GT3;Auricular de llamada;Compatible;3,15;;;6
HU-GT3-FLX-COM;Huawei;GT3;Flex de encendido y volumen;Compatible;3,05;;;6
HU-GT3-SIM-COM;Huawei;GT3;Bandeja SIM;Compatible;2,90;;;6
HU-Y6P-PAN-ORI;Huawei;Y6 Pro;Pantalla;Original;24,09;23,37;22,64;12
HU-Y6P-PAN-COM;Huawei;Y6 Pro;Pantalla;Compatible;12,65;12,27;11,89;6
HU-Y6P-BAT-COM;Huawei;Y6 Pro;Batería;Compatible;7,75;;;6
HU-Y6P-CON-COM;Huawei;Y6 Pro;Conector de carga;Compatible;3,69;;;6
HU-Y6P-TAP-COM;Huawei;Y6 Pro;Tapa trasera;Compatible;4,69;;;6
HU-Y6P-CTR-COM;Huawei;Y6 Pro;Cámara trasera;Compatible;6,20;;;6
HU-Y6P-CFR-COM;Huawei;Y6 Pro;Cámara frontal;Compatible;4,19;;;6
HU-Y6P-LEN-COM;Huawei;Y6 Pro;Lente de cámara;Compatible;2,05;;;6
HU-Y6P-ALT-COM;Huawei;Y6 Pro;Altavoz;Compatible;3,35;;;6
HU-Y6P-AUR-COM;Huawei;Y6 Pro;Auricular de llamada;Compatible;2,55;;;6
HU-Y6P-FLX-COM;Huawei;Y6 Pro;Flex de encendido y volumen;Compatible;2,40;;;6
HU-Y6P-SIM-COM;Huawei;Y6 Pro;Bandeja SIM;Compatible;2,65;;;6
HU-GR3-PAN-ORI;Huawei;GR3;Pantalla;Original;33,25;32,25;31,26;12
HU-GR3-PAN-COM;Huawei;GR3;Pantalla;Compatible;14,95;14,50;14,05;6
HU-GR3-BAT-COM;Huawei;GR3;Batería;Compatible;9,05;;;6
HU-GR3-CON-COM;Huawei;GR3;Conector de carga;Compatible;4,25;;;6
HU-GR3-TAP-COM;Huawei;GR3;Tapa trasera;Compatible;5,30;;;6
HU-GR3-CTR-COM;Huawei;GR3;Cámara trasera;Compatible;8,59;;;6
HU-GR3-CFR-COM;Huawei;GR3;Cámara frontal;Compatible;4,75;;;6
HU-GR3-LEN-COM;Huawei;GR3;Lente de cámara;Compatible;2,39;;;6
HU-GR3-ALT-COM;Huawei;GR3;Altavoz;Compatible;3,75;;;6
HU-GR3-AUR-COM;Huawei;GR3;Auricular de llamada;Compatible;3,15;;;6
HU-GR3-FLX-COM;Huawei;GR3;Flex de encendido y volumen;Compatible;3,05;;;6
HU-GR3-SIM-COM;Huawei;GR3;Bandeja SIM;Compatible;2,90;;;6
HU-MS-PAN-COM;Huawei;Mate S;Pantalla;Compatible;14,79;14,35;13,90;6
HU-MS-BAT-COM;Huawei;Mate S;Batería;Compatible;9,05;;;6
HU-MS-CON-COM;Huawei;Mate S;Conector de carga;Compatible;4,25;;;6
HU-MS-TAP-COM;Huawei;Mate S;Tapa trasera;Compatible;5,30;;;6
HU-MS-CTR-COM;Huawei;Mate S;Cámara trasera;Compatible;8,59;;;6
HU-MS-CFR-COM;Huawei;Mate S;Cámara frontal;Compatible;4,75;;;6
HU-MS-LEN-COM;Huawei;Mate S;Lente de cámara;Compatible;2,39;;;6
HU-MS-ALT-COM;Huawei;Mate S;Altavoz;Compatible;3,75;;;6
HU-MS-AUR-COM;Huawei;Mate S;Auricular de llamada;Compatible;3,15;;;6
HU-MS-FLX-COM;Huawei;Mate S;Flex de encendido y volumen;Compatible;3,05;;;6
HU-MS-SIM-COM;Huawei;Mate S;Bandeja SIM;Compatible;2,90;;;6
HU-G8-PAN-ORI;Huawei;G8;Pantalla;Original;33,25;32,25;31,26;12
HU-G8-PAN-COM;Huawei;G8;Pantalla;Compatible;14,95;14,50;14,05;6
HU-G8-BAT-COM;Huawei;G8;Batería;Compatible;9,05;;;6
HU-G8-CON-COM;Huawei;G8;Conector de carga;Compatible;4,25;;;6
HU-G8-TAP-COM;Huawei;G8;Tapa trasera;Compatible;5,30;;;6
HU-G8-CTR-COM;Huawei;G8;Cámara trasera;Compatible;8,59;;;6
HU-G8-CFR-COM;Huawei;G8;Cámara frontal;Compatible;4,75;;;6
HU-G8-LEN-COM;Huawei;G8;Lente de cámara;Compatible;2,39;;;6
HU-G8-ALT-COM;Huawei;G8;Altavoz;Compatible;3,75;;;6
HU-G8-AUR-COM;Huawei;G8;Auricular de llamada;Compatible;3,15;;;6
HU-G8-FLX-COM;Huawei;G8;Flex de encendido y volumen;Compatible;3,05;;;6
HU-G8-SIM-COM;Huawei;G8;Bandeja SIM;Compatible;2,90;;;6
HU-Y5C-PAN-ORI;Huawei;Y5c;Pantalla;Original;24,09;23,37;22,64;12
HU-Y5C-PAN-COM;Huawei;Y5c;Pantalla;Compatible;12,65;12,27;11,89;6
HU-Y5C-BAT-COM;Huawei;Y5c;Batería;Compatible;7,75;;;6
HU-Y5C-CON-COM;Huawei;Y5c;Conector de carga;Compatible;3,69;;;6
HU-Y5C-TAP-COM;Huawei;Y5c;Tapa trasera;Compatible;4,69;;;6
HU-Y5C-CTR-COM;Huawei;Y5c;Cámara trasera;Compatible;6,20;;;6
HU-Y5C-CFR-COM;Huawei;Y5c;Cámara frontal;Compatible;4,19;;;6
HU-Y5C-LEN-COM;Huawei;Y5c;Lente de cámara;Compatible;2,05;;;6
HU-Y5C-ALT-COM;Huawei;Y5c;Altavoz;Compatible;3,35;;;6
HU-Y5C-AUR-COM;Huawei;Y5c;Auricular de llamada;Compatible;2,55;;;6
HU-Y5C-FLX-COM;Huawei;Y5c;Flex de encendido y volumen;Compatible;2,40;;;6
HU-Y5C-SIM-COM;Huawei;Y5c;Bandeja SIM;Compatible;2,65;;;6
HU-Y6-PAN-ORI;Huawei;Y6;Pantalla;Original;24,09;23,37;22,64;12
HU-Y6-PAN-COM;Huawei;Y6;Pantalla;Compatible;12,65;12,27;11,89;6
HU-Y6-BAT-COM;Huawei;Y6;Batería;Compatible;7,75;;;6
HU-Y6-CON-COM;Huawei;Y6;Conector de carga;Compatible;3,69;;;6
HU-Y6-TAP-COM;Huawei;Y6;Tapa trasera;Compatible;4,69;;;6
HU-Y6-CTR-COM;Huawei;Y6;Cámara trasera;Compatible;6,20;;;6
HU-Y6-CFR-COM;Huawei;Y6;Cámara frontal;Compatible;4,19;;;6
HU-Y6-LEN-COM;Huawei;Y6;Lente de cámara;Compatible;2,05;;;6
HU-Y6-ALT-COM;Huawei;Y6;Altavoz;Compatible;3,35;;;6
HU-Y6-AUR-COM;Huawei;Y6;Auricular de llamada;Compatible;2,55;;;6
HU-Y6-FLX-COM;Huawei;Y6;Flex de encendido y volumen;Compatible;2,40;;;6
HU-Y6-SIM-COM;Huawei;Y6;Bandeja SIM;Compatible;2,65;;;6
HU-Y3-PAN-ORI;Huawei;Y3;Pantalla;Original;24,09;23,37;22,64;12
HU-Y3-PAN-COM;Huawei;Y3;Pantalla;Compatible;12,65;12,27;11,89;6
HU-Y3-BAT-COM;Huawei;Y3;Batería;Compatible;7,75;;;6
HU-Y3-CON-COM;Huawei;Y3;Conector de carga;Compatible;3,69;;;6
HU-Y3-TAP-COM;Huawei;Y3;Tapa trasera;Compatible;4,69;;;6
HU-Y3-CTR-COM;Huawei;Y3;Cámara trasera;Compatible;6,20;;;6
HU-Y3-CFR-COM;Huawei;Y3;Cámara frontal;Compatible;4,19;;;6
HU-Y3-LEN-COM;Huawei;Y3;Lente de cámara;Compatible;2,05;;;6
HU-Y3-ALT-COM;Huawei;Y3;Altavoz;Compatible;3,35;;;6
HU-Y3-AUR-COM;Huawei;Y3;Auricular de llamada;Compatible;2,55;;;6
HU-Y3-FLX-COM;Huawei;Y3;Flex de encendido y volumen;Compatible;2,40;;;6
HU-Y3-SIM-COM;Huawei;Y3;Bandeja SIM;Compatible;2,65;;;6
HU-Y5-PAN-ORI;Huawei;Y5;Pantalla;Original;24,09;23,37;22,64;12
HU-Y5-PAN-COM;Huawei;Y5;Pantalla;Compatible;12,65;12,27;11,89;6
HU-Y5-BAT-COM;Huawei;Y5;Batería;Compatible;7,75;;;6
HU-Y5-CON-COM;Huawei;Y5;Conector de carga;Compatible;3,69;;;6
HU-Y5-TAP-COM;Huawei;Y5;Tapa trasera;Compatible;4,69;;;6
HU-Y5-CTR-COM;Huawei;Y5;Cámara trasera;Compatible;6,20;;;6
HU-Y5-CFR-COM;Huawei;Y5;Cámara frontal;Compatible;4,19;;;6
HU-Y5-LEN-COM;Huawei;Y5;Lente de cámara;Compatible;2,05;;;6
HU-Y5-ALT-COM;Huawei;Y5;Altavoz;Compatible;3,35;;;6
HU-Y5-AUR-COM;Huawei;Y5;Auricular de llamada;Compatible;2,55;;;6
HU-Y5-FLX-COM;Huawei;Y5;Flex de encendido y volumen;Compatible;2,40;;;6
HU-Y5-SIM-COM;Huawei;Y5;Bandeja SIM;Compatible;2,65;;;6
HU-AM7-PAN-COM;Huawei;Ascend Mate 7;Pantalla;Compatible;14,79;14,35;13,90;6
HU-AM7-BAT-COM;Huawei;Ascend Mate 7;Batería;Compatible;9,05;;;6
HU-AM7-CON-COM;Huawei;Ascend Mate 7;Conector de carga;Compatible;4,25;;;6
HU-AM7-TAP-COM;Huawei;Ascend Mate 7;Tapa trasera;Compatible;5,30;;;6
HU-AM7-CTR-COM;Huawei;Ascend Mate 7;Cámara trasera;Compatible;8,59;;;6
HU-AM7-CFR-COM;Huawei;Ascend Mate 7;Cámara frontal;Compatible;4,75;;;6
HU-AM7-LEN-COM;Huawei;Ascend Mate 7;Lente de cámara;Compatible;2,39;;;6
HU-AM7-ALT-COM;Huawei;Ascend Mate 7;Altavoz;Compatible;3,75;;;6
HU-AM7-AUR-COM;Huawei;Ascend Mate 7;Auricular de llamada;Compatible;3,15;;;6
HU-AM7-FLX-COM;Huawei;Ascend Mate 7;Flex de encendido y volumen;Compatible;3,05;;;6
HU-AM7-SIM-COM;Huawei;Ascend Mate 7;Bandeja SIM;Compatible;2,90;;;6
HU-AG7-PAN-ORI;Huawei;Ascend G7;Pantalla;Original;33,25;32,25;31,26;12
HU-AG7-PAN-COM;Huawei;Ascend G7;Pantalla;Compatible;14,95;14,50;14,05;6
HU-AG7-BAT-COM;Huawei;Ascend G7;Batería;Compatible;9,05;;;6
HU-AG7-CON-COM;Huawei;Ascend G7;Conector de carga;Compatible;4,25;;;6
HU-AG7-TAP-COM;Huawei;Ascend G7;Tapa trasera;Compatible;5,30;;;6
HU-AG7-CTR-COM;Huawei;Ascend G7;Cámara trasera;Compatible;8,59;;;6
HU-AG7-CFR-COM;Huawei;Ascend G7;Cámara frontal;Compatible;4,75;;;6
HU-AG7-LEN-COM;Huawei;Ascend G7;Lente de cámara;Compatible;2,39;;;6
HU-AG7-ALT-COM;Huawei;Ascend G7;Altavoz;Compatible;3,75;;;6
HU-AG7-AUR-COM;Huawei;Ascend G7;Auricular de llamada;Compatible;3,15;;;6
HU-AG7-FLX-COM;Huawei;Ascend G7;Flex de encendido y volumen;Compatible;3,05;;;6
HU-AG7-SIM-COM;Huawei;Ascend G7;Bandeja SIM;Compatible;2,90;;;6
HU-AP7-PAN-ORI;Huawei;Ascend P7;Pantalla;Original;32,49;31,52;30,54;12
HU-AP7-PAN-COM;Huawei;Ascend P7;Pantalla;Compatible;15,00;14,55;14,10;6
HU-AP7-BAT-COM;Huawei;Ascend P7;Batería;Compatible;9,15;;;6
HU-AP7-CON-COM;Huawei;Ascend P7;Conector de carga;Compatible;4,15;;;6
HU-AP7-TAP-COM;Huawei;Ascend P7;Tapa trasera;Compatible;5,09;;;6
HU-AP7-CTR-COM;Huawei;Ascend P7;Cámara trasera;Compatible;8,75;;;6
HU-AP7-CFR-COM;Huawei;Ascend P7;Cámara frontal;Compatible;4,85;;;6
HU-AP7-LEN-COM;Huawei;Ascend P7;Lente de cámara;Compatible;2,30;;;6
HU-AP7-ALT-COM;Huawei;Ascend P7;Altavoz;Compatible;3,65;;;6
HU-AP7-AUR-COM;Huawei;Ascend P7;Auricular de llamada;Compatible;3,15;;;6
HU-AP7-FLX-COM;Huawei;Ascend P7;Flex de encendido y volumen;Compatible;3,05;;;6
HU-AP7-SIM-COM;Huawei;Ascend P7;Bandeja SIM;Compatible;2,95;;;6
HU-AP7MN-PAN-ORI;Huawei;Ascend P7 mini;Pantalla;Original;32,49;31,52;30,54;12
HU-AP7MN-PAN-COM;Huawei;Ascend P7 mini;Pantalla;Compatible;15,00;14,55;14,10;6
HU-AP7MN-BAT-COM;Huawei;Ascend P7 mini;Batería;Compatible;9,15;;;6
HU-AP7MN-CON-COM;Huawei;Ascend P7 mini;Conector de carga;Compatible;4,15;;;6
HU-AP7MN-TAP-COM;Huawei;Ascend P7 mini;Tapa trasera;Compatible;5,09;;;6
HU-AP7MN-CTR-COM;Huawei;Ascend P7 mini;Cámara trasera;Compatible;8,75;;;6
HU-AP7MN-CFR-COM;Huawei;Ascend P7 mini;Cámara frontal;Compatible;4,85;;;6
HU-AP7MN-LEN-COM;Huawei;Ascend P7 mini;Lente de cámara;Compatible;2,30;;;6
HU-AP7MN-ALT-COM;Huawei;Ascend P7 mini;Altavoz;Compatible;3,65;;;6
HU-AP7MN-AUR-COM;Huawei;Ascend P7 mini;Auricular de llamada;Compatible;3,15;;;6
HU-AP7MN-FLX-COM;Huawei;Ascend P7 mini;Flex de encendido y volumen;Compatible;3,05;;;6
HU-AP7MN-SIM-COM;Huawei;Ascend P7 mini;Bandeja SIM;Compatible;2,95;;;6
HU-AY600-PAN-ORI;Huawei;Ascend Y600;Pantalla;Original;33,25;32,25;31,26;12
HU-AY600-PAN-COM;Huawei;Ascend Y600;Pantalla;Compatible;14,95;14,50;14,05;6
HU-AY600-BAT-COM;Huawei;Ascend Y600;Batería;Compatible;9,05;;;6
HU-AY600-CON-COM;Huawei;Ascend Y600;Conector de carga;Compatible;4,25;;;6
HU-AY600-TAP-COM;Huawei;Ascend Y600;Tapa trasera;Compatible;5,30;;;6
HU-AY600-CTR-COM;Huawei;Ascend Y600;Cámara trasera;Compatible;8,59;;;6
HU-AY600-CFR-COM;Huawei;Ascend Y600;Cámara frontal;Compatible;4,75;;;6
HU-AY600-LEN-COM;Huawei;Ascend Y600;Lente de cámara;Compatible;2,39;;;6
HU-AY600-ALT-COM;Huawei;Ascend Y600;Altavoz;Compatible;3,75;;;6
HU-AY600-AUR-COM;Huawei;Ascend Y600;Auricular de llamada;Compatible;3,15;;;6
HU-AY600-FLX-COM;Huawei;Ascend Y600;Flex de encendido y volumen;Compatible;3,05;;;6
HU-AY600-SIM-COM;Huawei;Ascend Y600;Bandeja SIM;Compatible;2,90;;;6
HU-AG6-PAN-ORI;Huawei;Ascend G6;Pantalla;Original;33,25;32,25;31,26;12
HU-AG6-PAN-COM;Huawei;Ascend G6;Pantalla;Compatible;14,95;14,50;14,05;6
HU-AG6-BAT-COM;Huawei;Ascend G6;Batería;Compatible;9,05;;;6
HU-AG6-CON-COM;Huawei;Ascend G6;Conector de carga;Compatible;4,25;;;6
HU-AG6-TAP-COM;Huawei;Ascend G6;Tapa trasera;Compatible;5,30;;;6
HU-AG6-CTR-COM;Huawei;Ascend G6;Cámara trasera;Compatible;8,59;;;6
HU-AG6-CFR-COM;Huawei;Ascend G6;Cámara frontal;Compatible;4,75;;;6
HU-AG6-LEN-COM;Huawei;Ascend G6;Lente de cámara;Compatible;2,39;;;6
HU-AG6-ALT-COM;Huawei;Ascend G6;Altavoz;Compatible;3,75;;;6
HU-AG6-AUR-COM;Huawei;Ascend G6;Auricular de llamada;Compatible;3,15;;;6
HU-AG6-FLX-COM;Huawei;Ascend G6;Flex de encendido y volumen;Compatible;3,05;;;6
HU-AG6-SIM-COM;Huawei;Ascend G6;Bandeja SIM;Compatible;2,90;;;6
HU-AG64-PAN-ORI;Huawei;Ascend G6 4G;Pantalla;Original;33,25;32,25;31,26;12
HU-AG64-PAN-COM;Huawei;Ascend G6 4G;Pantalla;Compatible;14,95;14,50;14,05;6
HU-AG64-BAT-COM;Huawei;Ascend G6 4G;Batería;Compatible;9,05;;;6
HU-AG64-CON-COM;Huawei;Ascend G6 4G;Conector de carga;Compatible;4,25;;;6
HU-AG64-TAP-COM;Huawei;Ascend G6 4G;Tapa trasera;Compatible;5,30;;;6
HU-AG64-CTR-COM;Huawei;Ascend G6 4G;Cámara trasera;Compatible;8,59;;;6
HU-AG64-CFR-COM;Huawei;Ascend G6 4G;Cámara frontal;Compatible;4,75;;;6
HU-AG64-LEN-COM;Huawei;Ascend G6 4G;Lente de cámara;Compatible;2,39;;;6
HU-AG64-ALT-COM;Huawei;Ascend G6 4G;Altavoz;Compatible;3,75;;;6
HU-AG64-AUR-COM;Huawei;Ascend G6 4G;Auricular de llamada;Compatible;3,15;;;6
HU-AG64-FLX-COM;Huawei;Ascend G6 4G;Flex de encendido y volumen;Compatible;3,05;;;6
HU-AG64-SIM-COM;Huawei;Ascend G6 4G;Bandeja SIM;Compatible;2,90;;;6
HU-AY530-PAN-ORI;Huawei;Ascend Y530;Pantalla;Original;33,25;32,25;31,26;12
HU-AY530-PAN-COM;Huawei;Ascend Y530;Pantalla;Compatible;14,95;14,50;14,05;6
HU-AY530-BAT-COM;Huawei;Ascend Y530;Batería;Compatible;9,05;;;6
HU-AY530-CON-COM;Huawei;Ascend Y530;Conector de carga;Compatible;4,25;;;6
HU-AY530-TAP-COM;Huawei;Ascend Y530;Tapa trasera;Compatible;5,30;;;6
HU-AY530-CTR-COM;Huawei;Ascend Y530;Cámara trasera;Compatible;8,59;;;6
HU-AY530-CFR-COM;Huawei;Ascend Y530;Cámara frontal;Compatible;4,75;;;6
HU-AY530-LEN-COM;Huawei;Ascend Y530;Lente de cámara;Compatible;2,39;;;6
HU-AY530-ALT-COM;Huawei;Ascend Y530;Altavoz;Compatible;3,75;;;6
HU-AY530-AUR-COM;Huawei;Ascend Y530;Auricular de llamada;Compatible;3,15;;;6
HU-AY530-FLX-COM;Huawei;Ascend Y530;Flex de encendido y volumen;Compatible;3,05;;;6
HU-AY530-SIM-COM;Huawei;Ascend Y530;Bandeja SIM;Compatible;2,90;;;6
HU-AM24-PAN-COM;Huawei;Ascend Mate 2 4G;Pantalla;Compatible;14,79;14,35;13,90;6
HU-AM24-BAT-COM;Huawei;Ascend Mate 2 4G;Batería;Compatible;9,05;;;6
HU-AM24-CON-COM;Huawei;Ascend Mate 2 4G;Conector de carga;Compatible;4,25;;;6
HU-AM24-TAP-COM;Huawei;Ascend Mate 2 4G;Tapa trasera;Compatible;5,30;;;6
HU-AM24-CTR-COM;Huawei;Ascend Mate 2 4G;Cámara trasera;Compatible;8,59;;;6
HU-AM24-CFR-COM;Huawei;Ascend Mate 2 4G;Cámara frontal;Compatible;4,75;;;6
HU-AM24-LEN-COM;Huawei;Ascend Mate 2 4G;Lente de cámara;Compatible;2,39;;;6
HU-AM24-ALT-COM;Huawei;Ascend Mate 2 4G;Altavoz;Compatible;3,75;;;6
HU-AM24-AUR-COM;Huawei;Ascend Mate 2 4G;Auricular de llamada;Compatible;3,15;;;6
HU-AM24-FLX-COM;Huawei;Ascend Mate 2 4G;Flex de encendido y volumen;Compatible;3,05;;;6
HU-AM24-SIM-COM;Huawei;Ascend Mate 2 4G;Bandeja SIM;Compatible;2,90;;;6
HU-PAL-PAN-ORI;Huawei;Pal;Pantalla;Original;33,25;32,25;31,26;12
HU-PAL-PAN-COM;Huawei;Pal;Pantalla;Compatible;14,95;14,50;14,05;6
HU-PAL-BAT-COM;Huawei;Pal;Batería;Compatible;9,05;;;6
HU-PAL-CON-COM;Huawei;Pal;Conector de carga;Compatible;4,25;;;6
HU-PAL-TAP-COM;Huawei;Pal;Tapa trasera;Compatible;5,30;;;6
HU-PAL-CTR-COM;Huawei;Pal;Cámara trasera;Compatible;8,59;;;6
HU-PAL-CFR-COM;Huawei;Pal;Cámara frontal;Compatible;4,75;;;6
HU-PAL-LEN-COM;Huawei;Pal;Lente de cámara;Compatible;2,39;;;6
HU-PAL-ALT-COM;Huawei;Pal;Altavoz;Compatible;3,75;;;6
HU-PAL-AUR-COM;Huawei;Pal;Auricular de llamada;Compatible;3,15;;;6
HU-PAL-FLX-COM;Huawei;Pal;Flex de encendido y volumen;Compatible;3,05;;;6
HU-PAL-SIM-COM;Huawei;Pal;Bandeja SIM;Compatible;2,90;;;6
HU-AW2-PAN-ORI;Huawei;Ascend W2;Pantalla;Original;33,25;32,25;31,26;12
HU-AW2-PAN-COM;Huawei;Ascend W2;Pantalla;Compatible;14,95;14,50;14,05;6
HU-AW2-BAT-COM;Huawei;Ascend W2;Batería;Compatible;9,05;;;6
HU-AW2-CON-COM;Huawei;Ascend W2;Conector de carga;Compatible;4,25;;;6
HU-AW2-TAP-COM;Huawei;Ascend W2;Tapa trasera;Compatible;5,30;;;6
HU-AW2-CTR-COM;Huawei;Ascend W2;Cámara trasera;Compatible;8,59;;;6
HU-AW2-CFR-COM;Huawei;Ascend W2;Cámara frontal;Compatible;4,75;;;6
HU-AW2-LEN-COM;Huawei;Ascend W2;Lente de cámara;Compatible;2,39;;;6
HU-AW2-ALT-COM;Huawei;Ascend W2;Altavoz;Compatible;3,75;;;6
HU-AW2-AUR-COM;Huawei;Ascend W2;Auricular de llamada;Compatible;3,15;;;6
HU-AW2-FLX-COM;Huawei;Ascend W2;Flex de encendido y volumen;Compatible;3,05;;;6
HU-AW2-SIM-COM;Huawei;Ascend W2;Bandeja SIM;Compatible;2,90;;;6
HU-AP6-PAN-COM;Huawei;Ascend P6;Pantalla;Compatible;15,00;14,55;14,10;6
HU-AP6-BAT-COM;Huawei;Ascend P6;Batería;Compatible;9,15;;;6
HU-AP6-CON-COM;Huawei;Ascend P6;Conector de carga;Compatible;4,15;;;6
HU-AP6-TAP-COM;Huawei;Ascend P6;Tapa trasera;Compatible;5,09;;;6
HU-AP6-CTR-COM;Huawei;Ascend P6;Cámara trasera;Compatible;8,75;;;6
HU-AP6-CFR-COM;Huawei;Ascend P6;Cámara frontal;Compatible;4,85;;;6
HU-AP6-LEN-COM;Huawei;Ascend P6;Lente de cámara;Compatible;2,30;;;6
HU-AP6-ALT-COM;Huawei;Ascend P6;Altavoz;Compatible;3,65;;;6
HU-AP6-AUR-COM;Huawei;Ascend P6;Auricular de llamada;Compatible;3,15;;;6
HU-AP6-FLX-COM;Huawei;Ascend P6;Flex de encendido y volumen;Compatible;3,05;;;6
HU-AP6-SIM-COM;Huawei;Ascend P6;Bandeja SIM;Compatible;2,95;;;6
HU-AP2-PAN-ORI;Huawei;Ascend P2;Pantalla;Original;32,49;31,52;30,54;12
HU-AP2-PAN-COM;Huawei;Ascend P2;Pantalla;Compatible;15,00;14,55;14,10;6
HU-AP2-BAT-COM;Huawei;Ascend P2;Batería;Compatible;9,15;;;6
HU-AP2-CON-COM;Huawei;Ascend P2;Conector de carga;Compatible;4,15;;;6
HU-AP2-TAP-COM;Huawei;Ascend P2;Tapa trasera;Compatible;5,09;;;6
HU-AP2-CTR-COM;Huawei;Ascend P2;Cámara trasera;Compatible;8,75;;;6
HU-AP2-CFR-COM;Huawei;Ascend P2;Cámara frontal;Compatible;4,85;;;6
HU-AP2-LEN-COM;Huawei;Ascend P2;Lente de cámara;Compatible;2,30;;;6
HU-AP2-ALT-COM;Huawei;Ascend P2;Altavoz;Compatible;3,65;;;6
HU-AP2-AUR-COM;Huawei;Ascend P2;Auricular de llamada;Compatible;3,15;;;6
HU-AP2-FLX-COM;Huawei;Ascend P2;Flex de encendido y volumen;Compatible;3,05;;;6
HU-AP2-SIM-COM;Huawei;Ascend P2;Bandeja SIM;Compatible;2,95;;;6
HU-AM-PAN-ORI;Huawei;Ascend Mate;Pantalla;Original;33,25;32,25;31,26;12
HU-AM-PAN-COM;Huawei;Ascend Mate;Pantalla;Compatible;14,79;14,35;13,90;6
HU-AM-BAT-COM;Huawei;Ascend Mate;Batería;Compatible;9,05;;;6
HU-AM-CON-COM;Huawei;Ascend Mate;Conector de carga;Compatible;4,25;;;6
HU-AM-TAP-COM;Huawei;Ascend Mate;Tapa trasera;Compatible;5,30;;;6
HU-AM-CTR-COM;Huawei;Ascend Mate;Cámara trasera;Compatible;8,59;;;6
HU-AM-CFR-COM;Huawei;Ascend Mate;Cámara frontal;Compatible;4,75;;;6
HU-AM-LEN-COM;Huawei;Ascend Mate;Lente de cámara;Compatible;2,39;;;6
HU-AM-ALT-COM;Huawei;Ascend Mate;Altavoz;Compatible;3,75;;;6
HU-AM-AUR-COM;Huawei;Ascend Mate;Auricular de llamada;Compatible;3,15;;;6
HU-AM-FLX-COM;Huawei;Ascend Mate;Flex de encendido y volumen;Compatible;3,05;;;6
HU-AM-SIM-COM;Huawei;Ascend Mate;Bandeja SIM;Compatible;2,90;;;6
HU-AY300-PAN-COM;Huawei;Ascend Y300;Pantalla;Compatible;14,95;14,50;14,05;6
HU-AY300-BAT-COM;Huawei;Ascend Y300;Batería;Compatible;9,05;;;6
HU-AY300-CON-COM;Huawei;Ascend Y300;Conector de carga;Compatible;4,25;;;6
HU-AY300-TAP-COM;Huawei;Ascend Y300;Tapa trasera;Compatible;5,30;;;6
HU-AY300-CTR-COM;Huawei;Ascend Y300;Cámara trasera;Compatible;8,59;;;6
HU-AY300-CFR-COM;Huawei;Ascend Y300;Cámara frontal;Compatible;4,75;;;6
HU-AY300-LEN-COM;Huawei;Ascend Y300;Lente de cámara;Compatible;2,39;;;6
HU-AY300-ALT-COM;Huawei;Ascend Y300;Altavoz;Compatible;3,75;;;6
HU-AY300-AUR-COM;Huawei;Ascend Y300;Auricular de llamada;Compatible;3,15;;;6
HU-AY300-FLX-COM;Huawei;Ascend Y300;Flex de encendido y volumen;Compatible;3,05;;;6
HU-AY300-SIM-COM;Huawei;Ascend Y300;Bandeja SIM;Compatible;2,90;;;6
HU-SXGL07S-PAN-COM;Huawei;STREAM X GL07S;Pantalla;Compatible;21,55;20,90;20,26;6
HU-SXGL07S-BAT-COM;Huawei;STREAM X GL07S;Batería;Compatible;8,69;;;6
HU-SXGL07S-CON-COM;Huawei;STREAM X GL07S;Conector de carga;Compatible;5,75;;;6
HU-SXGL07S-TAP-COM;Huawei;STREAM X GL07S;Tapa trasera;Compatible;6,55;;;6
HU-SXGL07S-CTR-COM;Huawei;STREAM X GL07S;Cámara trasera;Compatible;10,75;10,43;10,10;6
HU-SXGL07S-CFR-COM;Huawei;STREAM X GL07S;Cámara frontal;Compatible;5,95;;;6
HU-SXGL07S-LEN-COM;Huawei;STREAM X GL07S;Lente de cámara;Compatible;2,75;;;6
HU-SXGL07S-ALT-COM;Huawei;STREAM X GL07S;Altavoz;Compatible;4,30;;;6
HU-SXGL07S-AUR-COM;Huawei;STREAM X GL07S;Auricular de llamada;Compatible;3,45;;;6
HU-SXGL07S-FLX-COM;Huawei;STREAM X GL07S;Flex de encendido y volumen;Compatible;3,35;;;6
HU-SXGL07S-SIM-COM;Huawei;STREAM X GL07S;Bandeja SIM;Compatible;3,15;;;6
HU-4AFRIKA-PAN-ORI;Huawei;4Afrika;Pantalla;Original;33,25;32,25;31,26;12
HU-4AFRIKA-PAN-COM;Huawei;4Afrika;Pantalla;Compatible;14,95;14,50;14,05;6
HU-4AFRIKA-BAT-COM;Huawei;4Afrika;Batería;Compatible;9,05;;;6
HU-4AFRIKA-CON-COM;Huawei;4Afrika;Conector de carga;Compatible;4,25;;;6
HU-4AFRIKA-TAP-COM;Huawei;4Afrika;Tapa trasera;Compatible;5,30;;;6
HU-4AFRIKA-CTR-COM;Huawei;4Afrika;Cámara trasera;Compatible;8,59;;;6
HU-4AFRIKA-CFR-COM;Huawei;4Afrika;Cámara frontal;Compatible;4,75;;;6
HU-4AFRIKA-LEN-COM;Huawei;4Afrika;Lente de cámara;Compatible;2,39;;;6
HU-4AFRIKA-ALT-COM;Huawei;4Afrika;Altavoz;Compatible;3,75;;;6
HU-4AFRIKA-AUR-COM;Huawei;4Afrika;Auricular de llamada;Compatible;3,15;;;6
HU-4AFRIKA-FLX-COM;Huawei;4Afrika;Flex de encendido y volumen;Compatible;3,05;;;6
HU-4AFRIKA-SIM-COM;Huawei;4Afrika;Bandeja SIM;Compatible;2,90;;;6
HU-AW1-PAN-ORI;Huawei;Ascend W1;Pantalla;Original;33,25;32,25;31,26;12
HU-AW1-PAN-COM;Huawei;Ascend W1;Pantalla;Compatible;14,95;14,50;14,05;6
HU-AW1-BAT-COM;Huawei;Ascend W1;Batería;Compatible;9,05;;;6
HU-AW1-CON-COM;Huawei;Ascend W1;Conector de carga;Compatible;4,25;;;6
HU-AW1-TAP-COM;Huawei;Ascend W1;Tapa trasera;Compatible;5,30;;;6
HU-AW1-CTR-COM;Huawei;Ascend W1;Cámara trasera;Compatible;8,59;;;6
HU-AW1-CFR-COM;Huawei;Ascend W1;Cámara frontal;Compatible;4,75;;;6
HU-AW1-LEN-COM;Huawei;Ascend W1;Lente de cámara;Compatible;2,39;;;6
HU-AW1-ALT-COM;Huawei;Ascend W1;Altavoz;Compatible;3,75;;;6
HU-AW1-AUR-COM;Huawei;Ascend W1;Auricular de llamada;Compatible;3,15;;;6
HU-AW1-FLX-COM;Huawei;Ascend W1;Flex de encendido y volumen;Compatible;3,05;;;6
HU-AW1-SIM-COM;Huawei;Ascend W1;Bandeja SIM;Compatible;2,90;;;6
HU-AG330-PAN-COM;Huawei;Ascend G330;Pantalla;Compatible;14,95;14,50;14,05;6
HU-AG330-BAT-COM;Huawei;Ascend G330;Batería;Compatible;9,05;;;6
HU-AG330-CON-COM;Huawei;Ascend G330;Conector de carga;Compatible;4,25;;;6
HU-AG330-TAP-COM;Huawei;Ascend G330;Tapa trasera;Compatible;5,30;;;6
HU-AG330-CTR-COM;Huawei;Ascend G330;Cámara trasera;Compatible;8,59;;;6
HU-AG330-CFR-COM;Huawei;Ascend G330;Cámara frontal;Compatible;4,75;;;6
HU-AG330-LEN-COM;Huawei;Ascend G330;Lente de cámara;Compatible;2,39;;;6
HU-AG330-ALT-COM;Huawei;Ascend G330;Altavoz;Compatible;3,75;;;6
HU-AG330-AUR-COM;Huawei;Ascend G330;Auricular de llamada;Compatible;3,15;;;6
HU-AG330-FLX-COM;Huawei;Ascend G330;Flex de encendido y volumen;Compatible;3,05;;;6
HU-AG330-SIM-COM;Huawei;Ascend G330;Bandeja SIM;Compatible;2,90;;;6
HU-AP1-PAN-ORI;Huawei;Ascend P1;Pantalla;Original;52,50;50,93;49,35;12
HU-AP1-PAN-INC;Huawei;Ascend P1;Pantalla;Incell;17,50;16,97;16,45;6
HU-AP1-BAT-COM;Huawei;Ascend P1;Batería;Compatible;9,15;;;6
HU-AP1-CON-COM;Huawei;Ascend P1;Conector de carga;Compatible;4,15;;;6
HU-AP1-TAP-COM;Huawei;Ascend P1;Tapa trasera;Compatible;5,09;;;6
HU-AP1-CTR-COM;Huawei;Ascend P1;Cámara trasera;Compatible;8,75;;;6
HU-AP1-CFR-COM;Huawei;Ascend P1;Cámara frontal;Compatible;4,85;;;6
HU-AP1-LEN-COM;Huawei;Ascend P1;Lente de cámara;Compatible;2,30;;;6
HU-AP1-ALT-COM;Huawei;Ascend P1;Altavoz;Compatible;3,65;;;6
HU-AP1-AUR-COM;Huawei;Ascend P1;Auricular de llamada;Compatible;3,15;;;6
HU-AP1-FLX-COM;Huawei;Ascend P1;Flex de encendido y volumen;Compatible;3,05;;;6
HU-AP1-SIM-COM;Huawei;Ascend P1;Bandeja SIM;Compatible;2,95;;;6
HU-AG300-PAN-COM;Huawei;Ascend G300;Pantalla;Compatible;14,95;14,50;14,05;6
HU-AG300-BAT-COM;Huawei;Ascend G300;Batería;Compatible;9,05;;;6
HU-AG300-CON-COM;Huawei;Ascend G300;Conector de carga;Compatible;4,25;;;6
HU-AG300-TAP-COM;Huawei;Ascend G300;Tapa trasera;Compatible;5,30;;;6
HU-AG300-CTR-COM;Huawei;Ascend G300;Cámara trasera;Compatible;8,59;;;6
HU-AG300-CFR-COM;Huawei;Ascend G300;Cámara frontal;Compatible;4,75;;;6
HU-AG300-LEN-COM;Huawei;Ascend G300;Lente de cámara;Compatible;2,39;;;6
HU-AG300-ALT-COM;Huawei;Ascend G300;Altavoz;Compatible;3,75;;;6
HU-AG300-AUR-COM;Huawei;Ascend G300;Auricular de llamada;Compatible;3,15;;;6
HU-AG300-FLX-COM;Huawei;Ascend G300;Flex de encendido y volumen;Compatible;3,05;;;6
HU-AG300-SIM-COM;Huawei;Ascend G300;Bandeja SIM;Compatible;2,90;;;6
HU-AG312-PAN-ORI;Huawei;Ascend G312;Pantalla;Original;33,25;32,25;31,26;12
HU-AG312-PAN-COM;Huawei;Ascend G312;Pantalla;Compatible;14,95;14,50;14,05;6
HU-AG312-BAT-COM;Huawei;Ascend G312;Batería;Compatible;9,05;;;6
HU-AG312-CON-COM;Huawei;Ascend G312;Conector de carga;Compatible;4,25;;;6
HU-AG312-TAP-COM;Huawei;Ascend G312;Tapa trasera;Compatible;5,30;;;6
HU-AG312-CTR-COM;Huawei;Ascend G312;Cámara trasera;Compatible;8,59;;;6
HU-AG312-CFR-COM;Huawei;Ascend G312;Cámara frontal;Compatible;4,75;;;6
HU-AG312-LEN-COM;Huawei;Ascend G312;Lente de cámara;Compatible;2,39;;;6
HU-AG312-ALT-COM;Huawei;Ascend G312;Altavoz;Compatible;3,75;;;6
HU-AG312-AUR-COM;Huawei;Ascend G312;Auricular de llamada;Compatible;3,15;;;6
HU-AG312-FLX-COM;Huawei;Ascend G312;Flex de encendido y volumen;Compatible;3,05;;;6
HU-AG312-SIM-COM;Huawei;Ascend G312;Bandeja SIM;Compatible;2,90;;;6
HU-AY330-PAN-COM;Huawei;Ascend Y330;Pantalla;Compatible;14,95;14,50;14,05;6
HU-AY330-BAT-COM;Huawei;Ascend Y330;Batería;Compatible;9,05;;;6
HU-AY330-CON-COM;Huawei;Ascend Y330;Conector de carga;Compatible;4,25;;;6
HU-AY330-TAP-COM;Huawei;Ascend Y330;Tapa trasera;Compatible;5,30;;;6
HU-AY330-CTR-COM;Huawei;Ascend Y330;Cámara trasera;Compatible;8,59;;;6
HU-AY330-CFR-COM;Huawei;Ascend Y330;Cámara frontal;Compatible;4,75;;;6
HU-AY330-LEN-COM;Huawei;Ascend Y330;Lente de cámara;Compatible;2,39;;;6
HU-AY330-ALT-COM;Huawei;Ascend Y330;Altavoz;Compatible;3,75;;;6
HU-AY330-AUR-COM;Huawei;Ascend Y330;Auricular de llamada;Compatible;3,15;;;6
HU-AY330-FLX-COM;Huawei;Ascend Y330;Flex de encendido y volumen;Compatible;3,05;;;6
HU-AY330-SIM-COM;Huawei;Ascend Y330;Bandeja SIM;Compatible;2,90;;;6
HU-M10P-PAN-COM;Huawei;Mate 10 Pro;Pantalla;Compatible;21,30;20,66;20,02;6
HU-M10P-BAT-COM;Huawei;Mate 10 Pro;Batería;Compatible;8,85;;;6
HU-M10P-CON-COM;Huawei;Mate 10 Pro;Conector de carga;Compatible;5,75;;;6
HU-M10P-TAP-COM;Huawei;Mate 10 Pro;Tapa trasera;Compatible;6,55;;;6
HU-M10P-CTR-COM;Huawei;Mate 10 Pro;Cámara trasera;Compatible;10,75;10,43;10,10;6
HU-M10P-CFR-COM;Huawei;Mate 10 Pro;Cámara frontal;Compatible;5,95;;;6
HU-M10P-LEN-COM;Huawei;Mate 10 Pro;Lente de cámara;Compatible;2,75;;;6
HU-M10P-ALT-COM;Huawei;Mate 10 Pro;Altavoz;Compatible;4,30;;;6
HU-M10P-AUR-COM;Huawei;Mate 10 Pro;Auricular de llamada;Compatible;3,45;;;6
HU-M10P-FLX-COM;Huawei;Mate 10 Pro;Flex de encendido y volumen;Compatible;3,35;;;6
HU-M10P-SIM-COM;Huawei;Mate 10 Pro;Bandeja SIM;Compatible;3,15;;;6
HU-M20RS-PAN-COM;Huawei;Mate 20 RS;Pantalla;Compatible;14,79;14,35;13,90;6
HU-M20RS-BAT-COM;Huawei;Mate 20 RS;Batería;Compatible;9,05;;;6
HU-M20RS-CON-COM;Huawei;Mate 20 RS;Conector de carga;Compatible;4,25;;;6
HU-M20RS-TAP-COM;Huawei;Mate 20 RS;Tapa trasera;Compatible;5,30;;;6
HU-M20RS-CTR-COM;Huawei;Mate 20 RS;Cámara trasera;Compatible;8,59;;;6
HU-M20RS-CFR-COM;Huawei;Mate 20 RS;Cámara frontal;Compatible;4,75;;;6
HU-M20RS-LEN-COM;Huawei;Mate 20 RS;Lente de cámara;Compatible;2,39;;;6
HU-M20RS-ALT-COM;Huawei;Mate 20 RS;Altavoz;Compatible;3,75;;;6
HU-M20RS-AUR-COM;Huawei;Mate 20 RS;Auricular de llamada;Compatible;3,15;;;6
HU-M20RS-FLX-COM;Huawei;Mate 20 RS;Flex de encendido y volumen;Compatible;3,05;;;6
HU-M20RS-SIM-COM;Huawei;Mate 20 RS;Bandeja SIM;Compatible;2,90;;;6
HU-M9L-PAN-COM;Huawei;Mate 9 lite;Pantalla;Compatible;15,19;14,73;14,28;6
HU-M9L-BAT-COM;Huawei;Mate 9 lite;Batería;Compatible;8,40;;;6
HU-M9L-CON-COM;Huawei;Mate 9 lite;Conector de carga;Compatible;4,55;;;6
HU-M9L-TAP-COM;Huawei;Mate 9 lite;Tapa trasera;Compatible;5,25;;;6
HU-M9L-CTR-COM;Huawei;Mate 9 lite;Cámara trasera;Compatible;7,05;;;6
HU-M9L-CFR-COM;Huawei;Mate 9 lite;Cámara frontal;Compatible;4,49;;;6
HU-M9L-LEN-COM;Huawei;Mate 9 lite;Lente de cámara;Compatible;1,99;;;6
HU-M9L-ALT-COM;Huawei;Mate 9 lite;Altavoz;Compatible;3,40;;;6
HU-M9L-AUR-COM;Huawei;Mate 9 lite;Auricular de llamada;Compatible;2,50;;;6
HU-M9L-FLX-COM;Huawei;Mate 9 lite;Flex de encendido y volumen;Compatible;2,35;;;6
HU-M9L-SIM-COM;Huawei;Mate 9 lite;Bandeja SIM;Compatible;2,50;;;6
HU-M9P-PAN-COM;Huawei;Mate 9 Pro;Pantalla;Compatible;21,30;20,66;20,02;6
HU-M9P-BAT-COM;Huawei;Mate 9 Pro;Batería;Compatible;8,85;;;6
HU-M9P-CON-COM;Huawei;Mate 9 Pro;Conector de carga;Compatible;5,75;;;6
HU-M9P-TAP-COM;Huawei;Mate 9 Pro;Tapa trasera;Compatible;6,55;;;6
HU-M9P-CTR-COM;Huawei;Mate 9 Pro;Cámara trasera;Compatible;10,75;10,43;10,10;6
HU-M9P-CFR-COM;Huawei;Mate 9 Pro;Cámara frontal;Compatible;5,95;;;6
HU-M9P-LEN-COM;Huawei;Mate 9 Pro;Lente de cámara;Compatible;2,75;;;6
HU-M9P-ALT-COM;Huawei;Mate 9 Pro;Altavoz;Compatible;4,30;;;6
HU-M9P-AUR-COM;Huawei;Mate 9 Pro;Auricular de llamada;Compatible;3,45;;;6
HU-M9P-FLX-COM;Huawei;Mate 9 Pro;Flex de encendido y volumen;Compatible;3,35;;;6
HU-M9P-SIM-COM;Huawei;Mate 9 Pro;Bandeja SIM;Compatible;3,15;;;6
HU-P20P-PAN-COM;Huawei;P20 Pro;Pantalla;Compatible;21,65;21,00;20,35;6
HU-P20P-BAT-COM;Huawei;P20 Pro;Batería;Compatible;8,95;;;6
HU-P20P-CON-COM;Huawei;P20 Pro;Conector de carga;Compatible;5,55;;;6
HU-P20P-TAP-COM;Huawei;P20 Pro;Tapa trasera;Compatible;6,25;;;6
HU-P20P-CTR-COM;Huawei;P20 Pro;Cámara trasera;Compatible;10,95;10,62;10,29;6
HU-P20P-CFR-COM;Huawei;P20 Pro;Cámara frontal;Compatible;6,05;;;6
HU-P20P-LEN-COM;Huawei;P20 Pro;Lente de cámara;Compatible;2,69;;;6
HU-P20P-ALT-COM;Huawei;P20 Pro;Altavoz;Compatible;4,19;;;6
HU-P20P-AUR-COM;Huawei;P20 Pro;Auricular de llamada;Compatible;3,45;;;6
HU-P20P-FLX-COM;Huawei;P20 Pro;Flex de encendido y volumen;Compatible;3,35;;;6
HU-P20P-SIM-COM;Huawei;P20 Pro;Bandeja SIM;Compatible;3,20;;;6
HU-P8M-PAN-COM;Huawei;P8 max;Pantalla;Compatible;15,00;14,55;14,10;6
HU-P8M-BAT-COM;Huawei;P8 max;Batería;Compatible;9,15;;;6
HU-P8M-CON-COM;Huawei;P8 max;Conector de carga;Compatible;4,15;;;6
HU-P8M-TAP-COM;Huawei;P8 max;Tapa trasera;Compatible;5,09;;;6
HU-P8M-CTR-COM;Huawei;P8 max;Cámara trasera;Compatible;8,75;;;6
HU-P8M-CFR-COM;Huawei;P8 max;Cámara frontal;Compatible;4,85;;;6
HU-P8M-LEN-COM;Huawei;P8 max;Lente de cámara;Compatible;2,30;;;6
HU-P8M-ALT-COM;Huawei;P8 max;Altavoz;Compatible;3,65;;;6
HU-P8M-AUR-COM;Huawei;P8 max;Auricular de llamada;Compatible;3,15;;;6
HU-P8M-FLX-COM;Huawei;P8 max;Flex de encendido y volumen;Compatible;3,05;;;6
HU-P8M-SIM-COM;Huawei;P8 max;Bandeja SIM;Compatible;2,95;;;6
HU-P9LP-PAN-COM;Huawei;P9 lite PREMIUM;Pantalla;Compatible;15,40;14,94;14,48;6
HU-P9LP-BAT-COM;Huawei;P9 lite PREMIUM;Batería;Compatible;8,50;;;6
HU-P9LP-CON-COM;Huawei;P9 lite PREMIUM;Conector de carga;Compatible;4,45;;;6
HU-P9LP-TAP-COM;Huawei;P9 lite PREMIUM;Tapa trasera;Compatible;5,00;;;6
HU-P9LP-CTR-COM;Huawei;P9 lite PREMIUM;Cámara trasera;Compatible;7,19;;;6
HU-P9LP-CFR-COM;Huawei;P9 lite PREMIUM;Cámara frontal;Compatible;4,55;;;6
HU-P9LP-LEN-COM;Huawei;P9 lite PREMIUM;Lente de cámara;Compatible;1,95;;;6
HU-P9LP-ALT-COM;Huawei;P9 lite PREMIUM;Altavoz;Compatible;3,30;;;6
HU-P9LP-AUR-COM;Huawei;P9 lite PREMIUM;Auricular de llamada;Compatible;2,50;;;6
HU-P9LP-FLX-COM;Huawei;P9 lite PREMIUM;Flex de encendido y volumen;Compatible;2,35;;;6
HU-P9LP-SIM-COM;Huawei;P9 lite PREMIUM;Bandeja SIM;Compatible;2,59;;;6
HU-P9LS-PAN-COM;Huawei;P9 lite smart;Pantalla;Compatible;15,40;14,94;14,48;6
HU-P9LS-BAT-COM;Huawei;P9 lite smart;Batería;Compatible;8,50;;;6
HU-P9LS-CON-COM;Huawei;P9 lite smart;Conector de carga;Compatible;4,45;;;6
HU-P9LS-TAP-COM;Huawei;P9 lite smart;Tapa trasera;Compatible;5,00;;;6
HU-P9LS-CTR-COM;Huawei;P9 lite smart;Cámara trasera;Compatible;7,19;;;6
HU-P9LS-CFR-COM;Huawei;P9 lite smart;Cámara frontal;Compatible;4,55;;;6
HU-P9LS-LEN-COM;Huawei;P9 lite smart;Lente de cámara;Compatible;1,95;;;6
HU-P9LS-ALT-COM;Huawei;P9 lite smart;Altavoz;Compatible;3,30;;;6
HU-P9LS-AUR-COM;Huawei;P9 lite smart;Auricular de llamada;Compatible;2,50;;;6
HU-P9LS-FLX-COM;Huawei;P9 lite smart;Flex de encendido y volumen;Compatible;2,35;;;6
HU-P9LS-SIM-COM;Huawei;P9 lite smart;Bandeja SIM;Compatible;2,59;;;6
HU-P9PL-PAN-COM;Huawei;P9 Plus;Pantalla;Compatible;15,00;14,55;14,10;6
HU-P9PL-BAT-COM;Huawei;P9 Plus;Batería;Compatible;9,15;;;6
HU-P9PL-CON-COM;Huawei;P9 Plus;Conector de carga;Compatible;4,15;;;6
HU-P9PL-TAP-COM;Huawei;P9 Plus;Tapa trasera;Compatible;5,09;;;6
HU-P9PL-CTR-COM;Huawei;P9 Plus;Cámara trasera;Compatible;8,75;;;6
HU-P9PL-CFR-COM;Huawei;P9 Plus;Cámara frontal;Compatible;4,85;;;6
HU-P9PL-LEN-COM;Huawei;P9 Plus;Lente de cámara;Compatible;2,30;;;6
HU-P9PL-ALT-COM;Huawei;P9 Plus;Altavoz;Compatible;3,65;;;6
HU-P9PL-AUR-COM;Huawei;P9 Plus;Auricular de llamada;Compatible;3,15;;;6
HU-P9PL-FLX-COM;Huawei;P9 Plus;Flex de encendido y volumen;Compatible;3,05;;;6
HU-P9PL-SIM-COM;Huawei;P9 Plus;Bandeja SIM;Compatible;2,95;;;6
HU-Y6E-PAN-COM;Huawei;Y6 Elite;Pantalla;Compatible;12,65;12,27;11,89;6
HU-Y6E-BAT-COM;Huawei;Y6 Elite;Batería;Compatible;7,75;;;6
HU-Y6E-CON-COM;Huawei;Y6 Elite;Conector de carga;Compatible;3,69;;;6
HU-Y6E-TAP-COM;Huawei;Y6 Elite;Tapa trasera;Compatible;4,69;;;6
HU-Y6E-CTR-COM;Huawei;Y6 Elite;Cámara trasera;Compatible;6,20;;;6
HU-Y6E-CFR-COM;Huawei;Y6 Elite;Cámara frontal;Compatible;4,19;;;6
HU-Y6E-LEN-COM;Huawei;Y6 Elite;Lente de cámara;Compatible;2,05;;;6
HU-Y6E-ALT-COM;Huawei;Y6 Elite;Altavoz;Compatible;3,35;;;6
HU-Y6E-AUR-COM;Huawei;Y6 Elite;Auricular de llamada;Compatible;2,55;;;6
HU-Y6E-FLX-COM;Huawei;Y6 Elite;Flex de encendido y volumen;Compatible;2,40;;;6
HU-Y6E-SIM-COM;Huawei;Y6 Elite;Bandeja SIM;Compatible;2,65;;;6
HU-P8-PAN-ORI;Huawei;P8;Pantalla;Original;32,49;31,52;30,54;12
HU-P8-PAN-COM;Huawei;P8;Pantalla;Compatible;15,00;14,55;14,10;6
HU-P8-BAT-COM;Huawei;P8;Batería;Compatible;9,15;;;6
HU-P8-CON-COM;Huawei;P8;Conector de carga;Compatible;4,15;;;6
HU-P8-TAP-COM-GRI;Huawei;P8;Tapa trasera;Gris Titáneo;5,09;;;6
HU-P8-TAP-COM-CHA;Huawei;P8;Tapa trasera;Champagne místico;5,09;;;6
HU-P8-CTR-COM;Huawei;P8;Cámara trasera;Compatible;8,75;;;6
HU-P8-CFR-COM;Huawei;P8;Cámara frontal;Compatible;4,85;;;6
HU-P8-LEN-COM;Huawei;P8;Lente de cámara;Compatible;2,30;;;6
HU-P8-ALT-COM;Huawei;P8;Altavoz;Compatible;3,65;;;6
HU-P8-AUR-COM;Huawei;P8;Auricular de llamada;Compatible;3,15;;;6
HU-P8-FLX-COM;Huawei;P8;Flex de encendido y volumen;Compatible;3,05;;;6
HU-P8-SIM-COM;Huawei;P8;Bandeja SIM;Compatible;2,95;;;6
HU-P8L-PAN-ORI;Huawei;P8 lite;Pantalla;Original;29,30;28,42;27,54;12
HU-P8L-PAN-COM;Huawei;P8 lite;Pantalla;Compatible;15,40;14,94;14,48;6
HU-P8L-BAT-COM;Huawei;P8 lite;Batería;Compatible;8,50;;;6
HU-P8L-CON-COM;Huawei;P8 lite;Conector de carga;Compatible;4,45;;;6
HU-P8L-TAP-COM-BLA;Huawei;P8 lite;Tapa trasera;Blanco;5,00;;;6
HU-P8L-TAP-COM-NEG;Huawei;P8 lite;Tapa trasera;Negro diamante;5,00;;;6
HU-P8L-TAP-COM-DOR;Huawei;P8 lite;Tapa trasera;Dorado;5,00;;;6
HU-P8L-CTR-COM;Huawei;P8 lite;Cámara trasera;Compatible;7,19;;;6
HU-P8L-CFR-COM;Huawei;P8 lite;Cámara frontal;Compatible;4,55;;;6
HU-P8L-LEN-COM;Huawei;P8 lite;Lente de cámara;Compatible;1,95;;;6
HU-P8L-ALT-COM;Huawei;P8 lite;Altavoz;Compatible;3,30;;;6
HU-P8L-AUR-COM;Huawei;P8 lite;Auricular de llamada;Compatible;2,50;;;6
HU-P8L-FLX-COM;Huawei;P8 lite;Flex de encendido y volumen;Compatible;2,35;;;6
HU-P8L-SIM-COM;Huawei;P8 lite;Bandeja SIM;Compatible;2,59;;;6
HU-M8-PAN-COM;Huawei;Mate 8;Pantalla;Compatible;14,79;14,35;13,90;6
HU-M8-BAT-COM;Huawei;Mate 8;Batería;Compatible;9,05;;;6
HU-M8-CON-COM;Huawei;Mate 8;Conector de carga;Compatible;4,25;;;6
HU-M8-TAP-COM-GRI;Huawei;Mate 8;Tapa trasera;Gris Espacial;5,30;;;6
HU-M8-TAP-COM-MAR;Huawei;Mate 8;Tapa trasera;Marrón Moka;5,30;;;6
HU-M8-TAP-COM-ORO;Huawei;Mate 8;Tapa trasera;Oro Champagn;5,30;;;6
HU-M8-TAP-COM-PLA;Huawei;Mate 8;Tapa trasera;Plateado lunar;5,30;;;6
HU-M8-CTR-COM;Huawei;Mate 8;Cámara trasera;Compatible;8,59;;;6
HU-M8-CFR-COM;Huawei;Mate 8;Cámara frontal;Compatible;4,75;;;6
HU-M8-LEN-COM;Huawei;Mate 8;Lente de cámara;Compatible;2,39;;;6
HU-M8-ALT-COM;Huawei;Mate 8;Altavoz;Compatible;3,75;;;6
HU-M8-AUR-COM;Huawei;Mate 8;Auricular de llamada;Compatible;3,15;;;6
HU-M8-FLX-COM;Huawei;Mate 8;Flex de encendido y volumen;Compatible;3,05;;;6
HU-M8-SIM-COM;Huawei;Mate 8;Bandeja SIM;Compatible;2,90;;;6
HU-P9-PAN-ORI;Huawei;P9;Pantalla;Original;32,49;31,52;30,54;12
HU-P9-PAN-COM;Huawei;P9;Pantalla;Compatible;15,00;14,55;14,10;6
HU-P9-BAT-COM;Huawei;P9;Batería;Compatible;9,15;;;6
HU-P9-CON-COM;Huawei;P9;Conector de carga;Compatible;4,15;;;6
HU-P9-TAP-COM-ROJ;Huawei;P9;Tapa trasera;Rojo;5,09;;;6
HU-P9-TAP-COM-AZU;Huawei;P9;Tapa trasera;Azul;5,09;;;6
HU-P9-TAP-COM-GRI;Huawei;P9;Tapa trasera;Gris Titanio;5,09;;;6
HU-P9-TAP-COM-PLA;Huawei;P9;Tapa trasera;Plata (Mystic Silver);5,09;;;6
HU-P9-CTR-COM;Huawei;P9;Cámara trasera;Compatible;8,75;;;6
HU-P9-CFR-COM;Huawei;P9;Cámara frontal;Compatible;4,85;;;6
HU-P9-LEN-COM;Huawei;P9;Lente de cámara;Compatible;2,30;;;6
HU-P9-ALT-COM;Huawei;P9;Altavoz;Compatible;3,65;;;6
HU-P9-AUR-COM;Huawei;P9;Auricular de llamada;Compatible;3,15;;;6
HU-P9-FLX-COM;Huawei;P9;Flex de encendido y volumen;Compatible;3,05;;;6
HU-P9-SIM-COM;Huawei;P9;Bandeja SIM;Compatible;2,95;;;6
HU-P9L-PAN-ORI;Huawei;P9 lite;Pantalla;Original;29,30;28,42;27,54;12
HU-P9L-PAN-COM;Huawei;P9 lite;Pantalla;Compatible;15,40;14,94;14,48;6
HU-P9L-BAT-COM;Huawei;P9 lite;Batería;Compatible;8,50;;;6
HU-P9L-CON-COM;Huawei;P9 lite;Conector de carga;Compatible;4,45;;;6
HU-P9L-TAP-COM-NEG;Huawei;P9 lite;Tapa trasera;Negro;5,00;;;6
HU-P9L-TAP-COM-BLA;Huawei;P9 lite;Tapa trasera;Blanco;5,00;;;6
HU-P9L-CTR-COM;Huawei;P9 lite;Cámara trasera;Compatible;7,19;;;6
HU-P9L-CFR-COM;Huawei;P9 lite;Cámara frontal;Compatible;4,55;;;6
HU-P9L-LEN-COM;Huawei;P9 lite;Lente de cámara;Compatible;1,95;;;6
HU-P9L-ALT-COM;Huawei;P9 lite;Altavoz;Compatible;3,30;;;6
HU-P9L-AUR-COM;Huawei;P9 lite;Auricular de llamada;Compatible;2,50;;;6
HU-P9L-FLX-COM;Huawei;P9 lite;Flex de encendido y volumen;Compatible;2,35;;;6
HU-P9L-SIM-COM;Huawei;P9 lite;Bandeja SIM;Compatible;2,59;;;6
HU-N-PAN-ORI;Huawei;nova;Pantalla;Original;30,00;29,10;28,20;12
HU-N-PAN-COM;Huawei;nova;Pantalla;Compatible;15,35;14,89;14,43;6
HU-N-BAT-COM;Huawei;nova;Batería;Compatible;8,40;;;6
HU-N-CON-COM;Huawei;nova;Conector de carga;Compatible;4,55;;;6
HU-N-TAP-COM-GRI;Huawei;nova;Tapa trasera;Gris titanio;5,25;;;6
HU-N-TAP-COM-ORO;Huawei;nova;Tapa trasera;Oro prestige;5,25;;;6
HU-N-TAP-COM-PLA;Huawei;nova;Tapa trasera;Plata Místico;5,25;;;6
HU-N-CTR-COM;Huawei;nova;Cámara trasera;Compatible;7,05;;;6
HU-N-CFR-COM;Huawei;nova;Cámara frontal;Compatible;4,49;;;6
HU-N-LEN-COM;Huawei;nova;Lente de cámara;Compatible;1,99;;;6
HU-N-ALT-COM;Huawei;nova;Altavoz;Compatible;3,40;;;6
HU-N-AUR-COM;Huawei;nova;Auricular de llamada;Compatible;2,50;;;6
HU-N-FLX-COM;Huawei;nova;Flex de encendido y volumen;Compatible;2,35;;;6
HU-N-SIM-COM;Huawei;nova;Bandeja SIM;Compatible;2,50;;;6
HU-NPL-PAN-ORI;Huawei;nova plus;Pantalla;Original;30,00;29,10;28,20;12
HU-NPL-PAN-COM;Huawei;nova plus;Pantalla;Compatible;15,35;14,89;14,43;6
HU-NPL-BAT-COM;Huawei;nova plus;Batería;Compatible;8,40;;;6
HU-NPL-CON-COM;Huawei;nova plus;Conector de carga;Compatible;4,55;;;6
HU-NPL-TAP-COM-GRI;Huawei;nova plus;Tapa trasera;Gris titanio;5,25;;;6
HU-NPL-TAP-COM-ORO;Huawei;nova plus;Tapa trasera;Oro prestige;5,25;;;6
HU-NPL-TAP-COM-PLA;Huawei;nova plus;Tapa trasera;Plata Místico;5,25;;;6
HU-NPL-CTR-COM;Huawei;nova plus;Cámara trasera;Compatible;7,05;;;6
HU-NPL-CFR-COM;Huawei;nova plus;Cámara frontal;Compatible;4,49;;;6
HU-NPL-LEN-COM;Huawei;nova plus;Lente de cámara;Compatible;1,99;;;6
HU-NPL-ALT-COM;Huawei;nova plus;Altavoz;Compatible;3,40;;;6
HU-NPL-AUR-COM;Huawei;nova plus;Auricular de llamada;Compatible;2,50;;;6
HU-NPL-FLX-COM;Huawei;nova plus;Flex de encendido y volumen;Compatible;2,35;;;6
HU-NPL-SIM-COM;Huawei;nova plus;Bandeja SIM;Compatible;2,50;;;6
HU-M9-PAN-ORI;Huawei;Mate 9;Pantalla;Original;33,25;32,25;31,26;12
HU-M9-PAN-COM;Huawei;Mate 9;Pantalla;Compatible;14,79;14,35;13,90;6
HU-M9-BAT-COM;Huawei;Mate 9;Batería;Compatible;8,85;;;6
HU-M9-CON-COM;Huawei;Mate 9;Conector de carga;Compatible;4,25;;;6
HU-M9-TAP-COM-GRI;Huawei;Mate 9;Tapa trasera;Gris Espacial;5,30;;;6
HU-M9-TAP-COM-MAR;Huawei;Mate 9;Tapa trasera;Marrón Moka;5,30;;;6
HU-M9-TAP-COM-ORO;Huawei;Mate 9;Tapa trasera;Oro Champagn;5,30;;;6
HU-M9-TAP-COM-BLA;Huawei;Mate 9;Tapa trasera;Blanco (Ceramic White);5,30;;;6
HU-M9-TAP-COM-PLA;Huawei;Mate 9;Tapa trasera;Plata Luna;5,30;;;6
HU-M9-CTR-COM;Huawei;Mate 9;Cámara trasera;Compatible;8,59;;;6
HU-M9-CFR-COM;Huawei;Mate 9;Cámara frontal;Compatible;4,75;;;6
HU-M9-LEN-COM;Huawei;Mate 9;Lente de cámara;Compatible;2,39;;;6
HU-M9-ALT-COM;Huawei;Mate 9;Altavoz;Compatible;3,75;;;6
HU-M9-AUR-COM;Huawei;Mate 9;Auricular de llamada;Compatible;3,15;;;6
HU-M9-FLX-COM;Huawei;Mate 9;Flex de encendido y volumen;Compatible;3,05;;;6
HU-M9-SIM-COM;Huawei;Mate 9;Bandeja SIM;Compatible;2,90;;;6
HU-P8L17-PAN-ORI;Huawei;P8 lite 2017;Pantalla;Original;29,30;28,42;27,54;12
HU-P8L17-PAN-COM;Huawei;P8 lite 2017;Pantalla;Compatible;15,40;14,94;14,48;6
HU-P8L17-BAT-COM;Huawei;P8 lite 2017;Batería;Compatible;8,50;;;6
HU-P8L17-CON-COM;Huawei;P8 lite 2017;Conector de carga;Compatible;4,45;;;6
HU-P8L17-TAP-COM-DOR;Huawei;P8 lite 2017;Tapa trasera;Dorado;5,00;;;6
HU-P8L17-TAP-COM-NEG;Huawei;P8 lite 2017;Tapa trasera;Negro;5,00;;;6
HU-P8L17-TAP-COM-BLA;Huawei;P8 lite 2017;Tapa trasera;Blanco;5,00;;;6
HU-P8L17-TAP-COM-AZU;Huawei;P8 lite 2017;Tapa trasera;Azul;5,00;;;6
HU-P8L17-CTR-COM;Huawei;P8 lite 2017;Cámara trasera;Compatible;7,19;;;6
HU-P8L17-CFR-COM;Huawei;P8 lite 2017;Cámara frontal;Compatible;4,55;;;6
HU-P8L17-LEN-COM;Huawei;P8 lite 2017;Lente de cámara;Compatible;1,95;;;6
HU-P8L17-ALT-COM;Huawei;P8 lite 2017;Altavoz;Compatible;3,30;;;6
HU-P8L17-AUR-COM;Huawei;P8 lite 2017;Auricular de llamada;Compatible;2,50;;;6
HU-P8L17-FLX-COM;Huawei;P8 lite 2017;Flex de encendido y volumen;Compatible;2,35;;;6
HU-P8L17-SIM-COM;Huawei;P8 lite 2017;Bandeja SIM;Compatible;2,59;;;6
HU-P10-PAN-COM;Huawei;P10;Pantalla;Compatible;15,00;14,55;14,10;6
HU-P10-BAT-COM;Huawei;P10;Batería;Compatible;9,15;;;6
HU-P10-CON-COM;Huawei;P10;Conector de carga;Compatible;4,15;;;6
HU-P10-TAP-COM-ORO;Huawei;P10;Tapa trasera;Oro Prestigio;5,09;;;6
HU-P10-TAP-COM-BLA;Huawei;P10;Tapa trasera;Blanco Cerámico;5,09;;;6
HU-P10-TAP-COM-AZU;Huawei;P10;Tapa trasera;Azul Resplandeciente;5,09;;;6
HU-P10-TAP-COM-ORE;Huawei;P10;Tapa trasera;Oro Resplandeciente;5,09;;;6
HU-P10-TAP-COM-NEG;Huawei;P10;Tapa trasera;Negro diamante;5,09;;;6
HU-P10-TAP-COM-PLA;Huawei;P10;Tapa trasera;Plata Místico;5,09;;;6
HU-P10-TAP-COM-OOR;Huawei;P10;Tapa trasera;Oro Rosa;5,09;;;6
HU-P10-CTR-COM;Huawei;P10;Cámara trasera;Compatible;8,75;;;6
HU-P10-CFR-COM;Huawei;P10;Cámara frontal;Compatible;4,85;;;6
HU-P10-LEN-COM;Huawei;P10;Lente de cámara;Compatible;2,30;;;6
HU-P10-ALT-COM;Huawei;P10;Altavoz;Compatible;3,65;;;6
HU-P10-AUR-COM;Huawei;P10;Auricular de llamada;Compatible;3,15;;;6
HU-P10-FLX-COM;Huawei;P10;Flex de encendido y volumen;Compatible;3,05;;;6
HU-P10-SIM-COM;Huawei;P10;Bandeja SIM;Compatible;2,95;;;6
HU-P10L-PAN-ORI;Huawei;P10 lite;Pantalla;Original;29,30;28,42;27,54;12
HU-P10L-PAN-COM;Huawei;P10 lite;Pantalla;Compatible;15,40;14,94;14,48;6
HU-P10L-BAT-COM;Huawei;P10 lite;Batería;Compatible;8,50;;;6
HU-P10L-CON-COM;Huawei;P10 lite;Conector de carga;Compatible;4,45;;;6
HU-P10L-TAP-COM-AZU;Huawei;P10 lite;Tapa trasera;azul zafiro;5,00;;;6
HU-P10L-TAP-COM-NEG;Huawei;P10 lite;Tapa trasera;Negro diamante;5,00;;;6
HU-P10L-TAP-COM-BLA;Huawei;P10 lite;Tapa trasera;blanco perla;5,00;;;6
HU-P10L-TAP-COM-ORO;Huawei;P10 lite;Tapa trasera;oro platino;5,00;;;6
HU-P10L-CTR-COM;Huawei;P10 lite;Cámara trasera;Compatible;7,19;;;6
HU-P10L-CFR-COM;Huawei;P10 lite;Cámara frontal;Compatible;4,55;;;6
HU-P10L-LEN-COM;Huawei;P10 lite;Lente de cámara;Compatible;1,95;;;6
HU-P10L-ALT-COM;Huawei;P10 lite;Altavoz;Compatible;3,30;;;6
HU-P10L-AUR-COM;Huawei;P10 lite;Auricular de llamada;Compatible;2,50;;;6
HU-P10L-FLX-COM;Huawei;P10 lite;Flex de encendido y volumen;Compatible;2,35;;;6
HU-P10L-SIM-COM;Huawei;P10 lite;Bandeja SIM;Compatible;2,59;;;6
HU-P10PL-PAN-COM;Huawei;P10 Plus;Pantalla;Compatible;15,00;14,55;14,10;6
HU-P10PL-BAT-COM;Huawei;P10 Plus;Batería;Compatible;9,15;;;6
HU-P10PL-CON-COM;Huawei;P10 Plus;Conector de carga;Compatible;4,15;;;6
HU-P10PL-TAP-COM-BLA;Huawei;P10 Plus;Tapa trasera;Blanco Cerámico;5,09;;;6
HU-P10PL-TAP-COM-AZU;Huawei;P10 Plus;Tapa trasera;Azul Resplandeciente;5,09;;;6
HU-P10PL-TAP-COM-ORO;Huawei;P10 Plus;Tapa trasera;Oro Resplandeciente;5,09;;;6
HU-P10PL-TAP-COM-PLA;Huawei;P10 Plus;Tapa trasera;Plata Místico;5,09;;;6
HU-P10PL-TAP-COM-NEG;Huawei;P10 Plus;Tapa trasera;Negro diamante;5,09;;;6
HU-P10PL-TAP-COM-VER;Huawei;P10 Plus;Tapa trasera;Verde;5,09;;;6
HU-P10PL-TAP-COM-OOR;Huawei;P10 Plus;Tapa trasera;Oro Rosa;5,09;;;6
HU-P10PL-CTR-COM;Huawei;P10 Plus;Cámara trasera;Compatible;8,75;;;6
HU-P10PL-CFR-COM;Huawei;P10 Plus;Cámara frontal;Compatible;4,85;;;6
HU-P10PL-LEN-COM;Huawei;P10 Plus;Lente de cámara;Compatible;2,30;;;6
HU-P10PL-ALT-COM;Huawei;P10 Plus;Altavoz;Compatible;3,65;;;6
HU-P10PL-AUR-COM;Huawei;P10 Plus;Auricular de llamada;Compatible;3,15;;;6
HU-P10PL-FLX-COM;Huawei;P10 Plus;Flex de encendido y volumen;Compatible;3,05;;;6
HU-P10PL-SIM-COM;Huawei;P10 Plus;Bandeja SIM;Compatible;2,95;;;6
HU-Y6P17-PAN-ORI;Huawei;Y6 Pro 2017;Pantalla;Original;24,09;23,37;22,64;12
HU-Y6P17-PAN-COM;Huawei;Y6 Pro 2017;Pantalla;Compatible;12,65;12,27;11,89;6
HU-Y6P17-BAT-COM;Huawei;Y6 Pro 2017;Batería;Compatible;7,75;;;6
HU-Y6P17-CON-COM;Huawei;Y6 Pro 2017;Conector de carga;Compatible;3,69;;;6
HU-Y6P17-TAP-COM-PLA;Huawei;Y6 Pro 2017;Tapa trasera;Plateado;4,69;;;6
HU-Y6P17-TAP-COM-NEG;Huawei;Y6 Pro 2017;Tapa trasera;Negro;4,69;;;6
HU-Y6P17-TAP-COM-ORO;Huawei;Y6 Pro 2017;Tapa trasera;Oro;4,69;;;6
HU-Y6P17-CTR-COM;Huawei;Y6 Pro 2017;Cámara trasera;Compatible;6,20;;;6
HU-Y6P17-CFR-COM;Huawei;Y6 Pro 2017;Cámara frontal;Compatible;4,19;;;6
HU-Y6P17-LEN-COM;Huawei;Y6 Pro 2017;Lente de cámara;Compatible;2,05;;;6
HU-Y6P17-ALT-COM;Huawei;Y6 Pro 2017;Altavoz;Compatible;3,35;;;6
HU-Y6P17-AUR-COM;Huawei;Y6 Pro 2017;Auricular de llamada;Compatible;2,55;;;6
HU-Y6P17-FLX-COM;Huawei;Y6 Pro 2017;Flex de encendido y volumen;Compatible;2,40;;;6
HU-Y6P17-SIM-COM;Huawei;Y6 Pro 2017;Bandeja SIM;Compatible;2,65;;;6
HU-PS-PAN-ORI;Huawei;P smart;Pantalla;Original;24,09;23,37;22,64;12
HU-PS-PAN-COM;Huawei;P smart;Pantalla;Compatible;12,19;11,82;11,46;6
HU-PS-BAT-COM;Huawei;P smart;Batería;Compatible;7,19;;;6
HU-PS-CON-COM;Huawei;P smart;Conector de carga;Compatible;3,70;;;6
HU-PS-TAP-COM-NEG;Huawei;P smart;Tapa trasera;Negro;4,69;;;6
HU-PS-TAP-COM-AZU;Huawei;P smart;Tapa trasera;Azul;4,69;;;6
HU-PS-TAP-COM-GOL;Huawei;P smart;Tapa trasera;Golden;4,69;;;6
HU-PS-CTR-COM;Huawei;P smart;Cámara trasera;Compatible;5,45;;;6
HU-PS-CFR-COM;Huawei;P smart;Cámara frontal;Compatible;3,99;;;6
HU-PS-LEN-COM;Huawei;P smart;Lente de cámara;Compatible;2,05;;;6
HU-PS-ALT-COM;Huawei;P smart;Altavoz;Compatible;3,35;;;6
HU-PS-AUR-COM;Huawei;P smart;Auricular de llamada;Compatible;2,55;;;6
HU-PS-FLX-COM;Huawei;P smart;Flex de encendido y volumen;Compatible;2,40;;;6
HU-PS-SIM-COM;Huawei;P smart;Bandeja SIM;Compatible;2,65;;;6
HU-Y718-PAN-ORI;Huawei;Y7 2018;Pantalla;Original;24,09;23,37;22,64;12
HU-Y718-PAN-COM;Huawei;Y7 2018;Pantalla;Compatible;12,65;12,27;11,89;6
HU-Y718-BAT-COM;Huawei;Y7 2018;Batería;Compatible;7,75;;;6
HU-Y718-CON-COM;Huawei;Y7 2018;Conector de carga;Compatible;3,69;;;6
HU-Y718-TAP-COM-NER;Huawei;Y7 2018;Tapa trasera;Nero;4,69;;;6
HU-Y718-TAP-COM-AZU;Huawei;Y7 2018;Tapa trasera;Azul;4,69;;;6
HU-Y718-TAP-COM-ORO;Huawei;Y7 2018;Tapa trasera;Oro;4,69;;;6
HU-Y718-CTR-COM;Huawei;Y7 2018;Cámara trasera;Compatible;6,20;;;6
HU-Y718-CFR-COM;Huawei;Y7 2018;Cámara frontal;Compatible;4,19;;;6
HU-Y718-LEN-COM;Huawei;Y7 2018;Lente de cámara;Compatible;2,05;;;6
HU-Y718-ALT-COM;Huawei;Y7 2018;Altavoz;Compatible;3,35;;;6
HU-Y718-AUR-COM;Huawei;Y7 2018;Auricular de llamada;Compatible;2,55;;;6
HU-Y718-FLX-COM;Huawei;Y7 2018;Flex de encendido y volumen;Compatible;2,40;;;6
HU-Y718-SIM-COM;Huawei;Y7 2018;Bandeja SIM;Compatible;2,65;;;6
HU-Y618-PAN-ORI;Huawei;Y6 2018;Pantalla;Original;24,09;23,37;22,64;12
HU-Y618-PAN-COM;Huawei;Y6 2018;Pantalla;Compatible;12,65;12,27;11,89;6
HU-Y618-BAT-COM;Huawei;Y6 2018;Batería;Compatible;7,75;;;6
HU-Y618-CON-COM;Huawei;Y6 2018;Conector de carga;Compatible;3,69;;;6
HU-Y618-TAP-COM-NEG;Huawei;Y6 2018;Tapa trasera;Negro;4,69;;;6
HU-Y618-TAP-COM-AZU;Huawei;Y6 2018;Tapa trasera;Azul;4,69;;;6
HU-Y618-TAP-COM-DOR;Huawei;Y6 2018;Tapa trasera;Dorado;4,69;;;6
HU-Y618-CTR-COM;Huawei;Y6 2018;Cámara trasera;Compatible;6,20;;;6
HU-Y618-CFR-COM;Huawei;Y6 2018;Cámara frontal;Compatible;4,19;;;6
HU-Y618-LEN-COM;Huawei;Y6 2018;Lente de cámara;Compatible;2,05;;;6
HU-Y618-ALT-COM;Huawei;Y6 2018;Altavoz;Compatible;3,35;;;6
HU-Y618-AUR-COM;Huawei;Y6 2018;Auricular de llamada;Compatible;2,55;;;6
HU-Y618-FLX-COM;Huawei;Y6 2018;Flex de encendido y volumen;Compatible;2,40;;;6
HU-Y618-SIM-COM;Huawei;Y6 2018;Bandeja SIM;Compatible;2,65;;;6
HU-Y518-PAN-ORI;Huawei;Y5 2018;Pantalla;Original;24,09;23,37;22,64;12
HU-Y518-PAN-COM;Huawei;Y5 2018;Pantalla;Compatible;12,65;12,27;11,89;6
HU-Y518-BAT-COM;Huawei;Y5 2018;Batería;Compatible;7,75;;;6
HU-Y518-CON-COM;Huawei;Y5 2018;Conector de carga;Compatible;3,69;;;6
HU-Y518-TAP-COM-NEG;Huawei;Y5 2018;Tapa trasera;Negro;4,69;;;6
HU-Y518-TAP-COM-AZU;Huawei;Y5 2018;Tapa trasera;Azul;4,69;;;6
HU-Y518-TAP-COM-DOR;Huawei;Y5 2018;Tapa trasera;Dorado;4,69;;;6
HU-Y518-CTR-COM;Huawei;Y5 2018;Cámara trasera;Compatible;6,20;;;6
HU-Y518-CFR-COM;Huawei;Y5 2018;Cámara frontal;Compatible;4,19;;;6
HU-Y518-LEN-COM;Huawei;Y5 2018;Lente de cámara;Compatible;2,05;;;6
HU-Y518-ALT-COM;Huawei;Y5 2018;Altavoz;Compatible;3,35;;;6
HU-Y518-AUR-COM;Huawei;Y5 2018;Auricular de llamada;Compatible;2,55;;;6
HU-Y518-FLX-COM;Huawei;Y5 2018;Flex de encendido y volumen;Compatible;2,40;;;6
HU-Y518-SIM-COM;Huawei;Y5 2018;Bandeja SIM;Compatible;2,65;;;6
HU-PSPL-PAN-ORI;Huawei;P smart+;Pantalla;Original;24,09;23,37;22,64;12
HU-PSPL-PAN-COM;Huawei;P smart+;Pantalla;Compatible;12,19;11,82;11,46;6
HU-PSPL-BAT-COM;Huawei;P smart+;Batería;Compatible;7,75;;;6
HU-PSPL-CON-COM;Huawei;P smart+;Conector de carga;Compatible;3,70;;;6
HU-PSPL-TAP-COM-NEG;Huawei;P smart+;Tapa trasera;Negro;4,69;;;6
HU-PSPL-TAP-COM-MOR;Huawei;P smart+;Tapa trasera;Morado (Iris Purple);4,69;;;6
HU-PSPL-CTR-COM;Huawei;P smart+;Cámara trasera;Compatible;6,00;;;6
HU-PSPL-CFR-COM;Huawei;P smart+;Cámara frontal;Compatible;3,99;;;6
HU-PSPL-LEN-COM;Huawei;P smart+;Lente de cámara;Compatible;2,05;;;6
HU-PSPL-ALT-COM;Huawei;P smart+;Altavoz;Compatible;3,35;;;6
HU-PSPL-AUR-COM;Huawei;P smart+;Auricular de llamada;Compatible;2,55;;;6
HU-PSPL-FLX-COM;Huawei;P smart+;Flex de encendido y volumen;Compatible;2,40;;;6
HU-PSPL-SIM-COM;Huawei;P smart+;Bandeja SIM;Compatible;2,65;;;6
HU-M20X5-PAN-ORI;Huawei;Mate 20 X 5G;Pantalla;Original;84,15;81,63;79,10;12
HU-M20X5-PAN-INC;Huawei;Mate 20 X 5G;Pantalla;Incell;24,85;24,10;23,36;6
HU-M20X5-BAT-COM;Huawei;Mate 20 X 5G;Batería;Compatible;8,69;;;6
HU-M20X5-CON-COM;Huawei;Mate 20 X 5G;Conector de carga;Compatible;5,75;;;6
HU-M20X5-TAP-COM-VER;Huawei;Mate 20 X 5G;Tapa trasera;Verde (Emerald Green);6,55;;;6
HU-M20X5-CTR-COM;Huawei;Mate 20 X 5G;Cámara trasera;Compatible;10,75;10,43;10,10;6
HU-M20X5-CFR-COM;Huawei;Mate 20 X 5G;Cámara frontal;Compatible;5,95;;;6
HU-M20X5-LEN-COM;Huawei;Mate 20 X 5G;Lente de cámara;Compatible;2,75;;;6
HU-M20X5-ALT-COM;Huawei;Mate 20 X 5G;Altavoz;Compatible;4,30;;;6
HU-M20X5-AUR-COM;Huawei;Mate 20 X 5G;Auricular de llamada;Compatible;3,45;;;6
HU-M20X5-FLX-COM;Huawei;Mate 20 X 5G;Flex de encendido y volumen;Compatible;3,35;;;6
HU-M20X5-SIM-COM;Huawei;Mate 20 X 5G;Bandeja SIM;Compatible;3,15;;;6
HU-N8I-PAN-ORI;Huawei;nova 8i;Pantalla;Original;33,00;32,01;31,02;12
HU-N8I-PAN-COM;Huawei;nova 8i;Pantalla;Compatible;16,29;15,80;15,31;6
HU-N8I-BAT-COM;Huawei;nova 8i;Batería;Compatible;7,19;;;6
HU-N8I-CON-COM;Huawei;nova 8i;Conector de carga;Compatible;4,35;;;6
HU-N8I-TAP-COM-PLA;Huawei;nova 8i;Tapa trasera;Plata;5,35;;;6
HU-N8I-TAP-COM-NEG;Huawei;nova 8i;Tapa trasera;Negro;5,35;;;6
HU-N8I-CTR-COM;Huawei;nova 8i;Cámara trasera;Compatible;5,75;;;6
HU-N8I-CFR-COM;Huawei;nova 8i;Cámara frontal;Compatible;3,29;;;6
HU-N8I-LEN-COM;Huawei;nova 8i;Lente de cámara;Compatible;2,00;;;6
HU-N8I-ALT-COM;Huawei;nova 8i;Altavoz;Compatible;3,15;;;6
HU-N8I-AUR-COM;Huawei;nova 8i;Auricular de llamada;Compatible;2,29;;;6
HU-N8I-FLX-COM;Huawei;nova 8i;Flex de encendido y volumen;Compatible;2,19;;;6
HU-N8I-SIM-COM;Huawei;nova 8i;Bandeja SIM;Compatible;2,59;;;6
HU-MXS2-PAN-ORI;Huawei;Mate Xs 2;Pantalla;Original;253,65;246,04;238,43;12
HU-MXS2-PAN-COM;Huawei;Mate Xs 2;Pantalla;Compatible;140,75;136,53;132,30;6
HU-MXS2-PAN-ORI-EXT;Huawei;Mate Xs 2;Pantalla exterior;Original;80,60;78,18;75,76;12
HU-MXS2-PAN-COM-EXT;Huawei;Mate Xs 2;Pantalla exterior;Compatible;23,20;22,50;21,81;6
HU-MXS2-BAT-COM;Huawei;Mate Xs 2;Batería;Compatible;7,40;;;6
HU-MXS2-CON-COM;Huawei;Mate Xs 2;Conector de carga;Compatible;8,39;;;6
HU-MXS2-TAP-COM-BLA;Huawei;Mate Xs 2;Tapa trasera;Blanco;9,55;;;6
HU-MXS2-TAP-COM-NEG;Huawei;Mate Xs 2;Tapa trasera;Negro;9,55;;;6
HU-MXS2-CTR-COM;Huawei;Mate Xs 2;Cámara trasera;Compatible;13,30;12,90;12,50;6
HU-MXS2-CFR-COM;Huawei;Mate Xs 2;Cámara frontal;Compatible;5,80;;;6
HU-MXS2-LEN-COM;Huawei;Mate Xs 2;Lente de cámara;Compatible;4,09;;;6
HU-MXS2-ALT-COM;Huawei;Mate Xs 2;Altavoz;Compatible;6,10;;;6
HU-MXS2-AUR-COM;Huawei;Mate Xs 2;Auricular de llamada;Compatible;4,55;;;6
HU-MXS2-FLX-COM;Huawei;Mate Xs 2;Flex de encendido y volumen;Compatible;4,50;;;6
HU-MXS2-SIM-COM;Huawei;Mate Xs 2;Bandeja SIM;Compatible;4,79;;;6
HU-N11P-PAN-ORI;Huawei;nova 11 Pro;Pantalla;Original;55,05;53,40;51,75;12
HU-N11P-PAN-INC;Huawei;nova 11 Pro;Pantalla;Incell;20,20;19,59;18,99;6
HU-N11P-BAT-COM;Huawei;nova 11 Pro;Batería;Compatible;8,20;;;6
HU-N11P-CON-COM;Huawei;nova 11 Pro;Conector de carga;Compatible;4,99;;;6
HU-N11P-TAP-COM-VER;Huawei;nova 11 Pro;Tapa trasera;Verde;6,05;;;6
HU-N11P-TAP-COM-NEG;Huawei;nova 11 Pro;Tapa trasera;Negro;6,05;;;6
HU-N11P-CTR-COM;Huawei;nova 11 Pro;Cámara trasera;Compatible;8,09;;;6
HU-N11P-CFR-COM;Huawei;nova 11 Pro;Cámara frontal;Compatible;4,85;;;6
HU-N11P-LEN-COM;Huawei;nova 11 Pro;Lente de cámara;Compatible;2,10;;;6
HU-N11P-ALT-COM;Huawei;nova 11 Pro;Altavoz;Compatible;3,39;;;6
HU-N11P-AUR-COM;Huawei;nova 11 Pro;Auricular de llamada;Compatible;2,50;;;6
HU-N11P-FLX-COM;Huawei;nova 11 Pro;Flex de encendido y volumen;Compatible;2,65;;;6
HU-N11P-SIM-COM;Huawei;nova 11 Pro;Bandeja SIM;Compatible;2,55;;;6
HU-N11I-PAN-ORI;Huawei;nova 11i;Pantalla;Original;34,05;33,03;32,01;12
HU-N11I-PAN-COM;Huawei;nova 11i;Pantalla;Compatible;17,35;16,83;16,31;6
HU-N11I-BAT-COM;Huawei;nova 11i;Batería;Compatible;8,20;;;6
HU-N11I-CON-COM;Huawei;nova 11i;Conector de carga;Compatible;4,99;;;6
HU-N11I-TAP-COM-NEG;Huawei;nova 11i;Tapa trasera;Negro;6,05;;;6
HU-N11I-TAP-COM-VER;Huawei;nova 11i;Tapa trasera;Verde Menta;6,05;;;6
HU-N11I-CTR-COM;Huawei;nova 11i;Cámara trasera;Compatible;8,09;;;6
HU-N11I-CFR-COM;Huawei;nova 11i;Cámara frontal;Compatible;4,85;;;6
HU-N11I-LEN-COM;Huawei;nova 11i;Lente de cámara;Compatible;2,10;;;6
HU-N11I-ALT-COM;Huawei;nova 11i;Altavoz;Compatible;3,39;;;6
HU-N11I-AUR-COM;Huawei;nova 11i;Auricular de llamada;Compatible;2,50;;;6
HU-N11I-FLX-COM;Huawei;nova 11i;Flex de encendido y volumen;Compatible;2,65;;;6
HU-N11I-SIM-COM;Huawei;nova 11i;Bandeja SIM;Compatible;2,55;;;6
HU-N12SE-PAN-ORI;Huawei;nova 12 SE;Pantalla;Original;44,25;42,92;41,60;12
HU-N12SE-PAN-INC;Huawei;nova 12 SE;Pantalla;Incell;16,65;16,15;15,65;6
HU-N12SE-BAT-COM;Huawei;nova 12 SE;Batería;Compatible;7,55;;;6
HU-N12SE-CON-COM;Huawei;nova 12 SE;Conector de carga;Compatible;4,05;;;6
HU-N12SE-TAP-COM-VER;Huawei;nova 12 SE;Tapa trasera;Verde;5,35;;;6
HU-N12SE-TAP-COM-NEG;Huawei;nova 12 SE;Tapa trasera;Negro;5,35;;;6
HU-N12SE-CTR-COM;Huawei;nova 12 SE;Cámara trasera;Compatible;7,10;;;6
HU-N12SE-CFR-COM;Huawei;nova 12 SE;Cámara frontal;Compatible;4,50;;;6
HU-N12SE-LEN-COM;Huawei;nova 12 SE;Lente de cámara;Compatible;2,15;;;6
HU-N12SE-ALT-COM;Huawei;nova 12 SE;Altavoz;Compatible;3,30;;;6
HU-N12SE-AUR-COM;Huawei;nova 12 SE;Auricular de llamada;Compatible;2,55;;;6
HU-N12SE-FLX-COM;Huawei;nova 12 SE;Flex de encendido y volumen;Compatible;2,70;;;6
HU-N12SE-SIM-COM;Huawei;nova 12 SE;Bandeja SIM;Compatible;2,69;;;6
HU-N12S-PAN-ORI;Huawei;nova 12s;Pantalla;Original;55,05;53,40;51,75;12
HU-N12S-PAN-INC;Huawei;nova 12s;Pantalla;Incell;20,20;19,59;18,99;6
HU-N12S-BAT-COM;Huawei;nova 12s;Batería;Compatible;8,20;;;6
HU-N12S-CON-COM;Huawei;nova 12s;Conector de carga;Compatible;4,99;;;6
HU-N12S-TAP-COM-AZU;Huawei;nova 12s;Tapa trasera;Azul;6,05;;;6
HU-N12S-TAP-COM-BLA;Huawei;nova 12s;Tapa trasera;Blanco;6,05;;;6
HU-N12S-TAP-COM-NEG;Huawei;nova 12s;Tapa trasera;Negro;6,05;;;6
HU-N12S-CTR-COM;Huawei;nova 12s;Cámara trasera;Compatible;8,09;;;6
HU-N12S-CFR-COM;Huawei;nova 12s;Cámara frontal;Compatible;4,85;;;6
HU-N12S-LEN-COM;Huawei;nova 12s;Lente de cámara;Compatible;2,10;;;6
HU-N12S-ALT-COM;Huawei;nova 12s;Altavoz;Compatible;3,39;;;6
HU-N12S-AUR-COM;Huawei;nova 12s;Auricular de llamada;Compatible;2,50;;;6
HU-N12S-FLX-COM;Huawei;nova 12s;Flex de encendido y volumen;Compatible;2,65;;;6
HU-N12S-SIM-COM;Huawei;nova 12s;Bandeja SIM;Compatible;2,55;;;6
HU-N14P-PAN-ORI;Huawei;nova 14 Pro;Pantalla;Original;57,25;55,53;53,82;12
HU-N14P-PAN-INC;Huawei;nova 14 Pro;Pantalla;Incell;21,29;20,65;20,01;6
HU-N14P-BAT-COM;Huawei;nova 14 Pro;Batería;Compatible;7,75;;;6
HU-N14P-CON-COM;Huawei;nova 14 Pro;Conector de carga;Compatible;5,95;;;6
HU-N14P-TAP-COM-NEG;Huawei;nova 14 Pro;Tapa trasera;Negro;6,45;;;6
HU-N14P-TAP-COM-AZU;Huawei;nova 14 Pro;Tapa trasera;Azul (Crystal Blue);6,45;;;6
HU-N14P-CTR-COM;Huawei;nova 14 Pro;Cámara trasera;Compatible;11,05;10,72;10,39;6
HU-N14P-CFR-COM;Huawei;nova 14 Pro;Cámara frontal;Compatible;6,75;;;6
HU-N14P-LEN-COM;Huawei;nova 14 Pro;Lente de cámara;Compatible;2,70;;;6
HU-N14P-ALT-COM;Huawei;nova 14 Pro;Altavoz;Compatible;4,45;;;6
HU-N14P-AUR-COM;Huawei;nova 14 Pro;Auricular de llamada;Compatible;3,55;;;6
HU-N14P-FLX-COM;Huawei;nova 14 Pro;Flex de encendido y volumen;Compatible;2,89;;;6
HU-N14P-SIM-COM;Huawei;nova 14 Pro;Bandeja SIM;Compatible;3,00;;;6
HU-MX7-PAN-ORI;Huawei;Mate X7;Pantalla;Original;272,20;264,03;255,87;12
HU-MX7-PAN-COM;Huawei;Mate X7;Pantalla;Compatible;157,80;153,07;148,33;6
HU-MX7-PAN-ORI-EXT;Huawei;Mate X7;Pantalla exterior;Original;86,49;83,90;81,30;12
HU-MX7-PAN-COM-EXT;Huawei;Mate X7;Pantalla exterior;Compatible;26,00;25,22;24,44;6
HU-MX7-BAT-COM;Huawei;Mate X7;Batería;Compatible;7,99;;;6
HU-MX7-CON-COM;Huawei;Mate X7;Conector de carga;Compatible;11,45;11,11;10,76;6
HU-MX7-TAP-COM-NEG;Huawei;Mate X7;Tapa trasera;Negro;11,45;11,11;10,76;6
HU-MX7-TAP-COM-BLA;Huawei;Mate X7;Tapa trasera;Blanco (Brocade White);11,45;11,11;10,76;6
HU-MX7-TAP-COM-ROJ;Huawei;Mate X7;Tapa trasera;Rojo (Nebula Red);11,45;11,11;10,76;6
HU-MX7-CTR-COM;Huawei;Mate X7;Cámara trasera;Compatible;25,55;24,78;24,02;6
HU-MX7-CFR-COM;Huawei;Mate X7;Cámara frontal;Compatible;11,89;11,53;11,18;6
HU-MX7-LEN-COM;Huawei;Mate X7;Lente de cámara;Compatible;5,49;;;6
HU-MX7-ALT-COM;Huawei;Mate X7;Altavoz;Compatible;8,69;;;6
HU-MX7-AUR-COM;Huawei;Mate X7;Auricular de llamada;Compatible;7,05;;;6
HU-MX7-FLX-COM;Huawei;Mate X7;Flex de encendido y volumen;Compatible;5,99;;;6
HU-MX7-SIM-COM;Huawei;Mate X7;Bandeja SIM;Compatible;5,55;;;6
HU-P30-PRO-NA;Huawei;P30;Cristal templado;Estándar;1,30;;;
HU-P30-PRO-PRI;Huawei;P30;Cristal templado;Privacidad;4,00;;;
HU-P30-FUN-SIL;Huawei;P30;Funda;Silicona;2,50;;;
HU-P30-FUN-TPU;Huawei;P30;Funda;Transparente;2,95;;;
HU-P30-FUN-LIB;Huawei;P30;Funda;Libro;3,70;;;
HU-P30-FUN-ANT;Huawei;P30;Funda;Antigolpes;3,10;;;
HU-P30-PCA-NA;Huawei;P30;Protector de cámara;Cristal;2,90;;;
HU-P30P-PRO-NA;Huawei;P30 Pro;Cristal templado;Estándar;1,30;;;
HU-P30P-PRO-NA-FG;Huawei;P30 Pro;Cristal templado;UV full glue;4,15;;;
HU-P30P-PRO-PRI;Huawei;P30 Pro;Cristal templado;Privacidad;4,00;;;
HU-P30P-FUN-SIL;Huawei;P30 Pro;Funda;Silicona;2,50;;;
HU-P30P-FUN-TPU;Huawei;P30 Pro;Funda;Transparente;2,95;;;
HU-P30P-FUN-LIB;Huawei;P30 Pro;Funda;Libro;3,70;;;
HU-P30P-FUN-ANT;Huawei;P30 Pro;Funda;Antigolpes;3,10;;;
HU-P30P-PCA-NA;Huawei;P30 Pro;Protector de cámara;Cristal;2,90;;;
HU-P30L-PRO-NA;Huawei;P30 lite;Cristal templado;Estándar;1,30;;;
HU-P30L-PRO-PRI;Huawei;P30 lite;Cristal templado;Privacidad;4,00;;;
HU-P30L-FUN-SIL;Huawei;P30 lite;Funda;Silicona;2,50;;;
HU-P30L-FUN-TPU;Huawei;P30 lite;Funda;Transparente;2,95;;;
HU-P30L-FUN-LIB;Huawei;P30 lite;Funda;Libro;3,70;;;
HU-P30L-FUN-ANT;Huawei;P30 lite;Funda;Antigolpes;3,10;;;
HU-P30L-PCA-NA;Huawei;P30 lite;Protector de cámara;Cristal;2,90;;;
HU-P30LNE-PRO-NA;Huawei;P30 lite New Edition;Cristal templado;Estándar;1,30;;;
HU-P30LNE-PRO-PRI;Huawei;P30 lite New Edition;Cristal templado;Privacidad;4,00;;;
HU-P30LNE-FUN-SIL;Huawei;P30 lite New Edition;Funda;Silicona;2,50;;;
HU-P30LNE-FUN-TPU;Huawei;P30 lite New Edition;Funda;Transparente;2,95;;;
HU-P30LNE-FUN-LIB;Huawei;P30 lite New Edition;Funda;Libro;3,70;;;
HU-P30LNE-FUN-ANT;Huawei;P30 lite New Edition;Funda;Antigolpes;3,10;;;
HU-P30LNE-PCA-NA;Huawei;P30 lite New Edition;Protector de cámara;Cristal;2,90;;;
HU-P30PNE-PRO-NA;Huawei;P30 Pro New Edition;Cristal templado;Estándar;1,30;;;
HU-P30PNE-PRO-NA-FG;Huawei;P30 Pro New Edition;Cristal templado;UV full glue;4,15;;;
HU-P30PNE-PRO-PRI;Huawei;P30 Pro New Edition;Cristal templado;Privacidad;4,00;;;
HU-P30PNE-FUN-SIL;Huawei;P30 Pro New Edition;Funda;Silicona;2,50;;;
HU-P30PNE-FUN-TPU;Huawei;P30 Pro New Edition;Funda;Transparente;2,95;;;
HU-P30PNE-FUN-LIB;Huawei;P30 Pro New Edition;Funda;Libro;3,70;;;
HU-P30PNE-FUN-ANT;Huawei;P30 Pro New Edition;Funda;Antigolpes;3,10;;;
HU-P30PNE-PCA-NA;Huawei;P30 Pro New Edition;Protector de cámara;Cristal;2,90;;;
HU-P40-PRO-NA;Huawei;P40;Cristal templado;Estándar;1,30;;;
HU-P40-PRO-PRI;Huawei;P40;Cristal templado;Privacidad;4,00;;;
HU-P40-FUN-SIL;Huawei;P40;Funda;Silicona;2,50;;;
HU-P40-FUN-TPU;Huawei;P40;Funda;Transparente;2,95;;;
HU-P40-FUN-LIB;Huawei;P40;Funda;Libro;3,70;;;
HU-P40-FUN-ANT;Huawei;P40;Funda;Antigolpes;3,10;;;
HU-P40-PCA-NA;Huawei;P40;Protector de cámara;Cristal;2,90;;;
HU-P40P-PRO-NA;Huawei;P40 Pro;Cristal templado;Estándar;1,30;;;
HU-P40P-PRO-NA-FG;Huawei;P40 Pro;Cristal templado;UV full glue;4,15;;;
HU-P40P-PRO-PRI;Huawei;P40 Pro;Cristal templado;Privacidad;4,00;;;
HU-P40P-FUN-SIL;Huawei;P40 Pro;Funda;Silicona;2,50;;;
HU-P40P-FUN-TPU;Huawei;P40 Pro;Funda;Transparente;2,95;;;
HU-P40P-FUN-LIB;Huawei;P40 Pro;Funda;Libro;3,70;;;
HU-P40P-FUN-ANT;Huawei;P40 Pro;Funda;Antigolpes;3,10;;;
HU-P40P-PCA-NA;Huawei;P40 Pro;Protector de cámara;Cristal;2,90;;;
HU-P40PPL-PRO-NA;Huawei;P40 Pro+;Cristal templado;Estándar;1,30;;;
HU-P40PPL-PRO-NA-FG;Huawei;P40 Pro+;Cristal templado;UV full glue;4,15;;;
HU-P40PPL-PRO-PRI;Huawei;P40 Pro+;Cristal templado;Privacidad;4,00;;;
HU-P40PPL-FUN-SIL;Huawei;P40 Pro+;Funda;Silicona;2,50;;;
HU-P40PPL-FUN-TPU;Huawei;P40 Pro+;Funda;Transparente;2,95;;;
HU-P40PPL-FUN-LIB;Huawei;P40 Pro+;Funda;Libro;3,70;;;
HU-P40PPL-FUN-ANT;Huawei;P40 Pro+;Funda;Antigolpes;3,10;;;
HU-P40PPL-PCA-NA;Huawei;P40 Pro+;Protector de cámara;Cristal;2,90;;;
HU-P40L-PRO-NA;Huawei;P40 lite;Cristal templado;Estándar;1,30;;;
HU-P40L-PRO-PRI;Huawei;P40 lite;Cristal templado;Privacidad;4,00;;;
HU-P40L-FUN-SIL;Huawei;P40 lite;Funda;Silicona;2,50;;;
HU-P40L-FUN-TPU;Huawei;P40 lite;Funda;Transparente;2,95;;;
HU-P40L-FUN-LIB;Huawei;P40 lite;Funda;Libro;3,70;;;
HU-P40L-FUN-ANT;Huawei;P40 lite;Funda;Antigolpes;3,10;;;
HU-P40L-PCA-NA;Huawei;P40 lite;Protector de cámara;Cristal;2,90;;;
HU-P40LE-PRO-NA;Huawei;P40 lite E;Cristal templado;Estándar;1,30;;;
HU-P40LE-PRO-PRI;Huawei;P40 lite E;Cristal templado;Privacidad;4,00;;;
HU-P40LE-FUN-SIL;Huawei;P40 lite E;Funda;Silicona;2,50;;;
HU-P40LE-FUN-TPU;Huawei;P40 lite E;Funda;Transparente;2,95;;;
HU-P40LE-FUN-LIB;Huawei;P40 lite E;Funda;Libro;3,70;;;
HU-P40LE-FUN-ANT;Huawei;P40 lite E;Funda;Antigolpes;3,10;;;
HU-P40LE-PCA-NA;Huawei;P40 lite E;Protector de cámara;Cristal;2,90;;;
HU-P40L5-PRO-NA;Huawei;P40 lite 5G;Cristal templado;Estándar;1,30;;;
HU-P40L5-PRO-PRI;Huawei;P40 lite 5G;Cristal templado;Privacidad;4,00;;;
HU-P40L5-FUN-SIL;Huawei;P40 lite 5G;Funda;Silicona;2,50;;;
HU-P40L5-FUN-TPU;Huawei;P40 lite 5G;Funda;Transparente;2,95;;;
HU-P40L5-FUN-LIB;Huawei;P40 lite 5G;Funda;Libro;3,70;;;
HU-P40L5-FUN-ANT;Huawei;P40 lite 5G;Funda;Antigolpes;3,10;;;
HU-P40L5-PCA-NA;Huawei;P40 lite 5G;Protector de cámara;Cristal;2,90;;;
HU-P50P-PRO-NA;Huawei;P50 Pro;Cristal templado;Estándar;1,30;;;
HU-P50P-PRO-NA-FG;Huawei;P50 Pro;Cristal templado;UV full glue;4,15;;;
HU-P50P-PRO-PRI;Huawei;P50 Pro;Cristal templado;Privacidad;4,00;;;
HU-P50P-FUN-SIL;Huawei;P50 Pro;Funda;Silicona;2,50;;;
HU-P50P-FUN-TPU;Huawei;P50 Pro;Funda;Transparente;2,95;;;
HU-P50P-FUN-LIB;Huawei;P50 Pro;Funda;Libro;3,70;;;
HU-P50P-FUN-ANT;Huawei;P50 Pro;Funda;Antigolpes;3,10;;;
HU-P50P-PCA-NA;Huawei;P50 Pro;Protector de cámara;Cristal;2,90;;;
HU-P50PK-PRO-NA;Huawei;P50 Pocket;Cristal templado;Estándar;1,30;;;
HU-P50PK-FUN-SIL;Huawei;P50 Pocket;Funda;Silicona;2,50;;;
HU-P50PK-FUN-TPU;Huawei;P50 Pocket;Funda;Transparente;2,95;;;
HU-P50PK-PCA-NA;Huawei;P50 Pocket;Protector de cámara;Cristal;2,90;;;
HU-P60P-PRO-NA;Huawei;P60 Pro;Cristal templado;Estándar;1,30;;;
HU-P60P-PRO-NA-FG;Huawei;P60 Pro;Cristal templado;UV full glue;4,15;;;
HU-P60P-PRO-PRI;Huawei;P60 Pro;Cristal templado;Privacidad;4,00;;;
HU-P60P-FUN-SIL;Huawei;P60 Pro;Funda;Silicona;2,50;;;
HU-P60P-FUN-TPU;Huawei;P60 Pro;Funda;Transparente;2,95;;;
HU-P60P-FUN-LIB;Huawei;P60 Pro;Funda;Libro;3,70;;;
HU-P60P-FUN-ANT;Huawei;P60 Pro;Funda;Antigolpes;3,10;;;
HU-P60P-PCA-NA;Huawei;P60 Pro;Protector de cámara;Cristal;2,90;;;
HU-PU70-PRO-NA;Huawei;Pura 70;Cristal templado;Estándar;1,30;;;
HU-PU70-PRO-PRI;Huawei;Pura 70;Cristal templado;Privacidad;4,00;;;
HU-PU70-FUN-SIL;Huawei;Pura 70;Funda;Silicona;2,50;;;
HU-PU70-FUN-TPU;Huawei;Pura 70;Funda;Transparente;2,95;;;
HU-PU70-FUN-LIB;Huawei;Pura 70;Funda;Libro;3,70;;;
HU-PU70-FUN-ANT;Huawei;Pura 70;Funda;Antigolpes;3,10;;;
HU-PU70-PCA-NA;Huawei;Pura 70;Protector de cámara;Cristal;2,90;;;
HU-PU70P-PRO-NA;Huawei;Pura 70 Pro;Cristal templado;Estándar;1,30;;;
HU-PU70P-PRO-NA-FG;Huawei;Pura 70 Pro;Cristal templado;UV full glue;4,15;;;
HU-PU70P-PRO-PRI;Huawei;Pura 70 Pro;Cristal templado;Privacidad;4,00;;;
HU-PU70P-FUN-SIL;Huawei;Pura 70 Pro;Funda;Silicona;2,50;;;
HU-PU70P-FUN-TPU;Huawei;Pura 70 Pro;Funda;Transparente;2,95;;;
HU-PU70P-FUN-LIB;Huawei;Pura 70 Pro;Funda;Libro;3,70;;;
HU-PU70P-FUN-ANT;Huawei;Pura 70 Pro;Funda;Antigolpes;3,10;;;
HU-PU70P-PCA-NA;Huawei;Pura 70 Pro;Protector de cámara;Cristal;2,90;;;
HU-PU70U-PRO-NA;Huawei;Pura 70 Ultra;Cristal templado;Estándar;1,30;;;
HU-PU70U-PRO-NA-FG;Huawei;Pura 70 Ultra;Cristal templado;UV full glue;4,15;;;
HU-PU70U-PRO-PRI;Huawei;Pura 70 Ultra;Cristal templado;Privacidad;4,00;;;
HU-PU70U-FUN-SIL;Huawei;Pura 70 Ultra;Funda;Silicona;2,50;;;
HU-PU70U-FUN-TPU;Huawei;Pura 70 Ultra;Funda;Transparente;2,95;;;
HU-PU70U-FUN-LIB;Huawei;Pura 70 Ultra;Funda;Libro;3,70;;;
HU-PU70U-FUN-ANT;Huawei;Pura 70 Ultra;Funda;Antigolpes;3,10;;;
HU-PU70U-PCA-NA;Huawei;Pura 70 Ultra;Protector de cámara;Cristal;2,90;;;
HU-PS19-PRO-NA;Huawei;P smart 2019;Cristal templado;Estándar;1,30;;;
HU-PS19-PRO-PRI;Huawei;P smart 2019;Cristal templado;Privacidad;4,00;;;
HU-PS19-FUN-SIL;Huawei;P smart 2019;Funda;Silicona;2,50;;;
HU-PS19-FUN-TPU;Huawei;P smart 2019;Funda;Transparente;2,95;;;
HU-PS19-FUN-LIB;Huawei;P smart 2019;Funda;Libro;3,70;;;
HU-PS19-FUN-ANT;Huawei;P smart 2019;Funda;Antigolpes;3,10;;;
HU-PS19-PCA-NA;Huawei;P smart 2019;Protector de cámara;Cristal;2,90;;;
HU-PSPL19-PRO-NA;Huawei;P smart+ 2019;Cristal templado;Estándar;1,30;;;
HU-PSPL19-PRO-PRI;Huawei;P smart+ 2019;Cristal templado;Privacidad;4,00;;;
HU-PSPL19-FUN-SIL;Huawei;P smart+ 2019;Funda;Silicona;2,50;;;
HU-PSPL19-FUN-TPU;Huawei;P smart+ 2019;Funda;Transparente;2,95;;;
HU-PSPL19-FUN-LIB;Huawei;P smart+ 2019;Funda;Libro;3,70;;;
HU-PSPL19-FUN-ANT;Huawei;P smart+ 2019;Funda;Antigolpes;3,10;;;
HU-PSPL19-PCA-NA;Huawei;P smart+ 2019;Protector de cámara;Cristal;2,90;;;
HU-PSZ-PRO-NA;Huawei;P smart Z;Cristal templado;Estándar;1,30;;;
HU-PSZ-PRO-PRI;Huawei;P smart Z;Cristal templado;Privacidad;4,00;;;
HU-PSZ-FUN-SIL;Huawei;P smart Z;Funda;Silicona;2,50;;;
HU-PSZ-FUN-TPU;Huawei;P smart Z;Funda;Transparente;2,95;;;
HU-PSZ-FUN-LIB;Huawei;P smart Z;Funda;Libro;3,70;;;
HU-PSZ-FUN-ANT;Huawei;P smart Z;Funda;Antigolpes;3,10;;;
HU-PSZ-PCA-NA;Huawei;P smart Z;Protector de cámara;Cristal;2,90;;;
HU-PS20-PRO-NA;Huawei;P smart 2020;Cristal templado;Estándar;1,30;;;
HU-PS20-PRO-PRI;Huawei;P smart 2020;Cristal templado;Privacidad;4,00;;;
HU-PS20-FUN-SIL;Huawei;P smart 2020;Funda;Silicona;2,50;;;
HU-PS20-FUN-TPU;Huawei;P smart 2020;Funda;Transparente;2,95;;;
HU-PS20-FUN-LIB;Huawei;P smart 2020;Funda;Libro;3,70;;;
HU-PS20-FUN-ANT;Huawei;P smart 2020;Funda;Antigolpes;3,10;;;
HU-PS20-PCA-NA;Huawei;P smart 2020;Protector de cámara;Cristal;2,90;;;
HU-PSP-PRO-NA;Huawei;P smart Pro;Cristal templado;Estándar;1,30;;;
HU-PSP-PRO-PRI;Huawei;P smart Pro;Cristal templado;Privacidad;4,00;;;
HU-PSP-FUN-SIL;Huawei;P smart Pro;Funda;Silicona;2,50;;;
HU-PSP-FUN-TPU;Huawei;P smart Pro;Funda;Transparente;2,95;;;
HU-PSP-FUN-LIB;Huawei;P smart Pro;Funda;Libro;3,70;;;
HU-PSP-FUN-ANT;Huawei;P smart Pro;Funda;Antigolpes;3,10;;;
HU-PSP-PCA-NA;Huawei;P smart Pro;Protector de cámara;Cristal;2,90;;;
HU-PSS-PRO-NA;Huawei;P smart S;Cristal templado;Estándar;1,30;;;
HU-PSS-PRO-PRI;Huawei;P smart S;Cristal templado;Privacidad;4,00;;;
HU-PSS-FUN-SIL;Huawei;P smart S;Funda;Silicona;2,50;;;
HU-PSS-FUN-TPU;Huawei;P smart S;Funda;Transparente;2,95;;;
HU-PSS-FUN-LIB;Huawei;P smart S;Funda;Libro;3,70;;;
HU-PSS-FUN-ANT;Huawei;P smart S;Funda;Antigolpes;3,10;;;
HU-PSS-PCA-NA;Huawei;P smart S;Protector de cámara;Cristal;2,90;;;
HU-PS21-PRO-NA;Huawei;P smart 2021;Cristal templado;Estándar;1,30;;;
HU-PS21-PRO-PRI;Huawei;P smart 2021;Cristal templado;Privacidad;4,00;;;
HU-PS21-FUN-SIL;Huawei;P smart 2021;Funda;Silicona;2,50;;;
HU-PS21-FUN-TPU;Huawei;P smart 2021;Funda;Transparente;2,95;;;
HU-PS21-FUN-LIB;Huawei;P smart 2021;Funda;Libro;3,70;;;
HU-PS21-FUN-ANT;Huawei;P smart 2021;Funda;Antigolpes;3,10;;;
HU-PS21-PCA-NA;Huawei;P smart 2021;Protector de cámara;Cristal;2,90;;;
HU-M20L-PRO-NA;Huawei;Mate 20 lite;Cristal templado;Estándar;1,30;;;
HU-M20L-PRO-PRI;Huawei;Mate 20 lite;Cristal templado;Privacidad;4,00;;;
HU-M20L-FUN-SIL;Huawei;Mate 20 lite;Funda;Silicona;2,50;;;
HU-M20L-FUN-TPU;Huawei;Mate 20 lite;Funda;Transparente;2,95;;;
HU-M20L-FUN-LIB;Huawei;Mate 20 lite;Funda;Libro;3,70;;;
HU-M20L-FUN-ANT;Huawei;Mate 20 lite;Funda;Antigolpes;3,10;;;
HU-M20-PRO-NA;Huawei;Mate 20;Cristal templado;Estándar;1,30;;;
HU-M20-PRO-PRI;Huawei;Mate 20;Cristal templado;Privacidad;4,00;;;
HU-M20-FUN-SIL;Huawei;Mate 20;Funda;Silicona;2,50;;;
HU-M20-FUN-TPU;Huawei;Mate 20;Funda;Transparente;2,95;;;
HU-M20-FUN-LIB;Huawei;Mate 20;Funda;Libro;3,70;;;
HU-M20-FUN-ANT;Huawei;Mate 20;Funda;Antigolpes;3,10;;;
HU-M20P-PRO-NA;Huawei;Mate 20 Pro;Cristal templado;Estándar;1,30;;;
HU-M20P-PRO-NA-FG;Huawei;Mate 20 Pro;Cristal templado;UV full glue;4,15;;;
HU-M20P-PRO-PRI;Huawei;Mate 20 Pro;Cristal templado;Privacidad;4,00;;;
HU-M20P-FUN-SIL;Huawei;Mate 20 Pro;Funda;Silicona;2,50;;;
HU-M20P-FUN-TPU;Huawei;Mate 20 Pro;Funda;Transparente;2,95;;;
HU-M20P-FUN-LIB;Huawei;Mate 20 Pro;Funda;Libro;3,70;;;
HU-M20P-FUN-ANT;Huawei;Mate 20 Pro;Funda;Antigolpes;3,10;;;
HU-M20X-PRO-NA;Huawei;Mate 20 X;Cristal templado;Estándar;1,30;;;
HU-M20X-PRO-NA-FG;Huawei;Mate 20 X;Cristal templado;UV full glue;4,15;;;
HU-M20X-PRO-PRI;Huawei;Mate 20 X;Cristal templado;Privacidad;4,00;;;
HU-M20X-FUN-SIL;Huawei;Mate 20 X;Funda;Silicona;2,50;;;
HU-M20X-FUN-TPU;Huawei;Mate 20 X;Funda;Transparente;2,95;;;
HU-M20X-FUN-LIB;Huawei;Mate 20 X;Funda;Libro;3,70;;;
HU-M20X-FUN-ANT;Huawei;Mate 20 X;Funda;Antigolpes;3,10;;;
HU-M30P-PRO-NA;Huawei;Mate 30 Pro;Cristal templado;Estándar;1,30;;;
HU-M30P-PRO-NA-FG;Huawei;Mate 30 Pro;Cristal templado;UV full glue;4,15;;;
HU-M30P-PRO-PRI;Huawei;Mate 30 Pro;Cristal templado;Privacidad;4,00;;;
HU-M30P-FUN-SIL;Huawei;Mate 30 Pro;Funda;Silicona;2,50;;;
HU-M30P-FUN-TPU;Huawei;Mate 30 Pro;Funda;Transparente;2,95;;;
HU-M30P-FUN-LIB;Huawei;Mate 30 Pro;Funda;Libro;3,70;;;
HU-M30P-FUN-ANT;Huawei;Mate 30 Pro;Funda;Antigolpes;3,10;;;
HU-M30P-PCA-NA;Huawei;Mate 30 Pro;Protector de cámara;Cristal;2,90;;;
HU-M40P-PRO-NA;Huawei;Mate 40 Pro;Cristal templado;Estándar;1,30;;;
HU-M40P-PRO-NA-FG;Huawei;Mate 40 Pro;Cristal templado;UV full glue;4,15;;;
HU-M40P-PRO-PRI;Huawei;Mate 40 Pro;Cristal templado;Privacidad;4,00;;;
HU-M40P-FUN-SIL;Huawei;Mate 40 Pro;Funda;Silicona;2,50;;;
HU-M40P-FUN-TPU;Huawei;Mate 40 Pro;Funda;Transparente;2,95;;;
HU-M40P-FUN-LIB;Huawei;Mate 40 Pro;Funda;Libro;3,70;;;
HU-M40P-FUN-ANT;Huawei;Mate 40 Pro;Funda;Antigolpes;3,10;;;
HU-M40P-PCA-NA;Huawei;Mate 40 Pro;Protector de cámara;Cristal;2,90;;;
HU-M50P-PRO-NA;Huawei;Mate 50 Pro;Cristal templado;Estándar;1,30;;;
HU-M50P-PRO-NA-FG;Huawei;Mate 50 Pro;Cristal templado;UV full glue;4,15;;;
HU-M50P-PRO-PRI;Huawei;Mate 50 Pro;Cristal templado;Privacidad;4,00;;;
HU-M50P-FUN-SIL;Huawei;Mate 50 Pro;Funda;Silicona;2,50;;;
HU-M50P-FUN-TPU;Huawei;Mate 50 Pro;Funda;Transparente;2,95;;;
HU-M50P-FUN-LIB;Huawei;Mate 50 Pro;Funda;Libro;3,70;;;
HU-M50P-FUN-ANT;Huawei;Mate 50 Pro;Funda;Antigolpes;3,10;;;
HU-M50P-PCA-NA;Huawei;Mate 50 Pro;Protector de cámara;Cristal;2,90;;;
HU-MX3-PRO-NA;Huawei;Mate X3;Cristal templado;Estándar;1,30;;;
HU-MX3-FUN-SIL;Huawei;Mate X3;Funda;Silicona;2,50;;;
HU-MX3-FUN-TPU;Huawei;Mate X3;Funda;Transparente;2,95;;;
HU-MX3-PCA-NA;Huawei;Mate X3;Protector de cámara;Cristal;2,90;;;
HU-MX6-PRO-NA;Huawei;Mate X6;Cristal templado;Estándar;1,30;;;
HU-MX6-FUN-SIL;Huawei;Mate X6;Funda;Silicona;2,50;;;
HU-MX6-FUN-TPU;Huawei;Mate X6;Funda;Transparente;2,95;;;
HU-MX6-PCA-NA;Huawei;Mate X6;Protector de cámara;Cristal;2,90;;;
HU-N5T-PRO-NA;Huawei;nova 5T;Cristal templado;Estándar;1,30;;;
HU-N5T-PRO-PRI;Huawei;nova 5T;Cristal templado;Privacidad;4,00;;;
HU-N5T-FUN-SIL;Huawei;nova 5T;Funda;Silicona;2,50;;;
HU-N5T-FUN-TPU;Huawei;nova 5T;Funda;Transparente;2,95;;;
HU-N5T-FUN-LIB;Huawei;nova 5T;Funda;Libro;3,70;;;
HU-N5T-FUN-ANT;Huawei;nova 5T;Funda;Antigolpes;3,10;;;
HU-N5T-PCA-NA;Huawei;nova 5T;Protector de cámara;Cristal;2,90;;;
HU-N9-PRO-NA;Huawei;nova 9;Cristal templado;Estándar;1,30;;;
HU-N9-PRO-PRI;Huawei;nova 9;Cristal templado;Privacidad;4,00;;;
HU-N9-FUN-SIL;Huawei;nova 9;Funda;Silicona;2,50;;;
HU-N9-FUN-TPU;Huawei;nova 9;Funda;Transparente;2,95;;;
HU-N9-FUN-LIB;Huawei;nova 9;Funda;Libro;3,70;;;
HU-N9-FUN-ANT;Huawei;nova 9;Funda;Antigolpes;3,10;;;
HU-N9-PCA-NA;Huawei;nova 9;Protector de cámara;Cristal;2,90;;;
HU-N9SE-PRO-NA;Huawei;nova 9 SE;Cristal templado;Estándar;1,30;;;
HU-N9SE-PRO-PRI;Huawei;nova 9 SE;Cristal templado;Privacidad;4,00;;;
HU-N9SE-FUN-SIL;Huawei;nova 9 SE;Funda;Silicona;2,50;;;
HU-N9SE-FUN-TPU;Huawei;nova 9 SE;Funda;Transparente;2,95;;;
HU-N9SE-FUN-LIB;Huawei;nova 9 SE;Funda;Libro;3,70;;;
HU-N9SE-FUN-ANT;Huawei;nova 9 SE;Funda;Antigolpes;3,10;;;
HU-N9SE-PCA-NA;Huawei;nova 9 SE;Protector de cámara;Cristal;2,90;;;
HU-NY70-PRO-NA;Huawei;nova Y70;Cristal templado;Estándar;1,30;;;
HU-NY70-PRO-PRI;Huawei;nova Y70;Cristal templado;Privacidad;4,00;;;
HU-NY70-FUN-SIL;Huawei;nova Y70;Funda;Silicona;2,50;;;
HU-NY70-FUN-TPU;Huawei;nova Y70;Funda;Transparente;2,95;;;
HU-NY70-FUN-LIB;Huawei;nova Y70;Funda;Libro;3,70;;;
HU-NY70-FUN-ANT;Huawei;nova Y70;Funda;Antigolpes;3,10;;;
HU-NY70-PCA-NA;Huawei;nova Y70;Protector de cámara;Cristal;2,90;;;
HU-N10SE-PRO-NA;Huawei;nova 10 SE;Cristal templado;Estándar;1,30;;;
HU-N10SE-PRO-PRI;Huawei;nova 10 SE;Cristal templado;Privacidad;4,00;;;
HU-N10SE-FUN-SIL;Huawei;nova 10 SE;Funda;Silicona;2,50;;;
HU-N10SE-FUN-TPU;Huawei;nova 10 SE;Funda;Transparente;2,95;;;
HU-N10SE-FUN-LIB;Huawei;nova 10 SE;Funda;Libro;3,70;;;
HU-N10SE-FUN-ANT;Huawei;nova 10 SE;Funda;Antigolpes;3,10;;;
HU-N10SE-PCA-NA;Huawei;nova 10 SE;Protector de cámara;Cristal;2,90;;;
HU-PU80P-PRO-NA;Huawei;Pura 80 Pro;Cristal templado;Estándar;1,30;;;
HU-PU80P-PRO-NA-FG;Huawei;Pura 80 Pro;Cristal templado;UV full glue;4,15;;;
HU-PU80P-PRO-PRI;Huawei;Pura 80 Pro;Cristal templado;Privacidad;4,00;;;
HU-PU80P-FUN-SIL;Huawei;Pura 80 Pro;Funda;Silicona;2,50;;;
HU-PU80P-FUN-TPU;Huawei;Pura 80 Pro;Funda;Transparente;2,95;;;
HU-PU80P-FUN-LIB;Huawei;Pura 80 Pro;Funda;Libro;3,70;;;
HU-PU80P-FUN-ANT;Huawei;Pura 80 Pro;Funda;Antigolpes;3,10;;;
HU-PU80P-PCA-NA;Huawei;Pura 80 Pro;Protector de cámara;Cristal;2,90;;;
HU-PU80U-PRO-NA;Huawei;Pura 80 Ultra;Cristal templado;Estándar;1,30;;;
HU-PU80U-PRO-NA-FG;Huawei;Pura 80 Ultra;Cristal templado;UV full glue;4,15;;;
HU-PU80U-PRO-PRI;Huawei;Pura 80 Ultra;Cristal templado;Privacidad;4,00;;;
HU-PU80U-FUN-SIL;Huawei;Pura 80 Ultra;Funda;Silicona;2,50;;;
HU-PU80U-FUN-TPU;Huawei;Pura 80 Ultra;Funda;Transparente;2,95;;;
HU-PU80U-FUN-LIB;Huawei;Pura 80 Ultra;Funda;Libro;3,70;;;
HU-PU80U-FUN-ANT;Huawei;Pura 80 Ultra;Funda;Antigolpes;3,10;;;
HU-N13-PRO-NA;Huawei;nova 13;Cristal templado;Estándar;1,30;;;
HU-N13-PRO-PRI;Huawei;nova 13;Cristal templado;Privacidad;4,00;;;
HU-N13-FUN-SIL;Huawei;nova 13;Funda;Silicona;2,50;;;
HU-N13-FUN-TPU;Huawei;nova 13;Funda;Transparente;2,95;;;
HU-N13-FUN-LIB;Huawei;nova 13;Funda;Libro;3,70;;;
HU-N13-FUN-ANT;Huawei;nova 13;Funda;Antigolpes;3,10;;;
HU-N13-PCA-NA;Huawei;nova 13;Protector de cámara;Cristal;2,90;;;
HU-N13P-PRO-NA;Huawei;nova 13 Pro;Cristal templado;Estándar;1,30;;;
HU-N13P-PRO-PRI;Huawei;nova 13 Pro;Cristal templado;Privacidad;4,00;;;
HU-N13P-FUN-SIL;Huawei;nova 13 Pro;Funda;Silicona;2,50;;;
HU-N13P-FUN-TPU;Huawei;nova 13 Pro;Funda;Transparente;2,95;;;
HU-N13P-FUN-LIB;Huawei;nova 13 Pro;Funda;Libro;3,70;;;
HU-N13P-FUN-ANT;Huawei;nova 13 Pro;Funda;Antigolpes;3,10;;;
HU-N13P-PCA-NA;Huawei;nova 13 Pro;Protector de cámara;Cristal;2,90;;;
HU-M80-PRO-NA;Huawei;Mate 80;Cristal templado;Estándar;1,30;;;
HU-M80-PRO-PRI;Huawei;Mate 80;Cristal templado;Privacidad;4,00;;;
HU-M80-FUN-SIL;Huawei;Mate 80;Funda;Silicona;2,50;;;
HU-M80-FUN-TPU;Huawei;Mate 80;Funda;Transparente;2,95;;;
HU-M80-FUN-LIB;Huawei;Mate 80;Funda;Libro;3,70;;;
HU-M80-FUN-ANT;Huawei;Mate 80;Funda;Antigolpes;3,10;;;
HU-N14I-PRO-NA;Huawei;nova 14i;Cristal templado;Estándar;1,30;;;
HU-N14I-PRO-PRI;Huawei;nova 14i;Cristal templado;Privacidad;4,00;;;
HU-N14I-FUN-SIL;Huawei;nova 14i;Funda;Silicona;2,50;;;
HU-N14I-FUN-TPU;Huawei;nova 14i;Funda;Transparente;2,95;;;
HU-N14I-FUN-LIB;Huawei;nova 14i;Funda;Libro;3,70;;;
HU-N14I-FUN-ANT;Huawei;nova 14i;Funda;Antigolpes;3,10;;;
HU-PU80-PRO-NA;Huawei;Pura 80;Cristal templado;Estándar;1,30;;;
HU-PU80-PRO-PRI;Huawei;Pura 80;Cristal templado;Privacidad;4,00;;;
HU-PU80-FUN-SIL;Huawei;Pura 80;Funda;Silicona;2,50;;;
HU-PU80-FUN-TPU;Huawei;Pura 80;Funda;Transparente;2,95;;;
HU-PU80-FUN-LIB;Huawei;Pura 80;Funda;Libro;3,70;;;
HU-PU80-FUN-ANT;Huawei;Pura 80;Funda;Antigolpes;3,10;;;
HU-N13I-PRO-NA;Huawei;nova 13i;Cristal templado;Estándar;1,30;;;
HU-N13I-PRO-PRI;Huawei;nova 13i;Cristal templado;Privacidad;4,00;;;
HU-N13I-FUN-SIL;Huawei;nova 13i;Funda;Silicona;2,50;;;
HU-N13I-FUN-TPU;Huawei;nova 13i;Funda;Transparente;2,95;;;
HU-N13I-FUN-LIB;Huawei;nova 13i;Funda;Libro;3,70;;;
HU-N13I-FUN-ANT;Huawei;nova 13i;Funda;Antigolpes;3,10;;;
HU-N13I-PCA-NA;Huawei;nova 13i;Protector de cámara;Cristal;2,90;;;
HU-NY72S-PRO-NA;Huawei;nova Y72S;Cristal templado;Estándar;1,30;;;
HU-NY72S-PRO-PRI;Huawei;nova Y72S;Cristal templado;Privacidad;4,00;;;
HU-NY72S-FUN-SIL;Huawei;nova Y72S;Funda;Silicona;2,50;;;
HU-NY72S-FUN-TPU;Huawei;nova Y72S;Funda;Transparente;2,95;;;
HU-NY72S-FUN-LIB;Huawei;nova Y72S;Funda;Libro;3,70;;;
HU-NY72S-FUN-ANT;Huawei;nova Y72S;Funda;Antigolpes;3,10;;;
HU-NY72S-PCA-NA;Huawei;nova Y72S;Protector de cámara;Cristal;2,90;;;
HU-M70-PRO-NA;Huawei;Mate 70;Cristal templado;Estándar;1,30;;;
HU-M70-PRO-PRI;Huawei;Mate 70;Cristal templado;Privacidad;4,00;;;
HU-M70-FUN-SIL;Huawei;Mate 70;Funda;Silicona;2,50;;;
HU-M70-FUN-TPU;Huawei;Mate 70;Funda;Transparente;2,95;;;
HU-M70-FUN-LIB;Huawei;Mate 70;Funda;Libro;3,70;;;
HU-M70-FUN-ANT;Huawei;Mate 70;Funda;Antigolpes;3,10;;;
HU-M70-PCA-NA;Huawei;Mate 70;Protector de cámara;Cristal;2,90;;;
HU-MXT-PRO-NA;Huawei;Mate XT;Cristal templado;Estándar;1,30;;;
HU-MXT-FUN-SIL;Huawei;Mate XT;Funda;Silicona;2,50;;;
HU-MXT-FUN-TPU;Huawei;Mate XT;Funda;Transparente;2,95;;;
HU-NFL-PRO-NA;Huawei;nova Flip;Cristal templado;Estándar;1,30;;;
HU-NFL-FUN-SIL;Huawei;nova Flip;Funda;Silicona;2,50;;;
HU-NFL-FUN-TPU;Huawei;nova Flip;Funda;Transparente;2,95;;;
HU-NFL-PCA-NA;Huawei;nova Flip;Protector de cámara;Cristal;2,90;;;
HU-N12I-PRO-NA;Huawei;nova 12i;Cristal templado;Estándar;1,30;;;
HU-N12I-PRO-PRI;Huawei;nova 12i;Cristal templado;Privacidad;4,00;;;
HU-N12I-FUN-SIL;Huawei;nova 12i;Funda;Silicona;2,50;;;
HU-N12I-FUN-TPU;Huawei;nova 12i;Funda;Transparente;2,95;;;
HU-N12I-FUN-LIB;Huawei;nova 12i;Funda;Libro;3,70;;;
HU-N12I-FUN-ANT;Huawei;nova 12i;Funda;Antigolpes;3,10;;;
HU-N12I-PCA-NA;Huawei;nova 12i;Protector de cámara;Cristal;2,90;;;
HU-NY72-PRO-NA;Huawei;nova Y72;Cristal templado;Estándar;1,30;;;
HU-NY72-PRO-PRI;Huawei;nova Y72;Cristal templado;Privacidad;4,00;;;
HU-NY72-FUN-SIL;Huawei;nova Y72;Funda;Silicona;2,50;;;
HU-NY72-FUN-TPU;Huawei;nova Y72;Funda;Transparente;2,95;;;
HU-NY72-FUN-LIB;Huawei;nova Y72;Funda;Libro;3,70;;;
HU-NY72-FUN-ANT;Huawei;nova Y72;Funda;Antigolpes;3,10;;;
HU-NY72-PCA-NA;Huawei;nova Y72;Protector de cámara;Cristal;2,90;;;
HU-N12-PRO-NA;Huawei;nova 12;Cristal templado;Estándar;1,30;;;
HU-N12-PRO-PRI;Huawei;nova 12;Cristal templado;Privacidad;4,00;;;
HU-N12-FUN-SIL;Huawei;nova 12;Funda;Silicona;2,50;;;
HU-N12-FUN-TPU;Huawei;nova 12;Funda;Transparente;2,95;;;
HU-N12-FUN-LIB;Huawei;nova 12;Funda;Libro;3,70;;;
HU-N12-FUN-ANT;Huawei;nova 12;Funda;Antigolpes;3,10;;;
HU-N12-PCA-NA;Huawei;nova 12;Protector de cámara;Cristal;2,90;;;
HU-N12P-PRO-NA;Huawei;nova 12 Pro;Cristal templado;Estándar;1,30;;;
HU-N12P-PRO-PRI;Huawei;nova 12 Pro;Cristal templado;Privacidad;4,00;;;
HU-N12P-FUN-SIL;Huawei;nova 12 Pro;Funda;Silicona;2,50;;;
HU-N12P-FUN-TPU;Huawei;nova 12 Pro;Funda;Transparente;2,95;;;
HU-N12P-FUN-LIB;Huawei;nova 12 Pro;Funda;Libro;3,70;;;
HU-N12P-FUN-ANT;Huawei;nova 12 Pro;Funda;Antigolpes;3,10;;;
HU-N12P-PCA-NA;Huawei;nova 12 Pro;Protector de cámara;Cristal;2,90;;;
HU-N12U-PRO-NA;Huawei;nova 12 Ultra;Cristal templado;Estándar;1,30;;;
HU-N12U-PRO-PRI;Huawei;nova 12 Ultra;Cristal templado;Privacidad;4,00;;;
HU-N12U-FUN-SIL;Huawei;nova 12 Ultra;Funda;Silicona;2,50;;;
HU-N12U-FUN-TPU;Huawei;nova 12 Ultra;Funda;Transparente;2,95;;;
HU-N12U-FUN-LIB;Huawei;nova 12 Ultra;Funda;Libro;3,70;;;
HU-N12U-FUN-ANT;Huawei;nova 12 Ultra;Funda;Antigolpes;3,10;;;
HU-N12U-PCA-NA;Huawei;nova 12 Ultra;Protector de cámara;Cristal;2,90;;;
HU-NY62-PRO-NA;Huawei;nova Y62;Cristal templado;Estándar;1,30;;;
HU-NY62-PRO-PRI;Huawei;nova Y62;Cristal templado;Privacidad;4,00;;;
HU-NY62-FUN-SIL;Huawei;nova Y62;Funda;Silicona;2,50;;;
HU-NY62-FUN-TPU;Huawei;nova Y62;Funda;Transparente;2,95;;;
HU-NY62-FUN-LIB;Huawei;nova Y62;Funda;Libro;3,70;;;
HU-NY62-FUN-ANT;Huawei;nova Y62;Funda;Antigolpes;3,10;;;
HU-NY62-PCA-NA;Huawei;nova Y62;Protector de cámara;Cristal;2,90;;;
HU-NY62PL-PRO-NA;Huawei;nova Y62 Plus;Cristal templado;Estándar;1,30;;;
HU-NY62PL-PRO-PRI;Huawei;nova Y62 Plus;Cristal templado;Privacidad;4,00;;;
HU-NY62PL-FUN-SIL;Huawei;nova Y62 Plus;Funda;Silicona;2,50;;;
HU-NY62PL-FUN-TPU;Huawei;nova Y62 Plus;Funda;Transparente;2,95;;;
HU-NY62PL-FUN-LIB;Huawei;nova Y62 Plus;Funda;Libro;3,70;;;
HU-NY62PL-FUN-ANT;Huawei;nova Y62 Plus;Funda;Antigolpes;3,10;;;
HU-NY62PL-PCA-NA;Huawei;nova Y62 Plus;Protector de cámara;Cristal;2,90;;;
HU-N11SE-PRO-NA;Huawei;nova 11 SE;Cristal templado;Estándar;1,30;;;
HU-N11SE-PRO-PRI;Huawei;nova 11 SE;Cristal templado;Privacidad;4,00;;;
HU-N11SE-FUN-SIL;Huawei;nova 11 SE;Funda;Silicona;2,50;;;
HU-N11SE-FUN-TPU;Huawei;nova 11 SE;Funda;Transparente;2,95;;;
HU-N11SE-FUN-LIB;Huawei;nova 11 SE;Funda;Libro;3,70;;;
HU-N11SE-FUN-ANT;Huawei;nova 11 SE;Funda;Antigolpes;3,10;;;
HU-N11SE-PCA-NA;Huawei;nova 11 SE;Protector de cámara;Cristal;2,90;;;
HU-M60PPL-PRO-NA;Huawei;Mate 60 Pro+;Cristal templado;Estándar;1,30;;;
HU-M60PPL-PRO-NA-FG;Huawei;Mate 60 Pro+;Cristal templado;UV full glue;4,15;;;
HU-M60PPL-PRO-PRI;Huawei;Mate 60 Pro+;Cristal templado;Privacidad;4,00;;;
HU-M60PPL-FUN-SIL;Huawei;Mate 60 Pro+;Funda;Silicona;2,50;;;
HU-M60PPL-FUN-TPU;Huawei;Mate 60 Pro+;Funda;Transparente;2,95;;;
HU-M60PPL-FUN-LIB;Huawei;Mate 60 Pro+;Funda;Libro;3,70;;;
HU-M60PPL-FUN-ANT;Huawei;Mate 60 Pro+;Funda;Antigolpes;3,10;;;
HU-M60RS-PRO-NA;Huawei;Mate 60 RS;Cristal templado;Estándar;1,30;;;
HU-M60RS-PRO-PRI;Huawei;Mate 60 RS;Cristal templado;Privacidad;4,00;;;
HU-M60RS-FUN-SIL;Huawei;Mate 60 RS;Funda;Silicona;2,50;;;
HU-M60RS-FUN-TPU;Huawei;Mate 60 RS;Funda;Transparente;2,95;;;
HU-M60RS-FUN-LIB;Huawei;Mate 60 RS;Funda;Libro;3,70;;;
HU-M60RS-FUN-ANT;Huawei;Mate 60 RS;Funda;Antigolpes;3,10;;;
HU-M60-PRO-NA;Huawei;Mate 60;Cristal templado;Estándar;1,30;;;
HU-M60-PRO-PRI;Huawei;Mate 60;Cristal templado;Privacidad;4,00;;;
HU-M60-FUN-SIL;Huawei;Mate 60;Funda;Silicona;2,50;;;
HU-M60-FUN-TPU;Huawei;Mate 60;Funda;Transparente;2,95;;;
HU-M60-FUN-LIB;Huawei;Mate 60;Funda;Libro;3,70;;;
HU-M60-FUN-ANT;Huawei;Mate 60;Funda;Antigolpes;3,10;;;
HU-M60P-PRO-NA;Huawei;Mate 60 Pro;Cristal templado;Estándar;1,30;;;
HU-M60P-PRO-NA-FG;Huawei;Mate 60 Pro;Cristal templado;UV full glue;4,15;;;
HU-M60P-PRO-PRI;Huawei;Mate 60 Pro;Cristal templado;Privacidad;4,00;;;
HU-M60P-FUN-SIL;Huawei;Mate 60 Pro;Funda;Silicona;2,50;;;
HU-M60P-FUN-TPU;Huawei;Mate 60 Pro;Funda;Transparente;2,95;;;
HU-M60P-FUN-LIB;Huawei;Mate 60 Pro;Funda;Libro;3,70;;;
HU-M60P-FUN-ANT;Huawei;Mate 60 Pro;Funda;Antigolpes;3,10;;;
HU-NY71-PRO-NA;Huawei;nova Y71;Cristal templado;Estándar;1,30;;;
HU-NY71-PRO-PRI;Huawei;nova Y71;Cristal templado;Privacidad;4,00;;;
HU-NY71-FUN-SIL;Huawei;nova Y71;Funda;Silicona;2,50;;;
HU-NY71-FUN-TPU;Huawei;nova Y71;Funda;Transparente;2,95;;;
HU-NY71-FUN-LIB;Huawei;nova Y71;Funda;Libro;3,70;;;
HU-NY71-FUN-ANT;Huawei;nova Y71;Funda;Antigolpes;3,10;;;
HU-NY71-PCA-NA;Huawei;nova Y71;Protector de cámara;Cristal;2,90;;;
HU-NY91-PRO-NA;Huawei;nova Y91;Cristal templado;Estándar;1,30;;;
HU-NY91-PRO-PRI;Huawei;nova Y91;Cristal templado;Privacidad;4,00;;;
HU-NY91-FUN-SIL;Huawei;nova Y91;Funda;Silicona;2,50;;;
HU-NY91-FUN-TPU;Huawei;nova Y91;Funda;Transparente;2,95;;;
HU-NY91-FUN-LIB;Huawei;nova Y91;Funda;Libro;3,70;;;
HU-NY91-FUN-ANT;Huawei;nova Y91;Funda;Antigolpes;3,10;;;
HU-NY91-PCA-NA;Huawei;nova Y91;Protector de cámara;Cristal;2,90;;;
HU-N11-PRO-NA;Huawei;nova 11;Cristal templado;Estándar;1,30;;;
HU-N11-PRO-PRI;Huawei;nova 11;Cristal templado;Privacidad;4,00;;;
HU-N11-FUN-SIL;Huawei;nova 11;Funda;Silicona;2,50;;;
HU-N11-FUN-TPU;Huawei;nova 11;Funda;Transparente;2,95;;;
HU-N11-FUN-LIB;Huawei;nova 11;Funda;Libro;3,70;;;
HU-N11-FUN-ANT;Huawei;nova 11;Funda;Antigolpes;3,10;;;
HU-N11-PCA-NA;Huawei;nova 11;Protector de cámara;Cristal;2,90;;;
HU-N11U-PRO-NA;Huawei;nova 11 Utra;Cristal templado;Estándar;1,30;;;
HU-N11U-PRO-PRI;Huawei;nova 11 Utra;Cristal templado;Privacidad;4,00;;;
HU-N11U-FUN-SIL;Huawei;nova 11 Utra;Funda;Silicona;2,50;;;
HU-N11U-FUN-TPU;Huawei;nova 11 Utra;Funda;Transparente;2,95;;;
HU-N11U-FUN-LIB;Huawei;nova 11 Utra;Funda;Libro;3,70;;;
HU-N11U-FUN-ANT;Huawei;nova 11 Utra;Funda;Antigolpes;3,10;;;
HU-N11U-PCA-NA;Huawei;nova 11 Utra;Protector de cámara;Cristal;2,90;;;
HU-N10Y-PRO-NA;Huawei;nova 10 Youth;Cristal templado;Estándar;1,30;;;
HU-N10Y-PRO-PRI;Huawei;nova 10 Youth;Cristal templado;Privacidad;4,00;;;
HU-N10Y-FUN-SIL;Huawei;nova 10 Youth;Funda;Silicona;2,50;;;
HU-N10Y-FUN-TPU;Huawei;nova 10 Youth;Funda;Transparente;2,95;;;
HU-N10Y-FUN-LIB;Huawei;nova 10 Youth;Funda;Libro;3,70;;;
HU-N10Y-FUN-ANT;Huawei;nova 10 Youth;Funda;Antigolpes;3,10;;;
HU-N10Y-PCA-NA;Huawei;nova 10 Youth;Protector de cámara;Cristal;2,90;;;
HU-NY61-PRO-NA;Huawei;nova Y61;Cristal templado;Estándar;1,30;;;
HU-NY61-PRO-PRI;Huawei;nova Y61;Cristal templado;Privacidad;4,00;;;
HU-NY61-FUN-SIL;Huawei;nova Y61;Funda;Silicona;2,50;;;
HU-NY61-FUN-TPU;Huawei;nova Y61;Funda;Transparente;2,95;;;
HU-NY61-FUN-LIB;Huawei;nova Y61;Funda;Libro;3,70;;;
HU-NY61-FUN-ANT;Huawei;nova Y61;Funda;Antigolpes;3,10;;;
HU-NY61-PCA-NA;Huawei;nova Y61;Protector de cámara;Cristal;2,90;;;
HU-M50-PRO-NA;Huawei;Mate 50;Cristal templado;Estándar;1,30;;;
HU-M50-PRO-PRI;Huawei;Mate 50;Cristal templado;Privacidad;4,00;;;
HU-M50-FUN-SIL;Huawei;Mate 50;Funda;Silicona;2,50;;;
HU-M50-FUN-TPU;Huawei;Mate 50;Funda;Transparente;2,95;;;
HU-M50-FUN-LIB;Huawei;Mate 50;Funda;Libro;3,70;;;
HU-M50-FUN-ANT;Huawei;Mate 50;Funda;Antigolpes;3,10;;;
HU-M50-PCA-NA;Huawei;Mate 50;Protector de cámara;Cristal;2,90;;;
HU-M50RS-PRO-NA;Huawei;Mate 50 RS;Cristal templado;Estándar;1,30;;;
HU-M50RS-PRO-PRI;Huawei;Mate 50 RS;Cristal templado;Privacidad;4,00;;;
HU-M50RS-FUN-SIL;Huawei;Mate 50 RS;Funda;Silicona;2,50;;;
HU-M50RS-FUN-TPU;Huawei;Mate 50 RS;Funda;Transparente;2,95;;;
HU-M50RS-FUN-LIB;Huawei;Mate 50 RS;Funda;Libro;3,70;;;
HU-M50RS-FUN-ANT;Huawei;Mate 50 RS;Funda;Antigolpes;3,10;;;
HU-N10Z-PRO-NA;Huawei;nova 10z;Cristal templado;Estándar;1,30;;;
HU-N10Z-PRO-PRI;Huawei;nova 10z;Cristal templado;Privacidad;4,00;;;
HU-N10Z-FUN-SIL;Huawei;nova 10z;Funda;Silicona;2,50;;;
HU-N10Z-FUN-TPU;Huawei;nova 10z;Funda;Transparente;2,95;;;
HU-N10Z-FUN-LIB;Huawei;nova 10z;Funda;Libro;3,70;;;
HU-N10Z-FUN-ANT;Huawei;nova 10z;Funda;Antigolpes;3,10;;;
HU-N10Z-PCA-NA;Huawei;nova 10z;Protector de cámara;Cristal;2,90;;;
HU-N10-PRO-NA;Huawei;nova 10;Cristal templado;Estándar;1,30;;;
HU-N10-PRO-PRI;Huawei;nova 10;Cristal templado;Privacidad;4,00;;;
HU-N10-FUN-SIL;Huawei;nova 10;Funda;Silicona;2,50;;;
HU-N10-FUN-TPU;Huawei;nova 10;Funda;Transparente;2,95;;;
HU-N10-FUN-LIB;Huawei;nova 10;Funda;Libro;3,70;;;
HU-N10-FUN-ANT;Huawei;nova 10;Funda;Antigolpes;3,10;;;
HU-N10-PCA-NA;Huawei;nova 10;Protector de cámara;Cristal;2,90;;;
HU-N10P-PRO-NA;Huawei;nova 10 Pro;Cristal templado;Estándar;1,30;;;
HU-N10P-PRO-PRI;Huawei;nova 10 Pro;Cristal templado;Privacidad;4,00;;;
HU-N10P-FUN-SIL;Huawei;nova 10 Pro;Funda;Silicona;2,50;;;
HU-N10P-FUN-TPU;Huawei;nova 10 Pro;Funda;Transparente;2,95;;;
HU-N10P-FUN-LIB;Huawei;nova 10 Pro;Funda;Libro;3,70;;;
HU-N10P-FUN-ANT;Huawei;nova 10 Pro;Funda;Antigolpes;3,10;;;
HU-N10P-PCA-NA;Huawei;nova 10 Pro;Protector de cámara;Cristal;2,90;;;
HU-NY90-PRO-NA;Huawei;nova Y90;Cristal templado;Estándar;1,30;;;
HU-NY90-PRO-PRI;Huawei;nova Y90;Cristal templado;Privacidad;4,00;;;
HU-NY90-FUN-SIL;Huawei;nova Y90;Funda;Silicona;2,50;;;
HU-NY90-FUN-TPU;Huawei;nova Y90;Funda;Transparente;2,95;;;
HU-NY90-FUN-LIB;Huawei;nova Y90;Funda;Libro;3,70;;;
HU-NY90-FUN-ANT;Huawei;nova Y90;Funda;Antigolpes;3,10;;;
HU-NY90-PCA-NA;Huawei;nova Y90;Protector de cámara;Cristal;2,90;;;
HU-NY70PL-PRO-NA;Huawei;nova Y70 Plus;Cristal templado;Estándar;1,30;;;
HU-NY70PL-PRO-PRI;Huawei;nova Y70 Plus;Cristal templado;Privacidad;4,00;;;
HU-NY70PL-FUN-SIL;Huawei;nova Y70 Plus;Funda;Silicona;2,50;;;
HU-NY70PL-FUN-TPU;Huawei;nova Y70 Plus;Funda;Transparente;2,95;;;
HU-NY70PL-FUN-LIB;Huawei;nova Y70 Plus;Funda;Libro;3,70;;;
HU-NY70PL-FUN-ANT;Huawei;nova Y70 Plus;Funda;Antigolpes;3,10;;;
HU-NY9A-PRO-NA;Huawei;nova Y9a;Cristal templado;Estándar;1,30;;;
HU-NY9A-PRO-PRI;Huawei;nova Y9a;Cristal templado;Privacidad;4,00;;;
HU-NY9A-FUN-SIL;Huawei;nova Y9a;Funda;Silicona;2,50;;;
HU-NY9A-FUN-TPU;Huawei;nova Y9a;Funda;Transparente;2,95;;;
HU-NY9A-FUN-LIB;Huawei;nova Y9a;Funda;Libro;3,70;;;
HU-NY9A-FUN-ANT;Huawei;nova Y9a;Funda;Antigolpes;3,10;;;
HU-NY9A-PCA-NA;Huawei;nova Y9a;Protector de cámara;Cristal;2,90;;;
HU-P50-PRO-NA;Huawei;P50;Cristal templado;Estándar;1,30;;;
HU-P50-PRO-PRI;Huawei;P50;Cristal templado;Privacidad;4,00;;;
HU-P50-FUN-SIL;Huawei;P50;Funda;Silicona;2,50;;;
HU-P50-FUN-TPU;Huawei;P50;Funda;Transparente;2,95;;;
HU-P50-FUN-LIB;Huawei;P50;Funda;Libro;3,70;;;
HU-P50-FUN-ANT;Huawei;P50;Funda;Antigolpes;3,10;;;
HU-P50-PCA-NA;Huawei;P50;Protector de cámara;Cristal;2,90;;;
HU-N8SE4-PRO-NA;Huawei;nova 8 SE 4G;Cristal templado;Estándar;1,30;;;
HU-N8SE4-PRO-PRI;Huawei;nova 8 SE 4G;Cristal templado;Privacidad;4,00;;;
HU-N8SE4-FUN-SIL;Huawei;nova 8 SE 4G;Funda;Silicona;2,50;;;
HU-N8SE4-FUN-TPU;Huawei;nova 8 SE 4G;Funda;Transparente;2,95;;;
HU-N8SE4-FUN-LIB;Huawei;nova 8 SE 4G;Funda;Libro;3,70;;;
HU-N8SE4-FUN-ANT;Huawei;nova 8 SE 4G;Funda;Antigolpes;3,10;;;
HU-N8SE4-PCA-NA;Huawei;nova 8 SE 4G;Protector de cámara;Cristal;2,90;;;
HU-N9P-PRO-NA;Huawei;nova 9 Pro;Cristal templado;Estándar;1,30;;;
HU-N9P-PRO-PRI;Huawei;nova 9 Pro;Cristal templado;Privacidad;4,00;;;
HU-N9P-FUN-SIL;Huawei;nova 9 Pro;Funda;Silicona;2,50;;;
HU-N9P-FUN-TPU;Huawei;nova 9 Pro;Funda;Transparente;2,95;;;
HU-N9P-FUN-LIB;Huawei;nova 9 Pro;Funda;Libro;3,70;;;
HU-N9P-FUN-ANT;Huawei;nova 9 Pro;Funda;Antigolpes;3,10;;;
HU-N9P-PCA-NA;Huawei;nova 9 Pro;Protector de cámara;Cristal;2,90;;;
HU-E20E-PRO-NA;Huawei;Enjoy 20e;Cristal templado;Estándar;1,30;;;
HU-E20E-PRO-PRI;Huawei;Enjoy 20e;Cristal templado;Privacidad;4,00;;;
HU-E20E-FUN-SIL;Huawei;Enjoy 20e;Funda;Silicona;2,50;;;
HU-E20E-FUN-TPU;Huawei;Enjoy 20e;Funda;Transparente;2,95;;;
HU-E20E-FUN-LIB;Huawei;Enjoy 20e;Funda;Libro;3,70;;;
HU-E20E-FUN-ANT;Huawei;Enjoy 20e;Funda;Antigolpes;3,10;;;
HU-N8-PRO-NA;Huawei;nova 8;Cristal templado;Estándar;1,30;;;
HU-N8-PRO-PRI;Huawei;nova 8;Cristal templado;Privacidad;4,00;;;
HU-N8-FUN-SIL;Huawei;nova 8;Funda;Silicona;2,50;;;
HU-N8-FUN-TPU;Huawei;nova 8;Funda;Transparente;2,95;;;
HU-N8-FUN-LIB;Huawei;nova 8;Funda;Libro;3,70;;;
HU-N8-FUN-ANT;Huawei;nova 8;Funda;Antigolpes;3,10;;;
HU-N8-PCA-NA;Huawei;nova 8;Protector de cámara;Cristal;2,90;;;
HU-N8SEY-PRO-NA;Huawei;nova 8 SE Youth;Cristal templado;Estándar;1,30;;;
HU-N8SEY-PRO-PRI;Huawei;nova 8 SE Youth;Cristal templado;Privacidad;4,00;;;
HU-N8SEY-FUN-SIL;Huawei;nova 8 SE Youth;Funda;Silicona;2,50;;;
HU-N8SEY-FUN-TPU;Huawei;nova 8 SE Youth;Funda;Transparente;2,95;;;
HU-N8SEY-FUN-LIB;Huawei;nova 8 SE Youth;Funda;Libro;3,70;;;
HU-N8SEY-FUN-ANT;Huawei;nova 8 SE Youth;Funda;Antigolpes;3,10;;;
HU-N8SEY-PCA-NA;Huawei;nova 8 SE Youth;Protector de cámara;Cristal;2,90;;;
HU-NY60-PRO-NA;Huawei;nova Y60;Cristal templado;Estándar;1,30;;;
HU-NY60-PRO-PRI;Huawei;nova Y60;Cristal templado;Privacidad;4,00;;;
HU-NY60-FUN-SIL;Huawei;nova Y60;Funda;Silicona;2,50;;;
HU-NY60-FUN-TPU;Huawei;nova Y60;Funda;Transparente;2,95;;;
HU-NY60-FUN-LIB;Huawei;nova Y60;Funda;Libro;3,70;;;
HU-NY60-FUN-ANT;Huawei;nova Y60;Funda;Antigolpes;3,10;;;
HU-NY60-PCA-NA;Huawei;nova Y60;Protector de cámara;Cristal;2,90;;;
HU-N8P4-PRO-NA;Huawei;nova 8 Pro 4G;Cristal templado;Estándar;1,30;;;
HU-N8P4-PRO-PRI;Huawei;nova 8 Pro 4G;Cristal templado;Privacidad;4,00;;;
HU-N8P4-FUN-SIL;Huawei;nova 8 Pro 4G;Funda;Silicona;2,50;;;
HU-N8P4-FUN-TPU;Huawei;nova 8 Pro 4G;Funda;Transparente;2,95;;;
HU-N8P4-FUN-LIB;Huawei;nova 8 Pro 4G;Funda;Libro;3,70;;;
HU-N8P4-FUN-ANT;Huawei;nova 8 Pro 4G;Funda;Antigolpes;3,10;;;
HU-N8P4-PCA-NA;Huawei;nova 8 Pro 4G;Protector de cámara;Cristal;2,90;;;
HU-MX2-PRO-NA;Huawei;Mate X2;Cristal templado;Estándar;1,30;;;
HU-MX2-FUN-SIL;Huawei;Mate X2;Funda;Silicona;2,50;;;
HU-MX2-FUN-TPU;Huawei;Mate X2;Funda;Transparente;2,95;;;
HU-MX2-PCA-NA;Huawei;Mate X2;Protector de cámara;Cristal;2,90;;;
HU-N85-PRO-NA;Huawei;nova 8 5G;Cristal templado;Estándar;1,30;;;
HU-N85-PRO-PRI;Huawei;nova 8 5G;Cristal templado;Privacidad;4,00;;;
HU-N85-FUN-SIL;Huawei;nova 8 5G;Funda;Silicona;2,50;;;
HU-N85-FUN-TPU;Huawei;nova 8 5G;Funda;Transparente;2,95;;;
HU-N85-FUN-LIB;Huawei;nova 8 5G;Funda;Libro;3,70;;;
HU-N85-FUN-ANT;Huawei;nova 8 5G;Funda;Antigolpes;3,10;;;
HU-N85-PCA-NA;Huawei;nova 8 5G;Protector de cámara;Cristal;2,90;;;
HU-N8P5-PRO-NA;Huawei;nova 8 Pro 5G;Cristal templado;Estándar;1,30;;;
HU-N8P5-PRO-PRI;Huawei;nova 8 Pro 5G;Cristal templado;Privacidad;4,00;;;
HU-N8P5-FUN-SIL;Huawei;nova 8 Pro 5G;Funda;Silicona;2,50;;;
HU-N8P5-FUN-TPU;Huawei;nova 8 Pro 5G;Funda;Transparente;2,95;;;
HU-N8P5-FUN-LIB;Huawei;nova 8 Pro 5G;Funda;Libro;3,70;;;
HU-N8P5-FUN-ANT;Huawei;nova 8 Pro 5G;Funda;Antigolpes;3,10;;;
HU-N8P5-PCA-NA;Huawei;nova 8 Pro 5G;Protector de cámara;Cristal;2,90;;;
HU-N8SE5-PRO-NA;Huawei;nova 8 SE 5G;Cristal templado;Estándar;1,30;;;
HU-N8SE5-PRO-PRI;Huawei;nova 8 SE 5G;Cristal templado;Privacidad;4,00;;;
HU-N8SE5-FUN-SIL;Huawei;nova 8 SE 5G;Funda;Silicona;2,50;;;
HU-N8SE5-FUN-TPU;Huawei;nova 8 SE 5G;Funda;Transparente;2,95;;;
HU-N8SE5-FUN-LIB;Huawei;nova 8 SE 5G;Funda;Libro;3,70;;;
HU-N8SE5-FUN-ANT;Huawei;nova 8 SE 5G;Funda;Antigolpes;3,10;;;
HU-N8SE5-PCA-NA;Huawei;nova 8 SE 5G;Protector de cámara;Cristal;2,90;;;
HU-M40-PRO-NA;Huawei;Mate 40;Cristal templado;Estándar;1,30;;;
HU-M40-PRO-PRI;Huawei;Mate 40;Cristal templado;Privacidad;4,00;;;
HU-M40-FUN-SIL;Huawei;Mate 40;Funda;Silicona;2,50;;;
HU-M40-FUN-TPU;Huawei;Mate 40;Funda;Transparente;2,95;;;
HU-M40-FUN-LIB;Huawei;Mate 40;Funda;Libro;3,70;;;
HU-M40-FUN-ANT;Huawei;Mate 40;Funda;Antigolpes;3,10;;;
HU-N7SE5Y-PRO-NA;Huawei;nova 7 SE 5G Youth;Cristal templado;Estándar;1,30;;;
HU-N7SE5Y-PRO-PRI;Huawei;nova 7 SE 5G Youth;Cristal templado;Privacidad;4,00;;;
HU-N7SE5Y-FUN-SIL;Huawei;nova 7 SE 5G Youth;Funda;Silicona;2,50;;;
HU-N7SE5Y-FUN-TPU;Huawei;nova 7 SE 5G Youth;Funda;Transparente;2,95;;;
HU-N7SE5Y-FUN-LIB;Huawei;nova 7 SE 5G Youth;Funda;Libro;3,70;;;
HU-N7SE5Y-FUN-ANT;Huawei;nova 7 SE 5G Youth;Funda;Antigolpes;3,10;;;
HU-N7SE5Y-PCA-NA;Huawei;nova 7 SE 5G Youth;Protector de cámara;Cristal;2,90;;;
HU-Y9A-PRO-NA;Huawei;Y9a;Cristal templado;Estándar;1,30;;;
HU-Y9A-PRO-PRI;Huawei;Y9a;Cristal templado;Privacidad;4,00;;;
HU-Y9A-FUN-SIL;Huawei;Y9a;Funda;Silicona;2,50;;;
HU-Y9A-FUN-TPU;Huawei;Y9a;Funda;Transparente;2,95;;;
HU-Y9A-FUN-LIB;Huawei;Y9a;Funda;Libro;3,70;;;
HU-Y9A-FUN-ANT;Huawei;Y9a;Funda;Antigolpes;3,10;;;
HU-Y9A-PCA-NA;Huawei;Y9a;Protector de cámara;Cristal;2,90;;;
HU-Y5P-PRO-NA;Huawei;Y5p;Cristal templado;Estándar;1,30;;;
HU-Y5P-PRO-PRI;Huawei;Y5p;Cristal templado;Privacidad;4,00;;;
HU-Y5P-FUN-SIL;Huawei;Y5p;Funda;Silicona;2,50;;;
HU-Y5P-FUN-TPU;Huawei;Y5p;Funda;Transparente;2,95;;;
HU-Y5P-FUN-LIB;Huawei;Y5p;Funda;Libro;3,70;;;
HU-Y5P-FUN-ANT;Huawei;Y5p;Funda;Antigolpes;3,10;;;
HU-Y6P2-PRO-NA;Huawei;Y6p;Cristal templado;Estándar;1,30;;;
HU-Y6P2-PRO-PRI;Huawei;Y6p;Cristal templado;Privacidad;4,00;;;
HU-Y6P2-FUN-SIL;Huawei;Y6p;Funda;Silicona;2,50;;;
HU-Y6P2-FUN-TPU;Huawei;Y6p;Funda;Transparente;2,95;;;
HU-Y6P2-FUN-LIB;Huawei;Y6p;Funda;Libro;3,70;;;
HU-Y6P2-FUN-ANT;Huawei;Y6p;Funda;Antigolpes;3,10;;;
HU-Y6P2-PCA-NA;Huawei;Y6p;Protector de cámara;Cristal;2,90;;;
HU-Y8P-PRO-NA;Huawei;Y8p;Cristal templado;Estándar;1,30;;;
HU-Y8P-PRO-PRI;Huawei;Y8p;Cristal templado;Privacidad;4,00;;;
HU-Y8P-FUN-SIL;Huawei;Y8p;Funda;Silicona;2,50;;;
HU-Y8P-FUN-TPU;Huawei;Y8p;Funda;Transparente;2,95;;;
HU-Y8P-FUN-LIB;Huawei;Y8p;Funda;Libro;3,70;;;
HU-Y8P-FUN-ANT;Huawei;Y8p;Funda;Antigolpes;3,10;;;
HU-Y8P-PCA-NA;Huawei;Y8p;Protector de cámara;Cristal;2,90;;;
HU-Y8S-PRO-NA;Huawei;Y8s;Cristal templado;Estándar;1,30;;;
HU-Y8S-PRO-PRI;Huawei;Y8s;Cristal templado;Privacidad;4,00;;;
HU-Y8S-FUN-SIL;Huawei;Y8s;Funda;Silicona;2,50;;;
HU-Y8S-FUN-TPU;Huawei;Y8s;Funda;Transparente;2,95;;;
HU-Y8S-FUN-LIB;Huawei;Y8s;Funda;Libro;3,70;;;
HU-Y8S-FUN-ANT;Huawei;Y8s;Funda;Antigolpes;3,10;;;
HU-Y8S-PCA-NA;Huawei;Y8s;Protector de cámara;Cristal;2,90;;;
HU-N7-PRO-NA;Huawei;nova 7;Cristal templado;Estándar;1,30;;;
HU-N7-PRO-PRI;Huawei;nova 7;Cristal templado;Privacidad;4,00;;;
HU-N7-FUN-SIL;Huawei;nova 7;Funda;Silicona;2,50;;;
HU-N7-FUN-TPU;Huawei;nova 7;Funda;Transparente;2,95;;;
HU-N7-FUN-LIB;Huawei;nova 7;Funda;Libro;3,70;;;
HU-N7-FUN-ANT;Huawei;nova 7;Funda;Antigolpes;3,10;;;
HU-N7-PCA-NA;Huawei;nova 7;Protector de cámara;Cristal;2,90;;;
HU-N7P5-PRO-NA;Huawei;nova 7 Pro 5G;Cristal templado;Estándar;1,30;;;
HU-N7P5-PRO-PRI;Huawei;nova 7 Pro 5G;Cristal templado;Privacidad;4,00;;;
HU-N7P5-FUN-SIL;Huawei;nova 7 Pro 5G;Funda;Silicona;2,50;;;
HU-N7P5-FUN-TPU;Huawei;nova 7 Pro 5G;Funda;Transparente;2,95;;;
HU-N7P5-FUN-LIB;Huawei;nova 7 Pro 5G;Funda;Libro;3,70;;;
HU-N7P5-FUN-ANT;Huawei;nova 7 Pro 5G;Funda;Antigolpes;3,10;;;
HU-N7P5-PCA-NA;Huawei;nova 7 Pro 5G;Protector de cámara;Cristal;2,90;;;
HU-N7SE-PRO-NA;Huawei;nova 7 SE;Cristal templado;Estándar;1,30;;;
HU-N7SE-PRO-PRI;Huawei;nova 7 SE;Cristal templado;Privacidad;4,00;;;
HU-N7SE-FUN-SIL;Huawei;nova 7 SE;Funda;Silicona;2,50;;;
HU-N7SE-FUN-TPU;Huawei;nova 7 SE;Funda;Transparente;2,95;;;
HU-N7SE-FUN-LIB;Huawei;nova 7 SE;Funda;Libro;3,70;;;
HU-N7SE-FUN-ANT;Huawei;nova 7 SE;Funda;Antigolpes;3,10;;;
HU-Y7P2-PRO-NA;Huawei;Y7p;Cristal templado;Estándar;1,30;;;
HU-Y7P2-PRO-PRI;Huawei;Y7p;Cristal templado;Privacidad;4,00;;;
HU-Y7P2-FUN-SIL;Huawei;Y7p;Funda;Silicona;2,50;;;
HU-Y7P2-FUN-TPU;Huawei;Y7p;Funda;Transparente;2,95;;;
HU-Y7P2-FUN-LIB;Huawei;Y7p;Funda;Libro;3,70;;;
HU-Y7P2-FUN-ANT;Huawei;Y7p;Funda;Antigolpes;3,10;;;
HU-N7I-PRO-NA;Huawei;nova 7i;Cristal templado;Estándar;1,30;;;
HU-N7I-PRO-PRI;Huawei;nova 7i;Cristal templado;Privacidad;4,00;;;
HU-N7I-FUN-SIL;Huawei;nova 7i;Funda;Silicona;2,50;;;
HU-N7I-FUN-TPU;Huawei;nova 7i;Funda;Transparente;2,95;;;
HU-N7I-FUN-LIB;Huawei;nova 7i;Funda;Libro;3,70;;;
HU-N7I-FUN-ANT;Huawei;nova 7i;Funda;Antigolpes;3,10;;;
HU-N7I-PCA-NA;Huawei;nova 7i;Protector de cámara;Cristal;2,90;;;
HU-Y6S-PRO-NA;Huawei;Y6s;Cristal templado;Estándar;1,30;;;
HU-Y6S-PRO-PRI;Huawei;Y6s;Cristal templado;Privacidad;4,00;;;
HU-Y6S-FUN-SIL;Huawei;Y6s;Funda;Silicona;2,50;;;
HU-Y6S-FUN-TPU;Huawei;Y6s;Funda;Transparente;2,95;;;
HU-Y6S-FUN-LIB;Huawei;Y6s;Funda;Libro;3,70;;;
HU-Y6S-FUN-ANT;Huawei;Y6s;Funda;Antigolpes;3,10;;;
HU-N6-PRO-NA;Huawei;nova 6;Cristal templado;Estándar;1,30;;;
HU-N6-PRO-PRI;Huawei;nova 6;Cristal templado;Privacidad;4,00;;;
HU-N6-FUN-SIL;Huawei;nova 6;Funda;Silicona;2,50;;;
HU-N6-FUN-TPU;Huawei;nova 6;Funda;Transparente;2,95;;;
HU-N6-FUN-LIB;Huawei;nova 6;Funda;Libro;3,70;;;
HU-N6-FUN-ANT;Huawei;nova 6;Funda;Antigolpes;3,10;;;
HU-N6-PCA-NA;Huawei;nova 6;Protector de cámara;Cristal;2,90;;;
HU-N65-PRO-NA;Huawei;nova 6 5G;Cristal templado;Estándar;1,30;;;
HU-N65-PRO-PRI;Huawei;nova 6 5G;Cristal templado;Privacidad;4,00;;;
HU-N65-FUN-SIL;Huawei;nova 6 5G;Funda;Silicona;2,50;;;
HU-N65-FUN-TPU;Huawei;nova 6 5G;Funda;Transparente;2,95;;;
HU-N65-FUN-LIB;Huawei;nova 6 5G;Funda;Libro;3,70;;;
HU-N65-FUN-ANT;Huawei;nova 6 5G;Funda;Antigolpes;3,10;;;
HU-N65-PCA-NA;Huawei;nova 6 5G;Protector de cámara;Cristal;2,90;;;
HU-N6SE-PRO-NA;Huawei;nova 6 SE;Cristal templado;Estándar;1,30;;;
HU-N6SE-PRO-PRI;Huawei;nova 6 SE;Cristal templado;Privacidad;4,00;;;
HU-N6SE-FUN-SIL;Huawei;nova 6 SE;Funda;Silicona;2,50;;;
HU-N6SE-FUN-TPU;Huawei;nova 6 SE;Funda;Transparente;2,95;;;
HU-N6SE-FUN-LIB;Huawei;nova 6 SE;Funda;Libro;3,70;;;
HU-N6SE-FUN-ANT;Huawei;nova 6 SE;Funda;Antigolpes;3,10;;;
HU-M30RSPD-PRO-NA;Huawei;Mate 30 RS Porsche Design;Cristal templado;Estándar;1,30;;;
HU-M30RSPD-PRO-PRI;Huawei;Mate 30 RS Porsche Design;Cristal templado;Privacidad;4,00;;;
HU-M30RSPD-FUN-SIL;Huawei;Mate 30 RS Porsche Design;Funda;Silicona;2,50;;;
HU-M30RSPD-FUN-TPU;Huawei;Mate 30 RS Porsche Design;Funda;Transparente;2,95;;;
HU-M30RSPD-FUN-LIB;Huawei;Mate 30 RS Porsche Design;Funda;Libro;3,70;;;
HU-M30RSPD-FUN-ANT;Huawei;Mate 30 RS Porsche Design;Funda;Antigolpes;3,10;;;
HU-MX-PRO-NA;Huawei;Mate X;Cristal templado;Estándar;1,30;;;
HU-MX-FUN-SIL;Huawei;Mate X;Funda;Silicona;2,50;;;
HU-MX-FUN-TPU;Huawei;Mate X;Funda;Transparente;2,95;;;
HU-MX-PCA-NA;Huawei;Mate X;Protector de cámara;Cristal;2,90;;;
HU-N5Z-PRO-NA;Huawei;nova 5z;Cristal templado;Estándar;1,30;;;
HU-N5Z-PRO-PRI;Huawei;nova 5z;Cristal templado;Privacidad;4,00;;;
HU-N5Z-FUN-SIL;Huawei;nova 5z;Funda;Silicona;2,50;;;
HU-N5Z-FUN-TPU;Huawei;nova 5z;Funda;Transparente;2,95;;;
HU-N5Z-FUN-LIB;Huawei;nova 5z;Funda;Libro;3,70;;;
HU-N5Z-FUN-ANT;Huawei;nova 5z;Funda;Antigolpes;3,10;;;
HU-N5Z-PCA-NA;Huawei;nova 5z;Protector de cámara;Cristal;2,90;;;
HU-M30-PRO-NA;Huawei;Mate 30;Cristal templado;Estándar;1,30;;;
HU-M30-PRO-PRI;Huawei;Mate 30;Cristal templado;Privacidad;4,00;;;
HU-M30-FUN-SIL;Huawei;Mate 30;Funda;Silicona;2,50;;;
HU-M30-FUN-TPU;Huawei;Mate 30;Funda;Transparente;2,95;;;
HU-M30-FUN-LIB;Huawei;Mate 30;Funda;Libro;3,70;;;
HU-M30-FUN-ANT;Huawei;Mate 30;Funda;Antigolpes;3,10;;;
HU-Y9P19-PRO-NA;Huawei;Y9 Prime 2019;Cristal templado;Estándar;1,30;;;
HU-Y9P19-PRO-PRI;Huawei;Y9 Prime 2019;Cristal templado;Privacidad;4,00;;;
HU-Y9P19-FUN-SIL;Huawei;Y9 Prime 2019;Funda;Silicona;2,50;;;
HU-Y9P19-FUN-TPU;Huawei;Y9 Prime 2019;Funda;Transparente;2,95;;;
HU-Y9P19-FUN-LIB;Huawei;Y9 Prime 2019;Funda;Libro;3,70;;;
HU-Y9P19-FUN-ANT;Huawei;Y9 Prime 2019;Funda;Antigolpes;3,10;;;
HU-Y9P19-PCA-NA;Huawei;Y9 Prime 2019;Protector de cámara;Cristal;2,90;;;
HU-N5IP-PRO-NA;Huawei;nova 5i Pro;Cristal templado;Estándar;1,30;;;
HU-N5IP-PRO-PRI;Huawei;nova 5i Pro;Cristal templado;Privacidad;4,00;;;
HU-N5IP-FUN-SIL;Huawei;nova 5i Pro;Funda;Silicona;2,50;;;
HU-N5IP-FUN-TPU;Huawei;nova 5i Pro;Funda;Transparente;2,95;;;
HU-N5IP-FUN-LIB;Huawei;nova 5i Pro;Funda;Libro;3,70;;;
HU-N5IP-FUN-ANT;Huawei;nova 5i Pro;Funda;Antigolpes;3,10;;;
HU-N5IP-PCA-NA;Huawei;nova 5i Pro;Protector de cámara;Cristal;2,90;;;
HU-N5-PRO-NA;Huawei;nova 5;Cristal templado;Estándar;1,30;;;
HU-N5-PRO-PRI;Huawei;nova 5;Cristal templado;Privacidad;4,00;;;
HU-N5-FUN-SIL;Huawei;nova 5;Funda;Silicona;2,50;;;
HU-N5-FUN-TPU;Huawei;nova 5;Funda;Transparente;2,95;;;
HU-N5-FUN-LIB;Huawei;nova 5;Funda;Libro;3,70;;;
HU-N5-FUN-ANT;Huawei;nova 5;Funda;Antigolpes;3,10;;;
HU-N5-PCA-NA;Huawei;nova 5;Protector de cámara;Cristal;2,90;;;
HU-N5P-PRO-NA;Huawei;nova 5 Pro;Cristal templado;Estándar;1,30;;;
HU-N5P-PRO-PRI;Huawei;nova 5 Pro;Cristal templado;Privacidad;4,00;;;
HU-N5P-FUN-SIL;Huawei;nova 5 Pro;Funda;Silicona;2,50;;;
HU-N5P-FUN-TPU;Huawei;nova 5 Pro;Funda;Transparente;2,95;;;
HU-N5P-FUN-LIB;Huawei;nova 5 Pro;Funda;Libro;3,70;;;
HU-N5P-FUN-ANT;Huawei;nova 5 Pro;Funda;Antigolpes;3,10;;;
HU-N5P-PCA-NA;Huawei;nova 5 Pro;Protector de cámara;Cristal;2,90;;;
HU-N5I-PRO-NA;Huawei;nova 5i;Cristal templado;Estándar;1,30;;;
HU-N5I-PRO-PRI;Huawei;nova 5i;Cristal templado;Privacidad;4,00;;;
HU-N5I-FUN-SIL;Huawei;nova 5i;Funda;Silicona;2,50;;;
HU-N5I-FUN-TPU;Huawei;nova 5i;Funda;Transparente;2,95;;;
HU-N5I-FUN-LIB;Huawei;nova 5i;Funda;Libro;3,70;;;
HU-N5I-FUN-ANT;Huawei;nova 5i;Funda;Antigolpes;3,10;;;
HU-N5I-PCA-NA;Huawei;nova 5i;Protector de cámara;Cristal;2,90;;;
HU-Y519-PRO-NA;Huawei;Y5 2019;Cristal templado;Estándar;1,30;;;
HU-Y519-PRO-PRI;Huawei;Y5 2019;Cristal templado;Privacidad;4,00;;;
HU-Y519-FUN-SIL;Huawei;Y5 2019;Funda;Silicona;2,50;;;
HU-Y519-FUN-TPU;Huawei;Y5 2019;Funda;Transparente;2,95;;;
HU-Y519-FUN-LIB;Huawei;Y5 2019;Funda;Libro;3,70;;;
HU-Y519-FUN-ANT;Huawei;Y5 2019;Funda;Antigolpes;3,10;;;
HU-E9E-PRO-NA;Huawei;Enjoy 9e;Cristal templado;Estándar;1,30;;;
HU-E9E-PRO-PRI;Huawei;Enjoy 9e;Cristal templado;Privacidad;4,00;;;
HU-E9E-FUN-SIL;Huawei;Enjoy 9e;Funda;Silicona;2,50;;;
HU-E9E-FUN-TPU;Huawei;Enjoy 9e;Funda;Transparente;2,95;;;
HU-E9E-FUN-LIB;Huawei;Enjoy 9e;Funda;Libro;3,70;;;
HU-E9E-FUN-ANT;Huawei;Enjoy 9e;Funda;Antigolpes;3,10;;;
HU-N4E-PRO-NA;Huawei;nova 4e;Cristal templado;Estándar;1,30;;;
HU-N4E-PRO-PRI;Huawei;nova 4e;Cristal templado;Privacidad;4,00;;;
HU-N4E-FUN-SIL;Huawei;nova 4e;Funda;Silicona;2,50;;;
HU-N4E-FUN-TPU;Huawei;nova 4e;Funda;Transparente;2,95;;;
HU-N4E-FUN-LIB;Huawei;nova 4e;Funda;Libro;3,70;;;
HU-N4E-FUN-ANT;Huawei;nova 4e;Funda;Antigolpes;3,10;;;
HU-Y6PRIME2-PRO-NA;Huawei;Y6 Prime 2019;Cristal templado;Estándar;1,30;;;
HU-Y6PRIME2-PRO-PRI;Huawei;Y6 Prime 2019;Cristal templado;Privacidad;4,00;;;
HU-Y6PRIME2-FUN-SIL;Huawei;Y6 Prime 2019;Funda;Silicona;2,50;;;
HU-Y6PRIME2-FUN-TPU;Huawei;Y6 Prime 2019;Funda;Transparente;2,95;;;
HU-Y6PRIME2-FUN-LIB;Huawei;Y6 Prime 2019;Funda;Libro;3,70;;;
HU-Y6PRIME2-FUN-ANT;Huawei;Y6 Prime 2019;Funda;Antigolpes;3,10;;;
HU-Y719-PRO-NA;Huawei;Y7 2019;Cristal templado;Estándar;1,30;;;
HU-Y719-PRO-PRI;Huawei;Y7 2019;Cristal templado;Privacidad;4,00;;;
HU-Y719-FUN-SIL;Huawei;Y7 2019;Funda;Silicona;2,50;;;
HU-Y719-FUN-TPU;Huawei;Y7 2019;Funda;Transparente;2,95;;;
HU-Y719-FUN-LIB;Huawei;Y7 2019;Funda;Libro;3,70;;;
HU-Y719-FUN-ANT;Huawei;Y7 2019;Funda;Antigolpes;3,10;;;
HU-Y719-PCA-NA;Huawei;Y7 2019;Protector de cámara;Cristal;2,90;;;
HU-Y619-PRO-NA;Huawei;Y6 2019;Cristal templado;Estándar;1,30;;;
HU-Y619-PRO-PRI;Huawei;Y6 2019;Cristal templado;Privacidad;4,00;;;
HU-Y619-FUN-SIL;Huawei;Y6 2019;Funda;Silicona;2,50;;;
HU-Y619-FUN-TPU;Huawei;Y6 2019;Funda;Transparente;2,95;;;
HU-Y619-FUN-LIB;Huawei;Y6 2019;Funda;Libro;3,70;;;
HU-Y619-FUN-ANT;Huawei;Y6 2019;Funda;Antigolpes;3,10;;;
HU-Y6P19-PRO-NA;Huawei;Y6 Pro 2019;Cristal templado;Estándar;1,30;;;
HU-Y6P19-PRO-PRI;Huawei;Y6 Pro 2019;Cristal templado;Privacidad;4,00;;;
HU-Y6P19-FUN-SIL;Huawei;Y6 Pro 2019;Funda;Silicona;2,50;;;
HU-Y6P19-FUN-TPU;Huawei;Y6 Pro 2019;Funda;Transparente;2,95;;;
HU-Y6P19-FUN-LIB;Huawei;Y6 Pro 2019;Funda;Libro;3,70;;;
HU-Y6P19-FUN-ANT;Huawei;Y6 Pro 2019;Funda;Antigolpes;3,10;;;
HU-Y5L-PRO-NA;Huawei;Y5 lite;Cristal templado;Estándar;1,30;;;
HU-Y5L-PRO-PRI;Huawei;Y5 lite;Cristal templado;Privacidad;4,00;;;
HU-Y5L-FUN-SIL;Huawei;Y5 lite;Funda;Silicona;2,50;;;
HU-Y5L-FUN-TPU;Huawei;Y5 lite;Funda;Transparente;2,95;;;
HU-Y5L-FUN-LIB;Huawei;Y5 lite;Funda;Libro;3,70;;;
HU-Y5L-FUN-ANT;Huawei;Y5 lite;Funda;Antigolpes;3,10;;;
HU-Y7PRIME2-PRO-NA;Huawei;Y7 Prime 2019;Cristal templado;Estándar;1,30;;;
HU-Y7PRIME2-PRO-PRI;Huawei;Y7 Prime 2019;Cristal templado;Privacidad;4,00;;;
HU-Y7PRIME2-FUN-SIL;Huawei;Y7 Prime 2019;Funda;Silicona;2,50;;;
HU-Y7PRIME2-FUN-TPU;Huawei;Y7 Prime 2019;Funda;Transparente;2,95;;;
HU-Y7PRIME2-FUN-LIB;Huawei;Y7 Prime 2019;Funda;Libro;3,70;;;
HU-Y7PRIME2-FUN-ANT;Huawei;Y7 Prime 2019;Funda;Antigolpes;3,10;;;
HU-Y7PRIME2-PCA-NA;Huawei;Y7 Prime 2019;Protector de cámara;Cristal;2,90;;;
HU-N4-PRO-NA;Huawei;nova 4;Cristal templado;Estándar;1,30;;;
HU-N4-PRO-PRI;Huawei;nova 4;Cristal templado;Privacidad;4,00;;;
HU-N4-FUN-SIL;Huawei;nova 4;Funda;Silicona;2,50;;;
HU-N4-FUN-TPU;Huawei;nova 4;Funda;Transparente;2,95;;;
HU-N4-FUN-LIB;Huawei;nova 4;Funda;Libro;3,70;;;
HU-N4-FUN-ANT;Huawei;nova 4;Funda;Antigolpes;3,10;;;
HU-Y7P19-PRO-NA;Huawei;Y7 Pro 2019;Cristal templado;Estándar;1,30;;;
HU-Y7P19-PRO-PRI;Huawei;Y7 Pro 2019;Cristal templado;Privacidad;4,00;;;
HU-Y7P19-FUN-SIL;Huawei;Y7 Pro 2019;Funda;Silicona;2,50;;;
HU-Y7P19-FUN-TPU;Huawei;Y7 Pro 2019;Funda;Transparente;2,95;;;
HU-Y7P19-FUN-LIB;Huawei;Y7 Pro 2019;Funda;Libro;3,70;;;
HU-Y7P19-FUN-ANT;Huawei;Y7 Pro 2019;Funda;Antigolpes;3,10;;;
HU-YM-PRO-NA;Huawei;Y Max;Cristal templado;Estándar;1,30;;;
HU-YM-PRO-PRI;Huawei;Y Max;Cristal templado;Privacidad;4,00;;;
HU-YM-FUN-SIL;Huawei;Y Max;Funda;Silicona;2,50;;;
HU-YM-FUN-TPU;Huawei;Y Max;Funda;Transparente;2,95;;;
HU-YM-FUN-LIB;Huawei;Y Max;Funda;Libro;3,70;;;
HU-YM-FUN-ANT;Huawei;Y Max;Funda;Antigolpes;3,10;;;
HU-Y919-PRO-NA;Huawei;Y9 2019;Cristal templado;Estándar;1,30;;;
HU-Y919-PRO-PRI;Huawei;Y9 2019;Cristal templado;Privacidad;4,00;;;
HU-Y919-FUN-SIL;Huawei;Y9 2019;Funda;Silicona;2,50;;;
HU-Y919-FUN-TPU;Huawei;Y9 2019;Funda;Transparente;2,95;;;
HU-Y919-FUN-LIB;Huawei;Y9 2019;Funda;Libro;3,70;;;
HU-Y919-FUN-ANT;Huawei;Y9 2019;Funda;Antigolpes;3,10;;;
HU-N3-PRO-NA;Huawei;nova 3;Cristal templado;Estándar;1,30;;;
HU-N3-PRO-PRI;Huawei;nova 3;Cristal templado;Privacidad;4,00;;;
HU-N3-FUN-SIL;Huawei;nova 3;Funda;Silicona;2,50;;;
HU-N3-FUN-TPU;Huawei;nova 3;Funda;Transparente;2,95;;;
HU-N3-FUN-LIB;Huawei;nova 3;Funda;Libro;3,70;;;
HU-N3-FUN-ANT;Huawei;nova 3;Funda;Antigolpes;3,10;;;
HU-Y318-PRO-NA;Huawei;Y3 2018;Cristal templado;Estándar;1,30;;;
HU-Y318-PRO-PRI;Huawei;Y3 2018;Cristal templado;Privacidad;4,00;;;
HU-Y318-FUN-SIL;Huawei;Y3 2018;Funda;Silicona;2,50;;;
HU-Y318-FUN-TPU;Huawei;Y3 2018;Funda;Transparente;2,95;;;
HU-Y318-FUN-LIB;Huawei;Y3 2018;Funda;Libro;3,70;;;
HU-Y318-FUN-ANT;Huawei;Y3 2018;Funda;Antigolpes;3,10;;;
HU-Y5P18-PRO-NA;Huawei;Y5 Prime 2018;Cristal templado;Estándar;1,30;;;
HU-Y5P18-PRO-PRI;Huawei;Y5 Prime 2018;Cristal templado;Privacidad;4,00;;;
HU-Y5P18-FUN-SIL;Huawei;Y5 Prime 2018;Funda;Silicona;2,50;;;
HU-Y5P18-FUN-TPU;Huawei;Y5 Prime 2018;Funda;Transparente;2,95;;;
HU-Y5P18-FUN-LIB;Huawei;Y5 Prime 2018;Funda;Libro;3,70;;;
HU-Y5P18-FUN-ANT;Huawei;Y5 Prime 2018;Funda;Antigolpes;3,10;;;
HU-Y6P18-PRO-NA;Huawei;Y6 Prime 2018;Cristal templado;Estándar;1,30;;;
HU-Y6P18-PRO-PRI;Huawei;Y6 Prime 2018;Cristal templado;Privacidad;4,00;;;
HU-Y6P18-FUN-SIL;Huawei;Y6 Prime 2018;Funda;Silicona;2,50;;;
HU-Y6P18-FUN-TPU;Huawei;Y6 Prime 2018;Funda;Transparente;2,95;;;
HU-Y6P18-FUN-LIB;Huawei;Y6 Prime 2018;Funda;Libro;3,70;;;
HU-Y6P18-FUN-ANT;Huawei;Y6 Prime 2018;Funda;Antigolpes;3,10;;;
HU-N2I-PRO-NA;Huawei;nova 2i;Cristal templado;Estándar;1,30;;;
HU-N2I-PRO-PRI;Huawei;nova 2i;Cristal templado;Privacidad;4,00;;;
HU-N2I-FUN-SIL;Huawei;nova 2i;Funda;Silicona;2,50;;;
HU-N2I-FUN-TPU;Huawei;nova 2i;Funda;Transparente;2,95;;;
HU-N2I-FUN-LIB;Huawei;nova 2i;Funda;Libro;3,70;;;
HU-N2I-FUN-ANT;Huawei;nova 2i;Funda;Antigolpes;3,10;;;
HU-P20L-PRO-NA;Huawei;P20 lite;Cristal templado;Estándar;1,30;;;
HU-P20L-PRO-PRI;Huawei;P20 lite;Cristal templado;Privacidad;4,00;;;
HU-P20L-FUN-SIL;Huawei;P20 lite;Funda;Silicona;2,50;;;
HU-P20L-FUN-TPU;Huawei;P20 lite;Funda;Transparente;2,95;;;
HU-P20L-FUN-LIB;Huawei;P20 lite;Funda;Libro;3,70;;;
HU-P20L-FUN-ANT;Huawei;P20 lite;Funda;Antigolpes;3,10;;;
HU-P20-PRO-NA;Huawei;P20;Cristal templado;Estándar;1,30;;;
HU-P20-PRO-PRI;Huawei;P20;Cristal templado;Privacidad;4,00;;;
HU-P20-FUN-SIL;Huawei;P20;Funda;Silicona;2,50;;;
HU-P20-FUN-TPU;Huawei;P20;Funda;Transparente;2,95;;;
HU-P20-FUN-LIB;Huawei;P20;Funda;Libro;3,70;;;
HU-P20-FUN-ANT;Huawei;P20;Funda;Antigolpes;3,10;;;
HU-Y7P18-PRO-NA;Huawei;Y7 Prime 2018;Cristal templado;Estándar;1,30;;;
HU-Y7P18-PRO-PRI;Huawei;Y7 Prime 2018;Cristal templado;Privacidad;4,00;;;
HU-Y7P18-FUN-SIL;Huawei;Y7 Prime 2018;Funda;Silicona;2,50;;;
HU-Y7P18-FUN-TPU;Huawei;Y7 Prime 2018;Funda;Transparente;2,95;;;
HU-Y7P18-FUN-LIB;Huawei;Y7 Prime 2018;Funda;Libro;3,70;;;
HU-Y7P18-FUN-ANT;Huawei;Y7 Prime 2018;Funda;Antigolpes;3,10;;;
HU-Y7PRO201-PRO-NA;Huawei;Y7 Pro 2018;Cristal templado;Estándar;1,30;;;
HU-Y7PRO201-PRO-PRI;Huawei;Y7 Pro 2018;Cristal templado;Privacidad;4,00;;;
HU-Y7PRO201-FUN-SIL;Huawei;Y7 Pro 2018;Funda;Silicona;2,50;;;
HU-Y7PRO201-FUN-TPU;Huawei;Y7 Pro 2018;Funda;Transparente;2,95;;;
HU-Y7PRO201-FUN-LIB;Huawei;Y7 Pro 2018;Funda;Libro;3,70;;;
HU-Y7PRO201-FUN-ANT;Huawei;Y7 Pro 2018;Funda;Antigolpes;3,10;;;
HU-Y918-PRO-NA;Huawei;Y9 2018;Cristal templado;Estándar;1,30;;;
HU-Y918-PRO-PRI;Huawei;Y9 2018;Cristal templado;Privacidad;4,00;;;
HU-Y918-FUN-SIL;Huawei;Y9 2018;Funda;Silicona;2,50;;;
HU-Y918-FUN-TPU;Huawei;Y9 2018;Funda;Transparente;2,95;;;
HU-Y918-FUN-LIB;Huawei;Y9 2018;Funda;Libro;3,70;;;
HU-Y918-FUN-ANT;Huawei;Y9 2018;Funda;Antigolpes;3,10;;;
HU-N2S-PRO-NA;Huawei;nova 2s;Cristal templado;Estándar;1,30;;;
HU-N2S-PRO-PRI;Huawei;nova 2s;Cristal templado;Privacidad;4,00;;;
HU-N2S-FUN-SIL;Huawei;nova 2s;Funda;Silicona;2,50;;;
HU-N2S-FUN-TPU;Huawei;nova 2s;Funda;Transparente;2,95;;;
HU-N2S-FUN-LIB;Huawei;nova 2s;Funda;Libro;3,70;;;
HU-N2S-FUN-ANT;Huawei;nova 2s;Funda;Antigolpes;3,10;;;
HU-M10L-PRO-NA;Huawei;Mate 10 lite;Cristal templado;Estándar;1,30;;;
HU-M10L-PRO-PRI;Huawei;Mate 10 lite;Cristal templado;Privacidad;4,00;;;
HU-M10L-FUN-SIL;Huawei;Mate 10 lite;Funda;Silicona;2,50;;;
HU-M10L-FUN-TPU;Huawei;Mate 10 lite;Funda;Transparente;2,95;;;
HU-M10L-FUN-LIB;Huawei;Mate 10 lite;Funda;Libro;3,70;;;
HU-M10L-FUN-ANT;Huawei;Mate 10 lite;Funda;Antigolpes;3,10;;;
HU-M10-PRO-NA;Huawei;Mate 10;Cristal templado;Estándar;1,30;;;
HU-M10-PRO-PRI;Huawei;Mate 10;Cristal templado;Privacidad;4,00;;;
HU-M10-FUN-SIL;Huawei;Mate 10;Funda;Silicona;2,50;;;
HU-M10-FUN-TPU;Huawei;Mate 10;Funda;Transparente;2,95;;;
HU-M10-FUN-LIB;Huawei;Mate 10;Funda;Libro;3,70;;;
HU-M10-FUN-ANT;Huawei;Mate 10;Funda;Antigolpes;3,10;;;
HU-Y317-PRO-NA;Huawei;Y3 2017;Cristal templado;Estándar;1,30;;;
HU-Y317-PRO-PRI;Huawei;Y3 2017;Cristal templado;Privacidad;4,00;;;
HU-Y317-FUN-SIL;Huawei;Y3 2017;Funda;Silicona;2,50;;;
HU-Y317-FUN-TPU;Huawei;Y3 2017;Funda;Transparente;2,95;;;
HU-Y317-FUN-LIB;Huawei;Y3 2017;Funda;Libro;3,70;;;
HU-Y317-FUN-ANT;Huawei;Y3 2017;Funda;Antigolpes;3,10;;;
HU-NL-PRO-NA;Huawei;nova lite;Cristal templado;Estándar;1,30;;;
HU-NL-PRO-PRI;Huawei;nova lite;Cristal templado;Privacidad;4,00;;;
HU-NL-FUN-SIL;Huawei;nova lite;Funda;Silicona;2,50;;;
HU-NL-FUN-TPU;Huawei;nova lite;Funda;Transparente;2,95;;;
HU-NL-FUN-LIB;Huawei;nova lite;Funda;Libro;3,70;;;
HU-NL-FUN-ANT;Huawei;nova lite;Funda;Antigolpes;3,10;;;
HU-NLPL-PRO-NA;Huawei;nova lite+;Cristal templado;Estándar;1,30;;;
HU-NLPL-PRO-PRI;Huawei;nova lite+;Cristal templado;Privacidad;4,00;;;
HU-NLPL-FUN-SIL;Huawei;nova lite+;Funda;Silicona;2,50;;;
HU-NLPL-FUN-TPU;Huawei;nova lite+;Funda;Transparente;2,95;;;
HU-NLPL-FUN-LIB;Huawei;nova lite+;Funda;Libro;3,70;;;
HU-NLPL-FUN-ANT;Huawei;nova lite+;Funda;Antigolpes;3,10;;;
HU-Y617-PRO-NA;Huawei;Y6 2017;Cristal templado;Estándar;1,30;;;
HU-Y617-PRO-PRI;Huawei;Y6 2017;Cristal templado;Privacidad;4,00;;;
HU-Y617-FUN-SIL;Huawei;Y6 2017;Funda;Silicona;2,50;;;
HU-Y617-FUN-TPU;Huawei;Y6 2017;Funda;Transparente;2,95;;;
HU-Y617-FUN-LIB;Huawei;Y6 2017;Funda;Libro;3,70;;;
HU-Y617-FUN-ANT;Huawei;Y6 2017;Funda;Antigolpes;3,10;;;
HU-N2-PRO-NA;Huawei;nova 2;Cristal templado;Estándar;1,30;;;
HU-N2-PRO-PRI;Huawei;nova 2;Cristal templado;Privacidad;4,00;;;
HU-N2-FUN-SIL;Huawei;nova 2;Funda;Silicona;2,50;;;
HU-N2-FUN-TPU;Huawei;nova 2;Funda;Transparente;2,95;;;
HU-N2-FUN-LIB;Huawei;nova 2;Funda;Libro;3,70;;;
HU-N2-FUN-ANT;Huawei;nova 2;Funda;Antigolpes;3,10;;;
HU-N2PL-PRO-NA;Huawei;nova 2 Plus;Cristal templado;Estándar;1,30;;;
HU-N2PL-PRO-PRI;Huawei;nova 2 Plus;Cristal templado;Privacidad;4,00;;;
HU-N2PL-FUN-SIL;Huawei;nova 2 Plus;Funda;Silicona;2,50;;;
HU-N2PL-FUN-TPU;Huawei;nova 2 Plus;Funda;Transparente;2,95;;;
HU-N2PL-FUN-LIB;Huawei;nova 2 Plus;Funda;Libro;3,70;;;
HU-N2PL-FUN-ANT;Huawei;nova 2 Plus;Funda;Antigolpes;3,10;;;
HU-Y517-PRO-NA;Huawei;Y5 2017;Cristal templado;Estándar;1,30;;;
HU-Y517-PRO-PRI;Huawei;Y5 2017;Cristal templado;Privacidad;4,00;;;
HU-Y517-FUN-SIL;Huawei;Y5 2017;Funda;Silicona;2,50;;;
HU-Y517-FUN-TPU;Huawei;Y5 2017;Funda;Transparente;2,95;;;
HU-Y517-FUN-LIB;Huawei;Y5 2017;Funda;Libro;3,70;;;
HU-Y517-FUN-ANT;Huawei;Y5 2017;Funda;Antigolpes;3,10;;;
HU-Y7P-PRO-NA;Huawei;Y7 Prime;Cristal templado;Estándar;1,30;;;
HU-Y7P-PRO-PRI;Huawei;Y7 Prime;Cristal templado;Privacidad;4,00;;;
HU-Y7P-FUN-SIL;Huawei;Y7 Prime;Funda;Silicona;2,50;;;
HU-Y7P-FUN-TPU;Huawei;Y7 Prime;Funda;Transparente;2,95;;;
HU-Y7P-FUN-LIB;Huawei;Y7 Prime;Funda;Libro;3,70;;;
HU-Y7P-FUN-ANT;Huawei;Y7 Prime;Funda;Antigolpes;3,10;;;
HU-NS-PRO-NA;Huawei;nova Smart;Cristal templado;Estándar;1,30;;;
HU-NS-PRO-PRI;Huawei;nova Smart;Cristal templado;Privacidad;4,00;;;
HU-NS-FUN-SIL;Huawei;nova Smart;Funda;Silicona;2,50;;;
HU-NS-FUN-TPU;Huawei;nova Smart;Funda;Transparente;2,95;;;
HU-NS-FUN-LIB;Huawei;nova Smart;Funda;Libro;3,70;;;
HU-NS-FUN-ANT;Huawei;nova Smart;Funda;Antigolpes;3,10;;;
HU-Y6IIC-PRO-NA;Huawei;Y6 II Compact;Cristal templado;Estándar;1,30;;;
HU-Y6IIC-PRO-PRI;Huawei;Y6 II Compact;Cristal templado;Privacidad;4,00;;;
HU-Y6IIC-FUN-SIL;Huawei;Y6 II Compact;Funda;Silicona;2,50;;;
HU-Y6IIC-FUN-TPU;Huawei;Y6 II Compact;Funda;Transparente;2,95;;;
HU-Y6IIC-FUN-LIB;Huawei;Y6 II Compact;Funda;Libro;3,70;;;
HU-Y6IIC-FUN-ANT;Huawei;Y6 II Compact;Funda;Antigolpes;3,10;;;
HU-Y6II-PRO-NA;Huawei;Y6 II;Cristal templado;Estándar;1,30;;;
HU-Y6II-PRO-PRI;Huawei;Y6 II;Cristal templado;Privacidad;4,00;;;
HU-Y6II-FUN-SIL;Huawei;Y6 II;Funda;Silicona;2,50;;;
HU-Y6II-FUN-TPU;Huawei;Y6 II;Funda;Transparente;2,95;;;
HU-Y6II-FUN-LIB;Huawei;Y6 II;Funda;Libro;3,70;;;
HU-Y6II-FUN-ANT;Huawei;Y6 II;Funda;Antigolpes;3,10;;;
HU-Y3II-PRO-NA;Huawei;Y3 II;Cristal templado;Estándar;1,30;;;
HU-Y3II-PRO-PRI;Huawei;Y3 II;Cristal templado;Privacidad;4,00;;;
HU-Y3II-FUN-SIL;Huawei;Y3 II;Funda;Silicona;2,50;;;
HU-Y3II-FUN-TPU;Huawei;Y3 II;Funda;Transparente;2,95;;;
HU-Y3II-FUN-LIB;Huawei;Y3 II;Funda;Libro;3,70;;;
HU-Y3II-FUN-ANT;Huawei;Y3 II;Funda;Antigolpes;3,10;;;
HU-Y5II-PRO-NA;Huawei;Y5 II;Cristal templado;Estándar;1,30;;;
HU-Y5II-PRO-PRI;Huawei;Y5 II;Cristal templado;Privacidad;4,00;;;
HU-Y5II-FUN-SIL;Huawei;Y5 II;Funda;Silicona;2,50;;;
HU-Y5II-FUN-TPU;Huawei;Y5 II;Funda;Transparente;2,95;;;
HU-Y5II-FUN-LIB;Huawei;Y5 II;Funda;Libro;3,70;;;
HU-Y5II-FUN-ANT;Huawei;Y5 II;Funda;Antigolpes;3,10;;;
HU-GT3-PRO-NA;Huawei;GT3;Cristal templado;Estándar;1,30;;;
HU-GT3-PRO-PRI;Huawei;GT3;Cristal templado;Privacidad;4,00;;;
HU-GT3-FUN-SIL;Huawei;GT3;Funda;Silicona;2,50;;;
HU-GT3-FUN-TPU;Huawei;GT3;Funda;Transparente;2,95;;;
HU-GT3-FUN-LIB;Huawei;GT3;Funda;Libro;3,70;;;
HU-GT3-FUN-ANT;Huawei;GT3;Funda;Antigolpes;3,10;;;
HU-Y6P-PRO-NA;Huawei;Y6 Pro;Cristal templado;Estándar;1,30;;;
HU-Y6P-PRO-PRI;Huawei;Y6 Pro;Cristal templado;Privacidad;4,00;;;
HU-Y6P-FUN-SIL;Huawei;Y6 Pro;Funda;Silicona;2,50;;;
HU-Y6P-FUN-TPU;Huawei;Y6 Pro;Funda;Transparente;2,95;;;
HU-Y6P-FUN-LIB;Huawei;Y6 Pro;Funda;Libro;3,70;;;
HU-Y6P-FUN-ANT;Huawei;Y6 Pro;Funda;Antigolpes;3,10;;;
HU-GR3-PRO-NA;Huawei;GR3;Cristal templado;Estándar;1,30;;;
HU-GR3-PRO-PRI;Huawei;GR3;Cristal templado;Privacidad;4,00;;;
HU-GR3-FUN-SIL;Huawei;GR3;Funda;Silicona;2,50;;;
HU-GR3-FUN-TPU;Huawei;GR3;Funda;Transparente;2,95;;;
HU-GR3-FUN-LIB;Huawei;GR3;Funda;Libro;3,70;;;
HU-GR3-FUN-ANT;Huawei;GR3;Funda;Antigolpes;3,10;;;
HU-MS-PRO-NA;Huawei;Mate S;Cristal templado;Estándar;1,30;;;
HU-MS-PRO-PRI;Huawei;Mate S;Cristal templado;Privacidad;4,00;;;
HU-MS-FUN-SIL;Huawei;Mate S;Funda;Silicona;2,50;;;
HU-MS-FUN-TPU;Huawei;Mate S;Funda;Transparente;2,95;;;
HU-MS-FUN-LIB;Huawei;Mate S;Funda;Libro;3,70;;;
HU-MS-FUN-ANT;Huawei;Mate S;Funda;Antigolpes;3,10;;;
HU-G8-PRO-NA;Huawei;G8;Cristal templado;Estándar;1,30;;;
HU-G8-PRO-PRI;Huawei;G8;Cristal templado;Privacidad;4,00;;;
HU-G8-FUN-SIL;Huawei;G8;Funda;Silicona;2,50;;;
HU-G8-FUN-TPU;Huawei;G8;Funda;Transparente;2,95;;;
HU-G8-FUN-LIB;Huawei;G8;Funda;Libro;3,70;;;
HU-G8-FUN-ANT;Huawei;G8;Funda;Antigolpes;3,10;;;
HU-Y5C-PRO-NA;Huawei;Y5c;Cristal templado;Estándar;1,30;;;
HU-Y5C-PRO-PRI;Huawei;Y5c;Cristal templado;Privacidad;4,00;;;
HU-Y5C-FUN-SIL;Huawei;Y5c;Funda;Silicona;2,50;;;
HU-Y5C-FUN-TPU;Huawei;Y5c;Funda;Transparente;2,95;;;
HU-Y5C-FUN-LIB;Huawei;Y5c;Funda;Libro;3,70;;;
HU-Y5C-FUN-ANT;Huawei;Y5c;Funda;Antigolpes;3,10;;;
HU-Y6-PRO-NA;Huawei;Y6;Cristal templado;Estándar;1,30;;;
HU-Y6-PRO-PRI;Huawei;Y6;Cristal templado;Privacidad;4,00;;;
HU-Y6-FUN-SIL;Huawei;Y6;Funda;Silicona;2,50;;;
HU-Y6-FUN-TPU;Huawei;Y6;Funda;Transparente;2,95;;;
HU-Y6-FUN-LIB;Huawei;Y6;Funda;Libro;3,70;;;
HU-Y6-FUN-ANT;Huawei;Y6;Funda;Antigolpes;3,10;;;
HU-Y3-PRO-NA;Huawei;Y3;Cristal templado;Estándar;1,30;;;
HU-Y3-PRO-PRI;Huawei;Y3;Cristal templado;Privacidad;4,00;;;
HU-Y3-FUN-SIL;Huawei;Y3;Funda;Silicona;2,50;;;
HU-Y3-FUN-TPU;Huawei;Y3;Funda;Transparente;2,95;;;
HU-Y3-FUN-LIB;Huawei;Y3;Funda;Libro;3,70;;;
HU-Y3-FUN-ANT;Huawei;Y3;Funda;Antigolpes;3,10;;;
HU-Y5-PRO-NA;Huawei;Y5;Cristal templado;Estándar;1,30;;;
HU-Y5-PRO-PRI;Huawei;Y5;Cristal templado;Privacidad;4,00;;;
HU-Y5-FUN-SIL;Huawei;Y5;Funda;Silicona;2,50;;;
HU-Y5-FUN-TPU;Huawei;Y5;Funda;Transparente;2,95;;;
HU-Y5-FUN-LIB;Huawei;Y5;Funda;Libro;3,70;;;
HU-Y5-FUN-ANT;Huawei;Y5;Funda;Antigolpes;3,10;;;
HU-AM7-PRO-NA;Huawei;Ascend Mate 7;Cristal templado;Estándar;1,30;;;
HU-AM7-PRO-PRI;Huawei;Ascend Mate 7;Cristal templado;Privacidad;4,00;;;
HU-AM7-FUN-SIL;Huawei;Ascend Mate 7;Funda;Silicona;2,50;;;
HU-AM7-FUN-TPU;Huawei;Ascend Mate 7;Funda;Transparente;2,95;;;
HU-AM7-FUN-LIB;Huawei;Ascend Mate 7;Funda;Libro;3,70;;;
HU-AM7-FUN-ANT;Huawei;Ascend Mate 7;Funda;Antigolpes;3,10;;;
HU-AG7-PRO-NA;Huawei;Ascend G7;Cristal templado;Estándar;1,30;;;
HU-AG7-PRO-PRI;Huawei;Ascend G7;Cristal templado;Privacidad;4,00;;;
HU-AG7-FUN-SIL;Huawei;Ascend G7;Funda;Silicona;2,50;;;
HU-AG7-FUN-TPU;Huawei;Ascend G7;Funda;Transparente;2,95;;;
HU-AG7-FUN-LIB;Huawei;Ascend G7;Funda;Libro;3,70;;;
HU-AG7-FUN-ANT;Huawei;Ascend G7;Funda;Antigolpes;3,10;;;
HU-AP7-PRO-NA;Huawei;Ascend P7;Cristal templado;Estándar;1,30;;;
HU-AP7-PRO-PRI;Huawei;Ascend P7;Cristal templado;Privacidad;4,00;;;
HU-AP7-FUN-SIL;Huawei;Ascend P7;Funda;Silicona;2,50;;;
HU-AP7-FUN-TPU;Huawei;Ascend P7;Funda;Transparente;2,95;;;
HU-AP7-FUN-LIB;Huawei;Ascend P7;Funda;Libro;3,70;;;
HU-AP7-FUN-ANT;Huawei;Ascend P7;Funda;Antigolpes;3,10;;;
HU-AP7MN-PRO-NA;Huawei;Ascend P7 mini;Cristal templado;Estándar;1,30;;;
HU-AP7MN-PRO-PRI;Huawei;Ascend P7 mini;Cristal templado;Privacidad;4,00;;;
HU-AP7MN-FUN-SIL;Huawei;Ascend P7 mini;Funda;Silicona;2,50;;;
HU-AP7MN-FUN-TPU;Huawei;Ascend P7 mini;Funda;Transparente;2,95;;;
HU-AP7MN-FUN-LIB;Huawei;Ascend P7 mini;Funda;Libro;3,70;;;
HU-AP7MN-FUN-ANT;Huawei;Ascend P7 mini;Funda;Antigolpes;3,10;;;
HU-AY600-PRO-NA;Huawei;Ascend Y600;Cristal templado;Estándar;1,30;;;
HU-AY600-PRO-PRI;Huawei;Ascend Y600;Cristal templado;Privacidad;4,00;;;
HU-AY600-FUN-SIL;Huawei;Ascend Y600;Funda;Silicona;2,50;;;
HU-AY600-FUN-TPU;Huawei;Ascend Y600;Funda;Transparente;2,95;;;
HU-AY600-FUN-LIB;Huawei;Ascend Y600;Funda;Libro;3,70;;;
HU-AY600-FUN-ANT;Huawei;Ascend Y600;Funda;Antigolpes;3,10;;;
HU-AG6-PRO-NA;Huawei;Ascend G6;Cristal templado;Estándar;1,30;;;
HU-AG6-PRO-PRI;Huawei;Ascend G6;Cristal templado;Privacidad;4,00;;;
HU-AG6-FUN-SIL;Huawei;Ascend G6;Funda;Silicona;2,50;;;
HU-AG6-FUN-TPU;Huawei;Ascend G6;Funda;Transparente;2,95;;;
HU-AG6-FUN-LIB;Huawei;Ascend G6;Funda;Libro;3,70;;;
HU-AG6-FUN-ANT;Huawei;Ascend G6;Funda;Antigolpes;3,10;;;
HU-AG64-PRO-NA;Huawei;Ascend G6 4G;Cristal templado;Estándar;1,30;;;
HU-AG64-PRO-PRI;Huawei;Ascend G6 4G;Cristal templado;Privacidad;4,00;;;
HU-AG64-FUN-SIL;Huawei;Ascend G6 4G;Funda;Silicona;2,50;;;
HU-AG64-FUN-TPU;Huawei;Ascend G6 4G;Funda;Transparente;2,95;;;
HU-AG64-FUN-LIB;Huawei;Ascend G6 4G;Funda;Libro;3,70;;;
HU-AG64-FUN-ANT;Huawei;Ascend G6 4G;Funda;Antigolpes;3,10;;;
HU-AY530-PRO-NA;Huawei;Ascend Y530;Cristal templado;Estándar;1,30;;;
HU-AY530-PRO-PRI;Huawei;Ascend Y530;Cristal templado;Privacidad;4,00;;;
HU-AY530-FUN-SIL;Huawei;Ascend Y530;Funda;Silicona;2,50;;;
HU-AY530-FUN-TPU;Huawei;Ascend Y530;Funda;Transparente;2,95;;;
HU-AY530-FUN-LIB;Huawei;Ascend Y530;Funda;Libro;3,70;;;
HU-AY530-FUN-ANT;Huawei;Ascend Y530;Funda;Antigolpes;3,10;;;
HU-AM24-PRO-NA;Huawei;Ascend Mate 2 4G;Cristal templado;Estándar;1,30;;;
HU-AM24-PRO-PRI;Huawei;Ascend Mate 2 4G;Cristal templado;Privacidad;4,00;;;
HU-AM24-FUN-SIL;Huawei;Ascend Mate 2 4G;Funda;Silicona;2,50;;;
HU-AM24-FUN-TPU;Huawei;Ascend Mate 2 4G;Funda;Transparente;2,95;;;
HU-AM24-FUN-LIB;Huawei;Ascend Mate 2 4G;Funda;Libro;3,70;;;
HU-AM24-FUN-ANT;Huawei;Ascend Mate 2 4G;Funda;Antigolpes;3,10;;;
HU-PAL-PRO-NA;Huawei;Pal;Cristal templado;Estándar;1,30;;;
HU-PAL-PRO-PRI;Huawei;Pal;Cristal templado;Privacidad;4,00;;;
HU-PAL-FUN-SIL;Huawei;Pal;Funda;Silicona;2,50;;;
HU-PAL-FUN-TPU;Huawei;Pal;Funda;Transparente;2,95;;;
HU-PAL-FUN-LIB;Huawei;Pal;Funda;Libro;3,70;;;
HU-PAL-FUN-ANT;Huawei;Pal;Funda;Antigolpes;3,10;;;
HU-AW2-PRO-NA;Huawei;Ascend W2;Cristal templado;Estándar;1,30;;;
HU-AW2-PRO-PRI;Huawei;Ascend W2;Cristal templado;Privacidad;4,00;;;
HU-AW2-FUN-SIL;Huawei;Ascend W2;Funda;Silicona;2,50;;;
HU-AW2-FUN-TPU;Huawei;Ascend W2;Funda;Transparente;2,95;;;
HU-AW2-FUN-LIB;Huawei;Ascend W2;Funda;Libro;3,70;;;
HU-AW2-FUN-ANT;Huawei;Ascend W2;Funda;Antigolpes;3,10;;;
HU-AP6-PRO-NA;Huawei;Ascend P6;Cristal templado;Estándar;1,30;;;
HU-AP6-PRO-PRI;Huawei;Ascend P6;Cristal templado;Privacidad;4,00;;;
HU-AP6-FUN-SIL;Huawei;Ascend P6;Funda;Silicona;2,50;;;
HU-AP6-FUN-TPU;Huawei;Ascend P6;Funda;Transparente;2,95;;;
HU-AP6-FUN-LIB;Huawei;Ascend P6;Funda;Libro;3,70;;;
HU-AP6-FUN-ANT;Huawei;Ascend P6;Funda;Antigolpes;3,10;;;
HU-AP2-PRO-NA;Huawei;Ascend P2;Cristal templado;Estándar;1,30;;;
HU-AP2-PRO-PRI;Huawei;Ascend P2;Cristal templado;Privacidad;4,00;;;
HU-AP2-FUN-SIL;Huawei;Ascend P2;Funda;Silicona;2,50;;;
HU-AP2-FUN-TPU;Huawei;Ascend P2;Funda;Transparente;2,95;;;
HU-AP2-FUN-LIB;Huawei;Ascend P2;Funda;Libro;3,70;;;
HU-AP2-FUN-ANT;Huawei;Ascend P2;Funda;Antigolpes;3,10;;;
HU-AM-PRO-NA;Huawei;Ascend Mate;Cristal templado;Estándar;1,30;;;
HU-AM-PRO-PRI;Huawei;Ascend Mate;Cristal templado;Privacidad;4,00;;;
HU-AM-FUN-SIL;Huawei;Ascend Mate;Funda;Silicona;2,50;;;
HU-AM-FUN-TPU;Huawei;Ascend Mate;Funda;Transparente;2,95;;;
HU-AM-FUN-LIB;Huawei;Ascend Mate;Funda;Libro;3,70;;;
HU-AM-FUN-ANT;Huawei;Ascend Mate;Funda;Antigolpes;3,10;;;
HU-AY300-PRO-NA;Huawei;Ascend Y300;Cristal templado;Estándar;1,30;;;
HU-AY300-PRO-PRI;Huawei;Ascend Y300;Cristal templado;Privacidad;4,00;;;
HU-AY300-FUN-SIL;Huawei;Ascend Y300;Funda;Silicona;2,50;;;
HU-AY300-FUN-TPU;Huawei;Ascend Y300;Funda;Transparente;2,95;;;
HU-AY300-FUN-LIB;Huawei;Ascend Y300;Funda;Libro;3,70;;;
HU-AY300-FUN-ANT;Huawei;Ascend Y300;Funda;Antigolpes;3,10;;;
HU-SXGL07S-PRO-NA;Huawei;STREAM X GL07S;Cristal templado;Estándar;1,30;;;
HU-SXGL07S-PRO-NA-FG;Huawei;STREAM X GL07S;Cristal templado;UV full glue;4,15;;;
HU-SXGL07S-PRO-PRI;Huawei;STREAM X GL07S;Cristal templado;Privacidad;4,00;;;
HU-SXGL07S-FUN-SIL;Huawei;STREAM X GL07S;Funda;Silicona;2,50;;;
HU-SXGL07S-FUN-TPU;Huawei;STREAM X GL07S;Funda;Transparente;2,95;;;
HU-SXGL07S-FUN-LIB;Huawei;STREAM X GL07S;Funda;Libro;3,70;;;
HU-SXGL07S-FUN-ANT;Huawei;STREAM X GL07S;Funda;Antigolpes;3,10;;;
HU-4AFRIKA-PRO-NA;Huawei;4Afrika;Cristal templado;Estándar;1,30;;;
HU-4AFRIKA-PRO-PRI;Huawei;4Afrika;Cristal templado;Privacidad;4,00;;;
HU-4AFRIKA-FUN-SIL;Huawei;4Afrika;Funda;Silicona;2,50;;;
HU-4AFRIKA-FUN-TPU;Huawei;4Afrika;Funda;Transparente;2,95;;;
HU-4AFRIKA-FUN-LIB;Huawei;4Afrika;Funda;Libro;3,70;;;
HU-4AFRIKA-FUN-ANT;Huawei;4Afrika;Funda;Antigolpes;3,10;;;
HU-AW1-PRO-NA;Huawei;Ascend W1;Cristal templado;Estándar;1,30;;;
HU-AW1-PRO-PRI;Huawei;Ascend W1;Cristal templado;Privacidad;4,00;;;
HU-AW1-FUN-SIL;Huawei;Ascend W1;Funda;Silicona;2,50;;;
HU-AW1-FUN-TPU;Huawei;Ascend W1;Funda;Transparente;2,95;;;
HU-AW1-FUN-LIB;Huawei;Ascend W1;Funda;Libro;3,70;;;
HU-AW1-FUN-ANT;Huawei;Ascend W1;Funda;Antigolpes;3,10;;;
HU-AG330-PRO-NA;Huawei;Ascend G330;Cristal templado;Estándar;1,30;;;
HU-AG330-PRO-PRI;Huawei;Ascend G330;Cristal templado;Privacidad;4,00;;;
HU-AG330-FUN-SIL;Huawei;Ascend G330;Funda;Silicona;2,50;;;
HU-AG330-FUN-TPU;Huawei;Ascend G330;Funda;Transparente;2,95;;;
HU-AG330-FUN-LIB;Huawei;Ascend G330;Funda;Libro;3,70;;;
HU-AG330-FUN-ANT;Huawei;Ascend G330;Funda;Antigolpes;3,10;;;
HU-AP1-PRO-NA;Huawei;Ascend P1;Cristal templado;Estándar;1,30;;;
HU-AP1-PRO-PRI;Huawei;Ascend P1;Cristal templado;Privacidad;4,00;;;
HU-AP1-FUN-SIL;Huawei;Ascend P1;Funda;Silicona;2,50;;;
HU-AP1-FUN-TPU;Huawei;Ascend P1;Funda;Transparente;2,95;;;
HU-AP1-FUN-LIB;Huawei;Ascend P1;Funda;Libro;3,70;;;
HU-AP1-FUN-ANT;Huawei;Ascend P1;Funda;Antigolpes;3,10;;;
HU-AG300-PRO-NA;Huawei;Ascend G300;Cristal templado;Estándar;1,30;;;
HU-AG300-PRO-PRI;Huawei;Ascend G300;Cristal templado;Privacidad;4,00;;;
HU-AG300-FUN-SIL;Huawei;Ascend G300;Funda;Silicona;2,50;;;
HU-AG300-FUN-TPU;Huawei;Ascend G300;Funda;Transparente;2,95;;;
HU-AG300-FUN-LIB;Huawei;Ascend G300;Funda;Libro;3,70;;;
HU-AG300-FUN-ANT;Huawei;Ascend G300;Funda;Antigolpes;3,10;;;
HU-AG312-PRO-NA;Huawei;Ascend G312;Cristal templado;Estándar;1,30;;;
HU-AG312-PRO-PRI;Huawei;Ascend G312;Cristal templado;Privacidad;4,00;;;
HU-AG312-FUN-SIL;Huawei;Ascend G312;Funda;Silicona;2,50;;;
HU-AG312-FUN-TPU;Huawei;Ascend G312;Funda;Transparente;2,95;;;
HU-AG312-FUN-LIB;Huawei;Ascend G312;Funda;Libro;3,70;;;
HU-AG312-FUN-ANT;Huawei;Ascend G312;Funda;Antigolpes;3,10;;;
HU-AY330-PRO-NA;Huawei;Ascend Y330;Cristal templado;Estándar;1,30;;;
HU-AY330-PRO-PRI;Huawei;Ascend Y330;Cristal templado;Privacidad;4,00;;;
HU-AY330-FUN-SIL;Huawei;Ascend Y330;Funda;Silicona;2,50;;;
HU-AY330-FUN-TPU;Huawei;Ascend Y330;Funda;Transparente;2,95;;;
HU-AY330-FUN-LIB;Huawei;Ascend Y330;Funda;Libro;3,70;;;
HU-AY330-FUN-ANT;Huawei;Ascend Y330;Funda;Antigolpes;3,10;;;
HU-M10P-PRO-NA;Huawei;Mate 10 Pro;Cristal templado;Estándar;1,30;;;
HU-M10P-PRO-NA-FG;Huawei;Mate 10 Pro;Cristal templado;UV full glue;4,15;;;
HU-M10P-PRO-PRI;Huawei;Mate 10 Pro;Cristal templado;Privacidad;4,00;;;
HU-M10P-FUN-SIL;Huawei;Mate 10 Pro;Funda;Silicona;2,50;;;
HU-M10P-FUN-TPU;Huawei;Mate 10 Pro;Funda;Transparente;2,95;;;
HU-M10P-FUN-LIB;Huawei;Mate 10 Pro;Funda;Libro;3,70;;;
HU-M10P-FUN-ANT;Huawei;Mate 10 Pro;Funda;Antigolpes;3,10;;;
HU-M20RS-PRO-NA;Huawei;Mate 20 RS;Cristal templado;Estándar;1,30;;;
HU-M20RS-PRO-PRI;Huawei;Mate 20 RS;Cristal templado;Privacidad;4,00;;;
HU-M20RS-FUN-SIL;Huawei;Mate 20 RS;Funda;Silicona;2,50;;;
HU-M20RS-FUN-TPU;Huawei;Mate 20 RS;Funda;Transparente;2,95;;;
HU-M20RS-FUN-LIB;Huawei;Mate 20 RS;Funda;Libro;3,70;;;
HU-M20RS-FUN-ANT;Huawei;Mate 20 RS;Funda;Antigolpes;3,10;;;
HU-M9L-PRO-NA;Huawei;Mate 9 lite;Cristal templado;Estándar;1,30;;;
HU-M9L-PRO-PRI;Huawei;Mate 9 lite;Cristal templado;Privacidad;4,00;;;
HU-M9L-FUN-SIL;Huawei;Mate 9 lite;Funda;Silicona;2,50;;;
HU-M9L-FUN-TPU;Huawei;Mate 9 lite;Funda;Transparente;2,95;;;
HU-M9L-FUN-LIB;Huawei;Mate 9 lite;Funda;Libro;3,70;;;
HU-M9L-FUN-ANT;Huawei;Mate 9 lite;Funda;Antigolpes;3,10;;;
HU-M9P-PRO-NA;Huawei;Mate 9 Pro;Cristal templado;Estándar;1,30;;;
HU-M9P-PRO-NA-FG;Huawei;Mate 9 Pro;Cristal templado;UV full glue;4,15;;;
HU-M9P-PRO-PRI;Huawei;Mate 9 Pro;Cristal templado;Privacidad;4,00;;;
HU-M9P-FUN-SIL;Huawei;Mate 9 Pro;Funda;Silicona;2,50;;;
HU-M9P-FUN-TPU;Huawei;Mate 9 Pro;Funda;Transparente;2,95;;;
HU-M9P-FUN-LIB;Huawei;Mate 9 Pro;Funda;Libro;3,70;;;
HU-M9P-FUN-ANT;Huawei;Mate 9 Pro;Funda;Antigolpes;3,10;;;
HU-P20P-PRO-NA;Huawei;P20 Pro;Cristal templado;Estándar;1,30;;;
HU-P20P-PRO-NA-FG;Huawei;P20 Pro;Cristal templado;UV full glue;4,15;;;
HU-P20P-PRO-PRI;Huawei;P20 Pro;Cristal templado;Privacidad;4,00;;;
HU-P20P-FUN-SIL;Huawei;P20 Pro;Funda;Silicona;2,50;;;
HU-P20P-FUN-TPU;Huawei;P20 Pro;Funda;Transparente;2,95;;;
HU-P20P-FUN-LIB;Huawei;P20 Pro;Funda;Libro;3,70;;;
HU-P20P-FUN-ANT;Huawei;P20 Pro;Funda;Antigolpes;3,10;;;
HU-P8M-PRO-NA;Huawei;P8 max;Cristal templado;Estándar;1,30;;;
HU-P8M-PRO-PRI;Huawei;P8 max;Cristal templado;Privacidad;4,00;;;
HU-P8M-FUN-SIL;Huawei;P8 max;Funda;Silicona;2,50;;;
HU-P8M-FUN-TPU;Huawei;P8 max;Funda;Transparente;2,95;;;
HU-P8M-FUN-LIB;Huawei;P8 max;Funda;Libro;3,70;;;
HU-P8M-FUN-ANT;Huawei;P8 max;Funda;Antigolpes;3,10;;;
HU-P9LP-PRO-NA;Huawei;P9 lite PREMIUM;Cristal templado;Estándar;1,30;;;
HU-P9LP-PRO-PRI;Huawei;P9 lite PREMIUM;Cristal templado;Privacidad;4,00;;;
HU-P9LP-FUN-SIL;Huawei;P9 lite PREMIUM;Funda;Silicona;2,50;;;
HU-P9LP-FUN-TPU;Huawei;P9 lite PREMIUM;Funda;Transparente;2,95;;;
HU-P9LP-FUN-LIB;Huawei;P9 lite PREMIUM;Funda;Libro;3,70;;;
HU-P9LP-FUN-ANT;Huawei;P9 lite PREMIUM;Funda;Antigolpes;3,10;;;
HU-P9LS-PRO-NA;Huawei;P9 lite smart;Cristal templado;Estándar;1,30;;;
HU-P9LS-PRO-PRI;Huawei;P9 lite smart;Cristal templado;Privacidad;4,00;;;
HU-P9LS-FUN-SIL;Huawei;P9 lite smart;Funda;Silicona;2,50;;;
HU-P9LS-FUN-TPU;Huawei;P9 lite smart;Funda;Transparente;2,95;;;
HU-P9LS-FUN-LIB;Huawei;P9 lite smart;Funda;Libro;3,70;;;
HU-P9LS-FUN-ANT;Huawei;P9 lite smart;Funda;Antigolpes;3,10;;;
HU-P9PL-PRO-NA;Huawei;P9 Plus;Cristal templado;Estándar;1,30;;;
HU-P9PL-PRO-PRI;Huawei;P9 Plus;Cristal templado;Privacidad;4,00;;;
HU-P9PL-FUN-SIL;Huawei;P9 Plus;Funda;Silicona;2,50;;;
HU-P9PL-FUN-TPU;Huawei;P9 Plus;Funda;Transparente;2,95;;;
HU-P9PL-FUN-LIB;Huawei;P9 Plus;Funda;Libro;3,70;;;
HU-P9PL-FUN-ANT;Huawei;P9 Plus;Funda;Antigolpes;3,10;;;
HU-Y6E-PRO-NA;Huawei;Y6 Elite;Cristal templado;Estándar;1,30;;;
HU-Y6E-PRO-PRI;Huawei;Y6 Elite;Cristal templado;Privacidad;4,00;;;
HU-Y6E-FUN-SIL;Huawei;Y6 Elite;Funda;Silicona;2,50;;;
HU-Y6E-FUN-TPU;Huawei;Y6 Elite;Funda;Transparente;2,95;;;
HU-Y6E-FUN-LIB;Huawei;Y6 Elite;Funda;Libro;3,70;;;
HU-Y6E-FUN-ANT;Huawei;Y6 Elite;Funda;Antigolpes;3,10;;;
HU-P8-PRO-NA;Huawei;P8;Cristal templado;Estándar;1,30;;;
HU-P8-PRO-PRI;Huawei;P8;Cristal templado;Privacidad;4,00;;;
HU-P8-FUN-SIL;Huawei;P8;Funda;Silicona;2,50;;;
HU-P8-FUN-TPU;Huawei;P8;Funda;Transparente;2,95;;;
HU-P8-FUN-LIB;Huawei;P8;Funda;Libro;3,70;;;
HU-P8-FUN-ANT;Huawei;P8;Funda;Antigolpes;3,10;;;
HU-P8L-PRO-NA;Huawei;P8 lite;Cristal templado;Estándar;1,30;;;
HU-P8L-PRO-PRI;Huawei;P8 lite;Cristal templado;Privacidad;4,00;;;
HU-P8L-FUN-SIL;Huawei;P8 lite;Funda;Silicona;2,50;;;
HU-P8L-FUN-TPU;Huawei;P8 lite;Funda;Transparente;2,95;;;
HU-P8L-FUN-LIB;Huawei;P8 lite;Funda;Libro;3,70;;;
HU-P8L-FUN-ANT;Huawei;P8 lite;Funda;Antigolpes;3,10;;;
HU-M8-PRO-NA;Huawei;Mate 8;Cristal templado;Estándar;1,30;;;
HU-M8-PRO-PRI;Huawei;Mate 8;Cristal templado;Privacidad;4,00;;;
HU-M8-FUN-SIL;Huawei;Mate 8;Funda;Silicona;2,50;;;
HU-M8-FUN-TPU;Huawei;Mate 8;Funda;Transparente;2,95;;;
HU-M8-FUN-LIB;Huawei;Mate 8;Funda;Libro;3,70;;;
HU-M8-FUN-ANT;Huawei;Mate 8;Funda;Antigolpes;3,10;;;
HU-P9-PRO-NA;Huawei;P9;Cristal templado;Estándar;1,30;;;
HU-P9-PRO-PRI;Huawei;P9;Cristal templado;Privacidad;4,00;;;
HU-P9-FUN-SIL;Huawei;P9;Funda;Silicona;2,50;;;
HU-P9-FUN-TPU;Huawei;P9;Funda;Transparente;2,95;;;
HU-P9-FUN-LIB;Huawei;P9;Funda;Libro;3,70;;;
HU-P9-FUN-ANT;Huawei;P9;Funda;Antigolpes;3,10;;;
HU-P9L-PRO-NA;Huawei;P9 lite;Cristal templado;Estándar;1,30;;;
HU-P9L-PRO-PRI;Huawei;P9 lite;Cristal templado;Privacidad;4,00;;;
HU-P9L-FUN-SIL;Huawei;P9 lite;Funda;Silicona;2,50;;;
HU-P9L-FUN-TPU;Huawei;P9 lite;Funda;Transparente;2,95;;;
HU-P9L-FUN-LIB;Huawei;P9 lite;Funda;Libro;3,70;;;
HU-P9L-FUN-ANT;Huawei;P9 lite;Funda;Antigolpes;3,10;;;
HU-N-PRO-NA;Huawei;nova;Cristal templado;Estándar;1,30;;;
HU-N-PRO-PRI;Huawei;nova;Cristal templado;Privacidad;4,00;;;
HU-N-FUN-SIL;Huawei;nova;Funda;Silicona;2,50;;;
HU-N-FUN-TPU;Huawei;nova;Funda;Transparente;2,95;;;
HU-N-FUN-LIB;Huawei;nova;Funda;Libro;3,70;;;
HU-N-FUN-ANT;Huawei;nova;Funda;Antigolpes;3,10;;;
HU-NPL-PRO-NA;Huawei;nova plus;Cristal templado;Estándar;1,30;;;
HU-NPL-PRO-PRI;Huawei;nova plus;Cristal templado;Privacidad;4,00;;;
HU-NPL-FUN-SIL;Huawei;nova plus;Funda;Silicona;2,50;;;
HU-NPL-FUN-TPU;Huawei;nova plus;Funda;Transparente;2,95;;;
HU-NPL-FUN-LIB;Huawei;nova plus;Funda;Libro;3,70;;;
HU-NPL-FUN-ANT;Huawei;nova plus;Funda;Antigolpes;3,10;;;
HU-M9-PRO-NA;Huawei;Mate 9;Cristal templado;Estándar;1,30;;;
HU-M9-PRO-PRI;Huawei;Mate 9;Cristal templado;Privacidad;4,00;;;
HU-M9-FUN-SIL;Huawei;Mate 9;Funda;Silicona;2,50;;;
HU-M9-FUN-TPU;Huawei;Mate 9;Funda;Transparente;2,95;;;
HU-M9-FUN-LIB;Huawei;Mate 9;Funda;Libro;3,70;;;
HU-M9-FUN-ANT;Huawei;Mate 9;Funda;Antigolpes;3,10;;;
HU-P8L17-PRO-NA;Huawei;P8 lite 2017;Cristal templado;Estándar;1,30;;;
HU-P8L17-PRO-PRI;Huawei;P8 lite 2017;Cristal templado;Privacidad;4,00;;;
HU-P8L17-FUN-SIL;Huawei;P8 lite 2017;Funda;Silicona;2,50;;;
HU-P8L17-FUN-TPU;Huawei;P8 lite 2017;Funda;Transparente;2,95;;;
HU-P8L17-FUN-LIB;Huawei;P8 lite 2017;Funda;Libro;3,70;;;
HU-P8L17-FUN-ANT;Huawei;P8 lite 2017;Funda;Antigolpes;3,10;;;
HU-P10-PRO-NA;Huawei;P10;Cristal templado;Estándar;1,30;;;
HU-P10-PRO-PRI;Huawei;P10;Cristal templado;Privacidad;4,00;;;
HU-P10-FUN-SIL;Huawei;P10;Funda;Silicona;2,50;;;
HU-P10-FUN-TPU;Huawei;P10;Funda;Transparente;2,95;;;
HU-P10-FUN-LIB;Huawei;P10;Funda;Libro;3,70;;;
HU-P10-FUN-ANT;Huawei;P10;Funda;Antigolpes;3,10;;;
HU-P10L-PRO-NA;Huawei;P10 lite;Cristal templado;Estándar;1,30;;;
HU-P10L-PRO-PRI;Huawei;P10 lite;Cristal templado;Privacidad;4,00;;;
HU-P10L-FUN-SIL;Huawei;P10 lite;Funda;Silicona;2,50;;;
HU-P10L-FUN-TPU;Huawei;P10 lite;Funda;Transparente;2,95;;;
HU-P10L-FUN-LIB;Huawei;P10 lite;Funda;Libro;3,70;;;
HU-P10L-FUN-ANT;Huawei;P10 lite;Funda;Antigolpes;3,10;;;
HU-P10PL-PRO-NA;Huawei;P10 Plus;Cristal templado;Estándar;1,30;;;
HU-P10PL-PRO-PRI;Huawei;P10 Plus;Cristal templado;Privacidad;4,00;;;
HU-P10PL-FUN-SIL;Huawei;P10 Plus;Funda;Silicona;2,50;;;
HU-P10PL-FUN-TPU;Huawei;P10 Plus;Funda;Transparente;2,95;;;
HU-P10PL-FUN-LIB;Huawei;P10 Plus;Funda;Libro;3,70;;;
HU-P10PL-FUN-ANT;Huawei;P10 Plus;Funda;Antigolpes;3,10;;;
HU-Y6P17-PRO-NA;Huawei;Y6 Pro 2017;Cristal templado;Estándar;1,30;;;
HU-Y6P17-PRO-PRI;Huawei;Y6 Pro 2017;Cristal templado;Privacidad;4,00;;;
HU-Y6P17-FUN-SIL;Huawei;Y6 Pro 2017;Funda;Silicona;2,50;;;
HU-Y6P17-FUN-TPU;Huawei;Y6 Pro 2017;Funda;Transparente;2,95;;;
HU-Y6P17-FUN-LIB;Huawei;Y6 Pro 2017;Funda;Libro;3,70;;;
HU-Y6P17-FUN-ANT;Huawei;Y6 Pro 2017;Funda;Antigolpes;3,10;;;
HU-PS-PRO-NA;Huawei;P smart;Cristal templado;Estándar;1,30;;;
HU-PS-PRO-PRI;Huawei;P smart;Cristal templado;Privacidad;4,00;;;
HU-PS-FUN-SIL;Huawei;P smart;Funda;Silicona;2,50;;;
HU-PS-FUN-TPU;Huawei;P smart;Funda;Transparente;2,95;;;
HU-PS-FUN-LIB;Huawei;P smart;Funda;Libro;3,70;;;
HU-PS-FUN-ANT;Huawei;P smart;Funda;Antigolpes;3,10;;;
HU-Y718-PRO-NA;Huawei;Y7 2018;Cristal templado;Estándar;1,30;;;
HU-Y718-PRO-PRI;Huawei;Y7 2018;Cristal templado;Privacidad;4,00;;;
HU-Y718-FUN-SIL;Huawei;Y7 2018;Funda;Silicona;2,50;;;
HU-Y718-FUN-TPU;Huawei;Y7 2018;Funda;Transparente;2,95;;;
HU-Y718-FUN-LIB;Huawei;Y7 2018;Funda;Libro;3,70;;;
HU-Y718-FUN-ANT;Huawei;Y7 2018;Funda;Antigolpes;3,10;;;
HU-Y618-PRO-NA;Huawei;Y6 2018;Cristal templado;Estándar;1,30;;;
HU-Y618-PRO-PRI;Huawei;Y6 2018;Cristal templado;Privacidad;4,00;;;
HU-Y618-FUN-SIL;Huawei;Y6 2018;Funda;Silicona;2,50;;;
HU-Y618-FUN-TPU;Huawei;Y6 2018;Funda;Transparente;2,95;;;
HU-Y618-FUN-LIB;Huawei;Y6 2018;Funda;Libro;3,70;;;
HU-Y618-FUN-ANT;Huawei;Y6 2018;Funda;Antigolpes;3,10;;;
HU-Y518-PRO-NA;Huawei;Y5 2018;Cristal templado;Estándar;1,30;;;
HU-Y518-PRO-PRI;Huawei;Y5 2018;Cristal templado;Privacidad;4,00;;;
HU-Y518-FUN-SIL;Huawei;Y5 2018;Funda;Silicona;2,50;;;
HU-Y518-FUN-TPU;Huawei;Y5 2018;Funda;Transparente;2,95;;;
HU-Y518-FUN-LIB;Huawei;Y5 2018;Funda;Libro;3,70;;;
HU-Y518-FUN-ANT;Huawei;Y5 2018;Funda;Antigolpes;3,10;;;
HU-PSPL-PRO-NA;Huawei;P smart+;Cristal templado;Estándar;1,30;;;
HU-PSPL-PRO-PRI;Huawei;P smart+;Cristal templado;Privacidad;4,00;;;
HU-PSPL-FUN-SIL;Huawei;P smart+;Funda;Silicona;2,50;;;
HU-PSPL-FUN-TPU;Huawei;P smart+;Funda;Transparente;2,95;;;
HU-PSPL-FUN-LIB;Huawei;P smart+;Funda;Libro;3,70;;;
HU-PSPL-FUN-ANT;Huawei;P smart+;Funda;Antigolpes;3,10;;;
HU-M20X5-PRO-NA;Huawei;Mate 20 X 5G;Cristal templado;Estándar;1,30;;;
HU-M20X5-PRO-NA-FG;Huawei;Mate 20 X 5G;Cristal templado;UV full glue;4,15;;;
HU-M20X5-PRO-PRI;Huawei;Mate 20 X 5G;Cristal templado;Privacidad;4,00;;;
HU-M20X5-FUN-SIL;Huawei;Mate 20 X 5G;Funda;Silicona;2,50;;;
HU-M20X5-FUN-TPU;Huawei;Mate 20 X 5G;Funda;Transparente;2,95;;;
HU-M20X5-FUN-LIB;Huawei;Mate 20 X 5G;Funda;Libro;3,70;;;
HU-M20X5-FUN-ANT;Huawei;Mate 20 X 5G;Funda;Antigolpes;3,10;;;
HU-M20X5-PCA-NA;Huawei;Mate 20 X 5G;Protector de cámara;Cristal;2,90;;;
HU-N8I-PRO-NA;Huawei;nova 8i;Cristal templado;Estándar;1,30;;;
HU-N8I-PRO-PRI;Huawei;nova 8i;Cristal templado;Privacidad;4,00;;;
HU-N8I-FUN-SIL;Huawei;nova 8i;Funda;Silicona;2,50;;;
HU-N8I-FUN-TPU;Huawei;nova 8i;Funda;Transparente;2,95;;;
HU-N8I-FUN-LIB;Huawei;nova 8i;Funda;Libro;3,70;;;
HU-N8I-FUN-ANT;Huawei;nova 8i;Funda;Antigolpes;3,10;;;
HU-N8I-PCA-NA;Huawei;nova 8i;Protector de cámara;Cristal;2,90;;;
HU-MXS2-PRO-NA;Huawei;Mate Xs 2;Cristal templado;Estándar;1,30;;;
HU-MXS2-FUN-SIL;Huawei;Mate Xs 2;Funda;Silicona;2,50;;;
HU-MXS2-FUN-TPU;Huawei;Mate Xs 2;Funda;Transparente;2,95;;;
HU-MXS2-PCA-NA;Huawei;Mate Xs 2;Protector de cámara;Cristal;2,90;;;
HU-N11P-PRO-NA;Huawei;nova 11 Pro;Cristal templado;Estándar;1,30;;;
HU-N11P-PRO-PRI;Huawei;nova 11 Pro;Cristal templado;Privacidad;4,00;;;
HU-N11P-FUN-SIL;Huawei;nova 11 Pro;Funda;Silicona;2,50;;;
HU-N11P-FUN-TPU;Huawei;nova 11 Pro;Funda;Transparente;2,95;;;
HU-N11P-FUN-LIB;Huawei;nova 11 Pro;Funda;Libro;3,70;;;
HU-N11P-FUN-ANT;Huawei;nova 11 Pro;Funda;Antigolpes;3,10;;;
HU-N11P-PCA-NA;Huawei;nova 11 Pro;Protector de cámara;Cristal;2,90;;;
HU-N11I-PRO-NA;Huawei;nova 11i;Cristal templado;Estándar;1,30;;;
HU-N11I-PRO-PRI;Huawei;nova 11i;Cristal templado;Privacidad;4,00;;;
HU-N11I-FUN-SIL;Huawei;nova 11i;Funda;Silicona;2,50;;;
HU-N11I-FUN-TPU;Huawei;nova 11i;Funda;Transparente;2,95;;;
HU-N11I-FUN-LIB;Huawei;nova 11i;Funda;Libro;3,70;;;
HU-N11I-FUN-ANT;Huawei;nova 11i;Funda;Antigolpes;3,10;;;
HU-N11I-PCA-NA;Huawei;nova 11i;Protector de cámara;Cristal;2,90;;;
HU-N12SE-PRO-NA;Huawei;nova 12 SE;Cristal templado;Estándar;1,30;;;
HU-N12SE-PRO-PRI;Huawei;nova 12 SE;Cristal templado;Privacidad;4,00;;;
HU-N12SE-FUN-SIL;Huawei;nova 12 SE;Funda;Silicona;2,50;;;
HU-N12SE-FUN-TPU;Huawei;nova 12 SE;Funda;Transparente;2,95;;;
HU-N12SE-FUN-LIB;Huawei;nova 12 SE;Funda;Libro;3,70;;;
HU-N12SE-FUN-ANT;Huawei;nova 12 SE;Funda;Antigolpes;3,10;;;
HU-N12SE-PCA-NA;Huawei;nova 12 SE;Protector de cámara;Cristal;2,90;;;
HU-N12S-PRO-NA;Huawei;nova 12s;Cristal templado;Estándar;1,30;;;
HU-N12S-PRO-PRI;Huawei;nova 12s;Cristal templado;Privacidad;4,00;;;
HU-N12S-FUN-SIL;Huawei;nova 12s;Funda;Silicona;2,50;;;
HU-N12S-FUN-TPU;Huawei;nova 12s;Funda;Transparente;2,95;;;
HU-N12S-FUN-LIB;Huawei;nova 12s;Funda;Libro;3,70;;;
HU-N12S-FUN-ANT;Huawei;nova 12s;Funda;Antigolpes;3,10;;;
HU-N12S-PCA-NA;Huawei;nova 12s;Protector de cámara;Cristal;2,90;;;
HU-N14P-PRO-NA;Huawei;nova 14 Pro;Cristal templado;Estándar;1,30;;;
HU-N14P-PRO-PRI;Huawei;nova 14 Pro;Cristal templado;Privacidad;4,00;;;
HU-N14P-FUN-SIL;Huawei;nova 14 Pro;Funda;Silicona;2,50;;;
HU-N14P-FUN-TPU;Huawei;nova 14 Pro;Funda;Transparente;2,95;;;
HU-N14P-FUN-LIB;Huawei;nova 14 Pro;Funda;Libro;3,70;;;
HU-N14P-FUN-ANT;Huawei;nova 14 Pro;Funda;Antigolpes;3,10;;;
HU-N14P-PCA-NA;Huawei;nova 14 Pro;Protector de cámara;Cristal;2,90;;;
HU-MX7-PRO-NA;Huawei;Mate X7;Cristal templado;Estándar;1,30;;;
HU-MX7-FUN-SIL;Huawei;Mate X7;Funda;Silicona;2,50;;;
HU-MX7-FUN-TPU;Huawei;Mate X7;Funda;Transparente;2,95;;;
HU-MX7-PCA-NA;Huawei;Mate X7;Protector de cámara;Cristal;2,90;;;
HU-P30-MAR-COM;Huawei;P30;Marco / chasis;Compatible;7,40;;;6
HU-P30-BOT-COM;Huawei;P30;Botones laterales;Compatible;3,80;;;6
HU-P30-CRI-COM;Huawei;P30;Cristal de pantalla;Compatible;3,79;;;6
HU-P30-FPR-COM;Huawei;P30;Flex principal;Compatible;3,10;;;6
HU-P30-VIB-COM;Huawei;P30;Vibrador;Compatible;3,65;;;6
HU-P30-ANT-COM;Huawei;P30;Antena / coaxial;Compatible;3,29;;;6
HU-P30-HUE-COM;Huawei;P30;Botón home / huella;Compatible;5,45;;;6
HU-P30P-MAR-COM;Huawei;P30 Pro;Marco / chasis;Compatible;8,80;;;6
HU-P30P-BOT-COM;Huawei;P30 Pro;Botones laterales;Compatible;4,50;;;6
HU-P30P-CRI-COM;Huawei;P30 Pro;Cristal de pantalla;Compatible;4,50;;;6
HU-P30P-FPR-COM;Huawei;P30 Pro;Flex principal;Compatible;3,70;;;6
HU-P30P-VIB-COM;Huawei;P30 Pro;Vibrador;Compatible;4,35;;;6
HU-P30P-ANT-COM;Huawei;P30 Pro;Antena / coaxial;Compatible;3,90;;;6
HU-P30P-HUE-COM;Huawei;P30 Pro;Botón home / huella;Compatible;6,50;;;6
HU-P30P-NFC-COM;Huawei;P30 Pro;NFC y carga inalámbrica;Compatible;8,75;;;6
HU-P30L-MAR-COM;Huawei;P30 lite;Marco / chasis;Compatible;6,49;;;6
HU-P30L-BOT-COM;Huawei;P30 lite;Botones laterales;Compatible;3,35;;;6
HU-P30L-CRI-COM;Huawei;P30 lite;Cristal de pantalla;Compatible;3,30;;;6
HU-P30L-FPR-COM;Huawei;P30 lite;Flex principal;Compatible;2,75;;;6
HU-P30L-VIB-COM;Huawei;P30 lite;Vibrador;Compatible;3,20;;;6
HU-P30L-ANT-COM;Huawei;P30 lite;Antena / coaxial;Compatible;2,89;;;6
HU-P30L-HUE-COM;Huawei;P30 lite;Botón home / huella;Compatible;4,79;;;6
HU-P30LNE-MAR-COM;Huawei;P30 lite New Edition;Marco / chasis;Compatible;7,20;;;6
HU-P30LNE-BOT-COM;Huawei;P30 lite New Edition;Botones laterales;Compatible;3,70;;;6
HU-P30LNE-CRI-COM;Huawei;P30 lite New Edition;Cristal de pantalla;Compatible;3,69;;;6
HU-P30LNE-FPR-COM;Huawei;P30 lite New Edition;Flex principal;Compatible;3,05;;;6
HU-P30LNE-VIB-COM;Huawei;P30 lite New Edition;Vibrador;Compatible;3,55;;;6
HU-P30LNE-ANT-COM;Huawei;P30 lite New Edition;Antena / coaxial;Compatible;3,20;;;6
HU-P30LNE-HUE-COM;Huawei;P30 lite New Edition;Botón home / huella;Compatible;5,30;;;6
HU-P30PNE-MAR-COM;Huawei;P30 Pro New Edition;Marco / chasis;Compatible;9,79;;;6
HU-P30PNE-BOT-COM;Huawei;P30 Pro New Edition;Botones laterales;Compatible;5,00;;;6
HU-P30PNE-CRI-COM;Huawei;P30 Pro New Edition;Cristal de pantalla;Compatible;5,00;;;6
HU-P30PNE-FPR-COM;Huawei;P30 Pro New Edition;Flex principal;Compatible;4,15;;;6
HU-P30PNE-VIB-COM;Huawei;P30 Pro New Edition;Vibrador;Compatible;4,85;;;6
HU-P30PNE-ANT-COM;Huawei;P30 Pro New Edition;Antena / coaxial;Compatible;4,35;;;6
HU-P30PNE-HUE-COM;Huawei;P30 Pro New Edition;Botón home / huella;Compatible;7,25;;;6
HU-P30PNE-NFC-COM;Huawei;P30 Pro New Edition;NFC y carga inalámbrica;Compatible;9,70;;;6
HU-P40-MAR-COM;Huawei;P40;Marco / chasis;Compatible;8,20;;;6
HU-P40-BOT-COM;Huawei;P40;Botones laterales;Compatible;4,20;;;6
HU-P40-CRI-COM;Huawei;P40;Cristal de pantalla;Compatible;4,20;;;6
HU-P40-FPR-COM;Huawei;P40;Flex principal;Compatible;3,45;;;6
HU-P40-VIB-COM;Huawei;P40;Vibrador;Compatible;4,05;;;6
HU-P40-ANT-COM;Huawei;P40;Antena / coaxial;Compatible;3,65;;;6
HU-P40-HUE-COM;Huawei;P40;Botón home / huella;Compatible;6,05;;;6
HU-P40P-MAR-COM;Huawei;P40 Pro;Marco / chasis;Compatible;9,79;;;6
HU-P40P-BOT-COM;Huawei;P40 Pro;Botones laterales;Compatible;5,00;;;6
HU-P40P-CRI-COM;Huawei;P40 Pro;Cristal de pantalla;Compatible;5,00;;;6
HU-P40P-FPR-COM;Huawei;P40 Pro;Flex principal;Compatible;4,15;;;6
HU-P40P-VIB-COM;Huawei;P40 Pro;Vibrador;Compatible;4,85;;;6
HU-P40P-ANT-COM;Huawei;P40 Pro;Antena / coaxial;Compatible;4,35;;;6
HU-P40P-HUE-COM;Huawei;P40 Pro;Botón home / huella;Compatible;7,25;;;6
HU-P40P-NFC-COM;Huawei;P40 Pro;NFC y carga inalámbrica;Compatible;9,70;;;6
HU-P40PPL-MAR-COM;Huawei;P40 Pro+;Marco / chasis;Compatible;9,79;;;6
HU-P40PPL-BOT-COM;Huawei;P40 Pro+;Botones laterales;Compatible;5,00;;;6
HU-P40PPL-CRI-COM;Huawei;P40 Pro+;Cristal de pantalla;Compatible;5,00;;;6
HU-P40PPL-FPR-COM;Huawei;P40 Pro+;Flex principal;Compatible;4,15;;;6
HU-P40PPL-VIB-COM;Huawei;P40 Pro+;Vibrador;Compatible;4,85;;;6
HU-P40PPL-ANT-COM;Huawei;P40 Pro+;Antena / coaxial;Compatible;4,35;;;6
HU-P40PPL-HUE-COM;Huawei;P40 Pro+;Botón home / huella;Compatible;7,25;;;6
HU-P40PPL-NFC-COM;Huawei;P40 Pro+;NFC y carga inalámbrica;Compatible;9,70;;;6
HU-P40L-MAR-COM;Huawei;P40 lite;Marco / chasis;Compatible;7,20;;;6
HU-P40L-BOT-COM;Huawei;P40 lite;Botones laterales;Compatible;3,70;;;6
HU-P40L-CRI-COM;Huawei;P40 lite;Cristal de pantalla;Compatible;3,69;;;6
HU-P40L-FPR-COM;Huawei;P40 lite;Flex principal;Compatible;3,05;;;6
HU-P40L-VIB-COM;Huawei;P40 lite;Vibrador;Compatible;3,55;;;6
HU-P40L-ANT-COM;Huawei;P40 lite;Antena / coaxial;Compatible;3,20;;;6
HU-P40L-HUE-COM;Huawei;P40 lite;Botón home / huella;Compatible;5,30;;;6
HU-P40LE-MAR-COM;Huawei;P40 lite E;Marco / chasis;Compatible;7,20;;;6
HU-P40LE-BOT-COM;Huawei;P40 lite E;Botones laterales;Compatible;3,70;;;6
HU-P40LE-CRI-COM;Huawei;P40 lite E;Cristal de pantalla;Compatible;3,69;;;6
HU-P40LE-FPR-COM;Huawei;P40 lite E;Flex principal;Compatible;3,05;;;6
HU-P40LE-VIB-COM;Huawei;P40 lite E;Vibrador;Compatible;3,55;;;6
HU-P40LE-ANT-COM;Huawei;P40 lite E;Antena / coaxial;Compatible;3,20;;;6
HU-P40LE-HUE-COM;Huawei;P40 lite E;Botón home / huella;Compatible;5,30;;;6
HU-P40L5-MAR-COM;Huawei;P40 lite 5G;Marco / chasis;Compatible;7,20;;;6
HU-P40L5-BOT-COM;Huawei;P40 lite 5G;Botones laterales;Compatible;3,70;;;6
HU-P40L5-CRI-COM;Huawei;P40 lite 5G;Cristal de pantalla;Compatible;3,69;;;6
HU-P40L5-FPR-COM;Huawei;P40 lite 5G;Flex principal;Compatible;3,05;;;6
HU-P40L5-VIB-COM;Huawei;P40 lite 5G;Vibrador;Compatible;3,55;;;6
HU-P40L5-ANT-COM;Huawei;P40 lite 5G;Antena / coaxial;Compatible;3,20;;;6
HU-P40L5-HUE-COM;Huawei;P40 lite 5G;Botón home / huella;Compatible;5,30;;;6
HU-P50P-MAR-COM;Huawei;P50 Pro;Marco / chasis;Compatible;9,79;;;6
HU-P50P-BOT-COM;Huawei;P50 Pro;Botones laterales;Compatible;5,00;;;6
HU-P50P-CRI-COM;Huawei;P50 Pro;Cristal de pantalla;Compatible;5,00;;;6
HU-P50P-FPR-COM;Huawei;P50 Pro;Flex principal;Compatible;4,15;;;6
HU-P50P-VIB-COM;Huawei;P50 Pro;Vibrador;Compatible;4,85;;;6
HU-P50P-ANT-COM;Huawei;P50 Pro;Antena / coaxial;Compatible;4,35;;;6
HU-P50P-HUE-COM;Huawei;P50 Pro;Botón home / huella;Compatible;7,25;;;6
HU-P50P-NFC-COM;Huawei;P50 Pro;NFC y carga inalámbrica;Compatible;9,70;;;6
HU-P50PK-FPR-COM;Huawei;P50 Pocket;Flex principal;Compatible;5,79;;;6
HU-P50PK-VIB-COM;Huawei;P50 Pocket;Vibrador;Compatible;6,79;;;6
HU-P50PK-ANT-COM;Huawei;P50 Pocket;Antena / coaxial;Compatible;6,09;;;6
HU-P50PK-HUE-COM;Huawei;P50 Pocket;Botón home / huella;Compatible;10,10;9,80;9,49;6
HU-P50PK-NFC-COM;Huawei;P50 Pocket;NFC y carga inalámbrica;Compatible;13,60;13,19;12,78;6
HU-P60P-MAR-COM;Huawei;P60 Pro;Marco / chasis;Compatible;9,79;;;6
HU-P60P-BOT-COM;Huawei;P60 Pro;Botones laterales;Compatible;5,00;;;6
HU-P60P-CRI-COM;Huawei;P60 Pro;Cristal de pantalla;Compatible;5,00;;;6
HU-P60P-FPR-COM;Huawei;P60 Pro;Flex principal;Compatible;4,15;;;6
HU-P60P-VIB-COM;Huawei;P60 Pro;Vibrador;Compatible;4,85;;;6
HU-P60P-ANT-COM;Huawei;P60 Pro;Antena / coaxial;Compatible;4,35;;;6
HU-P60P-HUE-COM;Huawei;P60 Pro;Botón home / huella;Compatible;7,25;;;6
HU-P60P-NFC-COM;Huawei;P60 Pro;NFC y carga inalámbrica;Compatible;9,70;;;6
HU-PU70-MAR-COM;Huawei;Pura 70;Marco / chasis;Compatible;9,05;;;6
HU-PU70-BOT-COM;Huawei;Pura 70;Botones laterales;Compatible;4,65;;;6
HU-PU70-CRI-COM;Huawei;Pura 70;Cristal de pantalla;Compatible;4,60;;;6
HU-PU70-FPR-COM;Huawei;Pura 70;Flex principal;Compatible;3,80;;;6
HU-PU70-VIB-COM;Huawei;Pura 70;Vibrador;Compatible;4,49;;;6
HU-PU70-ANT-COM;Huawei;Pura 70;Antena / coaxial;Compatible;4,00;;;6
HU-PU70-HUE-COM;Huawei;Pura 70;Botón home / huella;Compatible;6,69;;;6
HU-PU70P-MAR-COM;Huawei;Pura 70 Pro;Marco / chasis;Compatible;10,75;10,43;10,10;6
HU-PU70P-BOT-COM;Huawei;Pura 70 Pro;Botones laterales;Compatible;5,55;;;6
HU-PU70P-CRI-COM;Huawei;Pura 70 Pro;Cristal de pantalla;Compatible;5,50;;;6
HU-PU70P-FPR-COM;Huawei;Pura 70 Pro;Flex principal;Compatible;4,55;;;6
HU-PU70P-VIB-COM;Huawei;Pura 70 Pro;Vibrador;Compatible;5,35;;;6
HU-PU70P-ANT-COM;Huawei;Pura 70 Pro;Antena / coaxial;Compatible;4,79;;;6
HU-PU70P-HUE-COM;Huawei;Pura 70 Pro;Botón home / huella;Compatible;7,95;;;6
HU-PU70P-NFC-COM;Huawei;Pura 70 Pro;NFC y carga inalámbrica;Compatible;10,69;10,37;10,05;6
HU-PU70U-MAR-COM;Huawei;Pura 70 Ultra;Marco / chasis;Compatible;10,75;10,43;10,10;6
HU-PU70U-BOT-COM;Huawei;Pura 70 Ultra;Botones laterales;Compatible;5,55;;;6
HU-PU70U-CRI-COM;Huawei;Pura 70 Ultra;Cristal de pantalla;Compatible;5,50;;;6
HU-PU70U-FPR-COM;Huawei;Pura 70 Ultra;Flex principal;Compatible;4,55;;;6
HU-PU70U-VIB-COM;Huawei;Pura 70 Ultra;Vibrador;Compatible;5,35;;;6
HU-PU70U-ANT-COM;Huawei;Pura 70 Ultra;Antena / coaxial;Compatible;4,79;;;6
HU-PU70U-HUE-COM;Huawei;Pura 70 Ultra;Botón home / huella;Compatible;7,95;;;6
HU-PU70U-NFC-COM;Huawei;Pura 70 Ultra;NFC y carga inalámbrica;Compatible;10,69;10,37;10,05;6
HU-PS19-MAR-COM;Huawei;P smart 2019;Marco / chasis;Compatible;5,65;;;6
HU-PS19-BOT-COM;Huawei;P smart 2019;Botones laterales;Compatible;2,89;;;6
HU-PS19-CRI-COM;Huawei;P smart 2019;Cristal de pantalla;Compatible;2,89;;;6
HU-PS19-FPR-COM;Huawei;P smart 2019;Flex principal;Compatible;2,39;;;6
HU-PS19-VIB-COM;Huawei;P smart 2019;Vibrador;Compatible;2,79;;;6
HU-PS19-ANT-COM;Huawei;P smart 2019;Antena / coaxial;Compatible;2,50;;;6
HU-PS19-HUE-COM;Huawei;P smart 2019;Botón home / huella;Compatible;4,15;;;6
HU-PSPL19-MAR-COM;Huawei;P smart+ 2019;Marco / chasis;Compatible;5,65;;;6
HU-PSPL19-BOT-COM;Huawei;P smart+ 2019;Botones laterales;Compatible;2,89;;;6
HU-PSPL19-CRI-COM;Huawei;P smart+ 2019;Cristal de pantalla;Compatible;2,89;;;6
HU-PSPL19-FPR-COM;Huawei;P smart+ 2019;Flex principal;Compatible;2,39;;;6
HU-PSPL19-VIB-COM;Huawei;P smart+ 2019;Vibrador;Compatible;2,79;;;6
HU-PSPL19-ANT-COM;Huawei;P smart+ 2019;Antena / coaxial;Compatible;2,50;;;6
HU-PSPL19-HUE-COM;Huawei;P smart+ 2019;Botón home / huella;Compatible;4,15;;;6
HU-PSZ-MAR-COM;Huawei;P smart Z;Marco / chasis;Compatible;5,65;;;6
HU-PSZ-BOT-COM;Huawei;P smart Z;Botones laterales;Compatible;2,89;;;6
HU-PSZ-CRI-COM;Huawei;P smart Z;Cristal de pantalla;Compatible;2,89;;;6
HU-PSZ-FPR-COM;Huawei;P smart Z;Flex principal;Compatible;2,39;;;6
HU-PSZ-VIB-COM;Huawei;P smart Z;Vibrador;Compatible;2,79;;;6
HU-PSZ-ANT-COM;Huawei;P smart Z;Antena / coaxial;Compatible;2,50;;;6
HU-PSZ-HUE-COM;Huawei;P smart Z;Botón home / huella;Compatible;4,15;;;6
HU-PS20-MAR-COM;Huawei;P smart 2020;Marco / chasis;Compatible;5,65;;;6
HU-PS20-BOT-COM;Huawei;P smart 2020;Botones laterales;Compatible;2,89;;;6
HU-PS20-CRI-COM;Huawei;P smart 2020;Cristal de pantalla;Compatible;2,89;;;6
HU-PS20-FPR-COM;Huawei;P smart 2020;Flex principal;Compatible;2,39;;;6
HU-PS20-VIB-COM;Huawei;P smart 2020;Vibrador;Compatible;2,79;;;6
HU-PS20-ANT-COM;Huawei;P smart 2020;Antena / coaxial;Compatible;2,50;;;6
HU-PS20-HUE-COM;Huawei;P smart 2020;Botón home / huella;Compatible;4,15;;;6
HU-PSP-MAR-COM;Huawei;P smart Pro;Marco / chasis;Compatible;6,25;;;6
HU-PSP-BOT-COM;Huawei;P smart Pro;Botones laterales;Compatible;3,20;;;6
HU-PSP-CRI-COM;Huawei;P smart Pro;Cristal de pantalla;Compatible;3,20;;;6
HU-PSP-FPR-COM;Huawei;P smart Pro;Flex principal;Compatible;2,65;;;6
HU-PSP-VIB-COM;Huawei;P smart Pro;Vibrador;Compatible;3,10;;;6
HU-PSP-ANT-COM;Huawei;P smart Pro;Antena / coaxial;Compatible;2,79;;;6
HU-PSP-HUE-COM;Huawei;P smart Pro;Botón home / huella;Compatible;4,60;;;6
HU-PSS-MAR-COM;Huawei;P smart S;Marco / chasis;Compatible;6,25;;;6
HU-PSS-BOT-COM;Huawei;P smart S;Botones laterales;Compatible;3,20;;;6
HU-PSS-CRI-COM;Huawei;P smart S;Cristal de pantalla;Compatible;3,20;;;6
HU-PSS-FPR-COM;Huawei;P smart S;Flex principal;Compatible;2,65;;;6
HU-PSS-VIB-COM;Huawei;P smart S;Vibrador;Compatible;3,10;;;6
HU-PSS-ANT-COM;Huawei;P smart S;Antena / coaxial;Compatible;2,79;;;6
HU-PSS-HUE-COM;Huawei;P smart S;Botón home / huella;Compatible;4,60;;;6
HU-PS21-MAR-COM;Huawei;P smart 2021;Marco / chasis;Compatible;6,25;;;6
HU-PS21-BOT-COM;Huawei;P smart 2021;Botones laterales;Compatible;3,20;;;6
HU-PS21-CRI-COM;Huawei;P smart 2021;Cristal de pantalla;Compatible;3,20;;;6
HU-PS21-FPR-COM;Huawei;P smart 2021;Flex principal;Compatible;2,65;;;6
HU-PS21-VIB-COM;Huawei;P smart 2021;Vibrador;Compatible;3,10;;;6
HU-PS21-ANT-COM;Huawei;P smart 2021;Antena / coaxial;Compatible;2,79;;;6
HU-PS21-HUE-COM;Huawei;P smart 2021;Botón home / huella;Compatible;4,60;;;6
HU-M20L-MAR-COM;Huawei;Mate 20 lite;Marco / chasis;Compatible;6,49;;;6
HU-M20L-BOT-COM;Huawei;Mate 20 lite;Botones laterales;Compatible;3,35;;;6
HU-M20L-CRI-COM;Huawei;Mate 20 lite;Cristal de pantalla;Compatible;3,30;;;6
HU-M20L-FPR-COM;Huawei;Mate 20 lite;Flex principal;Compatible;2,75;;;6
HU-M20L-VIB-COM;Huawei;Mate 20 lite;Vibrador;Compatible;3,20;;;6
HU-M20L-ANT-COM;Huawei;Mate 20 lite;Antena / coaxial;Compatible;2,89;;;6
HU-M20L-HUE-COM;Huawei;Mate 20 lite;Botón home / huella;Compatible;4,79;;;6
HU-M20-MAR-COM;Huawei;Mate 20;Marco / chasis;Compatible;7,40;;;6
HU-M20-BOT-COM;Huawei;Mate 20;Botones laterales;Compatible;3,80;;;6
HU-M20-CRI-COM;Huawei;Mate 20;Cristal de pantalla;Compatible;3,79;;;6
HU-M20-FPR-COM;Huawei;Mate 20;Flex principal;Compatible;3,10;;;6
HU-M20-VIB-COM;Huawei;Mate 20;Vibrador;Compatible;3,65;;;6
HU-M20-ANT-COM;Huawei;Mate 20;Antena / coaxial;Compatible;3,29;;;6
HU-M20-HUE-COM;Huawei;Mate 20;Botón home / huella;Compatible;5,45;;;6
HU-M20P-MAR-COM;Huawei;Mate 20 Pro;Marco / chasis;Compatible;8,80;;;6
HU-M20P-BOT-COM;Huawei;Mate 20 Pro;Botones laterales;Compatible;4,50;;;6
HU-M20P-CRI-COM;Huawei;Mate 20 Pro;Cristal de pantalla;Compatible;4,50;;;6
HU-M20P-FPR-COM;Huawei;Mate 20 Pro;Flex principal;Compatible;3,70;;;6
HU-M20P-VIB-COM;Huawei;Mate 20 Pro;Vibrador;Compatible;4,35;;;6
HU-M20P-ANT-COM;Huawei;Mate 20 Pro;Antena / coaxial;Compatible;3,90;;;6
HU-M20P-HUE-COM;Huawei;Mate 20 Pro;Botón home / huella;Compatible;6,50;;;6
HU-M20X-MAR-COM;Huawei;Mate 20 X;Marco / chasis;Compatible;8,80;;;6
HU-M20X-BOT-COM;Huawei;Mate 20 X;Botones laterales;Compatible;4,50;;;6
HU-M20X-CRI-COM;Huawei;Mate 20 X;Cristal de pantalla;Compatible;4,50;;;6
HU-M20X-FPR-COM;Huawei;Mate 20 X;Flex principal;Compatible;3,70;;;6
HU-M20X-VIB-COM;Huawei;Mate 20 X;Vibrador;Compatible;4,35;;;6
HU-M20X-ANT-COM;Huawei;Mate 20 X;Antena / coaxial;Compatible;3,90;;;6
HU-M20X-HUE-COM;Huawei;Mate 20 X;Botón home / huella;Compatible;6,50;;;6
HU-M30P-MAR-COM;Huawei;Mate 30 Pro;Marco / chasis;Compatible;9,79;;;6
HU-M30P-BOT-COM;Huawei;Mate 30 Pro;Botones laterales;Compatible;5,00;;;6
HU-M30P-CRI-COM;Huawei;Mate 30 Pro;Cristal de pantalla;Compatible;5,00;;;6
HU-M30P-FPR-COM;Huawei;Mate 30 Pro;Flex principal;Compatible;4,15;;;6
HU-M30P-VIB-COM;Huawei;Mate 30 Pro;Vibrador;Compatible;4,85;;;6
HU-M30P-ANT-COM;Huawei;Mate 30 Pro;Antena / coaxial;Compatible;4,35;;;6
HU-M30P-HUE-COM;Huawei;Mate 30 Pro;Botón home / huella;Compatible;7,25;;;6
HU-M30P-NFC-COM;Huawei;Mate 30 Pro;NFC y carga inalámbrica;Compatible;9,70;;;6
HU-M40P-MAR-COM;Huawei;Mate 40 Pro;Marco / chasis;Compatible;9,79;;;6
HU-M40P-BOT-COM;Huawei;Mate 40 Pro;Botones laterales;Compatible;5,00;;;6
HU-M40P-CRI-COM;Huawei;Mate 40 Pro;Cristal de pantalla;Compatible;5,00;;;6
HU-M40P-FPR-COM;Huawei;Mate 40 Pro;Flex principal;Compatible;4,15;;;6
HU-M40P-VIB-COM;Huawei;Mate 40 Pro;Vibrador;Compatible;4,85;;;6
HU-M40P-ANT-COM;Huawei;Mate 40 Pro;Antena / coaxial;Compatible;4,35;;;6
HU-M40P-HUE-COM;Huawei;Mate 40 Pro;Botón home / huella;Compatible;7,25;;;6
HU-M40P-NFC-COM;Huawei;Mate 40 Pro;NFC y carga inalámbrica;Compatible;9,70;;;6
HU-M50P-MAR-COM;Huawei;Mate 50 Pro;Marco / chasis;Compatible;9,79;;;6
HU-M50P-BOT-COM;Huawei;Mate 50 Pro;Botones laterales;Compatible;5,00;;;6
HU-M50P-CRI-COM;Huawei;Mate 50 Pro;Cristal de pantalla;Compatible;5,00;;;6
HU-M50P-FPR-COM;Huawei;Mate 50 Pro;Flex principal;Compatible;4,15;;;6
HU-M50P-VIB-COM;Huawei;Mate 50 Pro;Vibrador;Compatible;4,85;;;6
HU-M50P-ANT-COM;Huawei;Mate 50 Pro;Antena / coaxial;Compatible;4,35;;;6
HU-M50P-HUE-COM;Huawei;Mate 50 Pro;Botón home / huella;Compatible;7,25;;;6
HU-M50P-NFC-COM;Huawei;Mate 50 Pro;NFC y carga inalámbrica;Compatible;9,70;;;6
HU-MX3-FPR-COM;Huawei;Mate X3;Flex principal;Compatible;7,45;;;6
HU-MX3-VIB-COM;Huawei;Mate X3;Vibrador;Compatible;8,75;;;6
HU-MX3-ANT-COM;Huawei;Mate X3;Antena / coaxial;Compatible;7,85;;;6
HU-MX3-HUE-COM;Huawei;Mate X3;Botón home / huella;Compatible;13,00;12,61;12,22;6
HU-MX3-NFC-COM;Huawei;Mate X3;NFC y carga inalámbrica;Compatible;17,49;16,97;16,44;6
HU-MX6-FPR-COM;Huawei;Mate X6;Flex principal;Compatible;8,15;;;6
HU-MX6-VIB-COM;Huawei;Mate X6;Vibrador;Compatible;9,60;;;6
HU-MX6-ANT-COM;Huawei;Mate X6;Antena / coaxial;Compatible;8,60;;;6
HU-MX6-HUE-COM;Huawei;Mate X6;Botón home / huella;Compatible;14,30;13,87;13,44;6
HU-MX6-NFC-COM;Huawei;Mate X6;NFC y carga inalámbrica;Compatible;19,25;18,67;18,10;6
HU-N5T-MAR-COM;Huawei;nova 5T;Marco / chasis;Compatible;6,49;;;6
HU-N5T-BOT-COM;Huawei;nova 5T;Botones laterales;Compatible;3,35;;;6
HU-N5T-CRI-COM;Huawei;nova 5T;Cristal de pantalla;Compatible;3,30;;;6
HU-N5T-FPR-COM;Huawei;nova 5T;Flex principal;Compatible;2,75;;;6
HU-N5T-VIB-COM;Huawei;nova 5T;Vibrador;Compatible;3,20;;;6
HU-N5T-ANT-COM;Huawei;nova 5T;Antena / coaxial;Compatible;2,89;;;6
HU-N5T-HUE-COM;Huawei;nova 5T;Botón home / huella;Compatible;4,79;;;6
HU-N9-MAR-COM;Huawei;nova 9;Marco / chasis;Compatible;7,20;;;6
HU-N9-BOT-COM;Huawei;nova 9;Botones laterales;Compatible;3,70;;;6
HU-N9-CRI-COM;Huawei;nova 9;Cristal de pantalla;Compatible;3,69;;;6
HU-N9-FPR-COM;Huawei;nova 9;Flex principal;Compatible;3,05;;;6
HU-N9-VIB-COM;Huawei;nova 9;Vibrador;Compatible;3,55;;;6
HU-N9-ANT-COM;Huawei;nova 9;Antena / coaxial;Compatible;3,20;;;6
HU-N9-HUE-COM;Huawei;nova 9;Botón home / huella;Compatible;5,30;;;6
HU-N9SE-MAR-COM;Huawei;nova 9 SE;Marco / chasis;Compatible;6,25;;;6
HU-N9SE-BOT-COM;Huawei;nova 9 SE;Botones laterales;Compatible;3,20;;;6
HU-N9SE-CRI-COM;Huawei;nova 9 SE;Cristal de pantalla;Compatible;3,20;;;6
HU-N9SE-FPR-COM;Huawei;nova 9 SE;Flex principal;Compatible;2,65;;;6
HU-N9SE-VIB-COM;Huawei;nova 9 SE;Vibrador;Compatible;3,10;;;6
HU-N9SE-ANT-COM;Huawei;nova 9 SE;Antena / coaxial;Compatible;2,79;;;6
HU-N9SE-HUE-COM;Huawei;nova 9 SE;Botón home / huella;Compatible;4,60;;;6
HU-NY70-MAR-COM;Huawei;nova Y70;Marco / chasis;Compatible;6,25;;;6
HU-NY70-BOT-COM;Huawei;nova Y70;Botones laterales;Compatible;3,20;;;6
HU-NY70-CRI-COM;Huawei;nova Y70;Cristal de pantalla;Compatible;3,20;;;6
HU-NY70-FPR-COM;Huawei;nova Y70;Flex principal;Compatible;2,65;;;6
HU-NY70-VIB-COM;Huawei;nova Y70;Vibrador;Compatible;3,10;;;6
HU-NY70-ANT-COM;Huawei;nova Y70;Antena / coaxial;Compatible;2,79;;;6
HU-NY70-HUE-COM;Huawei;nova Y70;Botón home / huella;Compatible;4,60;;;6
HU-N10SE-MAR-COM;Huawei;nova 10 SE;Marco / chasis;Compatible;6,25;;;6
HU-N10SE-BOT-COM;Huawei;nova 10 SE;Botones laterales;Compatible;3,20;;;6
HU-N10SE-CRI-COM;Huawei;nova 10 SE;Cristal de pantalla;Compatible;3,20;;;6
HU-N10SE-FPR-COM;Huawei;nova 10 SE;Flex principal;Compatible;2,65;;;6
HU-N10SE-VIB-COM;Huawei;nova 10 SE;Vibrador;Compatible;3,10;;;6
HU-N10SE-ANT-COM;Huawei;nova 10 SE;Antena / coaxial;Compatible;2,79;;;6
HU-N10SE-HUE-COM;Huawei;nova 10 SE;Botón home / huella;Compatible;4,60;;;6
HU-PU80P-MAR-COM;Huawei;Pura 80 Pro;Marco / chasis;Compatible;10,75;10,43;10,10;6
HU-PU80P-BOT-COM;Huawei;Pura 80 Pro;Botones laterales;Compatible;5,55;;;6
HU-PU80P-CRI-COM;Huawei;Pura 80 Pro;Cristal de pantalla;Compatible;5,50;;;6
HU-PU80P-FPR-COM;Huawei;Pura 80 Pro;Flex principal;Compatible;4,55;;;6
HU-PU80P-VIB-COM;Huawei;Pura 80 Pro;Vibrador;Compatible;5,35;;;6
HU-PU80P-ANT-COM;Huawei;Pura 80 Pro;Antena / coaxial;Compatible;4,79;;;6
HU-PU80P-HUE-COM;Huawei;Pura 80 Pro;Botón home / huella;Compatible;7,95;;;6
HU-PU80P-NFC-COM;Huawei;Pura 80 Pro;NFC y carga inalámbrica;Compatible;10,69;10,37;10,05;6
HU-PU80U-MAR-COM;Huawei;Pura 80 Ultra;Marco / chasis;Compatible;10,75;10,43;10,10;6
HU-PU80U-BOT-COM;Huawei;Pura 80 Ultra;Botones laterales;Compatible;5,55;;;6
HU-PU80U-CRI-COM;Huawei;Pura 80 Ultra;Cristal de pantalla;Compatible;5,50;;;6
HU-PU80U-FPR-COM;Huawei;Pura 80 Ultra;Flex principal;Compatible;4,55;;;6
HU-PU80U-VIB-COM;Huawei;Pura 80 Ultra;Vibrador;Compatible;5,35;;;6
HU-PU80U-ANT-COM;Huawei;Pura 80 Ultra;Antena / coaxial;Compatible;4,79;;;6
HU-PU80U-HUE-COM;Huawei;Pura 80 Ultra;Botón home / huella;Compatible;7,95;;;6
HU-PU80U-NFC-COM;Huawei;Pura 80 Ultra;NFC y carga inalámbrica;Compatible;10,69;10,37;10,05;6
HU-N13-MAR-COM;Huawei;nova 13;Marco / chasis;Compatible;7,90;;;6
HU-N13-BOT-COM;Huawei;nova 13;Botones laterales;Compatible;4,05;;;6
HU-N13-CRI-COM;Huawei;nova 13;Cristal de pantalla;Compatible;4,05;;;6
HU-N13-FPR-COM;Huawei;nova 13;Flex principal;Compatible;3,35;;;6
HU-N13-VIB-COM;Huawei;nova 13;Vibrador;Compatible;3,95;;;6
HU-N13-ANT-COM;Huawei;nova 13;Antena / coaxial;Compatible;3,50;;;6
HU-N13-HUE-COM;Huawei;nova 13;Botón home / huella;Compatible;5,85;;;6
HU-N13P-MAR-COM;Huawei;nova 13 Pro;Marco / chasis;Compatible;7,90;;;6
HU-N13P-BOT-COM;Huawei;nova 13 Pro;Botones laterales;Compatible;4,05;;;6
HU-N13P-CRI-COM;Huawei;nova 13 Pro;Cristal de pantalla;Compatible;4,05;;;6
HU-N13P-FPR-COM;Huawei;nova 13 Pro;Flex principal;Compatible;3,35;;;6
HU-N13P-VIB-COM;Huawei;nova 13 Pro;Vibrador;Compatible;3,95;;;6
HU-N13P-ANT-COM;Huawei;nova 13 Pro;Antena / coaxial;Compatible;3,50;;;6
HU-N13P-HUE-COM;Huawei;nova 13 Pro;Botón home / huella;Compatible;5,85;;;6
HU-M80-MAR-COM;Huawei;Mate 80;Marco / chasis;Compatible;9,05;;;6
HU-M80-BOT-COM;Huawei;Mate 80;Botones laterales;Compatible;4,65;;;6
HU-M80-CRI-COM;Huawei;Mate 80;Cristal de pantalla;Compatible;4,60;;;6
HU-M80-FPR-COM;Huawei;Mate 80;Flex principal;Compatible;3,80;;;6
HU-M80-VIB-COM;Huawei;Mate 80;Vibrador;Compatible;4,49;;;6
HU-M80-ANT-COM;Huawei;Mate 80;Antena / coaxial;Compatible;4,00;;;6
HU-M80-HUE-COM;Huawei;Mate 80;Botón home / huella;Compatible;6,69;;;6
HU-N14I-MAR-COM;Huawei;nova 14i;Marco / chasis;Compatible;7,90;;;6
HU-N14I-BOT-COM;Huawei;nova 14i;Botones laterales;Compatible;4,05;;;6
HU-N14I-CRI-COM;Huawei;nova 14i;Cristal de pantalla;Compatible;4,05;;;6
HU-N14I-FPR-COM;Huawei;nova 14i;Flex principal;Compatible;3,35;;;6
HU-N14I-VIB-COM;Huawei;nova 14i;Vibrador;Compatible;3,95;;;6
HU-N14I-ANT-COM;Huawei;nova 14i;Antena / coaxial;Compatible;3,50;;;6
HU-N14I-HUE-COM;Huawei;nova 14i;Botón home / huella;Compatible;5,85;;;6
HU-PU80-MAR-COM;Huawei;Pura 80;Marco / chasis;Compatible;9,05;;;6
HU-PU80-BOT-COM;Huawei;Pura 80;Botones laterales;Compatible;4,65;;;6
HU-PU80-CRI-COM;Huawei;Pura 80;Cristal de pantalla;Compatible;4,60;;;6
HU-PU80-FPR-COM;Huawei;Pura 80;Flex principal;Compatible;3,80;;;6
HU-PU80-VIB-COM;Huawei;Pura 80;Vibrador;Compatible;4,49;;;6
HU-PU80-ANT-COM;Huawei;Pura 80;Antena / coaxial;Compatible;4,00;;;6
HU-PU80-HUE-COM;Huawei;Pura 80;Botón home / huella;Compatible;6,69;;;6
HU-N13I-MAR-COM;Huawei;nova 13i;Marco / chasis;Compatible;7,90;;;6
HU-N13I-BOT-COM;Huawei;nova 13i;Botones laterales;Compatible;4,05;;;6
HU-N13I-CRI-COM;Huawei;nova 13i;Cristal de pantalla;Compatible;4,05;;;6
HU-N13I-FPR-COM;Huawei;nova 13i;Flex principal;Compatible;3,35;;;6
HU-N13I-VIB-COM;Huawei;nova 13i;Vibrador;Compatible;3,95;;;6
HU-N13I-ANT-COM;Huawei;nova 13i;Antena / coaxial;Compatible;3,50;;;6
HU-N13I-HUE-COM;Huawei;nova 13i;Botón home / huella;Compatible;5,85;;;6
HU-NY72S-MAR-COM;Huawei;nova Y72S;Marco / chasis;Compatible;6,89;;;6
HU-NY72S-BOT-COM;Huawei;nova Y72S;Botones laterales;Compatible;3,55;;;6
HU-NY72S-CRI-COM;Huawei;nova Y72S;Cristal de pantalla;Compatible;3,50;;;6
HU-NY72S-FPR-COM;Huawei;nova Y72S;Flex principal;Compatible;2,90;;;6
HU-NY72S-VIB-COM;Huawei;nova Y72S;Vibrador;Compatible;3,40;;;6
HU-NY72S-ANT-COM;Huawei;nova Y72S;Antena / coaxial;Compatible;3,05;;;6
HU-NY72S-HUE-COM;Huawei;nova Y72S;Botón home / huella;Compatible;5,09;;;6
HU-M70-MAR-COM;Huawei;Mate 70;Marco / chasis;Compatible;9,05;;;6
HU-M70-BOT-COM;Huawei;Mate 70;Botones laterales;Compatible;4,65;;;6
HU-M70-CRI-COM;Huawei;Mate 70;Cristal de pantalla;Compatible;4,60;;;6
HU-M70-FPR-COM;Huawei;Mate 70;Flex principal;Compatible;3,80;;;6
HU-M70-VIB-COM;Huawei;Mate 70;Vibrador;Compatible;4,49;;;6
HU-M70-ANT-COM;Huawei;Mate 70;Antena / coaxial;Compatible;4,00;;;6
HU-M70-HUE-COM;Huawei;Mate 70;Botón home / huella;Compatible;6,69;;;6
HU-MXT-FPR-COM;Huawei;Mate XT;Flex principal;Compatible;8,15;;;6
HU-MXT-VIB-COM;Huawei;Mate XT;Vibrador;Compatible;9,60;;;6
HU-MXT-ANT-COM;Huawei;Mate XT;Antena / coaxial;Compatible;8,60;;;6
HU-MXT-HUE-COM;Huawei;Mate XT;Botón home / huella;Compatible;14,30;13,87;13,44;6
HU-MXT-NFC-COM;Huawei;Mate XT;NFC y carga inalámbrica;Compatible;19,25;18,67;18,10;6
HU-NFL-FPR-COM;Huawei;nova Flip;Flex principal;Compatible;4,69;;;6
HU-NFL-VIB-COM;Huawei;nova Flip;Vibrador;Compatible;5,50;;;6
HU-NFL-ANT-COM;Huawei;nova Flip;Antena / coaxial;Compatible;4,95;;;6
HU-NFL-HUE-COM;Huawei;nova Flip;Botón home / huella;Compatible;8,19;;;6
HU-N12I-MAR-COM;Huawei;nova 12i;Marco / chasis;Compatible;7,90;;;6
HU-N12I-BOT-COM;Huawei;nova 12i;Botones laterales;Compatible;4,05;;;6
HU-N12I-CRI-COM;Huawei;nova 12i;Cristal de pantalla;Compatible;4,05;;;6
HU-N12I-FPR-COM;Huawei;nova 12i;Flex principal;Compatible;3,35;;;6
HU-N12I-VIB-COM;Huawei;nova 12i;Vibrador;Compatible;3,95;;;6
HU-N12I-ANT-COM;Huawei;nova 12i;Antena / coaxial;Compatible;3,50;;;6
HU-N12I-HUE-COM;Huawei;nova 12i;Botón home / huella;Compatible;5,85;;;6
HU-NY72-MAR-COM;Huawei;nova Y72;Marco / chasis;Compatible;6,89;;;6
HU-NY72-BOT-COM;Huawei;nova Y72;Botones laterales;Compatible;3,55;;;6
HU-NY72-CRI-COM;Huawei;nova Y72;Cristal de pantalla;Compatible;3,50;;;6
HU-NY72-FPR-COM;Huawei;nova Y72;Flex principal;Compatible;2,90;;;6
HU-NY72-VIB-COM;Huawei;nova Y72;Vibrador;Compatible;3,40;;;6
HU-NY72-ANT-COM;Huawei;nova Y72;Antena / coaxial;Compatible;3,05;;;6
HU-NY72-HUE-COM;Huawei;nova Y72;Botón home / huella;Compatible;5,09;;;6
HU-N12-MAR-COM;Huawei;nova 12;Marco / chasis;Compatible;7,20;;;6
HU-N12-BOT-COM;Huawei;nova 12;Botones laterales;Compatible;3,70;;;6
HU-N12-CRI-COM;Huawei;nova 12;Cristal de pantalla;Compatible;3,69;;;6
HU-N12-FPR-COM;Huawei;nova 12;Flex principal;Compatible;3,05;;;6
HU-N12-VIB-COM;Huawei;nova 12;Vibrador;Compatible;3,55;;;6
HU-N12-ANT-COM;Huawei;nova 12;Antena / coaxial;Compatible;3,20;;;6
HU-N12-HUE-COM;Huawei;nova 12;Botón home / huella;Compatible;5,30;;;6
HU-N12P-MAR-COM;Huawei;nova 12 Pro;Marco / chasis;Compatible;7,20;;;6
HU-N12P-BOT-COM;Huawei;nova 12 Pro;Botones laterales;Compatible;3,70;;;6
HU-N12P-CRI-COM;Huawei;nova 12 Pro;Cristal de pantalla;Compatible;3,69;;;6
HU-N12P-FPR-COM;Huawei;nova 12 Pro;Flex principal;Compatible;3,05;;;6
HU-N12P-VIB-COM;Huawei;nova 12 Pro;Vibrador;Compatible;3,55;;;6
HU-N12P-ANT-COM;Huawei;nova 12 Pro;Antena / coaxial;Compatible;3,20;;;6
HU-N12P-HUE-COM;Huawei;nova 12 Pro;Botón home / huella;Compatible;5,30;;;6
HU-N12U-MAR-COM;Huawei;nova 12 Ultra;Marco / chasis;Compatible;7,20;;;6
HU-N12U-BOT-COM;Huawei;nova 12 Ultra;Botones laterales;Compatible;3,70;;;6
HU-N12U-CRI-COM;Huawei;nova 12 Ultra;Cristal de pantalla;Compatible;3,69;;;6
HU-N12U-FPR-COM;Huawei;nova 12 Ultra;Flex principal;Compatible;3,05;;;6
HU-N12U-VIB-COM;Huawei;nova 12 Ultra;Vibrador;Compatible;3,55;;;6
HU-N12U-ANT-COM;Huawei;nova 12 Ultra;Antena / coaxial;Compatible;3,20;;;6
HU-N12U-HUE-COM;Huawei;nova 12 Ultra;Botón home / huella;Compatible;5,30;;;6
HU-NY62-MAR-COM;Huawei;nova Y62;Marco / chasis;Compatible;6,25;;;6
HU-NY62-BOT-COM;Huawei;nova Y62;Botones laterales;Compatible;3,20;;;6
HU-NY62-CRI-COM;Huawei;nova Y62;Cristal de pantalla;Compatible;3,20;;;6
HU-NY62-FPR-COM;Huawei;nova Y62;Flex principal;Compatible;2,65;;;6
HU-NY62-VIB-COM;Huawei;nova Y62;Vibrador;Compatible;3,10;;;6
HU-NY62-ANT-COM;Huawei;nova Y62;Antena / coaxial;Compatible;2,79;;;6
HU-NY62-HUE-COM;Huawei;nova Y62;Botón home / huella;Compatible;4,60;;;6
HU-NY62PL-MAR-COM;Huawei;nova Y62 Plus;Marco / chasis;Compatible;6,25;;;6
HU-NY62PL-BOT-COM;Huawei;nova Y62 Plus;Botones laterales;Compatible;3,20;;;6
HU-NY62PL-CRI-COM;Huawei;nova Y62 Plus;Cristal de pantalla;Compatible;3,20;;;6
HU-NY62PL-FPR-COM;Huawei;nova Y62 Plus;Flex principal;Compatible;2,65;;;6
HU-NY62PL-VIB-COM;Huawei;nova Y62 Plus;Vibrador;Compatible;3,10;;;6
HU-NY62PL-ANT-COM;Huawei;nova Y62 Plus;Antena / coaxial;Compatible;2,79;;;6
HU-NY62PL-HUE-COM;Huawei;nova Y62 Plus;Botón home / huella;Compatible;4,60;;;6
HU-N11SE-MAR-COM;Huawei;nova 11 SE;Marco / chasis;Compatible;6,25;;;6
HU-N11SE-BOT-COM;Huawei;nova 11 SE;Botones laterales;Compatible;3,20;;;6
HU-N11SE-CRI-COM;Huawei;nova 11 SE;Cristal de pantalla;Compatible;3,20;;;6
HU-N11SE-FPR-COM;Huawei;nova 11 SE;Flex principal;Compatible;2,65;;;6
HU-N11SE-VIB-COM;Huawei;nova 11 SE;Vibrador;Compatible;3,10;;;6
HU-N11SE-ANT-COM;Huawei;nova 11 SE;Antena / coaxial;Compatible;2,79;;;6
HU-N11SE-HUE-COM;Huawei;nova 11 SE;Botón home / huella;Compatible;4,60;;;6
HU-M60PPL-MAR-COM;Huawei;Mate 60 Pro+;Marco / chasis;Compatible;9,79;;;6
HU-M60PPL-BOT-COM;Huawei;Mate 60 Pro+;Botones laterales;Compatible;5,00;;;6
HU-M60PPL-CRI-COM;Huawei;Mate 60 Pro+;Cristal de pantalla;Compatible;5,00;;;6
HU-M60PPL-FPR-COM;Huawei;Mate 60 Pro+;Flex principal;Compatible;4,15;;;6
HU-M60PPL-VIB-COM;Huawei;Mate 60 Pro+;Vibrador;Compatible;4,85;;;6
HU-M60PPL-ANT-COM;Huawei;Mate 60 Pro+;Antena / coaxial;Compatible;4,35;;;6
HU-M60PPL-HUE-COM;Huawei;Mate 60 Pro+;Botón home / huella;Compatible;7,25;;;6
HU-M60PPL-NFC-COM;Huawei;Mate 60 Pro+;NFC y carga inalámbrica;Compatible;9,70;;;6
HU-M60RS-MAR-COM;Huawei;Mate 60 RS;Marco / chasis;Compatible;8,20;;;6
HU-M60RS-BOT-COM;Huawei;Mate 60 RS;Botones laterales;Compatible;4,20;;;6
HU-M60RS-CRI-COM;Huawei;Mate 60 RS;Cristal de pantalla;Compatible;4,20;;;6
HU-M60RS-FPR-COM;Huawei;Mate 60 RS;Flex principal;Compatible;3,45;;;6
HU-M60RS-VIB-COM;Huawei;Mate 60 RS;Vibrador;Compatible;4,05;;;6
HU-M60RS-ANT-COM;Huawei;Mate 60 RS;Antena / coaxial;Compatible;3,65;;;6
HU-M60RS-HUE-COM;Huawei;Mate 60 RS;Botón home / huella;Compatible;6,05;;;6
HU-M60-MAR-COM;Huawei;Mate 60;Marco / chasis;Compatible;8,20;;;6
HU-M60-BOT-COM;Huawei;Mate 60;Botones laterales;Compatible;4,20;;;6
HU-M60-CRI-COM;Huawei;Mate 60;Cristal de pantalla;Compatible;4,20;;;6
HU-M60-FPR-COM;Huawei;Mate 60;Flex principal;Compatible;3,45;;;6
HU-M60-VIB-COM;Huawei;Mate 60;Vibrador;Compatible;4,05;;;6
HU-M60-ANT-COM;Huawei;Mate 60;Antena / coaxial;Compatible;3,65;;;6
HU-M60-HUE-COM;Huawei;Mate 60;Botón home / huella;Compatible;6,05;;;6
HU-M60P-MAR-COM;Huawei;Mate 60 Pro;Marco / chasis;Compatible;9,79;;;6
HU-M60P-BOT-COM;Huawei;Mate 60 Pro;Botones laterales;Compatible;5,00;;;6
HU-M60P-CRI-COM;Huawei;Mate 60 Pro;Cristal de pantalla;Compatible;5,00;;;6
HU-M60P-FPR-COM;Huawei;Mate 60 Pro;Flex principal;Compatible;4,15;;;6
HU-M60P-VIB-COM;Huawei;Mate 60 Pro;Vibrador;Compatible;4,85;;;6
HU-M60P-ANT-COM;Huawei;Mate 60 Pro;Antena / coaxial;Compatible;4,35;;;6
HU-M60P-HUE-COM;Huawei;Mate 60 Pro;Botón home / huella;Compatible;7,25;;;6
HU-M60P-NFC-COM;Huawei;Mate 60 Pro;NFC y carga inalámbrica;Compatible;9,70;;;6
HU-NY71-MAR-COM;Huawei;nova Y71;Marco / chasis;Compatible;6,25;;;6
HU-NY71-BOT-COM;Huawei;nova Y71;Botones laterales;Compatible;3,20;;;6
HU-NY71-CRI-COM;Huawei;nova Y71;Cristal de pantalla;Compatible;3,20;;;6
HU-NY71-FPR-COM;Huawei;nova Y71;Flex principal;Compatible;2,65;;;6
HU-NY71-VIB-COM;Huawei;nova Y71;Vibrador;Compatible;3,10;;;6
HU-NY71-ANT-COM;Huawei;nova Y71;Antena / coaxial;Compatible;2,79;;;6
HU-NY71-HUE-COM;Huawei;nova Y71;Botón home / huella;Compatible;4,60;;;6
HU-NY91-MAR-COM;Huawei;nova Y91;Marco / chasis;Compatible;6,25;;;6
HU-NY91-BOT-COM;Huawei;nova Y91;Botones laterales;Compatible;3,20;;;6
HU-NY91-CRI-COM;Huawei;nova Y91;Cristal de pantalla;Compatible;3,20;;;6
HU-NY91-FPR-COM;Huawei;nova Y91;Flex principal;Compatible;2,65;;;6
HU-NY91-VIB-COM;Huawei;nova Y91;Vibrador;Compatible;3,10;;;6
HU-NY91-ANT-COM;Huawei;nova Y91;Antena / coaxial;Compatible;2,79;;;6
HU-NY91-HUE-COM;Huawei;nova Y91;Botón home / huella;Compatible;4,60;;;6
HU-N11-MAR-COM;Huawei;nova 11;Marco / chasis;Compatible;7,20;;;6
HU-N11-BOT-COM;Huawei;nova 11;Botones laterales;Compatible;3,70;;;6
HU-N11-CRI-COM;Huawei;nova 11;Cristal de pantalla;Compatible;3,69;;;6
HU-N11-FPR-COM;Huawei;nova 11;Flex principal;Compatible;3,05;;;6
HU-N11-VIB-COM;Huawei;nova 11;Vibrador;Compatible;3,55;;;6
HU-N11-ANT-COM;Huawei;nova 11;Antena / coaxial;Compatible;3,20;;;6
HU-N11-HUE-COM;Huawei;nova 11;Botón home / huella;Compatible;5,30;;;6
HU-N11U-MAR-COM;Huawei;nova 11 Utra;Marco / chasis;Compatible;7,20;;;6
HU-N11U-BOT-COM;Huawei;nova 11 Utra;Botones laterales;Compatible;3,70;;;6
HU-N11U-CRI-COM;Huawei;nova 11 Utra;Cristal de pantalla;Compatible;3,69;;;6
HU-N11U-FPR-COM;Huawei;nova 11 Utra;Flex principal;Compatible;3,05;;;6
HU-N11U-VIB-COM;Huawei;nova 11 Utra;Vibrador;Compatible;3,55;;;6
HU-N11U-ANT-COM;Huawei;nova 11 Utra;Antena / coaxial;Compatible;3,20;;;6
HU-N11U-HUE-COM;Huawei;nova 11 Utra;Botón home / huella;Compatible;5,30;;;6
HU-N10Y-MAR-COM;Huawei;nova 10 Youth;Marco / chasis;Compatible;7,20;;;6
HU-N10Y-BOT-COM;Huawei;nova 10 Youth;Botones laterales;Compatible;3,70;;;6
HU-N10Y-CRI-COM;Huawei;nova 10 Youth;Cristal de pantalla;Compatible;3,69;;;6
HU-N10Y-FPR-COM;Huawei;nova 10 Youth;Flex principal;Compatible;3,05;;;6
HU-N10Y-VIB-COM;Huawei;nova 10 Youth;Vibrador;Compatible;3,55;;;6
HU-N10Y-ANT-COM;Huawei;nova 10 Youth;Antena / coaxial;Compatible;3,20;;;6
HU-N10Y-HUE-COM;Huawei;nova 10 Youth;Botón home / huella;Compatible;5,30;;;6
HU-NY61-MAR-COM;Huawei;nova Y61;Marco / chasis;Compatible;6,25;;;6
HU-NY61-BOT-COM;Huawei;nova Y61;Botones laterales;Compatible;3,20;;;6
HU-NY61-CRI-COM;Huawei;nova Y61;Cristal de pantalla;Compatible;3,20;;;6
HU-NY61-FPR-COM;Huawei;nova Y61;Flex principal;Compatible;2,65;;;6
HU-NY61-VIB-COM;Huawei;nova Y61;Vibrador;Compatible;3,10;;;6
HU-NY61-ANT-COM;Huawei;nova Y61;Antena / coaxial;Compatible;2,79;;;6
HU-NY61-HUE-COM;Huawei;nova Y61;Botón home / huella;Compatible;4,60;;;6
HU-M50-MAR-COM;Huawei;Mate 50;Marco / chasis;Compatible;8,20;;;6
HU-M50-BOT-COM;Huawei;Mate 50;Botones laterales;Compatible;4,20;;;6
HU-M50-CRI-COM;Huawei;Mate 50;Cristal de pantalla;Compatible;4,20;;;6
HU-M50-FPR-COM;Huawei;Mate 50;Flex principal;Compatible;3,45;;;6
HU-M50-VIB-COM;Huawei;Mate 50;Vibrador;Compatible;4,05;;;6
HU-M50-ANT-COM;Huawei;Mate 50;Antena / coaxial;Compatible;3,65;;;6
HU-M50-HUE-COM;Huawei;Mate 50;Botón home / huella;Compatible;6,05;;;6
HU-M50RS-MAR-COM;Huawei;Mate 50 RS;Marco / chasis;Compatible;8,20;;;6
HU-M50RS-BOT-COM;Huawei;Mate 50 RS;Botones laterales;Compatible;4,20;;;6
HU-M50RS-CRI-COM;Huawei;Mate 50 RS;Cristal de pantalla;Compatible;4,20;;;6
HU-M50RS-FPR-COM;Huawei;Mate 50 RS;Flex principal;Compatible;3,45;;;6
HU-M50RS-VIB-COM;Huawei;Mate 50 RS;Vibrador;Compatible;4,05;;;6
HU-M50RS-ANT-COM;Huawei;Mate 50 RS;Antena / coaxial;Compatible;3,65;;;6
HU-M50RS-HUE-COM;Huawei;Mate 50 RS;Botón home / huella;Compatible;6,05;;;6
HU-N10Z-MAR-COM;Huawei;nova 10z;Marco / chasis;Compatible;7,20;;;6
HU-N10Z-BOT-COM;Huawei;nova 10z;Botones laterales;Compatible;3,70;;;6
HU-N10Z-CRI-COM;Huawei;nova 10z;Cristal de pantalla;Compatible;3,69;;;6
HU-N10Z-FPR-COM;Huawei;nova 10z;Flex principal;Compatible;3,05;;;6
HU-N10Z-VIB-COM;Huawei;nova 10z;Vibrador;Compatible;3,55;;;6
HU-N10Z-ANT-COM;Huawei;nova 10z;Antena / coaxial;Compatible;3,20;;;6
HU-N10Z-HUE-COM;Huawei;nova 10z;Botón home / huella;Compatible;5,30;;;6
HU-N10-MAR-COM;Huawei;nova 10;Marco / chasis;Compatible;7,20;;;6
HU-N10-BOT-COM;Huawei;nova 10;Botones laterales;Compatible;3,70;;;6
HU-N10-CRI-COM;Huawei;nova 10;Cristal de pantalla;Compatible;3,69;;;6
HU-N10-FPR-COM;Huawei;nova 10;Flex principal;Compatible;3,05;;;6
HU-N10-VIB-COM;Huawei;nova 10;Vibrador;Compatible;3,55;;;6
HU-N10-ANT-COM;Huawei;nova 10;Antena / coaxial;Compatible;3,20;;;6
HU-N10-HUE-COM;Huawei;nova 10;Botón home / huella;Compatible;5,30;;;6
HU-N10P-MAR-COM;Huawei;nova 10 Pro;Marco / chasis;Compatible;7,20;;;6
HU-N10P-BOT-COM;Huawei;nova 10 Pro;Botones laterales;Compatible;3,70;;;6
HU-N10P-CRI-COM;Huawei;nova 10 Pro;Cristal de pantalla;Compatible;3,69;;;6
HU-N10P-FPR-COM;Huawei;nova 10 Pro;Flex principal;Compatible;3,05;;;6
HU-N10P-VIB-COM;Huawei;nova 10 Pro;Vibrador;Compatible;3,55;;;6
HU-N10P-ANT-COM;Huawei;nova 10 Pro;Antena / coaxial;Compatible;3,20;;;6
HU-N10P-HUE-COM;Huawei;nova 10 Pro;Botón home / huella;Compatible;5,30;;;6
HU-NY90-MAR-COM;Huawei;nova Y90;Marco / chasis;Compatible;6,25;;;6
HU-NY90-BOT-COM;Huawei;nova Y90;Botones laterales;Compatible;3,20;;;6
HU-NY90-CRI-COM;Huawei;nova Y90;Cristal de pantalla;Compatible;3,20;;;6
HU-NY90-FPR-COM;Huawei;nova Y90;Flex principal;Compatible;2,65;;;6
HU-NY90-VIB-COM;Huawei;nova Y90;Vibrador;Compatible;3,10;;;6
HU-NY90-ANT-COM;Huawei;nova Y90;Antena / coaxial;Compatible;2,79;;;6
HU-NY90-HUE-COM;Huawei;nova Y90;Botón home / huella;Compatible;4,60;;;6
HU-NY70PL-MAR-COM;Huawei;nova Y70 Plus;Marco / chasis;Compatible;6,25;;;6
HU-NY70PL-BOT-COM;Huawei;nova Y70 Plus;Botones laterales;Compatible;3,20;;;6
HU-NY70PL-CRI-COM;Huawei;nova Y70 Plus;Cristal de pantalla;Compatible;3,20;;;6
HU-NY70PL-FPR-COM;Huawei;nova Y70 Plus;Flex principal;Compatible;2,65;;;6
HU-NY70PL-VIB-COM;Huawei;nova Y70 Plus;Vibrador;Compatible;3,10;;;6
HU-NY70PL-ANT-COM;Huawei;nova Y70 Plus;Antena / coaxial;Compatible;2,79;;;6
HU-NY70PL-HUE-COM;Huawei;nova Y70 Plus;Botón home / huella;Compatible;4,60;;;6
HU-NY9A-MAR-COM;Huawei;nova Y9a;Marco / chasis;Compatible;6,25;;;6
HU-NY9A-BOT-COM;Huawei;nova Y9a;Botones laterales;Compatible;3,20;;;6
HU-NY9A-CRI-COM;Huawei;nova Y9a;Cristal de pantalla;Compatible;3,20;;;6
HU-NY9A-FPR-COM;Huawei;nova Y9a;Flex principal;Compatible;2,65;;;6
HU-NY9A-VIB-COM;Huawei;nova Y9a;Vibrador;Compatible;3,10;;;6
HU-NY9A-ANT-COM;Huawei;nova Y9a;Antena / coaxial;Compatible;2,79;;;6
HU-NY9A-HUE-COM;Huawei;nova Y9a;Botón home / huella;Compatible;4,60;;;6
HU-P50-MAR-COM;Huawei;P50;Marco / chasis;Compatible;8,20;;;6
HU-P50-BOT-COM;Huawei;P50;Botones laterales;Compatible;4,20;;;6
HU-P50-CRI-COM;Huawei;P50;Cristal de pantalla;Compatible;4,20;;;6
HU-P50-FPR-COM;Huawei;P50;Flex principal;Compatible;3,45;;;6
HU-P50-VIB-COM;Huawei;P50;Vibrador;Compatible;4,05;;;6
HU-P50-ANT-COM;Huawei;P50;Antena / coaxial;Compatible;3,65;;;6
HU-P50-HUE-COM;Huawei;P50;Botón home / huella;Compatible;6,05;;;6
HU-N8SE4-MAR-COM;Huawei;nova 8 SE 4G;Marco / chasis;Compatible;6,25;;;6
HU-N8SE4-BOT-COM;Huawei;nova 8 SE 4G;Botones laterales;Compatible;3,20;;;6
HU-N8SE4-CRI-COM;Huawei;nova 8 SE 4G;Cristal de pantalla;Compatible;3,20;;;6
HU-N8SE4-FPR-COM;Huawei;nova 8 SE 4G;Flex principal;Compatible;2,65;;;6
HU-N8SE4-VIB-COM;Huawei;nova 8 SE 4G;Vibrador;Compatible;3,10;;;6
HU-N8SE4-ANT-COM;Huawei;nova 8 SE 4G;Antena / coaxial;Compatible;2,79;;;6
HU-N8SE4-HUE-COM;Huawei;nova 8 SE 4G;Botón home / huella;Compatible;4,60;;;6
HU-N9P-MAR-COM;Huawei;nova 9 Pro;Marco / chasis;Compatible;7,20;;;6
HU-N9P-BOT-COM;Huawei;nova 9 Pro;Botones laterales;Compatible;3,70;;;6
HU-N9P-CRI-COM;Huawei;nova 9 Pro;Cristal de pantalla;Compatible;3,69;;;6
HU-N9P-FPR-COM;Huawei;nova 9 Pro;Flex principal;Compatible;3,05;;;6
HU-N9P-VIB-COM;Huawei;nova 9 Pro;Vibrador;Compatible;3,55;;;6
HU-N9P-ANT-COM;Huawei;nova 9 Pro;Antena / coaxial;Compatible;3,20;;;6
HU-N9P-HUE-COM;Huawei;nova 9 Pro;Botón home / huella;Compatible;5,30;;;6
HU-E20E-MAR-COM;Huawei;Enjoy 20e;Marco / chasis;Compatible;8,20;;;6
HU-E20E-BOT-COM;Huawei;Enjoy 20e;Botones laterales;Compatible;4,20;;;6
HU-E20E-CRI-COM;Huawei;Enjoy 20e;Cristal de pantalla;Compatible;4,20;;;6
HU-E20E-FPR-COM;Huawei;Enjoy 20e;Flex principal;Compatible;3,45;;;6
HU-E20E-VIB-COM;Huawei;Enjoy 20e;Vibrador;Compatible;4,05;;;6
HU-E20E-ANT-COM;Huawei;Enjoy 20e;Antena / coaxial;Compatible;3,65;;;6
HU-E20E-HUE-COM;Huawei;Enjoy 20e;Botón home / huella;Compatible;6,05;;;6
HU-N8-MAR-COM;Huawei;nova 8;Marco / chasis;Compatible;7,20;;;6
HU-N8-BOT-COM;Huawei;nova 8;Botones laterales;Compatible;3,70;;;6
HU-N8-CRI-COM;Huawei;nova 8;Cristal de pantalla;Compatible;3,69;;;6
HU-N8-FPR-COM;Huawei;nova 8;Flex principal;Compatible;3,05;;;6
HU-N8-VIB-COM;Huawei;nova 8;Vibrador;Compatible;3,55;;;6
HU-N8-ANT-COM;Huawei;nova 8;Antena / coaxial;Compatible;3,20;;;6
HU-N8-HUE-COM;Huawei;nova 8;Botón home / huella;Compatible;5,30;;;6
HU-N8SEY-MAR-COM;Huawei;nova 8 SE Youth;Marco / chasis;Compatible;6,25;;;6
HU-N8SEY-BOT-COM;Huawei;nova 8 SE Youth;Botones laterales;Compatible;3,20;;;6
HU-N8SEY-CRI-COM;Huawei;nova 8 SE Youth;Cristal de pantalla;Compatible;3,20;;;6
HU-N8SEY-FPR-COM;Huawei;nova 8 SE Youth;Flex principal;Compatible;2,65;;;6
HU-N8SEY-VIB-COM;Huawei;nova 8 SE Youth;Vibrador;Compatible;3,10;;;6
HU-N8SEY-ANT-COM;Huawei;nova 8 SE Youth;Antena / coaxial;Compatible;2,79;;;6
HU-N8SEY-HUE-COM;Huawei;nova 8 SE Youth;Botón home / huella;Compatible;4,60;;;6
HU-NY60-MAR-COM;Huawei;nova Y60;Marco / chasis;Compatible;6,25;;;6
HU-NY60-BOT-COM;Huawei;nova Y60;Botones laterales;Compatible;3,20;;;6
HU-NY60-CRI-COM;Huawei;nova Y60;Cristal de pantalla;Compatible;3,20;;;6
HU-NY60-FPR-COM;Huawei;nova Y60;Flex principal;Compatible;2,65;;;6
HU-NY60-VIB-COM;Huawei;nova Y60;Vibrador;Compatible;3,10;;;6
HU-NY60-ANT-COM;Huawei;nova Y60;Antena / coaxial;Compatible;2,79;;;6
HU-NY60-HUE-COM;Huawei;nova Y60;Botón home / huella;Compatible;4,60;;;6
HU-N8P4-MAR-COM;Huawei;nova 8 Pro 4G;Marco / chasis;Compatible;7,20;;;6
HU-N8P4-BOT-COM;Huawei;nova 8 Pro 4G;Botones laterales;Compatible;3,70;;;6
HU-N8P4-CRI-COM;Huawei;nova 8 Pro 4G;Cristal de pantalla;Compatible;3,69;;;6
HU-N8P4-FPR-COM;Huawei;nova 8 Pro 4G;Flex principal;Compatible;3,05;;;6
HU-N8P4-VIB-COM;Huawei;nova 8 Pro 4G;Vibrador;Compatible;3,55;;;6
HU-N8P4-ANT-COM;Huawei;nova 8 Pro 4G;Antena / coaxial;Compatible;3,20;;;6
HU-N8P4-HUE-COM;Huawei;nova 8 Pro 4G;Botón home / huella;Compatible;5,30;;;6
HU-MX2-FPR-COM;Huawei;Mate X2;Flex principal;Compatible;7,45;;;6
HU-MX2-VIB-COM;Huawei;Mate X2;Vibrador;Compatible;8,75;;;6
HU-MX2-ANT-COM;Huawei;Mate X2;Antena / coaxial;Compatible;7,85;;;6
HU-MX2-HUE-COM;Huawei;Mate X2;Botón home / huella;Compatible;13,00;12,61;12,22;6
HU-MX2-NFC-COM;Huawei;Mate X2;NFC y carga inalámbrica;Compatible;17,49;16,97;16,44;6
HU-N85-MAR-COM;Huawei;nova 8 5G;Marco / chasis;Compatible;7,20;;;6
HU-N85-BOT-COM;Huawei;nova 8 5G;Botones laterales;Compatible;3,70;;;6
HU-N85-CRI-COM;Huawei;nova 8 5G;Cristal de pantalla;Compatible;3,69;;;6
HU-N85-FPR-COM;Huawei;nova 8 5G;Flex principal;Compatible;3,05;;;6
HU-N85-VIB-COM;Huawei;nova 8 5G;Vibrador;Compatible;3,55;;;6
HU-N85-ANT-COM;Huawei;nova 8 5G;Antena / coaxial;Compatible;3,20;;;6
HU-N85-HUE-COM;Huawei;nova 8 5G;Botón home / huella;Compatible;5,30;;;6
HU-N8P5-MAR-COM;Huawei;nova 8 Pro 5G;Marco / chasis;Compatible;7,20;;;6
HU-N8P5-BOT-COM;Huawei;nova 8 Pro 5G;Botones laterales;Compatible;3,70;;;6
HU-N8P5-CRI-COM;Huawei;nova 8 Pro 5G;Cristal de pantalla;Compatible;3,69;;;6
HU-N8P5-FPR-COM;Huawei;nova 8 Pro 5G;Flex principal;Compatible;3,05;;;6
HU-N8P5-VIB-COM;Huawei;nova 8 Pro 5G;Vibrador;Compatible;3,55;;;6
HU-N8P5-ANT-COM;Huawei;nova 8 Pro 5G;Antena / coaxial;Compatible;3,20;;;6
HU-N8P5-HUE-COM;Huawei;nova 8 Pro 5G;Botón home / huella;Compatible;5,30;;;6
HU-N8SE5-MAR-COM;Huawei;nova 8 SE 5G;Marco / chasis;Compatible;6,25;;;6
HU-N8SE5-BOT-COM;Huawei;nova 8 SE 5G;Botones laterales;Compatible;3,20;;;6
HU-N8SE5-CRI-COM;Huawei;nova 8 SE 5G;Cristal de pantalla;Compatible;3,20;;;6
HU-N8SE5-FPR-COM;Huawei;nova 8 SE 5G;Flex principal;Compatible;2,65;;;6
HU-N8SE5-VIB-COM;Huawei;nova 8 SE 5G;Vibrador;Compatible;3,10;;;6
HU-N8SE5-ANT-COM;Huawei;nova 8 SE 5G;Antena / coaxial;Compatible;2,79;;;6
HU-N8SE5-HUE-COM;Huawei;nova 8 SE 5G;Botón home / huella;Compatible;4,60;;;6
HU-M40-MAR-COM;Huawei;Mate 40;Marco / chasis;Compatible;8,20;;;6
HU-M40-BOT-COM;Huawei;Mate 40;Botones laterales;Compatible;4,20;;;6
HU-M40-CRI-COM;Huawei;Mate 40;Cristal de pantalla;Compatible;4,20;;;6
HU-M40-FPR-COM;Huawei;Mate 40;Flex principal;Compatible;3,45;;;6
HU-M40-VIB-COM;Huawei;Mate 40;Vibrador;Compatible;4,05;;;6
HU-M40-ANT-COM;Huawei;Mate 40;Antena / coaxial;Compatible;3,65;;;6
HU-M40-HUE-COM;Huawei;Mate 40;Botón home / huella;Compatible;6,05;;;6
HU-N7SE5Y-MAR-COM;Huawei;nova 7 SE 5G Youth;Marco / chasis;Compatible;6,25;;;6
HU-N7SE5Y-BOT-COM;Huawei;nova 7 SE 5G Youth;Botones laterales;Compatible;3,20;;;6
HU-N7SE5Y-CRI-COM;Huawei;nova 7 SE 5G Youth;Cristal de pantalla;Compatible;3,20;;;6
HU-N7SE5Y-FPR-COM;Huawei;nova 7 SE 5G Youth;Flex principal;Compatible;2,65;;;6
HU-N7SE5Y-VIB-COM;Huawei;nova 7 SE 5G Youth;Vibrador;Compatible;3,10;;;6
HU-N7SE5Y-ANT-COM;Huawei;nova 7 SE 5G Youth;Antena / coaxial;Compatible;2,79;;;6
HU-N7SE5Y-HUE-COM;Huawei;nova 7 SE 5G Youth;Botón home / huella;Compatible;4,60;;;6
HU-Y9A-MAR-COM;Huawei;Y9a;Marco / chasis;Compatible;6,25;;;6
HU-Y9A-BOT-COM;Huawei;Y9a;Botones laterales;Compatible;3,20;;;6
HU-Y9A-CRI-COM;Huawei;Y9a;Cristal de pantalla;Compatible;3,20;;;6
HU-Y9A-FPR-COM;Huawei;Y9a;Flex principal;Compatible;2,65;;;6
HU-Y9A-VIB-COM;Huawei;Y9a;Vibrador;Compatible;3,10;;;6
HU-Y9A-ANT-COM;Huawei;Y9a;Antena / coaxial;Compatible;2,79;;;6
HU-Y9A-HUE-COM;Huawei;Y9a;Botón home / huella;Compatible;4,60;;;6
HU-Y5P-MAR-COM;Huawei;Y5p;Marco / chasis;Compatible;6,25;;;6
HU-Y5P-BOT-COM;Huawei;Y5p;Botones laterales;Compatible;3,20;;;6
HU-Y5P-CRI-COM;Huawei;Y5p;Cristal de pantalla;Compatible;3,20;;;6
HU-Y5P-FPR-COM;Huawei;Y5p;Flex principal;Compatible;2,65;;;6
HU-Y5P-VIB-COM;Huawei;Y5p;Vibrador;Compatible;3,10;;;6
HU-Y5P-ANT-COM;Huawei;Y5p;Antena / coaxial;Compatible;2,79;;;6
HU-Y5P-HUE-COM;Huawei;Y5p;Botón home / huella;Compatible;4,60;;;6
HU-Y6P2-MAR-COM;Huawei;Y6p;Marco / chasis;Compatible;6,25;;;6
HU-Y6P2-BOT-COM;Huawei;Y6p;Botones laterales;Compatible;3,20;;;6
HU-Y6P2-CRI-COM;Huawei;Y6p;Cristal de pantalla;Compatible;3,20;;;6
HU-Y6P2-FPR-COM;Huawei;Y6p;Flex principal;Compatible;2,65;;;6
HU-Y6P2-VIB-COM;Huawei;Y6p;Vibrador;Compatible;3,10;;;6
HU-Y6P2-ANT-COM;Huawei;Y6p;Antena / coaxial;Compatible;2,79;;;6
HU-Y6P2-HUE-COM;Huawei;Y6p;Botón home / huella;Compatible;4,60;;;6
HU-Y8P-MAR-COM;Huawei;Y8p;Marco / chasis;Compatible;6,25;;;6
HU-Y8P-BOT-COM;Huawei;Y8p;Botones laterales;Compatible;3,20;;;6
HU-Y8P-CRI-COM;Huawei;Y8p;Cristal de pantalla;Compatible;3,20;;;6
HU-Y8P-FPR-COM;Huawei;Y8p;Flex principal;Compatible;2,65;;;6
HU-Y8P-VIB-COM;Huawei;Y8p;Vibrador;Compatible;3,10;;;6
HU-Y8P-ANT-COM;Huawei;Y8p;Antena / coaxial;Compatible;2,79;;;6
HU-Y8P-HUE-COM;Huawei;Y8p;Botón home / huella;Compatible;4,60;;;6
HU-Y8S-MAR-COM;Huawei;Y8s;Marco / chasis;Compatible;6,25;;;6
HU-Y8S-BOT-COM;Huawei;Y8s;Botones laterales;Compatible;3,20;;;6
HU-Y8S-CRI-COM;Huawei;Y8s;Cristal de pantalla;Compatible;3,20;;;6
HU-Y8S-FPR-COM;Huawei;Y8s;Flex principal;Compatible;2,65;;;6
HU-Y8S-VIB-COM;Huawei;Y8s;Vibrador;Compatible;3,10;;;6
HU-Y8S-ANT-COM;Huawei;Y8s;Antena / coaxial;Compatible;2,79;;;6
HU-Y8S-HUE-COM;Huawei;Y8s;Botón home / huella;Compatible;4,60;;;6
HU-N7-MAR-COM;Huawei;nova 7;Marco / chasis;Compatible;7,20;;;6
HU-N7-BOT-COM;Huawei;nova 7;Botones laterales;Compatible;3,70;;;6
HU-N7-CRI-COM;Huawei;nova 7;Cristal de pantalla;Compatible;3,69;;;6
HU-N7-FPR-COM;Huawei;nova 7;Flex principal;Compatible;3,05;;;6
HU-N7-VIB-COM;Huawei;nova 7;Vibrador;Compatible;3,55;;;6
HU-N7-ANT-COM;Huawei;nova 7;Antena / coaxial;Compatible;3,20;;;6
HU-N7-HUE-COM;Huawei;nova 7;Botón home / huella;Compatible;5,30;;;6
HU-N7P5-MAR-COM;Huawei;nova 7 Pro 5G;Marco / chasis;Compatible;7,20;;;6
HU-N7P5-BOT-COM;Huawei;nova 7 Pro 5G;Botones laterales;Compatible;3,70;;;6
HU-N7P5-CRI-COM;Huawei;nova 7 Pro 5G;Cristal de pantalla;Compatible;3,69;;;6
HU-N7P5-FPR-COM;Huawei;nova 7 Pro 5G;Flex principal;Compatible;3,05;;;6
HU-N7P5-VIB-COM;Huawei;nova 7 Pro 5G;Vibrador;Compatible;3,55;;;6
HU-N7P5-ANT-COM;Huawei;nova 7 Pro 5G;Antena / coaxial;Compatible;3,20;;;6
HU-N7P5-HUE-COM;Huawei;nova 7 Pro 5G;Botón home / huella;Compatible;5,30;;;6
HU-N7SE-MAR-COM;Huawei;nova 7 SE;Marco / chasis;Compatible;6,25;;;6
HU-N7SE-BOT-COM;Huawei;nova 7 SE;Botones laterales;Compatible;3,20;;;6
HU-N7SE-CRI-COM;Huawei;nova 7 SE;Cristal de pantalla;Compatible;3,20;;;6
HU-N7SE-FPR-COM;Huawei;nova 7 SE;Flex principal;Compatible;2,65;;;6
HU-N7SE-VIB-COM;Huawei;nova 7 SE;Vibrador;Compatible;3,10;;;6
HU-N7SE-ANT-COM;Huawei;nova 7 SE;Antena / coaxial;Compatible;2,79;;;6
HU-N7SE-HUE-COM;Huawei;nova 7 SE;Botón home / huella;Compatible;4,60;;;6
HU-Y7P2-MAR-COM;Huawei;Y7p;Marco / chasis;Compatible;6,25;;;6
HU-Y7P2-BOT-COM;Huawei;Y7p;Botones laterales;Compatible;3,20;;;6
HU-Y7P2-CRI-COM;Huawei;Y7p;Cristal de pantalla;Compatible;3,20;;;6
HU-Y7P2-FPR-COM;Huawei;Y7p;Flex principal;Compatible;2,65;;;6
HU-Y7P2-VIB-COM;Huawei;Y7p;Vibrador;Compatible;3,10;;;6
HU-Y7P2-ANT-COM;Huawei;Y7p;Antena / coaxial;Compatible;2,79;;;6
HU-Y7P2-HUE-COM;Huawei;Y7p;Botón home / huella;Compatible;4,60;;;6
HU-N7I-MAR-COM;Huawei;nova 7i;Marco / chasis;Compatible;7,20;;;6
HU-N7I-BOT-COM;Huawei;nova 7i;Botones laterales;Compatible;3,70;;;6
HU-N7I-CRI-COM;Huawei;nova 7i;Cristal de pantalla;Compatible;3,69;;;6
HU-N7I-FPR-COM;Huawei;nova 7i;Flex principal;Compatible;3,05;;;6
HU-N7I-VIB-COM;Huawei;nova 7i;Vibrador;Compatible;3,55;;;6
HU-N7I-ANT-COM;Huawei;nova 7i;Antena / coaxial;Compatible;3,20;;;6
HU-N7I-HUE-COM;Huawei;nova 7i;Botón home / huella;Compatible;5,30;;;6
HU-Y6S-MAR-COM;Huawei;Y6s;Marco / chasis;Compatible;6,25;;;6
HU-Y6S-BOT-COM;Huawei;Y6s;Botones laterales;Compatible;3,20;;;6
HU-Y6S-CRI-COM;Huawei;Y6s;Cristal de pantalla;Compatible;3,20;;;6
HU-Y6S-FPR-COM;Huawei;Y6s;Flex principal;Compatible;2,65;;;6
HU-Y6S-VIB-COM;Huawei;Y6s;Vibrador;Compatible;3,10;;;6
HU-Y6S-ANT-COM;Huawei;Y6s;Antena / coaxial;Compatible;2,79;;;6
HU-Y6S-HUE-COM;Huawei;Y6s;Botón home / huella;Compatible;4,60;;;6
HU-N6-MAR-COM;Huawei;nova 6;Marco / chasis;Compatible;6,49;;;6
HU-N6-BOT-COM;Huawei;nova 6;Botones laterales;Compatible;3,35;;;6
HU-N6-CRI-COM;Huawei;nova 6;Cristal de pantalla;Compatible;3,30;;;6
HU-N6-FPR-COM;Huawei;nova 6;Flex principal;Compatible;2,75;;;6
HU-N6-VIB-COM;Huawei;nova 6;Vibrador;Compatible;3,20;;;6
HU-N6-ANT-COM;Huawei;nova 6;Antena / coaxial;Compatible;2,89;;;6
HU-N6-HUE-COM;Huawei;nova 6;Botón home / huella;Compatible;4,79;;;6
HU-N65-MAR-COM;Huawei;nova 6 5G;Marco / chasis;Compatible;6,49;;;6
HU-N65-BOT-COM;Huawei;nova 6 5G;Botones laterales;Compatible;3,35;;;6
HU-N65-CRI-COM;Huawei;nova 6 5G;Cristal de pantalla;Compatible;3,30;;;6
HU-N65-FPR-COM;Huawei;nova 6 5G;Flex principal;Compatible;2,75;;;6
HU-N65-VIB-COM;Huawei;nova 6 5G;Vibrador;Compatible;3,20;;;6
HU-N65-ANT-COM;Huawei;nova 6 5G;Antena / coaxial;Compatible;2,89;;;6
HU-N65-HUE-COM;Huawei;nova 6 5G;Botón home / huella;Compatible;4,79;;;6
HU-N6SE-MAR-COM;Huawei;nova 6 SE;Marco / chasis;Compatible;5,65;;;6
HU-N6SE-BOT-COM;Huawei;nova 6 SE;Botones laterales;Compatible;2,89;;;6
HU-N6SE-CRI-COM;Huawei;nova 6 SE;Cristal de pantalla;Compatible;2,89;;;6
HU-N6SE-FPR-COM;Huawei;nova 6 SE;Flex principal;Compatible;2,39;;;6
HU-N6SE-VIB-COM;Huawei;nova 6 SE;Vibrador;Compatible;2,79;;;6
HU-N6SE-ANT-COM;Huawei;nova 6 SE;Antena / coaxial;Compatible;2,50;;;6
HU-N6SE-HUE-COM;Huawei;nova 6 SE;Botón home / huella;Compatible;4,15;;;6
HU-M30RSPD-MAR-COM;Huawei;Mate 30 RS Porsche Design;Marco / chasis;Compatible;7,40;;;6
HU-M30RSPD-BOT-COM;Huawei;Mate 30 RS Porsche Design;Botones laterales;Compatible;3,80;;;6
HU-M30RSPD-CRI-COM;Huawei;Mate 30 RS Porsche Design;Cristal de pantalla;Compatible;3,79;;;6
HU-M30RSPD-FPR-COM;Huawei;Mate 30 RS Porsche Design;Flex principal;Compatible;3,10;;;6
HU-M30RSPD-VIB-COM;Huawei;Mate 30 RS Porsche Design;Vibrador;Compatible;3,65;;;6
HU-M30RSPD-ANT-COM;Huawei;Mate 30 RS Porsche Design;Antena / coaxial;Compatible;3,29;;;6
HU-M30RSPD-HUE-COM;Huawei;Mate 30 RS Porsche Design;Botón home / huella;Compatible;5,45;;;6
HU-MX-FPR-COM;Huawei;Mate X;Flex principal;Compatible;6,69;;;6
HU-MX-VIB-COM;Huawei;Mate X;Vibrador;Compatible;7,85;;;6
HU-MX-ANT-COM;Huawei;Mate X;Antena / coaxial;Compatible;7,05;;;6
HU-MX-HUE-COM;Huawei;Mate X;Botón home / huella;Compatible;11,70;11,35;11,00;6
HU-MX-NFC-COM;Huawei;Mate X;NFC y carga inalámbrica;Compatible;15,75;15,28;14,81;6
HU-N5Z-MAR-COM;Huawei;nova 5z;Marco / chasis;Compatible;6,49;;;6
HU-N5Z-BOT-COM;Huawei;nova 5z;Botones laterales;Compatible;3,35;;;6
HU-N5Z-CRI-COM;Huawei;nova 5z;Cristal de pantalla;Compatible;3,30;;;6
HU-N5Z-FPR-COM;Huawei;nova 5z;Flex principal;Compatible;2,75;;;6
HU-N5Z-VIB-COM;Huawei;nova 5z;Vibrador;Compatible;3,20;;;6
HU-N5Z-ANT-COM;Huawei;nova 5z;Antena / coaxial;Compatible;2,89;;;6
HU-N5Z-HUE-COM;Huawei;nova 5z;Botón home / huella;Compatible;4,79;;;6
HU-M30-MAR-COM;Huawei;Mate 30;Marco / chasis;Compatible;7,40;;;6
HU-M30-BOT-COM;Huawei;Mate 30;Botones laterales;Compatible;3,80;;;6
HU-M30-CRI-COM;Huawei;Mate 30;Cristal de pantalla;Compatible;3,79;;;6
HU-M30-FPR-COM;Huawei;Mate 30;Flex principal;Compatible;3,10;;;6
HU-M30-VIB-COM;Huawei;Mate 30;Vibrador;Compatible;3,65;;;6
HU-M30-ANT-COM;Huawei;Mate 30;Antena / coaxial;Compatible;3,29;;;6
HU-M30-HUE-COM;Huawei;Mate 30;Botón home / huella;Compatible;5,45;;;6
HU-Y9P19-MAR-COM;Huawei;Y9 Prime 2019;Marco / chasis;Compatible;5,65;;;6
HU-Y9P19-BOT-COM;Huawei;Y9 Prime 2019;Botones laterales;Compatible;2,89;;;6
HU-Y9P19-CRI-COM;Huawei;Y9 Prime 2019;Cristal de pantalla;Compatible;2,89;;;6
HU-Y9P19-FPR-COM;Huawei;Y9 Prime 2019;Flex principal;Compatible;2,39;;;6
HU-Y9P19-VIB-COM;Huawei;Y9 Prime 2019;Vibrador;Compatible;2,79;;;6
HU-Y9P19-ANT-COM;Huawei;Y9 Prime 2019;Antena / coaxial;Compatible;2,50;;;6
HU-Y9P19-HUE-COM;Huawei;Y9 Prime 2019;Botón home / huella;Compatible;4,15;;;6
HU-N5IP-MAR-COM;Huawei;nova 5i Pro;Marco / chasis;Compatible;6,49;;;6
HU-N5IP-BOT-COM;Huawei;nova 5i Pro;Botones laterales;Compatible;3,35;;;6
HU-N5IP-CRI-COM;Huawei;nova 5i Pro;Cristal de pantalla;Compatible;3,30;;;6
HU-N5IP-FPR-COM;Huawei;nova 5i Pro;Flex principal;Compatible;2,75;;;6
HU-N5IP-VIB-COM;Huawei;nova 5i Pro;Vibrador;Compatible;3,20;;;6
HU-N5IP-ANT-COM;Huawei;nova 5i Pro;Antena / coaxial;Compatible;2,89;;;6
HU-N5IP-HUE-COM;Huawei;nova 5i Pro;Botón home / huella;Compatible;4,79;;;6
HU-N5-MAR-COM;Huawei;nova 5;Marco / chasis;Compatible;6,49;;;6
HU-N5-BOT-COM;Huawei;nova 5;Botones laterales;Compatible;3,35;;;6
HU-N5-CRI-COM;Huawei;nova 5;Cristal de pantalla;Compatible;3,30;;;6
HU-N5-FPR-COM;Huawei;nova 5;Flex principal;Compatible;2,75;;;6
HU-N5-VIB-COM;Huawei;nova 5;Vibrador;Compatible;3,20;;;6
HU-N5-ANT-COM;Huawei;nova 5;Antena / coaxial;Compatible;2,89;;;6
HU-N5-HUE-COM;Huawei;nova 5;Botón home / huella;Compatible;4,79;;;6
HU-N5P-MAR-COM;Huawei;nova 5 Pro;Marco / chasis;Compatible;6,49;;;6
HU-N5P-BOT-COM;Huawei;nova 5 Pro;Botones laterales;Compatible;3,35;;;6
HU-N5P-CRI-COM;Huawei;nova 5 Pro;Cristal de pantalla;Compatible;3,30;;;6
HU-N5P-FPR-COM;Huawei;nova 5 Pro;Flex principal;Compatible;2,75;;;6
HU-N5P-VIB-COM;Huawei;nova 5 Pro;Vibrador;Compatible;3,20;;;6
HU-N5P-ANT-COM;Huawei;nova 5 Pro;Antena / coaxial;Compatible;2,89;;;6
HU-N5P-HUE-COM;Huawei;nova 5 Pro;Botón home / huella;Compatible;4,79;;;6
HU-N5I-MAR-COM;Huawei;nova 5i;Marco / chasis;Compatible;6,49;;;6
HU-N5I-BOT-COM;Huawei;nova 5i;Botones laterales;Compatible;3,35;;;6
HU-N5I-CRI-COM;Huawei;nova 5i;Cristal de pantalla;Compatible;3,30;;;6
HU-N5I-FPR-COM;Huawei;nova 5i;Flex principal;Compatible;2,75;;;6
HU-N5I-VIB-COM;Huawei;nova 5i;Vibrador;Compatible;3,20;;;6
HU-N5I-ANT-COM;Huawei;nova 5i;Antena / coaxial;Compatible;2,89;;;6
HU-N5I-HUE-COM;Huawei;nova 5i;Botón home / huella;Compatible;4,79;;;6
HU-Y519-MAR-COM;Huawei;Y5 2019;Marco / chasis;Compatible;5,65;;;6
HU-Y519-BOT-COM;Huawei;Y5 2019;Botones laterales;Compatible;2,89;;;6
HU-Y519-CRI-COM;Huawei;Y5 2019;Cristal de pantalla;Compatible;2,89;;;6
HU-Y519-FPR-COM;Huawei;Y5 2019;Flex principal;Compatible;2,39;;;6
HU-Y519-VIB-COM;Huawei;Y5 2019;Vibrador;Compatible;2,79;;;6
HU-Y519-ANT-COM;Huawei;Y5 2019;Antena / coaxial;Compatible;2,50;;;6
HU-Y519-HUE-COM;Huawei;Y5 2019;Botón home / huella;Compatible;4,15;;;6
HU-E9E-MAR-COM;Huawei;Enjoy 9e;Marco / chasis;Compatible;7,40;;;6
HU-E9E-BOT-COM;Huawei;Enjoy 9e;Botones laterales;Compatible;3,80;;;6
HU-E9E-CRI-COM;Huawei;Enjoy 9e;Cristal de pantalla;Compatible;3,79;;;6
HU-E9E-FPR-COM;Huawei;Enjoy 9e;Flex principal;Compatible;3,10;;;6
HU-E9E-VIB-COM;Huawei;Enjoy 9e;Vibrador;Compatible;3,65;;;6
HU-E9E-ANT-COM;Huawei;Enjoy 9e;Antena / coaxial;Compatible;3,29;;;6
HU-E9E-HUE-COM;Huawei;Enjoy 9e;Botón home / huella;Compatible;5,45;;;6
HU-N4E-MAR-COM;Huawei;nova 4e;Marco / chasis;Compatible;6,49;;;6
HU-N4E-BOT-COM;Huawei;nova 4e;Botones laterales;Compatible;3,35;;;6
HU-N4E-CRI-COM;Huawei;nova 4e;Cristal de pantalla;Compatible;3,30;;;6
HU-N4E-FPR-COM;Huawei;nova 4e;Flex principal;Compatible;2,75;;;6
HU-N4E-VIB-COM;Huawei;nova 4e;Vibrador;Compatible;3,20;;;6
HU-N4E-ANT-COM;Huawei;nova 4e;Antena / coaxial;Compatible;2,89;;;6
HU-N4E-HUE-COM;Huawei;nova 4e;Botón home / huella;Compatible;4,79;;;6
HU-Y6PRIME2-MAR-COM;Huawei;Y6 Prime 2019;Marco / chasis;Compatible;5,65;;;6
HU-Y6PRIME2-BOT-COM;Huawei;Y6 Prime 2019;Botones laterales;Compatible;2,89;;;6
HU-Y6PRIME2-CRI-COM;Huawei;Y6 Prime 2019;Cristal de pantalla;Compatible;2,89;;;6
HU-Y6PRIME2-FPR-COM;Huawei;Y6 Prime 2019;Flex principal;Compatible;2,39;;;6
HU-Y6PRIME2-VIB-COM;Huawei;Y6 Prime 2019;Vibrador;Compatible;2,79;;;6
HU-Y6PRIME2-ANT-COM;Huawei;Y6 Prime 2019;Antena / coaxial;Compatible;2,50;;;6
HU-Y6PRIME2-HUE-COM;Huawei;Y6 Prime 2019;Botón home / huella;Compatible;4,15;;;6
HU-Y719-MAR-COM;Huawei;Y7 2019;Marco / chasis;Compatible;5,65;;;6
HU-Y719-BOT-COM;Huawei;Y7 2019;Botones laterales;Compatible;2,89;;;6
HU-Y719-CRI-COM;Huawei;Y7 2019;Cristal de pantalla;Compatible;2,89;;;6
HU-Y719-FPR-COM;Huawei;Y7 2019;Flex principal;Compatible;2,39;;;6
HU-Y719-VIB-COM;Huawei;Y7 2019;Vibrador;Compatible;2,79;;;6
HU-Y719-ANT-COM;Huawei;Y7 2019;Antena / coaxial;Compatible;2,50;;;6
HU-Y719-HUE-COM;Huawei;Y7 2019;Botón home / huella;Compatible;4,15;;;6
HU-Y619-MAR-COM;Huawei;Y6 2019;Marco / chasis;Compatible;5,65;;;6
HU-Y619-BOT-COM;Huawei;Y6 2019;Botones laterales;Compatible;2,89;;;6
HU-Y619-CRI-COM;Huawei;Y6 2019;Cristal de pantalla;Compatible;2,89;;;6
HU-Y619-FPR-COM;Huawei;Y6 2019;Flex principal;Compatible;2,39;;;6
HU-Y619-VIB-COM;Huawei;Y6 2019;Vibrador;Compatible;2,79;;;6
HU-Y619-ANT-COM;Huawei;Y6 2019;Antena / coaxial;Compatible;2,50;;;6
HU-Y619-HUE-COM;Huawei;Y6 2019;Botón home / huella;Compatible;4,15;;;6
HU-Y6P19-MAR-COM;Huawei;Y6 Pro 2019;Marco / chasis;Compatible;5,65;;;6
HU-Y6P19-BOT-COM;Huawei;Y6 Pro 2019;Botones laterales;Compatible;2,89;;;6
HU-Y6P19-CRI-COM;Huawei;Y6 Pro 2019;Cristal de pantalla;Compatible;2,89;;;6
HU-Y6P19-FPR-COM;Huawei;Y6 Pro 2019;Flex principal;Compatible;2,39;;;6
HU-Y6P19-VIB-COM;Huawei;Y6 Pro 2019;Vibrador;Compatible;2,79;;;6
HU-Y6P19-ANT-COM;Huawei;Y6 Pro 2019;Antena / coaxial;Compatible;2,50;;;6
HU-Y6P19-HUE-COM;Huawei;Y6 Pro 2019;Botón home / huella;Compatible;4,15;;;6
HU-Y5L-MAR-COM;Huawei;Y5 lite;Marco / chasis;Compatible;5,65;;;6
HU-Y5L-BOT-COM;Huawei;Y5 lite;Botones laterales;Compatible;2,89;;;6
HU-Y5L-CRI-COM;Huawei;Y5 lite;Cristal de pantalla;Compatible;2,89;;;6
HU-Y5L-FPR-COM;Huawei;Y5 lite;Flex principal;Compatible;2,39;;;6
HU-Y5L-VIB-COM;Huawei;Y5 lite;Vibrador;Compatible;2,79;;;6
HU-Y5L-ANT-COM;Huawei;Y5 lite;Antena / coaxial;Compatible;2,50;;;6
HU-Y5L-HUE-COM;Huawei;Y5 lite;Botón home / huella;Compatible;4,15;;;6
HU-Y7PRIME2-MAR-COM;Huawei;Y7 Prime 2019;Marco / chasis;Compatible;5,65;;;6
HU-Y7PRIME2-BOT-COM;Huawei;Y7 Prime 2019;Botones laterales;Compatible;2,89;;;6
HU-Y7PRIME2-CRI-COM;Huawei;Y7 Prime 2019;Cristal de pantalla;Compatible;2,89;;;6
HU-Y7PRIME2-FPR-COM;Huawei;Y7 Prime 2019;Flex principal;Compatible;2,39;;;6
HU-Y7PRIME2-VIB-COM;Huawei;Y7 Prime 2019;Vibrador;Compatible;2,79;;;6
HU-Y7PRIME2-ANT-COM;Huawei;Y7 Prime 2019;Antena / coaxial;Compatible;2,50;;;6
HU-Y7PRIME2-HUE-COM;Huawei;Y7 Prime 2019;Botón home / huella;Compatible;4,15;;;6
HU-N4-MAR-COM;Huawei;nova 4;Marco / chasis;Compatible;6,49;;;6
HU-N4-BOT-COM;Huawei;nova 4;Botones laterales;Compatible;3,35;;;6
HU-N4-CRI-COM;Huawei;nova 4;Cristal de pantalla;Compatible;3,30;;;6
HU-N4-FPR-COM;Huawei;nova 4;Flex principal;Compatible;2,75;;;6
HU-N4-VIB-COM;Huawei;nova 4;Vibrador;Compatible;3,20;;;6
HU-N4-ANT-COM;Huawei;nova 4;Antena / coaxial;Compatible;2,89;;;6
HU-N4-HUE-COM;Huawei;nova 4;Botón home / huella;Compatible;4,79;;;6
HU-Y7P19-MAR-COM;Huawei;Y7 Pro 2019;Marco / chasis;Compatible;5,65;;;6
HU-Y7P19-BOT-COM;Huawei;Y7 Pro 2019;Botones laterales;Compatible;2,89;;;6
HU-Y7P19-CRI-COM;Huawei;Y7 Pro 2019;Cristal de pantalla;Compatible;2,89;;;6
HU-Y7P19-FPR-COM;Huawei;Y7 Pro 2019;Flex principal;Compatible;2,39;;;6
HU-Y7P19-VIB-COM;Huawei;Y7 Pro 2019;Vibrador;Compatible;2,79;;;6
HU-Y7P19-ANT-COM;Huawei;Y7 Pro 2019;Antena / coaxial;Compatible;2,50;;;6
HU-Y7P19-HUE-COM;Huawei;Y7 Pro 2019;Botón home / huella;Compatible;4,15;;;6
HU-YM-MAR-COM;Huawei;Y Max;Marco / chasis;Compatible;7,40;;;6
HU-YM-BOT-COM;Huawei;Y Max;Botones laterales;Compatible;3,80;;;6
HU-YM-CRI-COM;Huawei;Y Max;Cristal de pantalla;Compatible;3,79;;;6
HU-YM-FPR-COM;Huawei;Y Max;Flex principal;Compatible;3,10;;;6
HU-YM-VIB-COM;Huawei;Y Max;Vibrador;Compatible;3,65;;;6
HU-YM-ANT-COM;Huawei;Y Max;Antena / coaxial;Compatible;3,29;;;6
HU-YM-HUE-COM;Huawei;Y Max;Botón home / huella;Compatible;5,45;;;6
HU-Y919-MAR-COM;Huawei;Y9 2019;Marco / chasis;Compatible;5,65;;;6
HU-Y919-BOT-COM;Huawei;Y9 2019;Botones laterales;Compatible;2,89;;;6
HU-Y919-CRI-COM;Huawei;Y9 2019;Cristal de pantalla;Compatible;2,89;;;6
HU-Y919-FPR-COM;Huawei;Y9 2019;Flex principal;Compatible;2,39;;;6
HU-Y919-VIB-COM;Huawei;Y9 2019;Vibrador;Compatible;2,79;;;6
HU-Y919-ANT-COM;Huawei;Y9 2019;Antena / coaxial;Compatible;2,50;;;6
HU-Y919-HUE-COM;Huawei;Y9 2019;Botón home / huella;Compatible;4,15;;;6
HU-N3-MAR-COM;Huawei;nova 3;Marco / chasis;Compatible;6,49;;;6
HU-N3-BOT-COM;Huawei;nova 3;Botones laterales;Compatible;3,35;;;6
HU-N3-CRI-COM;Huawei;nova 3;Cristal de pantalla;Compatible;3,30;;;6
HU-N3-FPR-COM;Huawei;nova 3;Flex principal;Compatible;2,75;;;6
HU-N3-VIB-COM;Huawei;nova 3;Vibrador;Compatible;3,20;;;6
HU-N3-ANT-COM;Huawei;nova 3;Antena / coaxial;Compatible;2,89;;;6
HU-N3-HUE-COM;Huawei;nova 3;Botón home / huella;Compatible;4,79;;;6
HU-Y318-MAR-COM;Huawei;Y3 2018;Marco / chasis;Compatible;5,65;;;6
HU-Y318-BOT-COM;Huawei;Y3 2018;Botones laterales;Compatible;2,89;;;6
HU-Y318-CRI-COM;Huawei;Y3 2018;Cristal de pantalla;Compatible;2,89;;;6
HU-Y318-FPR-COM;Huawei;Y3 2018;Flex principal;Compatible;2,39;;;6
HU-Y318-VIB-COM;Huawei;Y3 2018;Vibrador;Compatible;2,79;;;6
HU-Y318-ANT-COM;Huawei;Y3 2018;Antena / coaxial;Compatible;2,50;;;6
HU-Y318-HUE-COM;Huawei;Y3 2018;Botón home / huella;Compatible;4,15;;;6
HU-Y5P18-MAR-COM;Huawei;Y5 Prime 2018;Marco / chasis;Compatible;5,65;;;6
HU-Y5P18-BOT-COM;Huawei;Y5 Prime 2018;Botones laterales;Compatible;2,89;;;6
HU-Y5P18-CRI-COM;Huawei;Y5 Prime 2018;Cristal de pantalla;Compatible;2,89;;;6
HU-Y5P18-FPR-COM;Huawei;Y5 Prime 2018;Flex principal;Compatible;2,39;;;6
HU-Y5P18-VIB-COM;Huawei;Y5 Prime 2018;Vibrador;Compatible;2,79;;;6
HU-Y5P18-ANT-COM;Huawei;Y5 Prime 2018;Antena / coaxial;Compatible;2,50;;;6
HU-Y5P18-HUE-COM;Huawei;Y5 Prime 2018;Botón home / huella;Compatible;4,15;;;6
HU-Y6P18-MAR-COM;Huawei;Y6 Prime 2018;Marco / chasis;Compatible;5,65;;;6
HU-Y6P18-BOT-COM;Huawei;Y6 Prime 2018;Botones laterales;Compatible;2,89;;;6
HU-Y6P18-CRI-COM;Huawei;Y6 Prime 2018;Cristal de pantalla;Compatible;2,89;;;6
HU-Y6P18-FPR-COM;Huawei;Y6 Prime 2018;Flex principal;Compatible;2,39;;;6
HU-Y6P18-VIB-COM;Huawei;Y6 Prime 2018;Vibrador;Compatible;2,79;;;6
HU-Y6P18-ANT-COM;Huawei;Y6 Prime 2018;Antena / coaxial;Compatible;2,50;;;6
HU-Y6P18-HUE-COM;Huawei;Y6 Prime 2018;Botón home / huella;Compatible;4,15;;;6
HU-N2I-MAR-COM;Huawei;nova 2i;Marco / chasis;Compatible;6,49;;;6
HU-N2I-BOT-COM;Huawei;nova 2i;Botones laterales;Compatible;3,35;;;6
HU-N2I-CRI-COM;Huawei;nova 2i;Cristal de pantalla;Compatible;3,30;;;6
HU-N2I-FPR-COM;Huawei;nova 2i;Flex principal;Compatible;2,75;;;6
HU-N2I-VIB-COM;Huawei;nova 2i;Vibrador;Compatible;3,20;;;6
HU-N2I-ANT-COM;Huawei;nova 2i;Antena / coaxial;Compatible;2,89;;;6
HU-N2I-HUE-COM;Huawei;nova 2i;Botón home / huella;Compatible;4,79;;;6
HU-P20L-MAR-COM;Huawei;P20 lite;Marco / chasis;Compatible;6,49;;;6
HU-P20L-BOT-COM;Huawei;P20 lite;Botones laterales;Compatible;3,35;;;6
HU-P20L-CRI-COM;Huawei;P20 lite;Cristal de pantalla;Compatible;3,30;;;6
HU-P20L-FPR-COM;Huawei;P20 lite;Flex principal;Compatible;2,75;;;6
HU-P20L-VIB-COM;Huawei;P20 lite;Vibrador;Compatible;3,20;;;6
HU-P20L-ANT-COM;Huawei;P20 lite;Antena / coaxial;Compatible;2,89;;;6
HU-P20L-HUE-COM;Huawei;P20 lite;Botón home / huella;Compatible;4,79;;;6
HU-P20-MAR-COM;Huawei;P20;Marco / chasis;Compatible;7,40;;;6
HU-P20-BOT-COM;Huawei;P20;Botones laterales;Compatible;3,80;;;6
HU-P20-CRI-COM;Huawei;P20;Cristal de pantalla;Compatible;3,79;;;6
HU-P20-FPR-COM;Huawei;P20;Flex principal;Compatible;3,10;;;6
HU-P20-VIB-COM;Huawei;P20;Vibrador;Compatible;3,65;;;6
HU-P20-ANT-COM;Huawei;P20;Antena / coaxial;Compatible;3,29;;;6
HU-P20-HUE-COM;Huawei;P20;Botón home / huella;Compatible;5,45;;;6
HU-Y7P18-MAR-COM;Huawei;Y7 Prime 2018;Marco / chasis;Compatible;5,65;;;6
HU-Y7P18-BOT-COM;Huawei;Y7 Prime 2018;Botones laterales;Compatible;2,89;;;6
HU-Y7P18-CRI-COM;Huawei;Y7 Prime 2018;Cristal de pantalla;Compatible;2,89;;;6
HU-Y7P18-FPR-COM;Huawei;Y7 Prime 2018;Flex principal;Compatible;2,39;;;6
HU-Y7P18-VIB-COM;Huawei;Y7 Prime 2018;Vibrador;Compatible;2,79;;;6
HU-Y7P18-ANT-COM;Huawei;Y7 Prime 2018;Antena / coaxial;Compatible;2,50;;;6
HU-Y7P18-HUE-COM;Huawei;Y7 Prime 2018;Botón home / huella;Compatible;4,15;;;6
HU-Y7PRO201-MAR-COM;Huawei;Y7 Pro 2018;Marco / chasis;Compatible;5,65;;;6
HU-Y7PRO201-BOT-COM;Huawei;Y7 Pro 2018;Botones laterales;Compatible;2,89;;;6
HU-Y7PRO201-CRI-COM;Huawei;Y7 Pro 2018;Cristal de pantalla;Compatible;2,89;;;6
HU-Y7PRO201-FPR-COM;Huawei;Y7 Pro 2018;Flex principal;Compatible;2,39;;;6
HU-Y7PRO201-VIB-COM;Huawei;Y7 Pro 2018;Vibrador;Compatible;2,79;;;6
HU-Y7PRO201-ANT-COM;Huawei;Y7 Pro 2018;Antena / coaxial;Compatible;2,50;;;6
HU-Y7PRO201-HUE-COM;Huawei;Y7 Pro 2018;Botón home / huella;Compatible;4,15;;;6
HU-Y918-MAR-COM;Huawei;Y9 2018;Marco / chasis;Compatible;5,65;;;6
HU-Y918-BOT-COM;Huawei;Y9 2018;Botones laterales;Compatible;2,89;;;6
HU-Y918-CRI-COM;Huawei;Y9 2018;Cristal de pantalla;Compatible;2,89;;;6
HU-Y918-FPR-COM;Huawei;Y9 2018;Flex principal;Compatible;2,39;;;6
HU-Y918-VIB-COM;Huawei;Y9 2018;Vibrador;Compatible;2,79;;;6
HU-Y918-ANT-COM;Huawei;Y9 2018;Antena / coaxial;Compatible;2,50;;;6
HU-Y918-HUE-COM;Huawei;Y9 2018;Botón home / huella;Compatible;4,15;;;6
HU-N2S-MAR-COM;Huawei;nova 2s;Marco / chasis;Compatible;6,49;;;6
HU-N2S-BOT-COM;Huawei;nova 2s;Botones laterales;Compatible;3,35;;;6
HU-N2S-CRI-COM;Huawei;nova 2s;Cristal de pantalla;Compatible;3,30;;;6
HU-N2S-FPR-COM;Huawei;nova 2s;Flex principal;Compatible;2,75;;;6
HU-N2S-VIB-COM;Huawei;nova 2s;Vibrador;Compatible;3,20;;;6
HU-N2S-ANT-COM;Huawei;nova 2s;Antena / coaxial;Compatible;2,89;;;6
HU-N2S-HUE-COM;Huawei;nova 2s;Botón home / huella;Compatible;4,79;;;6
HU-M10L-MAR-COM;Huawei;Mate 10 lite;Marco / chasis;Compatible;6,49;;;6
HU-M10L-BOT-COM;Huawei;Mate 10 lite;Botones laterales;Compatible;3,35;;;6
HU-M10L-CRI-COM;Huawei;Mate 10 lite;Cristal de pantalla;Compatible;3,30;;;6
HU-M10L-FPR-COM;Huawei;Mate 10 lite;Flex principal;Compatible;2,75;;;6
HU-M10L-VIB-COM;Huawei;Mate 10 lite;Vibrador;Compatible;3,20;;;6
HU-M10L-ANT-COM;Huawei;Mate 10 lite;Antena / coaxial;Compatible;2,89;;;6
HU-M10L-HUE-COM;Huawei;Mate 10 lite;Botón home / huella;Compatible;4,79;;;6
HU-M10-MAR-COM;Huawei;Mate 10;Marco / chasis;Compatible;7,40;;;6
HU-M10-BOT-COM;Huawei;Mate 10;Botones laterales;Compatible;3,80;;;6
HU-M10-CRI-COM;Huawei;Mate 10;Cristal de pantalla;Compatible;3,79;;;6
HU-M10-FPR-COM;Huawei;Mate 10;Flex principal;Compatible;3,10;;;6
HU-M10-VIB-COM;Huawei;Mate 10;Vibrador;Compatible;3,65;;;6
HU-M10-ANT-COM;Huawei;Mate 10;Antena / coaxial;Compatible;3,29;;;6
HU-M10-HUE-COM;Huawei;Mate 10;Botón home / huella;Compatible;5,45;;;6
HU-Y317-MAR-COM;Huawei;Y3 2017;Marco / chasis;Compatible;5,65;;;6
HU-Y317-BOT-COM;Huawei;Y3 2017;Botones laterales;Compatible;2,89;;;6
HU-Y317-CRI-COM;Huawei;Y3 2017;Cristal de pantalla;Compatible;2,89;;;6
HU-Y317-FPR-COM;Huawei;Y3 2017;Flex principal;Compatible;2,39;;;6
HU-Y317-VIB-COM;Huawei;Y3 2017;Vibrador;Compatible;2,79;;;6
HU-Y317-ANT-COM;Huawei;Y3 2017;Antena / coaxial;Compatible;2,50;;;6
HU-Y317-HUE-COM;Huawei;Y3 2017;Botón home / huella;Compatible;4,15;;;6
HU-NL-MAR-COM;Huawei;nova lite;Marco / chasis;Compatible;6,49;;;6
HU-NL-BOT-COM;Huawei;nova lite;Botones laterales;Compatible;3,35;;;6
HU-NL-CRI-COM;Huawei;nova lite;Cristal de pantalla;Compatible;3,30;;;6
HU-NL-FPR-COM;Huawei;nova lite;Flex principal;Compatible;2,75;;;6
HU-NL-VIB-COM;Huawei;nova lite;Vibrador;Compatible;3,20;;;6
HU-NL-ANT-COM;Huawei;nova lite;Antena / coaxial;Compatible;2,89;;;6
HU-NL-HUE-COM;Huawei;nova lite;Botón home / huella;Compatible;4,79;;;6
HU-NLPL-MAR-COM;Huawei;nova lite+;Marco / chasis;Compatible;6,49;;;6
HU-NLPL-BOT-COM;Huawei;nova lite+;Botones laterales;Compatible;3,35;;;6
HU-NLPL-CRI-COM;Huawei;nova lite+;Cristal de pantalla;Compatible;3,30;;;6
HU-NLPL-FPR-COM;Huawei;nova lite+;Flex principal;Compatible;2,75;;;6
HU-NLPL-VIB-COM;Huawei;nova lite+;Vibrador;Compatible;3,20;;;6
HU-NLPL-ANT-COM;Huawei;nova lite+;Antena / coaxial;Compatible;2,89;;;6
HU-NLPL-HUE-COM;Huawei;nova lite+;Botón home / huella;Compatible;4,79;;;6
HU-Y617-MAR-COM;Huawei;Y6 2017;Marco / chasis;Compatible;5,65;;;6
HU-Y617-BOT-COM;Huawei;Y6 2017;Botones laterales;Compatible;2,89;;;6
HU-Y617-CRI-COM;Huawei;Y6 2017;Cristal de pantalla;Compatible;2,89;;;6
HU-Y617-FPR-COM;Huawei;Y6 2017;Flex principal;Compatible;2,39;;;6
HU-Y617-VIB-COM;Huawei;Y6 2017;Vibrador;Compatible;2,79;;;6
HU-Y617-ANT-COM;Huawei;Y6 2017;Antena / coaxial;Compatible;2,50;;;6
HU-Y617-HUE-COM;Huawei;Y6 2017;Botón home / huella;Compatible;4,15;;;6
HU-N2-MAR-COM;Huawei;nova 2;Marco / chasis;Compatible;6,49;;;6
HU-N2-BOT-COM;Huawei;nova 2;Botones laterales;Compatible;3,35;;;6
HU-N2-CRI-COM;Huawei;nova 2;Cristal de pantalla;Compatible;3,30;;;6
HU-N2-FPR-COM;Huawei;nova 2;Flex principal;Compatible;2,75;;;6
HU-N2-VIB-COM;Huawei;nova 2;Vibrador;Compatible;3,20;;;6
HU-N2-ANT-COM;Huawei;nova 2;Antena / coaxial;Compatible;2,89;;;6
HU-N2-HUE-COM;Huawei;nova 2;Botón home / huella;Compatible;4,79;;;6
HU-N2PL-MAR-COM;Huawei;nova 2 Plus;Marco / chasis;Compatible;6,49;;;6
HU-N2PL-BOT-COM;Huawei;nova 2 Plus;Botones laterales;Compatible;3,35;;;6
HU-N2PL-CRI-COM;Huawei;nova 2 Plus;Cristal de pantalla;Compatible;3,30;;;6
HU-N2PL-FPR-COM;Huawei;nova 2 Plus;Flex principal;Compatible;2,75;;;6
HU-N2PL-VIB-COM;Huawei;nova 2 Plus;Vibrador;Compatible;3,20;;;6
HU-N2PL-ANT-COM;Huawei;nova 2 Plus;Antena / coaxial;Compatible;2,89;;;6
HU-N2PL-HUE-COM;Huawei;nova 2 Plus;Botón home / huella;Compatible;4,79;;;6
HU-Y517-MAR-COM;Huawei;Y5 2017;Marco / chasis;Compatible;5,65;;;6
HU-Y517-BOT-COM;Huawei;Y5 2017;Botones laterales;Compatible;2,89;;;6
HU-Y517-CRI-COM;Huawei;Y5 2017;Cristal de pantalla;Compatible;2,89;;;6
HU-Y517-FPR-COM;Huawei;Y5 2017;Flex principal;Compatible;2,39;;;6
HU-Y517-VIB-COM;Huawei;Y5 2017;Vibrador;Compatible;2,79;;;6
HU-Y517-ANT-COM;Huawei;Y5 2017;Antena / coaxial;Compatible;2,50;;;6
HU-Y517-HUE-COM;Huawei;Y5 2017;Botón home / huella;Compatible;4,15;;;6
HU-Y7P-MAR-COM;Huawei;Y7 Prime;Marco / chasis;Compatible;5,65;;;6
HU-Y7P-BOT-COM;Huawei;Y7 Prime;Botones laterales;Compatible;2,89;;;6
HU-Y7P-CRI-COM;Huawei;Y7 Prime;Cristal de pantalla;Compatible;2,89;;;6
HU-Y7P-FPR-COM;Huawei;Y7 Prime;Flex principal;Compatible;2,39;;;6
HU-Y7P-VIB-COM;Huawei;Y7 Prime;Vibrador;Compatible;2,79;;;6
HU-Y7P-ANT-COM;Huawei;Y7 Prime;Antena / coaxial;Compatible;2,50;;;6
HU-Y7P-HUE-COM;Huawei;Y7 Prime;Botón home / huella;Compatible;4,15;;;6
HU-NS-MAR-COM;Huawei;nova Smart;Marco / chasis;Compatible;6,49;;;6
HU-NS-BOT-COM;Huawei;nova Smart;Botones laterales;Compatible;3,35;;;6
HU-NS-CRI-COM;Huawei;nova Smart;Cristal de pantalla;Compatible;3,30;;;6
HU-NS-FPR-COM;Huawei;nova Smart;Flex principal;Compatible;2,75;;;6
HU-NS-VIB-COM;Huawei;nova Smart;Vibrador;Compatible;3,20;;;6
HU-NS-ANT-COM;Huawei;nova Smart;Antena / coaxial;Compatible;2,89;;;6
HU-NS-HUE-COM;Huawei;nova Smart;Botón home / huella;Compatible;4,79;;;6
HU-Y6IIC-MAR-COM;Huawei;Y6 II Compact;Marco / chasis;Compatible;5,00;;;6
HU-Y6IIC-BOT-COM;Huawei;Y6 II Compact;Botones laterales;Compatible;2,55;;;6
HU-Y6IIC-CRI-COM;Huawei;Y6 II Compact;Cristal de pantalla;Compatible;2,55;;;6
HU-Y6IIC-FPR-COM;Huawei;Y6 II Compact;Flex principal;Compatible;2,10;;;6
HU-Y6IIC-VIB-COM;Huawei;Y6 II Compact;Vibrador;Compatible;2,49;;;6
HU-Y6IIC-ANT-COM;Huawei;Y6 II Compact;Antena / coaxial;Compatible;2,25;;;6
HU-Y6IIC-HUE-COM;Huawei;Y6 II Compact;Botón home / huella;Compatible;3,70;;;6
HU-Y6II-MAR-COM;Huawei;Y6 II;Marco / chasis;Compatible;5,00;;;6
HU-Y6II-BOT-COM;Huawei;Y6 II;Botones laterales;Compatible;2,55;;;6
HU-Y6II-CRI-COM;Huawei;Y6 II;Cristal de pantalla;Compatible;2,55;;;6
HU-Y6II-FPR-COM;Huawei;Y6 II;Flex principal;Compatible;2,10;;;6
HU-Y6II-VIB-COM;Huawei;Y6 II;Vibrador;Compatible;2,49;;;6
HU-Y6II-ANT-COM;Huawei;Y6 II;Antena / coaxial;Compatible;2,25;;;6
HU-Y6II-HUE-COM;Huawei;Y6 II;Botón home / huella;Compatible;3,70;;;6
HU-Y3II-MAR-COM;Huawei;Y3 II;Marco / chasis;Compatible;5,00;;;6
HU-Y3II-BOT-COM;Huawei;Y3 II;Botones laterales;Compatible;2,55;;;6
HU-Y3II-CRI-COM;Huawei;Y3 II;Cristal de pantalla;Compatible;2,55;;;6
HU-Y3II-FPR-COM;Huawei;Y3 II;Flex principal;Compatible;2,10;;;6
HU-Y3II-VIB-COM;Huawei;Y3 II;Vibrador;Compatible;2,49;;;6
HU-Y3II-ANT-COM;Huawei;Y3 II;Antena / coaxial;Compatible;2,25;;;6
HU-Y3II-HUE-COM;Huawei;Y3 II;Botón home / huella;Compatible;3,70;;;6
HU-Y5II-MAR-COM;Huawei;Y5 II;Marco / chasis;Compatible;5,00;;;6
HU-Y5II-BOT-COM;Huawei;Y5 II;Botones laterales;Compatible;2,55;;;6
HU-Y5II-CRI-COM;Huawei;Y5 II;Cristal de pantalla;Compatible;2,55;;;6
HU-Y5II-FPR-COM;Huawei;Y5 II;Flex principal;Compatible;2,10;;;6
HU-Y5II-VIB-COM;Huawei;Y5 II;Vibrador;Compatible;2,49;;;6
HU-Y5II-ANT-COM;Huawei;Y5 II;Antena / coaxial;Compatible;2,25;;;6
HU-Y5II-HUE-COM;Huawei;Y5 II;Botón home / huella;Compatible;3,70;;;6
HU-GT3-MAR-COM;Huawei;GT3;Marco / chasis;Compatible;6,59;;;6
HU-GT3-BOT-COM;Huawei;GT3;Botones laterales;Compatible;3,39;;;6
HU-GT3-CRI-COM;Huawei;GT3;Cristal de pantalla;Compatible;3,35;;;6
HU-GT3-FPR-COM;Huawei;GT3;Flex principal;Compatible;2,75;;;6
HU-GT3-VIB-COM;Huawei;GT3;Vibrador;Compatible;3,25;;;6
HU-GT3-ANT-COM;Huawei;GT3;Antena / coaxial;Compatible;2,90;;;6
HU-GT3-HUE-COM;Huawei;GT3;Botón home / huella;Compatible;4,85;;;6
HU-Y6P-MAR-COM;Huawei;Y6 Pro;Marco / chasis;Compatible;5,00;;;6
HU-Y6P-BOT-COM;Huawei;Y6 Pro;Botones laterales;Compatible;2,55;;;6
HU-Y6P-CRI-COM;Huawei;Y6 Pro;Cristal de pantalla;Compatible;2,55;;;6
HU-Y6P-FPR-COM;Huawei;Y6 Pro;Flex principal;Compatible;2,10;;;6
HU-Y6P-VIB-COM;Huawei;Y6 Pro;Vibrador;Compatible;2,49;;;6
HU-Y6P-ANT-COM;Huawei;Y6 Pro;Antena / coaxial;Compatible;2,25;;;6
HU-Y6P-HUE-COM;Huawei;Y6 Pro;Botón home / huella;Compatible;3,70;;;6
HU-GR3-MAR-COM;Huawei;GR3;Marco / chasis;Compatible;6,59;;;6
HU-GR3-BOT-COM;Huawei;GR3;Botones laterales;Compatible;3,39;;;6
HU-GR3-CRI-COM;Huawei;GR3;Cristal de pantalla;Compatible;3,35;;;6
HU-GR3-FPR-COM;Huawei;GR3;Flex principal;Compatible;2,75;;;6
HU-GR3-VIB-COM;Huawei;GR3;Vibrador;Compatible;3,25;;;6
HU-GR3-ANT-COM;Huawei;GR3;Antena / coaxial;Compatible;2,90;;;6
HU-GR3-HUE-COM;Huawei;GR3;Botón home / huella;Compatible;4,85;;;6
HU-MS-MAR-COM;Huawei;Mate S;Marco / chasis;Compatible;6,59;;;6
HU-MS-BOT-COM;Huawei;Mate S;Botones laterales;Compatible;3,39;;;6
HU-MS-CRI-COM;Huawei;Mate S;Cristal de pantalla;Compatible;3,35;;;6
HU-MS-VIB-COM;Huawei;Mate S;Vibrador;Compatible;3,25;;;6
HU-MS-ANT-COM;Huawei;Mate S;Antena / coaxial;Compatible;2,90;;;6
HU-G8-MAR-COM;Huawei;G8;Marco / chasis;Compatible;6,59;;;6
HU-G8-BOT-COM;Huawei;G8;Botones laterales;Compatible;3,39;;;6
HU-G8-CRI-COM;Huawei;G8;Cristal de pantalla;Compatible;3,35;;;6
HU-G8-VIB-COM;Huawei;G8;Vibrador;Compatible;3,25;;;6
HU-G8-ANT-COM;Huawei;G8;Antena / coaxial;Compatible;2,90;;;6
HU-Y5C-MAR-COM;Huawei;Y5c;Marco / chasis;Compatible;5,00;;;6
HU-Y5C-BOT-COM;Huawei;Y5c;Botones laterales;Compatible;2,55;;;6
HU-Y5C-CRI-COM;Huawei;Y5c;Cristal de pantalla;Compatible;2,55;;;6
HU-Y5C-VIB-COM;Huawei;Y5c;Vibrador;Compatible;2,49;;;6
HU-Y5C-ANT-COM;Huawei;Y5c;Antena / coaxial;Compatible;2,25;;;6
HU-Y6-MAR-COM;Huawei;Y6;Marco / chasis;Compatible;5,00;;;6
HU-Y6-BOT-COM;Huawei;Y6;Botones laterales;Compatible;2,55;;;6
HU-Y6-CRI-COM;Huawei;Y6;Cristal de pantalla;Compatible;2,55;;;6
HU-Y6-VIB-COM;Huawei;Y6;Vibrador;Compatible;2,49;;;6
HU-Y6-ANT-COM;Huawei;Y6;Antena / coaxial;Compatible;2,25;;;6
HU-Y3-MAR-COM;Huawei;Y3;Marco / chasis;Compatible;5,00;;;6
HU-Y3-BOT-COM;Huawei;Y3;Botones laterales;Compatible;2,55;;;6
HU-Y3-CRI-COM;Huawei;Y3;Cristal de pantalla;Compatible;2,55;;;6
HU-Y3-VIB-COM;Huawei;Y3;Vibrador;Compatible;2,49;;;6
HU-Y3-ANT-COM;Huawei;Y3;Antena / coaxial;Compatible;2,25;;;6
HU-Y5-MAR-COM;Huawei;Y5;Marco / chasis;Compatible;5,00;;;6
HU-Y5-BOT-COM;Huawei;Y5;Botones laterales;Compatible;2,55;;;6
HU-Y5-CRI-COM;Huawei;Y5;Cristal de pantalla;Compatible;2,55;;;6
HU-Y5-VIB-COM;Huawei;Y5;Vibrador;Compatible;2,49;;;6
HU-Y5-ANT-COM;Huawei;Y5;Antena / coaxial;Compatible;2,25;;;6
HU-AM7-MAR-COM;Huawei;Ascend Mate 7;Marco / chasis;Compatible;6,59;;;6
HU-AM7-BOT-COM;Huawei;Ascend Mate 7;Botones laterales;Compatible;3,39;;;6
HU-AM7-ANT-COM;Huawei;Ascend Mate 7;Antena / coaxial;Compatible;2,90;;;6
HU-AG7-MAR-COM;Huawei;Ascend G7;Marco / chasis;Compatible;6,59;;;6
HU-AG7-BOT-COM;Huawei;Ascend G7;Botones laterales;Compatible;3,39;;;6
HU-AG7-ANT-COM;Huawei;Ascend G7;Antena / coaxial;Compatible;2,90;;;6
HU-AP7-MAR-COM;Huawei;Ascend P7;Marco / chasis;Compatible;6,59;;;6
HU-AP7-BOT-COM;Huawei;Ascend P7;Botones laterales;Compatible;3,39;;;6
HU-AP7-ANT-COM;Huawei;Ascend P7;Antena / coaxial;Compatible;2,90;;;6
HU-AP7MN-MAR-COM;Huawei;Ascend P7 mini;Marco / chasis;Compatible;6,59;;;6
HU-AP7MN-BOT-COM;Huawei;Ascend P7 mini;Botones laterales;Compatible;3,39;;;6
HU-AP7MN-ANT-COM;Huawei;Ascend P7 mini;Antena / coaxial;Compatible;2,90;;;6
HU-AY600-MAR-COM;Huawei;Ascend Y600;Marco / chasis;Compatible;6,59;;;6
HU-AY600-BOT-COM;Huawei;Ascend Y600;Botones laterales;Compatible;3,39;;;6
HU-AY600-ANT-COM;Huawei;Ascend Y600;Antena / coaxial;Compatible;2,90;;;6
HU-AG6-MAR-COM;Huawei;Ascend G6;Marco / chasis;Compatible;6,59;;;6
HU-AG6-BOT-COM;Huawei;Ascend G6;Botones laterales;Compatible;3,39;;;6
HU-AG6-ANT-COM;Huawei;Ascend G6;Antena / coaxial;Compatible;2,90;;;6
HU-AG64-MAR-COM;Huawei;Ascend G6 4G;Marco / chasis;Compatible;6,59;;;6
HU-AG64-BOT-COM;Huawei;Ascend G6 4G;Botones laterales;Compatible;3,39;;;6
HU-AG64-ANT-COM;Huawei;Ascend G6 4G;Antena / coaxial;Compatible;2,90;;;6
HU-AY530-MAR-COM;Huawei;Ascend Y530;Marco / chasis;Compatible;6,59;;;6
HU-AY530-BOT-COM;Huawei;Ascend Y530;Botones laterales;Compatible;3,39;;;6
HU-AY530-ANT-COM;Huawei;Ascend Y530;Antena / coaxial;Compatible;2,90;;;6
HU-AM24-MAR-COM;Huawei;Ascend Mate 2 4G;Marco / chasis;Compatible;6,59;;;6
HU-AM24-BOT-COM;Huawei;Ascend Mate 2 4G;Botones laterales;Compatible;3,39;;;6
HU-AM24-ANT-COM;Huawei;Ascend Mate 2 4G;Antena / coaxial;Compatible;2,90;;;6
HU-PAL-MAR-COM;Huawei;Pal;Marco / chasis;Compatible;6,59;;;6
HU-PAL-BOT-COM;Huawei;Pal;Botones laterales;Compatible;3,39;;;6
HU-PAL-ANT-COM;Huawei;Pal;Antena / coaxial;Compatible;2,90;;;6
HU-AW2-MAR-COM;Huawei;Ascend W2;Marco / chasis;Compatible;6,59;;;6
HU-AW2-BOT-COM;Huawei;Ascend W2;Botones laterales;Compatible;3,39;;;6
HU-AW2-ANT-COM;Huawei;Ascend W2;Antena / coaxial;Compatible;2,90;;;6
HU-AP6-MAR-COM;Huawei;Ascend P6;Marco / chasis;Compatible;6,59;;;6
HU-AP6-BOT-COM;Huawei;Ascend P6;Botones laterales;Compatible;3,39;;;6
HU-AP6-ANT-COM;Huawei;Ascend P6;Antena / coaxial;Compatible;2,90;;;6
HU-AP2-MAR-COM;Huawei;Ascend P2;Marco / chasis;Compatible;6,59;;;6
HU-AP2-BOT-COM;Huawei;Ascend P2;Botones laterales;Compatible;3,39;;;6
HU-AP2-ANT-COM;Huawei;Ascend P2;Antena / coaxial;Compatible;2,90;;;6
HU-AM-MAR-COM;Huawei;Ascend Mate;Marco / chasis;Compatible;6,59;;;6
HU-AM-BOT-COM;Huawei;Ascend Mate;Botones laterales;Compatible;3,39;;;6
HU-AM-ANT-COM;Huawei;Ascend Mate;Antena / coaxial;Compatible;2,90;;;6
HU-AY300-MAR-COM;Huawei;Ascend Y300;Marco / chasis;Compatible;6,59;;;6
HU-AY300-BOT-COM;Huawei;Ascend Y300;Botones laterales;Compatible;3,39;;;6
HU-AY300-ANT-COM;Huawei;Ascend Y300;Antena / coaxial;Compatible;2,90;;;6
HU-SXGL07S-MAR-COM;Huawei;STREAM X GL07S;Marco / chasis;Compatible;7,85;;;6
HU-SXGL07S-BOT-COM;Huawei;STREAM X GL07S;Botones laterales;Compatible;4,00;;;6
HU-SXGL07S-ANT-COM;Huawei;STREAM X GL07S;Antena / coaxial;Compatible;3,49;;;6
HU-4AFRIKA-MAR-COM;Huawei;4Afrika;Marco / chasis;Compatible;6,59;;;6
HU-4AFRIKA-BOT-COM;Huawei;4Afrika;Botones laterales;Compatible;3,39;;;6
HU-4AFRIKA-ANT-COM;Huawei;4Afrika;Antena / coaxial;Compatible;2,90;;;6
HU-AW1-MAR-COM;Huawei;Ascend W1;Marco / chasis;Compatible;6,59;;;6
HU-AW1-BOT-COM;Huawei;Ascend W1;Botones laterales;Compatible;3,39;;;6
HU-AW1-ANT-COM;Huawei;Ascend W1;Antena / coaxial;Compatible;2,90;;;6
HU-AG330-ANT-COM;Huawei;Ascend G330;Antena / coaxial;Compatible;2,90;;;6
HU-AP1-ANT-COM;Huawei;Ascend P1;Antena / coaxial;Compatible;2,90;;;6
HU-AG300-ANT-COM;Huawei;Ascend G300;Antena / coaxial;Compatible;2,90;;;6
HU-AG312-ANT-COM;Huawei;Ascend G312;Antena / coaxial;Compatible;2,90;;;6
HU-AY330-MAR-COM;Huawei;Ascend Y330;Marco / chasis;Compatible;6,59;;;6
HU-AY330-BOT-COM;Huawei;Ascend Y330;Botones laterales;Compatible;3,39;;;6
HU-AY330-ANT-COM;Huawei;Ascend Y330;Antena / coaxial;Compatible;2,90;;;6
HU-M10P-MAR-COM;Huawei;Mate 10 Pro;Marco / chasis;Compatible;8,80;;;6
HU-M10P-BOT-COM;Huawei;Mate 10 Pro;Botones laterales;Compatible;4,50;;;6
HU-M10P-CRI-COM;Huawei;Mate 10 Pro;Cristal de pantalla;Compatible;4,50;;;6
HU-M10P-FPR-COM;Huawei;Mate 10 Pro;Flex principal;Compatible;3,70;;;6
HU-M10P-VIB-COM;Huawei;Mate 10 Pro;Vibrador;Compatible;4,35;;;6
HU-M10P-ANT-COM;Huawei;Mate 10 Pro;Antena / coaxial;Compatible;3,90;;;6
HU-M10P-HUE-COM;Huawei;Mate 10 Pro;Botón home / huella;Compatible;6,50;;;6
HU-M20RS-MAR-COM;Huawei;Mate 20 RS;Marco / chasis;Compatible;7,40;;;6
HU-M20RS-BOT-COM;Huawei;Mate 20 RS;Botones laterales;Compatible;3,80;;;6
HU-M20RS-CRI-COM;Huawei;Mate 20 RS;Cristal de pantalla;Compatible;3,79;;;6
HU-M20RS-FPR-COM;Huawei;Mate 20 RS;Flex principal;Compatible;3,10;;;6
HU-M20RS-VIB-COM;Huawei;Mate 20 RS;Vibrador;Compatible;3,65;;;6
HU-M20RS-ANT-COM;Huawei;Mate 20 RS;Antena / coaxial;Compatible;3,29;;;6
HU-M20RS-HUE-COM;Huawei;Mate 20 RS;Botón home / huella;Compatible;5,45;;;6
HU-M9L-MAR-COM;Huawei;Mate 9 lite;Marco / chasis;Compatible;5,75;;;6
HU-M9L-BOT-COM;Huawei;Mate 9 lite;Botones laterales;Compatible;2,95;;;6
HU-M9L-CRI-COM;Huawei;Mate 9 lite;Cristal de pantalla;Compatible;2,95;;;6
HU-M9L-FPR-COM;Huawei;Mate 9 lite;Flex principal;Compatible;2,45;;;6
HU-M9L-VIB-COM;Huawei;Mate 9 lite;Vibrador;Compatible;2,85;;;6
HU-M9L-ANT-COM;Huawei;Mate 9 lite;Antena / coaxial;Compatible;2,55;;;6
HU-M9L-HUE-COM;Huawei;Mate 9 lite;Botón home / huella;Compatible;4,25;;;6
HU-M9P-MAR-COM;Huawei;Mate 9 Pro;Marco / chasis;Compatible;7,85;;;6
HU-M9P-BOT-COM;Huawei;Mate 9 Pro;Botones laterales;Compatible;4,00;;;6
HU-M9P-CRI-COM;Huawei;Mate 9 Pro;Cristal de pantalla;Compatible;4,00;;;6
HU-M9P-FPR-COM;Huawei;Mate 9 Pro;Flex principal;Compatible;3,30;;;6
HU-M9P-VIB-COM;Huawei;Mate 9 Pro;Vibrador;Compatible;3,89;;;6
HU-M9P-ANT-COM;Huawei;Mate 9 Pro;Antena / coaxial;Compatible;3,49;;;6
HU-M9P-HUE-COM;Huawei;Mate 9 Pro;Botón home / huella;Compatible;5,79;;;6
HU-P20P-MAR-COM;Huawei;P20 Pro;Marco / chasis;Compatible;8,80;;;6
HU-P20P-BOT-COM;Huawei;P20 Pro;Botones laterales;Compatible;4,50;;;6
HU-P20P-CRI-COM;Huawei;P20 Pro;Cristal de pantalla;Compatible;4,50;;;6
HU-P20P-FPR-COM;Huawei;P20 Pro;Flex principal;Compatible;3,70;;;6
HU-P20P-VIB-COM;Huawei;P20 Pro;Vibrador;Compatible;4,35;;;6
HU-P20P-ANT-COM;Huawei;P20 Pro;Antena / coaxial;Compatible;3,90;;;6
HU-P20P-HUE-COM;Huawei;P20 Pro;Botón home / huella;Compatible;6,50;;;6
HU-P8M-MAR-COM;Huawei;P8 max;Marco / chasis;Compatible;6,59;;;6
HU-P8M-BOT-COM;Huawei;P8 max;Botones laterales;Compatible;3,39;;;6
HU-P8M-CRI-COM;Huawei;P8 max;Cristal de pantalla;Compatible;3,35;;;6
HU-P8M-VIB-COM;Huawei;P8 max;Vibrador;Compatible;3,25;;;6
HU-P8M-ANT-COM;Huawei;P8 max;Antena / coaxial;Compatible;2,90;;;6
HU-P9LP-MAR-COM;Huawei;P9 lite PREMIUM;Marco / chasis;Compatible;5,75;;;6
HU-P9LP-BOT-COM;Huawei;P9 lite PREMIUM;Botones laterales;Compatible;2,95;;;6
HU-P9LP-CRI-COM;Huawei;P9 lite PREMIUM;Cristal de pantalla;Compatible;2,95;;;6
HU-P9LP-FPR-COM;Huawei;P9 lite PREMIUM;Flex principal;Compatible;2,45;;;6
HU-P9LP-VIB-COM;Huawei;P9 lite PREMIUM;Vibrador;Compatible;2,85;;;6
HU-P9LP-ANT-COM;Huawei;P9 lite PREMIUM;Antena / coaxial;Compatible;2,55;;;6
HU-P9LP-HUE-COM;Huawei;P9 lite PREMIUM;Botón home / huella;Compatible;4,25;;;6
HU-P9LS-MAR-COM;Huawei;P9 lite smart;Marco / chasis;Compatible;5,75;;;6
HU-P9LS-BOT-COM;Huawei;P9 lite smart;Botones laterales;Compatible;2,95;;;6
HU-P9LS-CRI-COM;Huawei;P9 lite smart;Cristal de pantalla;Compatible;2,95;;;6
HU-P9LS-FPR-COM;Huawei;P9 lite smart;Flex principal;Compatible;2,45;;;6
HU-P9LS-VIB-COM;Huawei;P9 lite smart;Vibrador;Compatible;2,85;;;6
HU-P9LS-ANT-COM;Huawei;P9 lite smart;Antena / coaxial;Compatible;2,55;;;6
HU-P9LS-HUE-COM;Huawei;P9 lite smart;Botón home / huella;Compatible;4,25;;;6
HU-P9PL-MAR-COM;Huawei;P9 Plus;Marco / chasis;Compatible;6,59;;;6
HU-P9PL-BOT-COM;Huawei;P9 Plus;Botones laterales;Compatible;3,39;;;6
HU-P9PL-CRI-COM;Huawei;P9 Plus;Cristal de pantalla;Compatible;3,35;;;6
HU-P9PL-FPR-COM;Huawei;P9 Plus;Flex principal;Compatible;2,75;;;6
HU-P9PL-VIB-COM;Huawei;P9 Plus;Vibrador;Compatible;3,25;;;6
HU-P9PL-ANT-COM;Huawei;P9 Plus;Antena / coaxial;Compatible;2,90;;;6
HU-P9PL-HUE-COM;Huawei;P9 Plus;Botón home / huella;Compatible;4,85;;;6
HU-Y6E-MAR-COM;Huawei;Y6 Elite;Marco / chasis;Compatible;5,00;;;6
HU-Y6E-BOT-COM;Huawei;Y6 Elite;Botones laterales;Compatible;2,55;;;6
HU-Y6E-CRI-COM;Huawei;Y6 Elite;Cristal de pantalla;Compatible;2,55;;;6
HU-Y6E-VIB-COM;Huawei;Y6 Elite;Vibrador;Compatible;2,49;;;6
HU-Y6E-ANT-COM;Huawei;Y6 Elite;Antena / coaxial;Compatible;2,25;;;6
HU-P8-MAR-COM;Huawei;P8;Marco / chasis;Compatible;6,59;;;6
HU-P8-BOT-COM;Huawei;P8;Botones laterales;Compatible;3,39;;;6
HU-P8-CRI-COM;Huawei;P8;Cristal de pantalla;Compatible;3,35;;;6
HU-P8-VIB-COM;Huawei;P8;Vibrador;Compatible;3,25;;;6
HU-P8-ANT-COM;Huawei;P8;Antena / coaxial;Compatible;2,90;;;6
HU-P8L-MAR-COM;Huawei;P8 lite;Marco / chasis;Compatible;5,75;;;6
HU-P8L-BOT-COM;Huawei;P8 lite;Botones laterales;Compatible;2,95;;;6
HU-P8L-CRI-COM;Huawei;P8 lite;Cristal de pantalla;Compatible;2,95;;;6
HU-P8L-VIB-COM;Huawei;P8 lite;Vibrador;Compatible;2,85;;;6
HU-P8L-ANT-COM;Huawei;P8 lite;Antena / coaxial;Compatible;2,55;;;6
HU-M8-MAR-COM;Huawei;Mate 8;Marco / chasis;Compatible;6,59;;;6
HU-M8-BOT-COM;Huawei;Mate 8;Botones laterales;Compatible;3,39;;;6
HU-M8-CRI-COM;Huawei;Mate 8;Cristal de pantalla;Compatible;3,35;;;6
HU-M8-FPR-COM;Huawei;Mate 8;Flex principal;Compatible;2,75;;;6
HU-M8-VIB-COM;Huawei;Mate 8;Vibrador;Compatible;3,25;;;6
HU-M8-ANT-COM;Huawei;Mate 8;Antena / coaxial;Compatible;2,90;;;6
HU-M8-HUE-COM;Huawei;Mate 8;Botón home / huella;Compatible;4,85;;;6
HU-P9-MAR-COM;Huawei;P9;Marco / chasis;Compatible;6,59;;;6
HU-P9-BOT-COM;Huawei;P9;Botones laterales;Compatible;3,39;;;6
HU-P9-CRI-COM;Huawei;P9;Cristal de pantalla;Compatible;3,35;;;6
HU-P9-FPR-COM;Huawei;P9;Flex principal;Compatible;2,75;;;6
HU-P9-VIB-COM;Huawei;P9;Vibrador;Compatible;3,25;;;6
HU-P9-ANT-COM;Huawei;P9;Antena / coaxial;Compatible;2,90;;;6
HU-P9-HUE-COM;Huawei;P9;Botón home / huella;Compatible;4,85;;;6
HU-P9L-MAR-COM;Huawei;P9 lite;Marco / chasis;Compatible;5,75;;;6
HU-P9L-BOT-COM;Huawei;P9 lite;Botones laterales;Compatible;2,95;;;6
HU-P9L-CRI-COM;Huawei;P9 lite;Cristal de pantalla;Compatible;2,95;;;6
HU-P9L-FPR-COM;Huawei;P9 lite;Flex principal;Compatible;2,45;;;6
HU-P9L-VIB-COM;Huawei;P9 lite;Vibrador;Compatible;2,85;;;6
HU-P9L-ANT-COM;Huawei;P9 lite;Antena / coaxial;Compatible;2,55;;;6
HU-P9L-HUE-COM;Huawei;P9 lite;Botón home / huella;Compatible;4,25;;;6
HU-N-MAR-COM;Huawei;nova;Marco / chasis;Compatible;5,75;;;6
HU-N-BOT-COM;Huawei;nova;Botones laterales;Compatible;2,95;;;6
HU-N-CRI-COM;Huawei;nova;Cristal de pantalla;Compatible;2,95;;;6
HU-N-FPR-COM;Huawei;nova;Flex principal;Compatible;2,45;;;6
HU-N-VIB-COM;Huawei;nova;Vibrador;Compatible;2,85;;;6
HU-N-ANT-COM;Huawei;nova;Antena / coaxial;Compatible;2,55;;;6
HU-N-HUE-COM;Huawei;nova;Botón home / huella;Compatible;4,25;;;6
HU-NPL-MAR-COM;Huawei;nova plus;Marco / chasis;Compatible;5,75;;;6
HU-NPL-BOT-COM;Huawei;nova plus;Botones laterales;Compatible;2,95;;;6
HU-NPL-CRI-COM;Huawei;nova plus;Cristal de pantalla;Compatible;2,95;;;6
HU-NPL-FPR-COM;Huawei;nova plus;Flex principal;Compatible;2,45;;;6
HU-NPL-VIB-COM;Huawei;nova plus;Vibrador;Compatible;2,85;;;6
HU-NPL-ANT-COM;Huawei;nova plus;Antena / coaxial;Compatible;2,55;;;6
HU-NPL-HUE-COM;Huawei;nova plus;Botón home / huella;Compatible;4,25;;;6
HU-M9-MAR-COM;Huawei;Mate 9;Marco / chasis;Compatible;6,59;;;6
HU-M9-BOT-COM;Huawei;Mate 9;Botones laterales;Compatible;3,39;;;6
HU-M9-CRI-COM;Huawei;Mate 9;Cristal de pantalla;Compatible;3,35;;;6
HU-M9-FPR-COM;Huawei;Mate 9;Flex principal;Compatible;2,75;;;6
HU-M9-VIB-COM;Huawei;Mate 9;Vibrador;Compatible;3,25;;;6
HU-M9-ANT-COM;Huawei;Mate 9;Antena / coaxial;Compatible;2,90;;;6
HU-M9-HUE-COM;Huawei;Mate 9;Botón home / huella;Compatible;4,85;;;6
HU-P8L17-MAR-COM;Huawei;P8 lite 2017;Marco / chasis;Compatible;6,49;;;6
HU-P8L17-BOT-COM;Huawei;P8 lite 2017;Botones laterales;Compatible;3,35;;;6
HU-P8L17-CRI-COM;Huawei;P8 lite 2017;Cristal de pantalla;Compatible;3,30;;;6
HU-P8L17-FPR-COM;Huawei;P8 lite 2017;Flex principal;Compatible;2,75;;;6
HU-P8L17-VIB-COM;Huawei;P8 lite 2017;Vibrador;Compatible;3,20;;;6
HU-P8L17-ANT-COM;Huawei;P8 lite 2017;Antena / coaxial;Compatible;2,89;;;6
HU-P8L17-HUE-COM;Huawei;P8 lite 2017;Botón home / huella;Compatible;4,79;;;6
HU-P10-MAR-COM;Huawei;P10;Marco / chasis;Compatible;7,40;;;6
HU-P10-BOT-COM;Huawei;P10;Botones laterales;Compatible;3,80;;;6
HU-P10-CRI-COM;Huawei;P10;Cristal de pantalla;Compatible;3,79;;;6
HU-P10-FPR-COM;Huawei;P10;Flex principal;Compatible;3,10;;;6
HU-P10-VIB-COM;Huawei;P10;Vibrador;Compatible;3,65;;;6
HU-P10-ANT-COM;Huawei;P10;Antena / coaxial;Compatible;3,29;;;6
HU-P10-HUE-COM;Huawei;P10;Botón home / huella;Compatible;5,45;;;6
HU-P10L-MAR-COM;Huawei;P10 lite;Marco / chasis;Compatible;6,49;;;6
HU-P10L-BOT-COM;Huawei;P10 lite;Botones laterales;Compatible;3,35;;;6
HU-P10L-CRI-COM;Huawei;P10 lite;Cristal de pantalla;Compatible;3,30;;;6
HU-P10L-FPR-COM;Huawei;P10 lite;Flex principal;Compatible;2,75;;;6
HU-P10L-VIB-COM;Huawei;P10 lite;Vibrador;Compatible;3,20;;;6
HU-P10L-ANT-COM;Huawei;P10 lite;Antena / coaxial;Compatible;2,89;;;6
HU-P10L-HUE-COM;Huawei;P10 lite;Botón home / huella;Compatible;4,79;;;6
HU-P10PL-MAR-COM;Huawei;P10 Plus;Marco / chasis;Compatible;7,40;;;6
HU-P10PL-BOT-COM;Huawei;P10 Plus;Botones laterales;Compatible;3,80;;;6
HU-P10PL-CRI-COM;Huawei;P10 Plus;Cristal de pantalla;Compatible;3,79;;;6
HU-P10PL-FPR-COM;Huawei;P10 Plus;Flex principal;Compatible;3,10;;;6
HU-P10PL-VIB-COM;Huawei;P10 Plus;Vibrador;Compatible;3,65;;;6
HU-P10PL-ANT-COM;Huawei;P10 Plus;Antena / coaxial;Compatible;3,29;;;6
HU-P10PL-HUE-COM;Huawei;P10 Plus;Botón home / huella;Compatible;5,45;;;6
HU-Y6P17-MAR-COM;Huawei;Y6 Pro 2017;Marco / chasis;Compatible;5,65;;;6
HU-Y6P17-BOT-COM;Huawei;Y6 Pro 2017;Botones laterales;Compatible;2,89;;;6
HU-Y6P17-CRI-COM;Huawei;Y6 Pro 2017;Cristal de pantalla;Compatible;2,89;;;6
HU-Y6P17-FPR-COM;Huawei;Y6 Pro 2017;Flex principal;Compatible;2,39;;;6
HU-Y6P17-VIB-COM;Huawei;Y6 Pro 2017;Vibrador;Compatible;2,79;;;6
HU-Y6P17-ANT-COM;Huawei;Y6 Pro 2017;Antena / coaxial;Compatible;2,50;;;6
HU-Y6P17-HUE-COM;Huawei;Y6 Pro 2017;Botón home / huella;Compatible;4,15;;;6
HU-PS-MAR-COM;Huawei;P smart;Marco / chasis;Compatible;5,65;;;6
HU-PS-BOT-COM;Huawei;P smart;Botones laterales;Compatible;2,89;;;6
HU-PS-CRI-COM;Huawei;P smart;Cristal de pantalla;Compatible;2,89;;;6
HU-PS-FPR-COM;Huawei;P smart;Flex principal;Compatible;2,39;;;6
HU-PS-VIB-COM;Huawei;P smart;Vibrador;Compatible;2,79;;;6
HU-PS-ANT-COM;Huawei;P smart;Antena / coaxial;Compatible;2,50;;;6
HU-PS-HUE-COM;Huawei;P smart;Botón home / huella;Compatible;4,15;;;6
HU-Y718-MAR-COM;Huawei;Y7 2018;Marco / chasis;Compatible;5,65;;;6
HU-Y718-BOT-COM;Huawei;Y7 2018;Botones laterales;Compatible;2,89;;;6
HU-Y718-CRI-COM;Huawei;Y7 2018;Cristal de pantalla;Compatible;2,89;;;6
HU-Y718-FPR-COM;Huawei;Y7 2018;Flex principal;Compatible;2,39;;;6
HU-Y718-VIB-COM;Huawei;Y7 2018;Vibrador;Compatible;2,79;;;6
HU-Y718-ANT-COM;Huawei;Y7 2018;Antena / coaxial;Compatible;2,50;;;6
HU-Y718-HUE-COM;Huawei;Y7 2018;Botón home / huella;Compatible;4,15;;;6
HU-Y618-MAR-COM;Huawei;Y6 2018;Marco / chasis;Compatible;5,65;;;6
HU-Y618-BOT-COM;Huawei;Y6 2018;Botones laterales;Compatible;2,89;;;6
HU-Y618-CRI-COM;Huawei;Y6 2018;Cristal de pantalla;Compatible;2,89;;;6
HU-Y618-FPR-COM;Huawei;Y6 2018;Flex principal;Compatible;2,39;;;6
HU-Y618-VIB-COM;Huawei;Y6 2018;Vibrador;Compatible;2,79;;;6
HU-Y618-ANT-COM;Huawei;Y6 2018;Antena / coaxial;Compatible;2,50;;;6
HU-Y618-HUE-COM;Huawei;Y6 2018;Botón home / huella;Compatible;4,15;;;6
HU-Y518-MAR-COM;Huawei;Y5 2018;Marco / chasis;Compatible;5,65;;;6
HU-Y518-BOT-COM;Huawei;Y5 2018;Botones laterales;Compatible;2,89;;;6
HU-Y518-CRI-COM;Huawei;Y5 2018;Cristal de pantalla;Compatible;2,89;;;6
HU-Y518-FPR-COM;Huawei;Y5 2018;Flex principal;Compatible;2,39;;;6
HU-Y518-VIB-COM;Huawei;Y5 2018;Vibrador;Compatible;2,79;;;6
HU-Y518-ANT-COM;Huawei;Y5 2018;Antena / coaxial;Compatible;2,50;;;6
HU-Y518-HUE-COM;Huawei;Y5 2018;Botón home / huella;Compatible;4,15;;;6
HU-PSPL-MAR-COM;Huawei;P smart+;Marco / chasis;Compatible;5,65;;;6
HU-PSPL-BOT-COM;Huawei;P smart+;Botones laterales;Compatible;2,89;;;6
HU-PSPL-CRI-COM;Huawei;P smart+;Cristal de pantalla;Compatible;2,89;;;6
HU-PSPL-FPR-COM;Huawei;P smart+;Flex principal;Compatible;2,39;;;6
HU-PSPL-VIB-COM;Huawei;P smart+;Vibrador;Compatible;2,79;;;6
HU-PSPL-ANT-COM;Huawei;P smart+;Antena / coaxial;Compatible;2,50;;;6
HU-PSPL-HUE-COM;Huawei;P smart+;Botón home / huella;Compatible;4,15;;;6
HU-M20X5-MAR-COM;Huawei;Mate 20 X 5G;Marco / chasis;Compatible;8,80;;;6
HU-M20X5-BOT-COM;Huawei;Mate 20 X 5G;Botones laterales;Compatible;4,50;;;6
HU-M20X5-CRI-COM;Huawei;Mate 20 X 5G;Cristal de pantalla;Compatible;4,50;;;6
HU-M20X5-FPR-COM;Huawei;Mate 20 X 5G;Flex principal;Compatible;3,70;;;6
HU-M20X5-VIB-COM;Huawei;Mate 20 X 5G;Vibrador;Compatible;4,35;;;6
HU-M20X5-ANT-COM;Huawei;Mate 20 X 5G;Antena / coaxial;Compatible;3,90;;;6
HU-M20X5-HUE-COM;Huawei;Mate 20 X 5G;Botón home / huella;Compatible;6,50;;;6
HU-M20X5-NFC-COM;Huawei;Mate 20 X 5G;NFC y carga inalámbrica;Compatible;8,75;;;6
HU-N8I-MAR-COM;Huawei;nova 8i;Marco / chasis;Compatible;7,20;;;6
HU-N8I-BOT-COM;Huawei;nova 8i;Botones laterales;Compatible;3,70;;;6
HU-N8I-CRI-COM;Huawei;nova 8i;Cristal de pantalla;Compatible;3,69;;;6
HU-N8I-FPR-COM;Huawei;nova 8i;Flex principal;Compatible;3,05;;;6
HU-N8I-VIB-COM;Huawei;nova 8i;Vibrador;Compatible;3,55;;;6
HU-N8I-ANT-COM;Huawei;nova 8i;Antena / coaxial;Compatible;3,20;;;6
HU-N8I-HUE-COM;Huawei;nova 8i;Botón home / huella;Compatible;5,30;;;6
HU-MXS2-FPR-COM;Huawei;Mate Xs 2;Flex principal;Compatible;7,45;;;6
HU-MXS2-VIB-COM;Huawei;Mate Xs 2;Vibrador;Compatible;8,75;;;6
HU-MXS2-ANT-COM;Huawei;Mate Xs 2;Antena / coaxial;Compatible;7,85;;;6
HU-MXS2-HUE-COM;Huawei;Mate Xs 2;Botón home / huella;Compatible;13,00;12,61;12,22;6
HU-MXS2-NFC-COM;Huawei;Mate Xs 2;NFC y carga inalámbrica;Compatible;17,49;16,97;16,44;6
HU-N11P-MAR-COM;Huawei;nova 11 Pro;Marco / chasis;Compatible;7,20;;;6
HU-N11P-BOT-COM;Huawei;nova 11 Pro;Botones laterales;Compatible;3,70;;;6
HU-N11P-CRI-COM;Huawei;nova 11 Pro;Cristal de pantalla;Compatible;3,69;;;6
HU-N11P-FPR-COM;Huawei;nova 11 Pro;Flex principal;Compatible;3,05;;;6
HU-N11P-VIB-COM;Huawei;nova 11 Pro;Vibrador;Compatible;3,55;;;6
HU-N11P-ANT-COM;Huawei;nova 11 Pro;Antena / coaxial;Compatible;3,20;;;6
HU-N11P-HUE-COM;Huawei;nova 11 Pro;Botón home / huella;Compatible;5,30;;;6
HU-N11I-MAR-COM;Huawei;nova 11i;Marco / chasis;Compatible;7,20;;;6
HU-N11I-BOT-COM;Huawei;nova 11i;Botones laterales;Compatible;3,70;;;6
HU-N11I-CRI-COM;Huawei;nova 11i;Cristal de pantalla;Compatible;3,69;;;6
HU-N11I-FPR-COM;Huawei;nova 11i;Flex principal;Compatible;3,05;;;6
HU-N11I-VIB-COM;Huawei;nova 11i;Vibrador;Compatible;3,55;;;6
HU-N11I-ANT-COM;Huawei;nova 11i;Antena / coaxial;Compatible;3,20;;;6
HU-N11I-HUE-COM;Huawei;nova 11i;Botón home / huella;Compatible;5,30;;;6
HU-N12SE-MAR-COM;Huawei;nova 12 SE;Marco / chasis;Compatible;6,89;;;6
HU-N12SE-BOT-COM;Huawei;nova 12 SE;Botones laterales;Compatible;3,55;;;6
HU-N12SE-CRI-COM;Huawei;nova 12 SE;Cristal de pantalla;Compatible;3,50;;;6
HU-N12SE-FPR-COM;Huawei;nova 12 SE;Flex principal;Compatible;2,90;;;6
HU-N12SE-VIB-COM;Huawei;nova 12 SE;Vibrador;Compatible;3,40;;;6
HU-N12SE-ANT-COM;Huawei;nova 12 SE;Antena / coaxial;Compatible;3,05;;;6
HU-N12SE-HUE-COM;Huawei;nova 12 SE;Botón home / huella;Compatible;5,09;;;6
HU-N12S-MAR-COM;Huawei;nova 12s;Marco / chasis;Compatible;7,90;;;6
HU-N12S-BOT-COM;Huawei;nova 12s;Botones laterales;Compatible;4,05;;;6
HU-N12S-CRI-COM;Huawei;nova 12s;Cristal de pantalla;Compatible;4,05;;;6
HU-N12S-FPR-COM;Huawei;nova 12s;Flex principal;Compatible;3,35;;;6
HU-N12S-VIB-COM;Huawei;nova 12s;Vibrador;Compatible;3,95;;;6
HU-N12S-ANT-COM;Huawei;nova 12s;Antena / coaxial;Compatible;3,50;;;6
HU-N12S-HUE-COM;Huawei;nova 12s;Botón home / huella;Compatible;5,85;;;6
HU-N14P-MAR-COM;Huawei;nova 14 Pro;Marco / chasis;Compatible;7,90;;;6
HU-N14P-BOT-COM;Huawei;nova 14 Pro;Botones laterales;Compatible;4,05;;;6
HU-N14P-CRI-COM;Huawei;nova 14 Pro;Cristal de pantalla;Compatible;4,05;;;6
HU-N14P-FPR-COM;Huawei;nova 14 Pro;Flex principal;Compatible;3,35;;;6
HU-N14P-VIB-COM;Huawei;nova 14 Pro;Vibrador;Compatible;3,95;;;6
HU-N14P-ANT-COM;Huawei;nova 14 Pro;Antena / coaxial;Compatible;3,50;;;6
HU-N14P-HUE-COM;Huawei;nova 14 Pro;Botón home / huella;Compatible;5,85;;;6
HU-MX7-FPR-COM;Huawei;Mate X7;Flex principal;Compatible;8,15;;;6
HU-MX7-VIB-COM;Huawei;Mate X7;Vibrador;Compatible;9,60;;;6
HU-MX7-ANT-COM;Huawei;Mate X7;Antena / coaxial;Compatible;8,60;;;6
HU-MX7-HUE-COM;Huawei;Mate X7;Botón home / huella;Compatible;14,30;13,87;13,44;6
HU-MX7-NFC-COM;Huawei;Mate X7;NFC y carga inalámbrica;Compatible;19,25;18,67;18,10;6
