referencia;marca;modelo;pieza;calidad_o_variante;precio_sin_iva;precio_5_uds;precio_10_uds;garantia_meses
OP-FX2-PAN-ORI;OPPO;Find X2;Pantalla;Original;106,40;103,21;100,02;12
OP-FX2-PAN-OLS;OPPO;Find X2;Pantalla;OLED Soft;56,95;55,24;53,53;6
OP-FX2-PAN-OLH;OPPO;Find X2;Pantalla;OLED Hard;52,05;50,49;48,93;6
OP-FX2-PAN-INC;OPPO;Find X2;Pantalla;Incell;26,10;25,32;24,53;6
OP-FX2-BAT-COM;OPPO;Find X2;Batería;Compatible;8,25;;;6
OP-FX2-CON-COM;OPPO;Find X2;Conector de carga;Compatible;5,45;;;6
OP-FX2-TAP-COM-OCE;OPPO;Find X2;Tapa trasera;Océano;6,99;;;6
OP-FX2-TAP-COM-NEG;OPPO;Find X2;Tapa trasera;Negro;6,99;;;6
OP-FX2-CTR-COM;OPPO;Find X2;Cámara trasera;Compatible;8,99;;;6
OP-FX2-CFR-COM;OPPO;Find X2;Cámara frontal;Compatible;4,29;;;6
OP-FX2-LEN-COM;OPPO;Find X2;Lente de cámara;Compatible;3,35;;;6
OP-FX2-ALT-COM;OPPO;Find X2;Altavoz;Compatible;4,35;;;6
OP-FX2-AUR-COM;OPPO;Find X2;Auricular de llamada;Compatible;3,25;;;6
OP-FX2-FLX-COM;OPPO;Find X2;Flex de encendido y volumen;Compatible;3,25;;;6
OP-FX2-SIM-COM;OPPO;Find X2;Bandeja SIM;Compatible;3,30;;;6
OP-FX2P-PAN-ORI;OPPO;Find X2 Pro;Pantalla;Original;106,40;103,21;100,02;12
OP-FX2P-PAN-OLS;OPPO;Find X2 Pro;Pantalla;OLED Soft;56,95;55,24;53,53;6
OP-FX2P-PAN-OLH;OPPO;Find X2 Pro;Pantalla;OLED Hard;52,05;50,49;48,93;6
OP-FX2P-PAN-INC;OPPO;Find X2 Pro;Pantalla;Incell;26,10;25,32;24,53;6
OP-FX2P-BAT-COM;OPPO;Find X2 Pro;Batería;Compatible;8,25;;;6
OP-FX2P-CON-COM;OPPO;Find X2 Pro;Conector de carga;Compatible;5,45;;;6
OP-FX2P-TAP-COM-NEG;OPPO;Find X2 Pro;Tapa trasera;Negro;6,99;;;6
OP-FX2P-TAP-COM-NAR;OPPO;Find X2 Pro;Tapa trasera;Naranja;6,99;;;6
OP-FX2P-CTR-COM;OPPO;Find X2 Pro;Cámara trasera;Compatible;8,99;;;6
OP-FX2P-CFR-COM;OPPO;Find X2 Pro;Cámara frontal;Compatible;4,29;;;6
OP-FX2P-LEN-COM;OPPO;Find X2 Pro;Lente de cámara;Compatible;3,35;;;6
OP-FX2P-ALT-COM;OPPO;Find X2 Pro;Altavoz;Compatible;4,35;;;6
OP-FX2P-AUR-COM;OPPO;Find X2 Pro;Auricular de llamada;Compatible;3,25;;;6
OP-FX2P-FLX-COM;OPPO;Find X2 Pro;Flex de encendido y volumen;Compatible;3,25;;;6
OP-FX2P-SIM-COM;OPPO;Find X2 Pro;Bandeja SIM;Compatible;3,30;;;6
OP-FX2NEO-PAN-ORI;OPPO;Find X2 Neo;Pantalla;Original;74,35;72,12;69,89;12
OP-FX2NEO-PAN-OLS;OPPO;Find X2 Neo;Pantalla;OLED Soft;43,25;41,95;40,66;6
OP-FX2NEO-PAN-OLH;OPPO;Find X2 Neo;Pantalla;OLED Hard;39,55;38,36;37,18;6
OP-FX2NEO-PAN-INC;OPPO;Find X2 Neo;Pantalla;Incell;19,85;19,25;18,66;6
OP-FX2NEO-BAT-COM;OPPO;Find X2 Neo;Batería;Compatible;8,65;;;6
OP-FX2NEO-CON-COM;OPPO;Find X2 Neo;Conector de carga;Compatible;4,05;;;6
OP-FX2NEO-TAP-COM-NEG;OPPO;Find X2 Neo;Tapa trasera;Negro (Moonlight Black);5,69;;;6
OP-FX2NEO-TAP-COM-AZU;OPPO;Find X2 Neo;Tapa trasera;Azul (Starry Blue);5,69;;;6
OP-FX2NEO-CTR-COM;OPPO;Find X2 Neo;Cámara trasera;Compatible;7,19;;;6
OP-FX2NEO-CFR-COM;OPPO;Find X2 Neo;Cámara frontal;Compatible;3,40;;;6
OP-FX2NEO-LEN-COM;OPPO;Find X2 Neo;Lente de cámara;Compatible;2,89;;;6
OP-FX2NEO-ALT-COM;OPPO;Find X2 Neo;Altavoz;Compatible;3,80;;;6
OP-FX2NEO-AUR-COM;OPPO;Find X2 Neo;Auricular de llamada;Compatible;2,99;;;6
OP-FX2NEO-FLX-COM;OPPO;Find X2 Neo;Flex de encendido y volumen;Compatible;2,95;;;6
OP-FX2NEO-SIM-COM;OPPO;Find X2 Neo;Bandeja SIM;Compatible;3,05;;;6
OP-FX2L-PAN-ORI;OPPO;Find X2 Lite;Pantalla;Original;74,35;72,12;69,89;12
OP-FX2L-PAN-OLS;OPPO;Find X2 Lite;Pantalla;OLED Soft;43,25;41,95;40,66;6
OP-FX2L-PAN-OLH;OPPO;Find X2 Lite;Pantalla;OLED Hard;39,55;38,36;37,18;6
OP-FX2L-PAN-INC;OPPO;Find X2 Lite;Pantalla;Incell;19,85;19,25;18,66;6
OP-FX2L-BAT-COM;OPPO;Find X2 Lite;Batería;Compatible;8,65;;;6
OP-FX2L-CON-COM;OPPO;Find X2 Lite;Conector de carga;Compatible;4,05;;;6
OP-FX2L-TAP-COM-NEG;OPPO;Find X2 Lite;Tapa trasera;Negro (Moonlight Black);5,69;;;6
OP-FX2L-TAP-COM-BLA;OPPO;Find X2 Lite;Tapa trasera;Blanco (Pearl White);5,69;;;6
OP-FX2L-CTR-COM;OPPO;Find X2 Lite;Cámara trasera;Compatible;7,19;;;6
OP-FX2L-CFR-COM;OPPO;Find X2 Lite;Cámara frontal;Compatible;3,40;;;6
OP-FX2L-LEN-COM;OPPO;Find X2 Lite;Lente de cámara;Compatible;2,89;;;6
OP-FX2L-ALT-COM;OPPO;Find X2 Lite;Altavoz;Compatible;3,80;;;6
OP-FX2L-AUR-COM;OPPO;Find X2 Lite;Auricular de llamada;Compatible;2,99;;;6
OP-FX2L-FLX-COM;OPPO;Find X2 Lite;Flex de encendido y volumen;Compatible;2,95;;;6
OP-FX2L-SIM-COM;OPPO;Find X2 Lite;Bandeja SIM;Compatible;3,05;;;6
OP-FX3P-PAN-ORI;OPPO;Find X3 Pro;Pantalla;Original;106,40;103,21;100,02;12
OP-FX3P-PAN-OLS;OPPO;Find X3 Pro;Pantalla;OLED Soft;56,95;55,24;53,53;6
OP-FX3P-PAN-OLH;OPPO;Find X3 Pro;Pantalla;OLED Hard;52,05;50,49;48,93;6
OP-FX3P-PAN-INC;OPPO;Find X3 Pro;Pantalla;Incell;26,10;25,32;24,53;6
OP-FX3P-BAT-COM;OPPO;Find X3 Pro;Batería;Compatible;8,25;;;6
OP-FX3P-CON-COM;OPPO;Find X3 Pro;Conector de carga;Compatible;5,45;;;6
OP-FX3P-TAP-COM-NEG;OPPO;Find X3 Pro;Tapa trasera;Negro;6,99;;;6
OP-FX3P-TAP-COM-AZU;OPPO;Find X3 Pro;Tapa trasera;Azul;6,99;;;6
OP-FX3P-CTR-COM;OPPO;Find X3 Pro;Cámara trasera;Compatible;8,99;;;6
OP-FX3P-CFR-COM;OPPO;Find X3 Pro;Cámara frontal;Compatible;4,29;;;6
OP-FX3P-LEN-COM;OPPO;Find X3 Pro;Lente de cámara;Compatible;3,35;;;6
OP-FX3P-ALT-COM;OPPO;Find X3 Pro;Altavoz;Compatible;4,35;;;6
OP-FX3P-AUR-COM;OPPO;Find X3 Pro;Auricular de llamada;Compatible;3,25;;;6
OP-FX3P-FLX-COM;OPPO;Find X3 Pro;Flex de encendido y volumen;Compatible;3,25;;;6
OP-FX3P-SIM-COM;OPPO;Find X3 Pro;Bandeja SIM;Compatible;3,30;;;6
OP-FX3NEO-PAN-ORI;OPPO;Find X3 Neo;Pantalla;Original;74,35;72,12;69,89;12
OP-FX3NEO-PAN-OLS;OPPO;Find X3 Neo;Pantalla;OLED Soft;43,25;41,95;40,66;6
OP-FX3NEO-PAN-OLH;OPPO;Find X3 Neo;Pantalla;OLED Hard;39,55;38,36;37,18;6
OP-FX3NEO-PAN-INC;OPPO;Find X3 Neo;Pantalla;Incell;19,85;19,25;18,66;6
OP-FX3NEO-BAT-COM;OPPO;Find X3 Neo;Batería;Compatible;8,65;;;6
OP-FX3NEO-CON-COM;OPPO;Find X3 Neo;Conector de carga;Compatible;4,05;;;6
OP-FX3NEO-TAP-COM-PLA;OPPO;Find X3 Neo;Tapa trasera;Plata;5,69;;;6
OP-FX3NEO-TAP-COM-NEG;OPPO;Find X3 Neo;Tapa trasera;Negro;5,69;;;6
OP-FX3NEO-CTR-COM;OPPO;Find X3 Neo;Cámara trasera;Compatible;7,19;;;6
OP-FX3NEO-CFR-COM;OPPO;Find X3 Neo;Cámara frontal;Compatible;3,40;;;6
OP-FX3NEO-LEN-COM;OPPO;Find X3 Neo;Lente de cámara;Compatible;2,89;;;6
OP-FX3NEO-ALT-COM;OPPO;Find X3 Neo;Altavoz;Compatible;3,80;;;6
OP-FX3NEO-AUR-COM;OPPO;Find X3 Neo;Auricular de llamada;Compatible;2,99;;;6
OP-FX3NEO-FLX-COM;OPPO;Find X3 Neo;Flex de encendido y volumen;Compatible;2,95;;;6
OP-FX3NEO-SIM-COM;OPPO;Find X3 Neo;Bandeja SIM;Compatible;3,05;;;6
OP-FX3L-PAN-ORI;OPPO;Find X3 Lite;Pantalla;Original;74,35;72,12;69,89;12
OP-FX3L-PAN-OLS;OPPO;Find X3 Lite;Pantalla;OLED Soft;43,25;41,95;40,66;6
OP-FX3L-PAN-OLH;OPPO;Find X3 Lite;Pantalla;OLED Hard;39,55;38,36;37,18;6
OP-FX3L-PAN-INC;OPPO;Find X3 Lite;Pantalla;Incell;19,85;19,25;18,66;6
OP-FX3L-BAT-COM;OPPO;Find X3 Lite;Batería;Compatible;8,65;;;6
OP-FX3L-CON-COM;OPPO;Find X3 Lite;Conector de carga;Compatible;4,05;;;6
OP-FX3L-TAP-COM-PLA;OPPO;Find X3 Lite;Tapa trasera;Plata;5,69;;;6
OP-FX3L-TAP-COM-NEG;OPPO;Find X3 Lite;Tapa trasera;Negro;5,69;;;6
OP-FX3L-TAP-COM-AZU;OPPO;Find X3 Lite;Tapa trasera;Azul;5,69;;;6
OP-FX3L-CTR-COM;OPPO;Find X3 Lite;Cámara trasera;Compatible;7,19;;;6
OP-FX3L-CFR-COM;OPPO;Find X3 Lite;Cámara frontal;Compatible;3,40;;;6
OP-FX3L-LEN-COM;OPPO;Find X3 Lite;Lente de cámara;Compatible;2,89;;;6
OP-FX3L-ALT-COM;OPPO;Find X3 Lite;Altavoz;Compatible;3,80;;;6
OP-FX3L-AUR-COM;OPPO;Find X3 Lite;Auricular de llamada;Compatible;2,99;;;6
OP-FX3L-FLX-COM;OPPO;Find X3 Lite;Flex de encendido y volumen;Compatible;2,95;;;6
OP-FX3L-SIM-COM;OPPO;Find X3 Lite;Bandeja SIM;Compatible;3,05;;;6
OP-FX5-PAN-ORI;OPPO;Find X5;Pantalla;Original;106,40;103,21;100,02;12
OP-FX5-PAN-OLS;OPPO;Find X5;Pantalla;OLED Soft;54,80;53,16;51,51;6
OP-FX5-PAN-OLH;OPPO;Find X5;Pantalla;OLED Hard;50,10;48,60;47,09;6
OP-FX5-PAN-INC;OPPO;Find X5;Pantalla;Incell;23,05;22,36;21,67;6
OP-FX5-BAT-COM;OPPO;Find X5;Batería;Compatible;8,25;;;6
OP-FX5-CON-COM;OPPO;Find X5;Conector de carga;Compatible;5,45;;;6
OP-FX5-TAP-COM-NEG;OPPO;Find X5;Tapa trasera;Negro;6,99;;;6
OP-FX5-TAP-COM-BLA;OPPO;Find X5;Tapa trasera;Blanco;6,99;;;6
OP-FX5-CTR-COM;OPPO;Find X5;Cámara trasera;Compatible;8,99;;;6
OP-FX5-CFR-COM;OPPO;Find X5;Cámara frontal;Compatible;4,29;;;6
OP-FX5-LEN-COM;OPPO;Find X5;Lente de cámara;Compatible;3,35;;;6
OP-FX5-ALT-COM;OPPO;Find X5;Altavoz;Compatible;4,35;;;6
OP-FX5-AUR-COM;OPPO;Find X5;Auricular de llamada;Compatible;3,25;;;6
OP-FX5-FLX-COM;OPPO;Find X5;Flex de encendido y volumen;Compatible;3,25;;;6
OP-FX5-SIM-COM;OPPO;Find X5;Bandeja SIM;Compatible;3,30;;;6
OP-FX5P-PAN-ORI;OPPO;Find X5 Pro;Pantalla;Original;106,40;103,21;100,02;12
OP-FX5P-PAN-OLS;OPPO;Find X5 Pro;Pantalla;OLED Soft;56,95;55,24;53,53;6
OP-FX5P-PAN-OLH;OPPO;Find X5 Pro;Pantalla;OLED Hard;52,05;50,49;48,93;6
OP-FX5P-PAN-INC;OPPO;Find X5 Pro;Pantalla;Incell;26,10;25,32;24,53;6
OP-FX5P-BAT-COM;OPPO;Find X5 Pro;Batería;Compatible;8,25;;;6
OP-FX5P-CON-COM;OPPO;Find X5 Pro;Conector de carga;Compatible;5,45;;;6
OP-FX5P-TAP-COM-NEG;OPPO;Find X5 Pro;Tapa trasera;Negro (Glaze Black);6,99;;;6
OP-FX5P-TAP-COM-BLA;OPPO;Find X5 Pro;Tapa trasera;Blanco (Ceramic White);6,99;;;6
OP-FX5P-CTR-COM;OPPO;Find X5 Pro;Cámara trasera;Compatible;8,99;;;6
OP-FX5P-CFR-COM;OPPO;Find X5 Pro;Cámara frontal;Compatible;4,29;;;6
OP-FX5P-LEN-COM;OPPO;Find X5 Pro;Lente de cámara;Compatible;3,35;;;6
OP-FX5P-ALT-COM;OPPO;Find X5 Pro;Altavoz;Compatible;4,35;;;6
OP-FX5P-AUR-COM;OPPO;Find X5 Pro;Auricular de llamada;Compatible;3,25;;;6
OP-FX5P-FLX-COM;OPPO;Find X5 Pro;Flex de encendido y volumen;Compatible;3,25;;;6
OP-FX5P-SIM-COM;OPPO;Find X5 Pro;Bandeja SIM;Compatible;3,30;;;6
OP-FX5L-PAN-ORI;OPPO;Find X5 Lite;Pantalla;Original;74,35;72,12;69,89;12
OP-FX5L-PAN-OLS;OPPO;Find X5 Lite;Pantalla;OLED Soft;43,25;41,95;40,66;6
OP-FX5L-PAN-OLH;OPPO;Find X5 Lite;Pantalla;OLED Hard;39,55;38,36;37,18;6
OP-FX5L-PAN-INC;OPPO;Find X5 Lite;Pantalla;Incell;19,85;19,25;18,66;6
OP-FX5L-BAT-COM;OPPO;Find X5 Lite;Batería;Compatible;8,65;;;6
OP-FX5L-CON-COM;OPPO;Find X5 Lite;Conector de carga;Compatible;4,05;;;6
OP-FX5L-TAP-COM-NEG;OPPO;Find X5 Lite;Tapa trasera;Negro estrellado;5,69;;;6
OP-FX5L-TAP-COM-AZU;OPPO;Find X5 Lite;Tapa trasera;Azul estelar;5,69;;;6
OP-FX5L-CTR-COM;OPPO;Find X5 Lite;Cámara trasera;Compatible;7,19;;;6
OP-FX5L-CFR-COM;OPPO;Find X5 Lite;Cámara frontal;Compatible;3,40;;;6
OP-FX5L-LEN-COM;OPPO;Find X5 Lite;Lente de cámara;Compatible;2,89;;;6
OP-FX5L-ALT-COM;OPPO;Find X5 Lite;Altavoz;Compatible;3,80;;;6
OP-FX5L-AUR-COM;OPPO;Find X5 Lite;Auricular de llamada;Compatible;2,99;;;6
OP-FX5L-FLX-COM;OPPO;Find X5 Lite;Flex de encendido y volumen;Compatible;2,95;;;6
OP-FX5L-SIM-COM;OPPO;Find X5 Lite;Bandeja SIM;Compatible;3,05;;;6
OP-FX8P-PAN-ORI;OPPO;Find X8 Pro;Pantalla;Original;109,85;106,55;103,26;12
OP-FX8P-PAN-OLS;OPPO;Find X8 Pro;Pantalla;OLED Soft;60,60;58,78;56,96;6
OP-FX8P-PAN-OLH;OPPO;Find X8 Pro;Pantalla;OLED Hard;55,40;53,74;52,08;6
OP-FX8P-PAN-INC;OPPO;Find X8 Pro;Pantalla;Incell;27,80;26,97;26,13;6
OP-FX8P-BAT-COM;OPPO;Find X8 Pro;Batería;Compatible;9,25;;;6
OP-FX8P-CON-COM;OPPO;Find X8 Pro;Conector de carga;Compatible;6,25;;;6
OP-FX8P-TAP-COM-NEG;OPPO;Find X8 Pro;Tapa trasera;Negro espacial;7,85;;;6
OP-FX8P-TAP-COM-BLA;OPPO;Find X8 Pro;Tapa trasera;Blanco (Pearl White);7,85;;;6
OP-FX8P-CTR-COM;OPPO;Find X8 Pro;Cámara trasera;Compatible;12,60;12,22;11,84;6
OP-FX8P-CFR-COM;OPPO;Find X8 Pro;Cámara frontal;Compatible;6,25;;;6
OP-FX8P-LEN-COM;OPPO;Find X8 Pro;Lente de cámara;Compatible;3,50;;;6
OP-FX8P-ALT-COM;OPPO;Find X8 Pro;Altavoz;Compatible;4,70;;;6
OP-FX8P-AUR-COM;OPPO;Find X8 Pro;Auricular de llamada;Compatible;3,59;;;6
OP-FX8P-FLX-COM;OPPO;Find X8 Pro;Flex de encendido y volumen;Compatible;3,90;;;6
OP-FX8P-SIM-COM;OPPO;Find X8 Pro;Bandeja SIM;Compatible;3,25;;;6
OP-FX9-PAN-ORI;OPPO;Find X9;Pantalla;Original;114,19;110,76;107,34;12
OP-FX9-PAN-OLS;OPPO;Find X9;Pantalla;OLED Soft;63,85;61,93;60,02;6
OP-FX9-PAN-OLH;OPPO;Find X9;Pantalla;OLED Hard;58,35;56,60;54,85;6
OP-FX9-PAN-INC;OPPO;Find X9;Pantalla;Incell;29,29;28,41;27,53;6
OP-FX9-BAT-COM;OPPO;Find X9;Batería;Compatible;8,90;;;6
OP-FX9-CON-COM;OPPO;Find X9;Conector de carga;Compatible;7,45;;;6
OP-FX9-TAP-COM-NEG;OPPO;Find X9;Tapa trasera;Negro espacial;8,40;;;6
OP-FX9-TAP-COM-GRI;OPPO;Find X9;Tapa trasera;Gris (Titanium Grey);8,40;;;6
OP-FX9-TAP-COM-ROJ;OPPO;Find X9;Tapa trasera;Rojo (Velvet Red);8,40;;;6
OP-FX9-CTR-COM;OPPO;Find X9;Cámara trasera;Compatible;17,25;16,73;16,22;6
OP-FX9-CFR-COM;OPPO;Find X9;Cámara frontal;Compatible;8,75;;;6
OP-FX9-LEN-COM;OPPO;Find X9;Lente de cámara;Compatible;4,50;;;6
OP-FX9-ALT-COM;OPPO;Find X9;Altavoz;Compatible;6,20;;;6
OP-FX9-AUR-COM;OPPO;Find X9;Auricular de llamada;Compatible;5,05;;;6
OP-FX9-FLX-COM;OPPO;Find X9;Flex de encendido y volumen;Compatible;4,29;;;6
OP-FX9-SIM-COM;OPPO;Find X9;Bandeja SIM;Compatible;3,85;;;6
OP-FX9P-PAN-ORI;OPPO;Find X9 Pro;Pantalla;Original;114,19;110,76;107,34;12
OP-FX9P-PAN-OLS;OPPO;Find X9 Pro;Pantalla;OLED Soft;63,85;61,93;60,02;6
OP-FX9P-PAN-OLH;OPPO;Find X9 Pro;Pantalla;OLED Hard;58,35;56,60;54,85;6
OP-FX9P-PAN-INC;OPPO;Find X9 Pro;Pantalla;Incell;29,29;28,41;27,53;6
OP-FX9P-BAT-COM;OPPO;Find X9 Pro;Batería;Compatible;8,90;;;6
OP-FX9P-CON-COM;OPPO;Find X9 Pro;Conector de carga;Compatible;7,45;;;6
OP-FX9P-TAP-COM-GRI;OPPO;Find X9 Pro;Tapa trasera;Gris carbón (Titanium Charcoal);8,40;;;6
OP-FX9P-TAP-COM-BLA;OPPO;Find X9 Pro;Tapa trasera;Blanco (Silk White);8,40;;;6
OP-FX9P-CTR-COM;OPPO;Find X9 Pro;Cámara trasera;Compatible;17,25;16,73;16,22;6
OP-FX9P-CFR-COM;OPPO;Find X9 Pro;Cámara frontal;Compatible;8,75;;;6
OP-FX9P-LEN-COM;OPPO;Find X9 Pro;Lente de cámara;Compatible;4,50;;;6
OP-FX9P-ALT-COM;OPPO;Find X9 Pro;Altavoz;Compatible;6,20;;;6
OP-FX9P-AUR-COM;OPPO;Find X9 Pro;Auricular de llamada;Compatible;5,05;;;6
OP-FX9P-FLX-COM;OPPO;Find X9 Pro;Flex de encendido y volumen;Compatible;4,29;;;6
OP-FX9P-SIM-COM;OPPO;Find X9 Pro;Bandeja SIM;Compatible;3,85;;;6
OP-FX9U-PAN-ORI;OPPO;Find X9 Ultra;Pantalla;Original;153,75;149,14;144,53;12
OP-FX9U-PAN-OLS;OPPO;Find X9 Ultra;Pantalla;OLED Soft;70,25;68,14;66,04;6
OP-FX9U-PAN-OLH;OPPO;Find X9 Ultra;Pantalla;OLED Hard;64,20;62,27;60,35;6
OP-FX9U-PAN-INC;OPPO;Find X9 Ultra;Pantalla;Incell;32,20;31,23;30,27;6
OP-FX9U-BAT-COM;OPPO;Find X9 Ultra;Batería;Compatible;8,90;;;6
OP-FX9U-CON-COM;OPPO;Find X9 Ultra;Conector de carga;Compatible;7,45;;;6
OP-FX9U-TAP-COM-NAR;OPPO;Find X9 Ultra;Tapa trasera;Naranja (Canyon Orange);8,40;;;6
OP-FX9U-TAP-COM-TUN;OPPO;Find X9 Ultra;Tapa trasera;Tundra Umber;8,40;;;6
OP-FX9U-CTR-COM;OPPO;Find X9 Ultra;Cámara trasera;Compatible;17,25;16,73;16,22;6
OP-FX9U-CFR-COM;OPPO;Find X9 Ultra;Cámara frontal;Compatible;8,75;;;6
OP-FX9U-LEN-COM;OPPO;Find X9 Ultra;Lente de cámara;Compatible;4,50;;;6
OP-FX9U-ALT-COM;OPPO;Find X9 Ultra;Altavoz;Compatible;6,20;;;6
OP-FX9U-AUR-COM;OPPO;Find X9 Ultra;Auricular de llamada;Compatible;5,05;;;6
OP-FX9U-FLX-COM;OPPO;Find X9 Ultra;Flex de encendido y volumen;Compatible;4,29;;;6
OP-FX9U-SIM-COM;OPPO;Find X9 Ultra;Bandeja SIM;Compatible;3,85;;;6
OP-FN2FL-PAN-ORI;OPPO;Find N2 Flip;Pantalla;Original;181,05;175,62;170,19;12
OP-FN2FL-PAN-COM;OPPO;Find N2 Flip;Pantalla;Compatible;93,09;90,30;87,50;6
OP-FN2FL-PAN-ORI-EXT;OPPO;Find N2 Flip;Pantalla exterior;Original;67,60;65,57;63,54;12
OP-FN2FL-PAN-COM-EXT;OPPO;Find N2 Flip;Pantalla exterior;Compatible;17,45;16,93;16,40;6
OP-FN2FL-BAT-COM;OPPO;Find N2 Flip;Batería;Compatible;9,65;;;6
OP-FN2FL-CON-COM;OPPO;Find N2 Flip;Conector de carga;Compatible;5,75;;;6
OP-FN2FL-TAP-COM-NEG;OPPO;Find N2 Flip;Tapa trasera;Negro (Astral Black);7,29;;;6
OP-FN2FL-TAP-COM-MOR;OPPO;Find N2 Flip;Tapa trasera;Morado (Moonlit Purple);7,29;;;6
OP-FN2FL-CTR-COM;OPPO;Find N2 Flip;Cámara trasera;Compatible;11,35;11,01;10,67;6
OP-FN2FL-CFR-COM;OPPO;Find N2 Flip;Cámara frontal;Compatible;5,90;;;6
OP-FN2FL-LEN-COM;OPPO;Find N2 Flip;Lente de cámara;Compatible;3,35;;;6
OP-FN2FL-ALT-COM;OPPO;Find N2 Flip;Altavoz;Compatible;4,35;;;6
OP-FN2FL-AUR-COM;OPPO;Find N2 Flip;Auricular de llamada;Compatible;3,35;;;6
OP-FN2FL-FLX-COM;OPPO;Find N2 Flip;Flex de encendido y volumen;Compatible;3,55;;;6
OP-FN2FL-SIM-COM;OPPO;Find N2 Flip;Bandeja SIM;Compatible;3,10;;;6
OP-R-PAN-ORI;OPPO;Reno;Pantalla;Original;55,50;53,84;52,17;12
OP-R-PAN-OLS;OPPO;Reno;Pantalla;OLED Soft;38,49;37,34;36,18;6
OP-R-PAN-OLH;OPPO;Reno;Pantalla;OLED Hard;35,19;34,13;33,08;6
OP-R-PAN-INC;OPPO;Reno;Pantalla;Incell;17,65;17,12;16,59;6
OP-R-BAT-COM;OPPO;Reno;Batería;Compatible;9,39;;;6
OP-R-CON-COM;OPPO;Reno;Conector de carga;Compatible;4,70;;;6
OP-R-TAP-COM;OPPO;Reno;Tapa trasera;Compatible;5,25;;;6
OP-R-CTR-COM;OPPO;Reno;Cámara trasera;Compatible;7,25;;;6
OP-R-CFR-COM;OPPO;Reno;Cámara frontal;Compatible;4,30;;;6
OP-R-LEN-COM;OPPO;Reno;Lente de cámara;Compatible;2,39;;;6
OP-R-ALT-COM;OPPO;Reno;Altavoz;Compatible;3,79;;;6
OP-R-AUR-COM;OPPO;Reno;Auricular de llamada;Compatible;2,65;;;6
OP-R-FLX-COM;OPPO;Reno;Flex de encendido y volumen;Compatible;2,49;;;6
OP-R-SIM-COM;OPPO;Reno;Bandeja SIM;Compatible;2,60;;;6
OP-R10XZ-PAN-ORI;OPPO;Reno 10x Zoom;Pantalla;Original;55,50;53,84;52,17;12
OP-R10XZ-PAN-OLS;OPPO;Reno 10x Zoom;Pantalla;OLED Soft;38,49;37,34;36,18;6
OP-R10XZ-PAN-OLH;OPPO;Reno 10x Zoom;Pantalla;OLED Hard;35,19;34,13;33,08;6
OP-R10XZ-PAN-INC;OPPO;Reno 10x Zoom;Pantalla;Incell;17,65;17,12;16,59;6
OP-R10XZ-BAT-COM;OPPO;Reno 10x Zoom;Batería;Compatible;9,39;;;6
OP-R10XZ-CON-COM;OPPO;Reno 10x Zoom;Conector de carga;Compatible;4,70;;;6
OP-R10XZ-TAP-COM-NEG;OPPO;Reno 10x Zoom;Tapa trasera;Negro intenso;5,25;;;6
OP-R10XZ-TAP-COM-VER;OPPO;Reno 10x Zoom;Tapa trasera;Verde (Ocean Green);5,25;;;6
OP-R10XZ-CTR-COM;OPPO;Reno 10x Zoom;Cámara trasera;Compatible;7,25;;;6
OP-R10XZ-CFR-COM;OPPO;Reno 10x Zoom;Cámara frontal;Compatible;4,30;;;6
OP-R10XZ-LEN-COM;OPPO;Reno 10x Zoom;Lente de cámara;Compatible;2,39;;;6
OP-R10XZ-ALT-COM;OPPO;Reno 10x Zoom;Altavoz;Compatible;3,79;;;6
OP-R10XZ-AUR-COM;OPPO;Reno 10x Zoom;Auricular de llamada;Compatible;2,65;;;6
OP-R10XZ-FLX-COM;OPPO;Reno 10x Zoom;Flex de encendido y volumen;Compatible;2,49;;;6
OP-R10XZ-SIM-COM;OPPO;Reno 10x Zoom;Bandeja SIM;Compatible;2,60;;;6
OP-RZ-PAN-ORI;OPPO;Reno Z;Pantalla;Original;55,50;53,84;52,17;12
OP-RZ-PAN-OLS;OPPO;Reno Z;Pantalla;OLED Soft;38,49;37,34;36,18;6
OP-RZ-PAN-OLH;OPPO;Reno Z;Pantalla;OLED Hard;35,19;34,13;33,08;6
OP-RZ-PAN-INC;OPPO;Reno Z;Pantalla;Incell;17,65;17,12;16,59;6
OP-RZ-BAT-COM;OPPO;Reno Z;Batería;Compatible;9,39;;;6
OP-RZ-CON-COM;OPPO;Reno Z;Conector de carga;Compatible;4,70;;;6
OP-RZ-TAP-COM;OPPO;Reno Z;Tapa trasera;Compatible;5,25;;;6
OP-RZ-CTR-COM;OPPO;Reno Z;Cámara trasera;Compatible;7,25;;;6
OP-RZ-CFR-COM;OPPO;Reno Z;Cámara frontal;Compatible;4,30;;;6
OP-RZ-LEN-COM;OPPO;Reno Z;Lente de cámara;Compatible;2,39;;;6
OP-RZ-ALT-COM;OPPO;Reno Z;Altavoz;Compatible;3,79;;;6
OP-RZ-AUR-COM;OPPO;Reno Z;Auricular de llamada;Compatible;2,65;;;6
OP-RZ-FLX-COM;OPPO;Reno Z;Flex de encendido y volumen;Compatible;2,49;;;6
OP-RZ-SIM-COM;OPPO;Reno Z;Bandeja SIM;Compatible;2,60;;;6
OP-R2-PAN-ORI;OPPO;Reno2;Pantalla;Original;55,50;53,84;52,17;12
OP-R2-PAN-OLS;OPPO;Reno2;Pantalla;OLED Soft;38,49;37,34;36,18;6
OP-R2-PAN-OLH;OPPO;Reno2;Pantalla;OLED Hard;35,19;34,13;33,08;6
OP-R2-PAN-INC;OPPO;Reno2;Pantalla;Incell;17,65;17,12;16,59;6
OP-R2-BAT-COM;OPPO;Reno2;Batería;Compatible;9,39;;;6
OP-R2-CON-COM;OPPO;Reno2;Conector de carga;Compatible;4,70;;;6
OP-R2-TAP-COM-NEG;OPPO;Reno2;Tapa trasera;Negro (Luminous Black);5,25;;;6
OP-R2-TAP-COM-AZU;OPPO;Reno2;Tapa trasera;Azul (Ocean Blue);5,25;;;6
OP-R2-CTR-COM;OPPO;Reno2;Cámara trasera;Compatible;7,25;;;6
OP-R2-CFR-COM;OPPO;Reno2;Cámara frontal;Compatible;4,30;;;6
OP-R2-LEN-COM;OPPO;Reno2;Lente de cámara;Compatible;2,39;;;6
OP-R2-ALT-COM;OPPO;Reno2;Altavoz;Compatible;3,79;;;6
OP-R2-AUR-COM;OPPO;Reno2;Auricular de llamada;Compatible;2,65;;;6
OP-R2-FLX-COM;OPPO;Reno2;Flex de encendido y volumen;Compatible;2,49;;;6
OP-R2-SIM-COM;OPPO;Reno2;Bandeja SIM;Compatible;2,60;;;6
OP-R2Z-PAN-ORI;OPPO;Reno2 Z;Pantalla;Original;55,50;53,84;52,17;12
OP-R2Z-PAN-OLS;OPPO;Reno2 Z;Pantalla;OLED Soft;38,49;37,34;36,18;6
OP-R2Z-PAN-OLH;OPPO;Reno2 Z;Pantalla;OLED Hard;35,19;34,13;33,08;6
OP-R2Z-PAN-INC;OPPO;Reno2 Z;Pantalla;Incell;17,65;17,12;16,59;6
OP-R2Z-BAT-COM;OPPO;Reno2 Z;Batería;Compatible;9,39;;;6
OP-R2Z-CON-COM;OPPO;Reno2 Z;Conector de carga;Compatible;4,70;;;6
OP-R2Z-TAP-COM-NEG;OPPO;Reno2 Z;Tapa trasera;Negro (Luminous Black);5,25;;;6
OP-R2Z-TAP-COM-BLA;OPPO;Reno2 Z;Tapa trasera;Blanco (Sky White);5,25;;;6
OP-R2Z-CTR-COM;OPPO;Reno2 Z;Cámara trasera;Compatible;7,25;;;6
OP-R2Z-CFR-COM;OPPO;Reno2 Z;Cámara frontal;Compatible;4,30;;;6
OP-R2Z-LEN-COM;OPPO;Reno2 Z;Lente de cámara;Compatible;2,39;;;6
OP-R2Z-ALT-COM;OPPO;Reno2 Z;Altavoz;Compatible;3,79;;;6
OP-R2Z-AUR-COM;OPPO;Reno2 Z;Auricular de llamada;Compatible;2,65;;;6
OP-R2Z-FLX-COM;OPPO;Reno2 Z;Flex de encendido y volumen;Compatible;2,49;;;6
OP-R2Z-SIM-COM;OPPO;Reno2 Z;Bandeja SIM;Compatible;2,60;;;6
OP-R45-PAN-ORI;OPPO;Reno4 5G;Pantalla;Original;61,09;59,26;57,42;12
OP-R45-PAN-OLS;OPPO;Reno4 5G;Pantalla;OLED Soft;40,85;39,62;38,40;6
OP-R45-PAN-OLH;OPPO;Reno4 5G;Pantalla;OLED Hard;37,35;36,23;35,11;6
OP-R45-PAN-INC;OPPO;Reno4 5G;Pantalla;Incell;18,75;18,19;17,63;6
OP-R45-BAT-COM;OPPO;Reno4 5G;Batería;Compatible;8,00;;;6
OP-R45-CON-COM;OPPO;Reno4 5G;Conector de carga;Compatible;4,50;;;6
OP-R45-TAP-COM-NEG;OPPO;Reno4 5G;Tapa trasera;Negro espacial;5,39;;;6
OP-R45-TAP-COM-AZU;OPPO;Reno4 5G;Tapa trasera;Azul (Galactic Blue);5,39;;;6
OP-R45-CTR-COM;OPPO;Reno4 5G;Cámara trasera;Compatible;5,90;;;6
OP-R45-CFR-COM;OPPO;Reno4 5G;Cámara frontal;Compatible;3,15;;;6
OP-R45-LEN-COM;OPPO;Reno4 5G;Lente de cámara;Compatible;2,40;;;6
OP-R45-ALT-COM;OPPO;Reno4 5G;Altavoz;Compatible;3,49;;;6
OP-R45-AUR-COM;OPPO;Reno4 5G;Auricular de llamada;Compatible;2,40;;;6
OP-R45-FLX-COM;OPPO;Reno4 5G;Flex de encendido y volumen;Compatible;2,29;;;6
OP-R45-SIM-COM;OPPO;Reno4 5G;Bandeja SIM;Compatible;2,65;;;6
OP-R4P5-PAN-ORI;OPPO;Reno4 Pro 5G;Pantalla;Original;74,35;72,12;69,89;12
OP-R4P5-PAN-OLS;OPPO;Reno4 Pro 5G;Pantalla;OLED Soft;43,75;42,44;41,13;6
OP-R4P5-PAN-OLH;OPPO;Reno4 Pro 5G;Pantalla;OLED Hard;39,95;38,75;37,55;6
OP-R4P5-PAN-INC;OPPO;Reno4 Pro 5G;Pantalla;Incell;20,05;19,45;18,85;6
OP-R4P5-BAT-COM;OPPO;Reno4 Pro 5G;Batería;Compatible;8,65;;;6
OP-R4P5-CON-COM;OPPO;Reno4 Pro 5G;Conector de carga;Compatible;4,20;;;6
OP-R4P5-TAP-COM-NEG;OPPO;Reno4 Pro 5G;Tapa trasera;Negro espacial;5,45;;;6
OP-R4P5-TAP-COM-AZU;OPPO;Reno4 Pro 5G;Tapa trasera;Azul (Galactic Blue);5,45;;;6
OP-R4P5-CTR-COM;OPPO;Reno4 Pro 5G;Cámara trasera;Compatible;7,19;;;6
OP-R4P5-CFR-COM;OPPO;Reno4 Pro 5G;Cámara frontal;Compatible;3,35;;;6
OP-R4P5-LEN-COM;OPPO;Reno4 Pro 5G;Lente de cámara;Compatible;2,89;;;6
OP-R4P5-ALT-COM;OPPO;Reno4 Pro 5G;Altavoz;Compatible;3,85;;;6
OP-R4P5-AUR-COM;OPPO;Reno4 Pro 5G;Auricular de llamada;Compatible;2,99;;;6
OP-R4P5-FLX-COM;OPPO;Reno4 Pro 5G;Flex de encendido y volumen;Compatible;2,95;;;6
OP-R4P5-SIM-COM;OPPO;Reno4 Pro 5G;Bandeja SIM;Compatible;3,05;;;6
OP-R4Z5-PAN-ORI;OPPO;Reno4 Z 5G;Pantalla;Original;34,15;33,13;32,10;12
OP-R4Z5-PAN-COM;OPPO;Reno4 Z 5G;Pantalla;Compatible;15,95;15,47;14,99;6
OP-R4Z5-BAT-COM;OPPO;Reno4 Z 5G;Batería;Compatible;8,00;;;6
OP-R4Z5-CON-COM;OPPO;Reno4 Z 5G;Conector de carga;Compatible;4,50;;;6
OP-R4Z5-TAP-COM-NEG;OPPO;Reno4 Z 5G;Tapa trasera;Negro (Ink Black);5,39;;;6
OP-R4Z5-TAP-COM-BLA;OPPO;Reno4 Z 5G;Tapa trasera;Blanco (Dew White);5,39;;;6
OP-R4Z5-CTR-COM;OPPO;Reno4 Z 5G;Cámara trasera;Compatible;5,90;;;6
OP-R4Z5-CFR-COM;OPPO;Reno4 Z 5G;Cámara frontal;Compatible;3,15;;;6
OP-R4Z5-LEN-COM;OPPO;Reno4 Z 5G;Lente de cámara;Compatible;2,40;;;6
OP-R4Z5-ALT-COM;OPPO;Reno4 Z 5G;Altavoz;Compatible;3,49;;;6
OP-R4Z5-AUR-COM;OPPO;Reno4 Z 5G;Auricular de llamada;Compatible;2,40;;;6
OP-R4Z5-FLX-COM;OPPO;Reno4 Z 5G;Flex de encendido y volumen;Compatible;2,29;;;6
OP-R4Z5-SIM-COM;OPPO;Reno4 Z 5G;Bandeja SIM;Compatible;2,65;;;6
OP-R65-PAN-ORI;OPPO;Reno6 5G;Pantalla;Original;61,09;59,26;57,42;12
OP-R65-PAN-OLS;OPPO;Reno6 5G;Pantalla;OLED Soft;40,85;39,62;38,40;6
OP-R65-PAN-OLH;OPPO;Reno6 5G;Pantalla;OLED Hard;37,35;36,23;35,11;6
OP-R65-PAN-INC;OPPO;Reno6 5G;Pantalla;Incell;18,75;18,19;17,63;6
OP-R65-BAT-COM;OPPO;Reno6 5G;Batería;Compatible;8,00;;;6
OP-R65-CON-COM;OPPO;Reno6 5G;Conector de carga;Compatible;4,50;;;6
OP-R65-TAP-COM-NEG;OPPO;Reno6 5G;Tapa trasera;Negro (Stellar Black);5,39;;;6
OP-R65-TAP-COM-AZU;OPPO;Reno6 5G;Tapa trasera;Azul (Arctic Blue);5,39;;;6
OP-R65-CTR-COM;OPPO;Reno6 5G;Cámara trasera;Compatible;5,90;;;6
OP-R65-CFR-COM;OPPO;Reno6 5G;Cámara frontal;Compatible;3,15;;;6
OP-R65-LEN-COM;OPPO;Reno6 5G;Lente de cámara;Compatible;2,40;;;6
OP-R65-ALT-COM;OPPO;Reno6 5G;Altavoz;Compatible;3,49;;;6
OP-R65-AUR-COM;OPPO;Reno6 5G;Auricular de llamada;Compatible;2,40;;;6
OP-R65-FLX-COM;OPPO;Reno6 5G;Flex de encendido y volumen;Compatible;2,29;;;6
OP-R65-SIM-COM;OPPO;Reno6 5G;Bandeja SIM;Compatible;2,65;;;6
OP-R6P5-PAN-ORI;OPPO;Reno6 Pro 5G;Pantalla;Original;74,35;72,12;69,89;12
OP-R6P5-PAN-OLS;OPPO;Reno6 Pro 5G;Pantalla;OLED Soft;43,75;42,44;41,13;6
OP-R6P5-PAN-OLH;OPPO;Reno6 Pro 5G;Pantalla;OLED Hard;39,95;38,75;37,55;6
OP-R6P5-PAN-INC;OPPO;Reno6 Pro 5G;Pantalla;Incell;20,05;19,45;18,85;6
OP-R6P5-BAT-COM;OPPO;Reno6 Pro 5G;Batería;Compatible;8,65;;;6
OP-R6P5-CON-COM;OPPO;Reno6 Pro 5G;Conector de carga;Compatible;4,20;;;6
OP-R6P5-TAP-COM-GRI;OPPO;Reno6 Pro 5G;Tapa trasera;Gris (Lunar Grey);5,45;;;6
OP-R6P5-TAP-COM-AZU;OPPO;Reno6 Pro 5G;Tapa trasera;Azul (Arctic Blue);5,45;;;6
OP-R6P5-CTR-COM;OPPO;Reno6 Pro 5G;Cámara trasera;Compatible;7,19;;;6
OP-R6P5-CFR-COM;OPPO;Reno6 Pro 5G;Cámara frontal;Compatible;3,35;;;6
OP-R6P5-LEN-COM;OPPO;Reno6 Pro 5G;Lente de cámara;Compatible;2,89;;;6
OP-R6P5-ALT-COM;OPPO;Reno6 Pro 5G;Altavoz;Compatible;3,85;;;6
OP-R6P5-AUR-COM;OPPO;Reno6 Pro 5G;Auricular de llamada;Compatible;2,99;;;6
OP-R6P5-FLX-COM;OPPO;Reno6 Pro 5G;Flex de encendido y volumen;Compatible;2,95;;;6
OP-R6P5-SIM-COM;OPPO;Reno6 Pro 5G;Bandeja SIM;Compatible;3,05;;;6
OP-R7-PAN-ORI;OPPO;Reno7;Pantalla;Original;61,09;59,26;57,42;12
OP-R7-PAN-OLS;OPPO;Reno7;Pantalla;OLED Soft;40,85;39,62;38,40;6
OP-R7-PAN-OLH;OPPO;Reno7;Pantalla;OLED Hard;37,35;36,23;35,11;6
OP-R7-PAN-INC;OPPO;Reno7;Pantalla;Incell;18,75;18,19;17,63;6
OP-R7-BAT-COM;OPPO;Reno7;Batería;Compatible;8,00;;;6
OP-R7-CON-COM;OPPO;Reno7;Conector de carga;Compatible;4,50;;;6
OP-R7-TAP-COM-NEG;OPPO;Reno7;Tapa trasera;Negro cósmico;5,39;;;6
OP-R7-TAP-COM-NAR;OPPO;Reno7;Tapa trasera;Naranja atardecer;5,39;;;6
OP-R7-CTR-COM;OPPO;Reno7;Cámara trasera;Compatible;5,90;;;6
OP-R7-CFR-COM;OPPO;Reno7;Cámara frontal;Compatible;3,15;;;6
OP-R7-LEN-COM;OPPO;Reno7;Lente de cámara;Compatible;2,40;;;6
OP-R7-ALT-COM;OPPO;Reno7;Altavoz;Compatible;3,49;;;6
OP-R7-AUR-COM;OPPO;Reno7;Auricular de llamada;Compatible;2,40;;;6
OP-R7-FLX-COM;OPPO;Reno7;Flex de encendido y volumen;Compatible;2,29;;;6
OP-R7-SIM-COM;OPPO;Reno7;Bandeja SIM;Compatible;2,65;;;6
OP-R85-PAN-ORI;OPPO;Reno8 5G;Pantalla;Original;61,09;59,26;57,42;12
OP-R85-PAN-OLS;OPPO;Reno8 5G;Pantalla;OLED Soft;40,85;39,62;38,40;6
OP-R85-PAN-OLH;OPPO;Reno8 5G;Pantalla;OLED Hard;37,35;36,23;35,11;6
OP-R85-PAN-INC;OPPO;Reno8 5G;Pantalla;Incell;18,75;18,19;17,63;6
OP-R85-BAT-COM;OPPO;Reno8 5G;Batería;Compatible;8,00;;;6
OP-R85-CON-COM;OPPO;Reno8 5G;Conector de carga;Compatible;4,50;;;6
OP-R85-TAP-COM-NEG;OPPO;Reno8 5G;Tapa trasera;Negro (Shimmer Black);5,39;;;6
OP-R85-TAP-COM-DOR;OPPO;Reno8 5G;Tapa trasera;Dorado (Shimmer Gold);5,39;;;6
OP-R85-CTR-COM;OPPO;Reno8 5G;Cámara trasera;Compatible;5,90;;;6
OP-R85-CFR-COM;OPPO;Reno8 5G;Cámara frontal;Compatible;3,15;;;6
OP-R85-LEN-COM;OPPO;Reno8 5G;Lente de cámara;Compatible;2,40;;;6
OP-R85-ALT-COM;OPPO;Reno8 5G;Altavoz;Compatible;3,49;;;6
OP-R85-AUR-COM;OPPO;Reno8 5G;Auricular de llamada;Compatible;2,40;;;6
OP-R85-FLX-COM;OPPO;Reno8 5G;Flex de encendido y volumen;Compatible;2,29;;;6
OP-R85-SIM-COM;OPPO;Reno8 5G;Bandeja SIM;Compatible;2,65;;;6
OP-R8P5-PAN-ORI;OPPO;Reno8 Pro 5G;Pantalla;Original;74,35;72,12;69,89;12
OP-R8P5-PAN-OLS;OPPO;Reno8 Pro 5G;Pantalla;OLED Soft;43,75;42,44;41,13;6
OP-R8P5-PAN-OLH;OPPO;Reno8 Pro 5G;Pantalla;OLED Hard;39,95;38,75;37,55;6
OP-R8P5-PAN-INC;OPPO;Reno8 Pro 5G;Pantalla;Incell;20,05;19,45;18,85;6
OP-R8P5-BAT-COM;OPPO;Reno8 Pro 5G;Batería;Compatible;8,65;;;6
OP-R8P5-CON-COM;OPPO;Reno8 Pro 5G;Conector de carga;Compatible;4,20;;;6
OP-R8P5-TAP-COM-NEG;OPPO;Reno8 Pro 5G;Tapa trasera;Negro vidriado;5,45;;;6
OP-R8P5-TAP-COM-VER;OPPO;Reno8 Pro 5G;Tapa trasera;Verde vidriado;5,45;;;6
OP-R8P5-CTR-COM;OPPO;Reno8 Pro 5G;Cámara trasera;Compatible;7,19;;;6
OP-R8P5-CFR-COM;OPPO;Reno8 Pro 5G;Cámara frontal;Compatible;3,35;;;6
OP-R8P5-LEN-COM;OPPO;Reno8 Pro 5G;Lente de cámara;Compatible;2,89;;;6
OP-R8P5-ALT-COM;OPPO;Reno8 Pro 5G;Altavoz;Compatible;3,85;;;6
OP-R8P5-AUR-COM;OPPO;Reno8 Pro 5G;Auricular de llamada;Compatible;2,99;;;6
OP-R8P5-FLX-COM;OPPO;Reno8 Pro 5G;Flex de encendido y volumen;Compatible;2,95;;;6
OP-R8P5-SIM-COM;OPPO;Reno8 Pro 5G;Bandeja SIM;Compatible;3,05;;;6
OP-R8L5-PAN-ORI;OPPO;Reno8 Lite 5G;Pantalla;Original;61,09;59,26;57,42;12
OP-R8L5-PAN-OLS;OPPO;Reno8 Lite 5G;Pantalla;OLED Soft;40,85;39,62;38,40;6
OP-R8L5-PAN-OLH;OPPO;Reno8 Lite 5G;Pantalla;OLED Hard;37,35;36,23;35,11;6
OP-R8L5-PAN-INC;OPPO;Reno8 Lite 5G;Pantalla;Incell;18,75;18,19;17,63;6
OP-R8L5-BAT-COM;OPPO;Reno8 Lite 5G;Batería;Compatible;8,00;;;6
OP-R8L5-CON-COM;OPPO;Reno8 Lite 5G;Conector de carga;Compatible;4,50;;;6
OP-R8L5-TAP-COM-NEG;OPPO;Reno8 Lite 5G;Tapa trasera;Negro (Cosmic Black);5,39;;;6
OP-R8L5-TAP-COM-RAI;OPPO;Reno8 Lite 5G;Tapa trasera;Rainbow Spectrum;5,39;;;6
OP-R8L5-CTR-COM;OPPO;Reno8 Lite 5G;Cámara trasera;Compatible;5,90;;;6
OP-R8L5-CFR-COM;OPPO;Reno8 Lite 5G;Cámara frontal;Compatible;3,15;;;6
OP-R8L5-LEN-COM;OPPO;Reno8 Lite 5G;Lente de cámara;Compatible;2,40;;;6
OP-R8L5-ALT-COM;OPPO;Reno8 Lite 5G;Altavoz;Compatible;3,49;;;6
OP-R8L5-AUR-COM;OPPO;Reno8 Lite 5G;Auricular de llamada;Compatible;2,40;;;6
OP-R8L5-FLX-COM;OPPO;Reno8 Lite 5G;Flex de encendido y volumen;Compatible;2,29;;;6
OP-R8L5-SIM-COM;OPPO;Reno8 Lite 5G;Bandeja SIM;Compatible;2,65;;;6
OP-R8T-PAN-ORI;OPPO;Reno8 T;Pantalla;Original;63,05;61,16;59,27;12
OP-R8T-PAN-OLS;OPPO;Reno8 T;Pantalla;OLED Soft;43,49;42,19;40,88;6
OP-R8T-PAN-OLH;OPPO;Reno8 T;Pantalla;OLED Hard;39,75;38,56;37,36;6
OP-R8T-PAN-INC;OPPO;Reno8 T;Pantalla;Incell;19,95;19,35;18,75;6
OP-R8T-BAT-COM;OPPO;Reno8 T;Batería;Compatible;9,15;;;6
OP-R8T-CON-COM;OPPO;Reno8 T;Conector de carga;Compatible;5,15;;;6
OP-R8T-TAP-COM-NEG;OPPO;Reno8 T;Tapa trasera;Negro medianoche;6,05;;;6
OP-R8T-TAP-COM-NAR;OPPO;Reno8 T;Tapa trasera;Naranja atardecer;6,05;;;6
OP-R8T-CTR-COM;OPPO;Reno8 T;Cámara trasera;Compatible;8,29;;;6
OP-R8T-CFR-COM;OPPO;Reno8 T;Cámara frontal;Compatible;4,65;;;6
OP-R8T-LEN-COM;OPPO;Reno8 T;Lente de cámara;Compatible;2,55;;;6
OP-R8T-ALT-COM;OPPO;Reno8 T;Altavoz;Compatible;3,75;;;6
OP-R8T-AUR-COM;OPPO;Reno8 T;Auricular de llamada;Compatible;2,65;;;6
OP-R8T-FLX-COM;OPPO;Reno8 T;Flex de encendido y volumen;Compatible;2,79;;;6
OP-R8T-SIM-COM;OPPO;Reno8 T;Bandeja SIM;Compatible;2,60;;;6
OP-R8T5-PAN-ORI;OPPO;Reno8 T 5G;Pantalla;Original;63,05;61,16;59,27;12
OP-R8T5-PAN-OLS;OPPO;Reno8 T 5G;Pantalla;OLED Soft;43,49;42,19;40,88;6
OP-R8T5-PAN-OLH;OPPO;Reno8 T 5G;Pantalla;OLED Hard;39,75;38,56;37,36;6
OP-R8T5-PAN-INC;OPPO;Reno8 T 5G;Pantalla;Incell;19,95;19,35;18,75;6
OP-R8T5-BAT-COM;OPPO;Reno8 T 5G;Batería;Compatible;9,15;;;6
OP-R8T5-CON-COM;OPPO;Reno8 T 5G;Conector de carga;Compatible;5,15;;;6
OP-R8T5-TAP-COM-NEG;OPPO;Reno8 T 5G;Tapa trasera;Negro (Midnight Black);6,05;;;6
OP-R8T5-TAP-COM-DOR;OPPO;Reno8 T 5G;Tapa trasera;Dorado (Sunrise Gold);6,05;;;6
OP-R8T5-CTR-COM;OPPO;Reno8 T 5G;Cámara trasera;Compatible;8,29;;;6
OP-R8T5-CFR-COM;OPPO;Reno8 T 5G;Cámara frontal;Compatible;4,65;;;6
OP-R8T5-LEN-COM;OPPO;Reno8 T 5G;Lente de cámara;Compatible;2,55;;;6
OP-R8T5-ALT-COM;OPPO;Reno8 T 5G;Altavoz;Compatible;3,75;;;6
OP-R8T5-AUR-COM;OPPO;Reno8 T 5G;Auricular de llamada;Compatible;2,65;;;6
OP-R8T5-FLX-COM;OPPO;Reno8 T 5G;Flex de encendido y volumen;Compatible;2,79;;;6
OP-R8T5-SIM-COM;OPPO;Reno8 T 5G;Bandeja SIM;Compatible;2,60;;;6
OP-R105-PAN-ORI;OPPO;Reno10 5G;Pantalla;Original;63,05;61,16;59,27;12
OP-R105-PAN-OLS;OPPO;Reno10 5G;Pantalla;OLED Soft;41,75;40,50;39,24;6
OP-R105-PAN-OLH;OPPO;Reno10 5G;Pantalla;OLED Hard;31,80;30,85;29,89;6
OP-R105-PAN-INC;OPPO;Reno10 5G;Pantalla;Incell;19,15;18,58;18,00;6
OP-R105-BAT-COM;OPPO;Reno10 5G;Batería;Compatible;10,35;10,04;9,73;6
OP-R105-CON-COM;OPPO;Reno10 5G;Conector de carga;Compatible;6,10;;;6
OP-R105-TAP-COM-GRI;OPPO;Reno10 5G;Tapa trasera;Gris (Silvery Grey);4,49;;;6
OP-R105-TAP-COM-AZU;OPPO;Reno10 5G;Tapa trasera;Azul hielo;4,49;;;6
OP-R105-CTR-COM;OPPO;Reno10 5G;Cámara trasera;Compatible;8,29;;;6
OP-R105-CFR-COM;OPPO;Reno10 5G;Cámara frontal;Compatible;4,00;;;6
OP-R105-LEN-COM;OPPO;Reno10 5G;Lente de cámara;Compatible;2,55;;;6
OP-R105-ALT-COM;OPPO;Reno10 5G;Altavoz;Compatible;3,70;;;6
OP-R105-AUR-COM;OPPO;Reno10 5G;Auricular de llamada;Compatible;2,65;;;6
OP-R105-FLX-COM;OPPO;Reno10 5G;Flex de encendido y volumen;Compatible;2,79;;;6
OP-R105-SIM-COM;OPPO;Reno10 5G;Bandeja SIM;Compatible;2,60;;;6
OP-R10P5-PAN-ORI;OPPO;Reno10 Pro 5G;Pantalla;Original;76,75;74,45;72,15;12
OP-R10P5-PAN-OLS;OPPO;Reno10 Pro 5G;Pantalla;OLED Soft;46,55;45,15;43,76;6
OP-R10P5-PAN-OLH;OPPO;Reno10 Pro 5G;Pantalla;OLED Hard;42,55;41,27;40,00;6
OP-R10P5-PAN-INC;OPPO;Reno10 Pro 5G;Pantalla;Incell;21,35;20,71;20,07;6
OP-R10P5-BAT-COM;OPPO;Reno10 Pro 5G;Batería;Compatible;10,35;10,04;9,73;6
OP-R10P5-CON-COM;OPPO;Reno10 Pro 5G;Conector de carga;Compatible;4,80;;;6
OP-R10P5-TAP-COM-GRI;OPPO;Reno10 Pro 5G;Tapa trasera;Gris (Silvery Grey);6,10;;;6
OP-R10P5-TAP-COM-MOR;OPPO;Reno10 Pro 5G;Tapa trasera;Morado (Glossy Purple);6,10;;;6
OP-R10P5-CTR-COM;OPPO;Reno10 Pro 5G;Cámara trasera;Compatible;10,05;9,75;9,45;6
OP-R10P5-CFR-COM;OPPO;Reno10 Pro 5G;Cámara frontal;Compatible;4,90;;;6
OP-R10P5-LEN-COM;OPPO;Reno10 Pro 5G;Lente de cámara;Compatible;3,00;;;6
OP-R10P5-ALT-COM;OPPO;Reno10 Pro 5G;Altavoz;Compatible;4,15;;;6
OP-R10P5-AUR-COM;OPPO;Reno10 Pro 5G;Auricular de llamada;Compatible;3,29;;;6
OP-R10P5-FLX-COM;OPPO;Reno10 Pro 5G;Flex de encendido y volumen;Compatible;3,60;;;6
OP-R10P5-SIM-COM;OPPO;Reno10 Pro 5G;Bandeja SIM;Compatible;3,00;;;6
OP-R11F5-PAN-ORI;OPPO;Reno11 F 5G;Pantalla;Original;63,05;61,16;59,27;12
OP-R11F5-PAN-OLS;OPPO;Reno11 F 5G;Pantalla;OLED Soft;44,59;43,25;41,91;6
OP-R11F5-PAN-OLH;OPPO;Reno11 F 5G;Pantalla;OLED Hard;40,75;39,53;38,31;6
OP-R11F5-PAN-INC;OPPO;Reno11 F 5G;Pantalla;Incell;21,29;20,65;20,01;6
OP-R11F5-BAT-COM;OPPO;Reno11 F 5G;Batería;Compatible;9,15;;;6
OP-R11F5-CON-COM;OPPO;Reno11 F 5G;Conector de carga;Compatible;5,15;;;6
OP-R11F5-TAP-COM;OPPO;Reno11 F 5G;Tapa trasera;Compatible;6,05;;;6
OP-R11F5-CTR-COM;OPPO;Reno11 F 5G;Cámara trasera;Compatible;8,29;;;6
OP-R11F5-CFR-COM;OPPO;Reno11 F 5G;Cámara frontal;Compatible;4,65;;;6
OP-R11F5-LEN-COM;OPPO;Reno11 F 5G;Lente de cámara;Compatible;2,55;;;6
OP-R11F5-ALT-COM;OPPO;Reno11 F 5G;Altavoz;Compatible;3,75;;;6
OP-R11F5-AUR-COM;OPPO;Reno11 F 5G;Auricular de llamada;Compatible;2,65;;;6
OP-R11F5-FLX-COM;OPPO;Reno11 F 5G;Flex de encendido y volumen;Compatible;2,79;;;6
OP-R11F5-SIM-COM;OPPO;Reno11 F 5G;Bandeja SIM;Compatible;2,60;;;6
OP-R125-PAN-ORI;OPPO;Reno12 5G;Pantalla;Original;63,05;61,16;59,27;12
OP-R125-PAN-OLS;OPPO;Reno12 5G;Pantalla;OLED Soft;43,49;42,19;40,88;6
OP-R125-PAN-OLH;OPPO;Reno12 5G;Pantalla;OLED Hard;39,75;38,56;37,36;6
OP-R125-PAN-INC;OPPO;Reno12 5G;Pantalla;Incell;19,95;19,35;18,75;6
OP-R125-BAT-COM;OPPO;Reno12 5G;Batería;Compatible;9,15;;;6
OP-R125-CON-COM;OPPO;Reno12 5G;Conector de carga;Compatible;5,15;;;6
OP-R125-TAP-COM-MAR;OPPO;Reno12 5G;Tapa trasera;Marrón (Black Brown);6,05;;;6
OP-R125-TAP-COM-PLA;OPPO;Reno12 5G;Tapa trasera;Plata (Astro Silver);6,05;;;6
OP-R125-CTR-COM;OPPO;Reno12 5G;Cámara trasera;Compatible;8,29;;;6
OP-R125-CFR-COM;OPPO;Reno12 5G;Cámara frontal;Compatible;4,65;;;6
OP-R125-LEN-COM;OPPO;Reno12 5G;Lente de cámara;Compatible;2,55;;;6
OP-R125-ALT-COM;OPPO;Reno12 5G;Altavoz;Compatible;3,75;;;6
OP-R125-AUR-COM;OPPO;Reno12 5G;Auricular de llamada;Compatible;2,65;;;6
OP-R125-FLX-COM;OPPO;Reno12 5G;Flex de encendido y volumen;Compatible;2,79;;;6
OP-R125-SIM-COM;OPPO;Reno12 5G;Bandeja SIM;Compatible;2,60;;;6
OP-R12P5-PAN-ORI;OPPO;Reno12 Pro 5G;Pantalla;Original;76,75;74,45;72,15;12
OP-R12P5-PAN-OLS;OPPO;Reno12 Pro 5G;Pantalla;OLED Soft;46,55;45,15;43,76;6
OP-R12P5-PAN-OLH;OPPO;Reno12 Pro 5G;Pantalla;OLED Hard;42,55;41,27;40,00;6
OP-R12P5-PAN-INC;OPPO;Reno12 Pro 5G;Pantalla;Incell;21,35;20,71;20,07;6
OP-R12P5-BAT-COM;OPPO;Reno12 Pro 5G;Batería;Compatible;9,85;;;6
OP-R12P5-CON-COM;OPPO;Reno12 Pro 5G;Conector de carga;Compatible;4,80;;;6
OP-R12P5-TAP-COM-MAR;OPPO;Reno12 Pro 5G;Tapa trasera;Marrón (Space Brown);6,10;;;6
OP-R12P5-TAP-COM-PLA;OPPO;Reno12 Pro 5G;Tapa trasera;Plata (Nebula Silver);6,10;;;6
OP-R12P5-CTR-COM;OPPO;Reno12 Pro 5G;Cámara trasera;Compatible;10,05;9,75;9,45;6
OP-R12P5-CFR-COM;OPPO;Reno12 Pro 5G;Cámara frontal;Compatible;4,90;;;6
OP-R12P5-LEN-COM;OPPO;Reno12 Pro 5G;Lente de cámara;Compatible;3,00;;;6
OP-R12P5-ALT-COM;OPPO;Reno12 Pro 5G;Altavoz;Compatible;4,15;;;6
OP-R12P5-AUR-COM;OPPO;Reno12 Pro 5G;Auricular de llamada;Compatible;3,29;;;6
OP-R12P5-FLX-COM;OPPO;Reno12 Pro 5G;Flex de encendido y volumen;Compatible;3,60;;;6
OP-R12P5-SIM-COM;OPPO;Reno12 Pro 5G;Bandeja SIM;Compatible;3,00;;;6
OP-R12F5-PAN-ORI;OPPO;Reno12 F 5G;Pantalla;Original;63,05;61,16;59,27;12
OP-R12F5-PAN-OLS;OPPO;Reno12 F 5G;Pantalla;OLED Soft;43,49;42,19;40,88;6
OP-R12F5-PAN-OLH;OPPO;Reno12 F 5G;Pantalla;OLED Hard;39,75;38,56;37,36;6
OP-R12F5-PAN-INC;OPPO;Reno12 F 5G;Pantalla;Incell;19,95;19,35;18,75;6
OP-R12F5-BAT-COM;OPPO;Reno12 F 5G;Batería;Compatible;9,15;;;6
OP-R12F5-CON-COM;OPPO;Reno12 F 5G;Conector de carga;Compatible;5,15;;;6
OP-R12F5-TAP-COM-VER;OPPO;Reno12 F 5G;Tapa trasera;Verde (Black Green);6,05;;;6
OP-R12F5-TAP-COM-NAR;OPPO;Reno12 F 5G;Tapa trasera;Naranja (Amber Orange);6,05;;;6
OP-R12F5-CTR-COM;OPPO;Reno12 F 5G;Cámara trasera;Compatible;8,29;;;6
OP-R12F5-CFR-COM;OPPO;Reno12 F 5G;Cámara frontal;Compatible;4,65;;;6
OP-R12F5-LEN-COM;OPPO;Reno12 F 5G;Lente de cámara;Compatible;2,55;;;6
OP-R12F5-ALT-COM;OPPO;Reno12 F 5G;Altavoz;Compatible;3,75;;;6
OP-R12F5-AUR-COM;OPPO;Reno12 F 5G;Auricular de llamada;Compatible;2,65;;;6
OP-R12F5-FLX-COM;OPPO;Reno12 F 5G;Flex de encendido y volumen;Compatible;2,79;;;6
OP-R12F5-SIM-COM;OPPO;Reno12 F 5G;Bandeja SIM;Compatible;2,60;;;6
OP-R12FS5-PAN-ORI;OPPO;Reno12 FS 5G;Pantalla;Original;63,05;61,16;59,27;12
OP-R12FS5-PAN-OLS;OPPO;Reno12 FS 5G;Pantalla;OLED Soft;43,49;42,19;40,88;6
OP-R12FS5-PAN-OLH;OPPO;Reno12 FS 5G;Pantalla;OLED Hard;39,75;38,56;37,36;6
OP-R12FS5-PAN-INC;OPPO;Reno12 FS 5G;Pantalla;Incell;19,95;19,35;18,75;6
OP-R12FS5-BAT-COM;OPPO;Reno12 FS 5G;Batería;Compatible;9,15;;;6
OP-R12FS5-CON-COM;OPPO;Reno12 FS 5G;Conector de carga;Compatible;5,15;;;6
OP-R12FS5-TAP-COM-VER;OPPO;Reno12 FS 5G;Tapa trasera;Verde (Black Green);6,05;;;6
OP-R12FS5-TAP-COM-NAR;OPPO;Reno12 FS 5G;Tapa trasera;Naranja (Amber Orange);6,05;;;6
OP-R12FS5-CTR-COM;OPPO;Reno12 FS 5G;Cámara trasera;Compatible;8,29;;;6
OP-R12FS5-CFR-COM;OPPO;Reno12 FS 5G;Cámara frontal;Compatible;4,65;;;6
OP-R12FS5-LEN-COM;OPPO;Reno12 FS 5G;Lente de cámara;Compatible;2,55;;;6
OP-R12FS5-ALT-COM;OPPO;Reno12 FS 5G;Altavoz;Compatible;3,75;;;6
OP-R12FS5-AUR-COM;OPPO;Reno12 FS 5G;Auricular de llamada;Compatible;2,65;;;6
OP-R12FS5-FLX-COM;OPPO;Reno12 FS 5G;Flex de encendido y volumen;Compatible;2,79;;;6
OP-R12FS5-SIM-COM;OPPO;Reno12 FS 5G;Bandeja SIM;Compatible;2,60;;;6
OP-R12F4-PAN-ORI;OPPO;Reno12 F 4G;Pantalla;Original;63,05;61,16;59,27;12
OP-R12F4-PAN-OLS;OPPO;Reno12 F 4G;Pantalla;OLED Soft;43,49;42,19;40,88;6
OP-R12F4-PAN-OLH;OPPO;Reno12 F 4G;Pantalla;OLED Hard;39,75;38,56;37,36;6
OP-R12F4-PAN-INC;OPPO;Reno12 F 4G;Pantalla;Incell;19,95;19,35;18,75;6
OP-R12F4-BAT-COM;OPPO;Reno12 F 4G;Batería;Compatible;9,15;;;6
OP-R12F4-CON-COM;OPPO;Reno12 F 4G;Conector de carga;Compatible;5,15;;;6
OP-R12F4-TAP-COM-GRI;OPPO;Reno12 F 4G;Tapa trasera;Gris (Matte Grey);6,05;;;6
OP-R12F4-TAP-COM-NAR;OPPO;Reno12 F 4G;Tapa trasera;Naranja (Amber Orange);6,05;;;6
OP-R12F4-CTR-COM;OPPO;Reno12 F 4G;Cámara trasera;Compatible;8,29;;;6
OP-R12F4-CFR-COM;OPPO;Reno12 F 4G;Cámara frontal;Compatible;4,65;;;6
OP-R12F4-LEN-COM;OPPO;Reno12 F 4G;Lente de cámara;Compatible;2,55;;;6
OP-R12F4-ALT-COM;OPPO;Reno12 F 4G;Altavoz;Compatible;3,75;;;6
OP-R12F4-AUR-COM;OPPO;Reno12 F 4G;Auricular de llamada;Compatible;2,65;;;6
OP-R12F4-FLX-COM;OPPO;Reno12 F 4G;Flex de encendido y volumen;Compatible;2,79;;;6
OP-R12F4-SIM-COM;OPPO;Reno12 F 4G;Bandeja SIM;Compatible;2,60;;;6
OP-R12FS4-PAN-ORI;OPPO;Reno12 FS 4G;Pantalla;Original;63,05;61,16;59,27;12
OP-R12FS4-PAN-OLS;OPPO;Reno12 FS 4G;Pantalla;OLED Soft;43,49;42,19;40,88;6
OP-R12FS4-PAN-OLH;OPPO;Reno12 FS 4G;Pantalla;OLED Hard;39,75;38,56;37,36;6
OP-R12FS4-PAN-INC;OPPO;Reno12 FS 4G;Pantalla;Incell;19,95;19,35;18,75;6
OP-R12FS4-BAT-COM;OPPO;Reno12 FS 4G;Batería;Compatible;9,15;;;6
OP-R12FS4-CON-COM;OPPO;Reno12 FS 4G;Conector de carga;Compatible;5,15;;;6
OP-R12FS4-TAP-COM-GRI;OPPO;Reno12 FS 4G;Tapa trasera;Gris (Matte Grey);6,05;;;6
OP-R12FS4-TAP-COM-NAR;OPPO;Reno12 FS 4G;Tapa trasera;Naranja (Amber Orange);6,05;;;6
OP-R12FS4-CTR-COM;OPPO;Reno12 FS 4G;Cámara trasera;Compatible;8,29;;;6
OP-R12FS4-CFR-COM;OPPO;Reno12 FS 4G;Cámara frontal;Compatible;4,65;;;6
OP-R12FS4-LEN-COM;OPPO;Reno12 FS 4G;Lente de cámara;Compatible;2,55;;;6
OP-R12FS4-ALT-COM;OPPO;Reno12 FS 4G;Altavoz;Compatible;3,75;;;6
OP-R12FS4-AUR-COM;OPPO;Reno12 FS 4G;Auricular de llamada;Compatible;2,65;;;6
OP-R12FS4-FLX-COM;OPPO;Reno12 FS 4G;Flex de encendido y volumen;Compatible;2,79;;;6
OP-R12FS4-SIM-COM;OPPO;Reno12 FS 4G;Bandeja SIM;Compatible;2,60;;;6
OP-R135-PAN-ORI;OPPO;Reno13 5G;Pantalla;Original;65,55;63,58;61,62;12
OP-R135-PAN-OLS;OPPO;Reno13 5G;Pantalla;OLED Soft;45,80;44,43;43,05;6
OP-R135-PAN-OLH;OPPO;Reno13 5G;Pantalla;OLED Hard;41,85;40,59;39,34;6
OP-R135-PAN-INC;OPPO;Reno13 5G;Pantalla;Incell;21,00;20,37;19,74;6
OP-R135-BAT-COM;OPPO;Reno13 5G;Batería;Compatible;8,60;;;6
OP-R135-CON-COM;OPPO;Reno13 5G;Conector de carga;Compatible;6,15;;;6
OP-R135-TAP-COM-AZU;OPPO;Reno13 5G;Tapa trasera;Azul (Luminous Blue);6,45;;;6
OP-R135-TAP-COM-BLA;OPPO;Reno13 5G;Tapa trasera;Blanco (Plume White);6,45;;;6
OP-R135-CTR-COM;OPPO;Reno13 5G;Cámara trasera;Compatible;11,35;11,01;10,67;6
OP-R135-CFR-COM;OPPO;Reno13 5G;Cámara frontal;Compatible;6,45;;;6
OP-R135-LEN-COM;OPPO;Reno13 5G;Lente de cámara;Compatible;3,25;;;6
OP-R135-ALT-COM;OPPO;Reno13 5G;Altavoz;Compatible;4,95;;;6
OP-R135-AUR-COM;OPPO;Reno13 5G;Auricular de llamada;Compatible;3,70;;;6
OP-R135-FLX-COM;OPPO;Reno13 5G;Flex de encendido y volumen;Compatible;3,05;;;6
OP-R135-SIM-COM;OPPO;Reno13 5G;Bandeja SIM;Compatible;3,10;;;6
OP-R13P5-PAN-ORI;OPPO;Reno13 Pro 5G;Pantalla;Original;79,80;77,41;75,01;12
OP-R13P5-PAN-OLS;OPPO;Reno13 Pro 5G;Pantalla;OLED Soft;49,05;47,58;46,11;6
OP-R13P5-PAN-OLH;OPPO;Reno13 Pro 5G;Pantalla;OLED Hard;44,80;43,46;42,11;6
OP-R13P5-PAN-INC;OPPO;Reno13 Pro 5G;Pantalla;Incell;22,49;21,82;21,14;6
OP-R13P5-BAT-COM;OPPO;Reno13 Pro 5G;Batería;Compatible;9,30;;;6
OP-R13P5-CON-COM;OPPO;Reno13 Pro 5G;Conector de carga;Compatible;5,75;;;6
OP-R13P5-TAP-COM-GRI;OPPO;Reno13 Pro 5G;Tapa trasera;Gris (Graphite Grey);6,55;;;6
OP-R13P5-TAP-COM-MOR;OPPO;Reno13 Pro 5G;Tapa trasera;Morado (Plume Purple);6,55;;;6
OP-R13P5-CTR-COM;OPPO;Reno13 Pro 5G;Cámara trasera;Compatible;13,79;13,38;12,96;6
OP-R13P5-CFR-COM;OPPO;Reno13 Pro 5G;Cámara frontal;Compatible;6,85;;;6
OP-R13P5-LEN-COM;OPPO;Reno13 Pro 5G;Lente de cámara;Compatible;3,89;;;6
OP-R13P5-ALT-COM;OPPO;Reno13 Pro 5G;Altavoz;Compatible;5,45;;;6
OP-R13P5-AUR-COM;OPPO;Reno13 Pro 5G;Auricular de llamada;Compatible;4,60;;;6
OP-R13P5-FLX-COM;OPPO;Reno13 Pro 5G;Flex de encendido y volumen;Compatible;3,95;;;6
OP-R13P5-SIM-COM;OPPO;Reno13 Pro 5G;Bandeja SIM;Compatible;3,55;;;6
OP-R13F5-PAN-ORI;OPPO;Reno13 F 5G;Pantalla;Original;65,55;63,58;61,62;12
OP-R13F5-PAN-OLS;OPPO;Reno13 F 5G;Pantalla;OLED Soft;45,80;44,43;43,05;6
OP-R13F5-PAN-OLH;OPPO;Reno13 F 5G;Pantalla;OLED Hard;41,85;40,59;39,34;6
OP-R13F5-PAN-INC;OPPO;Reno13 F 5G;Pantalla;Incell;21,00;20,37;19,74;6
OP-R13F5-BAT-COM;OPPO;Reno13 F 5G;Batería;Compatible;8,60;;;6
OP-R13F5-CON-COM;OPPO;Reno13 F 5G;Conector de carga;Compatible;6,15;;;6
OP-R13F5-TAP-COM-GRI;OPPO;Reno13 F 5G;Tapa trasera;Gris (Graphite Grey);6,45;;;6
OP-R13F5-TAP-COM-AZU;OPPO;Reno13 F 5G;Tapa trasera;Azul (Luminous Blue);6,45;;;6
OP-R13F5-TAP-COM-MOR;OPPO;Reno13 F 5G;Tapa trasera;Morado (Plume Purple);6,45;;;6
OP-R13F5-CTR-COM;OPPO;Reno13 F 5G;Cámara trasera;Compatible;11,35;11,01;10,67;6
OP-R13F5-CFR-COM;OPPO;Reno13 F 5G;Cámara frontal;Compatible;6,45;;;6
OP-R13F5-LEN-COM;OPPO;Reno13 F 5G;Lente de cámara;Compatible;3,25;;;6
OP-R13F5-ALT-COM;OPPO;Reno13 F 5G;Altavoz;Compatible;4,95;;;6
OP-R13F5-AUR-COM;OPPO;Reno13 F 5G;Auricular de llamada;Compatible;3,70;;;6
OP-R13F5-FLX-COM;OPPO;Reno13 F 5G;Flex de encendido y volumen;Compatible;3,05;;;6
OP-R13F5-SIM-COM;OPPO;Reno13 F 5G;Bandeja SIM;Compatible;3,10;;;6
OP-R13FS5-PAN-ORI;OPPO;Reno13 FS 5G;Pantalla;Original;65,55;63,58;61,62;12
OP-R13FS5-PAN-OLS;OPPO;Reno13 FS 5G;Pantalla;OLED Soft;45,80;44,43;43,05;6
OP-R13FS5-PAN-OLH;OPPO;Reno13 FS 5G;Pantalla;OLED Hard;41,85;40,59;39,34;6
OP-R13FS5-PAN-INC;OPPO;Reno13 FS 5G;Pantalla;Incell;21,00;20,37;19,74;6
OP-R13FS5-BAT-COM;OPPO;Reno13 FS 5G;Batería;Compatible;8,60;;;6
OP-R13FS5-CON-COM;OPPO;Reno13 FS 5G;Conector de carga;Compatible;6,15;;;6
OP-R13FS5-TAP-COM-GRI;OPPO;Reno13 FS 5G;Tapa trasera;Gris (Graphite Grey);6,45;;;6
OP-R13FS5-TAP-COM-AZU;OPPO;Reno13 FS 5G;Tapa trasera;Azul (Luminous Blue);6,45;;;6
OP-R13FS5-TAP-COM-MOR;OPPO;Reno13 FS 5G;Tapa trasera;Morado (Plume Purple);6,45;;;6
OP-R13FS5-CTR-COM;OPPO;Reno13 FS 5G;Cámara trasera;Compatible;11,35;11,01;10,67;6
OP-R13FS5-CFR-COM;OPPO;Reno13 FS 5G;Cámara frontal;Compatible;6,45;;;6
OP-R13FS5-LEN-COM;OPPO;Reno13 FS 5G;Lente de cámara;Compatible;3,25;;;6
OP-R13FS5-ALT-COM;OPPO;Reno13 FS 5G;Altavoz;Compatible;4,95;;;6
OP-R13FS5-AUR-COM;OPPO;Reno13 FS 5G;Auricular de llamada;Compatible;3,70;;;6
OP-R13FS5-FLX-COM;OPPO;Reno13 FS 5G;Flex de encendido y volumen;Compatible;3,05;;;6
OP-R13FS5-SIM-COM;OPPO;Reno13 FS 5G;Bandeja SIM;Compatible;3,10;;;6
OP-R145-PAN-ORI;OPPO;Reno14 5G;Pantalla;Original;65,55;63,58;61,62;12
OP-R145-PAN-OLS;OPPO;Reno14 5G;Pantalla;OLED Soft;45,80;44,43;43,05;6
OP-R145-PAN-OLH;OPPO;Reno14 5G;Pantalla;OLED Hard;41,85;40,59;39,34;6
OP-R145-PAN-INC;OPPO;Reno14 5G;Pantalla;Incell;21,00;20,37;19,74;6
OP-R145-BAT-COM;OPPO;Reno14 5G;Batería;Compatible;8,60;;;6
OP-R145-CON-COM;OPPO;Reno14 5G;Conector de carga;Compatible;6,15;;;6
OP-R145-TAP-COM-VER;OPPO;Reno14 5G;Tapa trasera;Verde (Luminous Green);6,45;;;6
OP-R145-TAP-COM-BLA;OPPO;Reno14 5G;Tapa trasera;Blanco (Opal White);6,45;;;6
OP-R145-CTR-COM;OPPO;Reno14 5G;Cámara trasera;Compatible;11,35;11,01;10,67;6
OP-R145-CFR-COM;OPPO;Reno14 5G;Cámara frontal;Compatible;6,45;;;6
OP-R145-LEN-COM;OPPO;Reno14 5G;Lente de cámara;Compatible;3,25;;;6
OP-R145-ALT-COM;OPPO;Reno14 5G;Altavoz;Compatible;4,95;;;6
OP-R145-AUR-COM;OPPO;Reno14 5G;Auricular de llamada;Compatible;3,70;;;6
OP-R145-FLX-COM;OPPO;Reno14 5G;Flex de encendido y volumen;Compatible;3,05;;;6
OP-R145-SIM-COM;OPPO;Reno14 5G;Bandeja SIM;Compatible;3,10;;;6
OP-R14F5-PAN-ORI;OPPO;Reno14 F 5G;Pantalla;Original;65,55;63,58;61,62;12
OP-R14F5-PAN-OLS;OPPO;Reno14 F 5G;Pantalla;OLED Soft;45,80;44,43;43,05;6
OP-R14F5-PAN-OLH;OPPO;Reno14 F 5G;Pantalla;OLED Hard;41,85;40,59;39,34;6
OP-R14F5-PAN-INC;OPPO;Reno14 F 5G;Pantalla;Incell;21,00;20,37;19,74;6
OP-R14F5-BAT-COM;OPPO;Reno14 F 5G;Batería;Compatible;8,60;;;6
OP-R14F5-CON-COM;OPPO;Reno14 F 5G;Conector de carga;Compatible;6,15;;;6
OP-R14F5-TAP-COM-AZU;OPPO;Reno14 F 5G;Tapa trasera;Azul (Opal Blue);6,45;;;6
OP-R14F5-TAP-COM-VER;OPPO;Reno14 F 5G;Tapa trasera;Verde (Luminous Green);6,45;;;6
OP-R14F5-CTR-COM;OPPO;Reno14 F 5G;Cámara trasera;Compatible;11,35;11,01;10,67;6
OP-R14F5-CFR-COM;OPPO;Reno14 F 5G;Cámara frontal;Compatible;6,45;;;6
OP-R14F5-LEN-COM;OPPO;Reno14 F 5G;Lente de cámara;Compatible;3,25;;;6
OP-R14F5-ALT-COM;OPPO;Reno14 F 5G;Altavoz;Compatible;4,95;;;6
OP-R14F5-AUR-COM;OPPO;Reno14 F 5G;Auricular de llamada;Compatible;3,70;;;6
OP-R14F5-FLX-COM;OPPO;Reno14 F 5G;Flex de encendido y volumen;Compatible;3,05;;;6
OP-R14F5-SIM-COM;OPPO;Reno14 F 5G;Bandeja SIM;Compatible;3,10;;;6
OP-R14FS5-PAN-ORI;OPPO;Reno14 FS 5G;Pantalla;Original;65,55;63,58;61,62;12
OP-R14FS5-PAN-OLS;OPPO;Reno14 FS 5G;Pantalla;OLED Soft;45,80;44,43;43,05;6
OP-R14FS5-PAN-OLH;OPPO;Reno14 FS 5G;Pantalla;OLED Hard;41,85;40,59;39,34;6
OP-R14FS5-PAN-INC;OPPO;Reno14 FS 5G;Pantalla;Incell;21,00;20,37;19,74;6
OP-R14FS5-BAT-COM;OPPO;Reno14 FS 5G;Batería;Compatible;8,60;;;6
OP-R14FS5-CON-COM;OPPO;Reno14 FS 5G;Conector de carga;Compatible;6,15;;;6
OP-R14FS5-TAP-COM-AZU;OPPO;Reno14 FS 5G;Tapa trasera;Azul (Opal Blue);6,45;;;6
OP-R14FS5-TAP-COM-VER;OPPO;Reno14 FS 5G;Tapa trasera;Verde (Luminous Green);6,45;;;6
OP-R14FS5-CTR-COM;OPPO;Reno14 FS 5G;Cámara trasera;Compatible;11,35;11,01;10,67;6
OP-R14FS5-CFR-COM;OPPO;Reno14 FS 5G;Cámara frontal;Compatible;6,45;;;6
OP-R14FS5-LEN-COM;OPPO;Reno14 FS 5G;Lente de cámara;Compatible;3,25;;;6
OP-R14FS5-ALT-COM;OPPO;Reno14 FS 5G;Altavoz;Compatible;4,95;;;6
OP-R14FS5-AUR-COM;OPPO;Reno14 FS 5G;Auricular de llamada;Compatible;3,70;;;6
OP-R14FS5-FLX-COM;OPPO;Reno14 FS 5G;Flex de encendido y volumen;Compatible;3,05;;;6
OP-R14FS5-SIM-COM;OPPO;Reno14 FS 5G;Bandeja SIM;Compatible;3,10;;;6
OP-R165-PAN-ORI;OPPO;Reno16 5G;Pantalla;Original;65,55;63,58;61,62;12
OP-R165-PAN-OLS;OPPO;Reno16 5G;Pantalla;OLED Soft;45,80;44,43;43,05;6
OP-R165-PAN-OLH;OPPO;Reno16 5G;Pantalla;OLED Hard;41,85;40,59;39,34;6
OP-R165-PAN-INC;OPPO;Reno16 5G;Pantalla;Incell;21,00;20,37;19,74;6
OP-R165-BAT-COM;OPPO;Reno16 5G;Batería;Compatible;8,60;;;6
OP-R165-CON-COM;OPPO;Reno16 5G;Conector de carga;Compatible;6,15;;;6
OP-R165-TAP-COM-NEG;OPPO;Reno16 5G;Tapa trasera;Negro (Purple Black);6,45;;;6
OP-R165-TAP-COM-BLA;OPPO;Reno16 5G;Tapa trasera;Blanco (Pop White);6,45;;;6
OP-R165-CTR-COM;OPPO;Reno16 5G;Cámara trasera;Compatible;11,35;11,01;10,67;6
OP-R165-CFR-COM;OPPO;Reno16 5G;Cámara frontal;Compatible;6,45;;;6
OP-R165-LEN-COM;OPPO;Reno16 5G;Lente de cámara;Compatible;3,25;;;6
OP-R165-ALT-COM;OPPO;Reno16 5G;Altavoz;Compatible;4,95;;;6
OP-R165-AUR-COM;OPPO;Reno16 5G;Auricular de llamada;Compatible;3,70;;;6
OP-R165-FLX-COM;OPPO;Reno16 5G;Flex de encendido y volumen;Compatible;3,05;;;6
OP-R165-SIM-COM;OPPO;Reno16 5G;Bandeja SIM;Compatible;3,10;;;6
OP-R16P5-PAN-ORI;OPPO;Reno16 Pro 5G;Pantalla;Original;79,80;77,41;75,01;12
OP-R16P5-PAN-OLS;OPPO;Reno16 Pro 5G;Pantalla;OLED Soft;49,05;47,58;46,11;6
OP-R16P5-PAN-OLH;OPPO;Reno16 Pro 5G;Pantalla;OLED Hard;44,80;43,46;42,11;6
OP-R16P5-PAN-INC;OPPO;Reno16 Pro 5G;Pantalla;Incell;22,49;21,82;21,14;6
OP-R16P5-BAT-COM;OPPO;Reno16 Pro 5G;Batería;Compatible;9,30;;;6
OP-R16P5-CON-COM;OPPO;Reno16 Pro 5G;Conector de carga;Compatible;5,75;;;6
OP-R16P5-TAP-COM-NEG;OPPO;Reno16 Pro 5G;Tapa trasera;Negro (Starlight Black);6,55;;;6
OP-R16P5-TAP-COM-BLA;OPPO;Reno16 Pro 5G;Tapa trasera;Blanco (Pop White);6,55;;;6
OP-R16P5-CTR-COM;OPPO;Reno16 Pro 5G;Cámara trasera;Compatible;13,79;13,38;12,96;6
OP-R16P5-CFR-COM;OPPO;Reno16 Pro 5G;Cámara frontal;Compatible;6,85;;;6
OP-R16P5-LEN-COM;OPPO;Reno16 Pro 5G;Lente de cámara;Compatible;3,89;;;6
OP-R16P5-ALT-COM;OPPO;Reno16 Pro 5G;Altavoz;Compatible;5,45;;;6
OP-R16P5-AUR-COM;OPPO;Reno16 Pro 5G;Auricular de llamada;Compatible;4,60;;;6
OP-R16P5-FLX-COM;OPPO;Reno16 Pro 5G;Flex de encendido y volumen;Compatible;3,95;;;6
OP-R16P5-SIM-COM;OPPO;Reno16 Pro 5G;Bandeja SIM;Compatible;3,55;;;6
OP-R16F5-PAN-ORI;OPPO;Reno16 F 5G;Pantalla;Original;65,55;63,58;61,62;12
OP-R16F5-PAN-OLS;OPPO;Reno16 F 5G;Pantalla;OLED Soft;45,80;44,43;43,05;6
OP-R16F5-PAN-OLH;OPPO;Reno16 F 5G;Pantalla;OLED Hard;41,85;40,59;39,34;6
OP-R16F5-PAN-INC;OPPO;Reno16 F 5G;Pantalla;Incell;21,00;20,37;19,74;6
OP-R16F5-BAT-COM;OPPO;Reno16 F 5G;Batería;Compatible;8,60;;;6
OP-R16F5-CON-COM;OPPO;Reno16 F 5G;Conector de carga;Compatible;6,15;;;6
OP-R16F5-TAP-COM-NEG;OPPO;Reno16 F 5G;Tapa trasera;Negro (Purple Black);6,45;;;6
OP-R16F5-TAP-COM-BLA;OPPO;Reno16 F 5G;Tapa trasera;Blanco (Pop White);6,45;;;6
OP-R16F5-CTR-COM;OPPO;Reno16 F 5G;Cámara trasera;Compatible;11,35;11,01;10,67;6
OP-R16F5-CFR-COM;OPPO;Reno16 F 5G;Cámara frontal;Compatible;6,45;;;6
OP-R16F5-LEN-COM;OPPO;Reno16 F 5G;Lente de cámara;Compatible;3,25;;;6
OP-R16F5-ALT-COM;OPPO;Reno16 F 5G;Altavoz;Compatible;4,95;;;6
OP-R16F5-AUR-COM;OPPO;Reno16 F 5G;Auricular de llamada;Compatible;3,70;;;6
OP-R16F5-FLX-COM;OPPO;Reno16 F 5G;Flex de encendido y volumen;Compatible;3,05;;;6
OP-R16F5-SIM-COM;OPPO;Reno16 F 5G;Bandeja SIM;Compatible;3,10;;;6
OP-R16FS5-PAN-ORI;OPPO;Reno16 FS 5G;Pantalla;Original;65,55;63,58;61,62;12
OP-R16FS5-PAN-OLS;OPPO;Reno16 FS 5G;Pantalla;OLED Soft;45,80;44,43;43,05;6
OP-R16FS5-PAN-OLH;OPPO;Reno16 FS 5G;Pantalla;OLED Hard;41,85;40,59;39,34;6
OP-R16FS5-PAN-INC;OPPO;Reno16 FS 5G;Pantalla;Incell;21,00;20,37;19,74;6
OP-R16FS5-BAT-COM;OPPO;Reno16 FS 5G;Batería;Compatible;8,60;;;6
OP-R16FS5-CON-COM;OPPO;Reno16 FS 5G;Conector de carga;Compatible;6,15;;;6
OP-R16FS5-TAP-COM-NEG;OPPO;Reno16 FS 5G;Tapa trasera;Negro (Purple Black);6,45;;;6
OP-R16FS5-TAP-COM-BLA;OPPO;Reno16 FS 5G;Tapa trasera;Blanco (Pop White);6,45;;;6
OP-R16FS5-CTR-COM;OPPO;Reno16 FS 5G;Cámara trasera;Compatible;11,35;11,01;10,67;6
OP-R16FS5-CFR-COM;OPPO;Reno16 FS 5G;Cámara frontal;Compatible;6,45;;;6
OP-R16FS5-LEN-COM;OPPO;Reno16 FS 5G;Lente de cámara;Compatible;3,25;;;6
OP-R16FS5-ALT-COM;OPPO;Reno16 FS 5G;Altavoz;Compatible;4,95;;;6
OP-R16FS5-AUR-COM;OPPO;Reno16 FS 5G;Auricular de llamada;Compatible;3,70;;;6
OP-R16FS5-FLX-COM;OPPO;Reno16 FS 5G;Flex de encendido y volumen;Compatible;3,05;;;6
OP-R16FS5-SIM-COM;OPPO;Reno16 FS 5G;Bandeja SIM;Compatible;3,10;;;6
OP-A520-PAN-ORI;OPPO;A5 2020;Pantalla;Original;26,89;26,08;25,28;12
OP-A520-PAN-COM;OPPO;A5 2020;Pantalla;Compatible;12,65;12,27;11,89;6
OP-A520-BAT-COM;OPPO;A5 2020;Batería;Compatible;8,60;;;6
OP-A520-CON-COM;OPPO;A5 2020;Conector de carga;Compatible;3,59;;;6
OP-A520-TAP-COM-NEG;OPPO;A5 2020;Tapa trasera;Negro (Mirror Black);4,89;;;6
OP-A520-TAP-COM-BLA;OPPO;A5 2020;Tapa trasera;Blanco (Dazzling White);4,89;;;6
OP-A520-CTR-COM;OPPO;A5 2020;Cámara trasera;Compatible;6,19;;;6
OP-A520-CFR-COM;OPPO;A5 2020;Cámara frontal;Compatible;4,10;;;6
OP-A520-LEN-COM;OPPO;A5 2020;Lente de cámara;Compatible;2,45;;;6
OP-A520-ALT-COM;OPPO;A5 2020;Altavoz;Compatible;3,75;;;6
OP-A520-AUR-COM;OPPO;A5 2020;Auricular de llamada;Compatible;2,69;;;6
OP-A520-FLX-COM;OPPO;A5 2020;Flex de encendido y volumen;Compatible;2,55;;;6
OP-A520-SIM-COM;OPPO;A5 2020;Bandeja SIM;Compatible;2,70;;;6
OP-A920-PAN-ORI;OPPO;A9 2020;Pantalla;Original;26,89;26,08;25,28;12
OP-A920-PAN-COM;OPPO;A9 2020;Pantalla;Compatible;12,65;12,27;11,89;6
OP-A920-BAT-COM;OPPO;A9 2020;Batería;Compatible;8,60;;;6
OP-A920-CON-COM;OPPO;A9 2020;Conector de carga;Compatible;3,59;;;6
OP-A920-TAP-COM-VER;OPPO;A9 2020;Tapa trasera;Verde (Marine Green);4,89;;;6
OP-A920-TAP-COM-MOR;OPPO;A9 2020;Tapa trasera;Morado (Space Purple);4,89;;;6
OP-A920-CTR-COM;OPPO;A9 2020;Cámara trasera;Compatible;6,19;;;6
OP-A920-CFR-COM;OPPO;A9 2020;Cámara frontal;Compatible;4,10;;;6
OP-A920-LEN-COM;OPPO;A9 2020;Lente de cámara;Compatible;2,45;;;6
OP-A920-ALT-COM;OPPO;A9 2020;Altavoz;Compatible;3,75;;;6
OP-A920-AUR-COM;OPPO;A9 2020;Auricular de llamada;Compatible;2,69;;;6
OP-A920-FLX-COM;OPPO;A9 2020;Flex de encendido y volumen;Compatible;2,55;;;6
OP-A920-SIM-COM;OPPO;A9 2020;Bandeja SIM;Compatible;2,70;;;6
OP-A91-PAN-ORI;OPPO;A91;Pantalla;Original;62,59;60,71;58,83;12
OP-A91-PAN-OLS;OPPO;A91;Pantalla;OLED Soft;39,65;38,46;37,27;6
OP-A91-PAN-OLH;OPPO;A91;Pantalla;OLED Hard;36,25;35,16;34,07;6
OP-A91-PAN-INC;OPPO;A91;Pantalla;Incell;18,19;17,64;17,10;6
OP-A91-BAT-COM;OPPO;A91;Batería;Compatible;7,95;;;6
OP-A91-CON-COM;OPPO;A91;Conector de carga;Compatible;4,25;;;6
OP-A91-TAP-COM-NEG;OPPO;A91;Tapa trasera;Negro (Lightening Black);5,60;;;6
OP-A91-TAP-COM-AZU;OPPO;A91;Tapa trasera;Azul (Blazing Blue);5,60;;;6
OP-A91-CTR-COM;OPPO;A91;Cámara trasera;Compatible;5,75;;;6
OP-A91-CFR-COM;OPPO;A91;Cámara frontal;Compatible;3,25;;;6
OP-A91-LEN-COM;OPPO;A91;Lente de cámara;Compatible;2,40;;;6
OP-A91-ALT-COM;OPPO;A91;Altavoz;Compatible;3,55;;;6
OP-A91-AUR-COM;OPPO;A91;Auricular de llamada;Compatible;2,40;;;6
OP-A91-FLX-COM;OPPO;A91;Flex de encendido y volumen;Compatible;2,29;;;6
OP-A91-SIM-COM;OPPO;A91;Bandeja SIM;Compatible;2,60;;;6
OP-A52-PAN-ORI;OPPO;A52;Pantalla;Original;29,59;28,70;27,81;12
OP-A52-PAN-COM;OPPO;A52;Pantalla;Compatible;13,45;13,05;12,64;6
OP-A52-BAT-COM;OPPO;A52;Batería;Compatible;7,35;;;6
OP-A52-CON-COM;OPPO;A52;Conector de carga;Compatible;3,45;;;6
OP-A52-TAP-COM-NEG;OPPO;A52;Tapa trasera;Negro (Twilight Black);5,00;;;6
OP-A52-TAP-COM-BLA;OPPO;A52;Tapa trasera;Blanco (Stream White);5,00;;;6
OP-A52-CTR-COM;OPPO;A52;Cámara trasera;Compatible;5,05;;;6
OP-A52-CFR-COM;OPPO;A52;Cámara frontal;Compatible;3,00;;;6
OP-A52-LEN-COM;OPPO;A52;Lente de cámara;Compatible;2,49;;;6
OP-A52-ALT-COM;OPPO;A52;Altavoz;Compatible;3,45;;;6
OP-A52-AUR-COM;OPPO;A52;Auricular de llamada;Compatible;2,45;;;6
OP-A52-FLX-COM;OPPO;A52;Flex de encendido y volumen;Compatible;2,35;;;6
OP-A52-SIM-COM;OPPO;A52;Bandeja SIM;Compatible;2,75;;;6
OP-A72-PAN-ORI;OPPO;A72;Pantalla;Original;29,59;28,70;27,81;12
OP-A72-PAN-COM;OPPO;A72;Pantalla;Compatible;13,45;13,05;12,64;6
OP-A72-BAT-COM;OPPO;A72;Batería;Compatible;7,35;;;6
OP-A72-CON-COM;OPPO;A72;Conector de carga;Compatible;3,45;;;6
OP-A72-TAP-COM-NEG;OPPO;A72;Tapa trasera;Negro (Twilight Black);5,00;;;6
OP-A72-TAP-COM-BLA;OPPO;A72;Tapa trasera;Blanco (Stream White);5,00;;;6
OP-A72-TAP-COM-AZU;OPPO;A72;Tapa trasera;Azul cielo;5,00;;;6
OP-A72-TAP-COM-MOR;OPPO;A72;Tapa trasera;Morado (Aurora Purple);5,00;;;6
OP-A72-CTR-COM;OPPO;A72;Cámara trasera;Compatible;5,05;;;6
OP-A72-CFR-COM;OPPO;A72;Cámara frontal;Compatible;3,00;;;6
OP-A72-LEN-COM;OPPO;A72;Lente de cámara;Compatible;2,49;;;6
OP-A72-ALT-COM;OPPO;A72;Altavoz;Compatible;3,45;;;6
OP-A72-AUR-COM;OPPO;A72;Auricular de llamada;Compatible;2,45;;;6
OP-A72-FLX-COM;OPPO;A72;Flex de encendido y volumen;Compatible;2,35;;;6
OP-A72-SIM-COM;OPPO;A72;Bandeja SIM;Compatible;2,75;;;6
OP-A53-PAN-ORI;OPPO;A53;Pantalla;Original;29,59;28,70;27,81;12
OP-A53-PAN-COM;OPPO;A53;Pantalla;Compatible;13,45;13,05;12,64;6
OP-A53-BAT-COM;OPPO;A53;Batería;Compatible;7,35;;;6
OP-A53-CON-COM;OPPO;A53;Conector de carga;Compatible;3,45;;;6
OP-A53-TAP-COM-NEG;OPPO;A53;Tapa trasera;Negro (Electric Black);5,00;;;6
OP-A53-TAP-COM-CRE;OPPO;A53;Tapa trasera;Crema (Mint Cream);5,00;;;6
OP-A53-CTR-COM;OPPO;A53;Cámara trasera;Compatible;5,05;;;6
OP-A53-CFR-COM;OPPO;A53;Cámara frontal;Compatible;3,00;;;6
OP-A53-LEN-COM;OPPO;A53;Lente de cámara;Compatible;2,49;;;6
OP-A53-ALT-COM;OPPO;A53;Altavoz;Compatible;3,45;;;6
OP-A53-AUR-COM;OPPO;A53;Auricular de llamada;Compatible;2,45;;;6
OP-A53-FLX-COM;OPPO;A53;Flex de encendido y volumen;Compatible;2,35;;;6
OP-A53-SIM-COM;OPPO;A53;Bandeja SIM;Compatible;2,75;;;6
OP-A53S-PAN-ORI;OPPO;A53s;Pantalla;Original;29,59;28,70;27,81;12
OP-A53S-PAN-COM;OPPO;A53s;Pantalla;Compatible;13,45;13,05;12,64;6
OP-A53S-BAT-COM;OPPO;A53s;Batería;Compatible;7,35;;;6
OP-A53S-CON-COM;OPPO;A53s;Conector de carga;Compatible;3,45;;;6
OP-A53S-TAP-COM-NEG;OPPO;A53s;Tapa trasera;Negro (Electric Black);5,00;;;6
OP-A53S-TAP-COM-AZU;OPPO;A53s;Tapa trasera;Azul (Fancy Blue);5,00;;;6
OP-A53S-CTR-COM;OPPO;A53s;Cámara trasera;Compatible;5,05;;;6
OP-A53S-CFR-COM;OPPO;A53s;Cámara frontal;Compatible;3,00;;;6
OP-A53S-LEN-COM;OPPO;A53s;Lente de cámara;Compatible;2,49;;;6
OP-A53S-ALT-COM;OPPO;A53s;Altavoz;Compatible;3,45;;;6
OP-A53S-AUR-COM;OPPO;A53s;Auricular de llamada;Compatible;2,45;;;6
OP-A53S-FLX-COM;OPPO;A53s;Flex de encendido y volumen;Compatible;2,35;;;6
OP-A53S-SIM-COM;OPPO;A53s;Bandeja SIM;Compatible;2,75;;;6
OP-A15-PAN-ORI;OPPO;A15;Pantalla;Original;29,59;28,70;27,81;12
OP-A15-PAN-COM;OPPO;A15;Pantalla;Compatible;13,45;13,05;12,64;6
OP-A15-BAT-COM;OPPO;A15;Batería;Compatible;7,35;;;6
OP-A15-CON-COM;OPPO;A15;Conector de carga;Compatible;3,45;;;6
OP-A15-TAP-COM-NEG;OPPO;A15;Tapa trasera;Negro (Dynamic Black);5,00;;;6
OP-A15-TAP-COM-AZU;OPPO;A15;Tapa trasera;Azul (Mystery Blue);5,00;;;6
OP-A15-CTR-COM;OPPO;A15;Cámara trasera;Compatible;5,05;;;6
OP-A15-CFR-COM;OPPO;A15;Cámara frontal;Compatible;3,00;;;6
OP-A15-LEN-COM;OPPO;A15;Lente de cámara;Compatible;2,49;;;6
OP-A15-ALT-COM;OPPO;A15;Altavoz;Compatible;3,45;;;6
OP-A15-AUR-COM;OPPO;A15;Auricular de llamada;Compatible;2,45;;;6
OP-A15-FLX-COM;OPPO;A15;Flex de encendido y volumen;Compatible;2,35;;;6
OP-A15-SIM-COM;OPPO;A15;Bandeja SIM;Compatible;2,75;;;6
OP-A735-PAN-ORI;OPPO;A73 5G;Pantalla;Original;29,59;28,70;27,81;12
OP-A735-PAN-COM;OPPO;A73 5G;Pantalla;Compatible;13,45;13,05;12,64;6
OP-A735-BAT-COM;OPPO;A73 5G;Batería;Compatible;7,35;;;6
OP-A735-CON-COM;OPPO;A73 5G;Conector de carga;Compatible;3,45;;;6
OP-A735-TAP-COM-AZU;OPPO;A73 5G;Tapa trasera;Azul marino;5,00;;;6
OP-A735-TAP-COM-NEO;OPPO;A73 5G;Tapa trasera;Neon;5,00;;;6
OP-A735-CTR-COM;OPPO;A73 5G;Cámara trasera;Compatible;5,05;;;6
OP-A735-CFR-COM;OPPO;A73 5G;Cámara frontal;Compatible;3,00;;;6
OP-A735-LEN-COM;OPPO;A73 5G;Lente de cámara;Compatible;2,49;;;6
OP-A735-ALT-COM;OPPO;A73 5G;Altavoz;Compatible;3,45;;;6
OP-A735-AUR-COM;OPPO;A73 5G;Auricular de llamada;Compatible;2,45;;;6
OP-A735-FLX-COM;OPPO;A73 5G;Flex de encendido y volumen;Compatible;2,35;;;6
OP-A735-SIM-COM;OPPO;A73 5G;Bandeja SIM;Compatible;2,75;;;6
OP-A545-PAN-ORI;OPPO;A54 5G;Pantalla;Original;29,59;28,70;27,81;12
OP-A545-PAN-COM;OPPO;A54 5G;Pantalla;Compatible;13,45;13,05;12,64;6
OP-A545-BAT-COM;OPPO;A54 5G;Batería;Compatible;7,35;;;6
OP-A545-CON-COM;OPPO;A54 5G;Conector de carga;Compatible;3,45;;;6
OP-A545-TAP-COM-NEG;OPPO;A54 5G;Tapa trasera;Negro fluido;5,00;;;6
OP-A545-TAP-COM-PUR;OPPO;A54 5G;Tapa trasera;Púrpura;5,00;;;6
OP-A545-CTR-COM;OPPO;A54 5G;Cámara trasera;Compatible;5,05;;;6
OP-A545-CFR-COM;OPPO;A54 5G;Cámara frontal;Compatible;3,00;;;6
OP-A545-LEN-COM;OPPO;A54 5G;Lente de cámara;Compatible;2,49;;;6
OP-A545-ALT-COM;OPPO;A54 5G;Altavoz;Compatible;3,45;;;6
OP-A545-AUR-COM;OPPO;A54 5G;Auricular de llamada;Compatible;2,45;;;6
OP-A545-FLX-COM;OPPO;A54 5G;Flex de encendido y volumen;Compatible;2,35;;;6
OP-A545-SIM-COM;OPPO;A54 5G;Bandeja SIM;Compatible;2,75;;;6
OP-A74-PAN-ORI;OPPO;A74;Pantalla;Original;52,95;51,36;49,77;12
OP-A74-PAN-OLS;OPPO;A74;Pantalla;OLED Soft;34,45;33,42;32,38;6
OP-A74-PAN-OLH;OPPO;A74;Pantalla;OLED Hard;31,50;30,56;29,61;6
OP-A74-PAN-INC;OPPO;A74;Pantalla;Incell;15,80;15,33;14,85;6
OP-A74-BAT-COM;OPPO;A74;Batería;Compatible;7,35;;;6
OP-A74-CON-COM;OPPO;A74;Conector de carga;Compatible;3,45;;;6
OP-A74-TAP-COM-NEG;OPPO;A74;Tapa trasera;Negro prisma;5,00;;;6
OP-A74-TAP-COM-AZU;OPPO;A74;Tapa trasera;Azul medianoche;5,00;;;6
OP-A74-CTR-COM;OPPO;A74;Cámara trasera;Compatible;5,05;;;6
OP-A74-CFR-COM;OPPO;A74;Cámara frontal;Compatible;3,00;;;6
OP-A74-LEN-COM;OPPO;A74;Lente de cámara;Compatible;2,49;;;6
OP-A74-ALT-COM;OPPO;A74;Altavoz;Compatible;3,45;;;6
OP-A74-AUR-COM;OPPO;A74;Auricular de llamada;Compatible;2,45;;;6
OP-A74-FLX-COM;OPPO;A74;Flex de encendido y volumen;Compatible;2,35;;;6
OP-A74-SIM-COM;OPPO;A74;Bandeja SIM;Compatible;2,75;;;6
OP-A745-PAN-ORI;OPPO;A74 5G;Pantalla;Original;29,59;28,70;27,81;12
OP-A745-PAN-COM;OPPO;A74 5G;Pantalla;Compatible;13,45;13,05;12,64;6
OP-A745-BAT-COM;OPPO;A74 5G;Batería;Compatible;7,35;;;6
OP-A745-CON-COM;OPPO;A74 5G;Conector de carga;Compatible;3,45;;;6
OP-A745-TAP-COM-NEG;OPPO;A74 5G;Tapa trasera;Negro fluido;5,00;;;6
OP-A745-TAP-COM-PLA;OPPO;A74 5G;Tapa trasera;Plata espacial;5,00;;;6
OP-A745-CTR-COM;OPPO;A74 5G;Cámara trasera;Compatible;5,05;;;6
OP-A745-CFR-COM;OPPO;A74 5G;Cámara frontal;Compatible;3,00;;;6
OP-A745-LEN-COM;OPPO;A74 5G;Lente de cámara;Compatible;2,49;;;6
OP-A745-ALT-COM;OPPO;A74 5G;Altavoz;Compatible;3,45;;;6
OP-A745-AUR-COM;OPPO;A74 5G;Auricular de llamada;Compatible;2,45;;;6
OP-A745-FLX-COM;OPPO;A74 5G;Flex de encendido y volumen;Compatible;2,35;;;6
OP-A745-SIM-COM;OPPO;A74 5G;Bandeja SIM;Compatible;2,75;;;6
OP-A945-PAN-ORI;OPPO;A94 5G;Pantalla;Original;62,59;60,71;58,83;12
OP-A945-PAN-OLS;OPPO;A94 5G;Pantalla;OLED Soft;39,65;38,46;37,27;6
OP-A945-PAN-OLH;OPPO;A94 5G;Pantalla;OLED Hard;36,25;35,16;34,07;6
OP-A945-PAN-INC;OPPO;A94 5G;Pantalla;Incell;18,19;17,64;17,10;6
OP-A945-BAT-COM;OPPO;A94 5G;Batería;Compatible;7,95;;;6
OP-A945-CON-COM;OPPO;A94 5G;Conector de carga;Compatible;4,25;;;6
OP-A945-TAP-COM-NEG;OPPO;A94 5G;Tapa trasera;Negro fluido;5,60;;;6
OP-A945-TAP-COM-AZU;OPPO;A94 5G;Tapa trasera;Azul Cosmo;5,60;;;6
OP-A945-CTR-COM;OPPO;A94 5G;Cámara trasera;Compatible;5,75;;;6
OP-A945-CFR-COM;OPPO;A94 5G;Cámara frontal;Compatible;3,25;;;6
OP-A945-LEN-COM;OPPO;A94 5G;Lente de cámara;Compatible;2,40;;;6
OP-A945-ALT-COM;OPPO;A94 5G;Altavoz;Compatible;3,55;;;6
OP-A945-AUR-COM;OPPO;A94 5G;Auricular de llamada;Compatible;2,40;;;6
OP-A945-FLX-COM;OPPO;A94 5G;Flex de encendido y volumen;Compatible;2,29;;;6
OP-A945-SIM-COM;OPPO;A94 5G;Bandeja SIM;Compatible;2,60;;;6
OP-A16-PAN-ORI;OPPO;A16;Pantalla;Original;29,59;28,70;27,81;12
OP-A16-PAN-COM;OPPO;A16;Pantalla;Compatible;13,45;13,05;12,64;6
OP-A16-BAT-COM;OPPO;A16;Batería;Compatible;7,35;;;6
OP-A16-CON-COM;OPPO;A16;Conector de carga;Compatible;3,45;;;6
OP-A16-TAP-COM-NEG;OPPO;A16;Tapa trasera;Negro (Crystal Black);5,00;;;6
OP-A16-TAP-COM-AZU;OPPO;A16;Tapa trasera;Azul (Pearl Blue);5,00;;;6
OP-A16-TAP-COM-PLA;OPPO;A16;Tapa trasera;Plata (Space Silver);5,00;;;6
OP-A16-CTR-COM;OPPO;A16;Cámara trasera;Compatible;5,05;;;6
OP-A16-CFR-COM;OPPO;A16;Cámara frontal;Compatible;3,00;;;6
OP-A16-LEN-COM;OPPO;A16;Lente de cámara;Compatible;2,49;;;6
OP-A16-ALT-COM;OPPO;A16;Altavoz;Compatible;3,45;;;6
OP-A16-AUR-COM;OPPO;A16;Auricular de llamada;Compatible;2,45;;;6
OP-A16-FLX-COM;OPPO;A16;Flex de encendido y volumen;Compatible;2,35;;;6
OP-A16-SIM-COM;OPPO;A16;Bandeja SIM;Compatible;2,75;;;6
OP-A76-PAN-ORI;OPPO;A76;Pantalla;Original;29,59;28,70;27,81;12
OP-A76-PAN-COM;OPPO;A76;Pantalla;Compatible;13,45;13,05;12,64;6
OP-A76-BAT-COM;OPPO;A76;Batería;Compatible;7,35;;;6
OP-A76-CON-COM;OPPO;A76;Conector de carga;Compatible;3,45;;;6
OP-A76-TAP-COM-NEG;OPPO;A76;Tapa trasera;Negro brillante;5,00;;;6
OP-A76-TAP-COM-AZU;OPPO;A76;Tapa trasera;Azul brillante;5,00;;;6
OP-A76-CTR-COM;OPPO;A76;Cámara trasera;Compatible;5,05;;;6
OP-A76-CFR-COM;OPPO;A76;Cámara frontal;Compatible;3,00;;;6
OP-A76-LEN-COM;OPPO;A76;Lente de cámara;Compatible;2,49;;;6
OP-A76-ALT-COM;OPPO;A76;Altavoz;Compatible;3,45;;;6
OP-A76-AUR-COM;OPPO;A76;Auricular de llamada;Compatible;2,45;;;6
OP-A76-FLX-COM;OPPO;A76;Flex de encendido y volumen;Compatible;2,35;;;6
OP-A76-SIM-COM;OPPO;A76;Bandeja SIM;Compatible;2,75;;;6
OP-A96-PAN-ORI;OPPO;A96;Pantalla;Original;34,95;33,90;32,85;12
OP-A96-PAN-COM;OPPO;A96;Pantalla;Compatible;15,45;14,99;14,52;6
OP-A96-BAT-COM;OPPO;A96;Batería;Compatible;7,95;;;6
OP-A96-CON-COM;OPPO;A96;Conector de carga;Compatible;4,25;;;6
OP-A96-TAP-COM-NOC;OPPO;A96;Tapa trasera;Noche estrellada;5,60;;;6
OP-A96-TAP-COM-AZU;OPPO;A96;Tapa trasera;Azul atardecer;5,60;;;6
OP-A96-CTR-COM;OPPO;A96;Cámara trasera;Compatible;5,75;;;6
OP-A96-CFR-COM;OPPO;A96;Cámara frontal;Compatible;3,25;;;6
OP-A96-LEN-COM;OPPO;A96;Lente de cámara;Compatible;2,40;;;6
OP-A96-ALT-COM;OPPO;A96;Altavoz;Compatible;3,55;;;6
OP-A96-AUR-COM;OPPO;A96;Auricular de llamada;Compatible;2,40;;;6
OP-A96-FLX-COM;OPPO;A96;Flex de encendido y volumen;Compatible;2,29;;;6
OP-A96-SIM-COM;OPPO;A96;Bandeja SIM;Compatible;2,60;;;6
OP-A775-PAN-ORI;OPPO;A77 5G;Pantalla;Original;29,59;28,70;27,81;12
OP-A775-PAN-COM;OPPO;A77 5G;Pantalla;Compatible;13,45;13,05;12,64;6
OP-A775-BAT-COM;OPPO;A77 5G;Batería;Compatible;7,35;;;6
OP-A775-CON-COM;OPPO;A77 5G;Conector de carga;Compatible;3,45;;;6
OP-A775-TAP-COM-NEG;OPPO;A77 5G;Tapa trasera;Negro (Midnight Black);5,00;;;6
OP-A775-TAP-COM-AZU;OPPO;A77 5G;Tapa trasera;Azul (Ocean Blue);5,00;;;6
OP-A775-CTR-COM;OPPO;A77 5G;Cámara trasera;Compatible;5,05;;;6
OP-A775-CFR-COM;OPPO;A77 5G;Cámara frontal;Compatible;3,00;;;6
OP-A775-LEN-COM;OPPO;A77 5G;Lente de cámara;Compatible;2,49;;;6
OP-A775-ALT-COM;OPPO;A77 5G;Altavoz;Compatible;3,45;;;6
OP-A775-AUR-COM;OPPO;A77 5G;Auricular de llamada;Compatible;2,45;;;6
OP-A775-FLX-COM;OPPO;A77 5G;Flex de encendido y volumen;Compatible;2,35;;;6
OP-A775-SIM-COM;OPPO;A77 5G;Bandeja SIM;Compatible;2,75;;;6
OP-A57S-PAN-ORI;OPPO;A57s;Pantalla;Original;29,59;28,70;27,81;12
OP-A57S-PAN-COM;OPPO;A57s;Pantalla;Compatible;13,45;13,05;12,64;6
OP-A57S-BAT-COM;OPPO;A57s;Batería;Compatible;7,35;;;6
OP-A57S-CON-COM;OPPO;A57s;Conector de carga;Compatible;3,45;;;6
OP-A57S-TAP-COM-NEG;OPPO;A57s;Tapa trasera;Negro estrellado;5,00;;;6
OP-A57S-TAP-COM-AZU;OPPO;A57s;Tapa trasera;Azul cielo;5,00;;;6
OP-A57S-CTR-COM;OPPO;A57s;Cámara trasera;Compatible;5,05;;;6
OP-A57S-CFR-COM;OPPO;A57s;Cámara frontal;Compatible;3,00;;;6
OP-A57S-LEN-COM;OPPO;A57s;Lente de cámara;Compatible;2,49;;;6
OP-A57S-ALT-COM;OPPO;A57s;Altavoz;Compatible;3,45;;;6
OP-A57S-AUR-COM;OPPO;A57s;Auricular de llamada;Compatible;2,45;;;6
OP-A57S-FLX-COM;OPPO;A57s;Flex de encendido y volumen;Compatible;2,35;;;6
OP-A57S-SIM-COM;OPPO;A57s;Bandeja SIM;Compatible;2,75;;;6
OP-A17-PAN-ORI;OPPO;A17;Pantalla;Original;32,90;31,91;30,93;12
OP-A17-PAN-COM;OPPO;A17;Pantalla;Compatible;13,25;12,85;12,46;6
OP-A17-BAT-COM;OPPO;A17;Batería;Compatible;6,85;;;6
OP-A17-CON-COM;OPPO;A17;Conector de carga;Compatible;2,85;;;6
OP-A17-TAP-COM-NEG;OPPO;A17;Tapa trasera;Negro medianoche;5,00;;;6
OP-A17-TAP-COM-AZU;OPPO;A17;Tapa trasera;Azul intenso;5,00;;;6
OP-A17-CTR-COM;OPPO;A17;Cámara trasera;Compatible;4,00;;;6
OP-A17-CFR-COM;OPPO;A17;Cámara frontal;Compatible;3,00;;;6
OP-A17-LEN-COM;OPPO;A17;Lente de cámara;Compatible;2,49;;;6
OP-A17-ALT-COM;OPPO;A17;Altavoz;Compatible;3,75;;;6
OP-A17-AUR-COM;OPPO;A17;Auricular de llamada;Compatible;2,45;;;6
OP-A17-FLX-COM;OPPO;A17;Flex de encendido y volumen;Compatible;2,35;;;6
OP-A17-SIM-COM;OPPO;A17;Bandeja SIM;Compatible;2,40;;;6
OP-A785-PAN-ORI;OPPO;A78 5G;Pantalla;Original;30,55;29,63;28,72;12
OP-A785-PAN-COM;OPPO;A78 5G;Pantalla;Compatible;14,30;13,87;13,44;6
OP-A785-BAT-COM;OPPO;A78 5G;Batería;Compatible;8,39;;;6
OP-A785-CON-COM;OPPO;A78 5G;Conector de carga;Compatible;3,90;;;6
OP-A785-TAP-COM-NEG;OPPO;A78 5G;Tapa trasera;Negro (Glowing Black);5,60;;;6
OP-A785-TAP-COM-AZU;OPPO;A78 5G;Tapa trasera;Azul (Glowing Blue);5,60;;;6
OP-A785-CTR-COM;OPPO;A78 5G;Cámara trasera;Compatible;7,05;;;6
OP-A785-CFR-COM;OPPO;A78 5G;Cámara frontal;Compatible;4,45;;;6
OP-A785-LEN-COM;OPPO;A78 5G;Lente de cámara;Compatible;2,60;;;6
OP-A785-ALT-COM;OPPO;A78 5G;Altavoz;Compatible;3,70;;;6
OP-A785-AUR-COM;OPPO;A78 5G;Auricular de llamada;Compatible;2,65;;;6
OP-A785-FLX-COM;OPPO;A78 5G;Flex de encendido y volumen;Compatible;2,85;;;6
OP-A785-SIM-COM;OPPO;A78 5G;Bandeja SIM;Compatible;2,70;;;6
OP-A985-PAN-ORI;OPPO;A98 5G;Pantalla;Original;36,09;35,01;33,92;12
OP-A985-PAN-COM;OPPO;A98 5G;Pantalla;Compatible;13,00;12,61;12,22;6
OP-A985-BAT-COM;OPPO;A98 5G;Batería;Compatible;9,09;;;6
OP-A985-CON-COM;OPPO;A98 5G;Conector de carga;Compatible;4,85;;;6
OP-A985-TAP-COM-NEG;OPPO;A98 5G;Tapa trasera;Negro (Cool Black);6,30;;;6
OP-A985-TAP-COM-AZU;OPPO;A98 5G;Tapa trasera;Azul (Dreamy Blue);6,30;;;6
OP-A985-CTR-COM;OPPO;A98 5G;Cámara trasera;Compatible;8,05;;;6
OP-A985-CFR-COM;OPPO;A98 5G;Cámara frontal;Compatible;4,75;;;6
OP-A985-LEN-COM;OPPO;A98 5G;Lente de cámara;Compatible;2,55;;;6
OP-A985-ALT-COM;OPPO;A98 5G;Altavoz;Compatible;3,80;;;6
OP-A985-AUR-COM;OPPO;A98 5G;Auricular de llamada;Compatible;2,65;;;6
OP-A985-FLX-COM;OPPO;A98 5G;Flex de encendido y volumen;Compatible;2,79;;;6
OP-A985-SIM-COM;OPPO;A98 5G;Bandeja SIM;Compatible;2,55;;;6
OP-A78-PAN-ORI;OPPO;A78;Pantalla;Original;54,65;53,01;51,37;12
OP-A78-PAN-OLS;OPPO;A78;Pantalla;OLED Soft;35,15;34,10;33,04;6
OP-A78-PAN-OLH;OPPO;A78;Pantalla;OLED Hard;32,15;31,19;30,22;6
OP-A78-PAN-INC;OPPO;A78;Pantalla;Incell;14,65;14,21;13,77;6
OP-A78-BAT-COM;OPPO;A78;Batería;Compatible;8,39;;;6
OP-A78-CON-COM;OPPO;A78;Conector de carga;Compatible;3,90;;;6
OP-A78-TAP-COM-NEG;OPPO;A78;Tapa trasera;Negro (Mist Black);5,60;;;6
OP-A78-TAP-COM-VER;OPPO;A78;Tapa trasera;Verde (Aqua Green);5,60;;;6
OP-A78-CTR-COM;OPPO;A78;Cámara trasera;Compatible;7,05;;;6
OP-A78-CFR-COM;OPPO;A78;Cámara frontal;Compatible;4,45;;;6
OP-A78-LEN-COM;OPPO;A78;Lente de cámara;Compatible;2,60;;;6
OP-A78-ALT-COM;OPPO;A78;Altavoz;Compatible;3,70;;;6
OP-A78-AUR-COM;OPPO;A78;Auricular de llamada;Compatible;2,65;;;6
OP-A78-FLX-COM;OPPO;A78;Flex de encendido y volumen;Compatible;2,85;;;6
OP-A78-SIM-COM;OPPO;A78;Bandeja SIM;Compatible;2,70;;;6
OP-A58-PAN-ORI;OPPO;A58;Pantalla;Original;30,55;29,63;28,72;12
OP-A58-PAN-COM;OPPO;A58;Pantalla;Compatible;13,20;12,80;12,41;6
OP-A58-BAT-COM;OPPO;A58;Batería;Compatible;8,39;;;6
OP-A58-CON-COM;OPPO;A58;Conector de carga;Compatible;3,90;;;6
OP-A58-TAP-COM-NEG;OPPO;A58;Tapa trasera;Negro (Glowing Black);5,60;;;6
OP-A58-TAP-COM-VER;OPPO;A58;Tapa trasera;Verde (Dazzling Green);5,60;;;6
OP-A58-CTR-COM;OPPO;A58;Cámara trasera;Compatible;7,05;;;6
OP-A58-CFR-COM;OPPO;A58;Cámara frontal;Compatible;4,45;;;6
OP-A58-LEN-COM;OPPO;A58;Lente de cámara;Compatible;2,60;;;6
OP-A58-ALT-COM;OPPO;A58;Altavoz;Compatible;3,70;;;6
OP-A58-AUR-COM;OPPO;A58;Auricular de llamada;Compatible;2,65;;;6
OP-A58-FLX-COM;OPPO;A58;Flex de encendido y volumen;Compatible;2,85;;;6
OP-A58-SIM-COM;OPPO;A58;Bandeja SIM;Compatible;2,70;;;6
OP-A38-PAN-ORI;OPPO;A38;Pantalla;Original;30,55;29,63;28,72;12
OP-A38-PAN-COM;OPPO;A38;Pantalla;Compatible;11,79;11,44;11,08;6
OP-A38-BAT-COM;OPPO;A38;Batería;Compatible;8,39;;;6
OP-A38-CON-COM;OPPO;A38;Conector de carga;Compatible;3,90;;;6
OP-A38-TAP-COM-NEG;OPPO;A38;Tapa trasera;Negro (Glowing Black);5,60;;;6
OP-A38-TAP-COM-DOR;OPPO;A38;Tapa trasera;Dorado (Glowing Gold);5,60;;;6
OP-A38-CTR-COM;OPPO;A38;Cámara trasera;Compatible;7,05;;;6
OP-A38-CFR-COM;OPPO;A38;Cámara frontal;Compatible;4,45;;;6
OP-A38-LEN-COM;OPPO;A38;Lente de cámara;Compatible;2,60;;;6
OP-A38-ALT-COM;OPPO;A38;Altavoz;Compatible;3,70;;;6
OP-A38-AUR-COM;OPPO;A38;Auricular de llamada;Compatible;2,65;;;6
OP-A38-FLX-COM;OPPO;A38;Flex de encendido y volumen;Compatible;2,85;;;6
OP-A38-SIM-COM;OPPO;A38;Bandeja SIM;Compatible;2,70;;;6
OP-A18-PAN-ORI;OPPO;A18;Pantalla;Original;30,55;29,63;28,72;12
OP-A18-PAN-COM;OPPO;A18;Pantalla;Compatible;17,80;17,27;16,73;6
OP-A18-BAT-COM;OPPO;A18;Batería;Compatible;8,39;;;6
OP-A18-CON-COM;OPPO;A18;Conector de carga;Compatible;3,90;;;6
OP-A18-TAP-COM-NEG;OPPO;A18;Tapa trasera;Negro (Glowing Black);5,60;;;6
OP-A18-TAP-COM-AZU;OPPO;A18;Tapa trasera;Azul (Glowing Blue);5,60;;;6
OP-A18-CTR-COM;OPPO;A18;Cámara trasera;Compatible;7,05;;;6
OP-A18-CFR-COM;OPPO;A18;Cámara frontal;Compatible;4,45;;;6
OP-A18-LEN-COM;OPPO;A18;Lente de cámara;Compatible;2,60;;;6
OP-A18-ALT-COM;OPPO;A18;Altavoz;Compatible;3,70;;;6
OP-A18-AUR-COM;OPPO;A18;Auricular de llamada;Compatible;2,65;;;6
OP-A18-FLX-COM;OPPO;A18;Flex de encendido y volumen;Compatible;2,85;;;6
OP-A18-SIM-COM;OPPO;A18;Bandeja SIM;Compatible;2,70;;;6
OP-A795-PAN-ORI;OPPO;A79 5G;Pantalla;Original;30,55;29,63;28,72;12
OP-A795-PAN-COM;OPPO;A79 5G;Pantalla;Compatible;15,35;14,89;14,43;6
OP-A795-BAT-COM;OPPO;A79 5G;Batería;Compatible;8,39;;;6
OP-A795-CON-COM;OPPO;A79 5G;Conector de carga;Compatible;3,90;;;6
OP-A795-TAP-COM-NEG;OPPO;A79 5G;Tapa trasera;Negro (Mystery Black);5,60;;;6
OP-A795-TAP-COM-MOR;OPPO;A79 5G;Tapa trasera;Morado (Dazzling Purple);5,60;;;6
OP-A795-TAP-COM-VER;OPPO;A79 5G;Tapa trasera;Verde (Glowing Green);5,60;;;6
OP-A795-CTR-COM;OPPO;A79 5G;Cámara trasera;Compatible;7,05;;;6
OP-A795-CFR-COM;OPPO;A79 5G;Cámara frontal;Compatible;4,45;;;6
OP-A795-LEN-COM;OPPO;A79 5G;Lente de cámara;Compatible;2,60;;;6
OP-A795-ALT-COM;OPPO;A79 5G;Altavoz;Compatible;3,70;;;6
OP-A795-AUR-COM;OPPO;A79 5G;Auricular de llamada;Compatible;2,65;;;6
OP-A795-FLX-COM;OPPO;A79 5G;Flex de encendido y volumen;Compatible;2,85;;;6
OP-A795-SIM-COM;OPPO;A79 5G;Bandeja SIM;Compatible;2,70;;;6
OP-A60-PAN-ORI;OPPO;A60;Pantalla;Original;30,55;29,63;28,72;12
OP-A60-PAN-COM;OPPO;A60;Pantalla;Compatible;14,30;13,87;13,44;6
OP-A60-BAT-COM;OPPO;A60;Batería;Compatible;8,39;;;6
OP-A60-CON-COM;OPPO;A60;Conector de carga;Compatible;3,90;;;6
OP-A60-TAP-COM-MOR;OPPO;A60;Tapa trasera;Morado (Midnight Purple);5,60;;;6
OP-A60-TAP-COM-AZU;OPPO;A60;Tapa trasera;Azul (Ripple Blue);5,60;;;6
OP-A60-CTR-COM;OPPO;A60;Cámara trasera;Compatible;7,05;;;6
OP-A60-CFR-COM;OPPO;A60;Cámara frontal;Compatible;4,45;;;6
OP-A60-LEN-COM;OPPO;A60;Lente de cámara;Compatible;2,60;;;6
OP-A60-ALT-COM;OPPO;A60;Altavoz;Compatible;3,70;;;6
OP-A60-AUR-COM;OPPO;A60;Auricular de llamada;Compatible;2,65;;;6
OP-A60-FLX-COM;OPPO;A60;Flex de encendido y volumen;Compatible;2,85;;;6
OP-A60-SIM-COM;OPPO;A60;Bandeja SIM;Compatible;2,70;;;6
OP-A805-PAN-ORI;OPPO;A80 5G;Pantalla;Original;30,55;29,63;28,72;12
OP-A805-PAN-COM;OPPO;A80 5G;Pantalla;Compatible;14,30;13,87;13,44;6
OP-A805-BAT-COM;OPPO;A80 5G;Batería;Compatible;8,39;;;6
OP-A805-CON-COM;OPPO;A80 5G;Conector de carga;Compatible;3,90;;;6
OP-A805-TAP-COM-MOR;OPPO;A80 5G;Tapa trasera;Morado (Moonlight Purple);5,60;;;6
OP-A805-TAP-COM-NEG;OPPO;A80 5G;Tapa trasera;Negro (Starry Black);5,60;;;6
OP-A805-CTR-COM;OPPO;A80 5G;Cámara trasera;Compatible;7,05;;;6
OP-A805-CFR-COM;OPPO;A80 5G;Cámara frontal;Compatible;4,45;;;6
OP-A805-LEN-COM;OPPO;A80 5G;Lente de cámara;Compatible;2,60;;;6
OP-A805-ALT-COM;OPPO;A80 5G;Altavoz;Compatible;3,70;;;6
OP-A805-AUR-COM;OPPO;A80 5G;Auricular de llamada;Compatible;2,65;;;6
OP-A805-FLX-COM;OPPO;A80 5G;Flex de encendido y volumen;Compatible;2,85;;;6
OP-A805-SIM-COM;OPPO;A80 5G;Bandeja SIM;Compatible;2,70;;;6
OP-A40-PAN-ORI;OPPO;A40;Pantalla;Original;30,55;29,63;28,72;12
OP-A40-PAN-COM;OPPO;A40;Pantalla;Compatible;14,30;13,87;13,44;6
OP-A40-BAT-COM;OPPO;A40;Batería;Compatible;8,39;;;6
OP-A40-CON-COM;OPPO;A40;Conector de carga;Compatible;3,90;;;6
OP-A40-TAP-COM-NEG;OPPO;A40;Tapa trasera;Negro (Sparkle Black);5,60;;;6
OP-A40-TAP-COM-MOR;OPPO;A40;Tapa trasera;Morado (Starry Purple);5,60;;;6
OP-A40-TAP-COM-BLA;OPPO;A40;Tapa trasera;Blanco (Starlight White);5,60;;;6
OP-A40-CTR-COM;OPPO;A40;Cámara trasera;Compatible;7,05;;;6
OP-A40-CFR-COM;OPPO;A40;Cámara frontal;Compatible;4,45;;;6
OP-A40-LEN-COM;OPPO;A40;Lente de cámara;Compatible;2,60;;;6
OP-A40-ALT-COM;OPPO;A40;Altavoz;Compatible;3,70;;;6
OP-A40-AUR-COM;OPPO;A40;Auricular de llamada;Compatible;2,65;;;6
OP-A40-FLX-COM;OPPO;A40;Flex de encendido y volumen;Compatible;2,85;;;6
OP-A40-SIM-COM;OPPO;A40;Bandeja SIM;Compatible;2,70;;;6
OP-A40M-PAN-ORI;OPPO;A40m;Pantalla;Original;30,55;29,63;28,72;12
OP-A40M-PAN-COM;OPPO;A40m;Pantalla;Compatible;14,30;13,87;13,44;6
OP-A40M-BAT-COM;OPPO;A40m;Batería;Compatible;8,39;;;6
OP-A40M-CON-COM;OPPO;A40m;Conector de carga;Compatible;3,90;;;6
OP-A40M-TAP-COM-NEG;OPPO;A40m;Tapa trasera;Negro (Sparkle Black);5,60;;;6
OP-A40M-TAP-COM-BLA;OPPO;A40m;Tapa trasera;Blanco (Starlight White);5,60;;;6
OP-A40M-CTR-COM;OPPO;A40m;Cámara trasera;Compatible;7,05;;;6
OP-A40M-CFR-COM;OPPO;A40m;Cámara frontal;Compatible;4,45;;;6
OP-A40M-LEN-COM;OPPO;A40m;Lente de cámara;Compatible;2,60;;;6
OP-A40M-ALT-COM;OPPO;A40m;Altavoz;Compatible;3,70;;;6
OP-A40M-AUR-COM;OPPO;A40m;Auricular de llamada;Compatible;2,65;;;6
OP-A40M-FLX-COM;OPPO;A40m;Flex de encendido y volumen;Compatible;2,85;;;6
OP-A40M-SIM-COM;OPPO;A40m;Bandeja SIM;Compatible;2,70;;;6
OP-A5P5-PAN-ORI;OPPO;A5 Pro 5G;Pantalla;Original;31,75;30,80;29,85;12
OP-A5P5-PAN-COM;OPPO;A5 Pro 5G;Pantalla;Compatible;15,05;14,60;14,15;6
OP-A5P5-BAT-COM;OPPO;A5 Pro 5G;Batería;Compatible;7,90;;;6
OP-A5P5-CON-COM;OPPO;A5 Pro 5G;Conector de carga;Compatible;4,65;;;6
OP-A5P5-TAP-COM-MAR;OPPO;A5 Pro 5G;Tapa trasera;Marrón (Black Brown);6,00;;;6
OP-A5P5-TAP-COM-VER;OPPO;A5 Pro 5G;Tapa trasera;Verde (Olive Green);6,00;;;6
OP-A5P5-CTR-COM;OPPO;A5 Pro 5G;Cámara trasera;Compatible;9,65;;;6
OP-A5P5-CFR-COM;OPPO;A5 Pro 5G;Cámara frontal;Compatible;6,15;;;6
OP-A5P5-LEN-COM;OPPO;A5 Pro 5G;Lente de cámara;Compatible;3,35;;;6
OP-A5P5-ALT-COM;OPPO;A5 Pro 5G;Altavoz;Compatible;4,90;;;6
OP-A5P5-AUR-COM;OPPO;A5 Pro 5G;Auricular de llamada;Compatible;3,75;;;6
OP-A5P5-FLX-COM;OPPO;A5 Pro 5G;Flex de encendido y volumen;Compatible;3,10;;;6
OP-A5P5-SIM-COM;OPPO;A5 Pro 5G;Bandeja SIM;Compatible;3,20;;;6
OP-A5P-PAN-ORI;OPPO;A5 Pro;Pantalla;Original;31,75;30,80;29,85;12
OP-A5P-PAN-COM;OPPO;A5 Pro;Pantalla;Compatible;15,05;14,60;14,15;6
OP-A5P-BAT-COM;OPPO;A5 Pro;Batería;Compatible;7,90;;;6
OP-A5P-CON-COM;OPPO;A5 Pro;Conector de carga;Compatible;4,65;;;6
OP-A5P-TAP-COM-MAR;OPPO;A5 Pro;Tapa trasera;Marrón (Black Brown);6,00;;;6
OP-A5P-TAP-COM-AZU;OPPO;A5 Pro;Tapa trasera;Azul (Feather Blue);6,00;;;6
OP-A5P-CTR-COM;OPPO;A5 Pro;Cámara trasera;Compatible;9,65;;;6
OP-A5P-CFR-COM;OPPO;A5 Pro;Cámara frontal;Compatible;6,15;;;6
OP-A5P-LEN-COM;OPPO;A5 Pro;Lente de cámara;Compatible;3,35;;;6
OP-A5P-ALT-COM;OPPO;A5 Pro;Altavoz;Compatible;4,90;;;6
OP-A5P-AUR-COM;OPPO;A5 Pro;Auricular de llamada;Compatible;3,75;;;6
OP-A5P-FLX-COM;OPPO;A5 Pro;Flex de encendido y volumen;Compatible;3,10;;;6
OP-A5P-SIM-COM;OPPO;A5 Pro;Bandeja SIM;Compatible;3,20;;;6
OP-A55-PAN-ORI;OPPO;A5 5G;Pantalla;Original;31,75;30,80;29,85;12
OP-A55-PAN-COM;OPPO;A5 5G;Pantalla;Compatible;15,05;14,60;14,15;6
OP-A55-BAT-COM;OPPO;A5 5G;Batería;Compatible;7,90;;;6
OP-A55-CON-COM;OPPO;A5 5G;Conector de carga;Compatible;4,65;;;6
OP-A55-TAP-COM-BLA;OPPO;A5 5G;Tapa trasera;Blanco (Mist White);6,00;;;6
OP-A55-TAP-COM-VER;OPPO;A5 5G;Tapa trasera;Verde (Aurora Green);6,00;;;6
OP-A55-CTR-COM;OPPO;A5 5G;Cámara trasera;Compatible;9,65;;;6
OP-A55-CFR-COM;OPPO;A5 5G;Cámara frontal;Compatible;6,15;;;6
OP-A55-LEN-COM;OPPO;A5 5G;Lente de cámara;Compatible;3,35;;;6
OP-A55-ALT-COM;OPPO;A5 5G;Altavoz;Compatible;4,90;;;6
OP-A55-AUR-COM;OPPO;A5 5G;Auricular de llamada;Compatible;3,75;;;6
OP-A55-FLX-COM;OPPO;A5 5G;Flex de encendido y volumen;Compatible;3,10;;;6
OP-A55-SIM-COM;OPPO;A5 5G;Bandeja SIM;Compatible;3,20;;;6
OP-A5-PAN-ORI;OPPO;A5;Pantalla;Original;31,75;30,80;29,85;12
OP-A5-PAN-COM;OPPO;A5;Pantalla;Compatible;15,05;14,60;14,15;6
OP-A5-BAT-COM;OPPO;A5;Batería;Compatible;7,90;;;6
OP-A5-CON-COM;OPPO;A5;Conector de carga;Compatible;4,65;;;6
OP-A5-TAP-COM-BLA;OPPO;A5;Tapa trasera;Blanco (Mist White);6,00;;;6
OP-A5-TAP-COM-MOR;OPPO;A5;Tapa trasera;Morado (Midnight Purple);6,00;;;6
OP-A5-CTR-COM;OPPO;A5;Cámara trasera;Compatible;9,65;;;6
OP-A5-CFR-COM;OPPO;A5;Cámara frontal;Compatible;6,15;;;6
OP-A5-LEN-COM;OPPO;A5;Lente de cámara;Compatible;3,35;;;6
OP-A5-ALT-COM;OPPO;A5;Altavoz;Compatible;4,90;;;6
OP-A5-AUR-COM;OPPO;A5;Auricular de llamada;Compatible;3,75;;;6
OP-A5-FLX-COM;OPPO;A5;Flex de encendido y volumen;Compatible;3,10;;;6
OP-A5-SIM-COM;OPPO;A5;Bandeja SIM;Compatible;3,20;;;6
OP-A5X-PAN-ORI;OPPO;A5x;Pantalla;Original;31,75;30,80;29,85;12
OP-A5X-PAN-COM;OPPO;A5x;Pantalla;Compatible;15,05;14,60;14,15;6
OP-A5X-BAT-COM;OPPO;A5x;Batería;Compatible;7,90;;;6
OP-A5X-CON-COM;OPPO;A5x;Conector de carga;Compatible;4,65;;;6
OP-A5X-TAP-COM-BLA;OPPO;A5x;Tapa trasera;Blanco (Laser White);6,00;;;6
OP-A5X-TAP-COM-AZU;OPPO;A5x;Tapa trasera;Azul (Midnight Blue);6,00;;;6
OP-A5X-CTR-COM;OPPO;A5x;Cámara trasera;Compatible;9,65;;;6
OP-A5X-CFR-COM;OPPO;A5x;Cámara frontal;Compatible;6,15;;;6
OP-A5X-LEN-COM;OPPO;A5x;Lente de cámara;Compatible;3,35;;;6
OP-A5X-ALT-COM;OPPO;A5x;Altavoz;Compatible;4,90;;;6
OP-A5X-AUR-COM;OPPO;A5x;Auricular de llamada;Compatible;3,75;;;6
OP-A5X-FLX-COM;OPPO;A5x;Flex de encendido y volumen;Compatible;3,10;;;6
OP-A5X-SIM-COM;OPPO;A5x;Bandeja SIM;Compatible;3,20;;;6
OP-A5M-PAN-ORI;OPPO;A5m;Pantalla;Original;31,75;30,80;29,85;12
OP-A5M-PAN-COM;OPPO;A5m;Pantalla;Compatible;15,05;14,60;14,15;6
OP-A5M-BAT-COM;OPPO;A5m;Batería;Compatible;7,90;;;6
OP-A5M-CON-COM;OPPO;A5m;Conector de carga;Compatible;4,65;;;6
OP-A5M-TAP-COM-BLA;OPPO;A5m;Tapa trasera;Blanco (Mist White);6,00;;;6
OP-A5M-TAP-COM-MOR;OPPO;A5m;Tapa trasera;Morado (Midnight Purple);6,00;;;6
OP-A5M-CTR-COM;OPPO;A5m;Cámara trasera;Compatible;9,65;;;6
OP-A5M-CFR-COM;OPPO;A5m;Cámara frontal;Compatible;6,15;;;6
OP-A5M-LEN-COM;OPPO;A5m;Lente de cámara;Compatible;3,35;;;6
OP-A5M-ALT-COM;OPPO;A5m;Altavoz;Compatible;4,90;;;6
OP-A5M-AUR-COM;OPPO;A5m;Auricular de llamada;Compatible;3,75;;;6
OP-A5M-FLX-COM;OPPO;A5m;Flex de encendido y volumen;Compatible;3,10;;;6
OP-A5M-SIM-COM;OPPO;A5m;Bandeja SIM;Compatible;3,20;;;6
OP-A6P5-PAN-ORI;OPPO;A6 Pro 5G;Pantalla;Original;56,85;55,14;53,44;12
OP-A6P5-PAN-OLS;OPPO;A6 Pro 5G;Pantalla;OLED Soft;38,65;37,49;36,33;6
OP-A6P5-PAN-OLH;OPPO;A6 Pro 5G;Pantalla;OLED Hard;35,30;34,24;33,18;6
OP-A6P5-PAN-INC;OPPO;A6 Pro 5G;Pantalla;Incell;17,70;17,17;16,64;6
OP-A6P5-BAT-COM;OPPO;A6 Pro 5G;Batería;Compatible;7,90;;;6
OP-A6P5-CON-COM;OPPO;A6 Pro 5G;Conector de carga;Compatible;4,65;;;6
OP-A6P5-TAP-COM-NEG;OPPO;A6 Pro 5G;Tapa trasera;Negro (Stellar Black);6,00;;;6
OP-A6P5-TAP-COM-TIT;OPPO;A6 Pro 5G;Tapa trasera;Titanio (Lunar Titanium);6,00;;;6
OP-A6P5-CTR-COM;OPPO;A6 Pro 5G;Cámara trasera;Compatible;9,65;;;6
OP-A6P5-CFR-COM;OPPO;A6 Pro 5G;Cámara frontal;Compatible;6,15;;;6
OP-A6P5-LEN-COM;OPPO;A6 Pro 5G;Lente de cámara;Compatible;3,35;;;6
OP-A6P5-ALT-COM;OPPO;A6 Pro 5G;Altavoz;Compatible;4,90;;;6
OP-A6P5-AUR-COM;OPPO;A6 Pro 5G;Auricular de llamada;Compatible;3,75;;;6
OP-A6P5-FLX-COM;OPPO;A6 Pro 5G;Flex de encendido y volumen;Compatible;3,10;;;6
OP-A6P5-SIM-COM;OPPO;A6 Pro 5G;Bandeja SIM;Compatible;3,20;;;6
OP-A65-PAN-ORI;OPPO;A6 5G;Pantalla;Original;31,75;30,80;29,85;12
OP-A65-PAN-COM;OPPO;A6 5G;Pantalla;Compatible;15,05;14,60;14,15;6
OP-A65-BAT-COM;OPPO;A6 5G;Batería;Compatible;7,90;;;6
OP-A65-CON-COM;OPPO;A6 5G;Conector de carga;Compatible;4,65;;;6
OP-A65-TAP-COM-NEG;OPPO;A6 5G;Tapa trasera;Negro (Sapphire Black);6,00;;;6
OP-A65-TAP-COM-DOR;OPPO;A6 5G;Tapa trasera;Dorado (Aurora Gold);6,00;;;6
OP-A65-CTR-COM;OPPO;A6 5G;Cámara trasera;Compatible;9,65;;;6
OP-A65-CFR-COM;OPPO;A6 5G;Cámara frontal;Compatible;6,15;;;6
OP-A65-LEN-COM;OPPO;A6 5G;Lente de cámara;Compatible;3,35;;;6
OP-A65-ALT-COM;OPPO;A6 5G;Altavoz;Compatible;4,90;;;6
OP-A65-AUR-COM;OPPO;A6 5G;Auricular de llamada;Compatible;3,75;;;6
OP-A65-FLX-COM;OPPO;A6 5G;Flex de encendido y volumen;Compatible;3,10;;;6
OP-A65-SIM-COM;OPPO;A6 5G;Bandeja SIM;Compatible;3,20;;;6
OP-A6-PAN-ORI;OPPO;A6;Pantalla;Original;31,75;30,80;29,85;12
OP-A6-PAN-COM;OPPO;A6;Pantalla;Compatible;15,05;14,60;14,15;6
OP-A6-BAT-COM;OPPO;A6;Batería;Compatible;7,90;;;6
OP-A6-CON-COM;OPPO;A6;Conector de carga;Compatible;4,65;;;6
OP-A6-TAP-COM-NEG;OPPO;A6;Tapa trasera;Negro (Sapphire Black);6,00;;;6
OP-A6-TAP-COM-DOR;OPPO;A6;Tapa trasera;Dorado (Aurora Gold);6,00;;;6
OP-A6-CTR-COM;OPPO;A6;Cámara trasera;Compatible;9,65;;;6
OP-A6-CFR-COM;OPPO;A6;Cámara frontal;Compatible;6,15;;;6
OP-A6-LEN-COM;OPPO;A6;Lente de cámara;Compatible;3,35;;;6
OP-A6-ALT-COM;OPPO;A6;Altavoz;Compatible;4,90;;;6
OP-A6-AUR-COM;OPPO;A6;Auricular de llamada;Compatible;3,75;;;6
OP-A6-FLX-COM;OPPO;A6;Flex de encendido y volumen;Compatible;3,10;;;6
OP-A6-SIM-COM;OPPO;A6;Bandeja SIM;Compatible;3,20;;;6
OP-A6X5-PAN-ORI;OPPO;A6x 5G;Pantalla;Original;31,75;30,80;29,85;12
OP-A6X5-PAN-COM;OPPO;A6x 5G;Pantalla;Compatible;15,05;14,60;14,15;6
OP-A6X5-BAT-COM;OPPO;A6x 5G;Batería;Compatible;7,90;;;6
OP-A6X5-CON-COM;OPPO;A6x 5G;Conector de carga;Compatible;4,65;;;6
OP-A6X5-TAP-COM-MOR;OPPO;A6x 5G;Tapa trasera;Morado (Violet Purple);6,00;;;6
OP-A6X5-TAP-COM-MBL;OPPO;A6x 5G;Tapa trasera;Morado (Black Purple);6,00;;;6
OP-A6X5-TAP-COM-AZU;OPPO;A6x 5G;Tapa trasera;Azul hielo;6,00;;;6
OP-A6X5-CTR-COM;OPPO;A6x 5G;Cámara trasera;Compatible;9,65;;;6
OP-A6X5-CFR-COM;OPPO;A6x 5G;Cámara frontal;Compatible;6,15;;;6
OP-A6X5-LEN-COM;OPPO;A6x 5G;Lente de cámara;Compatible;3,35;;;6
OP-A6X5-ALT-COM;OPPO;A6x 5G;Altavoz;Compatible;4,90;;;6
OP-A6X5-AUR-COM;OPPO;A6x 5G;Auricular de llamada;Compatible;3,75;;;6
OP-A6X5-FLX-COM;OPPO;A6x 5G;Flex de encendido y volumen;Compatible;3,10;;;6
OP-A6X5-SIM-COM;OPPO;A6x 5G;Bandeja SIM;Compatible;3,20;;;6
OP-A6X-PAN-ORI;OPPO;A6x;Pantalla;Original;31,75;30,80;29,85;12
OP-A6X-PAN-COM;OPPO;A6x;Pantalla;Compatible;15,05;14,60;14,15;6
OP-A6X-BAT-COM;OPPO;A6x;Batería;Compatible;7,90;;;6
OP-A6X-CON-COM;OPPO;A6x;Conector de carga;Compatible;4,65;;;6
OP-A6X-TAP-COM-MOR;OPPO;A6x;Tapa trasera;Morado (Black Purple);6,00;;;6
OP-A6X-TAP-COM-AZU;OPPO;A6x;Tapa trasera;Azul hielo;6,00;;;6
OP-A6X-CTR-COM;OPPO;A6x;Cámara trasera;Compatible;9,65;;;6
OP-A6X-CFR-COM;OPPO;A6x;Cámara frontal;Compatible;6,15;;;6
OP-A6X-LEN-COM;OPPO;A6x;Lente de cámara;Compatible;3,35;;;6
OP-A6X-ALT-COM;OPPO;A6x;Altavoz;Compatible;4,90;;;6
OP-A6X-AUR-COM;OPPO;A6x;Auricular de llamada;Compatible;3,75;;;6
OP-A6X-FLX-COM;OPPO;A6x;Flex de encendido y volumen;Compatible;3,10;;;6
OP-A6X-SIM-COM;OPPO;A6x;Bandeja SIM;Compatible;3,20;;;6
OP-A6K-PAN-ORI;OPPO;A6k;Pantalla;Original;31,75;30,80;29,85;12
OP-A6K-PAN-COM;OPPO;A6k;Pantalla;Compatible;15,05;14,60;14,15;6
OP-A6K-BAT-COM;OPPO;A6k;Batería;Compatible;7,90;;;6
OP-A6K-CON-COM;OPPO;A6k;Conector de carga;Compatible;4,65;;;6
OP-A6K-TAP-COM-NEG;OPPO;A6k;Tapa trasera;Negro (Crystal Black);6,00;;;6
OP-A6K-TAP-COM-AZU;OPPO;A6k;Tapa trasera;Azul (Crystal Blue);6,00;;;6
OP-A6K-CTR-COM;OPPO;A6k;Cámara trasera;Compatible;9,65;;;6
OP-A6K-CFR-COM;OPPO;A6k;Cámara frontal;Compatible;6,15;;;6
OP-A6K-LEN-COM;OPPO;A6k;Lente de cámara;Compatible;3,35;;;6
OP-A6K-ALT-COM;OPPO;A6k;Altavoz;Compatible;4,90;;;6
OP-A6K-AUR-COM;OPPO;A6k;Auricular de llamada;Compatible;3,75;;;6
OP-A6K-FLX-COM;OPPO;A6k;Flex de encendido y volumen;Compatible;3,10;;;6
OP-A6K-SIM-COM;OPPO;A6k;Bandeja SIM;Compatible;3,20;;;6
OP-A6SP5-PAN-ORI;OPPO;A6s Pro 5G;Pantalla;Original;56,85;55,14;53,44;12
OP-A6SP5-PAN-OLS;OPPO;A6s Pro 5G;Pantalla;OLED Soft;38,65;37,49;36,33;6
OP-A6SP5-PAN-OLH;OPPO;A6s Pro 5G;Pantalla;OLED Hard;35,30;34,24;33,18;6
OP-A6SP5-PAN-INC;OPPO;A6s Pro 5G;Pantalla;Incell;17,70;17,17;16,64;6
OP-A6SP5-BAT-COM;OPPO;A6s Pro 5G;Batería;Compatible;7,90;;;6
OP-A6SP5-CON-COM;OPPO;A6s Pro 5G;Conector de carga;Compatible;4,65;;;6
OP-A6SP5-TAP-COM;OPPO;A6s Pro 5G;Tapa trasera;Compatible;6,00;;;6
OP-A6SP5-CTR-COM;OPPO;A6s Pro 5G;Cámara trasera;Compatible;9,65;;;6
OP-A6SP5-CFR-COM;OPPO;A6s Pro 5G;Cámara frontal;Compatible;6,15;;;6
OP-A6SP5-LEN-COM;OPPO;A6s Pro 5G;Lente de cámara;Compatible;3,35;;;6
OP-A6SP5-ALT-COM;OPPO;A6s Pro 5G;Altavoz;Compatible;4,90;;;6
OP-A6SP5-AUR-COM;OPPO;A6s Pro 5G;Auricular de llamada;Compatible;3,75;;;6
OP-A6SP5-FLX-COM;OPPO;A6s Pro 5G;Flex de encendido y volumen;Compatible;3,10;;;6
OP-A6SP5-SIM-COM;OPPO;A6s Pro 5G;Bandeja SIM;Compatible;3,20;;;6
OP-F33-PAN-ORI;OPPO;F33;Pantalla;Original;55,45;53,79;52,12;12
OP-F33-PAN-OLS;OPPO;F33;Pantalla;OLED Soft;40,15;38,95;37,74;6
OP-F33-PAN-OLH;OPPO;F33;Pantalla;OLED Hard;36,69;35,59;34,49;6
OP-F33-PAN-INC;OPPO;F33;Pantalla;Incell;18,40;17,85;17,30;6
OP-F33-BAT-COM;OPPO;F33;Batería;Compatible;7,95;;;6
OP-F33-CON-COM;OPPO;F33;Conector de carga;Compatible;4,79;;;6
OP-F33-TAP-COM;OPPO;F33;Tapa trasera;Compatible;6,00;;;6
OP-F33-CTR-COM;OPPO;F33;Cámara trasera;Compatible;9,95;;;6
OP-F33-CFR-COM;OPPO;F33;Cámara frontal;Compatible;6,15;;;6
OP-F33-LEN-COM;OPPO;F33;Lente de cámara;Compatible;3,35;;;6
OP-F33-ALT-COM;OPPO;F33;Altavoz;Compatible;4,80;;;6
OP-F33-AUR-COM;OPPO;F33;Auricular de llamada;Compatible;3,75;;;6
OP-F33-FLX-COM;OPPO;F33;Flex de encendido y volumen;Compatible;3,10;;;6
OP-F33-SIM-COM;OPPO;F33;Bandeja SIM;Compatible;3,25;;;6
OP-F33P-PAN-ORI;OPPO;F33 Pro;Pantalla;Original;55,45;53,79;52,12;12
OP-F33P-PAN-OLS;OPPO;F33 Pro;Pantalla;OLED Soft;40,15;38,95;37,74;6
OP-F33P-PAN-OLH;OPPO;F33 Pro;Pantalla;OLED Hard;36,69;35,59;34,49;6
OP-F33P-PAN-INC;OPPO;F33 Pro;Pantalla;Incell;18,40;17,85;17,30;6
OP-F33P-BAT-COM;OPPO;F33 Pro;Batería;Compatible;7,95;;;6
OP-F33P-CON-COM;OPPO;F33 Pro;Conector de carga;Compatible;4,79;;;6
OP-F33P-TAP-COM;OPPO;F33 Pro;Tapa trasera;Compatible;6,00;;;6
OP-F33P-CTR-COM;OPPO;F33 Pro;Cámara trasera;Compatible;9,95;;;6
OP-F33P-CFR-COM;OPPO;F33 Pro;Cámara frontal;Compatible;6,15;;;6
OP-F33P-LEN-COM;OPPO;F33 Pro;Lente de cámara;Compatible;3,35;;;6
OP-F33P-ALT-COM;OPPO;F33 Pro;Altavoz;Compatible;4,80;;;6
OP-F33P-AUR-COM;OPPO;F33 Pro;Auricular de llamada;Compatible;3,75;;;6
OP-F33P-FLX-COM;OPPO;F33 Pro;Flex de encendido y volumen;Compatible;3,10;;;6
OP-F33P-SIM-COM;OPPO;F33 Pro;Bandeja SIM;Compatible;3,25;;;6
OP-FX9S-PAN-COM;OPPO;Find X9s;Pantalla;Compatible;24,90;24,15;23,41;6
OP-FX9S-BAT-COM;OPPO;Find X9s;Batería;Compatible;8,90;;;6
OP-FX9S-CON-COM;OPPO;Find X9s;Conector de carga;Compatible;7,45;;;6
OP-FX9S-TAP-COM;OPPO;Find X9s;Tapa trasera;Compatible;8,40;;;6
OP-FX9S-CTR-COM;OPPO;Find X9s;Cámara trasera;Compatible;17,25;16,73;16,22;6
OP-FX9S-CFR-COM;OPPO;Find X9s;Cámara frontal;Compatible;8,75;;;6
OP-FX9S-LEN-COM;OPPO;Find X9s;Lente de cámara;Compatible;4,50;;;6
OP-FX9S-ALT-COM;OPPO;Find X9s;Altavoz;Compatible;6,20;;;6
OP-FX9S-AUR-COM;OPPO;Find X9s;Auricular de llamada;Compatible;5,05;;;6
OP-FX9S-FLX-COM;OPPO;Find X9s;Flex de encendido y volumen;Compatible;4,29;;;6
OP-FX9S-SIM-COM;OPPO;Find X9s;Bandeja SIM;Compatible;3,85;;;6
OP-FX9SP-PAN-COM;OPPO;Find X9s Pro;Pantalla;Compatible;24,90;24,15;23,41;6
OP-FX9SP-BAT-COM;OPPO;Find X9s Pro;Batería;Compatible;8,90;;;6
OP-FX9SP-CON-COM;OPPO;Find X9s Pro;Conector de carga;Compatible;7,45;;;6
OP-FX9SP-TAP-COM;OPPO;Find X9s Pro;Tapa trasera;Compatible;8,40;;;6
OP-FX9SP-CTR-COM;OPPO;Find X9s Pro;Cámara trasera;Compatible;17,25;16,73;16,22;6
OP-FX9SP-CFR-COM;OPPO;Find X9s Pro;Cámara frontal;Compatible;8,75;;;6
OP-FX9SP-LEN-COM;OPPO;Find X9s Pro;Lente de cámara;Compatible;4,50;;;6
OP-FX9SP-ALT-COM;OPPO;Find X9s Pro;Altavoz;Compatible;6,20;;;6
OP-FX9SP-AUR-COM;OPPO;Find X9s Pro;Auricular de llamada;Compatible;5,05;;;6
OP-FX9SP-FLX-COM;OPPO;Find X9s Pro;Flex de encendido y volumen;Compatible;4,29;;;6
OP-FX9SP-SIM-COM;OPPO;Find X9s Pro;Bandeja SIM;Compatible;3,85;;;6
OP-A6SP-PAN-ORI;OPPO;A6s Pro;Pantalla;Original;56,85;55,14;53,44;12
OP-A6SP-PAN-OLS;OPPO;A6s Pro;Pantalla;OLED Soft;38,65;37,49;36,33;6
OP-A6SP-PAN-OLH;OPPO;A6s Pro;Pantalla;OLED Hard;35,30;34,24;33,18;6
OP-A6SP-PAN-INC;OPPO;A6s Pro;Pantalla;Incell;17,70;17,17;16,64;6
OP-A6SP-BAT-COM;OPPO;A6s Pro;Batería;Compatible;7,90;;;6
OP-A6SP-CON-COM;OPPO;A6s Pro;Conector de carga;Compatible;4,65;;;6
OP-A6SP-TAP-COM;OPPO;A6s Pro;Tapa trasera;Compatible;6,00;;;6
OP-A6SP-CTR-COM;OPPO;A6s Pro;Cámara trasera;Compatible;9,65;;;6
OP-A6SP-CFR-COM;OPPO;A6s Pro;Cámara frontal;Compatible;6,15;;;6
OP-A6SP-LEN-COM;OPPO;A6s Pro;Lente de cámara;Compatible;3,35;;;6
OP-A6SP-ALT-COM;OPPO;A6s Pro;Altavoz;Compatible;4,90;;;6
OP-A6SP-AUR-COM;OPPO;A6s Pro;Auricular de llamada;Compatible;3,75;;;6
OP-A6SP-FLX-COM;OPPO;A6s Pro;Flex de encendido y volumen;Compatible;3,10;;;6
OP-A6SP-SIM-COM;OPPO;A6s Pro;Bandeja SIM;Compatible;3,20;;;6
OP-FN6-PAN-ORI;OPPO;Find N6;Pantalla;Original;312,85;303,46;294,08;12
OP-FN6-PAN-COM;OPPO;Find N6;Pantalla;Compatible;162,95;158,06;153,17;6
OP-FN6-PAN-ORI-EXT;OPPO;Find N6;Pantalla exterior;Original;99,40;96,42;93,44;12
OP-FN6-PAN-COM-EXT;OPPO;Find N6;Pantalla exterior;Compatible;25,99;25,21;24,43;6
OP-FN6-BAT-COM;OPPO;Find N6;Batería;Compatible;8,90;;;6
OP-FN6-CON-COM;OPPO;Find N6;Conector de carga;Compatible;11,39;11,05;10,71;6
OP-FN6-TAP-COM;OPPO;Find N6;Tapa trasera;Compatible;11,99;11,63;11,27;6
OP-FN6-CTR-COM;OPPO;Find N6;Cámara trasera;Compatible;26,25;25,46;24,67;6
OP-FN6-CFR-COM;OPPO;Find N6;Cámara frontal;Compatible;11,65;11,30;10,95;6
OP-FN6-LEN-COM;OPPO;Find N6;Lente de cámara;Compatible;6,60;;;6
OP-FN6-ALT-COM;OPPO;Find N6;Altavoz;Compatible;9,55;;;6
OP-FN6-AUR-COM;OPPO;Find N6;Auricular de llamada;Compatible;7,39;;;6
OP-FN6-FLX-COM;OPPO;Find N6;Flex de encendido y volumen;Compatible;6,29;;;6
OP-FN6-SIM-COM;OPPO;Find N6;Bandeja SIM;Compatible;5,75;;;6
OP-A6S-PAN-ORI;OPPO;A6s;Pantalla;Original;31,75;30,80;29,85;12
OP-A6S-PAN-COM;OPPO;A6s;Pantalla;Compatible;15,05;14,60;14,15;6
OP-A6S-BAT-COM;OPPO;A6s;Batería;Compatible;7,90;;;6
OP-A6S-CON-COM;OPPO;A6s;Conector de carga;Compatible;4,65;;;6
OP-A6S-TAP-COM;OPPO;A6s;Tapa trasera;Compatible;6,00;;;6
OP-A6S-CTR-COM;OPPO;A6s;Cámara trasera;Compatible;9,65;;;6
OP-A6S-CFR-COM;OPPO;A6s;Cámara frontal;Compatible;6,15;;;6
OP-A6S-LEN-COM;OPPO;A6s;Lente de cámara;Compatible;3,35;;;6
OP-A6S-ALT-COM;OPPO;A6s;Altavoz;Compatible;4,90;;;6
OP-A6S-AUR-COM;OPPO;A6s;Auricular de llamada;Compatible;3,75;;;6
OP-A6S-FLX-COM;OPPO;A6s;Flex de encendido y volumen;Compatible;3,10;;;6
OP-A6S-SIM-COM;OPPO;A6s;Bandeja SIM;Compatible;3,20;;;6
OP-A6S5-PAN-ORI;OPPO;A6s 5G;Pantalla;Original;31,75;30,80;29,85;12
OP-A6S5-PAN-COM;OPPO;A6s 5G;Pantalla;Compatible;15,05;14,60;14,15;6
OP-A6S5-BAT-COM;OPPO;A6s 5G;Batería;Compatible;7,90;;;6
OP-A6S5-CON-COM;OPPO;A6s 5G;Conector de carga;Compatible;4,65;;;6
OP-A6S5-TAP-COM;OPPO;A6s 5G;Tapa trasera;Compatible;6,00;;;6
OP-A6S5-CTR-COM;OPPO;A6s 5G;Cámara trasera;Compatible;9,65;;;6
OP-A6S5-CFR-COM;OPPO;A6s 5G;Cámara frontal;Compatible;6,15;;;6
OP-A6S5-LEN-COM;OPPO;A6s 5G;Lente de cámara;Compatible;3,35;;;6
OP-A6S5-ALT-COM;OPPO;A6s 5G;Altavoz;Compatible;4,90;;;6
OP-A6S5-AUR-COM;OPPO;A6s 5G;Auricular de llamada;Compatible;3,75;;;6
OP-A6S5-FLX-COM;OPPO;A6s 5G;Flex de encendido y volumen;Compatible;3,10;;;6
OP-A6S5-SIM-COM;OPPO;A6s 5G;Bandeja SIM;Compatible;3,20;;;6
OP-A6T5-PAN-ORI;OPPO;A6t 5G;Pantalla;Original;31,75;30,80;29,85;12
OP-A6T5-PAN-COM;OPPO;A6t 5G;Pantalla;Compatible;15,05;14,60;14,15;6
OP-A6T5-BAT-COM;OPPO;A6t 5G;Batería;Compatible;7,90;;;6
OP-A6T5-CON-COM;OPPO;A6t 5G;Conector de carga;Compatible;4,65;;;6
OP-A6T5-TAP-COM;OPPO;A6t 5G;Tapa trasera;Compatible;6,00;;;6
OP-A6T5-CTR-COM;OPPO;A6t 5G;Cámara trasera;Compatible;9,65;;;6
OP-A6T5-CFR-COM;OPPO;A6t 5G;Cámara frontal;Compatible;6,15;;;6
OP-A6T5-LEN-COM;OPPO;A6t 5G;Lente de cámara;Compatible;3,35;;;6
OP-A6T5-ALT-COM;OPPO;A6t 5G;Altavoz;Compatible;4,90;;;6
OP-A6T5-AUR-COM;OPPO;A6t 5G;Auricular de llamada;Compatible;3,75;;;6
OP-A6T5-FLX-COM;OPPO;A6t 5G;Flex de encendido y volumen;Compatible;3,10;;;6
OP-A6T5-SIM-COM;OPPO;A6t 5G;Bandeja SIM;Compatible;3,20;;;6
OP-A6TP-PAN-ORI;OPPO;A6t Pro;Pantalla;Original;31,75;30,80;29,85;12
OP-A6TP-PAN-COM;OPPO;A6t Pro;Pantalla;Compatible;15,05;14,60;14,15;6
OP-A6TP-BAT-COM;OPPO;A6t Pro;Batería;Compatible;7,90;;;6
OP-A6TP-CON-COM;OPPO;A6t Pro;Conector de carga;Compatible;4,65;;;6
OP-A6TP-TAP-COM;OPPO;A6t Pro;Tapa trasera;Compatible;6,00;;;6
OP-A6TP-CTR-COM;OPPO;A6t Pro;Cámara trasera;Compatible;9,65;;;6
OP-A6TP-CFR-COM;OPPO;A6t Pro;Cámara frontal;Compatible;6,15;;;6
OP-A6TP-LEN-COM;OPPO;A6t Pro;Lente de cámara;Compatible;3,35;;;6
OP-A6TP-ALT-COM;OPPO;A6t Pro;Altavoz;Compatible;4,90;;;6
OP-A6TP-AUR-COM;OPPO;A6t Pro;Auricular de llamada;Compatible;3,75;;;6
OP-A6TP-FLX-COM;OPPO;A6t Pro;Flex de encendido y volumen;Compatible;3,10;;;6
OP-A6TP-SIM-COM;OPPO;A6t Pro;Bandeja SIM;Compatible;3,20;;;6
OP-R15C-PAN-ORI;OPPO;Reno 15c;Pantalla;Original;65,55;63,58;61,62;12
OP-R15C-PAN-OLS;OPPO;Reno 15c;Pantalla;OLED Soft;45,80;44,43;43,05;6
OP-R15C-PAN-OLH;OPPO;Reno 15c;Pantalla;OLED Hard;41,85;40,59;39,34;6
OP-R15C-PAN-INC;OPPO;Reno 15c;Pantalla;Incell;21,00;20,37;19,74;6
OP-R15C-BAT-COM;OPPO;Reno 15c;Batería;Compatible;8,60;;;6
OP-R15C-CON-COM;OPPO;Reno 15c;Conector de carga;Compatible;6,15;;;6
OP-R15C-TAP-COM;OPPO;Reno 15c;Tapa trasera;Compatible;6,45;;;6
OP-R15C-CTR-COM;OPPO;Reno 15c;Cámara trasera;Compatible;11,35;11,01;10,67;6
OP-R15C-CFR-COM;OPPO;Reno 15c;Cámara frontal;Compatible;6,45;;;6
OP-R15C-LEN-COM;OPPO;Reno 15c;Lente de cámara;Compatible;3,25;;;6
OP-R15C-ALT-COM;OPPO;Reno 15c;Altavoz;Compatible;4,95;;;6
OP-R15C-AUR-COM;OPPO;Reno 15c;Auricular de llamada;Compatible;3,70;;;6
OP-R15C-FLX-COM;OPPO;Reno 15c;Flex de encendido y volumen;Compatible;3,05;;;6
OP-R15C-SIM-COM;OPPO;Reno 15c;Bandeja SIM;Compatible;3,10;;;6
OP-A6GT-PAN-ORI;OPPO;A6 GT;Pantalla;Original;56,85;55,14;53,44;12
OP-A6GT-PAN-OLS;OPPO;A6 GT;Pantalla;OLED Soft;38,65;37,49;36,33;6
OP-A6GT-PAN-OLH;OPPO;A6 GT;Pantalla;OLED Hard;35,30;34,24;33,18;6
OP-A6GT-PAN-INC;OPPO;A6 GT;Pantalla;Incell;17,70;17,17;16,64;6
OP-A6GT-BAT-COM;OPPO;A6 GT;Batería;Compatible;7,90;;;6
OP-A6GT-CON-COM;OPPO;A6 GT;Conector de carga;Compatible;4,65;;;6
OP-A6GT-TAP-COM;OPPO;A6 GT;Tapa trasera;Compatible;6,00;;;6
OP-A6GT-CTR-COM;OPPO;A6 GT;Cámara trasera;Compatible;9,65;;;6
OP-A6GT-CFR-COM;OPPO;A6 GT;Cámara frontal;Compatible;6,15;;;6
OP-A6GT-LEN-COM;OPPO;A6 GT;Lente de cámara;Compatible;3,35;;;6
OP-A6GT-ALT-COM;OPPO;A6 GT;Altavoz;Compatible;4,90;;;6
OP-A6GT-AUR-COM;OPPO;A6 GT;Auricular de llamada;Compatible;3,75;;;6
OP-A6GT-FLX-COM;OPPO;A6 GT;Flex de encendido y volumen;Compatible;3,10;;;6
OP-A6GT-SIM-COM;OPPO;A6 GT;Bandeja SIM;Compatible;3,20;;;6
OP-A6M-PAN-ORI;OPPO;A6 Max;Pantalla;Original;56,85;55,14;53,44;12
OP-A6M-PAN-OLS;OPPO;A6 Max;Pantalla;OLED Soft;38,65;37,49;36,33;6
OP-A6M-PAN-OLH;OPPO;A6 Max;Pantalla;OLED Hard;35,30;34,24;33,18;6
OP-A6M-PAN-INC;OPPO;A6 Max;Pantalla;Incell;17,70;17,17;16,64;6
OP-A6M-BAT-COM;OPPO;A6 Max;Batería;Compatible;7,90;;;6
OP-A6M-CON-COM;OPPO;A6 Max;Conector de carga;Compatible;4,65;;;6
OP-A6M-TAP-COM;OPPO;A6 Max;Tapa trasera;Compatible;6,00;;;6
OP-A6M-CTR-COM;OPPO;A6 Max;Cámara trasera;Compatible;9,65;;;6
OP-A6M-CFR-COM;OPPO;A6 Max;Cámara frontal;Compatible;6,15;;;6
OP-A6M-LEN-COM;OPPO;A6 Max;Lente de cámara;Compatible;3,35;;;6
OP-A6M-ALT-COM;OPPO;A6 Max;Altavoz;Compatible;4,90;;;6
OP-A6M-AUR-COM;OPPO;A6 Max;Auricular de llamada;Compatible;3,75;;;6
OP-A6M-FLX-COM;OPPO;A6 Max;Flex de encendido y volumen;Compatible;3,10;;;6
OP-A6M-SIM-COM;OPPO;A6 Max;Bandeja SIM;Compatible;3,20;;;6
OP-F31P-PAN-ORI;OPPO;F31 Pro;Pantalla;Original;55,45;53,79;52,12;12
OP-F31P-PAN-OLS;OPPO;F31 Pro;Pantalla;OLED Soft;40,15;38,95;37,74;6
OP-F31P-PAN-OLH;OPPO;F31 Pro;Pantalla;OLED Hard;36,69;35,59;34,49;6
OP-F31P-PAN-INC;OPPO;F31 Pro;Pantalla;Incell;18,40;17,85;17,30;6
OP-F31P-BAT-COM;OPPO;F31 Pro;Batería;Compatible;7,95;;;6
OP-F31P-CON-COM;OPPO;F31 Pro;Conector de carga;Compatible;4,79;;;6
OP-F31P-TAP-COM;OPPO;F31 Pro;Tapa trasera;Compatible;6,00;;;6
OP-F31P-CTR-COM;OPPO;F31 Pro;Cámara trasera;Compatible;9,95;;;6
OP-F31P-CFR-COM;OPPO;F31 Pro;Cámara frontal;Compatible;6,15;;;6
OP-F31P-LEN-COM;OPPO;F31 Pro;Lente de cámara;Compatible;3,35;;;6
OP-F31P-ALT-COM;OPPO;F31 Pro;Altavoz;Compatible;4,80;;;6
OP-F31P-AUR-COM;OPPO;F31 Pro;Auricular de llamada;Compatible;3,75;;;6
OP-F31P-FLX-COM;OPPO;F31 Pro;Flex de encendido y volumen;Compatible;3,10;;;6
OP-F31P-SIM-COM;OPPO;F31 Pro;Bandeja SIM;Compatible;3,25;;;6
OP-F31PPL-PAN-ORI;OPPO;F31 Pro+;Pantalla;Original;55,45;53,79;52,12;12
OP-F31PPL-PAN-OLS;OPPO;F31 Pro+;Pantalla;OLED Soft;40,15;38,95;37,74;6
OP-F31PPL-PAN-OLH;OPPO;F31 Pro+;Pantalla;OLED Hard;36,69;35,59;34,49;6
OP-F31PPL-PAN-INC;OPPO;F31 Pro+;Pantalla;Incell;18,40;17,85;17,30;6
OP-F31PPL-BAT-COM;OPPO;F31 Pro+;Batería;Compatible;7,95;;;6
OP-F31PPL-CON-COM;OPPO;F31 Pro+;Conector de carga;Compatible;4,79;;;6
OP-F31PPL-TAP-COM;OPPO;F31 Pro+;Tapa trasera;Compatible;6,00;;;6
OP-F31PPL-CTR-COM;OPPO;F31 Pro+;Cámara trasera;Compatible;9,95;;;6
OP-F31PPL-CFR-COM;OPPO;F31 Pro+;Cámara frontal;Compatible;6,15;;;6
OP-F31PPL-LEN-COM;OPPO;F31 Pro+;Lente de cámara;Compatible;3,35;;;6
OP-F31PPL-ALT-COM;OPPO;F31 Pro+;Altavoz;Compatible;4,80;;;6
OP-F31PPL-AUR-COM;OPPO;F31 Pro+;Auricular de llamada;Compatible;3,75;;;6
OP-F31PPL-FLX-COM;OPPO;F31 Pro+;Flex de encendido y volumen;Compatible;3,10;;;6
OP-F31PPL-SIM-COM;OPPO;F31 Pro+;Bandeja SIM;Compatible;3,25;;;6
OP-R14P-PAN-ORI;OPPO;Reno14 Pro;Pantalla;Original;79,80;77,41;75,01;12
OP-R14P-PAN-OLS;OPPO;Reno14 Pro;Pantalla;OLED Soft;49,05;47,58;46,11;6
OP-R14P-PAN-OLH;OPPO;Reno14 Pro;Pantalla;OLED Hard;44,80;43,46;42,11;6
OP-R14P-PAN-INC;OPPO;Reno14 Pro;Pantalla;Incell;22,49;21,82;21,14;6
OP-R14P-BAT-COM;OPPO;Reno14 Pro;Batería;Compatible;9,30;;;6
OP-R14P-CON-COM;OPPO;Reno14 Pro;Conector de carga;Compatible;5,75;;;6
OP-R14P-TAP-COM;OPPO;Reno14 Pro;Tapa trasera;Compatible;6,55;;;6
OP-R14P-CTR-COM;OPPO;Reno14 Pro;Cámara trasera;Compatible;13,79;13,38;12,96;6
OP-R14P-CFR-COM;OPPO;Reno14 Pro;Cámara frontal;Compatible;6,85;;;6
OP-R14P-LEN-COM;OPPO;Reno14 Pro;Lente de cámara;Compatible;3,89;;;6
OP-R14P-ALT-COM;OPPO;Reno14 Pro;Altavoz;Compatible;5,45;;;6
OP-R14P-AUR-COM;OPPO;Reno14 Pro;Auricular de llamada;Compatible;4,60;;;6
OP-R14P-FLX-COM;OPPO;Reno14 Pro;Flex de encendido y volumen;Compatible;3,95;;;6
OP-R14P-SIM-COM;OPPO;Reno14 Pro;Bandeja SIM;Compatible;3,55;;;6
OP-F29P-PAN-ORI;OPPO;F29 Pro;Pantalla;Original;55,45;53,79;52,12;12
OP-F29P-PAN-OLS;OPPO;F29 Pro;Pantalla;OLED Soft;40,15;38,95;37,74;6
OP-F29P-PAN-OLH;OPPO;F29 Pro;Pantalla;OLED Hard;36,69;35,59;34,49;6
OP-F29P-PAN-INC;OPPO;F29 Pro;Pantalla;Incell;18,40;17,85;17,30;6
OP-F29P-BAT-COM;OPPO;F29 Pro;Batería;Compatible;7,95;;;6
OP-F29P-CON-COM;OPPO;F29 Pro;Conector de carga;Compatible;4,79;;;6
OP-F29P-TAP-COM;OPPO;F29 Pro;Tapa trasera;Compatible;6,00;;;6
OP-F29P-CTR-COM;OPPO;F29 Pro;Cámara trasera;Compatible;9,95;;;6
OP-F29P-CFR-COM;OPPO;F29 Pro;Cámara frontal;Compatible;6,15;;;6
OP-F29P-LEN-COM;OPPO;F29 Pro;Lente de cámara;Compatible;3,35;;;6
OP-F29P-ALT-COM;OPPO;F29 Pro;Altavoz;Compatible;4,80;;;6
OP-F29P-AUR-COM;OPPO;F29 Pro;Auricular de llamada;Compatible;3,75;;;6
OP-F29P-FLX-COM;OPPO;F29 Pro;Flex de encendido y volumen;Compatible;3,10;;;6
OP-F29P-SIM-COM;OPPO;F29 Pro;Bandeja SIM;Compatible;3,25;;;6
OP-FX8U-PAN-ORI;OPPO;Find X8 Ultra;Pantalla;Original;153,75;149,14;144,53;12
OP-FX8U-PAN-OLS;OPPO;Find X8 Ultra;Pantalla;OLED Soft;70,25;68,14;66,04;6
OP-FX8U-PAN-OLH;OPPO;Find X8 Ultra;Pantalla;OLED Hard;64,20;62,27;60,35;6
OP-FX8U-PAN-INC;OPPO;Find X8 Ultra;Pantalla;Incell;32,20;31,23;30,27;6
OP-FX8U-BAT-COM;OPPO;Find X8 Ultra;Batería;Compatible;9,25;;;6
OP-FX8U-CON-COM;OPPO;Find X8 Ultra;Conector de carga;Compatible;7,45;;;6
OP-FX8U-TAP-COM;OPPO;Find X8 Ultra;Tapa trasera;Compatible;8,40;;;6
OP-FX8U-CTR-COM;OPPO;Find X8 Ultra;Cámara trasera;Compatible;17,25;16,73;16,22;6
OP-FX8U-CFR-COM;OPPO;Find X8 Ultra;Cámara frontal;Compatible;8,75;;;6
OP-FX8U-LEN-COM;OPPO;Find X8 Ultra;Lente de cámara;Compatible;4,50;;;6
OP-FX8U-ALT-COM;OPPO;Find X8 Ultra;Altavoz;Compatible;6,20;;;6
OP-FX8U-AUR-COM;OPPO;Find X8 Ultra;Auricular de llamada;Compatible;5,05;;;6
OP-FX8U-FLX-COM;OPPO;Find X8 Ultra;Flex de encendido y volumen;Compatible;4,29;;;6
OP-FX8U-SIM-COM;OPPO;Find X8 Ultra;Bandeja SIM;Compatible;3,85;;;6
OP-A5E-PAN-ORI;OPPO;A5 Energy;Pantalla;Original;31,75;30,80;29,85;12
OP-A5E-PAN-COM;OPPO;A5 Energy;Pantalla;Compatible;15,05;14,60;14,15;6
OP-A5E-BAT-COM;OPPO;A5 Energy;Batería;Compatible;7,90;;;6
OP-A5E-CON-COM;OPPO;A5 Energy;Conector de carga;Compatible;4,65;;;6
OP-A5E-TAP-COM;OPPO;A5 Energy;Tapa trasera;Compatible;6,00;;;6
OP-A5E-CTR-COM;OPPO;A5 Energy;Cámara trasera;Compatible;9,65;;;6
OP-A5E-CFR-COM;OPPO;A5 Energy;Cámara frontal;Compatible;6,15;;;6
OP-A5E-LEN-COM;OPPO;A5 Energy;Lente de cámara;Compatible;3,35;;;6
OP-A5E-ALT-COM;OPPO;A5 Energy;Altavoz;Compatible;4,90;;;6
OP-A5E-AUR-COM;OPPO;A5 Energy;Auricular de llamada;Compatible;3,75;;;6
OP-A5E-FLX-COM;OPPO;A5 Energy;Flex de encendido y volumen;Compatible;3,10;;;6
OP-A5E-SIM-COM;OPPO;A5 Energy;Bandeja SIM;Compatible;3,20;;;6
OP-F29-PAN-ORI;OPPO;F29;Pantalla;Original;55,45;53,79;52,12;12
OP-F29-PAN-OLS;OPPO;F29;Pantalla;OLED Soft;40,15;38,95;37,74;6
OP-F29-PAN-OLH;OPPO;F29;Pantalla;OLED Hard;36,69;35,59;34,49;6
OP-F29-PAN-INC;OPPO;F29;Pantalla;Incell;18,40;17,85;17,30;6
OP-F29-BAT-COM;OPPO;F29;Batería;Compatible;7,95;;;6
OP-F29-CON-COM;OPPO;F29;Conector de carga;Compatible;4,79;;;6
OP-F29-TAP-COM;OPPO;F29;Tapa trasera;Compatible;6,00;;;6
OP-F29-CTR-COM;OPPO;F29;Cámara trasera;Compatible;9,95;;;6
OP-F29-CFR-COM;OPPO;F29;Cámara frontal;Compatible;6,15;;;6
OP-F29-LEN-COM;OPPO;F29;Lente de cámara;Compatible;3,35;;;6
OP-F29-ALT-COM;OPPO;F29;Altavoz;Compatible;4,80;;;6
OP-F29-AUR-COM;OPPO;F29;Auricular de llamada;Compatible;3,75;;;6
OP-F29-FLX-COM;OPPO;F29;Flex de encendido y volumen;Compatible;3,10;;;6
OP-F29-SIM-COM;OPPO;F29;Bandeja SIM;Compatible;3,25;;;6
OP-FX8-PAN-ORI;OPPO;Find X8;Pantalla;Original;109,85;106,55;103,26;12
OP-FX8-PAN-OLS;OPPO;Find X8;Pantalla;OLED Soft;60,60;58,78;56,96;6
OP-FX8-PAN-OLH;OPPO;Find X8;Pantalla;OLED Hard;55,40;53,74;52,08;6
OP-FX8-PAN-INC;OPPO;Find X8;Pantalla;Incell;27,80;26,97;26,13;6
OP-FX8-BAT-COM;OPPO;Find X8;Batería;Compatible;9,25;;;6
OP-FX8-CON-COM;OPPO;Find X8;Conector de carga;Compatible;6,25;;;6
OP-FX8-TAP-COM;OPPO;Find X8;Tapa trasera;Compatible;7,85;;;6
OP-FX8-CTR-COM;OPPO;Find X8;Cámara trasera;Compatible;12,60;12,22;11,84;6
OP-FX8-CFR-COM;OPPO;Find X8;Cámara frontal;Compatible;6,25;;;6
OP-FX8-LEN-COM;OPPO;Find X8;Lente de cámara;Compatible;3,50;;;6
OP-FX8-ALT-COM;OPPO;Find X8;Altavoz;Compatible;4,70;;;6
OP-FX8-AUR-COM;OPPO;Find X8;Auricular de llamada;Compatible;3,59;;;6
OP-FX8-FLX-COM;OPPO;Find X8;Flex de encendido y volumen;Compatible;3,90;;;6
OP-FX8-SIM-COM;OPPO;Find X8;Bandeja SIM;Compatible;3,25;;;6
OP-A3X-PAN-ORI;OPPO;A3x;Pantalla;Original;30,55;29,63;28,72;12
OP-A3X-PAN-COM;OPPO;A3x;Pantalla;Compatible;14,30;13,87;13,44;6
OP-A3X-BAT-COM;OPPO;A3x;Batería;Compatible;8,39;;;6
OP-A3X-CON-COM;OPPO;A3x;Conector de carga;Compatible;3,90;;;6
OP-A3X-TAP-COM;OPPO;A3x;Tapa trasera;Compatible;5,60;;;6
OP-A3X-CTR-COM;OPPO;A3x;Cámara trasera;Compatible;7,05;;;6
OP-A3X-CFR-COM;OPPO;A3x;Cámara frontal;Compatible;4,45;;;6
OP-A3X-LEN-COM;OPPO;A3x;Lente de cámara;Compatible;2,60;;;6
OP-A3X-ALT-COM;OPPO;A3x;Altavoz;Compatible;3,70;;;6
OP-A3X-AUR-COM;OPPO;A3x;Auricular de llamada;Compatible;2,65;;;6
OP-A3X-FLX-COM;OPPO;A3x;Flex de encendido y volumen;Compatible;2,85;;;6
OP-A3X-SIM-COM;OPPO;A3x;Bandeja SIM;Compatible;2,70;;;6
OP-A3X5-PAN-ORI;OPPO;A3x 5G;Pantalla;Original;30,55;29,63;28,72;12
OP-A3X5-PAN-COM;OPPO;A3x 5G;Pantalla;Compatible;14,30;13,87;13,44;6
OP-A3X5-BAT-COM;OPPO;A3x 5G;Batería;Compatible;8,39;;;6
OP-A3X5-CON-COM;OPPO;A3x 5G;Conector de carga;Compatible;3,90;;;6
OP-A3X5-TAP-COM;OPPO;A3x 5G;Tapa trasera;Compatible;5,60;;;6
OP-A3X5-CTR-COM;OPPO;A3x 5G;Cámara trasera;Compatible;7,05;;;6
OP-A3X5-CFR-COM;OPPO;A3x 5G;Cámara frontal;Compatible;4,45;;;6
OP-A3X5-LEN-COM;OPPO;A3x 5G;Lente de cámara;Compatible;2,60;;;6
OP-A3X5-ALT-COM;OPPO;A3x 5G;Altavoz;Compatible;3,70;;;6
OP-A3X5-AUR-COM;OPPO;A3x 5G;Auricular de llamada;Compatible;2,65;;;6
OP-A3X5-FLX-COM;OPPO;A3x 5G;Flex de encendido y volumen;Compatible;2,85;;;6
OP-A3X5-SIM-COM;OPPO;A3x 5G;Bandeja SIM;Compatible;2,70;;;6
OP-F27PPL-PAN-COM;OPPO;F27 Pro+;Pantalla;Compatible;14,85;14,40;13,96;6
OP-F27PPL-BAT-COM;OPPO;F27 Pro+;Batería;Compatible;8,45;;;6
OP-F27PPL-CON-COM;OPPO;F27 Pro+;Conector de carga;Compatible;4,00;;;6
OP-F27PPL-TAP-COM;OPPO;F27 Pro+;Tapa trasera;Compatible;5,60;;;6
OP-F27PPL-CTR-COM;OPPO;F27 Pro+;Cámara trasera;Compatible;7,29;;;6
OP-F27PPL-CFR-COM;OPPO;F27 Pro+;Cámara frontal;Compatible;4,45;;;6
OP-F27PPL-LEN-COM;OPPO;F27 Pro+;Lente de cámara;Compatible;2,60;;;6
OP-F27PPL-ALT-COM;OPPO;F27 Pro+;Altavoz;Compatible;3,65;;;6
OP-F27PPL-AUR-COM;OPPO;F27 Pro+;Auricular de llamada;Compatible;2,65;;;6
OP-F27PPL-FLX-COM;OPPO;F27 Pro+;Flex de encendido y volumen;Compatible;2,85;;;6
OP-F27PPL-SIM-COM;OPPO;F27 Pro+;Bandeja SIM;Compatible;2,75;;;6
OP-R11A-PAN-ORI;OPPO;Reno11 A;Pantalla;Original;63,05;61,16;59,27;12
OP-R11A-PAN-OLS;OPPO;Reno11 A;Pantalla;OLED Soft;43,49;42,19;40,88;6
OP-R11A-PAN-OLH;OPPO;Reno11 A;Pantalla;OLED Hard;39,75;38,56;37,36;6
OP-R11A-PAN-INC;OPPO;Reno11 A;Pantalla;Incell;19,95;19,35;18,75;6
OP-R11A-BAT-COM;OPPO;Reno11 A;Batería;Compatible;9,15;;;6
OP-R11A-CON-COM;OPPO;Reno11 A;Conector de carga;Compatible;5,15;;;6
OP-R11A-TAP-COM;OPPO;Reno11 A;Tapa trasera;Compatible;6,05;;;6
OP-R11A-CTR-COM;OPPO;Reno11 A;Cámara trasera;Compatible;8,29;;;6
OP-R11A-CFR-COM;OPPO;Reno11 A;Cámara frontal;Compatible;4,65;;;6
OP-R11A-LEN-COM;OPPO;Reno11 A;Lente de cámara;Compatible;2,55;;;6
OP-R11A-ALT-COM;OPPO;Reno11 A;Altavoz;Compatible;3,75;;;6
OP-R11A-AUR-COM;OPPO;Reno11 A;Auricular de llamada;Compatible;2,65;;;6
OP-R11A-FLX-COM;OPPO;Reno11 A;Flex de encendido y volumen;Compatible;2,79;;;6
OP-R11A-SIM-COM;OPPO;Reno11 A;Bandeja SIM;Compatible;2,60;;;6
OP-A1I-PAN-ORI;OPPO;A1i;Pantalla;Original;30,55;29,63;28,72;12
OP-A1I-PAN-COM;OPPO;A1i;Pantalla;Compatible;14,30;13,87;13,44;6
OP-A1I-BAT-COM;OPPO;A1i;Batería;Compatible;8,39;;;6
OP-A1I-CON-COM;OPPO;A1i;Conector de carga;Compatible;3,90;;;6
OP-A1I-TAP-COM;OPPO;A1i;Tapa trasera;Compatible;5,60;;;6
OP-A1I-CTR-COM;OPPO;A1i;Cámara trasera;Compatible;7,05;;;6
OP-A1I-CFR-COM;OPPO;A1i;Cámara frontal;Compatible;4,45;;;6
OP-A1I-LEN-COM;OPPO;A1i;Lente de cámara;Compatible;2,60;;;6
OP-A1I-ALT-COM;OPPO;A1i;Altavoz;Compatible;3,70;;;6
OP-A1I-AUR-COM;OPPO;A1i;Auricular de llamada;Compatible;2,65;;;6
OP-A1I-FLX-COM;OPPO;A1i;Flex de encendido y volumen;Compatible;2,85;;;6
OP-A1I-SIM-COM;OPPO;A1i;Bandeja SIM;Compatible;2,70;;;6
OP-K12-PAN-ORI;OPPO;K12;Pantalla;Original;53,35;51,75;50,15;12
OP-K12-PAN-OLS;OPPO;K12;Pantalla;OLED Soft;38,10;36,96;35,81;6
OP-K12-PAN-OLH;OPPO;K12;Pantalla;OLED Hard;34,80;33,76;32,71;6
OP-K12-PAN-INC;OPPO;K12;Pantalla;Incell;17,45;16,93;16,40;6
OP-K12-BAT-COM;OPPO;K12;Batería;Compatible;8,45;;;6
OP-K12-CON-COM;OPPO;K12;Conector de carga;Compatible;4,00;;;6
OP-K12-TAP-COM;OPPO;K12;Tapa trasera;Compatible;5,60;;;6
OP-K12-CTR-COM;OPPO;K12;Cámara trasera;Compatible;7,29;;;6
OP-K12-CFR-COM;OPPO;K12;Cámara frontal;Compatible;4,45;;;6
OP-K12-LEN-COM;OPPO;K12;Lente de cámara;Compatible;2,60;;;6
OP-K12-ALT-COM;OPPO;K12;Altavoz;Compatible;3,65;;;6
OP-K12-AUR-COM;OPPO;K12;Auricular de llamada;Compatible;2,65;;;6
OP-K12-FLX-COM;OPPO;K12;Flex de encendido y volumen;Compatible;2,85;;;6
OP-K12-SIM-COM;OPPO;K12;Bandeja SIM;Compatible;2,75;;;6
OP-K12X-PAN-ORI;OPPO;K12x;Pantalla;Original;53,35;51,75;50,15;12
OP-K12X-PAN-OLS;OPPO;K12x;Pantalla;OLED Soft;38,10;36,96;35,81;6
OP-K12X-PAN-OLH;OPPO;K12x;Pantalla;OLED Hard;34,80;33,76;32,71;6
OP-K12X-PAN-INC;OPPO;K12x;Pantalla;Incell;17,45;16,93;16,40;6
OP-K12X-BAT-COM;OPPO;K12x;Batería;Compatible;8,45;;;6
OP-K12X-CON-COM;OPPO;K12x;Conector de carga;Compatible;4,00;;;6
OP-K12X-TAP-COM;OPPO;K12x;Tapa trasera;Compatible;5,60;;;6
OP-K12X-CTR-COM;OPPO;K12x;Cámara trasera;Compatible;7,29;;;6
OP-K12X-CFR-COM;OPPO;K12x;Cámara frontal;Compatible;4,45;;;6
OP-K12X-LEN-COM;OPPO;K12x;Lente de cámara;Compatible;2,60;;;6
OP-K12X-ALT-COM;OPPO;K12x;Altavoz;Compatible;3,65;;;6
OP-K12X-AUR-COM;OPPO;K12x;Auricular de llamada;Compatible;2,65;;;6
OP-K12X-FLX-COM;OPPO;K12x;Flex de encendido y volumen;Compatible;2,85;;;6
OP-K12X-SIM-COM;OPPO;K12x;Bandeja SIM;Compatible;2,75;;;6
OP-FX7-PAN-ORI;OPPO;Find X7;Pantalla;Original;109,85;106,55;103,26;12
OP-FX7-PAN-OLS;OPPO;Find X7;Pantalla;OLED Soft;60,60;58,78;56,96;6
OP-FX7-PAN-OLH;OPPO;Find X7;Pantalla;OLED Hard;55,40;53,74;52,08;6
OP-FX7-PAN-INC;OPPO;Find X7;Pantalla;Incell;27,80;26,97;26,13;6
OP-FX7-BAT-COM;OPPO;Find X7;Batería;Compatible;9,45;;;6
OP-FX7-CON-COM;OPPO;Find X7;Conector de carga;Compatible;6,25;;;6
OP-FX7-TAP-COM;OPPO;Find X7;Tapa trasera;Compatible;7,85;;;6
OP-FX7-CTR-COM;OPPO;Find X7;Cámara trasera;Compatible;12,60;12,22;11,84;6
OP-FX7-CFR-COM;OPPO;Find X7;Cámara frontal;Compatible;6,25;;;6
OP-FX7-LEN-COM;OPPO;Find X7;Lente de cámara;Compatible;3,50;;;6
OP-FX7-ALT-COM;OPPO;Find X7;Altavoz;Compatible;4,70;;;6
OP-FX7-AUR-COM;OPPO;Find X7;Auricular de llamada;Compatible;3,59;;;6
OP-FX7-FLX-COM;OPPO;Find X7;Flex de encendido y volumen;Compatible;3,90;;;6
OP-FX7-SIM-COM;OPPO;Find X7;Bandeja SIM;Compatible;3,25;;;6
OP-FX7U-PAN-ORI;OPPO;Find X7 Ultra;Pantalla;Original;147,85;143,41;138,98;12
OP-FX7U-PAN-OLS;OPPO;Find X7 Ultra;Pantalla;OLED Soft;66,69;64,69;62,69;6
OP-FX7U-PAN-OLH;OPPO;Find X7 Ultra;Pantalla;OLED Hard;60,95;59,12;57,29;6
OP-FX7U-PAN-INC;OPPO;Find X7 Ultra;Pantalla;Incell;30,59;29,67;28,75;6
OP-FX7U-BAT-COM;OPPO;Find X7 Ultra;Batería;Compatible;9,45;;;6
OP-FX7U-CON-COM;OPPO;Find X7 Ultra;Conector de carga;Compatible;6,25;;;6
OP-FX7U-TAP-COM;OPPO;Find X7 Ultra;Tapa trasera;Compatible;7,85;;;6
OP-FX7U-CTR-COM;OPPO;Find X7 Ultra;Cámara trasera;Compatible;12,60;12,22;11,84;6
OP-FX7U-CFR-COM;OPPO;Find X7 Ultra;Cámara frontal;Compatible;6,25;;;6
OP-FX7U-LEN-COM;OPPO;Find X7 Ultra;Lente de cámara;Compatible;3,50;;;6
OP-FX7U-ALT-COM;OPPO;Find X7 Ultra;Altavoz;Compatible;4,70;;;6
OP-FX7U-AUR-COM;OPPO;Find X7 Ultra;Auricular de llamada;Compatible;3,59;;;6
OP-FX7U-FLX-COM;OPPO;Find X7 Ultra;Flex de encendido y volumen;Compatible;3,90;;;6
OP-FX7U-SIM-COM;OPPO;Find X7 Ultra;Bandeja SIM;Compatible;3,25;;;6
OP-RENO11-PAN-ORI;OPPO;Reno11;Pantalla;Original;63,05;61,16;59,27;12
OP-RENO11-PAN-OLS;OPPO;Reno11;Pantalla;OLED Soft;43,49;42,19;40,88;6
OP-RENO11-PAN-OLH;OPPO;Reno11;Pantalla;OLED Hard;39,75;38,56;37,36;6
OP-RENO11-PAN-INC;OPPO;Reno11;Pantalla;Incell;19,95;19,35;18,75;6
OP-RENO11-BAT-COM;OPPO;Reno11;Batería;Compatible;9,15;;;6
OP-RENO11-CON-COM;OPPO;Reno11;Conector de carga;Compatible;5,15;;;6
OP-RENO11-TAP-COM;OPPO;Reno11;Tapa trasera;Compatible;6,05;;;6
OP-RENO11-CTR-COM;OPPO;Reno11;Cámara trasera;Compatible;8,29;;;6
OP-RENO11-CFR-COM;OPPO;Reno11;Cámara frontal;Compatible;4,65;;;6
OP-RENO11-LEN-COM;OPPO;Reno11;Lente de cámara;Compatible;2,55;;;6
OP-RENO11-ALT-COM;OPPO;Reno11;Altavoz;Compatible;3,75;;;6
OP-RENO11-AUR-COM;OPPO;Reno11;Auricular de llamada;Compatible;2,65;;;6
OP-RENO11-FLX-COM;OPPO;Reno11;Flex de encendido y volumen;Compatible;2,79;;;6
OP-RENO11-SIM-COM;OPPO;Reno11;Bandeja SIM;Compatible;2,60;;;6
OP-R11P-PAN-ORI;OPPO;Reno11 Pro;Pantalla;Original;76,75;74,45;72,15;12
OP-R11P-PAN-OLS;OPPO;Reno11 Pro;Pantalla;OLED Soft;46,55;45,15;43,76;6
OP-R11P-PAN-OLH;OPPO;Reno11 Pro;Pantalla;OLED Hard;42,55;41,27;40,00;6
OP-R11P-PAN-INC;OPPO;Reno11 Pro;Pantalla;Incell;21,35;20,71;20,07;6
OP-R11P-BAT-COM;OPPO;Reno11 Pro;Batería;Compatible;9,85;;;6
OP-R11P-CON-COM;OPPO;Reno11 Pro;Conector de carga;Compatible;4,80;;;6
OP-R11P-TAP-COM;OPPO;Reno11 Pro;Tapa trasera;Compatible;6,10;;;6
OP-R11P-CTR-COM;OPPO;Reno11 Pro;Cámara trasera;Compatible;10,05;9,75;9,45;6
OP-R11P-CFR-COM;OPPO;Reno11 Pro;Cámara frontal;Compatible;4,90;;;6
OP-R11P-LEN-COM;OPPO;Reno11 Pro;Lente de cámara;Compatible;3,00;;;6
OP-R11P-ALT-COM;OPPO;Reno11 Pro;Altavoz;Compatible;4,15;;;6
OP-R11P-AUR-COM;OPPO;Reno11 Pro;Auricular de llamada;Compatible;3,29;;;6
OP-R11P-FLX-COM;OPPO;Reno11 Pro;Flex de encendido y volumen;Compatible;3,60;;;6
OP-R11P-SIM-COM;OPPO;Reno11 Pro;Bandeja SIM;Compatible;3,00;;;6
OP-A595-PAN-ORI;OPPO;A59 5G;Pantalla;Original;30,55;29,63;28,72;12
OP-A595-PAN-COM;OPPO;A59 5G;Pantalla;Compatible;14,30;13,87;13,44;6
OP-A595-BAT-COM;OPPO;A59 5G;Batería;Compatible;8,39;;;6
OP-A595-CON-COM;OPPO;A59 5G;Conector de carga;Compatible;3,90;;;6
OP-A595-TAP-COM;OPPO;A59 5G;Tapa trasera;Compatible;5,60;;;6
OP-A595-CTR-COM;OPPO;A59 5G;Cámara trasera;Compatible;7,05;;;6
OP-A595-CFR-COM;OPPO;A59 5G;Cámara frontal;Compatible;4,45;;;6
OP-A595-LEN-COM;OPPO;A59 5G;Lente de cámara;Compatible;2,60;;;6
OP-A595-ALT-COM;OPPO;A59 5G;Altavoz;Compatible;3,70;;;6
OP-A595-AUR-COM;OPPO;A59 5G;Auricular de llamada;Compatible;2,65;;;6
OP-A595-FLX-COM;OPPO;A59 5G;Flex de encendido y volumen;Compatible;2,85;;;6
OP-A595-SIM-COM;OPPO;A59 5G;Bandeja SIM;Compatible;2,70;;;6
OP-A2X-PAN-ORI;OPPO;A2x;Pantalla;Original;30,55;29,63;28,72;12
OP-A2X-PAN-COM;OPPO;A2x;Pantalla;Compatible;14,30;13,87;13,44;6
OP-A2X-BAT-COM;OPPO;A2x;Batería;Compatible;8,39;;;6
OP-A2X-CON-COM;OPPO;A2x;Conector de carga;Compatible;3,90;;;6
OP-A2X-TAP-COM;OPPO;A2x;Tapa trasera;Compatible;5,60;;;6
OP-A2X-CTR-COM;OPPO;A2x;Cámara trasera;Compatible;7,05;;;6
OP-A2X-CFR-COM;OPPO;A2x;Cámara frontal;Compatible;4,45;;;6
OP-A2X-LEN-COM;OPPO;A2x;Lente de cámara;Compatible;2,60;;;6
OP-A2X-ALT-COM;OPPO;A2x;Altavoz;Compatible;3,70;;;6
OP-A2X-AUR-COM;OPPO;A2x;Auricular de llamada;Compatible;2,65;;;6
OP-A2X-FLX-COM;OPPO;A2x;Flex de encendido y volumen;Compatible;2,85;;;6
OP-A2X-SIM-COM;OPPO;A2x;Bandeja SIM;Compatible;2,70;;;6
OP-FN3FL-PAN-ORI;OPPO;Find N3 Flip;Pantalla;Original;181,05;175,62;170,19;12
OP-FN3FL-PAN-COM;OPPO;Find N3 Flip;Pantalla;Compatible;93,09;90,30;87,50;6
OP-FN3FL-BAT-COM;OPPO;Find N3 Flip;Batería;Compatible;9,65;;;6
OP-FN3FL-CON-COM;OPPO;Find N3 Flip;Conector de carga;Compatible;5,75;;;6
OP-FN3FL-TAP-COM;OPPO;Find N3 Flip;Tapa trasera;Compatible;7,29;;;6
OP-FN3FL-CTR-COM;OPPO;Find N3 Flip;Cámara trasera;Compatible;11,35;11,01;10,67;6
OP-FN3FL-CFR-COM;OPPO;Find N3 Flip;Cámara frontal;Compatible;5,90;;;6
OP-FN3FL-LEN-COM;OPPO;Find N3 Flip;Lente de cámara;Compatible;3,35;;;6
OP-FN3FL-ALT-COM;OPPO;Find N3 Flip;Altavoz;Compatible;4,35;;;6
OP-FN3FL-AUR-COM;OPPO;Find N3 Flip;Auricular de llamada;Compatible;3,35;;;6
OP-FN3FL-FLX-COM;OPPO;Find N3 Flip;Flex de encendido y volumen;Compatible;3,55;;;6
OP-FN3FL-SIM-COM;OPPO;Find N3 Flip;Bandeja SIM;Compatible;3,10;;;6
OP-K11-PAN-ORI;OPPO;K11;Pantalla;Original;53,35;51,75;50,15;12
OP-K11-PAN-OLS;OPPO;K11;Pantalla;OLED Soft;38,10;36,96;35,81;6
OP-K11-PAN-OLH;OPPO;K11;Pantalla;OLED Hard;34,80;33,76;32,71;6
OP-K11-PAN-INC;OPPO;K11;Pantalla;Incell;17,45;16,93;16,40;6
OP-K11-BAT-COM;OPPO;K11;Batería;Compatible;8,45;;;6
OP-K11-CON-COM;OPPO;K11;Conector de carga;Compatible;4,00;;;6
OP-K11-TAP-COM;OPPO;K11;Tapa trasera;Compatible;5,60;;;6
OP-K11-CTR-COM;OPPO;K11;Cámara trasera;Compatible;7,29;;;6
OP-K11-CFR-COM;OPPO;K11;Cámara frontal;Compatible;4,45;;;6
OP-K11-LEN-COM;OPPO;K11;Lente de cámara;Compatible;2,60;;;6
OP-K11-ALT-COM;OPPO;K11;Altavoz;Compatible;3,65;;;6
OP-K11-AUR-COM;OPPO;K11;Auricular de llamada;Compatible;2,65;;;6
OP-K11-FLX-COM;OPPO;K11;Flex de encendido y volumen;Compatible;2,85;;;6
OP-K11-SIM-COM;OPPO;K11;Bandeja SIM;Compatible;2,75;;;6
OP-F23-PAN-ORI;OPPO;F23;Pantalla;Original;29,80;28,91;28,01;12
OP-F23-PAN-COM;OPPO;F23;Pantalla;Compatible;14,85;14,40;13,96;6
OP-F23-BAT-COM;OPPO;F23;Batería;Compatible;8,45;;;6
OP-F23-CON-COM;OPPO;F23;Conector de carga;Compatible;4,00;;;6
OP-F23-TAP-COM;OPPO;F23;Tapa trasera;Compatible;5,60;;;6
OP-F23-CTR-COM;OPPO;F23;Cámara trasera;Compatible;7,29;;;6
OP-F23-CFR-COM;OPPO;F23;Cámara frontal;Compatible;4,45;;;6
OP-F23-LEN-COM;OPPO;F23;Lente de cámara;Compatible;2,60;;;6
OP-F23-ALT-COM;OPPO;F23;Altavoz;Compatible;3,65;;;6
OP-F23-AUR-COM;OPPO;F23;Auricular de llamada;Compatible;2,65;;;6
OP-F23-FLX-COM;OPPO;F23;Flex de encendido y volumen;Compatible;2,85;;;6
OP-F23-SIM-COM;OPPO;F23;Bandeja SIM;Compatible;2,75;;;6
OP-K11X-PAN-ORI;OPPO;K11x;Pantalla;Original;29,80;28,91;28,01;12
OP-K11X-PAN-COM;OPPO;K11x;Pantalla;Compatible;14,85;14,40;13,96;6
OP-K11X-BAT-COM;OPPO;K11x;Batería;Compatible;8,45;;;6
OP-K11X-CON-COM;OPPO;K11x;Conector de carga;Compatible;4,00;;;6
OP-K11X-TAP-COM;OPPO;K11x;Tapa trasera;Compatible;5,60;;;6
OP-K11X-CTR-COM;OPPO;K11x;Cámara trasera;Compatible;7,29;;;6
OP-K11X-CFR-COM;OPPO;K11x;Cámara frontal;Compatible;4,45;;;6
OP-K11X-LEN-COM;OPPO;K11x;Lente de cámara;Compatible;2,60;;;6
OP-K11X-ALT-COM;OPPO;K11x;Altavoz;Compatible;3,65;;;6
OP-K11X-AUR-COM;OPPO;K11x;Auricular de llamada;Compatible;2,65;;;6
OP-K11X-FLX-COM;OPPO;K11x;Flex de encendido y volumen;Compatible;2,85;;;6
OP-K11X-SIM-COM;OPPO;K11x;Bandeja SIM;Compatible;2,75;;;6
OP-R10PPL-PAN-ORI;OPPO;Reno10 Pro+;Pantalla;Original;76,75;74,45;72,15;12
OP-R10PPL-PAN-OLS;OPPO;Reno10 Pro+;Pantalla;OLED Soft;46,55;45,15;43,76;6
OP-R10PPL-PAN-OLH;OPPO;Reno10 Pro+;Pantalla;OLED Hard;42,55;41,27;40,00;6
OP-R10PPL-PAN-INC;OPPO;Reno10 Pro+;Pantalla;Incell;21,35;20,71;20,07;6
OP-R10PPL-BAT-COM;OPPO;Reno10 Pro+;Batería;Compatible;10,35;10,04;9,73;6
OP-R10PPL-CON-COM;OPPO;Reno10 Pro+;Conector de carga;Compatible;4,80;;;6
OP-R10PPL-TAP-COM;OPPO;Reno10 Pro+;Tapa trasera;Compatible;6,10;;;6
OP-R10PPL-CTR-COM;OPPO;Reno10 Pro+;Cámara trasera;Compatible;10,05;9,75;9,45;6
OP-R10PPL-CFR-COM;OPPO;Reno10 Pro+;Cámara frontal;Compatible;4,90;;;6
OP-R10PPL-LEN-COM;OPPO;Reno10 Pro+;Lente de cámara;Compatible;3,00;;;6
OP-R10PPL-ALT-COM;OPPO;Reno10 Pro+;Altavoz;Compatible;4,15;;;6
OP-R10PPL-AUR-COM;OPPO;Reno10 Pro+;Auricular de llamada;Compatible;3,29;;;6
OP-R10PPL-FLX-COM;OPPO;Reno10 Pro+;Flex de encendido y volumen;Compatible;3,60;;;6
OP-R10PPL-SIM-COM;OPPO;Reno10 Pro+;Bandeja SIM;Compatible;3,00;;;6
OP-A123-PAN-ORI;OPPO;A1 2023;Pantalla;Original;30,55;29,63;28,72;12
OP-A123-PAN-COM;OPPO;A1 2023;Pantalla;Compatible;14,30;13,87;13,44;6
OP-A123-BAT-COM;OPPO;A1 2023;Batería;Compatible;8,39;;;6
OP-A123-CON-COM;OPPO;A1 2023;Conector de carga;Compatible;3,90;;;6
OP-A123-TAP-COM;OPPO;A1 2023;Tapa trasera;Compatible;5,60;;;6
OP-A123-CTR-COM;OPPO;A1 2023;Cámara trasera;Compatible;7,05;;;6
OP-A123-CFR-COM;OPPO;A1 2023;Cámara frontal;Compatible;4,45;;;6
OP-A123-LEN-COM;OPPO;A1 2023;Lente de cámara;Compatible;2,60;;;6
OP-A123-ALT-COM;OPPO;A1 2023;Altavoz;Compatible;3,70;;;6
OP-A123-AUR-COM;OPPO;A1 2023;Auricular de llamada;Compatible;2,65;;;6
OP-A123-FLX-COM;OPPO;A1 2023;Flex de encendido y volumen;Compatible;2,85;;;6
OP-A123-SIM-COM;OPPO;A1 2023;Bandeja SIM;Compatible;2,70;;;6
OP-FX6-PAN-ORI;OPPO;Find X6;Pantalla;Original;109,85;106,55;103,26;12
OP-FX6-PAN-OLS;OPPO;Find X6;Pantalla;OLED Soft;60,60;58,78;56,96;6
OP-FX6-PAN-OLH;OPPO;Find X6;Pantalla;OLED Hard;55,40;53,74;52,08;6
OP-FX6-PAN-INC;OPPO;Find X6;Pantalla;Incell;27,80;26,97;26,13;6
OP-FX6-BAT-COM;OPPO;Find X6;Batería;Compatible;9,45;;;6
OP-FX6-CON-COM;OPPO;Find X6;Conector de carga;Compatible;6,25;;;6
OP-FX6-TAP-COM;OPPO;Find X6;Tapa trasera;Compatible;7,85;;;6
OP-FX6-CTR-COM;OPPO;Find X6;Cámara trasera;Compatible;12,60;12,22;11,84;6
OP-FX6-CFR-COM;OPPO;Find X6;Cámara frontal;Compatible;6,25;;;6
OP-FX6-LEN-COM;OPPO;Find X6;Lente de cámara;Compatible;3,50;;;6
OP-FX6-ALT-COM;OPPO;Find X6;Altavoz;Compatible;4,70;;;6
OP-FX6-AUR-COM;OPPO;Find X6;Auricular de llamada;Compatible;3,59;;;6
OP-FX6-FLX-COM;OPPO;Find X6;Flex de encendido y volumen;Compatible;3,90;;;6
OP-FX6-SIM-COM;OPPO;Find X6;Bandeja SIM;Compatible;3,25;;;6
OP-FX6P-PAN-ORI;OPPO;Find X6 Pro;Pantalla;Original;109,85;106,55;103,26;12
OP-FX6P-PAN-OLS;OPPO;Find X6 Pro;Pantalla;OLED Soft;60,60;58,78;56,96;6
OP-FX6P-PAN-OLH;OPPO;Find X6 Pro;Pantalla;OLED Hard;55,40;53,74;52,08;6
OP-FX6P-PAN-INC;OPPO;Find X6 Pro;Pantalla;Incell;27,80;26,97;26,13;6
OP-FX6P-BAT-COM;OPPO;Find X6 Pro;Batería;Compatible;9,45;;;6
OP-FX6P-CON-COM;OPPO;Find X6 Pro;Conector de carga;Compatible;6,25;;;6
OP-FX6P-TAP-COM;OPPO;Find X6 Pro;Tapa trasera;Compatible;7,85;;;6
OP-FX6P-CTR-COM;OPPO;Find X6 Pro;Cámara trasera;Compatible;12,60;12,22;11,84;6
OP-FX6P-CFR-COM;OPPO;Find X6 Pro;Cámara frontal;Compatible;6,25;;;6
OP-FX6P-LEN-COM;OPPO;Find X6 Pro;Lente de cámara;Compatible;3,50;;;6
OP-FX6P-ALT-COM;OPPO;Find X6 Pro;Altavoz;Compatible;4,70;;;6
OP-FX6P-AUR-COM;OPPO;Find X6 Pro;Auricular de llamada;Compatible;3,59;;;6
OP-FX6P-FLX-COM;OPPO;Find X6 Pro;Flex de encendido y volumen;Compatible;3,90;;;6
OP-FX6P-SIM-COM;OPPO;Find X6 Pro;Bandeja SIM;Compatible;3,25;;;6
OP-A56S-PAN-ORI;OPPO;A56s;Pantalla;Original;30,55;29,63;28,72;12
OP-A56S-PAN-COM;OPPO;A56s;Pantalla;Compatible;14,30;13,87;13,44;6
OP-A56S-BAT-COM;OPPO;A56s;Batería;Compatible;8,39;;;6
OP-A56S-CON-COM;OPPO;A56s;Conector de carga;Compatible;3,90;;;6
OP-A56S-TAP-COM;OPPO;A56s;Tapa trasera;Compatible;5,60;;;6
OP-A56S-CTR-COM;OPPO;A56s;Cámara trasera;Compatible;7,05;;;6
OP-A56S-CFR-COM;OPPO;A56s;Cámara frontal;Compatible;4,45;;;6
OP-A56S-LEN-COM;OPPO;A56s;Lente de cámara;Compatible;2,60;;;6
OP-A56S-ALT-COM;OPPO;A56s;Altavoz;Compatible;3,70;;;6
OP-A56S-AUR-COM;OPPO;A56s;Auricular de llamada;Compatible;2,65;;;6
OP-A56S-FLX-COM;OPPO;A56s;Flex de encendido y volumen;Compatible;2,85;;;6
OP-A56S-SIM-COM;OPPO;A56s;Bandeja SIM;Compatible;2,70;;;6
OP-A58X-PAN-ORI;OPPO;A58x;Pantalla;Original;29,59;28,70;27,81;12
OP-A58X-PAN-COM;OPPO;A58x;Pantalla;Compatible;13,45;13,05;12,64;6
OP-A58X-BAT-COM;OPPO;A58x;Batería;Compatible;7,35;;;6
OP-A58X-CON-COM;OPPO;A58x;Conector de carga;Compatible;3,45;;;6
OP-A58X-TAP-COM;OPPO;A58x;Tapa trasera;Compatible;5,00;;;6
OP-A58X-CTR-COM;OPPO;A58x;Cámara trasera;Compatible;5,05;;;6
OP-A58X-CFR-COM;OPPO;A58x;Cámara frontal;Compatible;3,00;;;6
OP-A58X-LEN-COM;OPPO;A58x;Lente de cámara;Compatible;2,49;;;6
OP-A58X-ALT-COM;OPPO;A58x;Altavoz;Compatible;3,45;;;6
OP-A58X-AUR-COM;OPPO;A58x;Auricular de llamada;Compatible;2,45;;;6
OP-A58X-FLX-COM;OPPO;A58x;Flex de encendido y volumen;Compatible;2,35;;;6
OP-A58X-SIM-COM;OPPO;A58x;Bandeja SIM;Compatible;2,75;;;6
OP-FN2-PAN-ORI;OPPO;Find N2;Pantalla;Original;291,55;282,80;274,06;12
OP-FN2-PAN-COM;OPPO;Find N2;Pantalla;Compatible;145,35;140,99;136,63;6
OP-FN2-PAN-ORI-EXT;OPPO;Find N2;Pantalla exterior;Original;92,65;89,87;87,09;12
OP-FN2-PAN-COM-EXT;OPPO;Find N2;Pantalla exterior;Compatible;23,15;22,46;21,76;6
OP-FN2-BAT-COM;OPPO;Find N2;Batería;Compatible;8,25;;;6
OP-FN2-CON-COM;OPPO;Find N2;Conector de carga;Compatible;8,35;;;6
OP-FN2-TAP-COM;OPPO;Find N2;Tapa trasera;Compatible;9,99;;;6
OP-FN2-CTR-COM;OPPO;Find N2;Cámara trasera;Compatible;13,65;13,24;12,83;6
OP-FN2-CFR-COM;OPPO;Find N2;Cámara frontal;Compatible;5,70;;;6
OP-FN2-LEN-COM;OPPO;Find N2;Lente de cámara;Compatible;4,90;;;6
OP-FN2-ALT-COM;OPPO;Find N2;Altavoz;Compatible;6,75;;;6
OP-FN2-AUR-COM;OPPO;Find N2;Auricular de llamada;Compatible;4,79;;;6
OP-FN2-FLX-COM;OPPO;Find N2;Flex de encendido y volumen;Compatible;4,75;;;6
OP-FN2-SIM-COM;OPPO;Find N2;Bandeja SIM;Compatible;4,95;;;6
OP-A1P-PAN-ORI;OPPO;A1 Pro;Pantalla;Original;52,95;51,36;49,77;12
OP-A1P-PAN-OLS;OPPO;A1 Pro;Pantalla;OLED Soft;34,45;33,42;32,38;6
OP-A1P-PAN-OLH;OPPO;A1 Pro;Pantalla;OLED Hard;31,50;30,56;29,61;6
OP-A1P-PAN-INC;OPPO;A1 Pro;Pantalla;Incell;15,80;15,33;14,85;6
OP-A1P-BAT-COM;OPPO;A1 Pro;Batería;Compatible;7,35;;;6
OP-A1P-CON-COM;OPPO;A1 Pro;Conector de carga;Compatible;3,45;;;6
OP-A1P-TAP-COM;OPPO;A1 Pro;Tapa trasera;Compatible;5,00;;;6
OP-A1P-CTR-COM;OPPO;A1 Pro;Cámara trasera;Compatible;5,05;;;6
OP-A1P-CFR-COM;OPPO;A1 Pro;Cámara frontal;Compatible;3,00;;;6
OP-A1P-LEN-COM;OPPO;A1 Pro;Lente de cámara;Compatible;2,49;;;6
OP-A1P-ALT-COM;OPPO;A1 Pro;Altavoz;Compatible;3,45;;;6
OP-A1P-AUR-COM;OPPO;A1 Pro;Auricular de llamada;Compatible;2,45;;;6
OP-A1P-FLX-COM;OPPO;A1 Pro;Flex de encendido y volumen;Compatible;2,35;;;6
OP-A1P-SIM-COM;OPPO;A1 Pro;Bandeja SIM;Compatible;2,75;;;6
OP-RENO9-PAN-ORI;OPPO;Reno9;Pantalla;Original;61,09;59,26;57,42;12
OP-RENO9-PAN-OLS;OPPO;Reno9;Pantalla;OLED Soft;40,85;39,62;38,40;6
OP-RENO9-PAN-OLH;OPPO;Reno9;Pantalla;OLED Hard;37,35;36,23;35,11;6
OP-RENO9-PAN-INC;OPPO;Reno9;Pantalla;Incell;18,75;18,19;17,63;6
OP-RENO9-BAT-COM;OPPO;Reno9;Batería;Compatible;8,00;;;6
OP-RENO9-CON-COM;OPPO;Reno9;Conector de carga;Compatible;4,50;;;6
OP-RENO9-TAP-COM;OPPO;Reno9;Tapa trasera;Compatible;5,39;;;6
OP-RENO9-CTR-COM;OPPO;Reno9;Cámara trasera;Compatible;5,90;;;6
OP-RENO9-CFR-COM;OPPO;Reno9;Cámara frontal;Compatible;3,15;;;6
OP-RENO9-LEN-COM;OPPO;Reno9;Lente de cámara;Compatible;2,40;;;6
OP-RENO9-ALT-COM;OPPO;Reno9;Altavoz;Compatible;3,49;;;6
OP-RENO9-AUR-COM;OPPO;Reno9;Auricular de llamada;Compatible;2,40;;;6
OP-RENO9-FLX-COM;OPPO;Reno9;Flex de encendido y volumen;Compatible;2,29;;;6
OP-RENO9-SIM-COM;OPPO;Reno9;Bandeja SIM;Compatible;2,65;;;6
OP-R9P-PAN-ORI;OPPO;Reno9 Pro;Pantalla;Original;74,35;72,12;69,89;12
OP-R9P-PAN-OLS;OPPO;Reno9 Pro;Pantalla;OLED Soft;43,75;42,44;41,13;6
OP-R9P-PAN-OLH;OPPO;Reno9 Pro;Pantalla;OLED Hard;39,95;38,75;37,55;6
OP-R9P-PAN-INC;OPPO;Reno9 Pro;Pantalla;Incell;20,05;19,45;18,85;6
OP-R9P-BAT-COM;OPPO;Reno9 Pro;Batería;Compatible;8,65;;;6
OP-R9P-CON-COM;OPPO;Reno9 Pro;Conector de carga;Compatible;4,20;;;6
OP-R9P-TAP-COM;OPPO;Reno9 Pro;Tapa trasera;Compatible;5,45;;;6
OP-R9P-CTR-COM;OPPO;Reno9 Pro;Cámara trasera;Compatible;7,19;;;6
OP-R9P-CFR-COM;OPPO;Reno9 Pro;Cámara frontal;Compatible;3,35;;;6
OP-R9P-LEN-COM;OPPO;Reno9 Pro;Lente de cámara;Compatible;2,89;;;6
OP-R9P-ALT-COM;OPPO;Reno9 Pro;Altavoz;Compatible;3,85;;;6
OP-R9P-AUR-COM;OPPO;Reno9 Pro;Auricular de llamada;Compatible;2,99;;;6
OP-R9P-FLX-COM;OPPO;Reno9 Pro;Flex de encendido y volumen;Compatible;2,95;;;6
OP-R9P-SIM-COM;OPPO;Reno9 Pro;Bandeja SIM;Compatible;3,05;;;6
OP-R9PPL-PAN-ORI;OPPO;Reno9 Pro+;Pantalla;Original;74,35;72,12;69,89;12
OP-R9PPL-PAN-OLS;OPPO;Reno9 Pro+;Pantalla;OLED Soft;43,75;42,44;41,13;6
OP-R9PPL-PAN-OLH;OPPO;Reno9 Pro+;Pantalla;OLED Hard;39,95;38,75;37,55;6
OP-R9PPL-PAN-INC;OPPO;Reno9 Pro+;Pantalla;Incell;20,05;19,45;18,85;6
OP-R9PPL-BAT-COM;OPPO;Reno9 Pro+;Batería;Compatible;8,65;;;6
OP-R9PPL-CON-COM;OPPO;Reno9 Pro+;Conector de carga;Compatible;4,20;;;6
OP-R9PPL-TAP-COM;OPPO;Reno9 Pro+;Tapa trasera;Compatible;5,45;;;6
OP-R9PPL-CTR-COM;OPPO;Reno9 Pro+;Cámara trasera;Compatible;7,19;;;6
OP-R9PPL-CFR-COM;OPPO;Reno9 Pro+;Cámara frontal;Compatible;3,35;;;6
OP-R9PPL-LEN-COM;OPPO;Reno9 Pro+;Lente de cámara;Compatible;2,89;;;6
OP-R9PPL-ALT-COM;OPPO;Reno9 Pro+;Altavoz;Compatible;3,85;;;6
OP-R9PPL-AUR-COM;OPPO;Reno9 Pro+;Auricular de llamada;Compatible;2,99;;;6
OP-R9PPL-FLX-COM;OPPO;Reno9 Pro+;Flex de encendido y volumen;Compatible;2,95;;;6
OP-R9PPL-SIM-COM;OPPO;Reno9 Pro+;Bandeja SIM;Compatible;3,05;;;6
OP-A17K-PAN-ORI;OPPO;A17k;Pantalla;Original;29,59;28,70;27,81;12
OP-A17K-PAN-COM;OPPO;A17k;Pantalla;Compatible;13,45;13,05;12,64;6
OP-A17K-BAT-COM;OPPO;A17k;Batería;Compatible;7,35;;;6
OP-A17K-CON-COM;OPPO;A17k;Conector de carga;Compatible;3,45;;;6
OP-A17K-TAP-COM;OPPO;A17k;Tapa trasera;Compatible;5,00;;;6
OP-A17K-CTR-COM;OPPO;A17k;Cámara trasera;Compatible;5,05;;;6
OP-A17K-CFR-COM;OPPO;A17k;Cámara frontal;Compatible;3,00;;;6
OP-A17K-LEN-COM;OPPO;A17k;Lente de cámara;Compatible;2,49;;;6
OP-A17K-ALT-COM;OPPO;A17k;Altavoz;Compatible;3,45;;;6
OP-A17K-AUR-COM;OPPO;A17k;Auricular de llamada;Compatible;2,45;;;6
OP-A17K-FLX-COM;OPPO;A17k;Flex de encendido y volumen;Compatible;2,35;;;6
OP-A17K-SIM-COM;OPPO;A17k;Bandeja SIM;Compatible;2,75;;;6
OP-A77S-PAN-ORI;OPPO;A77s;Pantalla;Original;29,59;28,70;27,81;12
OP-A77S-PAN-COM;OPPO;A77s;Pantalla;Compatible;13,45;13,05;12,64;6
OP-A77S-BAT-COM;OPPO;A77s;Batería;Compatible;7,35;;;6
OP-A77S-CON-COM;OPPO;A77s;Conector de carga;Compatible;3,45;;;6
OP-A77S-TAP-COM;OPPO;A77s;Tapa trasera;Compatible;5,00;;;6
OP-A77S-CTR-COM;OPPO;A77s;Cámara trasera;Compatible;5,05;;;6
OP-A77S-CFR-COM;OPPO;A77s;Cámara frontal;Compatible;3,00;;;6
OP-A77S-LEN-COM;OPPO;A77s;Lente de cámara;Compatible;2,49;;;6
OP-A77S-ALT-COM;OPPO;A77s;Altavoz;Compatible;3,45;;;6
OP-A77S-AUR-COM;OPPO;A77s;Auricular de llamada;Compatible;2,45;;;6
OP-A77S-FLX-COM;OPPO;A77s;Flex de encendido y volumen;Compatible;2,35;;;6
OP-A77S-SIM-COM;OPPO;A77s;Bandeja SIM;Compatible;2,75;;;6
OP-A2P-PAN-ORI;OPPO;A2 Pro;Pantalla;Original;52,95;51,36;49,77;12
OP-A2P-PAN-OLS;OPPO;A2 Pro;Pantalla;OLED Soft;34,45;33,42;32,38;6
OP-A2P-PAN-OLH;OPPO;A2 Pro;Pantalla;OLED Hard;31,50;30,56;29,61;6
OP-A2P-PAN-INC;OPPO;A2 Pro;Pantalla;Incell;15,80;15,33;14,85;6
OP-A2P-BAT-COM;OPPO;A2 Pro;Batería;Compatible;7,35;;;6
OP-A2P-CON-COM;OPPO;A2 Pro;Conector de carga;Compatible;3,45;;;6
OP-A2P-TAP-COM;OPPO;A2 Pro;Tapa trasera;Compatible;5,00;;;6
OP-A2P-CTR-COM;OPPO;A2 Pro;Cámara trasera;Compatible;5,05;;;6
OP-A2P-CFR-COM;OPPO;A2 Pro;Cámara frontal;Compatible;3,00;;;6
OP-A2P-LEN-COM;OPPO;A2 Pro;Lente de cámara;Compatible;2,49;;;6
OP-A2P-ALT-COM;OPPO;A2 Pro;Altavoz;Compatible;3,45;;;6
OP-A2P-AUR-COM;OPPO;A2 Pro;Auricular de llamada;Compatible;2,45;;;6
OP-A2P-FLX-COM;OPPO;A2 Pro;Flex de encendido y volumen;Compatible;2,35;;;6
OP-A2P-SIM-COM;OPPO;A2 Pro;Bandeja SIM;Compatible;2,75;;;6
OP-F21SP5-PAN-ORI;OPPO;F21s Pro 5G;Pantalla;Original;51,70;50,15;48,60;12
OP-F21SP5-PAN-OLS;OPPO;F21s Pro 5G;Pantalla;OLED Soft;35,80;34,73;33,65;6
OP-F21SP5-PAN-OLH;OPPO;F21s Pro 5G;Pantalla;OLED Hard;32,70;31,72;30,74;6
OP-F21SP5-PAN-INC;OPPO;F21s Pro 5G;Pantalla;Incell;16,40;15,91;15,42;6
OP-F21SP5-BAT-COM;OPPO;F21s Pro 5G;Batería;Compatible;7,40;;;6
OP-F21SP5-CON-COM;OPPO;F21s Pro 5G;Conector de carga;Compatible;3,50;;;6
OP-F21SP5-TAP-COM;OPPO;F21s Pro 5G;Tapa trasera;Compatible;5,00;;;6
OP-F21SP5-CTR-COM;OPPO;F21s Pro 5G;Cámara trasera;Compatible;5,20;;;6
OP-F21SP5-CFR-COM;OPPO;F21s Pro 5G;Cámara frontal;Compatible;3,00;;;6
OP-F21SP5-LEN-COM;OPPO;F21s Pro 5G;Lente de cámara;Compatible;2,49;;;6
OP-F21SP5-ALT-COM;OPPO;F21s Pro 5G;Altavoz;Compatible;3,39;;;6
OP-F21SP5-AUR-COM;OPPO;F21s Pro 5G;Auricular de llamada;Compatible;2,45;;;6
OP-F21SP5-FLX-COM;OPPO;F21s Pro 5G;Flex de encendido y volumen;Compatible;2,35;;;6
OP-F21SP5-SIM-COM;OPPO;F21s Pro 5G;Bandeja SIM;Compatible;2,80;;;6
OP-A57E-PAN-ORI;OPPO;A57e;Pantalla;Original;29,59;28,70;27,81;12
OP-A57E-PAN-COM;OPPO;A57e;Pantalla;Compatible;13,45;13,05;12,64;6
OP-A57E-BAT-COM;OPPO;A57e;Batería;Compatible;7,35;;;6
OP-A57E-CON-COM;OPPO;A57e;Conector de carga;Compatible;3,45;;;6
OP-A57E-TAP-COM;OPPO;A57e;Tapa trasera;Compatible;5,00;;;6
OP-A57E-CTR-COM;OPPO;A57e;Cámara trasera;Compatible;5,05;;;6
OP-A57E-CFR-COM;OPPO;A57e;Cámara frontal;Compatible;3,00;;;6
OP-A57E-LEN-COM;OPPO;A57e;Lente de cámara;Compatible;2,49;;;6
OP-A57E-ALT-COM;OPPO;A57e;Altavoz;Compatible;3,45;;;6
OP-A57E-AUR-COM;OPPO;A57e;Auricular de llamada;Compatible;2,45;;;6
OP-A57E-FLX-COM;OPPO;A57e;Flex de encendido y volumen;Compatible;2,35;;;6
OP-A57E-SIM-COM;OPPO;A57e;Bandeja SIM;Compatible;2,75;;;6
OP-A7722-PAN-ORI;OPPO;A77 2022;Pantalla;Original;29,59;28,70;27,81;12
OP-A7722-PAN-COM;OPPO;A77 2022;Pantalla;Compatible;13,45;13,05;12,64;6
OP-A7722-BAT-COM;OPPO;A77 2022;Batería;Compatible;7,35;;;6
OP-A7722-CON-COM;OPPO;A77 2022;Conector de carga;Compatible;3,45;;;6
OP-A7722-TAP-COM;OPPO;A77 2022;Tapa trasera;Compatible;5,00;;;6
OP-A7722-CTR-COM;OPPO;A77 2022;Cámara trasera;Compatible;5,05;;;6
OP-A7722-CFR-COM;OPPO;A77 2022;Cámara frontal;Compatible;3,00;;;6
OP-A7722-LEN-COM;OPPO;A77 2022;Lente de cámara;Compatible;2,49;;;6
OP-A7722-ALT-COM;OPPO;A77 2022;Altavoz;Compatible;3,45;;;6
OP-A7722-AUR-COM;OPPO;A77 2022;Auricular de llamada;Compatible;2,45;;;6
OP-A7722-FLX-COM;OPPO;A77 2022;Flex de encendido y volumen;Compatible;2,35;;;6
OP-A7722-SIM-COM;OPPO;A77 2022;Bandeja SIM;Compatible;2,75;;;6
OP-A97-PAN-ORI;OPPO;A97;Pantalla;Original;34,95;33,90;32,85;12
OP-A97-PAN-COM;OPPO;A97;Pantalla;Compatible;15,45;14,99;14,52;6
OP-A97-BAT-COM;OPPO;A97;Batería;Compatible;7,95;;;6
OP-A97-CON-COM;OPPO;A97;Conector de carga;Compatible;4,25;;;6
OP-A97-TAP-COM;OPPO;A97;Tapa trasera;Compatible;5,60;;;6
OP-A97-CTR-COM;OPPO;A97;Cámara trasera;Compatible;5,75;;;6
OP-A97-CFR-COM;OPPO;A97;Cámara frontal;Compatible;3,25;;;6
OP-A97-LEN-COM;OPPO;A97;Lente de cámara;Compatible;2,40;;;6
OP-A97-ALT-COM;OPPO;A97;Altavoz;Compatible;3,55;;;6
OP-A97-AUR-COM;OPPO;A97;Auricular de llamada;Compatible;2,40;;;6
OP-A97-FLX-COM;OPPO;A97;Flex de encendido y volumen;Compatible;2,29;;;6
OP-A97-SIM-COM;OPPO;A97;Bandeja SIM;Compatible;2,60;;;6
OP-R7A-PAN-ORI;OPPO;Reno7 A;Pantalla;Original;61,09;59,26;57,42;12
OP-R7A-PAN-OLS;OPPO;Reno7 A;Pantalla;OLED Soft;40,85;39,62;38,40;6
OP-R7A-PAN-OLH;OPPO;Reno7 A;Pantalla;OLED Hard;37,35;36,23;35,11;6
OP-R7A-PAN-INC;OPPO;Reno7 A;Pantalla;Incell;18,75;18,19;17,63;6
OP-R7A-BAT-COM;OPPO;Reno7 A;Batería;Compatible;8,00;;;6
OP-R7A-CON-COM;OPPO;Reno7 A;Conector de carga;Compatible;4,50;;;6
OP-R7A-TAP-COM;OPPO;Reno7 A;Tapa trasera;Compatible;5,39;;;6
OP-R7A-CTR-COM;OPPO;Reno7 A;Cámara trasera;Compatible;5,90;;;6
OP-R7A-CFR-COM;OPPO;Reno7 A;Cámara frontal;Compatible;3,15;;;6
OP-R7A-LEN-COM;OPPO;Reno7 A;Lente de cámara;Compatible;2,40;;;6
OP-R7A-ALT-COM;OPPO;Reno7 A;Altavoz;Compatible;3,49;;;6
OP-R7A-AUR-COM;OPPO;Reno7 A;Auricular de llamada;Compatible;2,40;;;6
OP-R7A-FLX-COM;OPPO;Reno7 A;Flex de encendido y volumen;Compatible;2,29;;;6
OP-R7A-SIM-COM;OPPO;Reno7 A;Bandeja SIM;Compatible;2,65;;;6
OP-A55S-PAN-ORI;OPPO;A55s;Pantalla;Original;29,59;28,70;27,81;12
OP-A55S-PAN-COM;OPPO;A55s;Pantalla;Compatible;13,45;13,05;12,64;6
OP-A55S-BAT-COM;OPPO;A55s;Batería;Compatible;7,35;;;6
OP-A55S-CON-COM;OPPO;A55s;Conector de carga;Compatible;3,45;;;6
OP-A55S-TAP-COM;OPPO;A55s;Tapa trasera;Compatible;5,00;;;6
OP-A55S-CTR-COM;OPPO;A55s;Cámara trasera;Compatible;5,05;;;6
OP-A55S-CFR-COM;OPPO;A55s;Cámara frontal;Compatible;3,00;;;6
OP-A55S-LEN-COM;OPPO;A55s;Lente de cámara;Compatible;2,49;;;6
OP-A55S-ALT-COM;OPPO;A55s;Altavoz;Compatible;3,45;;;6
OP-A55S-AUR-COM;OPPO;A55s;Auricular de llamada;Compatible;2,45;;;6
OP-A55S-FLX-COM;OPPO;A55s;Flex de encendido y volumen;Compatible;2,35;;;6
OP-A55S-SIM-COM;OPPO;A55s;Bandeja SIM;Compatible;2,75;;;6
OP-A575-PAN-ORI;OPPO;A57 5G;Pantalla;Original;29,59;28,70;27,81;12
OP-A575-PAN-COM;OPPO;A57 5G;Pantalla;Compatible;13,45;13,05;12,64;6
OP-A575-BAT-COM;OPPO;A57 5G;Batería;Compatible;7,35;;;6
OP-A575-CON-COM;OPPO;A57 5G;Conector de carga;Compatible;3,45;;;6
OP-A575-TAP-COM;OPPO;A57 5G;Tapa trasera;Compatible;5,00;;;6
OP-A575-CTR-COM;OPPO;A57 5G;Cámara trasera;Compatible;5,05;;;6
OP-A575-CFR-COM;OPPO;A57 5G;Cámara frontal;Compatible;3,00;;;6
OP-A575-LEN-COM;OPPO;A57 5G;Lente de cámara;Compatible;2,49;;;6
OP-A575-ALT-COM;OPPO;A57 5G;Altavoz;Compatible;3,45;;;6
OP-A575-AUR-COM;OPPO;A57 5G;Auricular de llamada;Compatible;2,45;;;6
OP-A575-FLX-COM;OPPO;A57 5G;Flex de encendido y volumen;Compatible;2,35;;;6
OP-A575-SIM-COM;OPPO;A57 5G;Bandeja SIM;Compatible;2,75;;;6
OP-A16E-PAN-ORI;OPPO;A16e;Pantalla;Original;29,59;28,70;27,81;12
OP-A16E-PAN-COM;OPPO;A16e;Pantalla;Compatible;13,45;13,05;12,64;6
OP-A16E-BAT-COM;OPPO;A16e;Batería;Compatible;7,35;;;6
OP-A16E-CON-COM;OPPO;A16e;Conector de carga;Compatible;3,45;;;6
OP-A16E-TAP-COM;OPPO;A16e;Tapa trasera;Compatible;5,00;;;6
OP-A16E-CTR-COM;OPPO;A16e;Cámara trasera;Compatible;5,05;;;6
OP-A16E-CFR-COM;OPPO;A16e;Cámara frontal;Compatible;3,00;;;6
OP-A16E-LEN-COM;OPPO;A16e;Lente de cámara;Compatible;2,49;;;6
OP-A16E-ALT-COM;OPPO;A16e;Altavoz;Compatible;3,45;;;6
OP-A16E-AUR-COM;OPPO;A16e;Auricular de llamada;Compatible;2,45;;;6
OP-A16E-FLX-COM;OPPO;A16e;Flex de encendido y volumen;Compatible;2,35;;;6
OP-A16E-SIM-COM;OPPO;A16e;Bandeja SIM;Compatible;2,75;;;6
OP-K10-PAN-COM;OPPO;K10;Pantalla;Compatible;13,95;13,53;13,11;6
OP-K10-BAT-COM;OPPO;K10;Batería;Compatible;7,40;;;6
OP-K10-CON-COM;OPPO;K10;Conector de carga;Compatible;3,50;;;6
OP-K10-TAP-COM;OPPO;K10;Tapa trasera;Compatible;5,00;;;6
OP-K10-CTR-COM;OPPO;K10;Cámara trasera;Compatible;5,20;;;6
OP-K10-CFR-COM;OPPO;K10;Cámara frontal;Compatible;3,00;;;6
OP-K10-LEN-COM;OPPO;K10;Lente de cámara;Compatible;2,49;;;6
OP-K10-ALT-COM;OPPO;K10;Altavoz;Compatible;3,39;;;6
OP-K10-AUR-COM;OPPO;K10;Auricular de llamada;Compatible;2,45;;;6
OP-K10-FLX-COM;OPPO;K10;Flex de encendido y volumen;Compatible;2,35;;;6
OP-K10-SIM-COM;OPPO;K10;Bandeja SIM;Compatible;2,80;;;6
OP-A36-PAN-ORI;OPPO;A36;Pantalla;Original;29,59;28,70;27,81;12
OP-A36-PAN-COM;OPPO;A36;Pantalla;Compatible;13,45;13,05;12,64;6
OP-A36-BAT-COM;OPPO;A36;Batería;Compatible;7,35;;;6
OP-A36-CON-COM;OPPO;A36;Conector de carga;Compatible;3,45;;;6
OP-A36-TAP-COM;OPPO;A36;Tapa trasera;Compatible;5,00;;;6
OP-A36-CTR-COM;OPPO;A36;Cámara trasera;Compatible;5,05;;;6
OP-A36-CFR-COM;OPPO;A36;Cámara frontal;Compatible;3,00;;;6
OP-A36-LEN-COM;OPPO;A36;Lente de cámara;Compatible;2,49;;;6
OP-A36-ALT-COM;OPPO;A36;Altavoz;Compatible;3,45;;;6
OP-A36-AUR-COM;OPPO;A36;Auricular de llamada;Compatible;2,45;;;6
OP-A36-FLX-COM;OPPO;A36;Flex de encendido y volumen;Compatible;2,35;;;6
OP-A36-SIM-COM;OPPO;A36;Bandeja SIM;Compatible;2,75;;;6
OP-R6L-PAN-COM;OPPO;Reno6 Lite;Pantalla;Compatible;15,95;15,47;14,99;6
OP-R6L-BAT-COM;OPPO;Reno6 Lite;Batería;Compatible;8,00;;;6
OP-R6L-CON-COM;OPPO;Reno6 Lite;Conector de carga;Compatible;4,50;;;6
OP-R6L-TAP-COM;OPPO;Reno6 Lite;Tapa trasera;Compatible;5,39;;;6
OP-R6L-CTR-COM;OPPO;Reno6 Lite;Cámara trasera;Compatible;5,90;;;6
OP-R6L-CFR-COM;OPPO;Reno6 Lite;Cámara frontal;Compatible;3,15;;;6
OP-R6L-LEN-COM;OPPO;Reno6 Lite;Lente de cámara;Compatible;2,40;;;6
OP-R6L-ALT-COM;OPPO;Reno6 Lite;Altavoz;Compatible;3,49;;;6
OP-R6L-AUR-COM;OPPO;Reno6 Lite;Auricular de llamada;Compatible;2,40;;;6
OP-R6L-FLX-COM;OPPO;Reno6 Lite;Flex de encendido y volumen;Compatible;2,29;;;6
OP-R6L-SIM-COM;OPPO;Reno6 Lite;Bandeja SIM;Compatible;2,65;;;6
OP-A11S-PAN-ORI;OPPO;A11s;Pantalla;Original;29,59;28,70;27,81;12
OP-A11S-PAN-COM;OPPO;A11s;Pantalla;Compatible;13,45;13,05;12,64;6
OP-A11S-BAT-COM;OPPO;A11s;Batería;Compatible;7,35;;;6
OP-A11S-CON-COM;OPPO;A11s;Conector de carga;Compatible;3,45;;;6
OP-A11S-TAP-COM;OPPO;A11s;Tapa trasera;Compatible;5,00;;;6
OP-A11S-CTR-COM;OPPO;A11s;Cámara trasera;Compatible;5,05;;;6
OP-A11S-CFR-COM;OPPO;A11s;Cámara frontal;Compatible;3,00;;;6
OP-A11S-LEN-COM;OPPO;A11s;Lente de cámara;Compatible;2,49;;;6
OP-A11S-ALT-COM;OPPO;A11s;Altavoz;Compatible;3,45;;;6
OP-A11S-AUR-COM;OPPO;A11s;Auricular de llamada;Compatible;2,45;;;6
OP-A11S-FLX-COM;OPPO;A11s;Flex de encendido y volumen;Compatible;2,35;;;6
OP-A11S-SIM-COM;OPPO;A11s;Bandeja SIM;Compatible;2,75;;;6
OP-FN-PAN-ORI;OPPO;Find N;Pantalla;Original;291,55;282,80;274,06;12
OP-FN-PAN-COM;OPPO;Find N;Pantalla;Compatible;145,35;140,99;136,63;6
OP-FN-BAT-COM;OPPO;Find N;Batería;Compatible;8,25;;;6
OP-FN-CON-COM;OPPO;Find N;Conector de carga;Compatible;8,35;;;6
OP-FN-TAP-COM;OPPO;Find N;Tapa trasera;Compatible;9,99;;;6
OP-FN-CTR-COM;OPPO;Find N;Cámara trasera;Compatible;13,65;13,24;12,83;6
OP-FN-CFR-COM;OPPO;Find N;Cámara frontal;Compatible;5,70;;;6
OP-FN-LEN-COM;OPPO;Find N;Lente de cámara;Compatible;4,90;;;6
OP-FN-ALT-COM;OPPO;Find N;Altavoz;Compatible;6,75;;;6
OP-FN-AUR-COM;OPPO;Find N;Auricular de llamada;Compatible;4,79;;;6
OP-FN-FLX-COM;OPPO;Find N;Flex de encendido y volumen;Compatible;4,75;;;6
OP-FN-SIM-COM;OPPO;Find N;Bandeja SIM;Compatible;4,95;;;6
OP-K9X-PAN-COM;OPPO;K9x;Pantalla;Compatible;13,95;13,53;13,11;6
OP-K9X-BAT-COM;OPPO;K9x;Batería;Compatible;7,40;;;6
OP-K9X-CON-COM;OPPO;K9x;Conector de carga;Compatible;3,50;;;6
OP-K9X-TAP-COM;OPPO;K9x;Tapa trasera;Compatible;5,00;;;6
OP-K9X-CTR-COM;OPPO;K9x;Cámara trasera;Compatible;5,20;;;6
OP-K9X-CFR-COM;OPPO;K9x;Cámara frontal;Compatible;3,00;;;6
OP-K9X-LEN-COM;OPPO;K9x;Lente de cámara;Compatible;2,49;;;6
OP-K9X-ALT-COM;OPPO;K9x;Altavoz;Compatible;3,39;;;6
OP-K9X-AUR-COM;OPPO;K9x;Auricular de llamada;Compatible;2,45;;;6
OP-K9X-FLX-COM;OPPO;K9x;Flex de encendido y volumen;Compatible;2,35;;;6
OP-K9X-SIM-COM;OPPO;K9x;Bandeja SIM;Compatible;2,80;;;6
OP-A16K-PAN-ORI;OPPO;A16k;Pantalla;Original;29,59;28,70;27,81;12
OP-A16K-PAN-COM;OPPO;A16k;Pantalla;Compatible;13,45;13,05;12,64;6
OP-A16K-BAT-COM;OPPO;A16k;Batería;Compatible;7,35;;;6
OP-A16K-CON-COM;OPPO;A16k;Conector de carga;Compatible;3,45;;;6
OP-A16K-TAP-COM;OPPO;A16k;Tapa trasera;Compatible;5,00;;;6
OP-A16K-CTR-COM;OPPO;A16k;Cámara trasera;Compatible;5,05;;;6
OP-A16K-CFR-COM;OPPO;A16k;Cámara frontal;Compatible;3,00;;;6
OP-A16K-LEN-COM;OPPO;A16k;Lente de cámara;Compatible;2,49;;;6
OP-A16K-ALT-COM;OPPO;A16k;Altavoz;Compatible;3,45;;;6
OP-A16K-AUR-COM;OPPO;A16k;Auricular de llamada;Compatible;2,45;;;6
OP-A16K-FLX-COM;OPPO;A16k;Flex de encendido y volumen;Compatible;2,35;;;6
OP-A16K-SIM-COM;OPPO;A16k;Bandeja SIM;Compatible;2,75;;;6
OP-A565-PAN-ORI;OPPO;A56 5G;Pantalla;Original;29,59;28,70;27,81;12
OP-A565-PAN-COM;OPPO;A56 5G;Pantalla;Compatible;13,45;13,05;12,64;6
OP-A565-BAT-COM;OPPO;A56 5G;Batería;Compatible;7,35;;;6
OP-A565-CON-COM;OPPO;A56 5G;Conector de carga;Compatible;3,45;;;6
OP-A565-TAP-COM;OPPO;A56 5G;Tapa trasera;Compatible;5,00;;;6
OP-A565-CTR-COM;OPPO;A56 5G;Cámara trasera;Compatible;5,05;;;6
OP-A565-CFR-COM;OPPO;A56 5G;Cámara frontal;Compatible;3,00;;;6
OP-A565-LEN-COM;OPPO;A56 5G;Lente de cámara;Compatible;2,49;;;6
OP-A565-ALT-COM;OPPO;A56 5G;Altavoz;Compatible;3,45;;;6
OP-A565-AUR-COM;OPPO;A56 5G;Auricular de llamada;Compatible;2,45;;;6
OP-A565-FLX-COM;OPPO;A56 5G;Flex de encendido y volumen;Compatible;2,35;;;6
OP-A565-SIM-COM;OPPO;A56 5G;Bandeja SIM;Compatible;2,75;;;6
OP-R7P-PAN-ORI;OPPO;Reno7 Pro;Pantalla;Original;74,35;72,12;69,89;12
OP-R7P-PAN-OLS;OPPO;Reno7 Pro;Pantalla;OLED Soft;43,75;42,44;41,13;6
OP-R7P-PAN-OLH;OPPO;Reno7 Pro;Pantalla;OLED Hard;39,95;38,75;37,55;6
OP-R7P-PAN-INC;OPPO;Reno7 Pro;Pantalla;Incell;20,05;19,45;18,85;6
OP-R7P-BAT-COM;OPPO;Reno7 Pro;Batería;Compatible;8,65;;;6
OP-R7P-CON-COM;OPPO;Reno7 Pro;Conector de carga;Compatible;4,20;;;6
OP-R7P-TAP-COM;OPPO;Reno7 Pro;Tapa trasera;Compatible;5,45;;;6
OP-R7P-CTR-COM;OPPO;Reno7 Pro;Cámara trasera;Compatible;7,19;;;6
OP-R7P-CFR-COM;OPPO;Reno7 Pro;Cámara frontal;Compatible;3,35;;;6
OP-R7P-LEN-COM;OPPO;Reno7 Pro;Lente de cámara;Compatible;2,89;;;6
OP-R7P-ALT-COM;OPPO;Reno7 Pro;Altavoz;Compatible;3,85;;;6
OP-R7P-AUR-COM;OPPO;Reno7 Pro;Auricular de llamada;Compatible;2,99;;;6
OP-R7P-FLX-COM;OPPO;Reno7 Pro;Flex de encendido y volumen;Compatible;2,95;;;6
OP-R7P-SIM-COM;OPPO;Reno7 Pro;Bandeja SIM;Compatible;3,05;;;6
OP-R7SE-PAN-ORI;OPPO;Reno7 SE;Pantalla;Original;61,09;59,26;57,42;12
OP-R7SE-PAN-OLS;OPPO;Reno7 SE;Pantalla;OLED Soft;40,85;39,62;38,40;6
OP-R7SE-PAN-OLH;OPPO;Reno7 SE;Pantalla;OLED Hard;37,35;36,23;35,11;6
OP-R7SE-PAN-INC;OPPO;Reno7 SE;Pantalla;Incell;18,75;18,19;17,63;6
OP-R7SE-BAT-COM;OPPO;Reno7 SE;Batería;Compatible;8,00;;;6
OP-R7SE-CON-COM;OPPO;Reno7 SE;Conector de carga;Compatible;4,50;;;6
OP-R7SE-TAP-COM;OPPO;Reno7 SE;Tapa trasera;Compatible;5,39;;;6
OP-R7SE-CTR-COM;OPPO;Reno7 SE;Cámara trasera;Compatible;5,90;;;6
OP-R7SE-CFR-COM;OPPO;Reno7 SE;Cámara frontal;Compatible;3,15;;;6
OP-R7SE-LEN-COM;OPPO;Reno7 SE;Lente de cámara;Compatible;2,40;;;6
OP-R7SE-ALT-COM;OPPO;Reno7 SE;Altavoz;Compatible;3,49;;;6
OP-R7SE-AUR-COM;OPPO;Reno7 SE;Auricular de llamada;Compatible;2,40;;;6
OP-R7SE-FLX-COM;OPPO;Reno7 SE;Flex de encendido y volumen;Compatible;2,29;;;6
OP-R7SE-SIM-COM;OPPO;Reno7 SE;Bandeja SIM;Compatible;2,65;;;6
OP-K9S-PAN-COM;OPPO;K9s;Pantalla;Compatible;13,95;13,53;13,11;6
OP-K9S-BAT-COM;OPPO;K9s;Batería;Compatible;7,40;;;6
OP-K9S-CON-COM;OPPO;K9s;Conector de carga;Compatible;3,50;;;6
OP-K9S-TAP-COM;OPPO;K9s;Tapa trasera;Compatible;5,00;;;6
OP-K9S-CTR-COM;OPPO;K9s;Cámara trasera;Compatible;5,20;;;6
OP-K9S-CFR-COM;OPPO;K9s;Cámara frontal;Compatible;3,00;;;6
OP-K9S-LEN-COM;OPPO;K9s;Lente de cámara;Compatible;2,49;;;6
OP-K9S-ALT-COM;OPPO;K9s;Altavoz;Compatible;3,39;;;6
OP-K9S-AUR-COM;OPPO;K9s;Auricular de llamada;Compatible;2,45;;;6
OP-K9S-FLX-COM;OPPO;K9s;Flex de encendido y volumen;Compatible;2,35;;;6
OP-K9S-SIM-COM;OPPO;K9s;Bandeja SIM;Compatible;2,80;;;6
OP-F19S-PAN-ORI;OPPO;F19s;Pantalla;Original;51,70;50,15;48,60;12
OP-F19S-PAN-OLS;OPPO;F19s;Pantalla;OLED Soft;35,80;34,73;33,65;6
OP-F19S-PAN-OLH;OPPO;F19s;Pantalla;OLED Hard;32,70;31,72;30,74;6
OP-F19S-PAN-INC;OPPO;F19s;Pantalla;Incell;16,40;15,91;15,42;6
OP-F19S-BAT-COM;OPPO;F19s;Batería;Compatible;7,40;;;6
OP-F19S-CON-COM;OPPO;F19s;Conector de carga;Compatible;3,50;;;6
OP-F19S-TAP-COM;OPPO;F19s;Tapa trasera;Compatible;5,00;;;6
OP-F19S-CTR-COM;OPPO;F19s;Cámara trasera;Compatible;5,20;;;6
OP-F19S-CFR-COM;OPPO;F19s;Cámara frontal;Compatible;3,00;;;6
OP-F19S-LEN-COM;OPPO;F19s;Lente de cámara;Compatible;2,49;;;6
OP-F19S-ALT-COM;OPPO;F19s;Altavoz;Compatible;3,39;;;6
OP-F19S-AUR-COM;OPPO;F19s;Auricular de llamada;Compatible;2,45;;;6
OP-F19S-FLX-COM;OPPO;F19s;Flex de encendido y volumen;Compatible;2,35;;;6
OP-F19S-SIM-COM;OPPO;F19s;Bandeja SIM;Compatible;2,80;;;6
OP-K9P-PAN-COM;OPPO;K9 Pro;Pantalla;Compatible;13,95;13,53;13,11;6
OP-K9P-BAT-COM;OPPO;K9 Pro;Batería;Compatible;7,40;;;6
OP-K9P-CON-COM;OPPO;K9 Pro;Conector de carga;Compatible;3,50;;;6
OP-K9P-TAP-COM;OPPO;K9 Pro;Tapa trasera;Compatible;5,00;;;6
OP-K9P-CTR-COM;OPPO;K9 Pro;Cámara trasera;Compatible;5,20;;;6
OP-K9P-CFR-COM;OPPO;K9 Pro;Cámara frontal;Compatible;3,00;;;6
OP-K9P-LEN-COM;OPPO;K9 Pro;Lente de cámara;Compatible;2,49;;;6
OP-K9P-ALT-COM;OPPO;K9 Pro;Altavoz;Compatible;3,39;;;6
OP-K9P-AUR-COM;OPPO;K9 Pro;Auricular de llamada;Compatible;2,45;;;6
OP-K9P-FLX-COM;OPPO;K9 Pro;Flex de encendido y volumen;Compatible;2,35;;;6
OP-K9P-SIM-COM;OPPO;K9 Pro;Bandeja SIM;Compatible;2,80;;;6
OP-R6Z-PAN-ORI;OPPO;Reno6 Z;Pantalla;Original;61,09;59,26;57,42;12
OP-R6Z-PAN-OLS;OPPO;Reno6 Z;Pantalla;OLED Soft;40,85;39,62;38,40;6
OP-R6Z-PAN-OLH;OPPO;Reno6 Z;Pantalla;OLED Hard;37,35;36,23;35,11;6
OP-R6Z-PAN-INC;OPPO;Reno6 Z;Pantalla;Incell;18,75;18,19;17,63;6
OP-R6Z-BAT-COM;OPPO;Reno6 Z;Batería;Compatible;8,00;;;6
OP-R6Z-CON-COM;OPPO;Reno6 Z;Conector de carga;Compatible;4,50;;;6
OP-R6Z-TAP-COM;OPPO;Reno6 Z;Tapa trasera;Compatible;5,39;;;6
OP-R6Z-CTR-COM;OPPO;Reno6 Z;Cámara trasera;Compatible;5,90;;;6
OP-R6Z-CFR-COM;OPPO;Reno6 Z;Cámara frontal;Compatible;3,15;;;6
OP-R6Z-LEN-COM;OPPO;Reno6 Z;Lente de cámara;Compatible;2,40;;;6
OP-R6Z-ALT-COM;OPPO;Reno6 Z;Altavoz;Compatible;3,49;;;6
OP-R6Z-AUR-COM;OPPO;Reno6 Z;Auricular de llamada;Compatible;2,40;;;6
OP-R6Z-FLX-COM;OPPO;Reno6 Z;Flex de encendido y volumen;Compatible;2,29;;;6
OP-R6Z-SIM-COM;OPPO;Reno6 Z;Bandeja SIM;Compatible;2,65;;;6
OP-A93S5-PAN-ORI;OPPO;A93s 5G;Pantalla;Original;34,95;33,90;32,85;12
OP-A93S5-PAN-COM;OPPO;A93s 5G;Pantalla;Compatible;15,45;14,99;14,52;6
OP-A93S5-BAT-COM;OPPO;A93s 5G;Batería;Compatible;7,95;;;6
OP-A93S5-CON-COM;OPPO;A93s 5G;Conector de carga;Compatible;4,25;;;6
OP-A93S5-TAP-COM;OPPO;A93s 5G;Tapa trasera;Compatible;5,60;;;6
OP-A93S5-CTR-COM;OPPO;A93s 5G;Cámara trasera;Compatible;5,75;;;6
OP-A93S5-CFR-COM;OPPO;A93s 5G;Cámara frontal;Compatible;3,25;;;6
OP-A93S5-LEN-COM;OPPO;A93s 5G;Lente de cámara;Compatible;2,40;;;6
OP-A93S5-ALT-COM;OPPO;A93s 5G;Altavoz;Compatible;3,55;;;6
OP-A93S5-AUR-COM;OPPO;A93s 5G;Auricular de llamada;Compatible;2,40;;;6
OP-A93S5-FLX-COM;OPPO;A93s 5G;Flex de encendido y volumen;Compatible;2,29;;;6
OP-A93S5-SIM-COM;OPPO;A93s 5G;Bandeja SIM;Compatible;2,60;;;6
OP-R6PPL5-PAN-ORI;OPPO;Reno6 Pro+ 5G;Pantalla;Original;74,35;72,12;69,89;12
OP-R6PPL5-PAN-OLS;OPPO;Reno6 Pro+ 5G;Pantalla;OLED Soft;43,75;42,44;41,13;6
OP-R6PPL5-PAN-OLH;OPPO;Reno6 Pro+ 5G;Pantalla;OLED Hard;39,95;38,75;37,55;6
OP-R6PPL5-PAN-INC;OPPO;Reno6 Pro+ 5G;Pantalla;Incell;20,05;19,45;18,85;6
OP-R6PPL5-BAT-COM;OPPO;Reno6 Pro+ 5G;Batería;Compatible;8,65;;;6
OP-R6PPL5-CON-COM;OPPO;Reno6 Pro+ 5G;Conector de carga;Compatible;4,20;;;6
OP-R6PPL5-TAP-COM;OPPO;Reno6 Pro+ 5G;Tapa trasera;Compatible;5,45;;;6
OP-R6PPL5-CTR-COM;OPPO;Reno6 Pro+ 5G;Cámara trasera;Compatible;7,19;;;6
OP-R6PPL5-CFR-COM;OPPO;Reno6 Pro+ 5G;Cámara frontal;Compatible;3,35;;;6
OP-R6PPL5-LEN-COM;OPPO;Reno6 Pro+ 5G;Lente de cámara;Compatible;2,89;;;6
OP-R6PPL5-ALT-COM;OPPO;Reno6 Pro+ 5G;Altavoz;Compatible;3,85;;;6
OP-R6PPL5-AUR-COM;OPPO;Reno6 Pro+ 5G;Auricular de llamada;Compatible;2,99;;;6
OP-R6PPL5-FLX-COM;OPPO;Reno6 Pro+ 5G;Flex de encendido y volumen;Compatible;2,95;;;6
OP-R6PPL5-SIM-COM;OPPO;Reno6 Pro+ 5G;Bandeja SIM;Compatible;3,05;;;6
OP-A53S5-PAN-ORI;OPPO;A53s 5G;Pantalla;Original;29,59;28,70;27,81;12
OP-A53S5-PAN-COM;OPPO;A53s 5G;Pantalla;Compatible;13,45;13,05;12,64;6
OP-A53S5-BAT-COM;OPPO;A53s 5G;Batería;Compatible;7,35;;;6
OP-A53S5-CON-COM;OPPO;A53s 5G;Conector de carga;Compatible;3,45;;;6
OP-A53S5-TAP-COM;OPPO;A53s 5G;Tapa trasera;Compatible;5,00;;;6
OP-A53S5-CTR-COM;OPPO;A53s 5G;Cámara trasera;Compatible;5,05;;;6
OP-A53S5-CFR-COM;OPPO;A53s 5G;Cámara frontal;Compatible;3,00;;;6
OP-A53S5-LEN-COM;OPPO;A53s 5G;Lente de cámara;Compatible;2,49;;;6
OP-A53S5-ALT-COM;OPPO;A53s 5G;Altavoz;Compatible;3,45;;;6
OP-A53S5-AUR-COM;OPPO;A53s 5G;Auricular de llamada;Compatible;2,45;;;6
OP-A53S5-FLX-COM;OPPO;A53s 5G;Flex de encendido y volumen;Compatible;2,35;;;6
OP-A53S5-SIM-COM;OPPO;A53s 5G;Bandeja SIM;Compatible;2,75;;;6
OP-A955-PAN-ORI;OPPO;A95 5G;Pantalla;Original;62,59;60,71;58,83;12
OP-A955-PAN-OLS;OPPO;A95 5G;Pantalla;OLED Soft;39,65;38,46;37,27;6
OP-A955-PAN-OLH;OPPO;A95 5G;Pantalla;OLED Hard;36,25;35,16;34,07;6
OP-A955-PAN-INC;OPPO;A95 5G;Pantalla;Incell;18,19;17,64;17,10;6
OP-A955-BAT-COM;OPPO;A95 5G;Batería;Compatible;7,95;;;6
OP-A955-CON-COM;OPPO;A95 5G;Conector de carga;Compatible;4,25;;;6
OP-A955-TAP-COM;OPPO;A95 5G;Tapa trasera;Compatible;5,60;;;6
OP-A955-CTR-COM;OPPO;A95 5G;Cámara trasera;Compatible;5,75;;;6
OP-A955-CFR-COM;OPPO;A95 5G;Cámara frontal;Compatible;3,25;;;6
OP-A955-LEN-COM;OPPO;A95 5G;Lente de cámara;Compatible;2,40;;;6
OP-A955-ALT-COM;OPPO;A95 5G;Altavoz;Compatible;3,55;;;6
OP-A955-AUR-COM;OPPO;A95 5G;Auricular de llamada;Compatible;2,40;;;6
OP-A955-FLX-COM;OPPO;A95 5G;Flex de encendido y volumen;Compatible;2,29;;;6
OP-A955-SIM-COM;OPPO;A95 5G;Bandeja SIM;Compatible;2,60;;;6
OP-K9-PAN-COM;OPPO;K9;Pantalla;Compatible;13,95;13,53;13,11;6
OP-K9-BAT-COM;OPPO;K9;Batería;Compatible;7,40;;;6
OP-K9-CON-COM;OPPO;K9;Conector de carga;Compatible;3,50;;;6
OP-K9-TAP-COM;OPPO;K9;Tapa trasera;Compatible;5,00;;;6
OP-K9-CTR-COM;OPPO;K9;Cámara trasera;Compatible;5,20;;;6
OP-K9-CFR-COM;OPPO;K9;Cámara frontal;Compatible;3,00;;;6
OP-K9-LEN-COM;OPPO;K9;Lente de cámara;Compatible;2,49;;;6
OP-K9-ALT-COM;OPPO;K9;Altavoz;Compatible;3,39;;;6
OP-K9-AUR-COM;OPPO;K9;Auricular de llamada;Compatible;2,45;;;6
OP-K9-FLX-COM;OPPO;K9;Flex de encendido y volumen;Compatible;2,35;;;6
OP-K9-SIM-COM;OPPO;K9;Bandeja SIM;Compatible;2,80;;;6
OP-R5A-PAN-ORI;OPPO;Reno5 A;Pantalla;Original;34,15;33,13;32,10;12
OP-R5A-PAN-COM;OPPO;Reno5 A;Pantalla;Compatible;15,95;15,47;14,99;6
OP-R5A-BAT-COM;OPPO;Reno5 A;Batería;Compatible;8,00;;;6
OP-R5A-CON-COM;OPPO;Reno5 A;Conector de carga;Compatible;4,50;;;6
OP-R5A-TAP-COM;OPPO;Reno5 A;Tapa trasera;Compatible;5,39;;;6
OP-R5A-CTR-COM;OPPO;Reno5 A;Cámara trasera;Compatible;5,90;;;6
OP-R5A-CFR-COM;OPPO;Reno5 A;Cámara frontal;Compatible;3,15;;;6
OP-R5A-LEN-COM;OPPO;Reno5 A;Lente de cámara;Compatible;2,40;;;6
OP-R5A-ALT-COM;OPPO;Reno5 A;Altavoz;Compatible;3,49;;;6
OP-R5A-AUR-COM;OPPO;Reno5 A;Auricular de llamada;Compatible;2,40;;;6
OP-R5A-FLX-COM;OPPO;Reno5 A;Flex de encendido y volumen;Compatible;2,29;;;6
OP-R5A-SIM-COM;OPPO;Reno5 A;Bandeja SIM;Compatible;2,65;;;6
OP-A35-PAN-ORI;OPPO;A35;Pantalla;Original;29,59;28,70;27,81;12
OP-A35-PAN-COM;OPPO;A35;Pantalla;Compatible;13,45;13,05;12,64;6
OP-A35-BAT-COM;OPPO;A35;Batería;Compatible;7,35;;;6
OP-A35-CON-COM;OPPO;A35;Conector de carga;Compatible;3,45;;;6
OP-A35-TAP-COM;OPPO;A35;Tapa trasera;Compatible;5,00;;;6
OP-A35-CTR-COM;OPPO;A35;Cámara trasera;Compatible;5,05;;;6
OP-A35-CFR-COM;OPPO;A35;Cámara frontal;Compatible;3,00;;;6
OP-A35-LEN-COM;OPPO;A35;Lente de cámara;Compatible;2,49;;;6
OP-A35-ALT-COM;OPPO;A35;Altavoz;Compatible;3,45;;;6
OP-A35-AUR-COM;OPPO;A35;Auricular de llamada;Compatible;2,45;;;6
OP-A35-FLX-COM;OPPO;A35;Flex de encendido y volumen;Compatible;2,35;;;6
OP-A35-SIM-COM;OPPO;A35;Bandeja SIM;Compatible;2,75;;;6
OP-F19-PAN-COM;OPPO;F19;Pantalla;Compatible;13,95;13,53;13,11;6
OP-F19-BAT-COM;OPPO;F19;Batería;Compatible;7,40;;;6
OP-F19-CON-COM;OPPO;F19;Conector de carga;Compatible;3,50;;;6
OP-F19-TAP-COM;OPPO;F19;Tapa trasera;Compatible;5,00;;;6
OP-F19-CTR-COM;OPPO;F19;Cámara trasera;Compatible;5,20;;;6
OP-F19-CFR-COM;OPPO;F19;Cámara frontal;Compatible;3,00;;;6
OP-F19-LEN-COM;OPPO;F19;Lente de cámara;Compatible;2,49;;;6
OP-F19-ALT-COM;OPPO;F19;Altavoz;Compatible;3,39;;;6
OP-F19-AUR-COM;OPPO;F19;Auricular de llamada;Compatible;2,45;;;6
OP-F19-FLX-COM;OPPO;F19;Flex de encendido y volumen;Compatible;2,35;;;6
OP-F19-SIM-COM;OPPO;F19;Bandeja SIM;Compatible;2,80;;;6
OP-A552-PAN-ORI;OPPO;A55;Pantalla;Original;29,59;28,70;27,81;12
OP-A552-PAN-COM;OPPO;A55;Pantalla;Compatible;13,45;13,05;12,64;6
OP-A552-BAT-COM;OPPO;A55;Batería;Compatible;7,35;;;6
OP-A552-CON-COM;OPPO;A55;Conector de carga;Compatible;3,45;;;6
OP-A552-TAP-COM;OPPO;A55;Tapa trasera;Compatible;5,00;;;6
OP-A552-CTR-COM;OPPO;A55;Cámara trasera;Compatible;5,05;;;6
OP-A552-CFR-COM;OPPO;A55;Cámara frontal;Compatible;3,00;;;6
OP-A552-LEN-COM;OPPO;A55;Lente de cámara;Compatible;2,49;;;6
OP-A552-ALT-COM;OPPO;A55;Altavoz;Compatible;3,45;;;6
OP-A552-AUR-COM;OPPO;A55;Auricular de llamada;Compatible;2,45;;;6
OP-A552-FLX-COM;OPPO;A55;Flex de encendido y volumen;Compatible;2,35;;;6
OP-A552-SIM-COM;OPPO;A55;Bandeja SIM;Compatible;2,75;;;6
OP-F19P-PAN-COM;OPPO;F19 Pro;Pantalla;Compatible;13,95;13,53;13,11;6
OP-F19P-BAT-COM;OPPO;F19 Pro;Batería;Compatible;7,40;;;6
OP-F19P-CON-COM;OPPO;F19 Pro;Conector de carga;Compatible;3,50;;;6
OP-F19P-TAP-COM;OPPO;F19 Pro;Tapa trasera;Compatible;5,00;;;6
OP-F19P-CTR-COM;OPPO;F19 Pro;Cámara trasera;Compatible;5,20;;;6
OP-F19P-CFR-COM;OPPO;F19 Pro;Cámara frontal;Compatible;3,00;;;6
OP-F19P-LEN-COM;OPPO;F19 Pro;Lente de cámara;Compatible;2,49;;;6
OP-F19P-ALT-COM;OPPO;F19 Pro;Altavoz;Compatible;3,39;;;6
OP-F19P-AUR-COM;OPPO;F19 Pro;Auricular de llamada;Compatible;2,45;;;6
OP-F19P-FLX-COM;OPPO;F19 Pro;Flex de encendido y volumen;Compatible;2,35;;;6
OP-F19P-SIM-COM;OPPO;F19 Pro;Bandeja SIM;Compatible;2,80;;;6
OP-F19PPL5-PAN-ORI;OPPO;F19 Pro+ 5G;Pantalla;Original;51,70;50,15;48,60;12
OP-F19PPL5-PAN-OLS;OPPO;F19 Pro+ 5G;Pantalla;OLED Soft;35,80;34,73;33,65;6
OP-F19PPL5-PAN-OLH;OPPO;F19 Pro+ 5G;Pantalla;OLED Hard;32,70;31,72;30,74;6
OP-F19PPL5-PAN-INC;OPPO;F19 Pro+ 5G;Pantalla;Incell;16,40;15,91;15,42;6
OP-F19PPL5-BAT-COM;OPPO;F19 Pro+ 5G;Batería;Compatible;7,40;;;6
OP-F19PPL5-CON-COM;OPPO;F19 Pro+ 5G;Conector de carga;Compatible;3,50;;;6
OP-F19PPL5-TAP-COM;OPPO;F19 Pro+ 5G;Tapa trasera;Compatible;5,00;;;6
OP-F19PPL5-CTR-COM;OPPO;F19 Pro+ 5G;Cámara trasera;Compatible;5,20;;;6
OP-F19PPL5-CFR-COM;OPPO;F19 Pro+ 5G;Cámara frontal;Compatible;3,00;;;6
OP-F19PPL5-LEN-COM;OPPO;F19 Pro+ 5G;Lente de cámara;Compatible;2,49;;;6
OP-F19PPL5-ALT-COM;OPPO;F19 Pro+ 5G;Altavoz;Compatible;3,39;;;6
OP-F19PPL5-AUR-COM;OPPO;F19 Pro+ 5G;Auricular de llamada;Compatible;2,45;;;6
OP-F19PPL5-FLX-COM;OPPO;F19 Pro+ 5G;Flex de encendido y volumen;Compatible;2,35;;;6
OP-F19PPL5-SIM-COM;OPPO;F19 Pro+ 5G;Bandeja SIM;Compatible;2,80;;;6
OP-FX3-PAN-ORI;OPPO;Find X3;Pantalla;Original;106,40;103,21;100,02;12
OP-FX3-PAN-OLS;OPPO;Find X3;Pantalla;OLED Soft;56,95;55,24;53,53;6
OP-FX3-PAN-OLH;OPPO;Find X3;Pantalla;OLED Hard;52,05;50,49;48,93;6
OP-FX3-PAN-INC;OPPO;Find X3;Pantalla;Incell;26,10;25,32;24,53;6
OP-FX3-BAT-COM;OPPO;Find X3;Batería;Compatible;8,25;;;6
OP-FX3-CON-COM;OPPO;Find X3;Conector de carga;Compatible;5,45;;;6
OP-FX3-TAP-COM;OPPO;Find X3;Tapa trasera;Compatible;6,99;;;6
OP-FX3-CTR-COM;OPPO;Find X3;Cámara trasera;Compatible;8,99;;;6
OP-FX3-CFR-COM;OPPO;Find X3;Cámara frontal;Compatible;4,29;;;6
OP-FX3-LEN-COM;OPPO;Find X3;Lente de cámara;Compatible;3,35;;;6
OP-FX3-ALT-COM;OPPO;Find X3;Altavoz;Compatible;4,35;;;6
OP-FX3-AUR-COM;OPPO;Find X3;Auricular de llamada;Compatible;3,25;;;6
OP-FX3-FLX-COM;OPPO;Find X3;Flex de encendido y volumen;Compatible;3,25;;;6
OP-FX3-SIM-COM;OPPO;Find X3;Bandeja SIM;Compatible;3,30;;;6
OP-FX3NEOL-PAN-COM;OPPO;Find X3 Neo Lite;Pantalla;Compatible;16,89;16,38;15,88;6
OP-FX3NEOL-BAT-COM;OPPO;Find X3 Neo Lite;Batería;Compatible;8,65;;;6
OP-FX3NEOL-CON-COM;OPPO;Find X3 Neo Lite;Conector de carga;Compatible;4,05;;;6
OP-FX3NEOL-TAP-COM;OPPO;Find X3 Neo Lite;Tapa trasera;Compatible;5,69;;;6
OP-FX3NEOL-CTR-COM;OPPO;Find X3 Neo Lite;Cámara trasera;Compatible;7,19;;;6
OP-FX3NEOL-CFR-COM;OPPO;Find X3 Neo Lite;Cámara frontal;Compatible;3,40;;;6
OP-FX3NEOL-LEN-COM;OPPO;Find X3 Neo Lite;Lente de cámara;Compatible;2,89;;;6
OP-FX3NEOL-ALT-COM;OPPO;Find X3 Neo Lite;Altavoz;Compatible;3,80;;;6
OP-FX3NEOL-AUR-COM;OPPO;Find X3 Neo Lite;Auricular de llamada;Compatible;2,99;;;6
OP-FX3NEOL-FLX-COM;OPPO;Find X3 Neo Lite;Flex de encendido y volumen;Compatible;2,95;;;6
OP-FX3NEOL-SIM-COM;OPPO;Find X3 Neo Lite;Bandeja SIM;Compatible;3,05;;;6
OP-R5K-PAN-ORI;OPPO;Reno5 K;Pantalla;Original;61,09;59,26;57,42;12
OP-R5K-PAN-OLS;OPPO;Reno5 K;Pantalla;OLED Soft;40,85;39,62;38,40;6
OP-R5K-PAN-OLH;OPPO;Reno5 K;Pantalla;OLED Hard;37,35;36,23;35,11;6
OP-R5K-PAN-INC;OPPO;Reno5 K;Pantalla;Incell;18,75;18,19;17,63;6
OP-R5K-BAT-COM;OPPO;Reno5 K;Batería;Compatible;8,00;;;6
OP-R5K-CON-COM;OPPO;Reno5 K;Conector de carga;Compatible;4,50;;;6
OP-R5K-TAP-COM;OPPO;Reno5 K;Tapa trasera;Compatible;5,39;;;6
OP-R5K-CTR-COM;OPPO;Reno5 K;Cámara trasera;Compatible;5,90;;;6
OP-R5K-CFR-COM;OPPO;Reno5 K;Cámara frontal;Compatible;3,15;;;6
OP-R5K-LEN-COM;OPPO;Reno5 K;Lente de cámara;Compatible;2,40;;;6
OP-R5K-ALT-COM;OPPO;Reno5 K;Altavoz;Compatible;3,49;;;6
OP-R5K-AUR-COM;OPPO;Reno5 K;Auricular de llamada;Compatible;2,40;;;6
OP-R5K-FLX-COM;OPPO;Reno5 K;Flex de encendido y volumen;Compatible;2,29;;;6
OP-R5K-SIM-COM;OPPO;Reno5 K;Bandeja SIM;Compatible;2,65;;;6
OP-A555-PAN-ORI;OPPO;A55 5G;Pantalla;Original;29,59;28,70;27,81;12
OP-A555-PAN-COM;OPPO;A55 5G;Pantalla;Compatible;13,45;13,05;12,64;6
OP-A555-BAT-COM;OPPO;A55 5G;Batería;Compatible;7,35;;;6
OP-A555-CON-COM;OPPO;A55 5G;Conector de carga;Compatible;3,45;;;6
OP-A555-TAP-COM;OPPO;A55 5G;Tapa trasera;Compatible;5,00;;;6
OP-A555-CTR-COM;OPPO;A55 5G;Cámara trasera;Compatible;5,05;;;6
OP-A555-CFR-COM;OPPO;A55 5G;Cámara frontal;Compatible;3,00;;;6
OP-A555-LEN-COM;OPPO;A55 5G;Lente de cámara;Compatible;2,49;;;6
OP-A555-ALT-COM;OPPO;A55 5G;Altavoz;Compatible;3,45;;;6
OP-A555-AUR-COM;OPPO;A55 5G;Auricular de llamada;Compatible;2,45;;;6
OP-A555-FLX-COM;OPPO;A55 5G;Flex de encendido y volumen;Compatible;2,35;;;6
OP-A555-SIM-COM;OPPO;A55 5G;Bandeja SIM;Compatible;2,75;;;6
OP-A935-PAN-ORI;OPPO;A93 5G;Pantalla;Original;34,95;33,90;32,85;12
OP-A935-PAN-COM;OPPO;A93 5G;Pantalla;Compatible;15,45;14,99;14,52;6
OP-A935-BAT-COM;OPPO;A93 5G;Batería;Compatible;7,95;;;6
OP-A935-CON-COM;OPPO;A93 5G;Conector de carga;Compatible;4,25;;;6
OP-A935-TAP-COM;OPPO;A93 5G;Tapa trasera;Compatible;5,60;;;6
OP-A935-CTR-COM;OPPO;A93 5G;Cámara trasera;Compatible;5,75;;;6
OP-A935-CFR-COM;OPPO;A93 5G;Cámara frontal;Compatible;3,25;;;6
OP-A935-LEN-COM;OPPO;A93 5G;Lente de cámara;Compatible;2,40;;;6
OP-A935-ALT-COM;OPPO;A93 5G;Altavoz;Compatible;3,55;;;6
OP-A935-AUR-COM;OPPO;A93 5G;Auricular de llamada;Compatible;2,40;;;6
OP-A935-FLX-COM;OPPO;A93 5G;Flex de encendido y volumen;Compatible;2,29;;;6
OP-A935-SIM-COM;OPPO;A93 5G;Bandeja SIM;Compatible;2,60;;;6
OP-R54-PAN-ORI;OPPO;Reno5 4G;Pantalla;Original;61,09;59,26;57,42;12
OP-R54-PAN-OLS;OPPO;Reno5 4G;Pantalla;OLED Soft;40,85;39,62;38,40;6
OP-R54-PAN-OLH;OPPO;Reno5 4G;Pantalla;OLED Hard;37,35;36,23;35,11;6
OP-R54-PAN-INC;OPPO;Reno5 4G;Pantalla;Incell;18,75;18,19;17,63;6
OP-R54-BAT-COM;OPPO;Reno5 4G;Batería;Compatible;8,00;;;6
OP-R54-CON-COM;OPPO;Reno5 4G;Conector de carga;Compatible;4,50;;;6
OP-R54-TAP-COM;OPPO;Reno5 4G;Tapa trasera;Compatible;5,39;;;6
OP-R54-CTR-COM;OPPO;Reno5 4G;Cámara trasera;Compatible;5,90;;;6
OP-R54-CFR-COM;OPPO;Reno5 4G;Cámara frontal;Compatible;3,15;;;6
OP-R54-LEN-COM;OPPO;Reno5 4G;Lente de cámara;Compatible;2,40;;;6
OP-R54-ALT-COM;OPPO;Reno5 4G;Altavoz;Compatible;3,49;;;6
OP-R54-AUR-COM;OPPO;Reno5 4G;Auricular de llamada;Compatible;2,40;;;6
OP-R54-FLX-COM;OPPO;Reno5 4G;Flex de encendido y volumen;Compatible;2,29;;;6
OP-R54-SIM-COM;OPPO;Reno5 4G;Bandeja SIM;Compatible;2,65;;;6
OP-R5P5-PAN-ORI;OPPO;Reno5 Pro 5G;Pantalla;Original;74,35;72,12;69,89;12
OP-R5P5-PAN-OLS;OPPO;Reno5 Pro 5G;Pantalla;OLED Soft;43,75;42,44;41,13;6
OP-R5P5-PAN-OLH;OPPO;Reno5 Pro 5G;Pantalla;OLED Hard;39,95;38,75;37,55;6
OP-R5P5-PAN-INC;OPPO;Reno5 Pro 5G;Pantalla;Incell;20,05;19,45;18,85;6
OP-R5P5-BAT-COM;OPPO;Reno5 Pro 5G;Batería;Compatible;8,65;;;6
OP-R5P5-CON-COM;OPPO;Reno5 Pro 5G;Conector de carga;Compatible;4,20;;;6
OP-R5P5-TAP-COM;OPPO;Reno5 Pro 5G;Tapa trasera;Compatible;5,45;;;6
OP-R5P5-CTR-COM;OPPO;Reno5 Pro 5G;Cámara trasera;Compatible;7,19;;;6
OP-R5P5-CFR-COM;OPPO;Reno5 Pro 5G;Cámara frontal;Compatible;3,35;;;6
OP-R5P5-LEN-COM;OPPO;Reno5 Pro 5G;Lente de cámara;Compatible;2,89;;;6
OP-R5P5-ALT-COM;OPPO;Reno5 Pro 5G;Altavoz;Compatible;3,85;;;6
OP-R5P5-AUR-COM;OPPO;Reno5 Pro 5G;Auricular de llamada;Compatible;2,99;;;6
OP-R5P5-FLX-COM;OPPO;Reno5 Pro 5G;Flex de encendido y volumen;Compatible;2,95;;;6
OP-R5P5-SIM-COM;OPPO;Reno5 Pro 5G;Bandeja SIM;Compatible;3,05;;;6
OP-A535-PAN-ORI;OPPO;A53 5G;Pantalla;Original;29,59;28,70;27,81;12
OP-A535-PAN-COM;OPPO;A53 5G;Pantalla;Compatible;13,45;13,05;12,64;6
OP-A535-BAT-COM;OPPO;A53 5G;Batería;Compatible;7,35;;;6
OP-A535-CON-COM;OPPO;A53 5G;Conector de carga;Compatible;3,45;;;6
OP-A535-TAP-COM;OPPO;A53 5G;Tapa trasera;Compatible;5,00;;;6
OP-A535-CTR-COM;OPPO;A53 5G;Cámara trasera;Compatible;5,05;;;6
OP-A535-CFR-COM;OPPO;A53 5G;Cámara frontal;Compatible;3,00;;;6
OP-A535-LEN-COM;OPPO;A53 5G;Lente de cámara;Compatible;2,49;;;6
OP-A535-ALT-COM;OPPO;A53 5G;Altavoz;Compatible;3,45;;;6
OP-A535-AUR-COM;OPPO;A53 5G;Auricular de llamada;Compatible;2,45;;;6
OP-A535-FLX-COM;OPPO;A53 5G;Flex de encendido y volumen;Compatible;2,35;;;6
OP-A535-SIM-COM;OPPO;A53 5G;Bandeja SIM;Compatible;2,75;;;6
OP-A7320-PAN-ORI;OPPO;A73 2020;Pantalla;Original;52,95;51,36;49,77;12
OP-A7320-PAN-OLS;OPPO;A73 2020;Pantalla;OLED Soft;34,45;33,42;32,38;6
OP-A7320-PAN-OLH;OPPO;A73 2020;Pantalla;OLED Hard;31,50;30,56;29,61;6
OP-A7320-PAN-INC;OPPO;A73 2020;Pantalla;Incell;15,80;15,33;14,85;6
OP-A7320-BAT-COM;OPPO;A73 2020;Batería;Compatible;7,35;;;6
OP-A7320-CON-COM;OPPO;A73 2020;Conector de carga;Compatible;3,45;;;6
OP-A7320-TAP-COM;OPPO;A73 2020;Tapa trasera;Compatible;5,00;;;6
OP-A7320-CTR-COM;OPPO;A73 2020;Cámara trasera;Compatible;5,05;;;6
OP-A7320-CFR-COM;OPPO;A73 2020;Cámara frontal;Compatible;3,00;;;6
OP-A7320-LEN-COM;OPPO;A73 2020;Lente de cámara;Compatible;2,49;;;6
OP-A7320-ALT-COM;OPPO;A73 2020;Altavoz;Compatible;3,45;;;6
OP-A7320-AUR-COM;OPPO;A73 2020;Auricular de llamada;Compatible;2,45;;;6
OP-A7320-FLX-COM;OPPO;A73 2020;Flex de encendido y volumen;Compatible;2,35;;;6
OP-A7320-SIM-COM;OPPO;A73 2020;Bandeja SIM;Compatible;2,75;;;6
OP-A93-PAN-ORI;OPPO;A93;Pantalla;Original;62,59;60,71;58,83;12
OP-A93-PAN-OLS;OPPO;A93;Pantalla;OLED Soft;39,65;38,46;37,27;6
OP-A93-PAN-OLH;OPPO;A93;Pantalla;OLED Hard;36,25;35,16;34,07;6
OP-A93-PAN-INC;OPPO;A93;Pantalla;Incell;18,19;17,64;17,10;6
OP-A93-BAT-COM;OPPO;A93;Batería;Compatible;7,95;;;6
OP-A93-CON-COM;OPPO;A93;Conector de carga;Compatible;4,25;;;6
OP-A93-TAP-COM;OPPO;A93;Tapa trasera;Compatible;5,60;;;6
OP-A93-CTR-COM;OPPO;A93;Cámara trasera;Compatible;5,75;;;6
OP-A93-CFR-COM;OPPO;A93;Cámara frontal;Compatible;3,25;;;6
OP-A93-LEN-COM;OPPO;A93;Lente de cámara;Compatible;2,40;;;6
OP-A93-ALT-COM;OPPO;A93;Altavoz;Compatible;3,55;;;6
OP-A93-AUR-COM;OPPO;A93;Auricular de llamada;Compatible;2,40;;;6
OP-A93-FLX-COM;OPPO;A93;Flex de encendido y volumen;Compatible;2,29;;;6
OP-A93-SIM-COM;OPPO;A93;Bandeja SIM;Compatible;2,60;;;6
OP-R4F-PAN-ORI;OPPO;Reno4 F;Pantalla;Original;61,09;59,26;57,42;12
OP-R4F-PAN-OLS;OPPO;Reno4 F;Pantalla;OLED Soft;40,85;39,62;38,40;6
OP-R4F-PAN-OLH;OPPO;Reno4 F;Pantalla;OLED Hard;37,35;36,23;35,11;6
OP-R4F-PAN-INC;OPPO;Reno4 F;Pantalla;Incell;18,75;18,19;17,63;6
OP-R4F-BAT-COM;OPPO;Reno4 F;Batería;Compatible;8,00;;;6
OP-R4F-CON-COM;OPPO;Reno4 F;Conector de carga;Compatible;4,50;;;6
OP-R4F-TAP-COM;OPPO;Reno4 F;Tapa trasera;Compatible;5,39;;;6
OP-R4F-CTR-COM;OPPO;Reno4 F;Cámara trasera;Compatible;5,90;;;6
OP-R4F-CFR-COM;OPPO;Reno4 F;Cámara frontal;Compatible;3,15;;;6
OP-R4F-LEN-COM;OPPO;Reno4 F;Lente de cámara;Compatible;2,40;;;6
OP-R4F-ALT-COM;OPPO;Reno4 F;Altavoz;Compatible;3,49;;;6
OP-R4F-AUR-COM;OPPO;Reno4 F;Auricular de llamada;Compatible;2,40;;;6
OP-R4F-FLX-COM;OPPO;Reno4 F;Flex de encendido y volumen;Compatible;2,29;;;6
OP-R4F-SIM-COM;OPPO;Reno4 F;Bandeja SIM;Compatible;2,65;;;6
OP-A3320-PAN-ORI;OPPO;A33 2020;Pantalla;Original;29,59;28,70;27,81;12
OP-A3320-PAN-COM;OPPO;A33 2020;Pantalla;Compatible;13,45;13,05;12,64;6
OP-A3320-BAT-COM;OPPO;A33 2020;Batería;Compatible;7,35;;;6
OP-A3320-CON-COM;OPPO;A33 2020;Conector de carga;Compatible;3,45;;;6
OP-A3320-TAP-COM;OPPO;A33 2020;Tapa trasera;Compatible;5,00;;;6
OP-A3320-CTR-COM;OPPO;A33 2020;Cámara trasera;Compatible;5,05;;;6
OP-A3320-CFR-COM;OPPO;A33 2020;Cámara frontal;Compatible;3,00;;;6
OP-A3320-LEN-COM;OPPO;A33 2020;Lente de cámara;Compatible;2,49;;;6
OP-A3320-ALT-COM;OPPO;A33 2020;Altavoz;Compatible;3,45;;;6
OP-A3320-AUR-COM;OPPO;A33 2020;Auricular de llamada;Compatible;2,45;;;6
OP-A3320-FLX-COM;OPPO;A33 2020;Flex de encendido y volumen;Compatible;2,35;;;6
OP-A3320-SIM-COM;OPPO;A33 2020;Bandeja SIM;Compatible;2,75;;;6
OP-R4SE-PAN-ORI;OPPO;Reno4 SE;Pantalla;Original;61,09;59,26;57,42;12
OP-R4SE-PAN-OLS;OPPO;Reno4 SE;Pantalla;OLED Soft;40,85;39,62;38,40;6
OP-R4SE-PAN-OLH;OPPO;Reno4 SE;Pantalla;OLED Hard;37,35;36,23;35,11;6
OP-R4SE-PAN-INC;OPPO;Reno4 SE;Pantalla;Incell;18,75;18,19;17,63;6
OP-R4SE-BAT-COM;OPPO;Reno4 SE;Batería;Compatible;8,00;;;6
OP-R4SE-CON-COM;OPPO;Reno4 SE;Conector de carga;Compatible;4,50;;;6
OP-R4SE-TAP-COM;OPPO;Reno4 SE;Tapa trasera;Compatible;5,39;;;6
OP-R4SE-CTR-COM;OPPO;Reno4 SE;Cámara trasera;Compatible;5,90;;;6
OP-R4SE-CFR-COM;OPPO;Reno4 SE;Cámara frontal;Compatible;3,15;;;6
OP-R4SE-LEN-COM;OPPO;Reno4 SE;Lente de cámara;Compatible;2,40;;;6
OP-R4SE-ALT-COM;OPPO;Reno4 SE;Altavoz;Compatible;3,49;;;6
OP-R4SE-AUR-COM;OPPO;Reno4 SE;Auricular de llamada;Compatible;2,40;;;6
OP-R4SE-FLX-COM;OPPO;Reno4 SE;Flex de encendido y volumen;Compatible;2,29;;;6
OP-R4SE-SIM-COM;OPPO;Reno4 SE;Bandeja SIM;Compatible;2,65;;;6
OP-A12S-PAN-ORI;OPPO;A12s;Pantalla;Original;29,59;28,70;27,81;12
OP-A12S-PAN-COM;OPPO;A12s;Pantalla;Compatible;13,45;13,05;12,64;6
OP-A12S-BAT-COM;OPPO;A12s;Batería;Compatible;7,35;;;6
OP-A12S-CON-COM;OPPO;A12s;Conector de carga;Compatible;3,45;;;6
OP-A12S-TAP-COM;OPPO;A12s;Tapa trasera;Compatible;5,00;;;6
OP-A12S-CTR-COM;OPPO;A12s;Cámara trasera;Compatible;5,05;;;6
OP-A12S-CFR-COM;OPPO;A12s;Cámara frontal;Compatible;3,00;;;6
OP-A12S-LEN-COM;OPPO;A12s;Lente de cámara;Compatible;2,49;;;6
OP-A12S-ALT-COM;OPPO;A12s;Altavoz;Compatible;3,45;;;6
OP-A12S-AUR-COM;OPPO;A12s;Auricular de llamada;Compatible;2,45;;;6
OP-A12S-FLX-COM;OPPO;A12s;Flex de encendido y volumen;Compatible;2,35;;;6
OP-A12S-SIM-COM;OPPO;A12s;Bandeja SIM;Compatible;2,75;;;6
OP-A11K-PAN-ORI;OPPO;A11k;Pantalla;Original;29,59;28,70;27,81;12
OP-A11K-PAN-COM;OPPO;A11k;Pantalla;Compatible;13,45;13,05;12,64;6
OP-A11K-BAT-COM;OPPO;A11k;Batería;Compatible;7,35;;;6
OP-A11K-CON-COM;OPPO;A11k;Conector de carga;Compatible;3,45;;;6
OP-A11K-TAP-COM;OPPO;A11k;Tapa trasera;Compatible;5,00;;;6
OP-A11K-CTR-COM;OPPO;A11k;Cámara trasera;Compatible;5,05;;;6
OP-A11K-CFR-COM;OPPO;A11k;Cámara frontal;Compatible;3,00;;;6
OP-A11K-LEN-COM;OPPO;A11k;Lente de cámara;Compatible;2,49;;;6
OP-A11K-ALT-COM;OPPO;A11k;Altavoz;Compatible;3,45;;;6
OP-A11K-AUR-COM;OPPO;A11k;Auricular de llamada;Compatible;2,45;;;6
OP-A11K-FLX-COM;OPPO;A11k;Flex de encendido y volumen;Compatible;2,35;;;6
OP-A11K-SIM-COM;OPPO;A11k;Bandeja SIM;Compatible;2,75;;;6
OP-A92-PAN-ORI;OPPO;A92;Pantalla;Original;34,95;33,90;32,85;12
OP-A92-PAN-COM;OPPO;A92;Pantalla;Compatible;15,45;14,99;14,52;6
OP-A92-BAT-COM;OPPO;A92;Batería;Compatible;7,95;;;6
OP-A92-CON-COM;OPPO;A92;Conector de carga;Compatible;4,25;;;6
OP-A92-TAP-COM;OPPO;A92;Tapa trasera;Compatible;5,60;;;6
OP-A92-CTR-COM;OPPO;A92;Cámara trasera;Compatible;5,75;;;6
OP-A92-CFR-COM;OPPO;A92;Cámara frontal;Compatible;3,25;;;6
OP-A92-LEN-COM;OPPO;A92;Lente de cámara;Compatible;2,40;;;6
OP-A92-ALT-COM;OPPO;A92;Altavoz;Compatible;3,55;;;6
OP-A92-AUR-COM;OPPO;A92;Auricular de llamada;Compatible;2,40;;;6
OP-A92-FLX-COM;OPPO;A92;Flex de encendido y volumen;Compatible;2,29;;;6
OP-A92-SIM-COM;OPPO;A92;Bandeja SIM;Compatible;2,60;;;6
OP-FX2LNEO-PAN-COM;OPPO;Find X2 Lite Neo;Pantalla;Compatible;16,89;16,38;15,88;6
OP-FX2LNEO-BAT-COM;OPPO;Find X2 Lite Neo;Batería;Compatible;8,65;;;6
OP-FX2LNEO-CON-COM;OPPO;Find X2 Lite Neo;Conector de carga;Compatible;4,05;;;6
OP-FX2LNEO-TAP-COM;OPPO;Find X2 Lite Neo;Tapa trasera;Compatible;5,69;;;6
OP-FX2LNEO-CTR-COM;OPPO;Find X2 Lite Neo;Cámara trasera;Compatible;7,19;;;6
OP-FX2LNEO-CFR-COM;OPPO;Find X2 Lite Neo;Cámara frontal;Compatible;3,40;;;6
OP-FX2LNEO-LEN-COM;OPPO;Find X2 Lite Neo;Lente de cámara;Compatible;2,89;;;6
OP-FX2LNEO-ALT-COM;OPPO;Find X2 Lite Neo;Altavoz;Compatible;3,80;;;6
OP-FX2LNEO-AUR-COM;OPPO;Find X2 Lite Neo;Auricular de llamada;Compatible;2,99;;;6
OP-FX2LNEO-FLX-COM;OPPO;Find X2 Lite Neo;Flex de encendido y volumen;Compatible;2,95;;;6
OP-FX2LNEO-SIM-COM;OPPO;Find X2 Lite Neo;Bandeja SIM;Compatible;3,05;;;6
OP-A12E-PAN-ORI;OPPO;A12e;Pantalla;Original;29,59;28,70;27,81;12
OP-A12E-PAN-COM;OPPO;A12e;Pantalla;Compatible;13,45;13,05;12,64;6
OP-A12E-BAT-COM;OPPO;A12e;Batería;Compatible;7,35;;;6
OP-A12E-CON-COM;OPPO;A12e;Conector de carga;Compatible;3,45;;;6
OP-A12E-TAP-COM;OPPO;A12e;Tapa trasera;Compatible;5,00;;;6
OP-A12E-CTR-COM;OPPO;A12e;Cámara trasera;Compatible;5,05;;;6
OP-A12E-CFR-COM;OPPO;A12e;Cámara frontal;Compatible;3,00;;;6
OP-A12E-LEN-COM;OPPO;A12e;Lente de cámara;Compatible;2,49;;;6
OP-A12E-ALT-COM;OPPO;A12e;Altavoz;Compatible;3,45;;;6
OP-A12E-AUR-COM;OPPO;A12e;Auricular de llamada;Compatible;2,45;;;6
OP-A12E-FLX-COM;OPPO;A12e;Flex de encendido y volumen;Compatible;2,35;;;6
OP-A12E-SIM-COM;OPPO;A12e;Bandeja SIM;Compatible;2,75;;;6
OP-ACE2-PAN-ORI;OPPO;Ace2;Pantalla;Original;51,70;50,15;48,60;12
OP-ACE2-PAN-OLS;OPPO;Ace2;Pantalla;OLED Soft;35,80;34,73;33,65;6
OP-ACE2-PAN-OLH;OPPO;Ace2;Pantalla;OLED Hard;32,70;31,72;30,74;6
OP-ACE2-PAN-INC;OPPO;Ace2;Pantalla;Incell;16,40;15,91;15,42;6
OP-ACE2-BAT-COM;OPPO;Ace2;Batería;Compatible;7,40;;;6
OP-ACE2-CON-COM;OPPO;Ace2;Conector de carga;Compatible;3,50;;;6
OP-ACE2-TAP-COM;OPPO;Ace2;Tapa trasera;Compatible;5,00;;;6
OP-ACE2-CTR-COM;OPPO;Ace2;Cámara trasera;Compatible;5,20;;;6
OP-ACE2-CFR-COM;OPPO;Ace2;Cámara frontal;Compatible;3,00;;;6
OP-ACE2-LEN-COM;OPPO;Ace2;Lente de cámara;Compatible;2,49;;;6
OP-ACE2-ALT-COM;OPPO;Ace2;Altavoz;Compatible;3,39;;;6
OP-ACE2-AUR-COM;OPPO;Ace2;Auricular de llamada;Compatible;2,45;;;6
OP-ACE2-FLX-COM;OPPO;Ace2;Flex de encendido y volumen;Compatible;2,35;;;6
OP-ACE2-SIM-COM;OPPO;Ace2;Bandeja SIM;Compatible;2,80;;;6
OP-R3Y-PAN-ORI;OPPO;Reno3 Youth;Pantalla;Original;61,09;59,26;57,42;12
OP-R3Y-PAN-OLS;OPPO;Reno3 Youth;Pantalla;OLED Soft;40,85;39,62;38,40;6
OP-R3Y-PAN-OLH;OPPO;Reno3 Youth;Pantalla;OLED Hard;37,35;36,23;35,11;6
OP-R3Y-PAN-INC;OPPO;Reno3 Youth;Pantalla;Incell;18,75;18,19;17,63;6
OP-R3Y-BAT-COM;OPPO;Reno3 Youth;Batería;Compatible;8,00;;;6
OP-R3Y-CON-COM;OPPO;Reno3 Youth;Conector de carga;Compatible;4,50;;;6
OP-R3Y-TAP-COM;OPPO;Reno3 Youth;Tapa trasera;Compatible;5,39;;;6
OP-R3Y-CTR-COM;OPPO;Reno3 Youth;Cámara trasera;Compatible;5,90;;;6
OP-R3Y-CFR-COM;OPPO;Reno3 Youth;Cámara frontal;Compatible;3,15;;;6
OP-R3Y-LEN-COM;OPPO;Reno3 Youth;Lente de cámara;Compatible;2,40;;;6
OP-R3Y-ALT-COM;OPPO;Reno3 Youth;Altavoz;Compatible;3,49;;;6
OP-R3Y-AUR-COM;OPPO;Reno3 Youth;Auricular de llamada;Compatible;2,40;;;6
OP-R3Y-FLX-COM;OPPO;Reno3 Youth;Flex de encendido y volumen;Compatible;2,29;;;6
OP-R3Y-SIM-COM;OPPO;Reno3 Youth;Bandeja SIM;Compatible;2,65;;;6
OP-A8-PAN-ORI;OPPO;A8;Pantalla;Original;26,89;26,08;25,28;12
OP-A8-PAN-COM;OPPO;A8;Pantalla;Compatible;12,65;12,27;11,89;6
OP-A8-BAT-COM;OPPO;A8;Batería;Compatible;8,60;;;6
OP-A8-CON-COM;OPPO;A8;Conector de carga;Compatible;3,59;;;6
OP-A8-TAP-COM;OPPO;A8;Tapa trasera;Compatible;4,89;;;6
OP-A8-CTR-COM;OPPO;A8;Cámara trasera;Compatible;6,19;;;6
OP-A8-CFR-COM;OPPO;A8;Cámara frontal;Compatible;4,10;;;6
OP-A8-LEN-COM;OPPO;A8;Lente de cámara;Compatible;2,45;;;6
OP-A8-ALT-COM;OPPO;A8;Altavoz;Compatible;3,75;;;6
OP-A8-AUR-COM;OPPO;A8;Auricular de llamada;Compatible;2,69;;;6
OP-A8-FLX-COM;OPPO;A8;Flex de encendido y volumen;Compatible;2,55;;;6
OP-A8-SIM-COM;OPPO;A8;Bandeja SIM;Compatible;2,70;;;6
OP-R35-PAN-ORI;OPPO;Reno3 5G;Pantalla;Original;55,50;53,84;52,17;12
OP-R35-PAN-OLS;OPPO;Reno3 5G;Pantalla;OLED Soft;38,49;37,34;36,18;6
OP-R35-PAN-OLH;OPPO;Reno3 5G;Pantalla;OLED Hard;35,19;34,13;33,08;6
OP-R35-PAN-INC;OPPO;Reno3 5G;Pantalla;Incell;17,65;17,12;16,59;6
OP-R35-BAT-COM;OPPO;Reno3 5G;Batería;Compatible;9,39;;;6
OP-R35-CON-COM;OPPO;Reno3 5G;Conector de carga;Compatible;4,70;;;6
OP-R35-TAP-COM;OPPO;Reno3 5G;Tapa trasera;Compatible;5,25;;;6
OP-R35-CTR-COM;OPPO;Reno3 5G;Cámara trasera;Compatible;7,25;;;6
OP-R35-CFR-COM;OPPO;Reno3 5G;Cámara frontal;Compatible;4,30;;;6
OP-R35-LEN-COM;OPPO;Reno3 5G;Lente de cámara;Compatible;2,39;;;6
OP-R35-ALT-COM;OPPO;Reno3 5G;Altavoz;Compatible;3,79;;;6
OP-R35-AUR-COM;OPPO;Reno3 5G;Auricular de llamada;Compatible;2,65;;;6
OP-R35-FLX-COM;OPPO;Reno3 5G;Flex de encendido y volumen;Compatible;2,49;;;6
OP-R35-SIM-COM;OPPO;Reno3 5G;Bandeja SIM;Compatible;2,60;;;6
OP-R3P-PAN-ORI;OPPO;Reno3 Pro;Pantalla;Original;67,60;65,57;63,54;12
OP-R3P-PAN-OLS;OPPO;Reno3 Pro;Pantalla;OLED Soft;41,20;39,96;38,73;6
OP-R3P-PAN-OLH;OPPO;Reno3 Pro;Pantalla;OLED Hard;37,65;36,52;35,39;6
OP-R3P-PAN-INC;OPPO;Reno3 Pro;Pantalla;Incell;18,89;18,32;17,76;6
OP-R3P-BAT-COM;OPPO;Reno3 Pro;Batería;Compatible;10,10;9,80;9,49;6
OP-R3P-CON-COM;OPPO;Reno3 Pro;Conector de carga;Compatible;4,40;;;6
OP-R3P-TAP-COM;OPPO;Reno3 Pro;Tapa trasera;Compatible;5,35;;;6
OP-R3P-CTR-COM;OPPO;Reno3 Pro;Cámara trasera;Compatible;8,80;;;6
OP-R3P-CFR-COM;OPPO;Reno3 Pro;Cámara frontal;Compatible;4,55;;;6
OP-R3P-LEN-COM;OPPO;Reno3 Pro;Lente de cámara;Compatible;2,85;;;6
OP-R3P-ALT-COM;OPPO;Reno3 Pro;Altavoz;Compatible;4,19;;;6
OP-R3P-AUR-COM;OPPO;Reno3 Pro;Auricular de llamada;Compatible;3,29;;;6
OP-R3P-FLX-COM;OPPO;Reno3 Pro;Flex de encendido y volumen;Compatible;3,20;;;6
OP-R3P-SIM-COM;OPPO;Reno3 Pro;Bandeja SIM;Compatible;2,99;;;6
OP-R3P5-PAN-ORI;OPPO;Reno3 Pro 5G;Pantalla;Original;67,60;65,57;63,54;12
OP-R3P5-PAN-OLS;OPPO;Reno3 Pro 5G;Pantalla;OLED Soft;41,20;39,96;38,73;6
OP-R3P5-PAN-OLH;OPPO;Reno3 Pro 5G;Pantalla;OLED Hard;37,65;36,52;35,39;6
OP-R3P5-PAN-INC;OPPO;Reno3 Pro 5G;Pantalla;Incell;18,89;18,32;17,76;6
OP-R3P5-BAT-COM;OPPO;Reno3 Pro 5G;Batería;Compatible;10,10;9,80;9,49;6
OP-R3P5-CON-COM;OPPO;Reno3 Pro 5G;Conector de carga;Compatible;4,40;;;6
OP-R3P5-TAP-COM;OPPO;Reno3 Pro 5G;Tapa trasera;Compatible;5,35;;;6
OP-R3P5-CTR-COM;OPPO;Reno3 Pro 5G;Cámara trasera;Compatible;8,80;;;6
OP-R3P5-CFR-COM;OPPO;Reno3 Pro 5G;Cámara frontal;Compatible;4,55;;;6
OP-R3P5-LEN-COM;OPPO;Reno3 Pro 5G;Lente de cámara;Compatible;2,85;;;6
OP-R3P5-ALT-COM;OPPO;Reno3 Pro 5G;Altavoz;Compatible;4,19;;;6
OP-R3P5-AUR-COM;OPPO;Reno3 Pro 5G;Auricular de llamada;Compatible;3,29;;;6
OP-R3P5-FLX-COM;OPPO;Reno3 Pro 5G;Flex de encendido y volumen;Compatible;3,20;;;6
OP-R3P5-SIM-COM;OPPO;Reno3 Pro 5G;Bandeja SIM;Compatible;2,99;;;6
OP-A11-PAN-ORI;OPPO;A11;Pantalla;Original;26,89;26,08;25,28;12
OP-A11-PAN-COM;OPPO;A11;Pantalla;Compatible;12,65;12,27;11,89;6
OP-A11-BAT-COM;OPPO;A11;Batería;Compatible;8,60;;;6
OP-A11-CON-COM;OPPO;A11;Conector de carga;Compatible;3,59;;;6
OP-A11-TAP-COM;OPPO;A11;Tapa trasera;Compatible;4,89;;;6
OP-A11-CTR-COM;OPPO;A11;Cámara trasera;Compatible;6,19;;;6
OP-A11-CFR-COM;OPPO;A11;Cámara frontal;Compatible;4,10;;;6
OP-A11-LEN-COM;OPPO;A11;Lente de cámara;Compatible;2,45;;;6
OP-A11-ALT-COM;OPPO;A11;Altavoz;Compatible;3,75;;;6
OP-A11-AUR-COM;OPPO;A11;Auricular de llamada;Compatible;2,69;;;6
OP-A11-FLX-COM;OPPO;A11;Flex de encendido y volumen;Compatible;2,55;;;6
OP-A11-SIM-COM;OPPO;A11;Bandeja SIM;Compatible;2,70;;;6
OP-RA-PAN-ORI;OPPO;Reno A;Pantalla;Original;55,50;53,84;52,17;12
OP-RA-PAN-OLS;OPPO;Reno A;Pantalla;OLED Soft;38,49;37,34;36,18;6
OP-RA-PAN-OLH;OPPO;Reno A;Pantalla;OLED Hard;35,19;34,13;33,08;6
OP-RA-PAN-INC;OPPO;Reno A;Pantalla;Incell;17,65;17,12;16,59;6
OP-RA-BAT-COM;OPPO;Reno A;Batería;Compatible;9,39;;;6
OP-RA-CON-COM;OPPO;Reno A;Conector de carga;Compatible;4,70;;;6
OP-RA-TAP-COM;OPPO;Reno A;Tapa trasera;Compatible;5,25;;;6
OP-RA-CTR-COM;OPPO;Reno A;Cámara trasera;Compatible;7,25;;;6
OP-RA-CFR-COM;OPPO;Reno A;Cámara frontal;Compatible;4,30;;;6
OP-RA-LEN-COM;OPPO;Reno A;Lente de cámara;Compatible;2,39;;;6
OP-RA-ALT-COM;OPPO;Reno A;Altavoz;Compatible;3,79;;;6
OP-RA-AUR-COM;OPPO;Reno A;Auricular de llamada;Compatible;2,65;;;6
OP-RA-FLX-COM;OPPO;Reno A;Flex de encendido y volumen;Compatible;2,49;;;6
OP-RA-SIM-COM;OPPO;Reno A;Bandeja SIM;Compatible;2,60;;;6
OP-RACE-PAN-ORI;OPPO;Reno Ace;Pantalla;Original;55,50;53,84;52,17;12
OP-RACE-PAN-OLS;OPPO;Reno Ace;Pantalla;OLED Soft;38,49;37,34;36,18;6
OP-RACE-PAN-OLH;OPPO;Reno Ace;Pantalla;OLED Hard;35,19;34,13;33,08;6
OP-RACE-PAN-INC;OPPO;Reno Ace;Pantalla;Incell;17,65;17,12;16,59;6
OP-RACE-BAT-COM;OPPO;Reno Ace;Batería;Compatible;9,39;;;6
OP-RACE-CON-COM;OPPO;Reno Ace;Conector de carga;Compatible;4,70;;;6
OP-RACE-TAP-COM;OPPO;Reno Ace;Tapa trasera;Compatible;5,25;;;6
OP-RACE-CTR-COM;OPPO;Reno Ace;Cámara trasera;Compatible;7,25;;;6
OP-RACE-CFR-COM;OPPO;Reno Ace;Cámara frontal;Compatible;4,30;;;6
OP-RACE-LEN-COM;OPPO;Reno Ace;Lente de cámara;Compatible;2,39;;;6
OP-RACE-ALT-COM;OPPO;Reno Ace;Altavoz;Compatible;3,79;;;6
OP-RACE-AUR-COM;OPPO;Reno Ace;Auricular de llamada;Compatible;2,65;;;6
OP-RACE-FLX-COM;OPPO;Reno Ace;Flex de encendido y volumen;Compatible;2,49;;;6
OP-RACE-SIM-COM;OPPO;Reno Ace;Bandeja SIM;Compatible;2,60;;;6
OP-R2F-PAN-ORI;OPPO;Reno2 F;Pantalla;Original;55,50;53,84;52,17;12
OP-R2F-PAN-OLS;OPPO;Reno2 F;Pantalla;OLED Soft;38,49;37,34;36,18;6
OP-R2F-PAN-OLH;OPPO;Reno2 F;Pantalla;OLED Hard;35,19;34,13;33,08;6
OP-R2F-PAN-INC;OPPO;Reno2 F;Pantalla;Incell;17,65;17,12;16,59;6
OP-R2F-BAT-COM;OPPO;Reno2 F;Batería;Compatible;9,39;;;6
OP-R2F-CON-COM;OPPO;Reno2 F;Conector de carga;Compatible;4,70;;;6
OP-R2F-TAP-COM;OPPO;Reno2 F;Tapa trasera;Compatible;5,25;;;6
OP-R2F-CTR-COM;OPPO;Reno2 F;Cámara trasera;Compatible;7,25;;;6
OP-R2F-CFR-COM;OPPO;Reno2 F;Cámara frontal;Compatible;4,30;;;6
OP-R2F-LEN-COM;OPPO;Reno2 F;Lente de cámara;Compatible;2,39;;;6
OP-R2F-ALT-COM;OPPO;Reno2 F;Altavoz;Compatible;3,79;;;6
OP-R2F-AUR-COM;OPPO;Reno2 F;Auricular de llamada;Compatible;2,65;;;6
OP-R2F-FLX-COM;OPPO;Reno2 F;Flex de encendido y volumen;Compatible;2,49;;;6
OP-R2F-SIM-COM;OPPO;Reno2 F;Bandeja SIM;Compatible;2,60;;;6
OP-A1K-PAN-ORI;OPPO;A1k;Pantalla;Original;26,89;26,08;25,28;12
OP-A1K-PAN-COM;OPPO;A1k;Pantalla;Compatible;12,65;12,27;11,89;6
OP-A1K-BAT-COM;OPPO;A1k;Batería;Compatible;8,60;;;6
OP-A1K-CON-COM;OPPO;A1k;Conector de carga;Compatible;3,59;;;6
OP-A1K-TAP-COM;OPPO;A1k;Tapa trasera;Compatible;4,89;;;6
OP-A1K-CTR-COM;OPPO;A1k;Cámara trasera;Compatible;6,19;;;6
OP-A1K-CFR-COM;OPPO;A1k;Cámara frontal;Compatible;4,10;;;6
OP-A1K-LEN-COM;OPPO;A1k;Lente de cámara;Compatible;2,45;;;6
OP-A1K-ALT-COM;OPPO;A1k;Altavoz;Compatible;3,75;;;6
OP-A1K-AUR-COM;OPPO;A1k;Auricular de llamada;Compatible;2,69;;;6
OP-A1K-FLX-COM;OPPO;A1k;Flex de encendido y volumen;Compatible;2,55;;;6
OP-A1K-SIM-COM;OPPO;A1k;Bandeja SIM;Compatible;2,70;;;6
OP-A7N-PAN-ORI;OPPO;A7n;Pantalla;Original;26,89;26,08;25,28;12
OP-A7N-PAN-COM;OPPO;A7n;Pantalla;Compatible;12,65;12,27;11,89;6
OP-A7N-BAT-COM;OPPO;A7n;Batería;Compatible;8,60;;;6
OP-A7N-CON-COM;OPPO;A7n;Conector de carga;Compatible;3,59;;;6
OP-A7N-TAP-COM;OPPO;A7n;Tapa trasera;Compatible;4,89;;;6
OP-A7N-CTR-COM;OPPO;A7n;Cámara trasera;Compatible;6,19;;;6
OP-A7N-CFR-COM;OPPO;A7n;Cámara frontal;Compatible;4,10;;;6
OP-A7N-LEN-COM;OPPO;A7n;Lente de cámara;Compatible;2,45;;;6
OP-A7N-ALT-COM;OPPO;A7n;Altavoz;Compatible;3,75;;;6
OP-A7N-AUR-COM;OPPO;A7n;Auricular de llamada;Compatible;2,69;;;6
OP-A7N-FLX-COM;OPPO;A7n;Flex de encendido y volumen;Compatible;2,55;;;6
OP-A7N-SIM-COM;OPPO;A7n;Bandeja SIM;Compatible;2,70;;;6
OP-A9X-PAN-ORI;OPPO;A9x;Pantalla;Original;26,89;26,08;25,28;12
OP-A9X-PAN-COM;OPPO;A9x;Pantalla;Compatible;12,65;12,27;11,89;6
OP-A9X-BAT-COM;OPPO;A9x;Batería;Compatible;8,60;;;6
OP-A9X-CON-COM;OPPO;A9x;Conector de carga;Compatible;3,59;;;6
OP-A9X-TAP-COM;OPPO;A9x;Tapa trasera;Compatible;4,89;;;6
OP-A9X-CTR-COM;OPPO;A9x;Cámara trasera;Compatible;6,19;;;6
OP-A9X-CFR-COM;OPPO;A9x;Cámara frontal;Compatible;4,10;;;6
OP-A9X-LEN-COM;OPPO;A9x;Lente de cámara;Compatible;2,45;;;6
OP-A9X-ALT-COM;OPPO;A9x;Altavoz;Compatible;3,75;;;6
OP-A9X-AUR-COM;OPPO;A9x;Auricular de llamada;Compatible;2,69;;;6
OP-A9X-FLX-COM;OPPO;A9x;Flex de encendido y volumen;Compatible;2,55;;;6
OP-A9X-SIM-COM;OPPO;A9x;Bandeja SIM;Compatible;2,70;;;6
OP-F11-PAN-ORI;OPPO;F11;Pantalla;Original;26,25;25,46;24,67;12
OP-F11-PAN-COM;OPPO;F11;Pantalla;Compatible;13,15;12,76;12,36;6
OP-F11-BAT-COM;OPPO;F11;Batería;Compatible;8,65;;;6
OP-F11-CON-COM;OPPO;F11;Conector de carga;Compatible;3,65;;;6
OP-F11-TAP-COM;OPPO;F11;Tapa trasera;Compatible;4,89;;;6
OP-F11-CTR-COM;OPPO;F11;Cámara trasera;Compatible;6,39;;;6
OP-F11-CFR-COM;OPPO;F11;Cámara frontal;Compatible;4,10;;;6
OP-F11-LEN-COM;OPPO;F11;Lente de cámara;Compatible;2,45;;;6
OP-F11-ALT-COM;OPPO;F11;Altavoz;Compatible;3,69;;;6
OP-F11-AUR-COM;OPPO;F11;Auricular de llamada;Compatible;2,69;;;6
OP-F11-FLX-COM;OPPO;F11;Flex de encendido y volumen;Compatible;2,55;;;6
OP-F11-SIM-COM;OPPO;F11;Bandeja SIM;Compatible;2,75;;;6
OP-F11P-PAN-ORI;OPPO;F11 Pro;Pantalla;Original;26,25;25,46;24,67;12
OP-F11P-PAN-COM;OPPO;F11 Pro;Pantalla;Compatible;13,15;12,76;12,36;6
OP-F11P-BAT-COM;OPPO;F11 Pro;Batería;Compatible;8,65;;;6
OP-F11P-CON-COM;OPPO;F11 Pro;Conector de carga;Compatible;3,65;;;6
OP-F11P-TAP-COM;OPPO;F11 Pro;Tapa trasera;Compatible;4,89;;;6
OP-F11P-CTR-COM;OPPO;F11 Pro;Cámara trasera;Compatible;6,39;;;6
OP-F11P-CFR-COM;OPPO;F11 Pro;Cámara frontal;Compatible;4,10;;;6
OP-F11P-LEN-COM;OPPO;F11 Pro;Lente de cámara;Compatible;2,45;;;6
OP-F11P-ALT-COM;OPPO;F11 Pro;Altavoz;Compatible;3,69;;;6
OP-F11P-AUR-COM;OPPO;F11 Pro;Auricular de llamada;Compatible;2,69;;;6
OP-F11P-FLX-COM;OPPO;F11 Pro;Flex de encendido y volumen;Compatible;2,55;;;6
OP-F11P-SIM-COM;OPPO;F11 Pro;Bandeja SIM;Compatible;2,75;;;6
OP-A5S-PAN-ORI;OPPO;A5s;Pantalla;Original;26,89;26,08;25,28;12
OP-A5S-PAN-COM;OPPO;A5s;Pantalla;Compatible;12,65;12,27;11,89;6
OP-A5S-BAT-COM;OPPO;A5s;Batería;Compatible;8,60;;;6
OP-A5S-CON-COM;OPPO;A5s;Conector de carga;Compatible;3,59;;;6
OP-A5S-TAP-COM;OPPO;A5s;Tapa trasera;Compatible;4,89;;;6
OP-A5S-CTR-COM;OPPO;A5s;Cámara trasera;Compatible;6,19;;;6
OP-A5S-CFR-COM;OPPO;A5s;Cámara frontal;Compatible;4,10;;;6
OP-A5S-LEN-COM;OPPO;A5s;Lente de cámara;Compatible;2,45;;;6
OP-A5S-ALT-COM;OPPO;A5s;Altavoz;Compatible;3,75;;;6
OP-A5S-AUR-COM;OPPO;A5s;Auricular de llamada;Compatible;2,69;;;6
OP-A5S-FLX-COM;OPPO;A5s;Flex de encendido y volumen;Compatible;2,55;;;6
OP-A5S-SIM-COM;OPPO;A5s;Bandeja SIM;Compatible;2,70;;;6
OP-A7-PAN-ORI;OPPO;A7;Pantalla;Original;26,89;26,08;25,28;12
OP-A7-PAN-COM;OPPO;A7;Pantalla;Compatible;12,65;12,27;11,89;6
OP-A7-BAT-COM;OPPO;A7;Batería;Compatible;8,25;;;6
OP-A7-CON-COM;OPPO;A7;Conector de carga;Compatible;3,59;;;6
OP-A7-TAP-COM;OPPO;A7;Tapa trasera;Compatible;4,89;;;6
OP-A7-CTR-COM;OPPO;A7;Cámara trasera;Compatible;6,19;;;6
OP-A7-CFR-COM;OPPO;A7;Cámara frontal;Compatible;4,10;;;6
OP-A7-LEN-COM;OPPO;A7;Lente de cámara;Compatible;2,45;;;6
OP-A7-ALT-COM;OPPO;A7;Altavoz;Compatible;3,75;;;6
OP-A7-AUR-COM;OPPO;A7;Auricular de llamada;Compatible;2,69;;;6
OP-A7-FLX-COM;OPPO;A7;Flex de encendido y volumen;Compatible;2,55;;;6
OP-A7-SIM-COM;OPPO;A7;Bandeja SIM;Compatible;2,70;;;6
OP-R15X-PAN-ORI;OPPO;R15x;Pantalla;Original;46,99;45,58;44,17;12
OP-R15X-PAN-OLS;OPPO;R15x;Pantalla;OLED Soft;33,70;32,69;31,68;6
OP-R15X-PAN-OLH;OPPO;R15x;Pantalla;OLED Hard;30,80;29,88;28,95;6
OP-R15X-PAN-INC;OPPO;R15x;Pantalla;Incell;15,45;14,99;14,52;6
OP-R15X-BAT-COM;OPPO;R15x;Batería;Compatible;8,65;;;6
OP-R15X-CON-COM;OPPO;R15x;Conector de carga;Compatible;3,65;;;6
OP-R15X-TAP-COM;OPPO;R15x;Tapa trasera;Compatible;4,89;;;6
OP-R15X-CTR-COM;OPPO;R15x;Cámara trasera;Compatible;6,39;;;6
OP-R15X-CFR-COM;OPPO;R15x;Cámara frontal;Compatible;4,10;;;6
OP-R15X-LEN-COM;OPPO;R15x;Lente de cámara;Compatible;2,45;;;6
OP-R15X-ALT-COM;OPPO;R15x;Altavoz;Compatible;3,69;;;6
OP-R15X-AUR-COM;OPPO;R15x;Auricular de llamada;Compatible;2,69;;;6
OP-R15X-FLX-COM;OPPO;R15x;Flex de encendido y volumen;Compatible;2,55;;;6
OP-R15X-SIM-COM;OPPO;R15x;Bandeja SIM;Compatible;2,75;;;6
OP-A7X-PAN-ORI;OPPO;A7x;Pantalla;Original;26,89;26,08;25,28;12
OP-A7X-PAN-COM;OPPO;A7x;Pantalla;Compatible;12,65;12,27;11,89;6
OP-A7X-BAT-COM;OPPO;A7x;Batería;Compatible;8,60;;;6
OP-A7X-CON-COM;OPPO;A7x;Conector de carga;Compatible;3,59;;;6
OP-A7X-TAP-COM;OPPO;A7x;Tapa trasera;Compatible;4,89;;;6
OP-A7X-CTR-COM;OPPO;A7x;Cámara trasera;Compatible;6,19;;;6
OP-A7X-CFR-COM;OPPO;A7x;Cámara frontal;Compatible;4,10;;;6
OP-A7X-LEN-COM;OPPO;A7x;Lente de cámara;Compatible;2,45;;;6
OP-A7X-ALT-COM;OPPO;A7x;Altavoz;Compatible;3,75;;;6
OP-A7X-AUR-COM;OPPO;A7x;Auricular de llamada;Compatible;2,69;;;6
OP-A7X-FLX-COM;OPPO;A7x;Flex de encendido y volumen;Compatible;2,55;;;6
OP-A7X-SIM-COM;OPPO;A7x;Bandeja SIM;Compatible;2,70;;;6
OP-F9-PAN-ORI;OPPO;F9;Pantalla;Original;26,25;25,46;24,67;12
OP-F9-PAN-COM;OPPO;F9;Pantalla;Compatible;13,15;12,76;12,36;6
OP-F9-BAT-COM;OPPO;F9;Batería;Compatible;8,65;;;6
OP-F9-CON-COM;OPPO;F9;Conector de carga;Compatible;3,65;;;6
OP-F9-TAP-COM;OPPO;F9;Tapa trasera;Compatible;4,89;;;6
OP-F9-CTR-COM;OPPO;F9;Cámara trasera;Compatible;6,39;;;6
OP-F9-CFR-COM;OPPO;F9;Cámara frontal;Compatible;4,10;;;6
OP-F9-LEN-COM;OPPO;F9;Lente de cámara;Compatible;2,45;;;6
OP-F9-ALT-COM;OPPO;F9;Altavoz;Compatible;3,69;;;6
OP-F9-AUR-COM;OPPO;F9;Auricular de llamada;Compatible;2,69;;;6
OP-F9-FLX-COM;OPPO;F9;Flex de encendido y volumen;Compatible;2,55;;;6
OP-F9-SIM-COM;OPPO;F9;Bandeja SIM;Compatible;2,75;;;6
OP-F9P-PAN-ORI;OPPO;F9 Pro;Pantalla;Original;26,25;25,46;24,67;12
OP-F9P-PAN-COM;OPPO;F9 Pro;Pantalla;Compatible;13,15;12,76;12,36;6
OP-F9P-BAT-COM;OPPO;F9 Pro;Batería;Compatible;8,65;;;6
OP-F9P-CON-COM;OPPO;F9 Pro;Conector de carga;Compatible;3,65;;;6
OP-F9P-TAP-COM;OPPO;F9 Pro;Tapa trasera;Compatible;4,89;;;6
OP-F9P-CTR-COM;OPPO;F9 Pro;Cámara trasera;Compatible;6,39;;;6
OP-F9P-CFR-COM;OPPO;F9 Pro;Cámara frontal;Compatible;4,10;;;6
OP-F9P-LEN-COM;OPPO;F9 Pro;Lente de cámara;Compatible;2,45;;;6
OP-F9P-ALT-COM;OPPO;F9 Pro;Altavoz;Compatible;3,69;;;6
OP-F9P-AUR-COM;OPPO;F9 Pro;Auricular de llamada;Compatible;2,69;;;6
OP-F9P-FLX-COM;OPPO;F9 Pro;Flex de encendido y volumen;Compatible;2,55;;;6
OP-F9P-SIM-COM;OPPO;F9 Pro;Bandeja SIM;Compatible;2,75;;;6
OP-R17-PAN-ORI;OPPO;R17;Pantalla;Original;46,99;45,58;44,17;12
OP-R17-PAN-OLS;OPPO;R17;Pantalla;OLED Soft;33,70;32,69;31,68;6
OP-R17-PAN-OLH;OPPO;R17;Pantalla;OLED Hard;30,80;29,88;28,95;6
OP-R17-PAN-INC;OPPO;R17;Pantalla;Incell;15,45;14,99;14,52;6
OP-R17-BAT-COM;OPPO;R17;Batería;Compatible;8,65;;;6
OP-R17-CON-COM;OPPO;R17;Conector de carga;Compatible;3,65;;;6
OP-R17-TAP-COM;OPPO;R17;Tapa trasera;Compatible;4,89;;;6
OP-R17-CTR-COM;OPPO;R17;Cámara trasera;Compatible;6,39;;;6
OP-R17-CFR-COM;OPPO;R17;Cámara frontal;Compatible;4,10;;;6
OP-R17-LEN-COM;OPPO;R17;Lente de cámara;Compatible;2,45;;;6
OP-R17-ALT-COM;OPPO;R17;Altavoz;Compatible;3,69;;;6
OP-R17-AUR-COM;OPPO;R17;Auricular de llamada;Compatible;2,69;;;6
OP-R17-FLX-COM;OPPO;R17;Flex de encendido y volumen;Compatible;2,55;;;6
OP-R17-SIM-COM;OPPO;R17;Bandeja SIM;Compatible;2,75;;;6
OP-A3S-PAN-ORI;OPPO;A3s;Pantalla;Original;26,89;26,08;25,28;12
OP-A3S-PAN-COM;OPPO;A3s;Pantalla;Compatible;12,65;12,27;11,89;6
OP-A3S-BAT-COM;OPPO;A3s;Batería;Compatible;8,60;;;6
OP-A3S-CON-COM;OPPO;A3s;Conector de carga;Compatible;3,59;;;6
OP-A3S-TAP-COM;OPPO;A3s;Tapa trasera;Compatible;4,89;;;6
OP-A3S-CTR-COM;OPPO;A3s;Cámara trasera;Compatible;6,19;;;6
OP-A3S-CFR-COM;OPPO;A3s;Cámara frontal;Compatible;4,10;;;6
OP-A3S-LEN-COM;OPPO;A3s;Lente de cámara;Compatible;2,45;;;6
OP-A3S-ALT-COM;OPPO;A3s;Altavoz;Compatible;3,75;;;6
OP-A3S-AUR-COM;OPPO;A3s;Auricular de llamada;Compatible;2,69;;;6
OP-A3S-FLX-COM;OPPO;A3s;Flex de encendido y volumen;Compatible;2,55;;;6
OP-A3S-SIM-COM;OPPO;A3s;Bandeja SIM;Compatible;2,70;;;6
OP-F7Y-PAN-ORI;OPPO;F7 Youth;Pantalla;Original;26,25;25,46;24,67;12
OP-F7Y-PAN-COM;OPPO;F7 Youth;Pantalla;Compatible;13,15;12,76;12,36;6
OP-F7Y-BAT-COM;OPPO;F7 Youth;Batería;Compatible;8,65;;;6
OP-F7Y-CON-COM;OPPO;F7 Youth;Conector de carga;Compatible;3,65;;;6
OP-F7Y-TAP-COM;OPPO;F7 Youth;Tapa trasera;Compatible;4,89;;;6
OP-F7Y-CTR-COM;OPPO;F7 Youth;Cámara trasera;Compatible;6,39;;;6
OP-F7Y-CFR-COM;OPPO;F7 Youth;Cámara frontal;Compatible;4,10;;;6
OP-F7Y-LEN-COM;OPPO;F7 Youth;Lente de cámara;Compatible;2,45;;;6
OP-F7Y-ALT-COM;OPPO;F7 Youth;Altavoz;Compatible;3,69;;;6
OP-F7Y-AUR-COM;OPPO;F7 Youth;Auricular de llamada;Compatible;2,69;;;6
OP-F7Y-FLX-COM;OPPO;F7 Youth;Flex de encendido y volumen;Compatible;2,55;;;6
OP-F7Y-SIM-COM;OPPO;F7 Youth;Bandeja SIM;Compatible;2,75;;;6
OP-A118-PAN-ORI;OPPO;A1 2018;Pantalla;Original;26,89;26,08;25,28;12
OP-A118-PAN-COM;OPPO;A1 2018;Pantalla;Compatible;12,65;12,27;11,89;6
OP-A118-BAT-COM;OPPO;A1 2018;Batería;Compatible;8,60;;;6
OP-A118-CON-COM;OPPO;A1 2018;Conector de carga;Compatible;3,59;;;6
OP-A118-TAP-COM;OPPO;A1 2018;Tapa trasera;Compatible;4,89;;;6
OP-A118-CTR-COM;OPPO;A1 2018;Cámara trasera;Compatible;6,19;;;6
OP-A118-CFR-COM;OPPO;A1 2018;Cámara frontal;Compatible;4,10;;;6
OP-A118-LEN-COM;OPPO;A1 2018;Lente de cámara;Compatible;2,45;;;6
OP-A118-ALT-COM;OPPO;A1 2018;Altavoz;Compatible;3,75;;;6
OP-A118-AUR-COM;OPPO;A1 2018;Auricular de llamada;Compatible;2,69;;;6
OP-A118-FLX-COM;OPPO;A1 2018;Flex de encendido y volumen;Compatible;2,55;;;6
OP-A118-SIM-COM;OPPO;A1 2018;Bandeja SIM;Compatible;2,70;;;6
OP-F72-PAN-ORI;OPPO;F7;Pantalla;Original;26,25;25,46;24,67;12
OP-F72-PAN-COM;OPPO;F7;Pantalla;Compatible;13,15;12,76;12,36;6
OP-F72-BAT-COM;OPPO;F7;Batería;Compatible;8,65;;;6
OP-F72-CON-COM;OPPO;F7;Conector de carga;Compatible;3,65;;;6
OP-F72-TAP-COM;OPPO;F7;Tapa trasera;Compatible;4,89;;;6
OP-F72-CTR-COM;OPPO;F7;Cámara trasera;Compatible;6,39;;;6
OP-F72-CFR-COM;OPPO;F7;Cámara frontal;Compatible;4,10;;;6
OP-F72-LEN-COM;OPPO;F7;Lente de cámara;Compatible;2,45;;;6
OP-F72-ALT-COM;OPPO;F7;Altavoz;Compatible;3,69;;;6
OP-F72-AUR-COM;OPPO;F7;Auricular de llamada;Compatible;2,69;;;6
OP-F72-FLX-COM;OPPO;F7;Flex de encendido y volumen;Compatible;2,55;;;6
OP-F72-SIM-COM;OPPO;F7;Bandeja SIM;Compatible;2,75;;;6
OP-R15-PAN-ORI;OPPO;R15;Pantalla;Original;46,99;45,58;44,17;12
OP-R15-PAN-OLS;OPPO;R15;Pantalla;OLED Soft;33,70;32,69;31,68;6
OP-R15-PAN-OLH;OPPO;R15;Pantalla;OLED Hard;30,80;29,88;28,95;6
OP-R15-PAN-INC;OPPO;R15;Pantalla;Incell;15,45;14,99;14,52;6
OP-R15-BAT-COM;OPPO;R15;Batería;Compatible;8,65;;;6
OP-R15-CON-COM;OPPO;R15;Conector de carga;Compatible;3,65;;;6
OP-R15-TAP-COM;OPPO;R15;Tapa trasera;Compatible;4,89;;;6
OP-R15-CTR-COM;OPPO;R15;Cámara trasera;Compatible;6,39;;;6
OP-R15-CFR-COM;OPPO;R15;Cámara frontal;Compatible;4,10;;;6
OP-R15-LEN-COM;OPPO;R15;Lente de cámara;Compatible;2,45;;;6
OP-R15-ALT-COM;OPPO;R15;Altavoz;Compatible;3,69;;;6
OP-R15-AUR-COM;OPPO;R15;Auricular de llamada;Compatible;2,69;;;6
OP-R15-FLX-COM;OPPO;R15;Flex de encendido y volumen;Compatible;2,55;;;6
OP-R15-SIM-COM;OPPO;R15;Bandeja SIM;Compatible;2,75;;;6
OP-A7118-PAN-ORI;OPPO;A71 2018;Pantalla;Original;26,89;26,08;25,28;12
OP-A7118-PAN-COM;OPPO;A71 2018;Pantalla;Compatible;12,65;12,27;11,89;6
OP-A7118-BAT-COM;OPPO;A71 2018;Batería;Compatible;8,60;;;6
OP-A7118-CON-COM;OPPO;A71 2018;Conector de carga;Compatible;3,59;;;6
OP-A7118-TAP-COM;OPPO;A71 2018;Tapa trasera;Compatible;4,89;;;6
OP-A7118-CTR-COM;OPPO;A71 2018;Cámara trasera;Compatible;6,19;;;6
OP-A7118-CFR-COM;OPPO;A71 2018;Cámara frontal;Compatible;4,10;;;6
OP-A7118-LEN-COM;OPPO;A71 2018;Lente de cámara;Compatible;2,45;;;6
OP-A7118-ALT-COM;OPPO;A71 2018;Altavoz;Compatible;3,75;;;6
OP-A7118-AUR-COM;OPPO;A71 2018;Auricular de llamada;Compatible;2,69;;;6
OP-A7118-FLX-COM;OPPO;A71 2018;Flex de encendido y volumen;Compatible;2,55;;;6
OP-A7118-SIM-COM;OPPO;A71 2018;Bandeja SIM;Compatible;2,70;;;6
OP-A83-PAN-ORI;OPPO;A83;Pantalla;Original;26,89;26,08;25,28;12
OP-A83-PAN-COM;OPPO;A83;Pantalla;Compatible;12,65;12,27;11,89;6
OP-A83-BAT-COM;OPPO;A83;Batería;Compatible;8,60;;;6
OP-A83-CON-COM;OPPO;A83;Conector de carga;Compatible;3,59;;;6
OP-A83-TAP-COM;OPPO;A83;Tapa trasera;Compatible;4,89;;;6
OP-A83-CTR-COM;OPPO;A83;Cámara trasera;Compatible;6,19;;;6
OP-A83-CFR-COM;OPPO;A83;Cámara frontal;Compatible;4,10;;;6
OP-A83-LEN-COM;OPPO;A83;Lente de cámara;Compatible;2,45;;;6
OP-A83-ALT-COM;OPPO;A83;Altavoz;Compatible;3,75;;;6
OP-A83-AUR-COM;OPPO;A83;Auricular de llamada;Compatible;2,69;;;6
OP-A83-FLX-COM;OPPO;A83;Flex de encendido y volumen;Compatible;2,55;;;6
OP-A83-SIM-COM;OPPO;A83;Bandeja SIM;Compatible;2,70;;;6
OP-A85-PAN-ORI;OPPO;A85;Pantalla;Original;26,89;26,08;25,28;12
OP-A85-PAN-COM;OPPO;A85;Pantalla;Compatible;12,65;12,27;11,89;6
OP-A85-BAT-COM;OPPO;A85;Batería;Compatible;8,60;;;6
OP-A85-CON-COM;OPPO;A85;Conector de carga;Compatible;3,59;;;6
OP-A85-TAP-COM;OPPO;A85;Tapa trasera;Compatible;4,89;;;6
OP-A85-CTR-COM;OPPO;A85;Cámara trasera;Compatible;6,19;;;6
OP-A85-CFR-COM;OPPO;A85;Cámara frontal;Compatible;4,10;;;6
OP-A85-LEN-COM;OPPO;A85;Lente de cámara;Compatible;2,45;;;6
OP-A85-ALT-COM;OPPO;A85;Altavoz;Compatible;3,75;;;6
OP-A85-AUR-COM;OPPO;A85;Auricular de llamada;Compatible;2,69;;;6
OP-A85-FLX-COM;OPPO;A85;Flex de encendido y volumen;Compatible;2,55;;;6
OP-A85-SIM-COM;OPPO;A85;Bandeja SIM;Compatible;2,70;;;6
OP-A75S-PAN-COM;OPPO;A75s;Pantalla;Compatible;12,65;12,27;11,89;6
OP-A75S-BAT-COM;OPPO;A75s;Batería;Compatible;8,60;;;6
OP-A75S-CON-COM;OPPO;A75s;Conector de carga;Compatible;3,59;;;6
OP-A75S-TAP-COM;OPPO;A75s;Tapa trasera;Compatible;4,89;;;6
OP-A75S-CTR-COM;OPPO;A75s;Cámara trasera;Compatible;6,19;;;6
OP-A75S-CFR-COM;OPPO;A75s;Cámara frontal;Compatible;4,10;;;6
OP-A75S-LEN-COM;OPPO;A75s;Lente de cámara;Compatible;2,45;;;6
OP-A75S-ALT-COM;OPPO;A75s;Altavoz;Compatible;3,75;;;6
OP-A75S-AUR-COM;OPPO;A75s;Auricular de llamada;Compatible;2,69;;;6
OP-A75S-FLX-COM;OPPO;A75s;Flex de encendido y volumen;Compatible;2,55;;;6
OP-A75S-SIM-COM;OPPO;A75s;Bandeja SIM;Compatible;2,70;;;6
OP-A79T-PAN-ORI;OPPO;A79t;Pantalla;Original;48,15;46,71;45,26;12
OP-A79T-PAN-OLS;OPPO;A79t;Pantalla;OLED Soft;32,45;31,48;30,50;6
OP-A79T-PAN-OLH;OPPO;A79t;Pantalla;OLED Hard;29,65;28,76;27,87;6
OP-A79T-PAN-INC;OPPO;A79t;Pantalla;Incell;14,89;14,44;14,00;6
OP-A79T-BAT-COM;OPPO;A79t;Batería;Compatible;8,60;;;6
OP-A79T-CON-COM;OPPO;A79t;Conector de carga;Compatible;3,59;;;6
OP-A79T-TAP-COM;OPPO;A79t;Tapa trasera;Compatible;4,89;;;6
OP-A79T-CTR-COM;OPPO;A79t;Cámara trasera;Compatible;6,19;;;6
OP-A79T-CFR-COM;OPPO;A79t;Cámara frontal;Compatible;4,10;;;6
OP-A79T-LEN-COM;OPPO;A79t;Lente de cámara;Compatible;2,45;;;6
OP-A79T-ALT-COM;OPPO;A79t;Altavoz;Compatible;3,75;;;6
OP-A79T-AUR-COM;OPPO;A79t;Auricular de llamada;Compatible;2,69;;;6
OP-A79T-FLX-COM;OPPO;A79t;Flex de encendido y volumen;Compatible;2,55;;;6
OP-A79T-SIM-COM;OPPO;A79t;Bandeja SIM;Compatible;2,70;;;6
OP-F5Y-PAN-ORI;OPPO;F5 Youth;Pantalla;Original;26,25;25,46;24,67;12
OP-F5Y-PAN-COM;OPPO;F5 Youth;Pantalla;Compatible;13,15;12,76;12,36;6
OP-F5Y-BAT-COM;OPPO;F5 Youth;Batería;Compatible;8,65;;;6
OP-F5Y-CON-COM;OPPO;F5 Youth;Conector de carga;Compatible;3,65;;;6
OP-F5Y-TAP-COM;OPPO;F5 Youth;Tapa trasera;Compatible;4,89;;;6
OP-F5Y-CTR-COM;OPPO;F5 Youth;Cámara trasera;Compatible;6,39;;;6
OP-F5Y-CFR-COM;OPPO;F5 Youth;Cámara frontal;Compatible;4,10;;;6
OP-F5Y-LEN-COM;OPPO;F5 Youth;Lente de cámara;Compatible;2,45;;;6
OP-F5Y-ALT-COM;OPPO;F5 Youth;Altavoz;Compatible;3,69;;;6
OP-F5Y-AUR-COM;OPPO;F5 Youth;Auricular de llamada;Compatible;2,69;;;6
OP-F5Y-FLX-COM;OPPO;F5 Youth;Flex de encendido y volumen;Compatible;2,55;;;6
OP-F5Y-SIM-COM;OPPO;F5 Youth;Bandeja SIM;Compatible;2,75;;;6
OP-R11SPL-PAN-ORI;OPPO;R11s Plus;Pantalla;Original;46,99;45,58;44,17;12
OP-R11SPL-PAN-OLS;OPPO;R11s Plus;Pantalla;OLED Soft;33,70;32,69;31,68;6
OP-R11SPL-PAN-OLH;OPPO;R11s Plus;Pantalla;OLED Hard;30,80;29,88;28,95;6
OP-R11SPL-PAN-INC;OPPO;R11s Plus;Pantalla;Incell;15,45;14,99;14,52;6
OP-R11SPL-BAT-COM;OPPO;R11s Plus;Batería;Compatible;8,65;;;6
OP-R11SPL-CON-COM;OPPO;R11s Plus;Conector de carga;Compatible;3,65;;;6
OP-R11SPL-TAP-COM;OPPO;R11s Plus;Tapa trasera;Compatible;4,89;;;6
OP-R11SPL-CTR-COM;OPPO;R11s Plus;Cámara trasera;Compatible;6,39;;;6
OP-R11SPL-CFR-COM;OPPO;R11s Plus;Cámara frontal;Compatible;4,10;;;6
OP-R11SPL-LEN-COM;OPPO;R11s Plus;Lente de cámara;Compatible;2,45;;;6
OP-R11SPL-ALT-COM;OPPO;R11s Plus;Altavoz;Compatible;3,69;;;6
OP-R11SPL-AUR-COM;OPPO;R11s Plus;Auricular de llamada;Compatible;2,69;;;6
OP-R11SPL-FLX-COM;OPPO;R11s Plus;Flex de encendido y volumen;Compatible;2,55;;;6
OP-R11SPL-SIM-COM;OPPO;R11s Plus;Bandeja SIM;Compatible;2,75;;;6
OP-F3L-PAN-ORI;OPPO;F3 Lite;Pantalla;Original;26,25;25,46;24,67;12
OP-F3L-PAN-COM;OPPO;F3 Lite;Pantalla;Compatible;13,15;12,76;12,36;6
OP-F3L-BAT-COM;OPPO;F3 Lite;Batería;Compatible;8,65;;;6
OP-F3L-CON-COM;OPPO;F3 Lite;Conector de carga;Compatible;3,65;;;6
OP-F3L-TAP-COM;OPPO;F3 Lite;Tapa trasera;Compatible;4,89;;;6
OP-F3L-CTR-COM;OPPO;F3 Lite;Cámara trasera;Compatible;6,39;;;6
OP-F3L-CFR-COM;OPPO;F3 Lite;Cámara frontal;Compatible;4,10;;;6
OP-F3L-LEN-COM;OPPO;F3 Lite;Lente de cámara;Compatible;2,45;;;6
OP-F3L-ALT-COM;OPPO;F3 Lite;Altavoz;Compatible;3,69;;;6
OP-F3L-AUR-COM;OPPO;F3 Lite;Auricular de llamada;Compatible;2,69;;;6
OP-F3L-FLX-COM;OPPO;F3 Lite;Flex de encendido y volumen;Compatible;2,55;;;6
OP-F3L-SIM-COM;OPPO;F3 Lite;Bandeja SIM;Compatible;2,75;;;6
OP-F52-PAN-ORI;OPPO;F5;Pantalla;Original;26,25;25,46;24,67;12
OP-F52-PAN-COM;OPPO;F5;Pantalla;Compatible;13,15;12,76;12,36;6
OP-F52-BAT-COM;OPPO;F5;Batería;Compatible;8,65;;;6
OP-F52-CON-COM;OPPO;F5;Conector de carga;Compatible;3,65;;;6
OP-F52-TAP-COM;OPPO;F5;Tapa trasera;Compatible;4,89;;;6
OP-F52-CTR-COM;OPPO;F5;Cámara trasera;Compatible;6,39;;;6
OP-F52-CFR-COM;OPPO;F5;Cámara frontal;Compatible;4,10;;;6
OP-F52-LEN-COM;OPPO;F5;Lente de cámara;Compatible;2,45;;;6
OP-F52-ALT-COM;OPPO;F5;Altavoz;Compatible;3,69;;;6
OP-F52-AUR-COM;OPPO;F5;Auricular de llamada;Compatible;2,69;;;6
OP-F52-FLX-COM;OPPO;F5;Flex de encendido y volumen;Compatible;2,55;;;6
OP-F52-SIM-COM;OPPO;F5;Bandeja SIM;Compatible;2,75;;;6
OP-F5PL-PAN-ORI;OPPO;F5 Plus;Pantalla;Original;26,25;25,46;24,67;12
OP-F5PL-PAN-COM;OPPO;F5 Plus;Pantalla;Compatible;13,15;12,76;12,36;6
OP-F5PL-BAT-COM;OPPO;F5 Plus;Batería;Compatible;8,65;;;6
OP-F5PL-CON-COM;OPPO;F5 Plus;Conector de carga;Compatible;3,65;;;6
OP-F5PL-TAP-COM;OPPO;F5 Plus;Tapa trasera;Compatible;4,89;;;6
OP-F5PL-CTR-COM;OPPO;F5 Plus;Cámara trasera;Compatible;6,39;;;6
OP-F5PL-CFR-COM;OPPO;F5 Plus;Cámara frontal;Compatible;4,10;;;6
OP-F5PL-LEN-COM;OPPO;F5 Plus;Lente de cámara;Compatible;2,45;;;6
OP-F5PL-ALT-COM;OPPO;F5 Plus;Altavoz;Compatible;3,69;;;6
OP-F5PL-AUR-COM;OPPO;F5 Plus;Auricular de llamada;Compatible;2,69;;;6
OP-F5PL-FLX-COM;OPPO;F5 Plus;Flex de encendido y volumen;Compatible;2,55;;;6
OP-F5PL-SIM-COM;OPPO;F5 Plus;Bandeja SIM;Compatible;2,75;;;6
OP-R11S-PAN-ORI;OPPO;R11s;Pantalla;Original;46,99;45,58;44,17;12
OP-R11S-PAN-OLS;OPPO;R11s;Pantalla;OLED Soft;33,70;32,69;31,68;6
OP-R11S-PAN-OLH;OPPO;R11s;Pantalla;OLED Hard;30,80;29,88;28,95;6
OP-R11S-PAN-INC;OPPO;R11s;Pantalla;Incell;15,45;14,99;14,52;6
OP-R11S-BAT-COM;OPPO;R11s;Batería;Compatible;8,65;;;6
OP-R11S-CON-COM;OPPO;R11s;Conector de carga;Compatible;3,65;;;6
OP-R11S-TAP-COM;OPPO;R11s;Tapa trasera;Compatible;4,89;;;6
OP-R11S-CTR-COM;OPPO;R11s;Cámara trasera;Compatible;6,39;;;6
OP-R11S-CFR-COM;OPPO;R11s;Cámara frontal;Compatible;4,10;;;6
OP-R11S-LEN-COM;OPPO;R11s;Lente de cámara;Compatible;2,45;;;6
OP-R11S-ALT-COM;OPPO;R11s;Altavoz;Compatible;3,69;;;6
OP-R11S-AUR-COM;OPPO;R11s;Auricular de llamada;Compatible;2,69;;;6
OP-R11S-FLX-COM;OPPO;R11s;Flex de encendido y volumen;Compatible;2,55;;;6
OP-R11S-SIM-COM;OPPO;R11s;Bandeja SIM;Compatible;2,75;;;6
OP-A71-PAN-ORI;OPPO;A71;Pantalla;Original;26,89;26,08;25,28;12
OP-A71-PAN-COM;OPPO;A71;Pantalla;Compatible;12,65;12,27;11,89;6
OP-A71-BAT-COM;OPPO;A71;Batería;Compatible;8,60;;;6
OP-A71-CON-COM;OPPO;A71;Conector de carga;Compatible;3,59;;;6
OP-A71-TAP-COM;OPPO;A71;Tapa trasera;Compatible;4,89;;;6
OP-A71-CTR-COM;OPPO;A71;Cámara trasera;Compatible;6,19;;;6
OP-A71-CFR-COM;OPPO;A71;Cámara frontal;Compatible;4,10;;;6
OP-A71-LEN-COM;OPPO;A71;Lente de cámara;Compatible;2,45;;;6
OP-A71-ALT-COM;OPPO;A71;Altavoz;Compatible;3,75;;;6
OP-A71-AUR-COM;OPPO;A71;Auricular de llamada;Compatible;2,69;;;6
OP-A71-FLX-COM;OPPO;A71;Flex de encendido y volumen;Compatible;2,55;;;6
OP-A71-SIM-COM;OPPO;A71;Bandeja SIM;Compatible;2,70;;;6
OP-R11PL-PAN-COM;OPPO;R11 Plus;Pantalla;Compatible;13,15;12,76;12,36;6
OP-R11PL-BAT-COM;OPPO;R11 Plus;Batería;Compatible;8,65;;;6
OP-R11PL-CON-COM;OPPO;R11 Plus;Conector de carga;Compatible;3,65;;;6
OP-R11PL-TAP-COM;OPPO;R11 Plus;Tapa trasera;Compatible;4,89;;;6
OP-R11PL-CTR-COM;OPPO;R11 Plus;Cámara trasera;Compatible;6,39;;;6
OP-R11PL-CFR-COM;OPPO;R11 Plus;Cámara frontal;Compatible;4,10;;;6
OP-R11PL-LEN-COM;OPPO;R11 Plus;Lente de cámara;Compatible;2,45;;;6
OP-R11PL-ALT-COM;OPPO;R11 Plus;Altavoz;Compatible;3,69;;;6
OP-R11PL-AUR-COM;OPPO;R11 Plus;Auricular de llamada;Compatible;2,69;;;6
OP-R11PL-FLX-COM;OPPO;R11 Plus;Flex de encendido y volumen;Compatible;2,55;;;6
OP-R11PL-SIM-COM;OPPO;R11 Plus;Bandeja SIM;Compatible;2,75;;;6
OP-A7717-PAN-ORI;OPPO;A77 2017;Pantalla;Original;26,89;26,08;25,28;12
OP-A7717-PAN-COM;OPPO;A77 2017;Pantalla;Compatible;12,65;12,27;11,89;6
OP-A7717-BAT-COM;OPPO;A77 2017;Batería;Compatible;8,60;;;6
OP-A7717-CON-COM;OPPO;A77 2017;Conector de carga;Compatible;3,59;;;6
OP-A7717-TAP-COM;OPPO;A77 2017;Tapa trasera;Compatible;4,89;;;6
OP-A7717-CTR-COM;OPPO;A77 2017;Cámara trasera;Compatible;6,19;;;6
OP-A7717-CFR-COM;OPPO;A77 2017;Cámara frontal;Compatible;4,10;;;6
OP-A7717-LEN-COM;OPPO;A77 2017;Lente de cámara;Compatible;2,45;;;6
OP-A7717-ALT-COM;OPPO;A77 2017;Altavoz;Compatible;3,75;;;6
OP-A7717-AUR-COM;OPPO;A77 2017;Auricular de llamada;Compatible;2,69;;;6
OP-A7717-FLX-COM;OPPO;A77 2017;Flex de encendido y volumen;Compatible;2,55;;;6
OP-A7717-SIM-COM;OPPO;A77 2017;Bandeja SIM;Compatible;2,70;;;6
OP-F3-PAN-ORI;OPPO;F3;Pantalla;Original;26,25;25,46;24,67;12
OP-F3-PAN-COM;OPPO;F3;Pantalla;Compatible;13,15;12,76;12,36;6
OP-F3-BAT-COM;OPPO;F3;Batería;Compatible;8,65;;;6
OP-F3-CON-COM;OPPO;F3;Conector de carga;Compatible;3,65;;;6
OP-F3-TAP-COM;OPPO;F3;Tapa trasera;Compatible;4,89;;;6
OP-F3-CTR-COM;OPPO;F3;Cámara trasera;Compatible;6,39;;;6
OP-F3-CFR-COM;OPPO;F3;Cámara frontal;Compatible;4,10;;;6
OP-F3-LEN-COM;OPPO;F3;Lente de cámara;Compatible;2,45;;;6
OP-F3-ALT-COM;OPPO;F3;Altavoz;Compatible;3,69;;;6
OP-F3-AUR-COM;OPPO;F3;Auricular de llamada;Compatible;2,69;;;6
OP-F3-FLX-COM;OPPO;F3;Flex de encendido y volumen;Compatible;2,55;;;6
OP-F3-SIM-COM;OPPO;F3;Bandeja SIM;Compatible;2,75;;;6
OP-R11-PAN-ORI;OPPO;R11;Pantalla;Original;46,99;45,58;44,17;12
OP-R11-PAN-OLS;OPPO;R11;Pantalla;OLED Soft;33,70;32,69;31,68;6
OP-R11-PAN-OLH;OPPO;R11;Pantalla;OLED Hard;30,80;29,88;28,95;6
OP-R11-PAN-INC;OPPO;R11;Pantalla;Incell;15,45;14,99;14,52;6
OP-R11-BAT-COM;OPPO;R11;Batería;Compatible;8,65;;;6
OP-R11-CON-COM;OPPO;R11;Conector de carga;Compatible;3,65;;;6
OP-R11-TAP-COM;OPPO;R11;Tapa trasera;Compatible;4,89;;;6
OP-R11-CTR-COM;OPPO;R11;Cámara trasera;Compatible;6,39;;;6
OP-R11-CFR-COM;OPPO;R11;Cámara frontal;Compatible;4,10;;;6
OP-R11-LEN-COM;OPPO;R11;Lente de cámara;Compatible;2,45;;;6
OP-R11-ALT-COM;OPPO;R11;Altavoz;Compatible;3,69;;;6
OP-R11-AUR-COM;OPPO;R11;Auricular de llamada;Compatible;2,69;;;6
OP-R11-FLX-COM;OPPO;R11;Flex de encendido y volumen;Compatible;2,55;;;6
OP-R11-SIM-COM;OPPO;R11;Bandeja SIM;Compatible;2,75;;;6
OP-A39-PAN-ORI;OPPO;A39;Pantalla;Original;26,89;26,08;25,28;12
OP-A39-PAN-COM;OPPO;A39;Pantalla;Compatible;12,65;12,27;11,89;6
OP-A39-BAT-COM;OPPO;A39;Batería;Compatible;8,60;;;6
OP-A39-CON-COM;OPPO;A39;Conector de carga;Compatible;3,59;;;6
OP-A39-TAP-COM;OPPO;A39;Tapa trasera;Compatible;4,89;;;6
OP-A39-CTR-COM;OPPO;A39;Cámara trasera;Compatible;6,19;;;6
OP-A39-CFR-COM;OPPO;A39;Cámara frontal;Compatible;4,10;;;6
OP-A39-LEN-COM;OPPO;A39;Lente de cámara;Compatible;2,45;;;6
OP-A39-ALT-COM;OPPO;A39;Altavoz;Compatible;3,75;;;6
OP-A39-AUR-COM;OPPO;A39;Auricular de llamada;Compatible;2,69;;;6
OP-A39-FLX-COM;OPPO;A39;Flex de encendido y volumen;Compatible;2,55;;;6
OP-A39-SIM-COM;OPPO;A39;Bandeja SIM;Compatible;2,70;;;6
OP-F3PL-PAN-ORI;OPPO;F3 Plus;Pantalla;Original;26,25;25,46;24,67;12
OP-F3PL-PAN-COM;OPPO;F3 Plus;Pantalla;Compatible;13,15;12,76;12,36;6
OP-F3PL-BAT-COM;OPPO;F3 Plus;Batería;Compatible;8,65;;;6
OP-F3PL-CON-COM;OPPO;F3 Plus;Conector de carga;Compatible;3,65;;;6
OP-F3PL-TAP-COM;OPPO;F3 Plus;Tapa trasera;Compatible;4,89;;;6
OP-F3PL-CTR-COM;OPPO;F3 Plus;Cámara trasera;Compatible;6,39;;;6
OP-F3PL-CFR-COM;OPPO;F3 Plus;Cámara frontal;Compatible;4,10;;;6
OP-F3PL-LEN-COM;OPPO;F3 Plus;Lente de cámara;Compatible;2,45;;;6
OP-F3PL-ALT-COM;OPPO;F3 Plus;Altavoz;Compatible;3,69;;;6
OP-F3PL-AUR-COM;OPPO;F3 Plus;Auricular de llamada;Compatible;2,69;;;6
OP-F3PL-FLX-COM;OPPO;F3 Plus;Flex de encendido y volumen;Compatible;2,55;;;6
OP-F3PL-SIM-COM;OPPO;F3 Plus;Bandeja SIM;Compatible;2,75;;;6
OP-A57-PAN-ORI;OPPO;A57;Pantalla;Original;26,89;26,08;25,28;12
OP-A57-PAN-COM;OPPO;A57;Pantalla;Compatible;12,65;12,27;11,89;6
OP-A57-BAT-COM;OPPO;A57;Batería;Compatible;8,60;;;6
OP-A57-CON-COM;OPPO;A57;Conector de carga;Compatible;3,59;;;6
OP-A57-TAP-COM;OPPO;A57;Tapa trasera;Compatible;4,89;;;6
OP-A57-CTR-COM;OPPO;A57;Cámara trasera;Compatible;6,19;;;6
OP-A57-CFR-COM;OPPO;A57;Cámara frontal;Compatible;4,10;;;6
OP-A57-LEN-COM;OPPO;A57;Lente de cámara;Compatible;2,45;;;6
OP-A57-ALT-COM;OPPO;A57;Altavoz;Compatible;3,75;;;6
OP-A57-AUR-COM;OPPO;A57;Auricular de llamada;Compatible;2,69;;;6
OP-A57-FLX-COM;OPPO;A57;Flex de encendido y volumen;Compatible;2,55;;;6
OP-A57-SIM-COM;OPPO;A57;Bandeja SIM;Compatible;2,70;;;6
OP-R9S-PAN-ORI;OPPO;R9s;Pantalla;Original;46,99;45,58;44,17;12
OP-R9S-PAN-OLS;OPPO;R9s;Pantalla;OLED Soft;33,70;32,69;31,68;6
OP-R9S-PAN-OLH;OPPO;R9s;Pantalla;OLED Hard;30,80;29,88;28,95;6
OP-R9S-PAN-INC;OPPO;R9s;Pantalla;Incell;15,45;14,99;14,52;6
OP-R9S-BAT-COM;OPPO;R9s;Batería;Compatible;8,65;;;6
OP-R9S-CON-COM;OPPO;R9s;Conector de carga;Compatible;3,65;;;6
OP-R9S-TAP-COM;OPPO;R9s;Tapa trasera;Compatible;4,89;;;6
OP-R9S-CTR-COM;OPPO;R9s;Cámara trasera;Compatible;6,39;;;6
OP-R9S-CFR-COM;OPPO;R9s;Cámara frontal;Compatible;4,10;;;6
OP-R9S-LEN-COM;OPPO;R9s;Lente de cámara;Compatible;2,45;;;6
OP-R9S-ALT-COM;OPPO;R9s;Altavoz;Compatible;3,69;;;6
OP-R9S-AUR-COM;OPPO;R9s;Auricular de llamada;Compatible;2,69;;;6
OP-R9S-FLX-COM;OPPO;R9s;Flex de encendido y volumen;Compatible;2,55;;;6
OP-R9S-SIM-COM;OPPO;R9s;Bandeja SIM;Compatible;2,75;;;6
OP-R9SPL-PAN-ORI;OPPO;R9s+;Pantalla;Original;46,99;45,58;44,17;12
OP-R9SPL-PAN-OLS;OPPO;R9s+;Pantalla;OLED Soft;33,70;32,69;31,68;6
OP-R9SPL-PAN-OLH;OPPO;R9s+;Pantalla;OLED Hard;30,80;29,88;28,95;6
OP-R9SPL-PAN-INC;OPPO;R9s+;Pantalla;Incell;15,45;14,99;14,52;6
OP-R9SPL-BAT-COM;OPPO;R9s+;Batería;Compatible;8,65;;;6
OP-R9SPL-CON-COM;OPPO;R9s+;Conector de carga;Compatible;3,65;;;6
OP-R9SPL-TAP-COM;OPPO;R9s+;Tapa trasera;Compatible;4,89;;;6
OP-R9SPL-CTR-COM;OPPO;R9s+;Cámara trasera;Compatible;6,39;;;6
OP-R9SPL-CFR-COM;OPPO;R9s+;Cámara frontal;Compatible;4,10;;;6
OP-R9SPL-LEN-COM;OPPO;R9s+;Lente de cámara;Compatible;2,45;;;6
OP-R9SPL-ALT-COM;OPPO;R9s+;Altavoz;Compatible;3,69;;;6
OP-R9SPL-AUR-COM;OPPO;R9s+;Auricular de llamada;Compatible;2,69;;;6
OP-R9SPL-FLX-COM;OPPO;R9s+;Flex de encendido y volumen;Compatible;2,55;;;6
OP-R9SPL-SIM-COM;OPPO;R9s+;Bandeja SIM;Compatible;2,75;;;6
OP-F1S-PAN-ORI;OPPO;F1s;Pantalla;Original;26,25;25,46;24,67;12
OP-F1S-PAN-COM;OPPO;F1s;Pantalla;Compatible;13,15;12,76;12,36;6
OP-F1S-BAT-COM;OPPO;F1s;Batería;Compatible;8,65;;;6
OP-F1S-CON-COM;OPPO;F1s;Conector de carga;Compatible;3,65;;;6
OP-F1S-TAP-COM;OPPO;F1s;Tapa trasera;Compatible;4,89;;;6
OP-F1S-CTR-COM;OPPO;F1s;Cámara trasera;Compatible;6,39;;;6
OP-F1S-CFR-COM;OPPO;F1s;Cámara frontal;Compatible;4,10;;;6
OP-F1S-LEN-COM;OPPO;F1s;Lente de cámara;Compatible;2,45;;;6
OP-F1S-ALT-COM;OPPO;F1s;Altavoz;Compatible;3,69;;;6
OP-F1S-AUR-COM;OPPO;F1s;Auricular de llamada;Compatible;2,69;;;6
OP-F1S-FLX-COM;OPPO;F1s;Flex de encendido y volumen;Compatible;2,55;;;6
OP-F1S-SIM-COM;OPPO;F1s;Bandeja SIM;Compatible;2,75;;;6
OP-A37-PAN-ORI;OPPO;A37;Pantalla;Original;26,89;26,08;25,28;12
OP-A37-PAN-COM;OPPO;A37;Pantalla;Compatible;12,65;12,27;11,89;6
OP-A37-BAT-COM;OPPO;A37;Batería;Compatible;8,60;;;6
OP-A37-CON-COM;OPPO;A37;Conector de carga;Compatible;3,59;;;6
OP-A37-TAP-COM;OPPO;A37;Tapa trasera;Compatible;4,89;;;6
OP-A37-CTR-COM;OPPO;A37;Cámara trasera;Compatible;6,19;;;6
OP-A37-CFR-COM;OPPO;A37;Cámara frontal;Compatible;4,10;;;6
OP-A37-LEN-COM;OPPO;A37;Lente de cámara;Compatible;2,45;;;6
OP-A37-ALT-COM;OPPO;A37;Altavoz;Compatible;3,75;;;6
OP-A37-AUR-COM;OPPO;A37;Auricular de llamada;Compatible;2,69;;;6
OP-A37-FLX-COM;OPPO;A37;Flex de encendido y volumen;Compatible;2,55;;;6
OP-A37-SIM-COM;OPPO;A37;Bandeja SIM;Compatible;2,70;;;6
OP-A59-PAN-ORI;OPPO;A59;Pantalla;Original;26,89;26,08;25,28;12
OP-A59-PAN-COM;OPPO;A59;Pantalla;Compatible;12,65;12,27;11,89;6
OP-A59-BAT-COM;OPPO;A59;Batería;Compatible;8,60;;;6
OP-A59-CON-COM;OPPO;A59;Conector de carga;Compatible;3,59;;;6
OP-A59-TAP-COM;OPPO;A59;Tapa trasera;Compatible;4,89;;;6
OP-A59-CTR-COM;OPPO;A59;Cámara trasera;Compatible;6,19;;;6
OP-A59-CFR-COM;OPPO;A59;Cámara frontal;Compatible;4,10;;;6
OP-A59-LEN-COM;OPPO;A59;Lente de cámara;Compatible;2,45;;;6
OP-A59-ALT-COM;OPPO;A59;Altavoz;Compatible;3,75;;;6
OP-A59-AUR-COM;OPPO;A59;Auricular de llamada;Compatible;2,69;;;6
OP-A59-FLX-COM;OPPO;A59;Flex de encendido y volumen;Compatible;2,55;;;6
OP-A59-SIM-COM;OPPO;A59;Bandeja SIM;Compatible;2,70;;;6
OP-R9-PAN-ORI;OPPO;R9;Pantalla;Original;35,10;34,05;32,99;12
OP-R9-PAN-OLS;OPPO;R9;Pantalla;OLED Soft;33,70;32,69;31,68;6
OP-R9-PAN-OLH;OPPO;R9;Pantalla;OLED Hard;30,80;29,88;28,95;6
OP-R9-PAN-INC;OPPO;R9;Pantalla;Incell;15,45;14,99;14,52;6
OP-R9-BAT-COM;OPPO;R9;Batería;Compatible;8,65;;;6
OP-R9-CON-COM;OPPO;R9;Conector de carga;Compatible;3,65;;;6
OP-R9-TAP-COM;OPPO;R9;Tapa trasera;Compatible;4,89;;;6
OP-R9-CTR-COM;OPPO;R9;Cámara trasera;Compatible;6,39;;;6
OP-R9-CFR-COM;OPPO;R9;Cámara frontal;Compatible;4,10;;;6
OP-R9-LEN-COM;OPPO;R9;Lente de cámara;Compatible;2,45;;;6
OP-R9-ALT-COM;OPPO;R9;Altavoz;Compatible;3,69;;;6
OP-R9-AUR-COM;OPPO;R9;Auricular de llamada;Compatible;2,69;;;6
OP-R9-FLX-COM;OPPO;R9;Flex de encendido y volumen;Compatible;2,55;;;6
OP-R9-SIM-COM;OPPO;R9;Bandeja SIM;Compatible;2,75;;;6
OP-R9PL-PAN-ORI;OPPO;R9+;Pantalla;Original;35,10;34,05;32,99;12
OP-R9PL-PAN-COM;OPPO;R9+;Pantalla;Compatible;13,15;12,76;12,36;6
OP-R9PL-BAT-COM;OPPO;R9+;Batería;Compatible;8,65;;;6
OP-R9PL-CON-COM;OPPO;R9+;Conector de carga;Compatible;3,65;;;6
OP-R9PL-TAP-COM;OPPO;R9+;Tapa trasera;Compatible;4,89;;;6
OP-R9PL-CTR-COM;OPPO;R9+;Cámara trasera;Compatible;6,39;;;6
OP-R9PL-CFR-COM;OPPO;R9+;Cámara frontal;Compatible;4,10;;;6
OP-R9PL-LEN-COM;OPPO;R9+;Lente de cámara;Compatible;2,45;;;6
OP-R9PL-ALT-COM;OPPO;R9+;Altavoz;Compatible;3,69;;;6
OP-R9PL-AUR-COM;OPPO;R9+;Auricular de llamada;Compatible;2,69;;;6
OP-R9PL-FLX-COM;OPPO;R9+;Flex de encendido y volumen;Compatible;2,55;;;6
OP-R9PL-SIM-COM;OPPO;R9+;Bandeja SIM;Compatible;2,75;;;6
OP-A30-PAN-ORI;OPPO;A30;Pantalla;Original;48,15;46,71;45,26;12
OP-A30-PAN-OLS;OPPO;A30;Pantalla;OLED Soft;32,45;31,48;30,50;6
OP-A30-PAN-OLH;OPPO;A30;Pantalla;OLED Hard;29,65;28,76;27,87;6
OP-A30-PAN-INC;OPPO;A30;Pantalla;Incell;14,89;14,44;14,00;6
OP-A30-BAT-COM;OPPO;A30;Batería;Compatible;8,60;;;6
OP-A30-CON-COM;OPPO;A30;Conector de carga;Compatible;3,59;;;6
OP-A30-TAP-COM;OPPO;A30;Tapa trasera;Compatible;4,89;;;6
OP-A30-CTR-COM;OPPO;A30;Cámara trasera;Compatible;6,19;;;6
OP-A30-CFR-COM;OPPO;A30;Cámara frontal;Compatible;4,10;;;6
OP-A30-LEN-COM;OPPO;A30;Lente de cámara;Compatible;2,45;;;6
OP-A30-ALT-COM;OPPO;A30;Altavoz;Compatible;3,75;;;6
OP-A30-AUR-COM;OPPO;A30;Auricular de llamada;Compatible;2,69;;;6
OP-A30-FLX-COM;OPPO;A30;Flex de encendido y volumen;Compatible;2,55;;;6
OP-A30-SIM-COM;OPPO;A30;Bandeja SIM;Compatible;2,70;;;6
OP-F1-PAN-ORI;OPPO;F1;Pantalla;Original;26,25;25,46;24,67;12
OP-F1-PAN-COM;OPPO;F1;Pantalla;Compatible;13,15;12,76;12,36;6
OP-F1-BAT-COM;OPPO;F1;Batería;Compatible;8,65;;;6
OP-F1-CON-COM;OPPO;F1;Conector de carga;Compatible;3,65;;;6
OP-F1-TAP-COM;OPPO;F1;Tapa trasera;Compatible;4,89;;;6
OP-F1-CTR-COM;OPPO;F1;Cámara trasera;Compatible;6,39;;;6
OP-F1-CFR-COM;OPPO;F1;Cámara frontal;Compatible;4,10;;;6
OP-F1-LEN-COM;OPPO;F1;Lente de cámara;Compatible;2,45;;;6
OP-F1-ALT-COM;OPPO;F1;Altavoz;Compatible;3,69;;;6
OP-F1-AUR-COM;OPPO;F1;Auricular de llamada;Compatible;2,69;;;6
OP-F1-FLX-COM;OPPO;F1;Flex de encendido y volumen;Compatible;2,55;;;6
OP-F1-SIM-COM;OPPO;F1;Bandeja SIM;Compatible;2,75;;;6
OP-A33-PAN-ORI;OPPO;A33;Pantalla;Original;26,89;26,08;25,28;12
OP-A33-PAN-COM;OPPO;A33;Pantalla;Compatible;12,65;12,27;11,89;6
OP-A33-BAT-COM;OPPO;A33;Batería;Compatible;8,60;;;6
OP-A33-CON-COM;OPPO;A33;Conector de carga;Compatible;3,59;;;6
OP-A33-TAP-COM;OPPO;A33;Tapa trasera;Compatible;4,89;;;6
OP-A33-CTR-COM;OPPO;A33;Cámara trasera;Compatible;6,19;;;6
OP-A33-CFR-COM;OPPO;A33;Cámara frontal;Compatible;4,10;;;6
OP-A33-LEN-COM;OPPO;A33;Lente de cámara;Compatible;2,45;;;6
OP-A33-ALT-COM;OPPO;A33;Altavoz;Compatible;3,75;;;6
OP-A33-AUR-COM;OPPO;A33;Auricular de llamada;Compatible;2,69;;;6
OP-A33-FLX-COM;OPPO;A33;Flex de encendido y volumen;Compatible;2,55;;;6
OP-A33-SIM-COM;OPPO;A33;Bandeja SIM;Compatible;2,70;;;6
OP-NEO7-PAN-ORI;OPPO;Neo 7;Pantalla;Original;26,25;25,46;24,67;12
OP-NEO7-PAN-COM;OPPO;Neo 7;Pantalla;Compatible;13,15;12,76;12,36;6
OP-NEO7-BAT-COM;OPPO;Neo 7;Batería;Compatible;8,65;;;6
OP-NEO7-CON-COM;OPPO;Neo 7;Conector de carga;Compatible;3,65;;;6
OP-NEO7-TAP-COM;OPPO;Neo 7;Tapa trasera;Compatible;4,89;;;6
OP-NEO7-CTR-COM;OPPO;Neo 7;Cámara trasera;Compatible;6,39;;;6
OP-NEO7-CFR-COM;OPPO;Neo 7;Cámara frontal;Compatible;4,10;;;6
OP-NEO7-LEN-COM;OPPO;Neo 7;Lente de cámara;Compatible;2,45;;;6
OP-NEO7-ALT-COM;OPPO;Neo 7;Altavoz;Compatible;3,69;;;6
OP-NEO7-AUR-COM;OPPO;Neo 7;Auricular de llamada;Compatible;2,69;;;6
OP-NEO7-FLX-COM;OPPO;Neo 7;Flex de encendido y volumen;Compatible;2,55;;;6
OP-NEO7-SIM-COM;OPPO;Neo 7;Bandeja SIM;Compatible;2,75;;;6
OP-R7L-PAN-ORI;OPPO;R7 Lite;Pantalla;Original;46,99;45,58;44,17;12
OP-R7L-PAN-OLS;OPPO;R7 Lite;Pantalla;OLED Soft;33,70;32,69;31,68;6
OP-R7L-PAN-OLH;OPPO;R7 Lite;Pantalla;OLED Hard;30,80;29,88;28,95;6
OP-R7L-PAN-INC;OPPO;R7 Lite;Pantalla;Incell;15,45;14,99;14,52;6
OP-R7L-BAT-COM;OPPO;R7 Lite;Batería;Compatible;8,65;;;6
OP-R7L-CON-COM;OPPO;R7 Lite;Conector de carga;Compatible;3,65;;;6
OP-R7L-TAP-COM;OPPO;R7 Lite;Tapa trasera;Compatible;4,89;;;6
OP-R7L-CTR-COM;OPPO;R7 Lite;Cámara trasera;Compatible;6,39;;;6
OP-R7L-CFR-COM;OPPO;R7 Lite;Cámara frontal;Compatible;4,10;;;6
OP-R7L-LEN-COM;OPPO;R7 Lite;Lente de cámara;Compatible;2,45;;;6
OP-R7L-ALT-COM;OPPO;R7 Lite;Altavoz;Compatible;3,69;;;6
OP-R7L-AUR-COM;OPPO;R7 Lite;Auricular de llamada;Compatible;2,69;;;6
OP-R7L-FLX-COM;OPPO;R7 Lite;Flex de encendido y volumen;Compatible;2,55;;;6
OP-R7L-SIM-COM;OPPO;R7 Lite;Bandeja SIM;Compatible;2,75;;;6
OP-R7S-PAN-ORI;OPPO;R7s;Pantalla;Original;46,99;45,58;44,17;12
OP-R7S-PAN-OLS;OPPO;R7s;Pantalla;OLED Soft;33,70;32,69;31,68;6
OP-R7S-PAN-OLH;OPPO;R7s;Pantalla;OLED Hard;30,80;29,88;28,95;6
OP-R7S-PAN-INC;OPPO;R7s;Pantalla;Incell;15,45;14,99;14,52;6
OP-R7S-BAT-COM;OPPO;R7s;Batería;Compatible;8,65;;;6
OP-R7S-CON-COM;OPPO;R7s;Conector de carga;Compatible;3,65;;;6
OP-R7S-TAP-COM;OPPO;R7s;Tapa trasera;Compatible;4,89;;;6
OP-R7S-CTR-COM;OPPO;R7s;Cámara trasera;Compatible;6,39;;;6
OP-R7S-CFR-COM;OPPO;R7s;Cámara frontal;Compatible;4,10;;;6
OP-R7S-LEN-COM;OPPO;R7s;Lente de cámara;Compatible;2,45;;;6
OP-R7S-ALT-COM;OPPO;R7s;Altavoz;Compatible;3,69;;;6
OP-R7S-AUR-COM;OPPO;R7s;Auricular de llamada;Compatible;2,69;;;6
OP-R7S-FLX-COM;OPPO;R7s;Flex de encendido y volumen;Compatible;2,55;;;6
OP-R7S-SIM-COM;OPPO;R7s;Bandeja SIM;Compatible;2,75;;;6
OP-JOY3-PAN-ORI;OPPO;Joy 3;Pantalla;Original;26,25;25,46;24,67;12
OP-JOY3-PAN-COM;OPPO;Joy 3;Pantalla;Compatible;13,15;12,76;12,36;6
OP-JOY3-BAT-COM;OPPO;Joy 3;Batería;Compatible;8,65;;;6
OP-JOY3-CON-COM;OPPO;Joy 3;Conector de carga;Compatible;3,65;;;6
OP-JOY3-TAP-COM;OPPO;Joy 3;Tapa trasera;Compatible;4,89;;;6
OP-JOY3-CTR-COM;OPPO;Joy 3;Cámara trasera;Compatible;6,39;;;6
OP-JOY3-CFR-COM;OPPO;Joy 3;Cámara frontal;Compatible;4,10;;;6
OP-JOY3-LEN-COM;OPPO;Joy 3;Lente de cámara;Compatible;2,45;;;6
OP-JOY3-ALT-COM;OPPO;Joy 3;Altavoz;Compatible;3,69;;;6
OP-JOY3-AUR-COM;OPPO;Joy 3;Auricular de llamada;Compatible;2,69;;;6
OP-JOY3-FLX-COM;OPPO;Joy 3;Flex de encendido y volumen;Compatible;2,55;;;6
OP-JOY3-SIM-COM;OPPO;Joy 3;Bandeja SIM;Compatible;2,75;;;6
OP-NEO515-PAN-ORI;OPPO;Neo 5 2015;Pantalla;Original;26,25;25,46;24,67;12
OP-NEO515-PAN-COM;OPPO;Neo 5 2015;Pantalla;Compatible;13,15;12,76;12,36;6
OP-NEO515-BAT-COM;OPPO;Neo 5 2015;Batería;Compatible;8,65;;;6
OP-NEO515-CON-COM;OPPO;Neo 5 2015;Conector de carga;Compatible;3,65;;;6
OP-NEO515-TAP-COM;OPPO;Neo 5 2015;Tapa trasera;Compatible;4,89;;;6
OP-NEO515-CTR-COM;OPPO;Neo 5 2015;Cámara trasera;Compatible;6,39;;;6
OP-NEO515-CFR-COM;OPPO;Neo 5 2015;Cámara frontal;Compatible;4,10;;;6
OP-NEO515-LEN-COM;OPPO;Neo 5 2015;Lente de cámara;Compatible;2,45;;;6
OP-NEO515-ALT-COM;OPPO;Neo 5 2015;Altavoz;Compatible;3,69;;;6
OP-NEO515-AUR-COM;OPPO;Neo 5 2015;Auricular de llamada;Compatible;2,69;;;6
OP-NEO515-FLX-COM;OPPO;Neo 5 2015;Flex de encendido y volumen;Compatible;2,55;;;6
OP-NEO515-SIM-COM;OPPO;Neo 5 2015;Bandeja SIM;Compatible;2,75;;;6
OP-R5S-PAN-ORI;OPPO;R5s;Pantalla;Original;46,99;45,58;44,17;12
OP-R5S-PAN-OLS;OPPO;R5s;Pantalla;OLED Soft;33,70;32,69;31,68;6
OP-R5S-PAN-OLH;OPPO;R5s;Pantalla;OLED Hard;30,80;29,88;28,95;6
OP-R5S-PAN-INC;OPPO;R5s;Pantalla;Incell;15,45;14,99;14,52;6
OP-R5S-BAT-COM;OPPO;R5s;Batería;Compatible;8,65;;;6
OP-R5S-CON-COM;OPPO;R5s;Conector de carga;Compatible;3,65;;;6
OP-R5S-TAP-COM;OPPO;R5s;Tapa trasera;Compatible;4,89;;;6
OP-R5S-CTR-COM;OPPO;R5s;Cámara trasera;Compatible;6,39;;;6
OP-R5S-CFR-COM;OPPO;R5s;Cámara frontal;Compatible;4,10;;;6
OP-R5S-LEN-COM;OPPO;R5s;Lente de cámara;Compatible;2,45;;;6
OP-R5S-ALT-COM;OPPO;R5s;Altavoz;Compatible;3,69;;;6
OP-R5S-AUR-COM;OPPO;R5s;Auricular de llamada;Compatible;2,69;;;6
OP-R5S-FLX-COM;OPPO;R5s;Flex de encendido y volumen;Compatible;2,55;;;6
OP-R5S-SIM-COM;OPPO;R5s;Bandeja SIM;Compatible;2,75;;;6
OP-NEO5S-PAN-ORI;OPPO;Neo 5s;Pantalla;Original;26,25;25,46;24,67;12
OP-NEO5S-PAN-COM;OPPO;Neo 5s;Pantalla;Compatible;13,15;12,76;12,36;6
OP-NEO5S-BAT-COM;OPPO;Neo 5s;Batería;Compatible;8,65;;;6
OP-NEO5S-CON-COM;OPPO;Neo 5s;Conector de carga;Compatible;3,65;;;6
OP-NEO5S-TAP-COM;OPPO;Neo 5s;Tapa trasera;Compatible;4,89;;;6
OP-NEO5S-CTR-COM;OPPO;Neo 5s;Cámara trasera;Compatible;6,39;;;6
OP-NEO5S-CFR-COM;OPPO;Neo 5s;Cámara frontal;Compatible;4,10;;;6
OP-NEO5S-LEN-COM;OPPO;Neo 5s;Lente de cámara;Compatible;2,45;;;6
OP-NEO5S-ALT-COM;OPPO;Neo 5s;Altavoz;Compatible;3,69;;;6
OP-NEO5S-AUR-COM;OPPO;Neo 5s;Auricular de llamada;Compatible;2,69;;;6
OP-NEO5S-FLX-COM;OPPO;Neo 5s;Flex de encendido y volumen;Compatible;2,55;;;6
OP-NEO5S-SIM-COM;OPPO;Neo 5s;Bandeja SIM;Compatible;2,75;;;6
OP-R72-PAN-ORI;OPPO;R7;Pantalla;Original;46,99;45,58;44,17;12
OP-R72-PAN-OLS;OPPO;R7;Pantalla;OLED Soft;33,70;32,69;31,68;6
OP-R72-PAN-OLH;OPPO;R7;Pantalla;OLED Hard;30,80;29,88;28,95;6
OP-R72-PAN-INC;OPPO;R7;Pantalla;Incell;15,45;14,99;14,52;6
OP-R72-BAT-COM;OPPO;R7;Batería;Compatible;8,65;;;6
OP-R72-CON-COM;OPPO;R7;Conector de carga;Compatible;3,65;;;6
OP-R72-TAP-COM;OPPO;R7;Tapa trasera;Compatible;4,89;;;6
OP-R72-CTR-COM;OPPO;R7;Cámara trasera;Compatible;6,39;;;6
OP-R72-CFR-COM;OPPO;R7;Cámara frontal;Compatible;4,10;;;6
OP-R72-LEN-COM;OPPO;R7;Lente de cámara;Compatible;2,45;;;6
OP-R72-ALT-COM;OPPO;R7;Altavoz;Compatible;3,69;;;6
OP-R72-AUR-COM;OPPO;R7;Auricular de llamada;Compatible;2,69;;;6
OP-R72-FLX-COM;OPPO;R7;Flex de encendido y volumen;Compatible;2,55;;;6
OP-R72-SIM-COM;OPPO;R7;Bandeja SIM;Compatible;2,75;;;6
OP-R7PL-PAN-ORI;OPPO;R7+;Pantalla;Original;46,99;45,58;44,17;12
OP-R7PL-PAN-OLS;OPPO;R7+;Pantalla;OLED Soft;33,70;32,69;31,68;6
OP-R7PL-PAN-OLH;OPPO;R7+;Pantalla;OLED Hard;30,80;29,88;28,95;6
OP-R7PL-PAN-INC;OPPO;R7+;Pantalla;Incell;15,45;14,99;14,52;6
OP-R7PL-BAT-COM;OPPO;R7+;Batería;Compatible;8,65;;;6
OP-R7PL-CON-COM;OPPO;R7+;Conector de carga;Compatible;3,65;;;6
OP-R7PL-TAP-COM;OPPO;R7+;Tapa trasera;Compatible;4,89;;;6
OP-R7PL-CTR-COM;OPPO;R7+;Cámara trasera;Compatible;6,39;;;6
OP-R7PL-CFR-COM;OPPO;R7+;Cámara frontal;Compatible;4,10;;;6
OP-R7PL-LEN-COM;OPPO;R7+;Lente de cámara;Compatible;2,45;;;6
OP-R7PL-ALT-COM;OPPO;R7+;Altavoz;Compatible;3,69;;;6
OP-R7PL-AUR-COM;OPPO;R7+;Auricular de llamada;Compatible;2,69;;;6
OP-R7PL-FLX-COM;OPPO;R7+;Flex de encendido y volumen;Compatible;2,55;;;6
OP-R7PL-SIM-COM;OPPO;R7+;Bandeja SIM;Compatible;2,75;;;6
OP-JOYPL-PAN-ORI;OPPO;Joy Plus;Pantalla;Original;26,25;25,46;24,67;12
OP-JOYPL-PAN-COM;OPPO;Joy Plus;Pantalla;Compatible;13,15;12,76;12,36;6
OP-JOYPL-BAT-COM;OPPO;Joy Plus;Batería;Compatible;8,65;;;6
OP-JOYPL-CON-COM;OPPO;Joy Plus;Conector de carga;Compatible;3,65;;;6
OP-JOYPL-TAP-COM;OPPO;Joy Plus;Tapa trasera;Compatible;4,89;;;6
OP-JOYPL-CTR-COM;OPPO;Joy Plus;Cámara trasera;Compatible;6,39;;;6
OP-JOYPL-CFR-COM;OPPO;Joy Plus;Cámara frontal;Compatible;4,10;;;6
OP-JOYPL-LEN-COM;OPPO;Joy Plus;Lente de cámara;Compatible;2,45;;;6
OP-JOYPL-ALT-COM;OPPO;Joy Plus;Altavoz;Compatible;3,69;;;6
OP-JOYPL-AUR-COM;OPPO;Joy Plus;Auricular de llamada;Compatible;2,69;;;6
OP-JOYPL-FLX-COM;OPPO;Joy Plus;Flex de encendido y volumen;Compatible;2,55;;;6
OP-JOYPL-SIM-COM;OPPO;Joy Plus;Bandeja SIM;Compatible;2,75;;;6
OP-N3-PAN-ORI;OPPO;N3;Pantalla;Original;26,25;25,46;24,67;12
OP-N3-PAN-COM;OPPO;N3;Pantalla;Compatible;13,15;12,76;12,36;6
OP-N3-BAT-COM;OPPO;N3;Batería;Compatible;8,65;;;6
OP-N3-CON-COM;OPPO;N3;Conector de carga;Compatible;3,65;;;6
OP-N3-TAP-COM;OPPO;N3;Tapa trasera;Compatible;4,89;;;6
OP-N3-CTR-COM;OPPO;N3;Cámara trasera;Compatible;6,39;;;6
OP-N3-CFR-COM;OPPO;N3;Cámara frontal;Compatible;4,10;;;6
OP-N3-LEN-COM;OPPO;N3;Lente de cámara;Compatible;2,45;;;6
OP-N3-ALT-COM;OPPO;N3;Altavoz;Compatible;3,69;;;6
OP-N3-AUR-COM;OPPO;N3;Auricular de llamada;Compatible;2,69;;;6
OP-N3-FLX-COM;OPPO;N3;Flex de encendido y volumen;Compatible;2,55;;;6
OP-N3-SIM-COM;OPPO;N3;Bandeja SIM;Compatible;2,75;;;6
OP-R1X-PAN-ORI;OPPO;R1x;Pantalla;Original;26,25;25,46;24,67;12
OP-R1X-PAN-COM;OPPO;R1x;Pantalla;Compatible;13,15;12,76;12,36;6
OP-R1X-BAT-COM;OPPO;R1x;Batería;Compatible;8,65;;;6
OP-R1X-CON-COM;OPPO;R1x;Conector de carga;Compatible;3,65;;;6
OP-R1X-TAP-COM;OPPO;R1x;Tapa trasera;Compatible;4,89;;;6
OP-R1X-CTR-COM;OPPO;R1x;Cámara trasera;Compatible;6,39;;;6
OP-R1X-CFR-COM;OPPO;R1x;Cámara frontal;Compatible;4,10;;;6
OP-R1X-LEN-COM;OPPO;R1x;Lente de cámara;Compatible;2,45;;;6
OP-R1X-ALT-COM;OPPO;R1x;Altavoz;Compatible;3,69;;;6
OP-R1X-AUR-COM;OPPO;R1x;Auricular de llamada;Compatible;2,69;;;6
OP-R1X-FLX-COM;OPPO;R1x;Flex de encendido y volumen;Compatible;2,55;;;6
OP-R1X-SIM-COM;OPPO;R1x;Bandeja SIM;Compatible;2,75;;;6
OP-R52-PAN-ORI;OPPO;R5;Pantalla;Original;46,99;45,58;44,17;12
OP-R52-PAN-OLS;OPPO;R5;Pantalla;OLED Soft;33,70;32,69;31,68;6
OP-R52-PAN-OLH;OPPO;R5;Pantalla;OLED Hard;30,80;29,88;28,95;6
OP-R52-PAN-INC;OPPO;R5;Pantalla;Incell;15,45;14,99;14,52;6
OP-R52-BAT-COM;OPPO;R5;Batería;Compatible;8,65;;;6
OP-R52-CON-COM;OPPO;R5;Conector de carga;Compatible;3,65;;;6
OP-R52-TAP-COM;OPPO;R5;Tapa trasera;Compatible;4,89;;;6
OP-R52-CTR-COM;OPPO;R5;Cámara trasera;Compatible;6,39;;;6
OP-R52-CFR-COM;OPPO;R5;Cámara frontal;Compatible;4,10;;;6
OP-R52-LEN-COM;OPPO;R5;Lente de cámara;Compatible;2,45;;;6
OP-R52-ALT-COM;OPPO;R5;Altavoz;Compatible;3,69;;;6
OP-R52-AUR-COM;OPPO;R5;Auricular de llamada;Compatible;2,69;;;6
OP-R52-FLX-COM;OPPO;R5;Flex de encendido y volumen;Compatible;2,55;;;6
OP-R52-SIM-COM;OPPO;R5;Bandeja SIM;Compatible;2,75;;;6
OP-N1MN-PAN-ORI;OPPO;N1 mini;Pantalla;Original;26,25;25,46;24,67;12
OP-N1MN-PAN-COM;OPPO;N1 mini;Pantalla;Compatible;13,15;12,76;12,36;6
OP-N1MN-BAT-COM;OPPO;N1 mini;Batería;Compatible;8,65;;;6
OP-N1MN-CON-COM;OPPO;N1 mini;Conector de carga;Compatible;3,65;;;6
OP-N1MN-TAP-COM;OPPO;N1 mini;Tapa trasera;Compatible;4,89;;;6
OP-N1MN-CTR-COM;OPPO;N1 mini;Cámara trasera;Compatible;6,39;;;6
OP-N1MN-CFR-COM;OPPO;N1 mini;Cámara frontal;Compatible;4,10;;;6
OP-N1MN-LEN-COM;OPPO;N1 mini;Lente de cámara;Compatible;2,45;;;6
OP-N1MN-ALT-COM;OPPO;N1 mini;Altavoz;Compatible;3,69;;;6
OP-N1MN-AUR-COM;OPPO;N1 mini;Auricular de llamada;Compatible;2,69;;;6
OP-N1MN-FLX-COM;OPPO;N1 mini;Flex de encendido y volumen;Compatible;2,55;;;6
OP-N1MN-SIM-COM;OPPO;N1 mini;Bandeja SIM;Compatible;2,75;;;6
OP-NEO3-PAN-ORI;OPPO;Neo 3;Pantalla;Original;26,25;25,46;24,67;12
OP-NEO3-PAN-COM;OPPO;Neo 3;Pantalla;Compatible;13,15;12,76;12,36;6
OP-NEO3-BAT-COM;OPPO;Neo 3;Batería;Compatible;8,65;;;6
OP-NEO3-CON-COM;OPPO;Neo 3;Conector de carga;Compatible;3,65;;;6
OP-NEO3-TAP-COM;OPPO;Neo 3;Tapa trasera;Compatible;4,89;;;6
OP-NEO3-CTR-COM;OPPO;Neo 3;Cámara trasera;Compatible;6,39;;;6
OP-NEO3-CFR-COM;OPPO;Neo 3;Cámara frontal;Compatible;4,10;;;6
OP-NEO3-LEN-COM;OPPO;Neo 3;Lente de cámara;Compatible;2,45;;;6
OP-NEO3-ALT-COM;OPPO;Neo 3;Altavoz;Compatible;3,69;;;6
OP-NEO3-AUR-COM;OPPO;Neo 3;Auricular de llamada;Compatible;2,69;;;6
OP-NEO3-FLX-COM;OPPO;Neo 3;Flex de encendido y volumen;Compatible;2,55;;;6
OP-NEO3-SIM-COM;OPPO;Neo 3;Bandeja SIM;Compatible;2,75;;;6
OP-NEO5-PAN-ORI;OPPO;Neo 5;Pantalla;Original;26,25;25,46;24,67;12
OP-NEO5-PAN-COM;OPPO;Neo 5;Pantalla;Compatible;13,15;12,76;12,36;6
OP-NEO5-BAT-COM;OPPO;Neo 5;Batería;Compatible;8,65;;;6
OP-NEO5-CON-COM;OPPO;Neo 5;Conector de carga;Compatible;3,65;;;6
OP-NEO5-TAP-COM;OPPO;Neo 5;Tapa trasera;Compatible;4,89;;;6
OP-NEO5-CTR-COM;OPPO;Neo 5;Cámara trasera;Compatible;6,39;;;6
OP-NEO5-CFR-COM;OPPO;Neo 5;Cámara frontal;Compatible;4,10;;;6
OP-NEO5-LEN-COM;OPPO;Neo 5;Lente de cámara;Compatible;2,45;;;6
OP-NEO5-ALT-COM;OPPO;Neo 5;Altavoz;Compatible;3,69;;;6
OP-NEO5-AUR-COM;OPPO;Neo 5;Auricular de llamada;Compatible;2,69;;;6
OP-NEO5-FLX-COM;OPPO;Neo 5;Flex de encendido y volumen;Compatible;2,55;;;6
OP-NEO5-SIM-COM;OPPO;Neo 5;Bandeja SIM;Compatible;2,75;;;6
OP-R1S-PAN-ORI;OPPO;R1s;Pantalla;Original;26,25;25,46;24,67;12
OP-R1S-PAN-COM;OPPO;R1s;Pantalla;Compatible;13,15;12,76;12,36;6
OP-R1S-BAT-COM;OPPO;R1s;Batería;Compatible;8,65;;;6
OP-R1S-CON-COM;OPPO;R1s;Conector de carga;Compatible;3,65;;;6
OP-R1S-TAP-COM;OPPO;R1s;Tapa trasera;Compatible;4,89;;;6
OP-R1S-CTR-COM;OPPO;R1s;Cámara trasera;Compatible;6,39;;;6
OP-R1S-CFR-COM;OPPO;R1s;Cámara frontal;Compatible;4,10;;;6
OP-R1S-LEN-COM;OPPO;R1s;Lente de cámara;Compatible;2,45;;;6
OP-R1S-ALT-COM;OPPO;R1s;Altavoz;Compatible;3,69;;;6
OP-R1S-AUR-COM;OPPO;R1s;Auricular de llamada;Compatible;2,69;;;6
OP-R1S-FLX-COM;OPPO;R1s;Flex de encendido y volumen;Compatible;2,55;;;6
OP-R1S-SIM-COM;OPPO;R1s;Bandeja SIM;Compatible;2,75;;;6
OP-R32-PAN-ORI;OPPO;R3;Pantalla;Original;26,25;25,46;24,67;12
OP-R32-PAN-COM;OPPO;R3;Pantalla;Compatible;13,15;12,76;12,36;6
OP-R32-BAT-COM;OPPO;R3;Batería;Compatible;8,65;;;6
OP-R32-CON-COM;OPPO;R3;Conector de carga;Compatible;3,65;;;6
OP-R32-TAP-COM;OPPO;R3;Tapa trasera;Compatible;4,89;;;6
OP-R32-CTR-COM;OPPO;R3;Cámara trasera;Compatible;6,39;;;6
OP-R32-CFR-COM;OPPO;R3;Cámara frontal;Compatible;4,10;;;6
OP-R32-LEN-COM;OPPO;R3;Lente de cámara;Compatible;2,45;;;6
OP-R32-ALT-COM;OPPO;R3;Altavoz;Compatible;3,69;;;6
OP-R32-AUR-COM;OPPO;R3;Auricular de llamada;Compatible;2,69;;;6
OP-R32-FLX-COM;OPPO;R3;Flex de encendido y volumen;Compatible;2,55;;;6
OP-R32-SIM-COM;OPPO;R3;Bandeja SIM;Compatible;2,75;;;6
OP-JOY-PAN-ORI;OPPO;Joy;Pantalla;Original;26,25;25,46;24,67;12
OP-JOY-PAN-COM;OPPO;Joy;Pantalla;Compatible;13,15;12,76;12,36;6
OP-JOY-BAT-COM;OPPO;Joy;Batería;Compatible;8,65;;;6
OP-JOY-CON-COM;OPPO;Joy;Conector de carga;Compatible;3,65;;;6
OP-JOY-TAP-COM;OPPO;Joy;Tapa trasera;Compatible;4,89;;;6
OP-JOY-CTR-COM;OPPO;Joy;Cámara trasera;Compatible;6,39;;;6
OP-JOY-CFR-COM;OPPO;Joy;Cámara frontal;Compatible;4,10;;;6
OP-JOY-LEN-COM;OPPO;Joy;Lente de cámara;Compatible;2,45;;;6
OP-JOY-ALT-COM;OPPO;Joy;Altavoz;Compatible;3,69;;;6
OP-JOY-AUR-COM;OPPO;Joy;Auricular de llamada;Compatible;2,69;;;6
OP-JOY-FLX-COM;OPPO;Joy;Flex de encendido y volumen;Compatible;2,55;;;6
OP-JOY-SIM-COM;OPPO;Joy;Bandeja SIM;Compatible;2,75;;;6
OP-R1-PAN-ORI;OPPO;R1;Pantalla;Original;26,25;25,46;24,67;12
OP-R1-PAN-COM;OPPO;R1;Pantalla;Compatible;13,15;12,76;12,36;6
OP-R1-BAT-COM;OPPO;R1;Batería;Compatible;8,65;;;6
OP-R1-CON-COM;OPPO;R1;Conector de carga;Compatible;3,65;;;6
OP-R1-TAP-COM;OPPO;R1;Tapa trasera;Compatible;4,89;;;6
OP-R1-CTR-COM;OPPO;R1;Cámara trasera;Compatible;6,39;;;6
OP-R1-CFR-COM;OPPO;R1;Cámara frontal;Compatible;4,10;;;6
OP-R1-LEN-COM;OPPO;R1;Lente de cámara;Compatible;2,45;;;6
OP-R1-ALT-COM;OPPO;R1;Altavoz;Compatible;3,69;;;6
OP-R1-AUR-COM;OPPO;R1;Auricular de llamada;Compatible;2,69;;;6
OP-R1-FLX-COM;OPPO;R1;Flex de encendido y volumen;Compatible;2,55;;;6
OP-R1-SIM-COM;OPPO;R1;Bandeja SIM;Compatible;2,75;;;6
OP-F7-PAN-COM;OPPO;Find 7;Pantalla;Compatible;13,15;12,76;12,36;6
OP-F7-BAT-COM;OPPO;Find 7;Batería;Compatible;8,65;;;6
OP-F7-CON-COM;OPPO;Find 7;Conector de carga;Compatible;3,65;;;6
OP-F7-TAP-COM;OPPO;Find 7;Tapa trasera;Compatible;4,89;;;6
OP-F7-CTR-COM;OPPO;Find 7;Cámara trasera;Compatible;6,39;;;6
OP-F7-CFR-COM;OPPO;Find 7;Cámara frontal;Compatible;4,10;;;6
OP-F7-LEN-COM;OPPO;Find 7;Lente de cámara;Compatible;2,45;;;6
OP-F7-ALT-COM;OPPO;Find 7;Altavoz;Compatible;3,69;;;6
OP-F7-AUR-COM;OPPO;Find 7;Auricular de llamada;Compatible;2,69;;;6
OP-F7-FLX-COM;OPPO;Find 7;Flex de encendido y volumen;Compatible;2,55;;;6
OP-F7-SIM-COM;OPPO;Find 7;Bandeja SIM;Compatible;2,75;;;6
OP-F7A-PAN-COM;OPPO;Find 7a;Pantalla;Compatible;13,15;12,76;12,36;6
OP-F7A-BAT-COM;OPPO;Find 7a;Batería;Compatible;8,65;;;6
OP-F7A-CON-COM;OPPO;Find 7a;Conector de carga;Compatible;3,65;;;6
OP-F7A-TAP-COM;OPPO;Find 7a;Tapa trasera;Compatible;4,89;;;6
OP-F7A-CTR-COM;OPPO;Find 7a;Cámara trasera;Compatible;6,39;;;6
OP-F7A-CFR-COM;OPPO;Find 7a;Cámara frontal;Compatible;4,10;;;6
OP-F7A-LEN-COM;OPPO;Find 7a;Lente de cámara;Compatible;2,45;;;6
OP-F7A-ALT-COM;OPPO;Find 7a;Altavoz;Compatible;3,69;;;6
OP-F7A-AUR-COM;OPPO;Find 7a;Auricular de llamada;Compatible;2,69;;;6
OP-F7A-FLX-COM;OPPO;Find 7a;Flex de encendido y volumen;Compatible;2,55;;;6
OP-F7A-SIM-COM;OPPO;Find 7a;Bandeja SIM;Compatible;2,75;;;6
OP-NEO-PAN-ORI;OPPO;Neo;Pantalla;Original;26,25;25,46;24,67;12
OP-NEO-PAN-COM;OPPO;Neo;Pantalla;Compatible;13,15;12,76;12,36;6
OP-NEO-BAT-COM;OPPO;Neo;Batería;Compatible;8,65;;;6
OP-NEO-CON-COM;OPPO;Neo;Conector de carga;Compatible;3,65;;;6
OP-NEO-TAP-COM;OPPO;Neo;Tapa trasera;Compatible;4,89;;;6
OP-NEO-CTR-COM;OPPO;Neo;Cámara trasera;Compatible;6,39;;;6
OP-NEO-CFR-COM;OPPO;Neo;Cámara frontal;Compatible;4,10;;;6
OP-NEO-LEN-COM;OPPO;Neo;Lente de cámara;Compatible;2,45;;;6
OP-NEO-ALT-COM;OPPO;Neo;Altavoz;Compatible;3,69;;;6
OP-NEO-AUR-COM;OPPO;Neo;Auricular de llamada;Compatible;2,69;;;6
OP-NEO-FLX-COM;OPPO;Neo;Flex de encendido y volumen;Compatible;2,55;;;6
OP-NEO-SIM-COM;OPPO;Neo;Bandeja SIM;Compatible;2,75;;;6
OP-F5MN-PAN-COM;OPPO;Find 5 Mini;Pantalla;Compatible;13,15;12,76;12,36;6
OP-F5MN-BAT-COM;OPPO;Find 5 Mini;Batería;Compatible;8,65;;;6
OP-F5MN-CON-COM;OPPO;Find 5 Mini;Conector de carga;Compatible;3,65;;;6
OP-F5MN-TAP-COM;OPPO;Find 5 Mini;Tapa trasera;Compatible;4,89;;;6
OP-F5MN-CTR-COM;OPPO;Find 5 Mini;Cámara trasera;Compatible;6,39;;;6
OP-F5MN-CFR-COM;OPPO;Find 5 Mini;Cámara frontal;Compatible;4,10;;;6
OP-F5MN-LEN-COM;OPPO;Find 5 Mini;Lente de cámara;Compatible;2,45;;;6
OP-F5MN-ALT-COM;OPPO;Find 5 Mini;Altavoz;Compatible;3,69;;;6
OP-F5MN-AUR-COM;OPPO;Find 5 Mini;Auricular de llamada;Compatible;2,69;;;6
OP-F5MN-FLX-COM;OPPO;Find 5 Mini;Flex de encendido y volumen;Compatible;2,55;;;6
OP-F5MN-SIM-COM;OPPO;Find 5 Mini;Bandeja SIM;Compatible;2,75;;;6
OP-N1-PAN-ORI;OPPO;N1;Pantalla;Original;26,25;25,46;24,67;12
OP-N1-PAN-COM;OPPO;N1;Pantalla;Compatible;13,15;12,76;12,36;6
OP-N1-BAT-COM;OPPO;N1;Batería;Compatible;8,65;;;6
OP-N1-CON-COM;OPPO;N1;Conector de carga;Compatible;3,65;;;6
OP-N1-TAP-COM;OPPO;N1;Tapa trasera;Compatible;4,89;;;6
OP-N1-CTR-COM;OPPO;N1;Cámara trasera;Compatible;6,39;;;6
OP-N1-CFR-COM;OPPO;N1;Cámara frontal;Compatible;4,10;;;6
OP-N1-LEN-COM;OPPO;N1;Lente de cámara;Compatible;2,45;;;6
OP-N1-ALT-COM;OPPO;N1;Altavoz;Compatible;3,69;;;6
OP-N1-AUR-COM;OPPO;N1;Auricular de llamada;Compatible;2,69;;;6
OP-N1-FLX-COM;OPPO;N1;Flex de encendido y volumen;Compatible;2,55;;;6
OP-N1-SIM-COM;OPPO;N1;Bandeja SIM;Compatible;2,75;;;6
OP-F5-PAN-ORI;OPPO;Find 5;Pantalla;Original;26,25;25,46;24,67;12
OP-F5-PAN-COM;OPPO;Find 5;Pantalla;Compatible;13,15;12,76;12,36;6
OP-F5-BAT-COM;OPPO;Find 5;Batería;Compatible;8,65;;;6
OP-F5-CON-COM;OPPO;Find 5;Conector de carga;Compatible;3,65;;;6
OP-F5-TAP-COM;OPPO;Find 5;Tapa trasera;Compatible;4,89;;;6
OP-F5-CTR-COM;OPPO;Find 5;Cámara trasera;Compatible;6,39;;;6
OP-F5-CFR-COM;OPPO;Find 5;Cámara frontal;Compatible;4,10;;;6
OP-F5-LEN-COM;OPPO;Find 5;Lente de cámara;Compatible;2,45;;;6
OP-F5-ALT-COM;OPPO;Find 5;Altavoz;Compatible;3,69;;;6
OP-F5-AUR-COM;OPPO;Find 5;Auricular de llamada;Compatible;2,69;;;6
OP-F5-FLX-COM;OPPO;Find 5;Flex de encendido y volumen;Compatible;2,55;;;6
OP-F5-SIM-COM;OPPO;Find 5;Bandeja SIM;Compatible;2,75;;;6
OP-F-PAN-COM;OPPO;Finder;Pantalla;Compatible;13,15;12,76;12,36;6
OP-F-BAT-COM;OPPO;Finder;Batería;Compatible;8,65;;;6
OP-F-CON-COM;OPPO;Finder;Conector de carga;Compatible;3,65;;;6
OP-F-TAP-COM;OPPO;Finder;Tapa trasera;Compatible;4,89;;;6
OP-F-CTR-COM;OPPO;Finder;Cámara trasera;Compatible;6,39;;;6
OP-F-CFR-COM;OPPO;Finder;Cámara frontal;Compatible;4,10;;;6
OP-F-LEN-COM;OPPO;Finder;Lente de cámara;Compatible;2,45;;;6
OP-F-ALT-COM;OPPO;Finder;Altavoz;Compatible;3,69;;;6
OP-F-AUR-COM;OPPO;Finder;Auricular de llamada;Compatible;2,69;;;6
OP-F-FLX-COM;OPPO;Finder;Flex de encendido y volumen;Compatible;2,55;;;6
OP-F-SIM-COM;OPPO;Finder;Bandeja SIM;Compatible;2,75;;;6
OP-K12PL-PAN-COM;OPPO;K12 Plus;Pantalla;Compatible;14,85;14,40;13,96;6
OP-K12PL-BAT-COM;OPPO;K12 Plus;Batería;Compatible;8,45;;;6
OP-K12PL-CON-COM;OPPO;K12 Plus;Conector de carga;Compatible;4,00;;;6
OP-K12PL-TAP-COM;OPPO;K12 Plus;Tapa trasera;Compatible;5,60;;;6
OP-K12PL-CTR-COM;OPPO;K12 Plus;Cámara trasera;Compatible;7,29;;;6
OP-K12PL-CFR-COM;OPPO;K12 Plus;Cámara frontal;Compatible;4,45;;;6
OP-K12PL-LEN-COM;OPPO;K12 Plus;Lente de cámara;Compatible;2,60;;;6
OP-K12PL-ALT-COM;OPPO;K12 Plus;Altavoz;Compatible;3,65;;;6
OP-K12PL-AUR-COM;OPPO;K12 Plus;Auricular de llamada;Compatible;2,65;;;6
OP-K12PL-FLX-COM;OPPO;K12 Plus;Flex de encendido y volumen;Compatible;2,85;;;6
OP-K12PL-SIM-COM;OPPO;K12 Plus;Bandeja SIM;Compatible;2,75;;;6
OP-R7SPL-PAN-COM;OPPO;R7s Plus;Pantalla;Compatible;13,15;12,76;12,36;6
OP-R7SPL-BAT-COM;OPPO;R7s Plus;Batería;Compatible;8,65;;;6
OP-R7SPL-CON-COM;OPPO;R7s Plus;Conector de carga;Compatible;3,65;;;6
OP-R7SPL-TAP-COM;OPPO;R7s Plus;Tapa trasera;Compatible;4,89;;;6
OP-R7SPL-CTR-COM;OPPO;R7s Plus;Cámara trasera;Compatible;6,39;;;6
OP-R7SPL-CFR-COM;OPPO;R7s Plus;Cámara frontal;Compatible;4,10;;;6
OP-R7SPL-LEN-COM;OPPO;R7s Plus;Lente de cámara;Compatible;2,45;;;6
OP-R7SPL-ALT-COM;OPPO;R7s Plus;Altavoz;Compatible;3,69;;;6
OP-R7SPL-AUR-COM;OPPO;R7s Plus;Auricular de llamada;Compatible;2,69;;;6
OP-R7SPL-FLX-COM;OPPO;R7s Plus;Flex de encendido y volumen;Compatible;2,55;;;6
OP-R7SPL-SIM-COM;OPPO;R7s Plus;Bandeja SIM;Compatible;2,75;;;6
OP-R15P-PAN-ORI;OPPO;R15 Pro;Pantalla;Original;46,99;45,58;44,17;12
OP-R15P-PAN-OLS;OPPO;R15 Pro;Pantalla;OLED Soft;33,70;32,69;31,68;6
OP-R15P-PAN-OLH;OPPO;R15 Pro;Pantalla;OLED Hard;30,80;29,88;28,95;6
OP-R15P-PAN-INC;OPPO;R15 Pro;Pantalla;Incell;15,45;14,99;14,52;6
OP-R15P-BAT-COM;OPPO;R15 Pro;Batería;Compatible;8,65;;;6
OP-R15P-CON-COM;OPPO;R15 Pro;Conector de carga;Compatible;3,65;;;6
OP-R15P-TAP-COM-MOR;OPPO;R15 Pro;Tapa trasera;Morado (Cosmic Purple);4,89;;;6
OP-R15P-TAP-COM-ROJ;OPPO;R15 Pro;Tapa trasera;Rojo (Ruby Red);4,89;;;6
OP-R15P-CTR-COM;OPPO;R15 Pro;Cámara trasera;Compatible;6,39;;;6
OP-R15P-CFR-COM;OPPO;R15 Pro;Cámara frontal;Compatible;4,10;;;6
OP-R15P-LEN-COM;OPPO;R15 Pro;Lente de cámara;Compatible;2,45;;;6
OP-R15P-ALT-COM;OPPO;R15 Pro;Altavoz;Compatible;3,69;;;6
OP-R15P-AUR-COM;OPPO;R15 Pro;Auricular de llamada;Compatible;2,69;;;6
OP-R15P-FLX-COM;OPPO;R15 Pro;Flex de encendido y volumen;Compatible;2,55;;;6
OP-R15P-SIM-COM;OPPO;R15 Pro;Bandeja SIM;Compatible;2,75;;;6
OP-A3-PAN-ORI;OPPO;A3;Pantalla;Original;26,89;26,08;25,28;12
OP-A3-PAN-COM;OPPO;A3;Pantalla;Compatible;12,65;12,27;11,89;6
OP-A3-BAT-COM;OPPO;A3;Batería;Compatible;8,60;;;6
OP-A3-CON-COM;OPPO;A3;Conector de carga;Compatible;3,59;;;6
OP-A3-TAP-COM-NEG;OPPO;A3;Tapa trasera;Negro (Diamond Black);4,89;;;6
OP-A3-TAP-COM-PLA;OPPO;A3;Tapa trasera;Plata;4,89;;;6
OP-A3-CTR-COM;OPPO;A3;Cámara trasera;Compatible;6,19;;;6
OP-A3-CFR-COM;OPPO;A3;Cámara frontal;Compatible;4,10;;;6
OP-A3-LEN-COM;OPPO;A3;Lente de cámara;Compatible;2,45;;;6
OP-A3-ALT-COM;OPPO;A3;Altavoz;Compatible;3,75;;;6
OP-A3-AUR-COM;OPPO;A3;Auricular de llamada;Compatible;2,69;;;6
OP-A3-FLX-COM;OPPO;A3;Flex de encendido y volumen;Compatible;2,55;;;6
OP-A3-SIM-COM;OPPO;A3;Bandeja SIM;Compatible;2,70;;;6
OP-FX-PAN-ORI;OPPO;Find X;Pantalla;Original;96,70;93,80;90,90;12
OP-FX-PAN-OLS;OPPO;Find X;Pantalla;OLED Soft;53,65;52,04;50,43;6
OP-FX-PAN-OLH;OPPO;Find X;Pantalla;OLED Hard;49,05;47,58;46,11;6
OP-FX-PAN-INC;OPPO;Find X;Pantalla;Incell;24,60;23,86;23,12;6
OP-FX-BAT-COM;OPPO;Find X;Batería;Compatible;9,65;;;6
OP-FX-CON-COM;OPPO;Find X;Conector de carga;Compatible;5,70;;;6
OP-FX-TAP-COM-ROJ;OPPO;Find X;Tapa trasera;Rojo (Bordeaux Red);6,85;;;6
OP-FX-TAP-COM-AZU;OPPO;Find X;Tapa trasera;Azul (Glacier Blue);6,85;;;6
OP-FX-CTR-COM;OPPO;Find X;Cámara trasera;Compatible;11,05;10,72;10,39;6
OP-FX-CFR-COM;OPPO;Find X;Cámara frontal;Compatible;5,80;;;6
OP-FX-LEN-COM;OPPO;Find X;Lente de cámara;Compatible;3,35;;;6
OP-FX-ALT-COM;OPPO;Find X;Altavoz;Compatible;4,75;;;6
OP-FX-AUR-COM;OPPO;Find X;Auricular de llamada;Compatible;3,60;;;6
OP-FX-FLX-COM;OPPO;Find X;Flex de encendido y volumen;Compatible;3,50;;;6
OP-FX-SIM-COM;OPPO;Find X;Bandeja SIM;Compatible;3,25;;;6
OP-RX17NEO-PAN-ORI;OPPO;RX17 Neo;Pantalla;Original;55,50;53,84;52,17;12
OP-RX17NEO-PAN-OLS;OPPO;RX17 Neo;Pantalla;OLED Soft;38,80;37,64;36,47;6
OP-RX17NEO-PAN-OLH;OPPO;RX17 Neo;Pantalla;OLED Hard;35,45;34,39;33,32;6
OP-RX17NEO-PAN-INC;OPPO;RX17 Neo;Pantalla;Incell;17,80;17,27;16,73;6
OP-RX17NEO-BAT-COM;OPPO;RX17 Neo;Batería;Compatible;9,39;;;6
OP-RX17NEO-CON-COM;OPPO;RX17 Neo;Conector de carga;Compatible;4,55;;;6
OP-RX17NEO-TAP-COM-ROJ;OPPO;RX17 Neo;Tapa trasera;Rojo (Mocha Red);5,49;;;6
OP-RX17NEO-TAP-COM-AZU;OPPO;RX17 Neo;Tapa trasera;Azul (Astral Blue);5,49;;;6
OP-RX17NEO-CTR-COM;OPPO;RX17 Neo;Cámara trasera;Compatible;7,25;;;6
OP-RX17NEO-CFR-COM;OPPO;RX17 Neo;Cámara frontal;Compatible;4,39;;;6
OP-RX17NEO-LEN-COM;OPPO;RX17 Neo;Lente de cámara;Compatible;2,39;;;6
OP-RX17NEO-ALT-COM;OPPO;RX17 Neo;Altavoz;Compatible;3,75;;;6
OP-RX17NEO-AUR-COM;OPPO;RX17 Neo;Auricular de llamada;Compatible;2,65;;;6
OP-RX17NEO-FLX-COM;OPPO;RX17 Neo;Flex de encendido y volumen;Compatible;2,49;;;6
OP-RX17NEO-SIM-COM;OPPO;RX17 Neo;Bandeja SIM;Compatible;2,60;;;6
OP-RX17P-PAN-ORI;OPPO;RX17 Pro;Pantalla;Original;67,60;65,57;63,54;12
OP-RX17P-PAN-OLS;OPPO;RX17 Pro;Pantalla;OLED Soft;41,55;40,30;39,06;6
OP-RX17P-PAN-OLH;OPPO;RX17 Pro;Pantalla;OLED Hard;37,95;36,81;35,67;6
OP-RX17P-PAN-INC;OPPO;RX17 Pro;Pantalla;Incell;19,05;18,48;17,91;6
OP-RX17P-BAT-COM;OPPO;RX17 Pro;Batería;Compatible;10,10;9,80;9,49;6
OP-RX17P-CON-COM;OPPO;RX17 Pro;Conector de carga;Compatible;4,25;;;6
OP-RX17P-TAP-COM-VER;OPPO;RX17 Pro;Tapa trasera;Verde (Emerald Green);5,55;;;6
OP-RX17P-TAP-COM-RAD;OPPO;RX17 Pro;Tapa trasera;Radiant Mist;5,55;;;6
OP-RX17P-CTR-COM;OPPO;RX17 Pro;Cámara trasera;Compatible;8,80;;;6
OP-RX17P-CFR-COM;OPPO;RX17 Pro;Cámara frontal;Compatible;4,65;;;6
OP-RX17P-LEN-COM;OPPO;RX17 Pro;Lente de cámara;Compatible;2,85;;;6
OP-RX17P-ALT-COM;OPPO;RX17 Pro;Altavoz;Compatible;4,15;;;6
OP-RX17P-AUR-COM;OPPO;RX17 Pro;Auricular de llamada;Compatible;3,29;;;6
OP-RX17P-FLX-COM;OPPO;RX17 Pro;Flex de encendido y volumen;Compatible;3,20;;;6
OP-RX17P-SIM-COM;OPPO;RX17 Pro;Bandeja SIM;Compatible;2,99;;;6
OP-R5-PAN-ORI;OPPO;Reno 5G;Pantalla;Original;55,50;53,84;52,17;12
OP-R5-PAN-OLS;OPPO;Reno 5G;Pantalla;OLED Soft;38,49;37,34;36,18;6
OP-R5-PAN-OLH;OPPO;Reno 5G;Pantalla;OLED Hard;35,19;34,13;33,08;6
OP-R5-PAN-INC;OPPO;Reno 5G;Pantalla;Incell;17,65;17,12;16,59;6
OP-R5-BAT-COM;OPPO;Reno 5G;Batería;Compatible;9,39;;;6
OP-R5-CON-COM;OPPO;Reno 5G;Conector de carga;Compatible;4,70;;;6
OP-R5-TAP-COM-VER;OPPO;Reno 5G;Tapa trasera;Verde (Ocean Green);5,25;;;6
OP-R5-CTR-COM;OPPO;Reno 5G;Cámara trasera;Compatible;7,25;;;6
OP-R5-CFR-COM;OPPO;Reno 5G;Cámara frontal;Compatible;4,30;;;6
OP-R5-LEN-COM;OPPO;Reno 5G;Lente de cámara;Compatible;2,39;;;6
OP-R5-ALT-COM;OPPO;Reno 5G;Altavoz;Compatible;3,79;;;6
OP-R5-AUR-COM;OPPO;Reno 5G;Auricular de llamada;Compatible;2,65;;;6
OP-R5-FLX-COM;OPPO;Reno 5G;Flex de encendido y volumen;Compatible;2,49;;;6
OP-R5-SIM-COM;OPPO;Reno 5G;Bandeja SIM;Compatible;2,60;;;6
OP-AX7-PAN-COM;OPPO;AX7;Pantalla;Compatible;12,65;12,27;11,89;6
OP-AX7-BAT-COM;OPPO;AX7;Batería;Compatible;8,60;;;6
OP-AX7-CON-COM;OPPO;AX7;Conector de carga;Compatible;3,59;;;6
OP-AX7-TAP-COM-AZU;OPPO;AX7;Tapa trasera;Azul (Glaze Blue);4,89;;;6
OP-AX7-CTR-COM;OPPO;AX7;Cámara trasera;Compatible;6,19;;;6
OP-AX7-CFR-COM;OPPO;AX7;Cámara frontal;Compatible;4,10;;;6
OP-AX7-LEN-COM;OPPO;AX7;Lente de cámara;Compatible;2,45;;;6
OP-AX7-ALT-COM;OPPO;AX7;Altavoz;Compatible;3,75;;;6
OP-AX7-AUR-COM;OPPO;AX7;Auricular de llamada;Compatible;2,69;;;6
OP-AX7-FLX-COM;OPPO;AX7;Flex de encendido y volumen;Compatible;2,55;;;6
OP-AX7-SIM-COM;OPPO;AX7;Bandeja SIM;Compatible;2,70;;;6
OP-A31-PAN-ORI;OPPO;A31;Pantalla;Original;29,59;28,70;27,81;12
OP-A31-PAN-COM;OPPO;A31;Pantalla;Compatible;13,45;13,05;12,64;6
OP-A31-BAT-COM;OPPO;A31;Batería;Compatible;7,35;;;6
OP-A31-CON-COM;OPPO;A31;Conector de carga;Compatible;3,45;;;6
OP-A31-TAP-COM;OPPO;A31;Tapa trasera;Compatible;5,00;;;6
OP-A31-CTR-COM;OPPO;A31;Cámara trasera;Compatible;5,05;;;6
OP-A31-CFR-COM;OPPO;A31;Cámara frontal;Compatible;3,00;;;6
OP-A31-LEN-COM;OPPO;A31;Lente de cámara;Compatible;2,49;;;6
OP-A31-ALT-COM;OPPO;A31;Altavoz;Compatible;3,45;;;6
OP-A31-AUR-COM;OPPO;A31;Auricular de llamada;Compatible;2,45;;;6
OP-A31-FLX-COM;OPPO;A31;Flex de encendido y volumen;Compatible;2,35;;;6
OP-A31-SIM-COM;OPPO;A31;Bandeja SIM;Compatible;2,75;;;6
OP-R3-PAN-ORI;OPPO;Reno3;Pantalla;Original;61,09;59,26;57,42;12
OP-R3-PAN-OLS;OPPO;Reno3;Pantalla;OLED Soft;40,85;39,62;38,40;6
OP-R3-PAN-OLH;OPPO;Reno3;Pantalla;OLED Hard;37,35;36,23;35,11;6
OP-R3-PAN-INC;OPPO;Reno3;Pantalla;Incell;18,75;18,19;17,63;6
OP-R3-BAT-COM;OPPO;Reno3;Batería;Compatible;8,00;;;6
OP-R3-CON-COM;OPPO;Reno3;Conector de carga;Compatible;4,50;;;6
OP-R3-TAP-COM;OPPO;Reno3;Tapa trasera;Compatible;5,39;;;6
OP-R3-CTR-COM;OPPO;Reno3;Cámara trasera;Compatible;5,90;;;6
OP-R3-CFR-COM;OPPO;Reno3;Cámara frontal;Compatible;3,15;;;6
OP-R3-LEN-COM;OPPO;Reno3;Lente de cámara;Compatible;2,40;;;6
OP-R3-ALT-COM;OPPO;Reno3;Altavoz;Compatible;3,49;;;6
OP-R3-AUR-COM;OPPO;Reno3;Auricular de llamada;Compatible;2,40;;;6
OP-R3-FLX-COM;OPPO;Reno3;Flex de encendido y volumen;Compatible;2,29;;;6
OP-R3-SIM-COM;OPPO;Reno3;Bandeja SIM;Compatible;2,65;;;6
OP-A12-PAN-ORI;OPPO;A12;Pantalla;Original;29,59;28,70;27,81;12
OP-A12-PAN-COM;OPPO;A12;Pantalla;Compatible;13,45;13,05;12,64;6
OP-A12-BAT-COM;OPPO;A12;Batería;Compatible;7,35;;;6
OP-A12-CON-COM;OPPO;A12;Conector de carga;Compatible;3,45;;;6
OP-A12-TAP-COM;OPPO;A12;Tapa trasera;Compatible;5,00;;;6
OP-A12-CTR-COM;OPPO;A12;Cámara trasera;Compatible;5,05;;;6
OP-A12-CFR-COM;OPPO;A12;Cámara frontal;Compatible;3,00;;;6
OP-A12-LEN-COM;OPPO;A12;Lente de cámara;Compatible;2,49;;;6
OP-A12-ALT-COM;OPPO;A12;Altavoz;Compatible;3,45;;;6
OP-A12-AUR-COM;OPPO;A12;Auricular de llamada;Compatible;2,45;;;6
OP-A12-FLX-COM;OPPO;A12;Flex de encendido y volumen;Compatible;2,35;;;6
OP-A12-SIM-COM;OPPO;A12;Bandeja SIM;Compatible;2,75;;;6
OP-R4-PAN-ORI;OPPO;Reno4;Pantalla;Original;61,09;59,26;57,42;12
OP-R4-PAN-OLS;OPPO;Reno4;Pantalla;OLED Soft;40,85;39,62;38,40;6
OP-R4-PAN-OLH;OPPO;Reno4;Pantalla;OLED Hard;37,35;36,23;35,11;6
OP-R4-PAN-INC;OPPO;Reno4;Pantalla;Incell;18,75;18,19;17,63;6
OP-R4-BAT-COM;OPPO;Reno4;Batería;Compatible;8,00;;;6
OP-R4-CON-COM;OPPO;Reno4;Conector de carga;Compatible;4,50;;;6
OP-R4-TAP-COM;OPPO;Reno4;Tapa trasera;Compatible;5,39;;;6
OP-R4-CTR-COM;OPPO;Reno4;Cámara trasera;Compatible;5,90;;;6
OP-R4-CFR-COM;OPPO;Reno4;Cámara frontal;Compatible;3,15;;;6
OP-R4-LEN-COM;OPPO;Reno4;Lente de cámara;Compatible;2,40;;;6
OP-R4-ALT-COM;OPPO;Reno4;Altavoz;Compatible;3,49;;;6
OP-R4-AUR-COM;OPPO;Reno4;Auricular de llamada;Compatible;2,40;;;6
OP-R4-FLX-COM;OPPO;Reno4;Flex de encendido y volumen;Compatible;2,29;;;6
OP-R4-SIM-COM;OPPO;Reno4;Bandeja SIM;Compatible;2,65;;;6
OP-R4L-PAN-ORI;OPPO;Reno4 Lite;Pantalla;Original;61,09;59,26;57,42;12
OP-R4L-PAN-OLS;OPPO;Reno4 Lite;Pantalla;OLED Soft;40,85;39,62;38,40;6
OP-R4L-PAN-OLH;OPPO;Reno4 Lite;Pantalla;OLED Hard;37,35;36,23;35,11;6
OP-R4L-PAN-INC;OPPO;Reno4 Lite;Pantalla;Incell;18,75;18,19;17,63;6
OP-R4L-BAT-COM;OPPO;Reno4 Lite;Batería;Compatible;8,00;;;6
OP-R4L-CON-COM;OPPO;Reno4 Lite;Conector de carga;Compatible;4,50;;;6
OP-R4L-TAP-COM;OPPO;Reno4 Lite;Tapa trasera;Compatible;5,39;;;6
OP-R4L-CTR-COM;OPPO;Reno4 Lite;Cámara trasera;Compatible;5,90;;;6
OP-R4L-CFR-COM;OPPO;Reno4 Lite;Cámara frontal;Compatible;3,15;;;6
OP-R4L-LEN-COM;OPPO;Reno4 Lite;Lente de cámara;Compatible;2,40;;;6
OP-R4L-ALT-COM;OPPO;Reno4 Lite;Altavoz;Compatible;3,49;;;6
OP-R4L-AUR-COM;OPPO;Reno4 Lite;Auricular de llamada;Compatible;2,40;;;6
OP-R4L-FLX-COM;OPPO;Reno4 Lite;Flex de encendido y volumen;Compatible;2,29;;;6
OP-R4L-SIM-COM;OPPO;Reno4 Lite;Bandeja SIM;Compatible;2,65;;;6
OP-A15S-PAN-ORI;OPPO;A15s;Pantalla;Original;29,59;28,70;27,81;12
OP-A15S-PAN-COM;OPPO;A15s;Pantalla;Compatible;13,45;13,05;12,64;6
OP-A15S-BAT-COM;OPPO;A15s;Batería;Compatible;7,35;;;6
OP-A15S-CON-COM;OPPO;A15s;Conector de carga;Compatible;3,45;;;6
OP-A15S-TAP-COM-NEG;OPPO;A15s;Tapa trasera;Negro (Dynamic Black);5,00;;;6
OP-A15S-TAP-COM-AZU;OPPO;A15s;Tapa trasera;Azul (Mystery Blue);5,00;;;6
OP-A15S-CTR-COM;OPPO;A15s;Cámara trasera;Compatible;5,05;;;6
OP-A15S-CFR-COM;OPPO;A15s;Cámara frontal;Compatible;3,00;;;6
OP-A15S-LEN-COM;OPPO;A15s;Lente de cámara;Compatible;2,49;;;6
OP-A15S-ALT-COM;OPPO;A15s;Altavoz;Compatible;3,45;;;6
OP-A15S-AUR-COM;OPPO;A15s;Auricular de llamada;Compatible;2,45;;;6
OP-A15S-FLX-COM;OPPO;A15s;Flex de encendido y volumen;Compatible;2,35;;;6
OP-A15S-SIM-COM;OPPO;A15s;Bandeja SIM;Compatible;2,75;;;6
OP-R5L-PAN-ORI;OPPO;Reno5 Lite;Pantalla;Original;61,09;59,26;57,42;12
OP-R5L-PAN-OLS;OPPO;Reno5 Lite;Pantalla;OLED Soft;40,85;39,62;38,40;6
OP-R5L-PAN-OLH;OPPO;Reno5 Lite;Pantalla;OLED Hard;37,35;36,23;35,11;6
OP-R5L-PAN-INC;OPPO;Reno5 Lite;Pantalla;Incell;18,75;18,19;17,63;6
OP-R5L-BAT-COM;OPPO;Reno5 Lite;Batería;Compatible;8,00;;;6
OP-R5L-CON-COM;OPPO;Reno5 Lite;Conector de carga;Compatible;4,50;;;6
OP-R5L-TAP-COM;OPPO;Reno5 Lite;Tapa trasera;Compatible;5,39;;;6
OP-R5L-CTR-COM;OPPO;Reno5 Lite;Cámara trasera;Compatible;5,90;;;6
OP-R5L-CFR-COM;OPPO;Reno5 Lite;Cámara frontal;Compatible;3,15;;;6
OP-R5L-LEN-COM;OPPO;Reno5 Lite;Lente de cámara;Compatible;2,40;;;6
OP-R5L-ALT-COM;OPPO;Reno5 Lite;Altavoz;Compatible;3,49;;;6
OP-R5L-AUR-COM;OPPO;Reno5 Lite;Auricular de llamada;Compatible;2,40;;;6
OP-R5L-FLX-COM;OPPO;Reno5 Lite;Flex de encendido y volumen;Compatible;2,29;;;6
OP-R5L-SIM-COM;OPPO;Reno5 Lite;Bandeja SIM;Compatible;2,65;;;6
OP-A54-PAN-ORI;OPPO;A54;Pantalla;Original;29,59;28,70;27,81;12
OP-A54-PAN-COM;OPPO;A54;Pantalla;Compatible;13,45;13,05;12,64;6
OP-A54-BAT-COM;OPPO;A54;Batería;Compatible;7,35;;;6
OP-A54-CON-COM;OPPO;A54;Conector de carga;Compatible;3,45;;;6
OP-A54-TAP-COM;OPPO;A54;Tapa trasera;Compatible;5,00;;;6
OP-A54-CTR-COM;OPPO;A54;Cámara trasera;Compatible;5,05;;;6
OP-A54-CFR-COM;OPPO;A54;Cámara frontal;Compatible;3,00;;;6
OP-A54-LEN-COM;OPPO;A54;Lente de cámara;Compatible;2,49;;;6
OP-A54-ALT-COM;OPPO;A54;Altavoz;Compatible;3,45;;;6
OP-A54-AUR-COM;OPPO;A54;Auricular de llamada;Compatible;2,45;;;6
OP-A54-FLX-COM;OPPO;A54;Flex de encendido y volumen;Compatible;2,35;;;6
OP-A54-SIM-COM;OPPO;A54;Bandeja SIM;Compatible;2,75;;;6
OP-A16S-PAN-ORI;OPPO;A16s;Pantalla;Original;29,59;28,70;27,81;12
OP-A16S-PAN-COM;OPPO;A16s;Pantalla;Compatible;13,45;13,05;12,64;6
OP-A16S-BAT-COM;OPPO;A16s;Batería;Compatible;7,35;;;6
OP-A16S-CON-COM;OPPO;A16s;Conector de carga;Compatible;3,45;;;6
OP-A16S-TAP-COM-AZU;OPPO;A16s;Tapa trasera;Azul (Pearl Blue);5,00;;;6
OP-A16S-TAP-COM-NEG;OPPO;A16s;Tapa trasera;Negro (Crystal Black);5,00;;;6
OP-A16S-CTR-COM;OPPO;A16s;Cámara trasera;Compatible;5,05;;;6
OP-A16S-CFR-COM;OPPO;A16s;Cámara frontal;Compatible;3,00;;;6
OP-A16S-LEN-COM;OPPO;A16s;Lente de cámara;Compatible;2,49;;;6
OP-A16S-ALT-COM;OPPO;A16s;Altavoz;Compatible;3,45;;;6
OP-A16S-AUR-COM;OPPO;A16s;Auricular de llamada;Compatible;2,45;;;6
OP-A16S-FLX-COM;OPPO;A16s;Flex de encendido y volumen;Compatible;2,35;;;6
OP-A16S-SIM-COM;OPPO;A16s;Bandeja SIM;Compatible;2,75;;;6
OP-A54S-PAN-ORI;OPPO;A54s;Pantalla;Original;29,59;28,70;27,81;12
OP-A54S-PAN-COM;OPPO;A54s;Pantalla;Compatible;13,45;13,05;12,64;6
OP-A54S-BAT-COM;OPPO;A54s;Batería;Compatible;7,35;;;6
OP-A54S-CON-COM;OPPO;A54s;Conector de carga;Compatible;3,45;;;6
OP-A54S-TAP-COM-AZU;OPPO;A54s;Tapa trasera;Azul (Pearl Blue);5,00;;;6
OP-A54S-TAP-COM-NEG;OPPO;A54s;Tapa trasera;Negro (Crystal Black);5,00;;;6
OP-A54S-CTR-COM;OPPO;A54s;Cámara trasera;Compatible;5,05;;;6
OP-A54S-CFR-COM;OPPO;A54s;Cámara frontal;Compatible;3,00;;;6
OP-A54S-LEN-COM;OPPO;A54s;Lente de cámara;Compatible;2,49;;;6
OP-A54S-ALT-COM;OPPO;A54s;Altavoz;Compatible;3,45;;;6
OP-A54S-AUR-COM;OPPO;A54s;Auricular de llamada;Compatible;2,45;;;6
OP-A54S-FLX-COM;OPPO;A54s;Flex de encendido y volumen;Compatible;2,35;;;6
OP-A54S-SIM-COM;OPPO;A54s;Bandeja SIM;Compatible;2,75;;;6
OP-A574-PAN-ORI;OPPO;A57 4G;Pantalla;Original;29,59;28,70;27,81;12
OP-A574-PAN-COM;OPPO;A57 4G;Pantalla;Compatible;14,25;13,82;13,40;6
OP-A574-BAT-COM;OPPO;A57 4G;Batería;Compatible;7,35;;;6
OP-A574-CON-COM;OPPO;A57 4G;Conector de carga;Compatible;3,45;;;6
OP-A574-TAP-COM-NEG;OPPO;A57 4G;Tapa trasera;Negro (Glowing Black);5,00;;;6
OP-A574-TAP-COM-VER;OPPO;A57 4G;Tapa trasera;Verde (Glowing Green);5,00;;;6
OP-A574-CTR-COM;OPPO;A57 4G;Cámara trasera;Compatible;5,05;;;6
OP-A574-CFR-COM;OPPO;A57 4G;Cámara frontal;Compatible;3,00;;;6
OP-A574-LEN-COM;OPPO;A57 4G;Lente de cámara;Compatible;2,49;;;6
OP-A574-ALT-COM;OPPO;A57 4G;Altavoz;Compatible;3,45;;;6
OP-A574-AUR-COM;OPPO;A57 4G;Auricular de llamada;Compatible;2,45;;;6
OP-A574-FLX-COM;OPPO;A57 4G;Flex de encendido y volumen;Compatible;2,35;;;6
OP-A574-SIM-COM;OPPO;A57 4G;Bandeja SIM;Compatible;2,75;;;6
OP-A605-PAN-ORI;OPPO;A60 5G;Pantalla;Original;30,55;29,63;28,72;12
OP-A605-PAN-COM;OPPO;A60 5G;Pantalla;Compatible;14,30;13,87;13,44;6
OP-A605-BAT-COM;OPPO;A60 5G;Batería;Compatible;8,39;;;6
OP-A605-CON-COM;OPPO;A60 5G;Conector de carga;Compatible;3,90;;;6
OP-A605-TAP-COM;OPPO;A60 5G;Tapa trasera;Compatible;5,60;;;6
OP-A605-CTR-COM;OPPO;A60 5G;Cámara trasera;Compatible;7,05;;;6
OP-A605-CFR-COM;OPPO;A60 5G;Cámara frontal;Compatible;4,45;;;6
OP-A605-LEN-COM;OPPO;A60 5G;Lente de cámara;Compatible;2,60;;;6
OP-A605-ALT-COM;OPPO;A60 5G;Altavoz;Compatible;3,70;;;6
OP-A605-AUR-COM;OPPO;A60 5G;Auricular de llamada;Compatible;2,65;;;6
OP-A605-FLX-COM;OPPO;A60 5G;Flex de encendido y volumen;Compatible;2,85;;;6
OP-A605-SIM-COM;OPPO;A60 5G;Bandeja SIM;Compatible;2,70;;;6
OP-R15FS5-PAN-ORI;OPPO;Reno15 FS 5G;Pantalla;Original;65,55;63,58;61,62;12
OP-R15FS5-PAN-OLS;OPPO;Reno15 FS 5G;Pantalla;OLED Soft;45,80;44,43;43,05;6
OP-R15FS5-PAN-OLH;OPPO;Reno15 FS 5G;Pantalla;OLED Hard;41,85;40,59;39,34;6
OP-R15FS5-PAN-INC;OPPO;Reno15 FS 5G;Pantalla;Incell;21,00;20,37;19,74;6
OP-R15FS5-BAT-COM;OPPO;Reno15 FS 5G;Batería;Compatible;8,60;;;6
OP-R15FS5-CON-COM;OPPO;Reno15 FS 5G;Conector de carga;Compatible;6,15;;;6
OP-R15FS5-TAP-COM-NEG;OPPO;Reno15 FS 5G;Tapa trasera;Negro (Twilight Black);6,45;;;6
OP-R15FS5-TAP-COM-AZU;OPPO;Reno15 FS 5G;Tapa trasera;Azul (Aurora Blue);6,45;;;6
OP-R15FS5-CTR-COM;OPPO;Reno15 FS 5G;Cámara trasera;Compatible;11,35;11,01;10,67;6
OP-R15FS5-CFR-COM;OPPO;Reno15 FS 5G;Cámara frontal;Compatible;6,45;;;6
OP-R15FS5-LEN-COM;OPPO;Reno15 FS 5G;Lente de cámara;Compatible;3,25;;;6
OP-R15FS5-ALT-COM;OPPO;Reno15 FS 5G;Altavoz;Compatible;4,95;;;6
OP-R15FS5-AUR-COM;OPPO;Reno15 FS 5G;Auricular de llamada;Compatible;3,70;;;6
OP-R15FS5-FLX-COM;OPPO;Reno15 FS 5G;Flex de encendido y volumen;Compatible;3,05;;;6
OP-R15FS5-SIM-COM;OPPO;Reno15 FS 5G;Bandeja SIM;Compatible;3,10;;;6
OP-R155-PAN-ORI;OPPO;Reno15 5G;Pantalla;Original;65,55;63,58;61,62;12
OP-R155-PAN-OLS;OPPO;Reno15 5G;Pantalla;OLED Soft;45,80;44,43;43,05;6
OP-R155-PAN-OLH;OPPO;Reno15 5G;Pantalla;OLED Hard;41,85;40,59;39,34;6
OP-R155-PAN-INC;OPPO;Reno15 5G;Pantalla;Incell;21,00;20,37;19,74;6
OP-R155-BAT-COM;OPPO;Reno15 5G;Batería;Compatible;8,60;;;6
OP-R155-CON-COM;OPPO;Reno15 5G;Conector de carga;Compatible;6,15;;;6
OP-R155-TAP-COM-NEG;OPPO;Reno15 5G;Tapa trasera;Negro (Twilight Black);6,45;;;6
OP-R155-TAP-COM-BLA;OPPO;Reno15 5G;Tapa trasera;Blanco (Aurora White);6,45;;;6
OP-R155-CTR-COM;OPPO;Reno15 5G;Cámara trasera;Compatible;11,35;11,01;10,67;6
OP-R155-CFR-COM;OPPO;Reno15 5G;Cámara frontal;Compatible;6,45;;;6
OP-R155-LEN-COM;OPPO;Reno15 5G;Lente de cámara;Compatible;3,25;;;6
OP-R155-ALT-COM;OPPO;Reno15 5G;Altavoz;Compatible;4,95;;;6
OP-R155-AUR-COM;OPPO;Reno15 5G;Auricular de llamada;Compatible;3,70;;;6
OP-R155-FLX-COM;OPPO;Reno15 5G;Flex de encendido y volumen;Compatible;3,05;;;6
OP-R155-SIM-COM;OPPO;Reno15 5G;Bandeja SIM;Compatible;3,10;;;6
OP-R15F5-PAN-ORI;OPPO;Reno15 F 5G;Pantalla;Original;65,55;63,58;61,62;12
OP-R15F5-PAN-OLS;OPPO;Reno15 F 5G;Pantalla;OLED Soft;45,80;44,43;43,05;6
OP-R15F5-PAN-OLH;OPPO;Reno15 F 5G;Pantalla;OLED Hard;41,85;40,59;39,34;6
OP-R15F5-PAN-INC;OPPO;Reno15 F 5G;Pantalla;Incell;21,00;20,37;19,74;6
OP-R15F5-BAT-COM;OPPO;Reno15 F 5G;Batería;Compatible;8,60;;;6
OP-R15F5-CON-COM;OPPO;Reno15 F 5G;Conector de carga;Compatible;6,15;;;6
OP-R15F5-TAP-COM-NEG;OPPO;Reno15 F 5G;Tapa trasera;Negro (Twilight Black);6,45;;;6
OP-R15F5-TAP-COM-AZU;OPPO;Reno15 F 5G;Tapa trasera;Azul (Aurora Blue);6,45;;;6
OP-R15F5-CTR-COM;OPPO;Reno15 F 5G;Cámara trasera;Compatible;11,35;11,01;10,67;6
OP-R15F5-CFR-COM;OPPO;Reno15 F 5G;Cámara frontal;Compatible;6,45;;;6
OP-R15F5-LEN-COM;OPPO;Reno15 F 5G;Lente de cámara;Compatible;3,25;;;6
OP-R15F5-ALT-COM;OPPO;Reno15 F 5G;Altavoz;Compatible;4,95;;;6
OP-R15F5-AUR-COM;OPPO;Reno15 F 5G;Auricular de llamada;Compatible;3,70;;;6
OP-R15F5-FLX-COM;OPPO;Reno15 F 5G;Flex de encendido y volumen;Compatible;3,05;;;6
OP-R15F5-SIM-COM;OPPO;Reno15 F 5G;Bandeja SIM;Compatible;3,10;;;6
OP-R15P5-PAN-ORI;OPPO;Reno15 Pro 5G;Pantalla;Original;79,80;77,41;75,01;12
OP-R15P5-PAN-OLS;OPPO;Reno15 Pro 5G;Pantalla;OLED Soft;49,05;47,58;46,11;6
OP-R15P5-PAN-OLH;OPPO;Reno15 Pro 5G;Pantalla;OLED Hard;44,80;43,46;42,11;6
OP-R15P5-PAN-INC;OPPO;Reno15 Pro 5G;Pantalla;Incell;22,49;21,82;21,14;6
OP-R15P5-BAT-COM;OPPO;Reno15 Pro 5G;Batería;Compatible;9,30;;;6
OP-R15P5-CON-COM;OPPO;Reno15 Pro 5G;Conector de carga;Compatible;5,75;;;6
OP-R15P5-TAP-COM-NEG;OPPO;Reno15 Pro 5G;Tapa trasera;Negro (Dusk Black);6,55;;;6
OP-R15P5-TAP-COM-AZU;OPPO;Reno15 Pro 5G;Tapa trasera;Azul (Aurora Blue);6,55;;;6
OP-R15P5-CTR-COM;OPPO;Reno15 Pro 5G;Cámara trasera;Compatible;13,79;13,38;12,96;6
OP-R15P5-CFR-COM;OPPO;Reno15 Pro 5G;Cámara frontal;Compatible;6,85;;;6
OP-R15P5-LEN-COM;OPPO;Reno15 Pro 5G;Lente de cámara;Compatible;3,89;;;6
OP-R15P5-ALT-COM;OPPO;Reno15 Pro 5G;Altavoz;Compatible;5,45;;;6
OP-R15P5-AUR-COM;OPPO;Reno15 Pro 5G;Auricular de llamada;Compatible;4,60;;;6
OP-R15P5-FLX-COM;OPPO;Reno15 Pro 5G;Flex de encendido y volumen;Compatible;3,95;;;6
OP-R15P5-SIM-COM;OPPO;Reno15 Pro 5G;Bandeja SIM;Compatible;3,55;;;6
OP-A7PM5-PAN-ORI;OPPO;A7 Pro Max 5G;Pantalla;Original;56,85;55,14;53,44;12
OP-A7PM5-PAN-OLS;OPPO;A7 Pro Max 5G;Pantalla;OLED Soft;38,65;37,49;36,33;6
OP-A7PM5-PAN-OLH;OPPO;A7 Pro Max 5G;Pantalla;OLED Hard;35,30;34,24;33,18;6
OP-A7PM5-PAN-INC;OPPO;A7 Pro Max 5G;Pantalla;Incell;17,70;17,17;16,64;6
OP-A7PM5-BAT-COM;OPPO;A7 Pro Max 5G;Batería;Compatible;8,25;;;6
OP-A7PM5-CON-COM;OPPO;A7 Pro Max 5G;Conector de carga;Compatible;4,65;;;6
OP-A7PM5-TAP-COM-NEG;OPPO;A7 Pro Max 5G;Tapa trasera;Negro (Lunar Black);6,00;;;6
OP-A7PM5-TAP-COM-AZU;OPPO;A7 Pro Max 5G;Tapa trasera;Azul (Surfing Blue);6,00;;;6
OP-A7PM5-CTR-COM;OPPO;A7 Pro Max 5G;Cámara trasera;Compatible;9,65;;;6
OP-A7PM5-CFR-COM;OPPO;A7 Pro Max 5G;Cámara frontal;Compatible;6,15;;;6
OP-A7PM5-LEN-COM;OPPO;A7 Pro Max 5G;Lente de cámara;Compatible;3,35;;;6
OP-A7PM5-ALT-COM;OPPO;A7 Pro Max 5G;Altavoz;Compatible;4,90;;;6
OP-A7PM5-AUR-COM;OPPO;A7 Pro Max 5G;Auricular de llamada;Compatible;3,75;;;6
OP-A7PM5-FLX-COM;OPPO;A7 Pro Max 5G;Flex de encendido y volumen;Compatible;3,10;;;6
OP-A7PM5-SIM-COM;OPPO;A7 Pro Max 5G;Bandeja SIM;Compatible;3,20;;;6
OP-FX2-PRO-NA;OPPO;Find X2;Cristal templado;Estándar;1,30;;;
OP-FX2-PRO-NA-FG;OPPO;Find X2;Cristal templado;UV full glue;4,15;;;
OP-FX2-PRO-PRI;OPPO;Find X2;Cristal templado;Privacidad;4,00;;;
OP-FX2-FUN-SIL;OPPO;Find X2;Funda;Silicona;2,50;;;
OP-FX2-FUN-TPU;OPPO;Find X2;Funda;Transparente;2,95;;;
OP-FX2-FUN-LIB;OPPO;Find X2;Funda;Libro;3,70;;;
OP-FX2-FUN-ANT;OPPO;Find X2;Funda;Antigolpes;3,10;;;
OP-FX2-PCA-NA;OPPO;Find X2;Protector de cámara;Cristal;2,90;;;
OP-FX2P-PRO-NA;OPPO;Find X2 Pro;Cristal templado;Estándar;1,30;;;
OP-FX2P-PRO-NA-FG;OPPO;Find X2 Pro;Cristal templado;UV full glue;4,15;;;
OP-FX2P-PRO-PRI;OPPO;Find X2 Pro;Cristal templado;Privacidad;4,00;;;
OP-FX2P-FUN-SIL;OPPO;Find X2 Pro;Funda;Silicona;2,50;;;
OP-FX2P-FUN-TPU;OPPO;Find X2 Pro;Funda;Transparente;2,95;;;
OP-FX2P-FUN-LIB;OPPO;Find X2 Pro;Funda;Libro;3,70;;;
OP-FX2P-FUN-ANT;OPPO;Find X2 Pro;Funda;Antigolpes;3,10;;;
OP-FX2P-PCA-NA;OPPO;Find X2 Pro;Protector de cámara;Cristal;2,90;;;
OP-FX2NEO-PRO-NA;OPPO;Find X2 Neo;Cristal templado;Estándar;1,30;;;
OP-FX2NEO-PRO-PRI;OPPO;Find X2 Neo;Cristal templado;Privacidad;4,00;;;
OP-FX2NEO-FUN-SIL;OPPO;Find X2 Neo;Funda;Silicona;2,50;;;
OP-FX2NEO-FUN-TPU;OPPO;Find X2 Neo;Funda;Transparente;2,95;;;
OP-FX2NEO-FUN-LIB;OPPO;Find X2 Neo;Funda;Libro;3,70;;;
OP-FX2NEO-FUN-ANT;OPPO;Find X2 Neo;Funda;Antigolpes;3,10;;;
OP-FX2NEO-PCA-NA;OPPO;Find X2 Neo;Protector de cámara;Cristal;2,90;;;
OP-FX2L-PRO-NA;OPPO;Find X2 Lite;Cristal templado;Estándar;1,30;;;
OP-FX2L-PRO-PRI;OPPO;Find X2 Lite;Cristal templado;Privacidad;4,00;;;
OP-FX2L-FUN-SIL;OPPO;Find X2 Lite;Funda;Silicona;2,50;;;
OP-FX2L-FUN-TPU;OPPO;Find X2 Lite;Funda;Transparente;2,95;;;
OP-FX2L-FUN-LIB;OPPO;Find X2 Lite;Funda;Libro;3,70;;;
OP-FX2L-FUN-ANT;OPPO;Find X2 Lite;Funda;Antigolpes;3,10;;;
OP-FX2L-PCA-NA;OPPO;Find X2 Lite;Protector de cámara;Cristal;2,90;;;
OP-FX3P-PRO-NA;OPPO;Find X3 Pro;Cristal templado;Estándar;1,30;;;
OP-FX3P-PRO-NA-FG;OPPO;Find X3 Pro;Cristal templado;UV full glue;4,15;;;
OP-FX3P-PRO-PRI;OPPO;Find X3 Pro;Cristal templado;Privacidad;4,00;;;
OP-FX3P-FUN-SIL;OPPO;Find X3 Pro;Funda;Silicona;2,50;;;
OP-FX3P-FUN-TPU;OPPO;Find X3 Pro;Funda;Transparente;2,95;;;
OP-FX3P-FUN-LIB;OPPO;Find X3 Pro;Funda;Libro;3,70;;;
OP-FX3P-FUN-ANT;OPPO;Find X3 Pro;Funda;Antigolpes;3,10;;;
OP-FX3P-PCA-NA;OPPO;Find X3 Pro;Protector de cámara;Cristal;2,90;;;
OP-FX3NEO-PRO-NA;OPPO;Find X3 Neo;Cristal templado;Estándar;1,30;;;
OP-FX3NEO-PRO-PRI;OPPO;Find X3 Neo;Cristal templado;Privacidad;4,00;;;
OP-FX3NEO-FUN-SIL;OPPO;Find X3 Neo;Funda;Silicona;2,50;;;
OP-FX3NEO-FUN-TPU;OPPO;Find X3 Neo;Funda;Transparente;2,95;;;
OP-FX3NEO-FUN-LIB;OPPO;Find X3 Neo;Funda;Libro;3,70;;;
OP-FX3NEO-FUN-ANT;OPPO;Find X3 Neo;Funda;Antigolpes;3,10;;;
OP-FX3NEO-PCA-NA;OPPO;Find X3 Neo;Protector de cámara;Cristal;2,90;;;
OP-FX3L-PRO-NA;OPPO;Find X3 Lite;Cristal templado;Estándar;1,30;;;
OP-FX3L-PRO-PRI;OPPO;Find X3 Lite;Cristal templado;Privacidad;4,00;;;
OP-FX3L-FUN-SIL;OPPO;Find X3 Lite;Funda;Silicona;2,50;;;
OP-FX3L-FUN-TPU;OPPO;Find X3 Lite;Funda;Transparente;2,95;;;
OP-FX3L-FUN-LIB;OPPO;Find X3 Lite;Funda;Libro;3,70;;;
OP-FX3L-FUN-ANT;OPPO;Find X3 Lite;Funda;Antigolpes;3,10;;;
OP-FX3L-PCA-NA;OPPO;Find X3 Lite;Protector de cámara;Cristal;2,90;;;
OP-FX5-PRO-NA;OPPO;Find X5;Cristal templado;Estándar;1,30;;;
OP-FX5-PRO-NA-FG;OPPO;Find X5;Cristal templado;UV full glue;4,15;;;
OP-FX5-PRO-PRI;OPPO;Find X5;Cristal templado;Privacidad;4,00;;;
OP-FX5-FUN-SIL;OPPO;Find X5;Funda;Silicona;2,50;;;
OP-FX5-FUN-TPU;OPPO;Find X5;Funda;Transparente;2,95;;;
OP-FX5-FUN-LIB;OPPO;Find X5;Funda;Libro;3,70;;;
OP-FX5-FUN-ANT;OPPO;Find X5;Funda;Antigolpes;3,10;;;
OP-FX5-PCA-NA;OPPO;Find X5;Protector de cámara;Cristal;2,90;;;
OP-FX5P-PRO-NA;OPPO;Find X5 Pro;Cristal templado;Estándar;1,30;;;
OP-FX5P-PRO-NA-FG;OPPO;Find X5 Pro;Cristal templado;UV full glue;4,15;;;
OP-FX5P-PRO-PRI;OPPO;Find X5 Pro;Cristal templado;Privacidad;4,00;;;
OP-FX5P-FUN-SIL;OPPO;Find X5 Pro;Funda;Silicona;2,50;;;
OP-FX5P-FUN-TPU;OPPO;Find X5 Pro;Funda;Transparente;2,95;;;
OP-FX5P-FUN-LIB;OPPO;Find X5 Pro;Funda;Libro;3,70;;;
OP-FX5P-FUN-ANT;OPPO;Find X5 Pro;Funda;Antigolpes;3,10;;;
OP-FX5P-PCA-NA;OPPO;Find X5 Pro;Protector de cámara;Cristal;2,90;;;
OP-FX5L-PRO-NA;OPPO;Find X5 Lite;Cristal templado;Estándar;1,30;;;
OP-FX5L-PRO-PRI;OPPO;Find X5 Lite;Cristal templado;Privacidad;4,00;;;
OP-FX5L-FUN-SIL;OPPO;Find X5 Lite;Funda;Silicona;2,50;;;
OP-FX5L-FUN-TPU;OPPO;Find X5 Lite;Funda;Transparente;2,95;;;
OP-FX5L-FUN-LIB;OPPO;Find X5 Lite;Funda;Libro;3,70;;;
OP-FX5L-FUN-ANT;OPPO;Find X5 Lite;Funda;Antigolpes;3,10;;;
OP-FX5L-PCA-NA;OPPO;Find X5 Lite;Protector de cámara;Cristal;2,90;;;
OP-FX8P-PRO-NA;OPPO;Find X8 Pro;Cristal templado;Estándar;1,30;;;
OP-FX8P-PRO-NA-FG;OPPO;Find X8 Pro;Cristal templado;UV full glue;4,15;;;
OP-FX8P-PRO-PRI;OPPO;Find X8 Pro;Cristal templado;Privacidad;4,00;;;
OP-FX8P-FUN-SIL;OPPO;Find X8 Pro;Funda;Silicona;2,50;;;
OP-FX8P-FUN-TPU;OPPO;Find X8 Pro;Funda;Transparente;2,95;;;
OP-FX8P-FUN-LIB;OPPO;Find X8 Pro;Funda;Libro;3,70;;;
OP-FX8P-FUN-ANT;OPPO;Find X8 Pro;Funda;Antigolpes;3,10;;;
OP-FX8P-PCA-NA;OPPO;Find X8 Pro;Protector de cámara;Cristal;2,90;;;
OP-FX9-PRO-NA;OPPO;Find X9;Cristal templado;Estándar;1,30;;;
OP-FX9-PRO-NA-FG;OPPO;Find X9;Cristal templado;UV full glue;4,15;;;
OP-FX9-PRO-PRI;OPPO;Find X9;Cristal templado;Privacidad;4,00;;;
OP-FX9-FUN-SIL;OPPO;Find X9;Funda;Silicona;2,50;;;
OP-FX9-FUN-TPU;OPPO;Find X9;Funda;Transparente;2,95;;;
OP-FX9-FUN-LIB;OPPO;Find X9;Funda;Libro;3,70;;;
OP-FX9-FUN-ANT;OPPO;Find X9;Funda;Antigolpes;3,10;;;
OP-FX9-PCA-NA;OPPO;Find X9;Protector de cámara;Cristal;2,90;;;
OP-FX9P-PRO-NA;OPPO;Find X9 Pro;Cristal templado;Estándar;1,30;;;
OP-FX9P-PRO-NA-FG;OPPO;Find X9 Pro;Cristal templado;UV full glue;4,15;;;
OP-FX9P-PRO-PRI;OPPO;Find X9 Pro;Cristal templado;Privacidad;4,00;;;
OP-FX9P-FUN-SIL;OPPO;Find X9 Pro;Funda;Silicona;2,50;;;
OP-FX9P-FUN-TPU;OPPO;Find X9 Pro;Funda;Transparente;2,95;;;
OP-FX9P-FUN-LIB;OPPO;Find X9 Pro;Funda;Libro;3,70;;;
OP-FX9P-FUN-ANT;OPPO;Find X9 Pro;Funda;Antigolpes;3,10;;;
OP-FX9P-PCA-NA;OPPO;Find X9 Pro;Protector de cámara;Cristal;2,90;;;
OP-FX9U-PRO-NA;OPPO;Find X9 Ultra;Cristal templado;Estándar;1,30;;;
OP-FX9U-PRO-NA-FG;OPPO;Find X9 Ultra;Cristal templado;UV full glue;4,15;;;
OP-FX9U-PRO-PRI;OPPO;Find X9 Ultra;Cristal templado;Privacidad;4,00;;;
OP-FX9U-FUN-SIL;OPPO;Find X9 Ultra;Funda;Silicona;2,50;;;
OP-FX9U-FUN-TPU;OPPO;Find X9 Ultra;Funda;Transparente;2,95;;;
OP-FX9U-FUN-LIB;OPPO;Find X9 Ultra;Funda;Libro;3,70;;;
OP-FX9U-FUN-ANT;OPPO;Find X9 Ultra;Funda;Antigolpes;3,10;;;
OP-FX9U-PCA-NA;OPPO;Find X9 Ultra;Protector de cámara;Cristal;2,90;;;
OP-FN2FL-PRO-NA;OPPO;Find N2 Flip;Cristal templado;Estándar;1,30;;;
OP-FN2FL-FUN-SIL;OPPO;Find N2 Flip;Funda;Silicona;2,50;;;
OP-FN2FL-FUN-TPU;OPPO;Find N2 Flip;Funda;Transparente;2,95;;;
OP-FN2FL-PCA-NA;OPPO;Find N2 Flip;Protector de cámara;Cristal;2,90;;;
OP-R-PRO-NA;OPPO;Reno;Cristal templado;Estándar;1,30;;;
OP-R-PRO-PRI;OPPO;Reno;Cristal templado;Privacidad;4,00;;;
OP-R-FUN-SIL;OPPO;Reno;Funda;Silicona;2,50;;;
OP-R-FUN-TPU;OPPO;Reno;Funda;Transparente;2,95;;;
OP-R-FUN-LIB;OPPO;Reno;Funda;Libro;3,70;;;
OP-R-FUN-ANT;OPPO;Reno;Funda;Antigolpes;3,10;;;
OP-R-PCA-NA;OPPO;Reno;Protector de cámara;Cristal;2,90;;;
OP-R10XZ-PRO-NA;OPPO;Reno 10x Zoom;Cristal templado;Estándar;1,30;;;
OP-R10XZ-PRO-PRI;OPPO;Reno 10x Zoom;Cristal templado;Privacidad;4,00;;;
OP-R10XZ-FUN-SIL;OPPO;Reno 10x Zoom;Funda;Silicona;2,50;;;
OP-R10XZ-FUN-TPU;OPPO;Reno 10x Zoom;Funda;Transparente;2,95;;;
OP-R10XZ-FUN-LIB;OPPO;Reno 10x Zoom;Funda;Libro;3,70;;;
OP-R10XZ-FUN-ANT;OPPO;Reno 10x Zoom;Funda;Antigolpes;3,10;;;
OP-R10XZ-PCA-NA;OPPO;Reno 10x Zoom;Protector de cámara;Cristal;2,90;;;
OP-RZ-PRO-NA;OPPO;Reno Z;Cristal templado;Estándar;1,30;;;
OP-RZ-PRO-PRI;OPPO;Reno Z;Cristal templado;Privacidad;4,00;;;
OP-RZ-FUN-SIL;OPPO;Reno Z;Funda;Silicona;2,50;;;
OP-RZ-FUN-TPU;OPPO;Reno Z;Funda;Transparente;2,95;;;
OP-RZ-FUN-LIB;OPPO;Reno Z;Funda;Libro;3,70;;;
OP-RZ-FUN-ANT;OPPO;Reno Z;Funda;Antigolpes;3,10;;;
OP-RZ-PCA-NA;OPPO;Reno Z;Protector de cámara;Cristal;2,90;;;
OP-R2-PRO-NA;OPPO;Reno2;Cristal templado;Estándar;1,30;;;
OP-R2-PRO-PRI;OPPO;Reno2;Cristal templado;Privacidad;4,00;;;
OP-R2-FUN-SIL;OPPO;Reno2;Funda;Silicona;2,50;;;
OP-R2-FUN-TPU;OPPO;Reno2;Funda;Transparente;2,95;;;
OP-R2-FUN-LIB;OPPO;Reno2;Funda;Libro;3,70;;;
OP-R2-FUN-ANT;OPPO;Reno2;Funda;Antigolpes;3,10;;;
OP-R2-PCA-NA;OPPO;Reno2;Protector de cámara;Cristal;2,90;;;
OP-R2Z-PRO-NA;OPPO;Reno2 Z;Cristal templado;Estándar;1,30;;;
OP-R2Z-PRO-PRI;OPPO;Reno2 Z;Cristal templado;Privacidad;4,00;;;
OP-R2Z-FUN-SIL;OPPO;Reno2 Z;Funda;Silicona;2,50;;;
OP-R2Z-FUN-TPU;OPPO;Reno2 Z;Funda;Transparente;2,95;;;
OP-R2Z-FUN-LIB;OPPO;Reno2 Z;Funda;Libro;3,70;;;
OP-R2Z-FUN-ANT;OPPO;Reno2 Z;Funda;Antigolpes;3,10;;;
OP-R2Z-PCA-NA;OPPO;Reno2 Z;Protector de cámara;Cristal;2,90;;;
OP-R45-PRO-NA;OPPO;Reno4 5G;Cristal templado;Estándar;1,30;;;
OP-R45-PRO-PRI;OPPO;Reno4 5G;Cristal templado;Privacidad;4,00;;;
OP-R45-FUN-SIL;OPPO;Reno4 5G;Funda;Silicona;2,50;;;
OP-R45-FUN-TPU;OPPO;Reno4 5G;Funda;Transparente;2,95;;;
OP-R45-FUN-LIB;OPPO;Reno4 5G;Funda;Libro;3,70;;;
OP-R45-FUN-ANT;OPPO;Reno4 5G;Funda;Antigolpes;3,10;;;
OP-R45-PCA-NA;OPPO;Reno4 5G;Protector de cámara;Cristal;2,90;;;
OP-R4P5-PRO-NA;OPPO;Reno4 Pro 5G;Cristal templado;Estándar;1,30;;;
OP-R4P5-PRO-PRI;OPPO;Reno4 Pro 5G;Cristal templado;Privacidad;4,00;;;
OP-R4P5-FUN-SIL;OPPO;Reno4 Pro 5G;Funda;Silicona;2,50;;;
OP-R4P5-FUN-TPU;OPPO;Reno4 Pro 5G;Funda;Transparente;2,95;;;
OP-R4P5-FUN-LIB;OPPO;Reno4 Pro 5G;Funda;Libro;3,70;;;
OP-R4P5-FUN-ANT;OPPO;Reno4 Pro 5G;Funda;Antigolpes;3,10;;;
OP-R4P5-PCA-NA;OPPO;Reno4 Pro 5G;Protector de cámara;Cristal;2,90;;;
OP-R4Z5-PRO-NA;OPPO;Reno4 Z 5G;Cristal templado;Estándar;1,30;;;
OP-R4Z5-PRO-PRI;OPPO;Reno4 Z 5G;Cristal templado;Privacidad;4,00;;;
OP-R4Z5-FUN-SIL;OPPO;Reno4 Z 5G;Funda;Silicona;2,50;;;
OP-R4Z5-FUN-TPU;OPPO;Reno4 Z 5G;Funda;Transparente;2,95;;;
OP-R4Z5-FUN-LIB;OPPO;Reno4 Z 5G;Funda;Libro;3,70;;;
OP-R4Z5-FUN-ANT;OPPO;Reno4 Z 5G;Funda;Antigolpes;3,10;;;
OP-R4Z5-PCA-NA;OPPO;Reno4 Z 5G;Protector de cámara;Cristal;2,90;;;
OP-R65-PRO-NA;OPPO;Reno6 5G;Cristal templado;Estándar;1,30;;;
OP-R65-PRO-PRI;OPPO;Reno6 5G;Cristal templado;Privacidad;4,00;;;
OP-R65-FUN-SIL;OPPO;Reno6 5G;Funda;Silicona;2,50;;;
OP-R65-FUN-TPU;OPPO;Reno6 5G;Funda;Transparente;2,95;;;
OP-R65-FUN-LIB;OPPO;Reno6 5G;Funda;Libro;3,70;;;
OP-R65-FUN-ANT;OPPO;Reno6 5G;Funda;Antigolpes;3,10;;;
OP-R65-PCA-NA;OPPO;Reno6 5G;Protector de cámara;Cristal;2,90;;;
OP-R6P5-PRO-NA;OPPO;Reno6 Pro 5G;Cristal templado;Estándar;1,30;;;
OP-R6P5-PRO-PRI;OPPO;Reno6 Pro 5G;Cristal templado;Privacidad;4,00;;;
OP-R6P5-FUN-SIL;OPPO;Reno6 Pro 5G;Funda;Silicona;2,50;;;
OP-R6P5-FUN-TPU;OPPO;Reno6 Pro 5G;Funda;Transparente;2,95;;;
OP-R6P5-FUN-LIB;OPPO;Reno6 Pro 5G;Funda;Libro;3,70;;;
OP-R6P5-FUN-ANT;OPPO;Reno6 Pro 5G;Funda;Antigolpes;3,10;;;
OP-R6P5-PCA-NA;OPPO;Reno6 Pro 5G;Protector de cámara;Cristal;2,90;;;
OP-R7-PRO-NA;OPPO;Reno7;Cristal templado;Estándar;1,30;;;
OP-R7-PRO-PRI;OPPO;Reno7;Cristal templado;Privacidad;4,00;;;
OP-R7-FUN-SIL;OPPO;Reno7;Funda;Silicona;2,50;;;
OP-R7-FUN-TPU;OPPO;Reno7;Funda;Transparente;2,95;;;
OP-R7-FUN-LIB;OPPO;Reno7;Funda;Libro;3,70;;;
OP-R7-FUN-ANT;OPPO;Reno7;Funda;Antigolpes;3,10;;;
OP-R7-PCA-NA;OPPO;Reno7;Protector de cámara;Cristal;2,90;;;
OP-R85-PRO-NA;OPPO;Reno8 5G;Cristal templado;Estándar;1,30;;;
OP-R85-PRO-PRI;OPPO;Reno8 5G;Cristal templado;Privacidad;4,00;;;
OP-R85-FUN-SIL;OPPO;Reno8 5G;Funda;Silicona;2,50;;;
OP-R85-FUN-TPU;OPPO;Reno8 5G;Funda;Transparente;2,95;;;
OP-R85-FUN-LIB;OPPO;Reno8 5G;Funda;Libro;3,70;;;
OP-R85-FUN-ANT;OPPO;Reno8 5G;Funda;Antigolpes;3,10;;;
OP-R85-PCA-NA;OPPO;Reno8 5G;Protector de cámara;Cristal;2,90;;;
OP-R8P5-PRO-NA;OPPO;Reno8 Pro 5G;Cristal templado;Estándar;1,30;;;
OP-R8P5-PRO-PRI;OPPO;Reno8 Pro 5G;Cristal templado;Privacidad;4,00;;;
OP-R8P5-FUN-SIL;OPPO;Reno8 Pro 5G;Funda;Silicona;2,50;;;
OP-R8P5-FUN-TPU;OPPO;Reno8 Pro 5G;Funda;Transparente;2,95;;;
OP-R8P5-FUN-LIB;OPPO;Reno8 Pro 5G;Funda;Libro;3,70;;;
OP-R8P5-FUN-ANT;OPPO;Reno8 Pro 5G;Funda;Antigolpes;3,10;;;
OP-R8P5-PCA-NA;OPPO;Reno8 Pro 5G;Protector de cámara;Cristal;2,90;;;
OP-R8L5-PRO-NA;OPPO;Reno8 Lite 5G;Cristal templado;Estándar;1,30;;;
OP-R8L5-PRO-PRI;OPPO;Reno8 Lite 5G;Cristal templado;Privacidad;4,00;;;
OP-R8L5-FUN-SIL;OPPO;Reno8 Lite 5G;Funda;Silicona;2,50;;;
OP-R8L5-FUN-TPU;OPPO;Reno8 Lite 5G;Funda;Transparente;2,95;;;
OP-R8L5-FUN-LIB;OPPO;Reno8 Lite 5G;Funda;Libro;3,70;;;
OP-R8L5-FUN-ANT;OPPO;Reno8 Lite 5G;Funda;Antigolpes;3,10;;;
OP-R8L5-PCA-NA;OPPO;Reno8 Lite 5G;Protector de cámara;Cristal;2,90;;;
OP-R8T-PRO-NA;OPPO;Reno8 T;Cristal templado;Estándar;1,30;;;
OP-R8T-PRO-PRI;OPPO;Reno8 T;Cristal templado;Privacidad;4,00;;;
OP-R8T-FUN-SIL;OPPO;Reno8 T;Funda;Silicona;2,50;;;
OP-R8T-FUN-TPU;OPPO;Reno8 T;Funda;Transparente;2,95;;;
OP-R8T-FUN-LIB;OPPO;Reno8 T;Funda;Libro;3,70;;;
OP-R8T-FUN-ANT;OPPO;Reno8 T;Funda;Antigolpes;3,10;;;
OP-R8T-PCA-NA;OPPO;Reno8 T;Protector de cámara;Cristal;2,90;;;
OP-R8T5-PRO-NA;OPPO;Reno8 T 5G;Cristal templado;Estándar;1,30;;;
OP-R8T5-PRO-PRI;OPPO;Reno8 T 5G;Cristal templado;Privacidad;4,00;;;
OP-R8T5-FUN-SIL;OPPO;Reno8 T 5G;Funda;Silicona;2,50;;;
OP-R8T5-FUN-TPU;OPPO;Reno8 T 5G;Funda;Transparente;2,95;;;
OP-R8T5-FUN-LIB;OPPO;Reno8 T 5G;Funda;Libro;3,70;;;
OP-R8T5-FUN-ANT;OPPO;Reno8 T 5G;Funda;Antigolpes;3,10;;;
OP-R8T5-PCA-NA;OPPO;Reno8 T 5G;Protector de cámara;Cristal;2,90;;;
OP-R105-PRO-NA;OPPO;Reno10 5G;Cristal templado;Estándar;1,30;;;
OP-R105-PRO-PRI;OPPO;Reno10 5G;Cristal templado;Privacidad;4,00;;;
OP-R105-FUN-SIL;OPPO;Reno10 5G;Funda;Silicona;2,50;;;
OP-R105-FUN-TPU;OPPO;Reno10 5G;Funda;Transparente;2,95;;;
OP-R105-FUN-LIB;OPPO;Reno10 5G;Funda;Libro;3,70;;;
OP-R105-FUN-ANT;OPPO;Reno10 5G;Funda;Antigolpes;3,10;;;
OP-R105-PCA-NA;OPPO;Reno10 5G;Protector de cámara;Cristal;2,90;;;
OP-R10P5-PRO-NA;OPPO;Reno10 Pro 5G;Cristal templado;Estándar;1,30;;;
OP-R10P5-PRO-PRI;OPPO;Reno10 Pro 5G;Cristal templado;Privacidad;4,00;;;
OP-R10P5-FUN-SIL;OPPO;Reno10 Pro 5G;Funda;Silicona;2,50;;;
OP-R10P5-FUN-TPU;OPPO;Reno10 Pro 5G;Funda;Transparente;2,95;;;
OP-R10P5-FUN-LIB;OPPO;Reno10 Pro 5G;Funda;Libro;3,70;;;
OP-R10P5-FUN-ANT;OPPO;Reno10 Pro 5G;Funda;Antigolpes;3,10;;;
OP-R10P5-PCA-NA;OPPO;Reno10 Pro 5G;Protector de cámara;Cristal;2,90;;;
OP-R11F5-PRO-NA;OPPO;Reno11 F 5G;Cristal templado;Estándar;1,30;;;
OP-R11F5-PRO-PRI;OPPO;Reno11 F 5G;Cristal templado;Privacidad;4,00;;;
OP-R11F5-FUN-SIL;OPPO;Reno11 F 5G;Funda;Silicona;2,50;;;
OP-R11F5-FUN-TPU;OPPO;Reno11 F 5G;Funda;Transparente;2,95;;;
OP-R11F5-FUN-LIB;OPPO;Reno11 F 5G;Funda;Libro;3,70;;;
OP-R11F5-FUN-ANT;OPPO;Reno11 F 5G;Funda;Antigolpes;3,10;;;
OP-R11F5-PCA-NA;OPPO;Reno11 F 5G;Protector de cámara;Cristal;2,90;;;
OP-R125-PRO-NA;OPPO;Reno12 5G;Cristal templado;Estándar;1,30;;;
OP-R125-PRO-PRI;OPPO;Reno12 5G;Cristal templado;Privacidad;4,00;;;
OP-R125-FUN-SIL;OPPO;Reno12 5G;Funda;Silicona;2,50;;;
OP-R125-FUN-TPU;OPPO;Reno12 5G;Funda;Transparente;2,95;;;
OP-R125-FUN-LIB;OPPO;Reno12 5G;Funda;Libro;3,70;;;
OP-R125-FUN-ANT;OPPO;Reno12 5G;Funda;Antigolpes;3,10;;;
OP-R125-PCA-NA;OPPO;Reno12 5G;Protector de cámara;Cristal;2,90;;;
OP-R12P5-PRO-NA;OPPO;Reno12 Pro 5G;Cristal templado;Estándar;1,30;;;
OP-R12P5-PRO-PRI;OPPO;Reno12 Pro 5G;Cristal templado;Privacidad;4,00;;;
OP-R12P5-FUN-SIL;OPPO;Reno12 Pro 5G;Funda;Silicona;2,50;;;
OP-R12P5-FUN-TPU;OPPO;Reno12 Pro 5G;Funda;Transparente;2,95;;;
OP-R12P5-FUN-LIB;OPPO;Reno12 Pro 5G;Funda;Libro;3,70;;;
OP-R12P5-FUN-ANT;OPPO;Reno12 Pro 5G;Funda;Antigolpes;3,10;;;
OP-R12P5-PCA-NA;OPPO;Reno12 Pro 5G;Protector de cámara;Cristal;2,90;;;
OP-R12F5-PRO-NA;OPPO;Reno12 F 5G;Cristal templado;Estándar;1,30;;;
OP-R12F5-PRO-PRI;OPPO;Reno12 F 5G;Cristal templado;Privacidad;4,00;;;
OP-R12F5-FUN-SIL;OPPO;Reno12 F 5G;Funda;Silicona;2,50;;;
OP-R12F5-FUN-TPU;OPPO;Reno12 F 5G;Funda;Transparente;2,95;;;
OP-R12F5-FUN-LIB;OPPO;Reno12 F 5G;Funda;Libro;3,70;;;
OP-R12F5-FUN-ANT;OPPO;Reno12 F 5G;Funda;Antigolpes;3,10;;;
OP-R12F5-PCA-NA;OPPO;Reno12 F 5G;Protector de cámara;Cristal;2,90;;;
OP-R12FS5-PRO-NA;OPPO;Reno12 FS 5G;Cristal templado;Estándar;1,30;;;
OP-R12FS5-PRO-PRI;OPPO;Reno12 FS 5G;Cristal templado;Privacidad;4,00;;;
OP-R12FS5-FUN-SIL;OPPO;Reno12 FS 5G;Funda;Silicona;2,50;;;
OP-R12FS5-FUN-TPU;OPPO;Reno12 FS 5G;Funda;Transparente;2,95;;;
OP-R12FS5-FUN-LIB;OPPO;Reno12 FS 5G;Funda;Libro;3,70;;;
OP-R12FS5-FUN-ANT;OPPO;Reno12 FS 5G;Funda;Antigolpes;3,10;;;
OP-R12FS5-PCA-NA;OPPO;Reno12 FS 5G;Protector de cámara;Cristal;2,90;;;
OP-R12F4-PRO-NA;OPPO;Reno12 F 4G;Cristal templado;Estándar;1,30;;;
OP-R12F4-PRO-PRI;OPPO;Reno12 F 4G;Cristal templado;Privacidad;4,00;;;
OP-R12F4-FUN-SIL;OPPO;Reno12 F 4G;Funda;Silicona;2,50;;;
OP-R12F4-FUN-TPU;OPPO;Reno12 F 4G;Funda;Transparente;2,95;;;
OP-R12F4-FUN-LIB;OPPO;Reno12 F 4G;Funda;Libro;3,70;;;
OP-R12F4-FUN-ANT;OPPO;Reno12 F 4G;Funda;Antigolpes;3,10;;;
OP-R12F4-PCA-NA;OPPO;Reno12 F 4G;Protector de cámara;Cristal;2,90;;;
OP-R12FS4-PRO-NA;OPPO;Reno12 FS 4G;Cristal templado;Estándar;1,30;;;
OP-R12FS4-PRO-PRI;OPPO;Reno12 FS 4G;Cristal templado;Privacidad;4,00;;;
OP-R12FS4-FUN-SIL;OPPO;Reno12 FS 4G;Funda;Silicona;2,50;;;
OP-R12FS4-FUN-TPU;OPPO;Reno12 FS 4G;Funda;Transparente;2,95;;;
OP-R12FS4-FUN-LIB;OPPO;Reno12 FS 4G;Funda;Libro;3,70;;;
OP-R12FS4-FUN-ANT;OPPO;Reno12 FS 4G;Funda;Antigolpes;3,10;;;
OP-R12FS4-PCA-NA;OPPO;Reno12 FS 4G;Protector de cámara;Cristal;2,90;;;
OP-R135-PRO-NA;OPPO;Reno13 5G;Cristal templado;Estándar;1,30;;;
OP-R135-PRO-PRI;OPPO;Reno13 5G;Cristal templado;Privacidad;4,00;;;
OP-R135-FUN-SIL;OPPO;Reno13 5G;Funda;Silicona;2,50;;;
OP-R135-FUN-TPU;OPPO;Reno13 5G;Funda;Transparente;2,95;;;
OP-R135-FUN-LIB;OPPO;Reno13 5G;Funda;Libro;3,70;;;
OP-R135-FUN-ANT;OPPO;Reno13 5G;Funda;Antigolpes;3,10;;;
OP-R135-PCA-NA;OPPO;Reno13 5G;Protector de cámara;Cristal;2,90;;;
OP-R13P5-PRO-NA;OPPO;Reno13 Pro 5G;Cristal templado;Estándar;1,30;;;
OP-R13P5-PRO-PRI;OPPO;Reno13 Pro 5G;Cristal templado;Privacidad;4,00;;;
OP-R13P5-FUN-SIL;OPPO;Reno13 Pro 5G;Funda;Silicona;2,50;;;
OP-R13P5-FUN-TPU;OPPO;Reno13 Pro 5G;Funda;Transparente;2,95;;;
OP-R13P5-FUN-LIB;OPPO;Reno13 Pro 5G;Funda;Libro;3,70;;;
OP-R13P5-FUN-ANT;OPPO;Reno13 Pro 5G;Funda;Antigolpes;3,10;;;
OP-R13P5-PCA-NA;OPPO;Reno13 Pro 5G;Protector de cámara;Cristal;2,90;;;
OP-R13F5-PRO-NA;OPPO;Reno13 F 5G;Cristal templado;Estándar;1,30;;;
OP-R13F5-PRO-PRI;OPPO;Reno13 F 5G;Cristal templado;Privacidad;4,00;;;
OP-R13F5-FUN-SIL;OPPO;Reno13 F 5G;Funda;Silicona;2,50;;;
OP-R13F5-FUN-TPU;OPPO;Reno13 F 5G;Funda;Transparente;2,95;;;
OP-R13F5-FUN-LIB;OPPO;Reno13 F 5G;Funda;Libro;3,70;;;
OP-R13F5-FUN-ANT;OPPO;Reno13 F 5G;Funda;Antigolpes;3,10;;;
OP-R13F5-PCA-NA;OPPO;Reno13 F 5G;Protector de cámara;Cristal;2,90;;;
OP-R13FS5-PRO-NA;OPPO;Reno13 FS 5G;Cristal templado;Estándar;1,30;;;
OP-R13FS5-PRO-PRI;OPPO;Reno13 FS 5G;Cristal templado;Privacidad;4,00;;;
OP-R13FS5-FUN-SIL;OPPO;Reno13 FS 5G;Funda;Silicona;2,50;;;
OP-R13FS5-FUN-TPU;OPPO;Reno13 FS 5G;Funda;Transparente;2,95;;;
OP-R13FS5-FUN-LIB;OPPO;Reno13 FS 5G;Funda;Libro;3,70;;;
OP-R13FS5-FUN-ANT;OPPO;Reno13 FS 5G;Funda;Antigolpes;3,10;;;
OP-R13FS5-PCA-NA;OPPO;Reno13 FS 5G;Protector de cámara;Cristal;2,90;;;
OP-R145-PRO-NA;OPPO;Reno14 5G;Cristal templado;Estándar;1,30;;;
OP-R145-PRO-PRI;OPPO;Reno14 5G;Cristal templado;Privacidad;4,00;;;
OP-R145-FUN-SIL;OPPO;Reno14 5G;Funda;Silicona;2,50;;;
OP-R145-FUN-TPU;OPPO;Reno14 5G;Funda;Transparente;2,95;;;
OP-R145-FUN-LIB;OPPO;Reno14 5G;Funda;Libro;3,70;;;
OP-R145-FUN-ANT;OPPO;Reno14 5G;Funda;Antigolpes;3,10;;;
OP-R145-PCA-NA;OPPO;Reno14 5G;Protector de cámara;Cristal;2,90;;;
OP-R14F5-PRO-NA;OPPO;Reno14 F 5G;Cristal templado;Estándar;1,30;;;
OP-R14F5-PRO-PRI;OPPO;Reno14 F 5G;Cristal templado;Privacidad;4,00;;;
OP-R14F5-FUN-SIL;OPPO;Reno14 F 5G;Funda;Silicona;2,50;;;
OP-R14F5-FUN-TPU;OPPO;Reno14 F 5G;Funda;Transparente;2,95;;;
OP-R14F5-FUN-LIB;OPPO;Reno14 F 5G;Funda;Libro;3,70;;;
OP-R14F5-FUN-ANT;OPPO;Reno14 F 5G;Funda;Antigolpes;3,10;;;
OP-R14F5-PCA-NA;OPPO;Reno14 F 5G;Protector de cámara;Cristal;3,69;;;
OP-R14FS5-PRO-NA;OPPO;Reno14 FS 5G;Cristal templado;Estándar;1,30;;;
OP-R14FS5-PRO-PRI;OPPO;Reno14 FS 5G;Cristal templado;Privacidad;4,00;;;
OP-R14FS5-FUN-SIL;OPPO;Reno14 FS 5G;Funda;Silicona;2,50;;;
OP-R14FS5-FUN-TPU;OPPO;Reno14 FS 5G;Funda;Transparente;2,95;;;
OP-R14FS5-FUN-LIB;OPPO;Reno14 FS 5G;Funda;Libro;3,70;;;
OP-R14FS5-FUN-ANT;OPPO;Reno14 FS 5G;Funda;Antigolpes;3,10;;;
OP-R14FS5-PCA-NA;OPPO;Reno14 FS 5G;Protector de cámara;Cristal;2,90;;;
OP-R165-PRO-NA;OPPO;Reno16 5G;Cristal templado;Estándar;1,30;;;
OP-R165-PRO-PRI;OPPO;Reno16 5G;Cristal templado;Privacidad;4,00;;;
OP-R165-FUN-SIL;OPPO;Reno16 5G;Funda;Silicona;2,50;;;
OP-R165-FUN-TPU;OPPO;Reno16 5G;Funda;Transparente;2,95;;;
OP-R165-FUN-LIB;OPPO;Reno16 5G;Funda;Libro;3,70;;;
OP-R165-FUN-ANT;OPPO;Reno16 5G;Funda;Antigolpes;3,10;;;
OP-R165-PCA-NA;OPPO;Reno16 5G;Protector de cámara;Cristal;2,90;;;
OP-R16P5-PRO-NA;OPPO;Reno16 Pro 5G;Cristal templado;Estándar;1,30;;;
OP-R16P5-PRO-PRI;OPPO;Reno16 Pro 5G;Cristal templado;Privacidad;4,00;;;
OP-R16P5-FUN-SIL;OPPO;Reno16 Pro 5G;Funda;Silicona;2,50;;;
OP-R16P5-FUN-TPU;OPPO;Reno16 Pro 5G;Funda;Transparente;2,95;;;
OP-R16P5-FUN-LIB;OPPO;Reno16 Pro 5G;Funda;Libro;3,70;;;
OP-R16P5-FUN-ANT;OPPO;Reno16 Pro 5G;Funda;Antigolpes;3,10;;;
OP-R16P5-PCA-NA;OPPO;Reno16 Pro 5G;Protector de cámara;Cristal;2,90;;;
OP-R16F5-PRO-NA;OPPO;Reno16 F 5G;Cristal templado;Estándar;1,30;;;
OP-R16F5-PRO-PRI;OPPO;Reno16 F 5G;Cristal templado;Privacidad;4,00;;;
OP-R16F5-FUN-SIL;OPPO;Reno16 F 5G;Funda;Silicona;2,50;;;
OP-R16F5-FUN-TPU;OPPO;Reno16 F 5G;Funda;Transparente;2,95;;;
OP-R16F5-FUN-LIB;OPPO;Reno16 F 5G;Funda;Libro;3,70;;;
OP-R16F5-FUN-ANT;OPPO;Reno16 F 5G;Funda;Antigolpes;3,10;;;
OP-R16F5-PCA-NA;OPPO;Reno16 F 5G;Protector de cámara;Cristal;2,90;;;
OP-R16FS5-PRO-NA;OPPO;Reno16 FS 5G;Cristal templado;Estándar;1,30;;;
OP-R16FS5-PRO-PRI;OPPO;Reno16 FS 5G;Cristal templado;Privacidad;4,00;;;
OP-R16FS5-FUN-SIL;OPPO;Reno16 FS 5G;Funda;Silicona;2,50;;;
OP-R16FS5-FUN-TPU;OPPO;Reno16 FS 5G;Funda;Transparente;2,95;;;
OP-R16FS5-FUN-LIB;OPPO;Reno16 FS 5G;Funda;Libro;3,70;;;
OP-R16FS5-FUN-ANT;OPPO;Reno16 FS 5G;Funda;Antigolpes;3,10;;;
OP-R16FS5-PCA-NA;OPPO;Reno16 FS 5G;Protector de cámara;Cristal;2,90;;;
OP-A520-PRO-NA;OPPO;A5 2020;Cristal templado;Estándar;1,30;;;
OP-A520-PRO-PRI;OPPO;A5 2020;Cristal templado;Privacidad;4,00;;;
OP-A520-FUN-SIL;OPPO;A5 2020;Funda;Silicona;2,50;;;
OP-A520-FUN-TPU;OPPO;A5 2020;Funda;Transparente;2,95;;;
OP-A520-FUN-LIB;OPPO;A5 2020;Funda;Libro;3,70;;;
OP-A520-FUN-ANT;OPPO;A5 2020;Funda;Antigolpes;3,10;;;
OP-A520-PCA-NA;OPPO;A5 2020;Protector de cámara;Cristal;2,90;;;
OP-A920-PRO-NA;OPPO;A9 2020;Cristal templado;Estándar;1,30;;;
OP-A920-PRO-PRI;OPPO;A9 2020;Cristal templado;Privacidad;4,00;;;
OP-A920-FUN-SIL;OPPO;A9 2020;Funda;Silicona;2,50;;;
OP-A920-FUN-TPU;OPPO;A9 2020;Funda;Transparente;2,95;;;
OP-A920-FUN-LIB;OPPO;A9 2020;Funda;Libro;3,70;;;
OP-A920-FUN-ANT;OPPO;A9 2020;Funda;Antigolpes;3,10;;;
OP-A920-PCA-NA;OPPO;A9 2020;Protector de cámara;Cristal;2,90;;;
OP-A91-PRO-NA;OPPO;A91;Cristal templado;Estándar;1,30;;;
OP-A91-PRO-PRI;OPPO;A91;Cristal templado;Privacidad;4,00;;;
OP-A91-FUN-SIL;OPPO;A91;Funda;Silicona;2,50;;;
OP-A91-FUN-TPU;OPPO;A91;Funda;Transparente;2,95;;;
OP-A91-FUN-LIB;OPPO;A91;Funda;Libro;3,70;;;
OP-A91-FUN-ANT;OPPO;A91;Funda;Antigolpes;3,10;;;
OP-A91-PCA-NA;OPPO;A91;Protector de cámara;Cristal;2,90;;;
OP-A52-PRO-NA;OPPO;A52;Cristal templado;Estándar;1,30;;;
OP-A52-PRO-PRI;OPPO;A52;Cristal templado;Privacidad;4,00;;;
OP-A52-FUN-SIL;OPPO;A52;Funda;Silicona;2,50;;;
OP-A52-FUN-TPU;OPPO;A52;Funda;Transparente;2,95;;;
OP-A52-FUN-LIB;OPPO;A52;Funda;Libro;3,70;;;
OP-A52-FUN-ANT;OPPO;A52;Funda;Antigolpes;3,10;;;
OP-A52-PCA-NA;OPPO;A52;Protector de cámara;Cristal;2,90;;;
OP-A72-PRO-NA;OPPO;A72;Cristal templado;Estándar;1,30;;;
OP-A72-PRO-PRI;OPPO;A72;Cristal templado;Privacidad;4,00;;;
OP-A72-FUN-SIL;OPPO;A72;Funda;Silicona;2,50;;;
OP-A72-FUN-TPU;OPPO;A72;Funda;Transparente;2,95;;;
OP-A72-FUN-LIB;OPPO;A72;Funda;Libro;3,70;;;
OP-A72-FUN-ANT;OPPO;A72;Funda;Antigolpes;3,10;;;
OP-A72-PCA-NA;OPPO;A72;Protector de cámara;Cristal;2,90;;;
OP-A53-PRO-NA;OPPO;A53;Cristal templado;Estándar;1,30;;;
OP-A53-PRO-PRI;OPPO;A53;Cristal templado;Privacidad;4,00;;;
OP-A53-FUN-SIL;OPPO;A53;Funda;Silicona;2,50;;;
OP-A53-FUN-TPU;OPPO;A53;Funda;Transparente;2,95;;;
OP-A53-FUN-LIB;OPPO;A53;Funda;Libro;3,70;;;
OP-A53-FUN-ANT;OPPO;A53;Funda;Antigolpes;3,10;;;
OP-A53-PCA-NA;OPPO;A53;Protector de cámara;Cristal;2,90;;;
OP-A53S-PRO-NA;OPPO;A53s;Cristal templado;Estándar;1,30;;;
OP-A53S-PRO-PRI;OPPO;A53s;Cristal templado;Privacidad;4,00;;;
OP-A53S-FUN-SIL;OPPO;A53s;Funda;Silicona;2,50;;;
OP-A53S-FUN-TPU;OPPO;A53s;Funda;Transparente;2,95;;;
OP-A53S-FUN-LIB;OPPO;A53s;Funda;Libro;3,70;;;
OP-A53S-FUN-ANT;OPPO;A53s;Funda;Antigolpes;3,10;;;
OP-A53S-PCA-NA;OPPO;A53s;Protector de cámara;Cristal;2,90;;;
OP-A15-PRO-NA;OPPO;A15;Cristal templado;Estándar;1,30;;;
OP-A15-PRO-PRI;OPPO;A15;Cristal templado;Privacidad;4,00;;;
OP-A15-FUN-SIL;OPPO;A15;Funda;Silicona;2,50;;;
OP-A15-FUN-TPU;OPPO;A15;Funda;Transparente;2,95;;;
OP-A15-FUN-LIB;OPPO;A15;Funda;Libro;3,70;;;
OP-A15-FUN-ANT;OPPO;A15;Funda;Antigolpes;3,10;;;
OP-A15-PCA-NA;OPPO;A15;Protector de cámara;Cristal;2,90;;;
OP-A735-PRO-NA;OPPO;A73 5G;Cristal templado;Estándar;1,30;;;
OP-A735-PRO-PRI;OPPO;A73 5G;Cristal templado;Privacidad;4,00;;;
OP-A735-FUN-SIL;OPPO;A73 5G;Funda;Silicona;2,50;;;
OP-A735-FUN-TPU;OPPO;A73 5G;Funda;Transparente;2,95;;;
OP-A735-FUN-LIB;OPPO;A73 5G;Funda;Libro;3,70;;;
OP-A735-FUN-ANT;OPPO;A73 5G;Funda;Antigolpes;3,10;;;
OP-A545-PRO-NA;OPPO;A54 5G;Cristal templado;Estándar;1,30;;;
OP-A545-PRO-PRI;OPPO;A54 5G;Cristal templado;Privacidad;4,00;;;
OP-A545-FUN-SIL;OPPO;A54 5G;Funda;Silicona;2,50;;;
OP-A545-FUN-TPU;OPPO;A54 5G;Funda;Transparente;2,95;;;
OP-A545-FUN-LIB;OPPO;A54 5G;Funda;Libro;3,70;;;
OP-A545-FUN-ANT;OPPO;A54 5G;Funda;Antigolpes;3,10;;;
OP-A545-PCA-NA;OPPO;A54 5G;Protector de cámara;Cristal;2,90;;;
OP-A74-PRO-NA;OPPO;A74;Cristal templado;Estándar;1,30;;;
OP-A74-PRO-PRI;OPPO;A74;Cristal templado;Privacidad;4,00;;;
OP-A74-FUN-SIL;OPPO;A74;Funda;Silicona;2,50;;;
OP-A74-FUN-TPU;OPPO;A74;Funda;Transparente;2,95;;;
OP-A74-FUN-LIB;OPPO;A74;Funda;Libro;3,70;;;
OP-A74-FUN-ANT;OPPO;A74;Funda;Antigolpes;3,10;;;
OP-A74-PCA-NA;OPPO;A74;Protector de cámara;Cristal;2,90;;;
OP-A745-PRO-NA;OPPO;A74 5G;Cristal templado;Estándar;1,30;;;
OP-A745-PRO-PRI;OPPO;A74 5G;Cristal templado;Privacidad;4,00;;;
OP-A745-FUN-SIL;OPPO;A74 5G;Funda;Silicona;2,50;;;
OP-A745-FUN-TPU;OPPO;A74 5G;Funda;Transparente;2,95;;;
OP-A745-FUN-LIB;OPPO;A74 5G;Funda;Libro;3,70;;;
OP-A745-FUN-ANT;OPPO;A74 5G;Funda;Antigolpes;3,10;;;
OP-A745-PCA-NA;OPPO;A74 5G;Protector de cámara;Cristal;2,90;;;
OP-A945-PRO-NA;OPPO;A94 5G;Cristal templado;Estándar;1,30;;;
OP-A945-PRO-PRI;OPPO;A94 5G;Cristal templado;Privacidad;4,00;;;
OP-A945-FUN-SIL;OPPO;A94 5G;Funda;Silicona;2,50;;;
OP-A945-FUN-TPU;OPPO;A94 5G;Funda;Transparente;2,95;;;
OP-A945-FUN-LIB;OPPO;A94 5G;Funda;Libro;3,70;;;
OP-A945-FUN-ANT;OPPO;A94 5G;Funda;Antigolpes;3,10;;;
OP-A945-PCA-NA;OPPO;A94 5G;Protector de cámara;Cristal;2,90;;;
OP-A16-PRO-NA;OPPO;A16;Cristal templado;Estándar;1,30;;;
OP-A16-PRO-PRI;OPPO;A16;Cristal templado;Privacidad;4,00;;;
OP-A16-FUN-SIL;OPPO;A16;Funda;Silicona;2,50;;;
OP-A16-FUN-TPU;OPPO;A16;Funda;Transparente;2,95;;;
OP-A16-FUN-LIB;OPPO;A16;Funda;Libro;3,70;;;
OP-A16-FUN-ANT;OPPO;A16;Funda;Antigolpes;3,10;;;
OP-A16-PCA-NA;OPPO;A16;Protector de cámara;Cristal;2,90;;;
OP-A76-PRO-NA;OPPO;A76;Cristal templado;Estándar;1,30;;;
OP-A76-PRO-PRI;OPPO;A76;Cristal templado;Privacidad;4,00;;;
OP-A76-FUN-SIL;OPPO;A76;Funda;Silicona;2,50;;;
OP-A76-FUN-TPU;OPPO;A76;Funda;Transparente;2,95;;;
OP-A76-FUN-LIB;OPPO;A76;Funda;Libro;3,70;;;
OP-A76-FUN-ANT;OPPO;A76;Funda;Antigolpes;3,10;;;
OP-A76-PCA-NA;OPPO;A76;Protector de cámara;Cristal;2,90;;;
OP-A96-PRO-NA;OPPO;A96;Cristal templado;Estándar;1,30;;;
OP-A96-PRO-PRI;OPPO;A96;Cristal templado;Privacidad;4,00;;;
OP-A96-FUN-SIL;OPPO;A96;Funda;Silicona;2,50;;;
OP-A96-FUN-TPU;OPPO;A96;Funda;Transparente;2,95;;;
OP-A96-FUN-LIB;OPPO;A96;Funda;Libro;3,70;;;
OP-A96-FUN-ANT;OPPO;A96;Funda;Antigolpes;3,10;;;
OP-A96-PCA-NA;OPPO;A96;Protector de cámara;Cristal;2,90;;;
OP-A775-PRO-NA;OPPO;A77 5G;Cristal templado;Estándar;1,30;;;
OP-A775-PRO-PRI;OPPO;A77 5G;Cristal templado;Privacidad;4,00;;;
OP-A775-FUN-SIL;OPPO;A77 5G;Funda;Silicona;2,50;;;
OP-A775-FUN-TPU;OPPO;A77 5G;Funda;Transparente;2,95;;;
OP-A775-FUN-LIB;OPPO;A77 5G;Funda;Libro;3,70;;;
OP-A775-FUN-ANT;OPPO;A77 5G;Funda;Antigolpes;3,10;;;
OP-A775-PCA-NA;OPPO;A77 5G;Protector de cámara;Cristal;2,90;;;
OP-A57S-PRO-NA;OPPO;A57s;Cristal templado;Estándar;1,30;;;
OP-A57S-PRO-PRI;OPPO;A57s;Cristal templado;Privacidad;4,00;;;
OP-A57S-FUN-SIL;OPPO;A57s;Funda;Silicona;2,50;;;
OP-A57S-FUN-TPU;OPPO;A57s;Funda;Transparente;2,95;;;
OP-A57S-FUN-LIB;OPPO;A57s;Funda;Libro;3,70;;;
OP-A57S-FUN-ANT;OPPO;A57s;Funda;Antigolpes;3,10;;;
OP-A57S-PCA-NA;OPPO;A57s;Protector de cámara;Cristal;2,90;;;
OP-A17-PRO-NA;OPPO;A17;Cristal templado;Estándar;1,30;;;
OP-A17-PRO-PRI;OPPO;A17;Cristal templado;Privacidad;4,00;;;
OP-A17-FUN-SIL;OPPO;A17;Funda;Silicona;2,50;;;
OP-A17-FUN-TPU;OPPO;A17;Funda;Transparente;2,95;;;
OP-A17-FUN-LIB;OPPO;A17;Funda;Libro;3,70;;;
OP-A17-FUN-ANT;OPPO;A17;Funda;Antigolpes;3,10;;;
OP-A17-PCA-NA;OPPO;A17;Protector de cámara;Cristal;2,90;;;
OP-A785-PRO-NA;OPPO;A78 5G;Cristal templado;Estándar;1,30;;;
OP-A785-PRO-PRI;OPPO;A78 5G;Cristal templado;Privacidad;4,00;;;
OP-A785-FUN-SIL;OPPO;A78 5G;Funda;Silicona;2,50;;;
OP-A785-FUN-TPU;OPPO;A78 5G;Funda;Transparente;2,95;;;
OP-A785-FUN-LIB;OPPO;A78 5G;Funda;Libro;3,70;;;
OP-A785-FUN-ANT;OPPO;A78 5G;Funda;Antigolpes;3,10;;;
OP-A785-PCA-NA;OPPO;A78 5G;Protector de cámara;Cristal;2,90;;;
OP-A985-PRO-NA;OPPO;A98 5G;Cristal templado;Estándar;1,30;;;
OP-A985-PRO-PRI;OPPO;A98 5G;Cristal templado;Privacidad;4,00;;;
OP-A985-FUN-SIL;OPPO;A98 5G;Funda;Silicona;2,50;;;
OP-A985-FUN-TPU;OPPO;A98 5G;Funda;Transparente;2,95;;;
OP-A985-FUN-LIB;OPPO;A98 5G;Funda;Libro;3,70;;;
OP-A985-FUN-ANT;OPPO;A98 5G;Funda;Antigolpes;3,10;;;
OP-A985-PCA-NA;OPPO;A98 5G;Protector de cámara;Cristal;2,90;;;
OP-A78-PRO-NA;OPPO;A78;Cristal templado;Estándar;1,30;;;
OP-A78-PRO-PRI;OPPO;A78;Cristal templado;Privacidad;4,00;;;
OP-A78-FUN-SIL;OPPO;A78;Funda;Silicona;2,50;;;
OP-A78-FUN-TPU;OPPO;A78;Funda;Transparente;2,95;;;
OP-A78-FUN-LIB;OPPO;A78;Funda;Libro;3,70;;;
OP-A78-FUN-ANT;OPPO;A78;Funda;Antigolpes;3,10;;;
OP-A78-PCA-NA;OPPO;A78;Protector de cámara;Cristal;2,90;;;
OP-A58-PRO-NA;OPPO;A58;Cristal templado;Estándar;1,30;;;
OP-A58-PRO-PRI;OPPO;A58;Cristal templado;Privacidad;4,00;;;
OP-A58-FUN-SIL;OPPO;A58;Funda;Silicona;2,50;;;
OP-A58-FUN-TPU;OPPO;A58;Funda;Transparente;2,05;;;
OP-A58-FUN-LIB;OPPO;A58;Funda;Libro;3,70;;;
OP-A58-FUN-ANT;OPPO;A58;Funda;Antigolpes;3,10;;;
OP-A58-PCA-NA;OPPO;A58;Protector de cámara;Cristal;2,90;;;
OP-A38-PRO-NA;OPPO;A38;Cristal templado;Estándar;1,30;;;
OP-A38-PRO-PRI;OPPO;A38;Cristal templado;Privacidad;4,00;;;
OP-A38-FUN-SIL;OPPO;A38;Funda;Silicona;2,50;;;
OP-A38-FUN-TPU;OPPO;A38;Funda;Transparente;2,95;;;
OP-A38-FUN-LIB;OPPO;A38;Funda;Libro;3,70;;;
OP-A38-FUN-ANT;OPPO;A38;Funda;Antigolpes;3,10;;;
OP-A38-PCA-NA;OPPO;A38;Protector de cámara;Cristal;2,90;;;
OP-A18-PRO-NA;OPPO;A18;Cristal templado;Estándar;1,30;;;
OP-A18-PRO-PRI;OPPO;A18;Cristal templado;Privacidad;4,00;;;
OP-A18-FUN-SIL;OPPO;A18;Funda;Silicona;2,50;;;
OP-A18-FUN-TPU;OPPO;A18;Funda;Transparente;2,95;;;
OP-A18-FUN-LIB;OPPO;A18;Funda;Libro;3,70;;;
OP-A18-FUN-ANT;OPPO;A18;Funda;Antigolpes;3,10;;;
OP-A18-PCA-NA;OPPO;A18;Protector de cámara;Cristal;2,90;;;
OP-A795-PRO-NA;OPPO;A79 5G;Cristal templado;Estándar;1,30;;;
OP-A795-PRO-PRI;OPPO;A79 5G;Cristal templado;Privacidad;4,00;;;
OP-A795-FUN-SIL;OPPO;A79 5G;Funda;Silicona;2,50;;;
OP-A795-FUN-TPU;OPPO;A79 5G;Funda;Transparente;2,95;;;
OP-A795-FUN-LIB;OPPO;A79 5G;Funda;Libro;3,70;;;
OP-A795-FUN-ANT;OPPO;A79 5G;Funda;Antigolpes;3,10;;;
OP-A795-PCA-NA;OPPO;A79 5G;Protector de cámara;Cristal;2,90;;;
OP-A60-PRO-NA;OPPO;A60;Cristal templado;Estándar;1,30;;;
OP-A60-PRO-PRI;OPPO;A60;Cristal templado;Privacidad;4,00;;;
OP-A60-FUN-SIL;OPPO;A60;Funda;Silicona;2,50;;;
OP-A60-FUN-TPU;OPPO;A60;Funda;Transparente;2,95;;;
OP-A60-FUN-LIB;OPPO;A60;Funda;Libro;3,70;;;
OP-A60-FUN-ANT;OPPO;A60;Funda;Antigolpes;3,10;;;
OP-A60-PCA-NA;OPPO;A60;Protector de cámara;Cristal;2,90;;;
OP-A805-PRO-NA;OPPO;A80 5G;Cristal templado;Estándar;1,30;;;
OP-A805-PRO-PRI;OPPO;A80 5G;Cristal templado;Privacidad;4,00;;;
OP-A805-FUN-SIL;OPPO;A80 5G;Funda;Silicona;2,50;;;
OP-A805-FUN-TPU;OPPO;A80 5G;Funda;Transparente;2,95;;;
OP-A805-FUN-LIB;OPPO;A80 5G;Funda;Libro;3,70;;;
OP-A805-FUN-ANT;OPPO;A80 5G;Funda;Antigolpes;3,10;;;
OP-A805-PCA-NA;OPPO;A80 5G;Protector de cámara;Cristal;2,90;;;
OP-A40-PRO-NA;OPPO;A40;Cristal templado;Estándar;1,30;;;
OP-A40-PRO-PRI;OPPO;A40;Cristal templado;Privacidad;4,00;;;
OP-A40-FUN-SIL;OPPO;A40;Funda;Silicona;2,50;;;
OP-A40-FUN-TPU;OPPO;A40;Funda;Transparente;2,95;;;
OP-A40-FUN-LIB;OPPO;A40;Funda;Libro;3,70;;;
OP-A40-FUN-ANT;OPPO;A40;Funda;Antigolpes;3,10;;;
OP-A40M-PRO-NA;OPPO;A40m;Cristal templado;Estándar;1,30;;;
OP-A40M-PRO-PRI;OPPO;A40m;Cristal templado;Privacidad;4,00;;;
OP-A40M-FUN-SIL;OPPO;A40m;Funda;Silicona;2,50;;;
OP-A40M-FUN-TPU;OPPO;A40m;Funda;Transparente;2,95;;;
OP-A40M-FUN-LIB;OPPO;A40m;Funda;Libro;3,70;;;
OP-A40M-FUN-ANT;OPPO;A40m;Funda;Antigolpes;3,10;;;
OP-A5P5-PRO-NA;OPPO;A5 Pro 5G;Cristal templado;Estándar;1,30;;;
OP-A5P5-PRO-PRI;OPPO;A5 Pro 5G;Cristal templado;Privacidad;4,00;;;
OP-A5P5-FUN-SIL;OPPO;A5 Pro 5G;Funda;Silicona;2,50;;;
OP-A5P5-FUN-TPU;OPPO;A5 Pro 5G;Funda;Transparente;2,95;;;
OP-A5P5-FUN-LIB;OPPO;A5 Pro 5G;Funda;Libro;3,70;;;
OP-A5P5-FUN-ANT;OPPO;A5 Pro 5G;Funda;Antigolpes;3,10;;;
OP-A5P5-PCA-NA;OPPO;A5 Pro 5G;Protector de cámara;Cristal;2,90;;;
OP-A5P-PRO-NA;OPPO;A5 Pro;Cristal templado;Estándar;1,30;;;
OP-A5P-PRO-PRI;OPPO;A5 Pro;Cristal templado;Privacidad;4,00;;;
OP-A5P-FUN-SIL;OPPO;A5 Pro;Funda;Silicona;2,50;;;
OP-A5P-FUN-TPU;OPPO;A5 Pro;Funda;Transparente;2,95;;;
OP-A5P-FUN-LIB;OPPO;A5 Pro;Funda;Libro;3,70;;;
OP-A5P-FUN-ANT;OPPO;A5 Pro;Funda;Antigolpes;3,10;;;
OP-A5P-PCA-NA;OPPO;A5 Pro;Protector de cámara;Cristal;2,90;;;
OP-A55-PRO-NA;OPPO;A5 5G;Cristal templado;Estándar;1,30;;;
OP-A55-PRO-PRI;OPPO;A5 5G;Cristal templado;Privacidad;4,00;;;
OP-A55-FUN-SIL;OPPO;A5 5G;Funda;Silicona;3,20;;;
OP-A55-FUN-TPU;OPPO;A5 5G;Funda;Transparente;2,95;;;
OP-A55-FUN-LIB;OPPO;A5 5G;Funda;Libro;3,70;;;
OP-A55-FUN-ANT;OPPO;A5 5G;Funda;Antigolpes;3,10;;;
OP-A55-PCA-NA;OPPO;A5 5G;Protector de cámara;Cristal;2,90;;;
OP-A5-PRO-NA;OPPO;A5;Cristal templado;Estándar;1,30;;;
OP-A5-PRO-PRI;OPPO;A5;Cristal templado;Privacidad;4,00;;;
OP-A5-FUN-SIL;OPPO;A5;Funda;Silicona;2,50;;;
OP-A5-FUN-TPU;OPPO;A5;Funda;Transparente;2,95;;;
OP-A5-FUN-LIB;OPPO;A5;Funda;Libro;3,70;;;
OP-A5-FUN-ANT;OPPO;A5;Funda;Antigolpes;3,10;;;
OP-A5-PCA-NA;OPPO;A5;Protector de cámara;Cristal;2,90;;;
OP-A5X-PRO-NA;OPPO;A5x;Cristal templado;Estándar;1,30;;;
OP-A5X-PRO-PRI;OPPO;A5x;Cristal templado;Privacidad;4,00;;;
OP-A5X-FUN-SIL;OPPO;A5x;Funda;Silicona;2,50;;;
OP-A5X-FUN-TPU;OPPO;A5x;Funda;Transparente;2,95;;;
OP-A5X-FUN-LIB;OPPO;A5x;Funda;Libro;3,70;;;
OP-A5X-FUN-ANT;OPPO;A5x;Funda;Antigolpes;3,10;;;
OP-A5M-PRO-NA;OPPO;A5m;Cristal templado;Estándar;1,30;;;
OP-A5M-PRO-PRI;OPPO;A5m;Cristal templado;Privacidad;4,00;;;
OP-A5M-FUN-SIL;OPPO;A5m;Funda;Silicona;2,50;;;
OP-A5M-FUN-TPU;OPPO;A5m;Funda;Transparente;2,95;;;
OP-A5M-FUN-LIB;OPPO;A5m;Funda;Libro;3,70;;;
OP-A5M-FUN-ANT;OPPO;A5m;Funda;Antigolpes;3,10;;;
OP-A5M-PCA-NA;OPPO;A5m;Protector de cámara;Cristal;2,90;;;
OP-A6P5-PRO-NA;OPPO;A6 Pro 5G;Cristal templado;Estándar;1,30;;;
OP-A6P5-PRO-PRI;OPPO;A6 Pro 5G;Cristal templado;Privacidad;4,00;;;
OP-A6P5-FUN-SIL;OPPO;A6 Pro 5G;Funda;Silicona;2,50;;;
OP-A6P5-FUN-TPU;OPPO;A6 Pro 5G;Funda;Transparente;2,95;;;
OP-A6P5-FUN-LIB;OPPO;A6 Pro 5G;Funda;Libro;3,70;;;
OP-A6P5-FUN-ANT;OPPO;A6 Pro 5G;Funda;Antigolpes;3,10;;;
OP-A6P5-PCA-NA;OPPO;A6 Pro 5G;Protector de cámara;Cristal;2,90;;;
OP-A65-PRO-NA;OPPO;A6 5G;Cristal templado;Estándar;1,30;;;
OP-A65-PRO-PRI;OPPO;A6 5G;Cristal templado;Privacidad;4,00;;;
OP-A65-FUN-SIL;OPPO;A6 5G;Funda;Silicona;2,50;;;
OP-A65-FUN-TPU;OPPO;A6 5G;Funda;Transparente;2,95;;;
OP-A65-FUN-LIB;OPPO;A6 5G;Funda;Libro;3,70;;;
OP-A65-FUN-ANT;OPPO;A6 5G;Funda;Antigolpes;3,10;;;
OP-A65-PCA-NA;OPPO;A6 5G;Protector de cámara;Cristal;2,90;;;
OP-A6-PRO-NA;OPPO;A6;Cristal templado;Estándar;1,30;;;
OP-A6-PRO-PRI;OPPO;A6;Cristal templado;Privacidad;4,00;;;
OP-A6-FUN-SIL;OPPO;A6;Funda;Silicona;2,50;;;
OP-A6-FUN-TPU;OPPO;A6;Funda;Transparente;2,95;;;
OP-A6-FUN-LIB;OPPO;A6;Funda;Libro;3,70;;;
OP-A6-FUN-ANT;OPPO;A6;Funda;Antigolpes;3,10;;;
OP-A6-PCA-NA;OPPO;A6;Protector de cámara;Cristal;2,90;;;
OP-A6X5-PRO-NA;OPPO;A6x 5G;Cristal templado;Estándar;1,30;;;
OP-A6X5-PRO-PRI;OPPO;A6x 5G;Cristal templado;Privacidad;4,00;;;
OP-A6X5-FUN-SIL;OPPO;A6x 5G;Funda;Silicona;2,50;;;
OP-A6X5-FUN-TPU;OPPO;A6x 5G;Funda;Transparente;2,95;;;
OP-A6X5-FUN-LIB;OPPO;A6x 5G;Funda;Libro;3,70;;;
OP-A6X5-FUN-ANT;OPPO;A6x 5G;Funda;Antigolpes;3,10;;;
OP-A6X5-PCA-NA;OPPO;A6x 5G;Protector de cámara;Cristal;2,90;;;
OP-A6X-PRO-NA;OPPO;A6x;Cristal templado;Estándar;1,30;;;
OP-A6X-PRO-PRI;OPPO;A6x;Cristal templado;Privacidad;4,00;;;
OP-A6X-FUN-SIL;OPPO;A6x;Funda;Silicona;2,50;;;
OP-A6X-FUN-TPU;OPPO;A6x;Funda;Transparente;2,95;;;
OP-A6X-FUN-LIB;OPPO;A6x;Funda;Libro;3,70;;;
OP-A6X-FUN-ANT;OPPO;A6x;Funda;Antigolpes;3,10;;;
OP-A6X-PCA-NA;OPPO;A6x;Protector de cámara;Cristal;2,90;;;
OP-A6K-PRO-NA;OPPO;A6k;Cristal templado;Estándar;1,30;;;
OP-A6K-PRO-PRI;OPPO;A6k;Cristal templado;Privacidad;4,00;;;
OP-A6K-FUN-SIL;OPPO;A6k;Funda;Silicona;2,50;;;
OP-A6K-FUN-TPU;OPPO;A6k;Funda;Transparente;2,95;;;
OP-A6K-FUN-LIB;OPPO;A6k;Funda;Libro;3,70;;;
OP-A6K-FUN-ANT;OPPO;A6k;Funda;Antigolpes;3,10;;;
OP-A6K-PCA-NA;OPPO;A6k;Protector de cámara;Cristal;2,90;;;
OP-A6SP5-PRO-NA;OPPO;A6s Pro 5G;Cristal templado;Estándar;1,30;;;
OP-A6SP5-PRO-PRI;OPPO;A6s Pro 5G;Cristal templado;Privacidad;4,00;;;
OP-A6SP5-FUN-SIL;OPPO;A6s Pro 5G;Funda;Silicona;2,50;;;
OP-A6SP5-FUN-TPU;OPPO;A6s Pro 5G;Funda;Transparente;2,95;;;
OP-A6SP5-FUN-LIB;OPPO;A6s Pro 5G;Funda;Libro;3,70;;;
OP-A6SP5-FUN-ANT;OPPO;A6s Pro 5G;Funda;Antigolpes;3,10;;;
OP-A6SP5-PCA-NA;OPPO;A6s Pro 5G;Protector de cámara;Cristal;2,90;;;
OP-F33-PRO-NA;OPPO;F33;Cristal templado;Estándar;1,30;;;
OP-F33-PRO-PRI;OPPO;F33;Cristal templado;Privacidad;4,00;;;
OP-F33-FUN-SIL;OPPO;F33;Funda;Silicona;2,50;;;
OP-F33-FUN-TPU;OPPO;F33;Funda;Transparente;2,95;;;
OP-F33-FUN-LIB;OPPO;F33;Funda;Libro;3,70;;;
OP-F33-FUN-ANT;OPPO;F33;Funda;Antigolpes;3,10;;;
OP-F33-PCA-NA;OPPO;F33;Protector de cámara;Cristal;2,90;;;
OP-F33P-PRO-NA;OPPO;F33 Pro;Cristal templado;Estándar;1,30;;;
OP-F33P-PRO-PRI;OPPO;F33 Pro;Cristal templado;Privacidad;4,00;;;
OP-F33P-FUN-SIL;OPPO;F33 Pro;Funda;Silicona;2,50;;;
OP-F33P-FUN-TPU;OPPO;F33 Pro;Funda;Transparente;2,95;;;
OP-F33P-FUN-LIB;OPPO;F33 Pro;Funda;Libro;3,70;;;
OP-F33P-FUN-ANT;OPPO;F33 Pro;Funda;Antigolpes;3,10;;;
OP-F33P-PCA-NA;OPPO;F33 Pro;Protector de cámara;Cristal;2,90;;;
OP-FX9S-PRO-NA;OPPO;Find X9s;Cristal templado;Estándar;1,30;;;
OP-FX9S-PRO-NA-FG;OPPO;Find X9s;Cristal templado;UV full glue;4,15;;;
OP-FX9S-PRO-PRI;OPPO;Find X9s;Cristal templado;Privacidad;4,00;;;
OP-FX9S-FUN-SIL;OPPO;Find X9s;Funda;Silicona;2,50;;;
OP-FX9S-FUN-TPU;OPPO;Find X9s;Funda;Transparente;2,95;;;
OP-FX9S-FUN-LIB;OPPO;Find X9s;Funda;Libro;3,70;;;
OP-FX9S-FUN-ANT;OPPO;Find X9s;Funda;Antigolpes;3,10;;;
OP-FX9S-PCA-NA;OPPO;Find X9s;Protector de cámara;Cristal;2,90;;;
OP-FX9SP-PRO-NA;OPPO;Find X9s Pro;Cristal templado;Estándar;1,30;;;
OP-FX9SP-PRO-NA-FG;OPPO;Find X9s Pro;Cristal templado;UV full glue;4,15;;;
OP-FX9SP-PRO-PRI;OPPO;Find X9s Pro;Cristal templado;Privacidad;4,00;;;
OP-FX9SP-FUN-SIL;OPPO;Find X9s Pro;Funda;Silicona;2,50;;;
OP-FX9SP-FUN-TPU;OPPO;Find X9s Pro;Funda;Transparente;2,95;;;
OP-FX9SP-FUN-LIB;OPPO;Find X9s Pro;Funda;Libro;3,70;;;
OP-FX9SP-FUN-ANT;OPPO;Find X9s Pro;Funda;Antigolpes;3,10;;;
OP-FX9SP-PCA-NA;OPPO;Find X9s Pro;Protector de cámara;Cristal;2,90;;;
OP-A6SP-PRO-NA;OPPO;A6s Pro;Cristal templado;Estándar;1,30;;;
OP-A6SP-PRO-PRI;OPPO;A6s Pro;Cristal templado;Privacidad;4,00;;;
OP-A6SP-FUN-SIL;OPPO;A6s Pro;Funda;Silicona;2,50;;;
OP-A6SP-FUN-TPU;OPPO;A6s Pro;Funda;Transparente;2,95;;;
OP-A6SP-FUN-LIB;OPPO;A6s Pro;Funda;Libro;3,70;;;
OP-A6SP-FUN-ANT;OPPO;A6s Pro;Funda;Antigolpes;3,10;;;
OP-A6SP-PCA-NA;OPPO;A6s Pro;Protector de cámara;Cristal;2,90;;;
OP-FN6-PRO-NA;OPPO;Find N6;Cristal templado;Estándar;1,30;;;
OP-FN6-FUN-SIL;OPPO;Find N6;Funda;Silicona;2,50;;;
OP-FN6-FUN-TPU;OPPO;Find N6;Funda;Transparente;2,95;;;
OP-FN6-PCA-NA;OPPO;Find N6;Protector de cámara;Cristal;2,90;;;
OP-A6S-PRO-NA;OPPO;A6s;Cristal templado;Estándar;1,30;;;
OP-A6S-PRO-PRI;OPPO;A6s;Cristal templado;Privacidad;4,00;;;
OP-A6S-FUN-SIL;OPPO;A6s;Funda;Silicona;2,50;;;
OP-A6S-FUN-TPU;OPPO;A6s;Funda;Transparente;2,95;;;
OP-A6S-FUN-LIB;OPPO;A6s;Funda;Libro;3,70;;;
OP-A6S-FUN-ANT;OPPO;A6s;Funda;Antigolpes;3,10;;;
OP-A6S-PCA-NA;OPPO;A6s;Protector de cámara;Cristal;2,90;;;
OP-A6S5-PRO-NA;OPPO;A6s 5G;Cristal templado;Estándar;1,30;;;
OP-A6S5-PRO-PRI;OPPO;A6s 5G;Cristal templado;Privacidad;4,00;;;
OP-A6S5-FUN-SIL;OPPO;A6s 5G;Funda;Silicona;2,50;;;
OP-A6S5-FUN-TPU;OPPO;A6s 5G;Funda;Transparente;2,95;;;
OP-A6S5-FUN-LIB;OPPO;A6s 5G;Funda;Libro;3,70;;;
OP-A6S5-FUN-ANT;OPPO;A6s 5G;Funda;Antigolpes;3,10;;;
OP-A6S5-PCA-NA;OPPO;A6s 5G;Protector de cámara;Cristal;2,90;;;
OP-A6T5-PRO-NA;OPPO;A6t 5G;Cristal templado;Estándar;1,30;;;
OP-A6T5-PRO-PRI;OPPO;A6t 5G;Cristal templado;Privacidad;4,00;;;
OP-A6T5-FUN-SIL;OPPO;A6t 5G;Funda;Silicona;2,50;;;
OP-A6T5-FUN-TPU;OPPO;A6t 5G;Funda;Transparente;2,95;;;
OP-A6T5-FUN-LIB;OPPO;A6t 5G;Funda;Libro;3,70;;;
OP-A6T5-FUN-ANT;OPPO;A6t 5G;Funda;Antigolpes;3,10;;;
OP-A6T5-PCA-NA;OPPO;A6t 5G;Protector de cámara;Cristal;2,90;;;
OP-A6TP-PRO-NA;OPPO;A6t Pro;Cristal templado;Estándar;1,30;;;
OP-A6TP-PRO-PRI;OPPO;A6t Pro;Cristal templado;Privacidad;4,00;;;
OP-A6TP-FUN-SIL;OPPO;A6t Pro;Funda;Silicona;2,50;;;
OP-A6TP-FUN-TPU;OPPO;A6t Pro;Funda;Transparente;2,95;;;
OP-A6TP-FUN-LIB;OPPO;A6t Pro;Funda;Libro;3,70;;;
OP-A6TP-FUN-ANT;OPPO;A6t Pro;Funda;Antigolpes;3,10;;;
OP-A6TP-PCA-NA;OPPO;A6t Pro;Protector de cámara;Cristal;2,90;;;
OP-R15C-PRO-NA;OPPO;Reno 15c;Cristal templado;Estándar;1,30;;;
OP-R15C-PRO-PRI;OPPO;Reno 15c;Cristal templado;Privacidad;4,00;;;
OP-R15C-FUN-SIL;OPPO;Reno 15c;Funda;Silicona;2,50;;;
OP-R15C-FUN-TPU;OPPO;Reno 15c;Funda;Transparente;2,95;;;
OP-R15C-FUN-LIB;OPPO;Reno 15c;Funda;Libro;3,70;;;
OP-R15C-FUN-ANT;OPPO;Reno 15c;Funda;Antigolpes;3,10;;;
OP-R15C-PCA-NA;OPPO;Reno 15c;Protector de cámara;Cristal;2,90;;;
OP-A6GT-PRO-NA;OPPO;A6 GT;Cristal templado;Estándar;1,30;;;
OP-A6GT-PRO-PRI;OPPO;A6 GT;Cristal templado;Privacidad;4,00;;;
OP-A6GT-FUN-SIL;OPPO;A6 GT;Funda;Silicona;2,50;;;
OP-A6GT-FUN-TPU;OPPO;A6 GT;Funda;Transparente;2,95;;;
OP-A6GT-FUN-LIB;OPPO;A6 GT;Funda;Libro;3,70;;;
OP-A6GT-FUN-ANT;OPPO;A6 GT;Funda;Antigolpes;3,10;;;
OP-A6GT-PCA-NA;OPPO;A6 GT;Protector de cámara;Cristal;2,90;;;
OP-A6M-PRO-NA;OPPO;A6 Max;Cristal templado;Estándar;1,30;;;
OP-A6M-PRO-PRI;OPPO;A6 Max;Cristal templado;Privacidad;4,00;;;
OP-A6M-FUN-SIL;OPPO;A6 Max;Funda;Silicona;2,50;;;
OP-A6M-FUN-TPU;OPPO;A6 Max;Funda;Transparente;2,95;;;
OP-A6M-FUN-LIB;OPPO;A6 Max;Funda;Libro;3,70;;;
OP-A6M-FUN-ANT;OPPO;A6 Max;Funda;Antigolpes;3,10;;;
OP-A6M-PCA-NA;OPPO;A6 Max;Protector de cámara;Cristal;2,90;;;
OP-F31P-PRO-NA;OPPO;F31 Pro;Cristal templado;Estándar;1,30;;;
OP-F31P-PRO-PRI;OPPO;F31 Pro;Cristal templado;Privacidad;4,00;;;
OP-F31P-FUN-SIL;OPPO;F31 Pro;Funda;Silicona;2,50;;;
OP-F31P-FUN-TPU;OPPO;F31 Pro;Funda;Transparente;2,95;;;
OP-F31P-FUN-LIB;OPPO;F31 Pro;Funda;Libro;3,70;;;
OP-F31P-FUN-ANT;OPPO;F31 Pro;Funda;Antigolpes;3,10;;;
OP-F31P-PCA-NA;OPPO;F31 Pro;Protector de cámara;Cristal;2,90;;;
OP-F31PPL-PRO-NA;OPPO;F31 Pro+;Cristal templado;Estándar;1,30;;;
OP-F31PPL-PRO-PRI;OPPO;F31 Pro+;Cristal templado;Privacidad;4,00;;;
OP-F31PPL-FUN-SIL;OPPO;F31 Pro+;Funda;Silicona;2,50;;;
OP-F31PPL-FUN-TPU;OPPO;F31 Pro+;Funda;Transparente;2,95;;;
OP-F31PPL-FUN-LIB;OPPO;F31 Pro+;Funda;Libro;3,70;;;
OP-F31PPL-FUN-ANT;OPPO;F31 Pro+;Funda;Antigolpes;3,10;;;
OP-F31PPL-PCA-NA;OPPO;F31 Pro+;Protector de cámara;Cristal;2,90;;;
OP-R14P-PRO-NA;OPPO;Reno14 Pro;Cristal templado;Estándar;1,30;;;
OP-R14P-PRO-PRI;OPPO;Reno14 Pro;Cristal templado;Privacidad;4,00;;;
OP-R14P-FUN-SIL;OPPO;Reno14 Pro;Funda;Silicona;2,50;;;
OP-R14P-FUN-TPU;OPPO;Reno14 Pro;Funda;Transparente;2,95;;;
OP-R14P-FUN-LIB;OPPO;Reno14 Pro;Funda;Libro;3,70;;;
OP-R14P-FUN-ANT;OPPO;Reno14 Pro;Funda;Antigolpes;3,10;;;
OP-R14P-PCA-NA;OPPO;Reno14 Pro;Protector de cámara;Cristal;2,90;;;
OP-F29P-PRO-NA;OPPO;F29 Pro;Cristal templado;Estándar;1,30;;;
OP-F29P-PRO-PRI;OPPO;F29 Pro;Cristal templado;Privacidad;4,00;;;
OP-F29P-FUN-SIL;OPPO;F29 Pro;Funda;Silicona;2,50;;;
OP-F29P-FUN-TPU;OPPO;F29 Pro;Funda;Transparente;2,95;;;
OP-F29P-FUN-LIB;OPPO;F29 Pro;Funda;Libro;3,70;;;
OP-F29P-FUN-ANT;OPPO;F29 Pro;Funda;Antigolpes;3,10;;;
OP-F29P-PCA-NA;OPPO;F29 Pro;Protector de cámara;Cristal;2,90;;;
OP-FX8U-PRO-NA;OPPO;Find X8 Ultra;Cristal templado;Estándar;1,30;;;
OP-FX8U-PRO-NA-FG;OPPO;Find X8 Ultra;Cristal templado;UV full glue;4,15;;;
OP-FX8U-PRO-PRI;OPPO;Find X8 Ultra;Cristal templado;Privacidad;4,00;;;
OP-FX8U-FUN-SIL;OPPO;Find X8 Ultra;Funda;Silicona;2,50;;;
OP-FX8U-FUN-TPU;OPPO;Find X8 Ultra;Funda;Transparente;2,95;;;
OP-FX8U-FUN-LIB;OPPO;Find X8 Ultra;Funda;Libro;3,70;;;
OP-FX8U-FUN-ANT;OPPO;Find X8 Ultra;Funda;Antigolpes;3,10;;;
OP-FX8U-PCA-NA;OPPO;Find X8 Ultra;Protector de cámara;Cristal;2,90;;;
OP-A5E-PRO-NA;OPPO;A5 Energy;Cristal templado;Estándar;1,30;;;
OP-A5E-PRO-PRI;OPPO;A5 Energy;Cristal templado;Privacidad;4,00;;;
OP-A5E-FUN-SIL;OPPO;A5 Energy;Funda;Silicona;2,50;;;
OP-A5E-FUN-TPU;OPPO;A5 Energy;Funda;Transparente;2,95;;;
OP-A5E-FUN-LIB;OPPO;A5 Energy;Funda;Libro;3,70;;;
OP-A5E-FUN-ANT;OPPO;A5 Energy;Funda;Antigolpes;3,10;;;
OP-A5E-PCA-NA;OPPO;A5 Energy;Protector de cámara;Cristal;2,90;;;
OP-F29-PRO-NA;OPPO;F29;Cristal templado;Estándar;1,30;;;
OP-F29-PRO-PRI;OPPO;F29;Cristal templado;Privacidad;4,00;;;
OP-F29-FUN-SIL;OPPO;F29;Funda;Silicona;2,50;;;
OP-F29-FUN-TPU;OPPO;F29;Funda;Transparente;2,95;;;
OP-F29-FUN-LIB;OPPO;F29;Funda;Libro;3,70;;;
OP-F29-FUN-ANT;OPPO;F29;Funda;Antigolpes;3,10;;;
OP-F29-PCA-NA;OPPO;F29;Protector de cámara;Cristal;2,90;;;
OP-FX8-PRO-NA;OPPO;Find X8;Cristal templado;Estándar;1,30;;;
OP-FX8-PRO-NA-FG;OPPO;Find X8;Cristal templado;UV full glue;4,15;;;
OP-FX8-PRO-PRI;OPPO;Find X8;Cristal templado;Privacidad;4,00;;;
OP-FX8-FUN-SIL;OPPO;Find X8;Funda;Silicona;2,50;;;
OP-FX8-FUN-TPU;OPPO;Find X8;Funda;Transparente;2,95;;;
OP-FX8-FUN-LIB;OPPO;Find X8;Funda;Libro;3,70;;;
OP-FX8-FUN-ANT;OPPO;Find X8;Funda;Antigolpes;3,10;;;
OP-FX8-PCA-NA;OPPO;Find X8;Protector de cámara;Cristal;2,90;;;
OP-A3X-PRO-NA;OPPO;A3x;Cristal templado;Estándar;1,30;;;
OP-A3X-PRO-PRI;OPPO;A3x;Cristal templado;Privacidad;4,00;;;
OP-A3X-FUN-SIL;OPPO;A3x;Funda;Silicona;2,50;;;
OP-A3X-FUN-TPU;OPPO;A3x;Funda;Transparente;2,95;;;
OP-A3X-FUN-LIB;OPPO;A3x;Funda;Libro;3,70;;;
OP-A3X-FUN-ANT;OPPO;A3x;Funda;Antigolpes;3,10;;;
OP-A3X5-PRO-NA;OPPO;A3x 5G;Cristal templado;Estándar;1,30;;;
OP-A3X5-PRO-PRI;OPPO;A3x 5G;Cristal templado;Privacidad;4,00;;;
OP-A3X5-FUN-SIL;OPPO;A3x 5G;Funda;Silicona;2,50;;;
OP-A3X5-FUN-TPU;OPPO;A3x 5G;Funda;Transparente;2,95;;;
OP-A3X5-FUN-LIB;OPPO;A3x 5G;Funda;Libro;3,70;;;
OP-A3X5-FUN-ANT;OPPO;A3x 5G;Funda;Antigolpes;3,10;;;
OP-F27PPL-PRO-NA;OPPO;F27 Pro+;Cristal templado;Estándar;1,30;;;
OP-F27PPL-PRO-PRI;OPPO;F27 Pro+;Cristal templado;Privacidad;4,00;;;
OP-F27PPL-FUN-SIL;OPPO;F27 Pro+;Funda;Silicona;2,50;;;
OP-F27PPL-FUN-TPU;OPPO;F27 Pro+;Funda;Transparente;2,95;;;
OP-F27PPL-FUN-LIB;OPPO;F27 Pro+;Funda;Libro;3,70;;;
OP-F27PPL-FUN-ANT;OPPO;F27 Pro+;Funda;Antigolpes;3,10;;;
OP-F27PPL-PCA-NA;OPPO;F27 Pro+;Protector de cámara;Cristal;2,90;;;
OP-R11A-PRO-NA;OPPO;Reno11 A;Cristal templado;Estándar;1,30;;;
OP-R11A-PRO-PRI;OPPO;Reno11 A;Cristal templado;Privacidad;4,00;;;
OP-R11A-FUN-SIL;OPPO;Reno11 A;Funda;Silicona;2,50;;;
OP-R11A-FUN-TPU;OPPO;Reno11 A;Funda;Transparente;2,95;;;
OP-R11A-FUN-LIB;OPPO;Reno11 A;Funda;Libro;3,70;;;
OP-R11A-FUN-ANT;OPPO;Reno11 A;Funda;Antigolpes;3,10;;;
OP-R11A-PCA-NA;OPPO;Reno11 A;Protector de cámara;Cristal;2,90;;;
OP-A1I-PRO-NA;OPPO;A1i;Cristal templado;Estándar;1,30;;;
OP-A1I-PRO-PRI;OPPO;A1i;Cristal templado;Privacidad;4,00;;;
OP-A1I-FUN-SIL;OPPO;A1i;Funda;Silicona;2,50;;;
OP-A1I-FUN-TPU;OPPO;A1i;Funda;Transparente;2,95;;;
OP-A1I-FUN-LIB;OPPO;A1i;Funda;Libro;3,70;;;
OP-A1I-FUN-ANT;OPPO;A1i;Funda;Antigolpes;3,10;;;
OP-K12-PRO-NA;OPPO;K12;Cristal templado;Estándar;1,30;;;
OP-K12-PRO-PRI;OPPO;K12;Cristal templado;Privacidad;4,00;;;
OP-K12-FUN-SIL;OPPO;K12;Funda;Silicona;2,50;;;
OP-K12-FUN-TPU;OPPO;K12;Funda;Transparente;2,95;;;
OP-K12-FUN-LIB;OPPO;K12;Funda;Libro;3,70;;;
OP-K12-FUN-ANT;OPPO;K12;Funda;Antigolpes;3,10;;;
OP-K12X-PRO-NA;OPPO;K12x;Cristal templado;Estándar;1,30;;;
OP-K12X-PRO-PRI;OPPO;K12x;Cristal templado;Privacidad;4,00;;;
OP-K12X-FUN-SIL;OPPO;K12x;Funda;Silicona;2,50;;;
OP-K12X-FUN-TPU;OPPO;K12x;Funda;Transparente;2,95;;;
OP-K12X-FUN-LIB;OPPO;K12x;Funda;Libro;3,70;;;
OP-K12X-FUN-ANT;OPPO;K12x;Funda;Antigolpes;3,10;;;
OP-FX7-PRO-NA;OPPO;Find X7;Cristal templado;Estándar;1,30;;;
OP-FX7-PRO-NA-FG;OPPO;Find X7;Cristal templado;UV full glue;4,15;;;
OP-FX7-PRO-PRI;OPPO;Find X7;Cristal templado;Privacidad;4,00;;;
OP-FX7-FUN-SIL;OPPO;Find X7;Funda;Silicona;2,50;;;
OP-FX7-FUN-TPU;OPPO;Find X7;Funda;Transparente;2,95;;;
OP-FX7-FUN-LIB;OPPO;Find X7;Funda;Libro;3,70;;;
OP-FX7-FUN-ANT;OPPO;Find X7;Funda;Antigolpes;3,10;;;
OP-FX7-PCA-NA;OPPO;Find X7;Protector de cámara;Cristal;2,90;;;
OP-FX7U-PRO-NA;OPPO;Find X7 Ultra;Cristal templado;Estándar;1,30;;;
OP-FX7U-PRO-NA-FG;OPPO;Find X7 Ultra;Cristal templado;UV full glue;4,15;;;
OP-FX7U-PRO-PRI;OPPO;Find X7 Ultra;Cristal templado;Privacidad;4,00;;;
OP-FX7U-FUN-SIL;OPPO;Find X7 Ultra;Funda;Silicona;2,50;;;
OP-FX7U-FUN-TPU;OPPO;Find X7 Ultra;Funda;Transparente;2,95;;;
OP-FX7U-FUN-LIB;OPPO;Find X7 Ultra;Funda;Libro;3,70;;;
OP-FX7U-FUN-ANT;OPPO;Find X7 Ultra;Funda;Antigolpes;3,10;;;
OP-FX7U-PCA-NA;OPPO;Find X7 Ultra;Protector de cámara;Cristal;2,90;;;
OP-RENO11-PRO-NA;OPPO;Reno11;Cristal templado;Estándar;1,30;;;
OP-RENO11-PRO-PRI;OPPO;Reno11;Cristal templado;Privacidad;4,00;;;
OP-RENO11-FUN-SIL;OPPO;Reno11;Funda;Silicona;2,50;;;
OP-RENO11-FUN-TPU;OPPO;Reno11;Funda;Transparente;2,95;;;
OP-RENO11-FUN-LIB;OPPO;Reno11;Funda;Libro;3,70;;;
OP-RENO11-FUN-ANT;OPPO;Reno11;Funda;Antigolpes;3,10;;;
OP-RENO11-PCA-NA;OPPO;Reno11;Protector de cámara;Cristal;2,90;;;
OP-R11P-PRO-NA;OPPO;Reno11 Pro;Cristal templado;Estándar;1,30;;;
OP-R11P-PRO-PRI;OPPO;Reno11 Pro;Cristal templado;Privacidad;4,00;;;
OP-R11P-FUN-SIL;OPPO;Reno11 Pro;Funda;Silicona;2,50;;;
OP-R11P-FUN-TPU;OPPO;Reno11 Pro;Funda;Transparente;2,95;;;
OP-R11P-FUN-LIB;OPPO;Reno11 Pro;Funda;Libro;3,70;;;
OP-R11P-FUN-ANT;OPPO;Reno11 Pro;Funda;Antigolpes;3,10;;;
OP-R11P-PCA-NA;OPPO;Reno11 Pro;Protector de cámara;Cristal;2,90;;;
OP-A595-PRO-NA;OPPO;A59 5G;Cristal templado;Estándar;1,30;;;
OP-A595-PRO-PRI;OPPO;A59 5G;Cristal templado;Privacidad;4,00;;;
OP-A595-FUN-SIL;OPPO;A59 5G;Funda;Silicona;2,50;;;
OP-A595-FUN-TPU;OPPO;A59 5G;Funda;Transparente;2,95;;;
OP-A595-FUN-LIB;OPPO;A59 5G;Funda;Libro;3,70;;;
OP-A595-FUN-ANT;OPPO;A59 5G;Funda;Antigolpes;3,10;;;
OP-A595-PCA-NA;OPPO;A59 5G;Protector de cámara;Cristal;2,90;;;
OP-A2X-PRO-NA;OPPO;A2x;Cristal templado;Estándar;1,30;;;
OP-A2X-PRO-PRI;OPPO;A2x;Cristal templado;Privacidad;4,00;;;
OP-A2X-FUN-SIL;OPPO;A2x;Funda;Silicona;2,50;;;
OP-A2X-FUN-TPU;OPPO;A2x;Funda;Transparente;2,95;;;
OP-A2X-FUN-LIB;OPPO;A2x;Funda;Libro;3,70;;;
OP-A2X-FUN-ANT;OPPO;A2x;Funda;Antigolpes;3,10;;;
OP-FN3FL-PRO-NA;OPPO;Find N3 Flip;Cristal templado;Estándar;1,30;;;
OP-FN3FL-FUN-SIL;OPPO;Find N3 Flip;Funda;Silicona;2,50;;;
OP-FN3FL-FUN-TPU;OPPO;Find N3 Flip;Funda;Transparente;2,95;;;
OP-FN3FL-PCA-NA;OPPO;Find N3 Flip;Protector de cámara;Cristal;2,90;;;
OP-K11-PRO-NA;OPPO;K11;Cristal templado;Estándar;1,30;;;
OP-K11-PRO-PRI;OPPO;K11;Cristal templado;Privacidad;4,00;;;
OP-K11-FUN-SIL;OPPO;K11;Funda;Silicona;2,50;;;
OP-K11-FUN-TPU;OPPO;K11;Funda;Transparente;2,95;;;
OP-K11-FUN-LIB;OPPO;K11;Funda;Libro;3,70;;;
OP-K11-FUN-ANT;OPPO;K11;Funda;Antigolpes;3,10;;;
OP-F23-PRO-NA;OPPO;F23;Cristal templado;Estándar;1,30;;;
OP-F23-PRO-PRI;OPPO;F23;Cristal templado;Privacidad;4,00;;;
OP-F23-FUN-SIL;OPPO;F23;Funda;Silicona;2,50;;;
OP-F23-FUN-TPU;OPPO;F23;Funda;Transparente;2,95;;;
OP-F23-FUN-LIB;OPPO;F23;Funda;Libro;3,70;;;
OP-F23-FUN-ANT;OPPO;F23;Funda;Antigolpes;3,10;;;
OP-F23-PCA-NA;OPPO;F23;Protector de cámara;Cristal;2,90;;;
OP-K11X-PRO-NA;OPPO;K11x;Cristal templado;Estándar;1,30;;;
OP-K11X-PRO-PRI;OPPO;K11x;Cristal templado;Privacidad;4,00;;;
OP-K11X-FUN-SIL;OPPO;K11x;Funda;Silicona;2,50;;;
OP-K11X-FUN-TPU;OPPO;K11x;Funda;Transparente;2,95;;;
OP-K11X-FUN-LIB;OPPO;K11x;Funda;Libro;3,70;;;
OP-K11X-FUN-ANT;OPPO;K11x;Funda;Antigolpes;3,10;;;
OP-R10PPL-PRO-NA;OPPO;Reno10 Pro+;Cristal templado;Estándar;1,30;;;
OP-R10PPL-PRO-PRI;OPPO;Reno10 Pro+;Cristal templado;Privacidad;4,00;;;
OP-R10PPL-FUN-SIL;OPPO;Reno10 Pro+;Funda;Silicona;2,50;;;
OP-R10PPL-FUN-TPU;OPPO;Reno10 Pro+;Funda;Transparente;2,95;;;
OP-R10PPL-FUN-LIB;OPPO;Reno10 Pro+;Funda;Libro;3,70;;;
OP-R10PPL-FUN-ANT;OPPO;Reno10 Pro+;Funda;Antigolpes;3,10;;;
OP-R10PPL-PCA-NA;OPPO;Reno10 Pro+;Protector de cámara;Cristal;2,90;;;
OP-A123-PRO-NA;OPPO;A1 2023;Cristal templado;Estándar;1,30;;;
OP-A123-PRO-PRI;OPPO;A1 2023;Cristal templado;Privacidad;4,00;;;
OP-A123-FUN-SIL;OPPO;A1 2023;Funda;Silicona;2,50;;;
OP-A123-FUN-TPU;OPPO;A1 2023;Funda;Transparente;2,95;;;
OP-A123-FUN-LIB;OPPO;A1 2023;Funda;Libro;3,70;;;
OP-A123-FUN-ANT;OPPO;A1 2023;Funda;Antigolpes;3,10;;;
OP-A123-PCA-NA;OPPO;A1 2023;Protector de cámara;Cristal;2,90;;;
OP-FX6-PRO-NA;OPPO;Find X6;Cristal templado;Estándar;1,30;;;
OP-FX6-PRO-NA-FG;OPPO;Find X6;Cristal templado;UV full glue;4,15;;;
OP-FX6-PRO-PRI;OPPO;Find X6;Cristal templado;Privacidad;4,00;;;
OP-FX6-FUN-SIL;OPPO;Find X6;Funda;Silicona;2,50;;;
OP-FX6-FUN-TPU;OPPO;Find X6;Funda;Transparente;2,95;;;
OP-FX6-FUN-LIB;OPPO;Find X6;Funda;Libro;3,70;;;
OP-FX6-FUN-ANT;OPPO;Find X6;Funda;Antigolpes;3,10;;;
OP-FX6-PCA-NA;OPPO;Find X6;Protector de cámara;Cristal;2,90;;;
OP-FX6P-PRO-NA;OPPO;Find X6 Pro;Cristal templado;Estándar;1,30;;;
OP-FX6P-PRO-NA-FG;OPPO;Find X6 Pro;Cristal templado;UV full glue;4,15;;;
OP-FX6P-PRO-PRI;OPPO;Find X6 Pro;Cristal templado;Privacidad;4,00;;;
OP-FX6P-FUN-SIL;OPPO;Find X6 Pro;Funda;Silicona;2,50;;;
OP-FX6P-FUN-TPU;OPPO;Find X6 Pro;Funda;Transparente;2,95;;;
OP-FX6P-FUN-LIB;OPPO;Find X6 Pro;Funda;Libro;3,70;;;
OP-FX6P-FUN-ANT;OPPO;Find X6 Pro;Funda;Antigolpes;3,10;;;
OP-FX6P-PCA-NA;OPPO;Find X6 Pro;Protector de cámara;Cristal;2,90;;;
OP-A56S-PRO-NA;OPPO;A56s;Cristal templado;Estándar;1,30;;;
OP-A56S-PRO-PRI;OPPO;A56s;Cristal templado;Privacidad;4,00;;;
OP-A56S-FUN-SIL;OPPO;A56s;Funda;Silicona;2,50;;;
OP-A56S-FUN-TPU;OPPO;A56s;Funda;Transparente;2,95;;;
OP-A56S-FUN-LIB;OPPO;A56s;Funda;Libro;3,70;;;
OP-A56S-FUN-ANT;OPPO;A56s;Funda;Antigolpes;3,10;;;
OP-A56S-PCA-NA;OPPO;A56s;Protector de cámara;Cristal;2,90;;;
OP-A58X-PRO-NA;OPPO;A58x;Cristal templado;Estándar;1,30;;;
OP-A58X-PRO-PRI;OPPO;A58x;Cristal templado;Privacidad;4,00;;;
OP-A58X-FUN-SIL;OPPO;A58x;Funda;Silicona;2,50;;;
OP-A58X-FUN-TPU;OPPO;A58x;Funda;Transparente;2,95;;;
OP-A58X-FUN-LIB;OPPO;A58x;Funda;Libro;3,70;;;
OP-A58X-FUN-ANT;OPPO;A58x;Funda;Antigolpes;3,10;;;
OP-A58X-PCA-NA;OPPO;A58x;Protector de cámara;Cristal;2,90;;;
OP-FN2-PRO-NA;OPPO;Find N2;Cristal templado;Estándar;1,30;;;
OP-FN2-FUN-SIL;OPPO;Find N2;Funda;Silicona;2,50;;;
OP-FN2-FUN-TPU;OPPO;Find N2;Funda;Transparente;2,95;;;
OP-FN2-PCA-NA;OPPO;Find N2;Protector de cámara;Cristal;2,90;;;
OP-A1P-PRO-NA;OPPO;A1 Pro;Cristal templado;Estándar;1,30;;;
OP-A1P-PRO-PRI;OPPO;A1 Pro;Cristal templado;Privacidad;4,00;;;
OP-A1P-FUN-SIL;OPPO;A1 Pro;Funda;Silicona;2,50;;;
OP-A1P-FUN-TPU;OPPO;A1 Pro;Funda;Transparente;2,95;;;
OP-A1P-FUN-LIB;OPPO;A1 Pro;Funda;Libro;3,70;;;
OP-A1P-FUN-ANT;OPPO;A1 Pro;Funda;Antigolpes;3,10;;;
OP-A1P-PCA-NA;OPPO;A1 Pro;Protector de cámara;Cristal;2,90;;;
OP-RENO9-PRO-NA;OPPO;Reno9;Cristal templado;Estándar;1,30;;;
OP-RENO9-PRO-PRI;OPPO;Reno9;Cristal templado;Privacidad;4,00;;;
OP-RENO9-FUN-SIL;OPPO;Reno9;Funda;Silicona;2,50;;;
OP-RENO9-FUN-TPU;OPPO;Reno9;Funda;Transparente;2,95;;;
OP-RENO9-FUN-LIB;OPPO;Reno9;Funda;Libro;3,70;;;
OP-RENO9-FUN-ANT;OPPO;Reno9;Funda;Antigolpes;3,10;;;
OP-RENO9-PCA-NA;OPPO;Reno9;Protector de cámara;Cristal;2,90;;;
OP-R9P-PRO-NA;OPPO;Reno9 Pro;Cristal templado;Estándar;1,30;;;
OP-R9P-PRO-PRI;OPPO;Reno9 Pro;Cristal templado;Privacidad;4,00;;;
OP-R9P-FUN-SIL;OPPO;Reno9 Pro;Funda;Silicona;2,50;;;
OP-R9P-FUN-TPU;OPPO;Reno9 Pro;Funda;Transparente;2,95;;;
OP-R9P-FUN-LIB;OPPO;Reno9 Pro;Funda;Libro;3,70;;;
OP-R9P-FUN-ANT;OPPO;Reno9 Pro;Funda;Antigolpes;3,10;;;
OP-R9P-PCA-NA;OPPO;Reno9 Pro;Protector de cámara;Cristal;2,90;;;
OP-R9PPL-PRO-NA;OPPO;Reno9 Pro+;Cristal templado;Estándar;1,30;;;
OP-R9PPL-PRO-PRI;OPPO;Reno9 Pro+;Cristal templado;Privacidad;4,00;;;
OP-R9PPL-FUN-SIL;OPPO;Reno9 Pro+;Funda;Silicona;2,50;;;
OP-R9PPL-FUN-TPU;OPPO;Reno9 Pro+;Funda;Transparente;2,95;;;
OP-R9PPL-FUN-LIB;OPPO;Reno9 Pro+;Funda;Libro;3,70;;;
OP-R9PPL-FUN-ANT;OPPO;Reno9 Pro+;Funda;Antigolpes;3,10;;;
OP-R9PPL-PCA-NA;OPPO;Reno9 Pro+;Protector de cámara;Cristal;2,90;;;
OP-A17K-PRO-NA;OPPO;A17k;Cristal templado;Estándar;1,30;;;
OP-A17K-PRO-PRI;OPPO;A17k;Cristal templado;Privacidad;4,00;;;
OP-A17K-FUN-SIL;OPPO;A17k;Funda;Silicona;2,50;;;
OP-A17K-FUN-TPU;OPPO;A17k;Funda;Transparente;2,95;;;
OP-A17K-FUN-LIB;OPPO;A17k;Funda;Libro;3,70;;;
OP-A17K-FUN-ANT;OPPO;A17k;Funda;Antigolpes;3,10;;;
OP-A77S-PRO-NA;OPPO;A77s;Cristal templado;Estándar;1,30;;;
OP-A77S-PRO-PRI;OPPO;A77s;Cristal templado;Privacidad;4,00;;;
OP-A77S-FUN-SIL;OPPO;A77s;Funda;Silicona;2,50;;;
OP-A77S-FUN-TPU;OPPO;A77s;Funda;Transparente;2,95;;;
OP-A77S-FUN-LIB;OPPO;A77s;Funda;Libro;3,70;;;
OP-A77S-FUN-ANT;OPPO;A77s;Funda;Antigolpes;3,10;;;
OP-A77S-PCA-NA;OPPO;A77s;Protector de cámara;Cristal;2,90;;;
OP-A2P-PRO-NA;OPPO;A2 Pro;Cristal templado;Estándar;1,30;;;
OP-A2P-PRO-PRI;OPPO;A2 Pro;Cristal templado;Privacidad;4,00;;;
OP-A2P-FUN-SIL;OPPO;A2 Pro;Funda;Silicona;2,50;;;
OP-A2P-FUN-TPU;OPPO;A2 Pro;Funda;Transparente;2,95;;;
OP-A2P-FUN-LIB;OPPO;A2 Pro;Funda;Libro;3,70;;;
OP-A2P-FUN-ANT;OPPO;A2 Pro;Funda;Antigolpes;3,10;;;
OP-A2P-PCA-NA;OPPO;A2 Pro;Protector de cámara;Cristal;2,90;;;
OP-F21SP5-PRO-NA;OPPO;F21s Pro 5G;Cristal templado;Estándar;1,30;;;
OP-F21SP5-PRO-PRI;OPPO;F21s Pro 5G;Cristal templado;Privacidad;4,00;;;
OP-F21SP5-FUN-SIL;OPPO;F21s Pro 5G;Funda;Silicona;2,50;;;
OP-F21SP5-FUN-TPU;OPPO;F21s Pro 5G;Funda;Transparente;2,95;;;
OP-F21SP5-FUN-LIB;OPPO;F21s Pro 5G;Funda;Libro;3,70;;;
OP-F21SP5-FUN-ANT;OPPO;F21s Pro 5G;Funda;Antigolpes;3,10;;;
OP-F21SP5-PCA-NA;OPPO;F21s Pro 5G;Protector de cámara;Cristal;2,90;;;
OP-A57E-PRO-NA;OPPO;A57e;Cristal templado;Estándar;1,30;;;
OP-A57E-PRO-PRI;OPPO;A57e;Cristal templado;Privacidad;4,00;;;
OP-A57E-FUN-SIL;OPPO;A57e;Funda;Silicona;2,50;;;
OP-A57E-FUN-TPU;OPPO;A57e;Funda;Transparente;2,95;;;
OP-A57E-FUN-LIB;OPPO;A57e;Funda;Libro;3,70;;;
OP-A57E-FUN-ANT;OPPO;A57e;Funda;Antigolpes;3,10;;;
OP-A57E-PCA-NA;OPPO;A57e;Protector de cámara;Cristal;2,90;;;
OP-A7722-PRO-NA;OPPO;A77 2022;Cristal templado;Estándar;1,30;;;
OP-A7722-PRO-PRI;OPPO;A77 2022;Cristal templado;Privacidad;4,00;;;
OP-A7722-FUN-SIL;OPPO;A77 2022;Funda;Silicona;2,50;;;
OP-A7722-FUN-TPU;OPPO;A77 2022;Funda;Transparente;2,95;;;
OP-A7722-FUN-LIB;OPPO;A77 2022;Funda;Libro;3,70;;;
OP-A7722-FUN-ANT;OPPO;A77 2022;Funda;Antigolpes;3,10;;;
OP-A7722-PCA-NA;OPPO;A77 2022;Protector de cámara;Cristal;2,90;;;
OP-A97-PRO-NA;OPPO;A97;Cristal templado;Estándar;1,30;;;
OP-A97-PRO-PRI;OPPO;A97;Cristal templado;Privacidad;4,00;;;
OP-A97-FUN-SIL;OPPO;A97;Funda;Silicona;2,50;;;
OP-A97-FUN-TPU;OPPO;A97;Funda;Transparente;2,95;;;
OP-A97-FUN-LIB;OPPO;A97;Funda;Libro;3,70;;;
OP-A97-FUN-ANT;OPPO;A97;Funda;Antigolpes;3,10;;;
OP-A97-PCA-NA;OPPO;A97;Protector de cámara;Cristal;2,90;;;
OP-R7A-PRO-NA;OPPO;Reno7 A;Cristal templado;Estándar;1,30;;;
OP-R7A-PRO-PRI;OPPO;Reno7 A;Cristal templado;Privacidad;4,00;;;
OP-R7A-FUN-SIL;OPPO;Reno7 A;Funda;Silicona;2,50;;;
OP-R7A-FUN-TPU;OPPO;Reno7 A;Funda;Transparente;2,95;;;
OP-R7A-FUN-LIB;OPPO;Reno7 A;Funda;Libro;3,70;;;
OP-R7A-FUN-ANT;OPPO;Reno7 A;Funda;Antigolpes;3,10;;;
OP-R7A-PCA-NA;OPPO;Reno7 A;Protector de cámara;Cristal;2,90;;;
OP-A55S-PRO-NA;OPPO;A55s;Cristal templado;Estándar;1,30;;;
OP-A55S-PRO-PRI;OPPO;A55s;Cristal templado;Privacidad;4,00;;;
OP-A55S-FUN-SIL;OPPO;A55s;Funda;Silicona;2,50;;;
OP-A55S-FUN-TPU;OPPO;A55s;Funda;Transparente;2,95;;;
OP-A55S-FUN-LIB;OPPO;A55s;Funda;Libro;3,70;;;
OP-A55S-FUN-ANT;OPPO;A55s;Funda;Antigolpes;3,10;;;
OP-A55S-PCA-NA;OPPO;A55s;Protector de cámara;Cristal;2,90;;;
OP-A575-PRO-NA;OPPO;A57 5G;Cristal templado;Estándar;1,30;;;
OP-A575-PRO-PRI;OPPO;A57 5G;Cristal templado;Privacidad;4,00;;;
OP-A575-FUN-SIL;OPPO;A57 5G;Funda;Silicona;2,50;;;
OP-A575-FUN-TPU;OPPO;A57 5G;Funda;Transparente;2,95;;;
OP-A575-FUN-LIB;OPPO;A57 5G;Funda;Libro;3,70;;;
OP-A575-FUN-ANT;OPPO;A57 5G;Funda;Antigolpes;3,10;;;
OP-A575-PCA-NA;OPPO;A57 5G;Protector de cámara;Cristal;2,90;;;
OP-A16E-PRO-NA;OPPO;A16e;Cristal templado;Estándar;1,30;;;
OP-A16E-PRO-PRI;OPPO;A16e;Cristal templado;Privacidad;4,00;;;
OP-A16E-FUN-SIL;OPPO;A16e;Funda;Silicona;2,50;;;
OP-A16E-FUN-TPU;OPPO;A16e;Funda;Transparente;2,95;;;
OP-A16E-FUN-LIB;OPPO;A16e;Funda;Libro;3,70;;;
OP-A16E-FUN-ANT;OPPO;A16e;Funda;Antigolpes;3,10;;;
OP-K10-PRO-NA;OPPO;K10;Cristal templado;Estándar;1,30;;;
OP-K10-PRO-PRI;OPPO;K10;Cristal templado;Privacidad;4,00;;;
OP-K10-FUN-SIL;OPPO;K10;Funda;Silicona;2,50;;;
OP-K10-FUN-TPU;OPPO;K10;Funda;Transparente;2,95;;;
OP-K10-FUN-LIB;OPPO;K10;Funda;Libro;3,70;;;
OP-K10-FUN-ANT;OPPO;K10;Funda;Antigolpes;3,10;;;
OP-A36-PRO-NA;OPPO;A36;Cristal templado;Estándar;1,30;;;
OP-A36-PRO-PRI;OPPO;A36;Cristal templado;Privacidad;4,00;;;
OP-A36-FUN-SIL;OPPO;A36;Funda;Silicona;2,50;;;
OP-A36-FUN-TPU;OPPO;A36;Funda;Transparente;2,95;;;
OP-A36-FUN-LIB;OPPO;A36;Funda;Libro;3,70;;;
OP-A36-FUN-ANT;OPPO;A36;Funda;Antigolpes;3,10;;;
OP-A36-PCA-NA;OPPO;A36;Protector de cámara;Cristal;2,90;;;
OP-R6L-PRO-NA;OPPO;Reno6 Lite;Cristal templado;Estándar;1,30;;;
OP-R6L-PRO-PRI;OPPO;Reno6 Lite;Cristal templado;Privacidad;4,00;;;
OP-R6L-FUN-SIL;OPPO;Reno6 Lite;Funda;Silicona;2,50;;;
OP-R6L-FUN-TPU;OPPO;Reno6 Lite;Funda;Transparente;2,95;;;
OP-R6L-FUN-LIB;OPPO;Reno6 Lite;Funda;Libro;3,70;;;
OP-R6L-FUN-ANT;OPPO;Reno6 Lite;Funda;Antigolpes;3,10;;;
OP-A11S-PRO-NA;OPPO;A11s;Cristal templado;Estándar;1,30;;;
OP-A11S-PRO-PRI;OPPO;A11s;Cristal templado;Privacidad;4,00;;;
OP-A11S-FUN-SIL;OPPO;A11s;Funda;Silicona;2,50;;;
OP-A11S-FUN-TPU;OPPO;A11s;Funda;Transparente;2,95;;;
OP-A11S-FUN-LIB;OPPO;A11s;Funda;Libro;3,70;;;
OP-A11S-FUN-ANT;OPPO;A11s;Funda;Antigolpes;3,10;;;
OP-A11S-PCA-NA;OPPO;A11s;Protector de cámara;Cristal;2,90;;;
OP-FN-PRO-NA;OPPO;Find N;Cristal templado;Estándar;1,30;;;
OP-FN-FUN-SIL;OPPO;Find N;Funda;Silicona;2,50;;;
OP-FN-FUN-TPU;OPPO;Find N;Funda;Transparente;2,95;;;
OP-FN-PCA-NA;OPPO;Find N;Protector de cámara;Cristal;2,90;;;
OP-K9X-PRO-NA;OPPO;K9x;Cristal templado;Estándar;1,30;;;
OP-K9X-PRO-PRI;OPPO;K9x;Cristal templado;Privacidad;4,00;;;
OP-K9X-FUN-SIL;OPPO;K9x;Funda;Silicona;2,50;;;
OP-K9X-FUN-TPU;OPPO;K9x;Funda;Transparente;2,95;;;
OP-K9X-FUN-LIB;OPPO;K9x;Funda;Libro;3,70;;;
OP-K9X-FUN-ANT;OPPO;K9x;Funda;Antigolpes;3,10;;;
OP-A16K-PRO-NA;OPPO;A16k;Cristal templado;Estándar;1,30;;;
OP-A16K-PRO-PRI;OPPO;A16k;Cristal templado;Privacidad;4,00;;;
OP-A16K-FUN-SIL;OPPO;A16k;Funda;Silicona;2,50;;;
OP-A16K-FUN-TPU;OPPO;A16k;Funda;Transparente;2,95;;;
OP-A16K-FUN-LIB;OPPO;A16k;Funda;Libro;3,70;;;
OP-A16K-FUN-ANT;OPPO;A16k;Funda;Antigolpes;3,10;;;
OP-A565-PRO-NA;OPPO;A56 5G;Cristal templado;Estándar;1,30;;;
OP-A565-PRO-PRI;OPPO;A56 5G;Cristal templado;Privacidad;4,00;;;
OP-A565-FUN-SIL;OPPO;A56 5G;Funda;Silicona;2,50;;;
OP-A565-FUN-TPU;OPPO;A56 5G;Funda;Transparente;2,95;;;
OP-A565-FUN-LIB;OPPO;A56 5G;Funda;Libro;3,70;;;
OP-A565-FUN-ANT;OPPO;A56 5G;Funda;Antigolpes;3,10;;;
OP-A565-PCA-NA;OPPO;A56 5G;Protector de cámara;Cristal;2,90;;;
OP-R7P-PRO-NA;OPPO;Reno7 Pro;Cristal templado;Estándar;1,30;;;
OP-R7P-PRO-PRI;OPPO;Reno7 Pro;Cristal templado;Privacidad;4,00;;;
OP-R7P-FUN-SIL;OPPO;Reno7 Pro;Funda;Silicona;2,50;;;
OP-R7P-FUN-TPU;OPPO;Reno7 Pro;Funda;Transparente;2,95;;;
OP-R7P-FUN-LIB;OPPO;Reno7 Pro;Funda;Libro;3,70;;;
OP-R7P-FUN-ANT;OPPO;Reno7 Pro;Funda;Antigolpes;3,10;;;
OP-R7P-PCA-NA;OPPO;Reno7 Pro;Protector de cámara;Cristal;2,90;;;
OP-R7SE-PRO-NA;OPPO;Reno7 SE;Cristal templado;Estándar;1,30;;;
OP-R7SE-PRO-PRI;OPPO;Reno7 SE;Cristal templado;Privacidad;4,00;;;
OP-R7SE-FUN-SIL;OPPO;Reno7 SE;Funda;Silicona;2,50;;;
OP-R7SE-FUN-TPU;OPPO;Reno7 SE;Funda;Transparente;2,95;;;
OP-R7SE-FUN-LIB;OPPO;Reno7 SE;Funda;Libro;3,70;;;
OP-R7SE-FUN-ANT;OPPO;Reno7 SE;Funda;Antigolpes;3,10;;;
OP-R7SE-PCA-NA;OPPO;Reno7 SE;Protector de cámara;Cristal;2,90;;;
OP-K9S-PRO-NA;OPPO;K9s;Cristal templado;Estándar;1,30;;;
OP-K9S-PRO-PRI;OPPO;K9s;Cristal templado;Privacidad;4,00;;;
OP-K9S-FUN-SIL;OPPO;K9s;Funda;Silicona;2,50;;;
OP-K9S-FUN-TPU;OPPO;K9s;Funda;Transparente;2,95;;;
OP-K9S-FUN-LIB;OPPO;K9s;Funda;Libro;3,70;;;
OP-K9S-FUN-ANT;OPPO;K9s;Funda;Antigolpes;3,10;;;
OP-F19S-PRO-NA;OPPO;F19s;Cristal templado;Estándar;1,30;;;
OP-F19S-PRO-PRI;OPPO;F19s;Cristal templado;Privacidad;4,00;;;
OP-F19S-FUN-SIL;OPPO;F19s;Funda;Silicona;2,50;;;
OP-F19S-FUN-TPU;OPPO;F19s;Funda;Transparente;2,95;;;
OP-F19S-FUN-LIB;OPPO;F19s;Funda;Libro;3,70;;;
OP-F19S-FUN-ANT;OPPO;F19s;Funda;Antigolpes;3,10;;;
OP-F19S-PCA-NA;OPPO;F19s;Protector de cámara;Cristal;2,90;;;
OP-K9P-PRO-NA;OPPO;K9 Pro;Cristal templado;Estándar;1,30;;;
OP-K9P-PRO-PRI;OPPO;K9 Pro;Cristal templado;Privacidad;4,00;;;
OP-K9P-FUN-SIL;OPPO;K9 Pro;Funda;Silicona;2,50;;;
OP-K9P-FUN-TPU;OPPO;K9 Pro;Funda;Transparente;2,95;;;
OP-K9P-FUN-LIB;OPPO;K9 Pro;Funda;Libro;3,70;;;
OP-K9P-FUN-ANT;OPPO;K9 Pro;Funda;Antigolpes;3,10;;;
OP-R6Z-PRO-NA;OPPO;Reno6 Z;Cristal templado;Estándar;1,30;;;
OP-R6Z-PRO-PRI;OPPO;Reno6 Z;Cristal templado;Privacidad;4,00;;;
OP-R6Z-FUN-SIL;OPPO;Reno6 Z;Funda;Silicona;2,50;;;
OP-R6Z-FUN-TPU;OPPO;Reno6 Z;Funda;Transparente;2,95;;;
OP-R6Z-FUN-LIB;OPPO;Reno6 Z;Funda;Libro;3,70;;;
OP-R6Z-FUN-ANT;OPPO;Reno6 Z;Funda;Antigolpes;3,10;;;
OP-R6Z-PCA-NA;OPPO;Reno6 Z;Protector de cámara;Cristal;2,90;;;
OP-A93S5-PRO-NA;OPPO;A93s 5G;Cristal templado;Estándar;1,30;;;
OP-A93S5-PRO-PRI;OPPO;A93s 5G;Cristal templado;Privacidad;4,00;;;
OP-A93S5-FUN-SIL;OPPO;A93s 5G;Funda;Silicona;2,50;;;
OP-A93S5-FUN-TPU;OPPO;A93s 5G;Funda;Transparente;2,95;;;
OP-A93S5-FUN-LIB;OPPO;A93s 5G;Funda;Libro;3,70;;;
OP-A93S5-FUN-ANT;OPPO;A93s 5G;Funda;Antigolpes;3,10;;;
OP-A93S5-PCA-NA;OPPO;A93s 5G;Protector de cámara;Cristal;2,90;;;
OP-R6PPL5-PRO-NA;OPPO;Reno6 Pro+ 5G;Cristal templado;Estándar;1,30;;;
OP-R6PPL5-PRO-PRI;OPPO;Reno6 Pro+ 5G;Cristal templado;Privacidad;4,00;;;
OP-R6PPL5-FUN-SIL;OPPO;Reno6 Pro+ 5G;Funda;Silicona;2,50;;;
OP-R6PPL5-FUN-TPU;OPPO;Reno6 Pro+ 5G;Funda;Transparente;2,95;;;
OP-R6PPL5-FUN-LIB;OPPO;Reno6 Pro+ 5G;Funda;Libro;3,70;;;
OP-R6PPL5-FUN-ANT;OPPO;Reno6 Pro+ 5G;Funda;Antigolpes;3,10;;;
OP-R6PPL5-PCA-NA;OPPO;Reno6 Pro+ 5G;Protector de cámara;Cristal;2,90;;;
OP-A53S5-PRO-NA;OPPO;A53s 5G;Cristal templado;Estándar;1,30;;;
OP-A53S5-PRO-PRI;OPPO;A53s 5G;Cristal templado;Privacidad;4,00;;;
OP-A53S5-FUN-SIL;OPPO;A53s 5G;Funda;Silicona;2,50;;;
OP-A53S5-FUN-TPU;OPPO;A53s 5G;Funda;Transparente;2,95;;;
OP-A53S5-FUN-LIB;OPPO;A53s 5G;Funda;Libro;3,70;;;
OP-A53S5-FUN-ANT;OPPO;A53s 5G;Funda;Antigolpes;3,10;;;
OP-A53S5-PCA-NA;OPPO;A53s 5G;Protector de cámara;Cristal;2,90;;;
OP-A955-PRO-NA;OPPO;A95 5G;Cristal templado;Estándar;1,30;;;
OP-A955-PRO-PRI;OPPO;A95 5G;Cristal templado;Privacidad;4,00;;;
OP-A955-FUN-SIL;OPPO;A95 5G;Funda;Silicona;2,50;;;
OP-A955-FUN-TPU;OPPO;A95 5G;Funda;Transparente;2,95;;;
OP-A955-FUN-LIB;OPPO;A95 5G;Funda;Libro;3,70;;;
OP-A955-FUN-ANT;OPPO;A95 5G;Funda;Antigolpes;3,10;;;
OP-A955-PCA-NA;OPPO;A95 5G;Protector de cámara;Cristal;2,90;;;
OP-K9-PRO-NA;OPPO;K9;Cristal templado;Estándar;1,30;;;
OP-K9-PRO-PRI;OPPO;K9;Cristal templado;Privacidad;4,00;;;
OP-K9-FUN-SIL;OPPO;K9;Funda;Silicona;2,50;;;
OP-K9-FUN-TPU;OPPO;K9;Funda;Transparente;2,95;;;
OP-K9-FUN-LIB;OPPO;K9;Funda;Libro;3,70;;;
OP-K9-FUN-ANT;OPPO;K9;Funda;Antigolpes;3,10;;;
OP-R5A-PRO-NA;OPPO;Reno5 A;Cristal templado;Estándar;1,30;;;
OP-R5A-PRO-PRI;OPPO;Reno5 A;Cristal templado;Privacidad;4,00;;;
OP-R5A-FUN-SIL;OPPO;Reno5 A;Funda;Silicona;2,50;;;
OP-R5A-FUN-TPU;OPPO;Reno5 A;Funda;Transparente;2,95;;;
OP-R5A-FUN-LIB;OPPO;Reno5 A;Funda;Libro;3,70;;;
OP-R5A-FUN-ANT;OPPO;Reno5 A;Funda;Antigolpes;3,10;;;
OP-R5A-PCA-NA;OPPO;Reno5 A;Protector de cámara;Cristal;2,90;;;
OP-A35-PRO-NA;OPPO;A35;Cristal templado;Estándar;1,30;;;
OP-A35-PRO-PRI;OPPO;A35;Cristal templado;Privacidad;4,00;;;
OP-A35-FUN-SIL;OPPO;A35;Funda;Silicona;2,50;;;
OP-A35-FUN-TPU;OPPO;A35;Funda;Transparente;2,95;;;
OP-A35-FUN-LIB;OPPO;A35;Funda;Libro;3,70;;;
OP-A35-FUN-ANT;OPPO;A35;Funda;Antigolpes;3,10;;;
OP-A35-PCA-NA;OPPO;A35;Protector de cámara;Cristal;2,90;;;
OP-F19-PRO-NA;OPPO;F19;Cristal templado;Estándar;1,30;;;
OP-F19-PRO-PRI;OPPO;F19;Cristal templado;Privacidad;4,00;;;
OP-F19-FUN-SIL;OPPO;F19;Funda;Silicona;2,50;;;
OP-F19-FUN-TPU;OPPO;F19;Funda;Transparente;2,95;;;
OP-F19-FUN-LIB;OPPO;F19;Funda;Libro;3,70;;;
OP-F19-FUN-ANT;OPPO;F19;Funda;Antigolpes;3,10;;;
OP-A552-PRO-NA;OPPO;A55;Cristal templado;Estándar;1,30;;;
OP-A552-PRO-PRI;OPPO;A55;Cristal templado;Privacidad;4,00;;;
OP-A552-FUN-SIL;OPPO;A55;Funda;Silicona;2,50;;;
OP-A552-FUN-TPU;OPPO;A55;Funda;Transparente;2,95;;;
OP-A552-FUN-LIB;OPPO;A55;Funda;Libro;3,70;;;
OP-A552-FUN-ANT;OPPO;A55;Funda;Antigolpes;3,10;;;
OP-A552-PCA-NA;OPPO;A55;Protector de cámara;Cristal;2,90;;;
OP-F19P-PRO-NA;OPPO;F19 Pro;Cristal templado;Estándar;1,30;;;
OP-F19P-PRO-PRI;OPPO;F19 Pro;Cristal templado;Privacidad;4,00;;;
OP-F19P-FUN-SIL;OPPO;F19 Pro;Funda;Silicona;2,50;;;
OP-F19P-FUN-TPU;OPPO;F19 Pro;Funda;Transparente;2,95;;;
OP-F19P-FUN-LIB;OPPO;F19 Pro;Funda;Libro;3,70;;;
OP-F19P-FUN-ANT;OPPO;F19 Pro;Funda;Antigolpes;3,10;;;
OP-F19PPL5-PRO-NA;OPPO;F19 Pro+ 5G;Cristal templado;Estándar;1,30;;;
OP-F19PPL5-PRO-PRI;OPPO;F19 Pro+ 5G;Cristal templado;Privacidad;4,00;;;
OP-F19PPL5-FUN-SIL;OPPO;F19 Pro+ 5G;Funda;Silicona;2,50;;;
OP-F19PPL5-FUN-TPU;OPPO;F19 Pro+ 5G;Funda;Transparente;2,95;;;
OP-F19PPL5-FUN-LIB;OPPO;F19 Pro+ 5G;Funda;Libro;3,70;;;
OP-F19PPL5-FUN-ANT;OPPO;F19 Pro+ 5G;Funda;Antigolpes;3,10;;;
OP-F19PPL5-PCA-NA;OPPO;F19 Pro+ 5G;Protector de cámara;Cristal;2,90;;;
OP-FX3-PRO-NA;OPPO;Find X3;Cristal templado;Estándar;1,30;;;
OP-FX3-PRO-NA-FG;OPPO;Find X3;Cristal templado;UV full glue;4,15;;;
OP-FX3-PRO-PRI;OPPO;Find X3;Cristal templado;Privacidad;4,00;;;
OP-FX3-FUN-SIL;OPPO;Find X3;Funda;Silicona;2,50;;;
OP-FX3-FUN-TPU;OPPO;Find X3;Funda;Transparente;2,95;;;
OP-FX3-FUN-LIB;OPPO;Find X3;Funda;Libro;2,85;;;
OP-FX3-FUN-ANT;OPPO;Find X3;Funda;Antigolpes;3,10;;;
OP-FX3-PCA-NA;OPPO;Find X3;Protector de cámara;Cristal;2,90;;;
OP-FX3NEOL-PRO-NA;OPPO;Find X3 Neo Lite;Cristal templado;Estándar;1,30;;;
OP-FX3NEOL-PRO-PRI;OPPO;Find X3 Neo Lite;Cristal templado;Privacidad;4,00;;;
OP-FX3NEOL-FUN-SIL;OPPO;Find X3 Neo Lite;Funda;Silicona;2,50;;;
OP-FX3NEOL-FUN-TPU;OPPO;Find X3 Neo Lite;Funda;Transparente;2,95;;;
OP-FX3NEOL-FUN-LIB;OPPO;Find X3 Neo Lite;Funda;Libro;3,70;;;
OP-FX3NEOL-FUN-ANT;OPPO;Find X3 Neo Lite;Funda;Antigolpes;3,10;;;
OP-R5K-PRO-NA;OPPO;Reno5 K;Cristal templado;Estándar;1,30;;;
OP-R5K-PRO-PRI;OPPO;Reno5 K;Cristal templado;Privacidad;4,00;;;
OP-R5K-FUN-SIL;OPPO;Reno5 K;Funda;Silicona;2,50;;;
OP-R5K-FUN-TPU;OPPO;Reno5 K;Funda;Transparente;2,95;;;
OP-R5K-FUN-LIB;OPPO;Reno5 K;Funda;Libro;3,70;;;
OP-R5K-FUN-ANT;OPPO;Reno5 K;Funda;Antigolpes;3,10;;;
OP-R5K-PCA-NA;OPPO;Reno5 K;Protector de cámara;Cristal;2,90;;;
OP-A555-PRO-NA;OPPO;A55 5G;Cristal templado;Estándar;1,30;;;
OP-A555-PRO-PRI;OPPO;A55 5G;Cristal templado;Privacidad;4,00;;;
OP-A555-FUN-SIL;OPPO;A55 5G;Funda;Silicona;2,50;;;
OP-A555-FUN-TPU;OPPO;A55 5G;Funda;Transparente;2,95;;;
OP-A555-FUN-LIB;OPPO;A55 5G;Funda;Libro;3,70;;;
OP-A555-FUN-ANT;OPPO;A55 5G;Funda;Antigolpes;3,10;;;
OP-A555-PCA-NA;OPPO;A55 5G;Protector de cámara;Cristal;2,90;;;
OP-A935-PRO-NA;OPPO;A93 5G;Cristal templado;Estándar;1,30;;;
OP-A935-PRO-PRI;OPPO;A93 5G;Cristal templado;Privacidad;4,00;;;
OP-A935-FUN-SIL;OPPO;A93 5G;Funda;Silicona;2,50;;;
OP-A935-FUN-TPU;OPPO;A93 5G;Funda;Transparente;2,95;;;
OP-A935-FUN-LIB;OPPO;A93 5G;Funda;Libro;3,70;;;
OP-A935-FUN-ANT;OPPO;A93 5G;Funda;Antigolpes;3,10;;;
OP-A935-PCA-NA;OPPO;A93 5G;Protector de cámara;Cristal;2,90;;;
OP-R54-PRO-NA;OPPO;Reno5 4G;Cristal templado;Estándar;1,30;;;
OP-R54-PRO-PRI;OPPO;Reno5 4G;Cristal templado;Privacidad;4,00;;;
OP-R54-FUN-SIL;OPPO;Reno5 4G;Funda;Silicona;2,50;;;
OP-R54-FUN-TPU;OPPO;Reno5 4G;Funda;Transparente;2,95;;;
OP-R54-FUN-LIB;OPPO;Reno5 4G;Funda;Libro;3,70;;;
OP-R54-FUN-ANT;OPPO;Reno5 4G;Funda;Antigolpes;3,10;;;
OP-R54-PCA-NA;OPPO;Reno5 4G;Protector de cámara;Cristal;2,90;;;
OP-R5P5-PRO-NA;OPPO;Reno5 Pro 5G;Cristal templado;Estándar;1,30;;;
OP-R5P5-PRO-PRI;OPPO;Reno5 Pro 5G;Cristal templado;Privacidad;4,00;;;
OP-R5P5-FUN-SIL;OPPO;Reno5 Pro 5G;Funda;Silicona;2,50;;;
OP-R5P5-FUN-TPU;OPPO;Reno5 Pro 5G;Funda;Transparente;2,95;;;
OP-R5P5-FUN-LIB;OPPO;Reno5 Pro 5G;Funda;Libro;3,70;;;
OP-R5P5-FUN-ANT;OPPO;Reno5 Pro 5G;Funda;Antigolpes;3,10;;;
OP-R5P5-PCA-NA;OPPO;Reno5 Pro 5G;Protector de cámara;Cristal;2,90;;;
OP-A535-PRO-NA;OPPO;A53 5G;Cristal templado;Estándar;1,30;;;
OP-A535-PRO-PRI;OPPO;A53 5G;Cristal templado;Privacidad;4,00;;;
OP-A535-FUN-SIL;OPPO;A53 5G;Funda;Silicona;2,50;;;
OP-A535-FUN-TPU;OPPO;A53 5G;Funda;Transparente;2,95;;;
OP-A535-FUN-LIB;OPPO;A53 5G;Funda;Libro;3,70;;;
OP-A535-FUN-ANT;OPPO;A53 5G;Funda;Antigolpes;3,10;;;
OP-A535-PCA-NA;OPPO;A53 5G;Protector de cámara;Cristal;2,90;;;
OP-A7320-PRO-NA;OPPO;A73 2020;Cristal templado;Estándar;1,30;;;
OP-A7320-PRO-PRI;OPPO;A73 2020;Cristal templado;Privacidad;4,00;;;
OP-A7320-FUN-SIL;OPPO;A73 2020;Funda;Silicona;2,50;;;
OP-A7320-FUN-TPU;OPPO;A73 2020;Funda;Transparente;2,95;;;
OP-A7320-FUN-LIB;OPPO;A73 2020;Funda;Libro;3,70;;;
OP-A7320-FUN-ANT;OPPO;A73 2020;Funda;Antigolpes;3,10;;;
OP-A7320-PCA-NA;OPPO;A73 2020;Protector de cámara;Cristal;2,90;;;
OP-A93-PRO-NA;OPPO;A93;Cristal templado;Estándar;1,30;;;
OP-A93-PRO-PRI;OPPO;A93;Cristal templado;Privacidad;4,00;;;
OP-A93-FUN-SIL;OPPO;A93;Funda;Silicona;2,50;;;
OP-A93-FUN-TPU;OPPO;A93;Funda;Transparente;2,95;;;
OP-A93-FUN-LIB;OPPO;A93;Funda;Libro;3,70;;;
OP-A93-FUN-ANT;OPPO;A93;Funda;Antigolpes;3,10;;;
OP-A93-PCA-NA;OPPO;A93;Protector de cámara;Cristal;2,90;;;
OP-R4F-PRO-NA;OPPO;Reno4 F;Cristal templado;Estándar;1,30;;;
OP-R4F-PRO-PRI;OPPO;Reno4 F;Cristal templado;Privacidad;4,00;;;
OP-R4F-FUN-SIL;OPPO;Reno4 F;Funda;Silicona;2,50;;;
OP-R4F-FUN-TPU;OPPO;Reno4 F;Funda;Transparente;2,95;;;
OP-R4F-FUN-LIB;OPPO;Reno4 F;Funda;Libro;3,70;;;
OP-R4F-FUN-ANT;OPPO;Reno4 F;Funda;Antigolpes;3,10;;;
OP-R4F-PCA-NA;OPPO;Reno4 F;Protector de cámara;Cristal;2,90;;;
OP-A3320-PRO-NA;OPPO;A33 2020;Cristal templado;Estándar;1,30;;;
OP-A3320-PRO-PRI;OPPO;A33 2020;Cristal templado;Privacidad;4,00;;;
OP-A3320-FUN-SIL;OPPO;A33 2020;Funda;Silicona;2,50;;;
OP-A3320-FUN-TPU;OPPO;A33 2020;Funda;Transparente;2,95;;;
OP-A3320-FUN-LIB;OPPO;A33 2020;Funda;Libro;3,70;;;
OP-A3320-FUN-ANT;OPPO;A33 2020;Funda;Antigolpes;3,10;;;
OP-A3320-PCA-NA;OPPO;A33 2020;Protector de cámara;Cristal;2,90;;;
OP-R4SE-PRO-NA;OPPO;Reno4 SE;Cristal templado;Estándar;1,30;;;
OP-R4SE-PRO-PRI;OPPO;Reno4 SE;Cristal templado;Privacidad;4,00;;;
OP-R4SE-FUN-SIL;OPPO;Reno4 SE;Funda;Silicona;2,50;;;
OP-R4SE-FUN-TPU;OPPO;Reno4 SE;Funda;Transparente;2,95;;;
OP-R4SE-FUN-LIB;OPPO;Reno4 SE;Funda;Libro;3,70;;;
OP-R4SE-FUN-ANT;OPPO;Reno4 SE;Funda;Antigolpes;3,10;;;
OP-R4SE-PCA-NA;OPPO;Reno4 SE;Protector de cámara;Cristal;2,90;;;
OP-A12S-PRO-NA;OPPO;A12s;Cristal templado;Estándar;1,30;;;
OP-A12S-PRO-PRI;OPPO;A12s;Cristal templado;Privacidad;4,00;;;
OP-A12S-FUN-SIL;OPPO;A12s;Funda;Silicona;2,50;;;
OP-A12S-FUN-TPU;OPPO;A12s;Funda;Transparente;2,95;;;
OP-A12S-FUN-LIB;OPPO;A12s;Funda;Libro;3,70;;;
OP-A12S-FUN-ANT;OPPO;A12s;Funda;Antigolpes;3,10;;;
OP-A12S-PCA-NA;OPPO;A12s;Protector de cámara;Cristal;2,90;;;
OP-A11K-PRO-NA;OPPO;A11k;Cristal templado;Estándar;1,30;;;
OP-A11K-PRO-PRI;OPPO;A11k;Cristal templado;Privacidad;4,00;;;
OP-A11K-FUN-SIL;OPPO;A11k;Funda;Silicona;2,50;;;
OP-A11K-FUN-TPU;OPPO;A11k;Funda;Transparente;2,95;;;
OP-A11K-FUN-LIB;OPPO;A11k;Funda;Libro;3,70;;;
OP-A11K-FUN-ANT;OPPO;A11k;Funda;Antigolpes;3,10;;;
OP-A11K-PCA-NA;OPPO;A11k;Protector de cámara;Cristal;2,90;;;
OP-A92-PRO-NA;OPPO;A92;Cristal templado;Estándar;1,30;;;
OP-A92-PRO-PRI;OPPO;A92;Cristal templado;Privacidad;4,00;;;
OP-A92-FUN-SIL;OPPO;A92;Funda;Silicona;2,50;;;
OP-A92-FUN-TPU;OPPO;A92;Funda;Transparente;2,95;;;
OP-A92-FUN-LIB;OPPO;A92;Funda;Libro;3,70;;;
OP-A92-FUN-ANT;OPPO;A92;Funda;Antigolpes;3,10;;;
OP-A92-PCA-NA;OPPO;A92;Protector de cámara;Cristal;2,90;;;
OP-FX2LNEO-PRO-NA;OPPO;Find X2 Lite Neo;Cristal templado;Estándar;1,30;;;
OP-FX2LNEO-PRO-PRI;OPPO;Find X2 Lite Neo;Cristal templado;Privacidad;4,00;;;
OP-FX2LNEO-FUN-SIL;OPPO;Find X2 Lite Neo;Funda;Silicona;2,50;;;
OP-FX2LNEO-FUN-TPU;OPPO;Find X2 Lite Neo;Funda;Transparente;2,95;;;
OP-FX2LNEO-FUN-LIB;OPPO;Find X2 Lite Neo;Funda;Libro;3,70;;;
OP-FX2LNEO-FUN-ANT;OPPO;Find X2 Lite Neo;Funda;Antigolpes;3,10;;;
OP-A12E-PRO-NA;OPPO;A12e;Cristal templado;Estándar;1,30;;;
OP-A12E-PRO-PRI;OPPO;A12e;Cristal templado;Privacidad;4,00;;;
OP-A12E-FUN-SIL;OPPO;A12e;Funda;Silicona;2,50;;;
OP-A12E-FUN-TPU;OPPO;A12e;Funda;Transparente;2,95;;;
OP-A12E-FUN-LIB;OPPO;A12e;Funda;Libro;3,70;;;
OP-A12E-FUN-ANT;OPPO;A12e;Funda;Antigolpes;3,10;;;
OP-A12E-PCA-NA;OPPO;A12e;Protector de cámara;Cristal;2,90;;;
OP-ACE2-PRO-NA;OPPO;Ace2;Cristal templado;Estándar;1,30;;;
OP-ACE2-PRO-PRI;OPPO;Ace2;Cristal templado;Privacidad;4,00;;;
OP-ACE2-FUN-SIL;OPPO;Ace2;Funda;Silicona;2,50;;;
OP-ACE2-FUN-TPU;OPPO;Ace2;Funda;Transparente;2,95;;;
OP-ACE2-FUN-LIB;OPPO;Ace2;Funda;Libro;3,70;;;
OP-ACE2-FUN-ANT;OPPO;Ace2;Funda;Antigolpes;3,10;;;
OP-ACE2-PCA-NA;OPPO;Ace2;Protector de cámara;Cristal;2,90;;;
OP-R3Y-PRO-NA;OPPO;Reno3 Youth;Cristal templado;Estándar;1,30;;;
OP-R3Y-PRO-PRI;OPPO;Reno3 Youth;Cristal templado;Privacidad;4,00;;;
OP-R3Y-FUN-SIL;OPPO;Reno3 Youth;Funda;Silicona;2,50;;;
OP-R3Y-FUN-TPU;OPPO;Reno3 Youth;Funda;Transparente;2,95;;;
OP-R3Y-FUN-LIB;OPPO;Reno3 Youth;Funda;Libro;3,70;;;
OP-R3Y-FUN-ANT;OPPO;Reno3 Youth;Funda;Antigolpes;3,10;;;
OP-R3Y-PCA-NA;OPPO;Reno3 Youth;Protector de cámara;Cristal;2,90;;;
OP-A8-PRO-NA;OPPO;A8;Cristal templado;Estándar;1,30;;;
OP-A8-PRO-PRI;OPPO;A8;Cristal templado;Privacidad;4,00;;;
OP-A8-FUN-SIL;OPPO;A8;Funda;Silicona;2,50;;;
OP-A8-FUN-TPU;OPPO;A8;Funda;Transparente;2,95;;;
OP-A8-FUN-LIB;OPPO;A8;Funda;Libro;3,70;;;
OP-A8-FUN-ANT;OPPO;A8;Funda;Antigolpes;3,10;;;
OP-A8-PCA-NA;OPPO;A8;Protector de cámara;Cristal;2,90;;;
OP-R35-PRO-NA;OPPO;Reno3 5G;Cristal templado;Estándar;1,30;;;
OP-R35-PRO-PRI;OPPO;Reno3 5G;Cristal templado;Privacidad;4,00;;;
OP-R35-FUN-SIL;OPPO;Reno3 5G;Funda;Silicona;2,50;;;
OP-R35-FUN-TPU;OPPO;Reno3 5G;Funda;Transparente;2,95;;;
OP-R35-FUN-LIB;OPPO;Reno3 5G;Funda;Libro;3,70;;;
OP-R35-FUN-ANT;OPPO;Reno3 5G;Funda;Antigolpes;3,10;;;
OP-R3P-PRO-NA;OPPO;Reno3 Pro;Cristal templado;Estándar;1,30;;;
OP-R3P-PRO-PRI;OPPO;Reno3 Pro;Cristal templado;Privacidad;4,00;;;
OP-R3P-FUN-SIL;OPPO;Reno3 Pro;Funda;Silicona;2,50;;;
OP-R3P-FUN-TPU;OPPO;Reno3 Pro;Funda;Transparente;2,95;;;
OP-R3P-FUN-LIB;OPPO;Reno3 Pro;Funda;Libro;3,70;;;
OP-R3P-FUN-ANT;OPPO;Reno3 Pro;Funda;Antigolpes;3,10;;;
OP-R3P-PCA-NA;OPPO;Reno3 Pro;Protector de cámara;Cristal;2,90;;;
OP-R3P5-PRO-NA;OPPO;Reno3 Pro 5G;Cristal templado;Estándar;1,30;;;
OP-R3P5-PRO-PRI;OPPO;Reno3 Pro 5G;Cristal templado;Privacidad;4,00;;;
OP-R3P5-FUN-SIL;OPPO;Reno3 Pro 5G;Funda;Silicona;2,50;;;
OP-R3P5-FUN-TPU;OPPO;Reno3 Pro 5G;Funda;Transparente;2,95;;;
OP-R3P5-FUN-LIB;OPPO;Reno3 Pro 5G;Funda;Libro;3,70;;;
OP-R3P5-FUN-ANT;OPPO;Reno3 Pro 5G;Funda;Antigolpes;3,10;;;
OP-R3P5-PCA-NA;OPPO;Reno3 Pro 5G;Protector de cámara;Cristal;2,90;;;
OP-A11-PRO-NA;OPPO;A11;Cristal templado;Estándar;1,30;;;
OP-A11-PRO-PRI;OPPO;A11;Cristal templado;Privacidad;4,00;;;
OP-A11-FUN-SIL;OPPO;A11;Funda;Silicona;2,50;;;
OP-A11-FUN-TPU;OPPO;A11;Funda;Transparente;2,95;;;
OP-A11-FUN-LIB;OPPO;A11;Funda;Libro;3,70;;;
OP-A11-FUN-ANT;OPPO;A11;Funda;Antigolpes;3,10;;;
OP-A11-PCA-NA;OPPO;A11;Protector de cámara;Cristal;2,90;;;
OP-RA-PRO-NA;OPPO;Reno A;Cristal templado;Estándar;1,30;;;
OP-RA-PRO-PRI;OPPO;Reno A;Cristal templado;Privacidad;4,00;;;
OP-RA-FUN-SIL;OPPO;Reno A;Funda;Silicona;2,50;;;
OP-RA-FUN-TPU;OPPO;Reno A;Funda;Transparente;2,95;;;
OP-RA-FUN-LIB;OPPO;Reno A;Funda;Libro;3,70;;;
OP-RA-FUN-ANT;OPPO;Reno A;Funda;Antigolpes;3,10;;;
OP-RA-PCA-NA;OPPO;Reno A;Protector de cámara;Cristal;2,90;;;
OP-RACE-PRO-NA;OPPO;Reno Ace;Cristal templado;Estándar;1,30;;;
OP-RACE-PRO-PRI;OPPO;Reno Ace;Cristal templado;Privacidad;4,00;;;
OP-RACE-FUN-SIL;OPPO;Reno Ace;Funda;Silicona;2,50;;;
OP-RACE-FUN-TPU;OPPO;Reno Ace;Funda;Transparente;2,95;;;
OP-RACE-FUN-LIB;OPPO;Reno Ace;Funda;Libro;3,70;;;
OP-RACE-FUN-ANT;OPPO;Reno Ace;Funda;Antigolpes;3,10;;;
OP-RACE-PCA-NA;OPPO;Reno Ace;Protector de cámara;Cristal;2,90;;;
OP-R2F-PRO-NA;OPPO;Reno2 F;Cristal templado;Estándar;1,30;;;
OP-R2F-PRO-PRI;OPPO;Reno2 F;Cristal templado;Privacidad;4,00;;;
OP-R2F-FUN-SIL;OPPO;Reno2 F;Funda;Silicona;2,50;;;
OP-R2F-FUN-TPU;OPPO;Reno2 F;Funda;Transparente;2,95;;;
OP-R2F-FUN-LIB;OPPO;Reno2 F;Funda;Libro;3,70;;;
OP-R2F-FUN-ANT;OPPO;Reno2 F;Funda;Antigolpes;3,10;;;
OP-R2F-PCA-NA;OPPO;Reno2 F;Protector de cámara;Cristal;2,90;;;
OP-A1K-PRO-NA;OPPO;A1k;Cristal templado;Estándar;1,30;;;
OP-A1K-PRO-PRI;OPPO;A1k;Cristal templado;Privacidad;4,00;;;
OP-A1K-FUN-SIL;OPPO;A1k;Funda;Silicona;2,50;;;
OP-A1K-FUN-TPU;OPPO;A1k;Funda;Transparente;2,95;;;
OP-A1K-FUN-LIB;OPPO;A1k;Funda;Libro;3,70;;;
OP-A1K-FUN-ANT;OPPO;A1k;Funda;Antigolpes;3,10;;;
OP-A7N-PRO-NA;OPPO;A7n;Cristal templado;Estándar;1,30;;;
OP-A7N-PRO-PRI;OPPO;A7n;Cristal templado;Privacidad;4,00;;;
OP-A7N-FUN-SIL;OPPO;A7n;Funda;Silicona;2,50;;;
OP-A7N-FUN-TPU;OPPO;A7n;Funda;Transparente;2,95;;;
OP-A7N-FUN-LIB;OPPO;A7n;Funda;Libro;3,70;;;
OP-A7N-FUN-ANT;OPPO;A7n;Funda;Antigolpes;3,10;;;
OP-A7N-PCA-NA;OPPO;A7n;Protector de cámara;Cristal;2,90;;;
OP-A9X-PRO-NA;OPPO;A9x;Cristal templado;Estándar;1,30;;;
OP-A9X-PRO-PRI;OPPO;A9x;Cristal templado;Privacidad;4,00;;;
OP-A9X-FUN-SIL;OPPO;A9x;Funda;Silicona;2,50;;;
OP-A9X-FUN-TPU;OPPO;A9x;Funda;Transparente;2,95;;;
OP-A9X-FUN-LIB;OPPO;A9x;Funda;Libro;3,70;;;
OP-A9X-FUN-ANT;OPPO;A9x;Funda;Antigolpes;3,10;;;
OP-A9X-PCA-NA;OPPO;A9x;Protector de cámara;Cristal;2,90;;;
OP-F11-PRO-NA;OPPO;F11;Cristal templado;Estándar;1,30;;;
OP-F11-PRO-PRI;OPPO;F11;Cristal templado;Privacidad;4,00;;;
OP-F11-FUN-SIL;OPPO;F11;Funda;Silicona;2,50;;;
OP-F11-FUN-TPU;OPPO;F11;Funda;Transparente;2,95;;;
OP-F11-FUN-LIB;OPPO;F11;Funda;Libro;3,70;;;
OP-F11-FUN-ANT;OPPO;F11;Funda;Antigolpes;3,10;;;
OP-F11-PCA-NA;OPPO;F11;Protector de cámara;Cristal;2,90;;;
OP-F11P-PRO-NA;OPPO;F11 Pro;Cristal templado;Estándar;1,30;;;
OP-F11P-PRO-PRI;OPPO;F11 Pro;Cristal templado;Privacidad;4,00;;;
OP-F11P-FUN-SIL;OPPO;F11 Pro;Funda;Silicona;2,50;;;
OP-F11P-FUN-TPU;OPPO;F11 Pro;Funda;Transparente;2,95;;;
OP-F11P-FUN-LIB;OPPO;F11 Pro;Funda;Libro;3,70;;;
OP-F11P-FUN-ANT;OPPO;F11 Pro;Funda;Antigolpes;3,10;;;
OP-F11P-PCA-NA;OPPO;F11 Pro;Protector de cámara;Cristal;2,90;;;
OP-A5S-PRO-NA;OPPO;A5s;Cristal templado;Estándar;1,30;;;
OP-A5S-PRO-PRI;OPPO;A5s;Cristal templado;Privacidad;4,00;;;
OP-A5S-FUN-SIL;OPPO;A5s;Funda;Silicona;2,50;;;
OP-A5S-FUN-TPU;OPPO;A5s;Funda;Transparente;2,95;;;
OP-A5S-FUN-LIB;OPPO;A5s;Funda;Libro;3,70;;;
OP-A5S-FUN-ANT;OPPO;A5s;Funda;Antigolpes;3,10;;;
OP-A5S-PCA-NA;OPPO;A5s;Protector de cámara;Cristal;2,90;;;
OP-A7-PRO-NA;OPPO;A7;Cristal templado;Estándar;1,30;;;
OP-A7-PRO-PRI;OPPO;A7;Cristal templado;Privacidad;4,00;;;
OP-A7-FUN-SIL;OPPO;A7;Funda;Silicona;2,50;;;
OP-A7-FUN-TPU;OPPO;A7;Funda;Transparente;2,95;;;
OP-A7-FUN-LIB;OPPO;A7;Funda;Libro;3,70;;;
OP-A7-FUN-ANT;OPPO;A7;Funda;Antigolpes;3,10;;;
OP-R15X-PRO-NA;OPPO;R15x;Cristal templado;Estándar;1,30;;;
OP-R15X-PRO-PRI;OPPO;R15x;Cristal templado;Privacidad;4,00;;;
OP-R15X-FUN-SIL;OPPO;R15x;Funda;Silicona;2,50;;;
OP-R15X-FUN-TPU;OPPO;R15x;Funda;Transparente;2,95;;;
OP-R15X-FUN-LIB;OPPO;R15x;Funda;Libro;3,70;;;
OP-R15X-FUN-ANT;OPPO;R15x;Funda;Antigolpes;3,10;;;
OP-A7X-PRO-NA;OPPO;A7x;Cristal templado;Estándar;1,30;;;
OP-A7X-PRO-PRI;OPPO;A7x;Cristal templado;Privacidad;4,00;;;
OP-A7X-FUN-SIL;OPPO;A7x;Funda;Silicona;2,50;;;
OP-A7X-FUN-TPU;OPPO;A7x;Funda;Transparente;2,95;;;
OP-A7X-FUN-LIB;OPPO;A7x;Funda;Libro;3,70;;;
OP-A7X-FUN-ANT;OPPO;A7x;Funda;Antigolpes;3,10;;;
OP-F9-PRO-NA;OPPO;F9;Cristal templado;Estándar;1,30;;;
OP-F9-PRO-PRI;OPPO;F9;Cristal templado;Privacidad;4,00;;;
OP-F9-FUN-SIL;OPPO;F9;Funda;Silicona;2,50;;;
OP-F9-FUN-TPU;OPPO;F9;Funda;Transparente;2,95;;;
OP-F9-FUN-LIB;OPPO;F9;Funda;Libro;3,70;;;
OP-F9-FUN-ANT;OPPO;F9;Funda;Antigolpes;3,10;;;
OP-F9P-PRO-NA;OPPO;F9 Pro;Cristal templado;Estándar;1,30;;;
OP-F9P-PRO-PRI;OPPO;F9 Pro;Cristal templado;Privacidad;4,00;;;
OP-F9P-FUN-SIL;OPPO;F9 Pro;Funda;Silicona;2,50;;;
OP-F9P-FUN-TPU;OPPO;F9 Pro;Funda;Transparente;2,95;;;
OP-F9P-FUN-LIB;OPPO;F9 Pro;Funda;Libro;3,70;;;
OP-F9P-FUN-ANT;OPPO;F9 Pro;Funda;Antigolpes;3,10;;;
OP-R17-PRO-NA;OPPO;R17;Cristal templado;Estándar;1,30;;;
OP-R17-PRO-PRI;OPPO;R17;Cristal templado;Privacidad;4,00;;;
OP-R17-FUN-SIL;OPPO;R17;Funda;Silicona;2,50;;;
OP-R17-FUN-TPU;OPPO;R17;Funda;Transparente;2,95;;;
OP-R17-FUN-LIB;OPPO;R17;Funda;Libro;3,70;;;
OP-R17-FUN-ANT;OPPO;R17;Funda;Antigolpes;3,10;;;
OP-A3S-PRO-NA;OPPO;A3s;Cristal templado;Estándar;1,30;;;
OP-A3S-PRO-PRI;OPPO;A3s;Cristal templado;Privacidad;4,00;;;
OP-A3S-FUN-SIL;OPPO;A3s;Funda;Silicona;2,50;;;
OP-A3S-FUN-TPU;OPPO;A3s;Funda;Transparente;2,95;;;
OP-A3S-FUN-LIB;OPPO;A3s;Funda;Libro;3,70;;;
OP-A3S-FUN-ANT;OPPO;A3s;Funda;Antigolpes;3,10;;;
OP-F7Y-PRO-NA;OPPO;F7 Youth;Cristal templado;Estándar;1,30;;;
OP-F7Y-PRO-PRI;OPPO;F7 Youth;Cristal templado;Privacidad;4,00;;;
OP-F7Y-FUN-SIL;OPPO;F7 Youth;Funda;Silicona;2,50;;;
OP-F7Y-FUN-TPU;OPPO;F7 Youth;Funda;Transparente;2,95;;;
OP-F7Y-FUN-LIB;OPPO;F7 Youth;Funda;Libro;3,70;;;
OP-F7Y-FUN-ANT;OPPO;F7 Youth;Funda;Antigolpes;3,10;;;
OP-A118-PRO-NA;OPPO;A1 2018;Cristal templado;Estándar;1,30;;;
OP-A118-PRO-PRI;OPPO;A1 2018;Cristal templado;Privacidad;4,00;;;
OP-A118-FUN-SIL;OPPO;A1 2018;Funda;Silicona;2,50;;;
OP-A118-FUN-TPU;OPPO;A1 2018;Funda;Transparente;2,95;;;
OP-A118-FUN-LIB;OPPO;A1 2018;Funda;Libro;3,70;;;
OP-A118-FUN-ANT;OPPO;A1 2018;Funda;Antigolpes;3,10;;;
OP-F72-PRO-NA;OPPO;F7;Cristal templado;Estándar;1,30;;;
OP-F72-PRO-PRI;OPPO;F7;Cristal templado;Privacidad;4,00;;;
OP-F72-FUN-SIL;OPPO;F7;Funda;Silicona;2,50;;;
OP-F72-FUN-TPU;OPPO;F7;Funda;Transparente;2,95;;;
OP-F72-FUN-LIB;OPPO;F7;Funda;Libro;3,70;;;
OP-F72-FUN-ANT;OPPO;F7;Funda;Antigolpes;3,10;;;
OP-R15-PRO-NA;OPPO;R15;Cristal templado;Estándar;1,30;;;
OP-R15-PRO-PRI;OPPO;R15;Cristal templado;Privacidad;4,00;;;
OP-R15-FUN-SIL;OPPO;R15;Funda;Silicona;2,50;;;
OP-R15-FUN-TPU;OPPO;R15;Funda;Transparente;2,95;;;
OP-R15-FUN-LIB;OPPO;R15;Funda;Libro;3,70;;;
OP-R15-FUN-ANT;OPPO;R15;Funda;Antigolpes;3,10;;;
OP-A7118-PRO-NA;OPPO;A71 2018;Cristal templado;Estándar;1,30;;;
OP-A7118-PRO-PRI;OPPO;A71 2018;Cristal templado;Privacidad;4,00;;;
OP-A7118-FUN-SIL;OPPO;A71 2018;Funda;Silicona;2,50;;;
OP-A7118-FUN-TPU;OPPO;A71 2018;Funda;Transparente;2,95;;;
OP-A7118-FUN-LIB;OPPO;A71 2018;Funda;Libro;3,70;;;
OP-A7118-FUN-ANT;OPPO;A71 2018;Funda;Antigolpes;3,10;;;
OP-A83-PRO-NA;OPPO;A83;Cristal templado;Estándar;1,30;;;
OP-A83-PRO-PRI;OPPO;A83;Cristal templado;Privacidad;4,00;;;
OP-A83-FUN-SIL;OPPO;A83;Funda;Silicona;2,50;;;
OP-A83-FUN-TPU;OPPO;A83;Funda;Transparente;2,95;;;
OP-A83-FUN-LIB;OPPO;A83;Funda;Libro;3,70;;;
OP-A83-FUN-ANT;OPPO;A83;Funda;Antigolpes;3,10;;;
OP-A85-PRO-NA;OPPO;A85;Cristal templado;Estándar;1,30;;;
OP-A85-PRO-PRI;OPPO;A85;Cristal templado;Privacidad;4,00;;;
OP-A85-FUN-SIL;OPPO;A85;Funda;Silicona;2,50;;;
OP-A85-FUN-TPU;OPPO;A85;Funda;Transparente;2,95;;;
OP-A85-FUN-LIB;OPPO;A85;Funda;Libro;3,70;;;
OP-A85-FUN-ANT;OPPO;A85;Funda;Antigolpes;3,10;;;
OP-A75S-PRO-NA;OPPO;A75s;Cristal templado;Estándar;1,30;;;
OP-A75S-PRO-PRI;OPPO;A75s;Cristal templado;Privacidad;4,00;;;
OP-A75S-FUN-SIL;OPPO;A75s;Funda;Silicona;2,50;;;
OP-A75S-FUN-TPU;OPPO;A75s;Funda;Transparente;2,95;;;
OP-A75S-FUN-LIB;OPPO;A75s;Funda;Libro;3,70;;;
OP-A75S-FUN-ANT;OPPO;A75s;Funda;Antigolpes;3,10;;;
OP-A79T-PRO-NA;OPPO;A79t;Cristal templado;Estándar;1,30;;;
OP-A79T-PRO-PRI;OPPO;A79t;Cristal templado;Privacidad;4,00;;;
OP-A79T-FUN-SIL;OPPO;A79t;Funda;Silicona;2,50;;;
OP-A79T-FUN-TPU;OPPO;A79t;Funda;Transparente;2,95;;;
OP-A79T-FUN-LIB;OPPO;A79t;Funda;Libro;3,70;;;
OP-A79T-FUN-ANT;OPPO;A79t;Funda;Antigolpes;3,10;;;
OP-F5Y-PRO-NA;OPPO;F5 Youth;Cristal templado;Estándar;1,30;;;
OP-F5Y-PRO-PRI;OPPO;F5 Youth;Cristal templado;Privacidad;4,00;;;
OP-F5Y-FUN-SIL;OPPO;F5 Youth;Funda;Silicona;2,50;;;
OP-F5Y-FUN-TPU;OPPO;F5 Youth;Funda;Transparente;2,95;;;
OP-F5Y-FUN-LIB;OPPO;F5 Youth;Funda;Libro;3,70;;;
OP-F5Y-FUN-ANT;OPPO;F5 Youth;Funda;Antigolpes;3,10;;;
OP-R11SPL-PRO-NA;OPPO;R11s Plus;Cristal templado;Estándar;1,30;;;
OP-R11SPL-PRO-PRI;OPPO;R11s Plus;Cristal templado;Privacidad;4,00;;;
OP-R11SPL-FUN-SIL;OPPO;R11s Plus;Funda;Silicona;2,50;;;
OP-R11SPL-FUN-TPU;OPPO;R11s Plus;Funda;Transparente;2,95;;;
OP-R11SPL-FUN-LIB;OPPO;R11s Plus;Funda;Libro;3,70;;;
OP-R11SPL-FUN-ANT;OPPO;R11s Plus;Funda;Antigolpes;3,10;;;
OP-F3L-PRO-NA;OPPO;F3 Lite;Cristal templado;Estándar;1,30;;;
OP-F3L-PRO-PRI;OPPO;F3 Lite;Cristal templado;Privacidad;4,00;;;
OP-F3L-FUN-SIL;OPPO;F3 Lite;Funda;Silicona;2,50;;;
OP-F3L-FUN-TPU;OPPO;F3 Lite;Funda;Transparente;2,95;;;
OP-F3L-FUN-LIB;OPPO;F3 Lite;Funda;Libro;3,70;;;
OP-F3L-FUN-ANT;OPPO;F3 Lite;Funda;Antigolpes;3,10;;;
OP-F52-PRO-NA;OPPO;F5;Cristal templado;Estándar;1,30;;;
OP-F52-PRO-PRI;OPPO;F5;Cristal templado;Privacidad;4,00;;;
OP-F52-FUN-SIL;OPPO;F5;Funda;Silicona;2,50;;;
OP-F52-FUN-TPU;OPPO;F5;Funda;Transparente;2,95;;;
OP-F52-FUN-LIB;OPPO;F5;Funda;Libro;3,70;;;
OP-F52-FUN-ANT;OPPO;F5;Funda;Antigolpes;3,10;;;
OP-F5PL-PRO-NA;OPPO;F5 Plus;Cristal templado;Estándar;1,30;;;
OP-F5PL-PRO-PRI;OPPO;F5 Plus;Cristal templado;Privacidad;4,00;;;
OP-F5PL-FUN-SIL;OPPO;F5 Plus;Funda;Silicona;2,50;;;
OP-F5PL-FUN-TPU;OPPO;F5 Plus;Funda;Transparente;2,95;;;
OP-F5PL-FUN-LIB;OPPO;F5 Plus;Funda;Libro;3,70;;;
OP-F5PL-FUN-ANT;OPPO;F5 Plus;Funda;Antigolpes;3,10;;;
OP-R11S-PRO-NA;OPPO;R11s;Cristal templado;Estándar;1,30;;;
OP-R11S-PRO-PRI;OPPO;R11s;Cristal templado;Privacidad;4,00;;;
OP-R11S-FUN-SIL;OPPO;R11s;Funda;Silicona;2,50;;;
OP-R11S-FUN-TPU;OPPO;R11s;Funda;Transparente;2,95;;;
OP-R11S-FUN-LIB;OPPO;R11s;Funda;Libro;3,70;;;
OP-R11S-FUN-ANT;OPPO;R11s;Funda;Antigolpes;3,10;;;
OP-A71-PRO-NA;OPPO;A71;Cristal templado;Estándar;1,30;;;
OP-A71-PRO-PRI;OPPO;A71;Cristal templado;Privacidad;4,00;;;
OP-A71-FUN-SIL;OPPO;A71;Funda;Silicona;2,50;;;
OP-A71-FUN-TPU;OPPO;A71;Funda;Transparente;2,95;;;
OP-A71-FUN-LIB;OPPO;A71;Funda;Libro;3,70;;;
OP-A71-FUN-ANT;OPPO;A71;Funda;Antigolpes;3,10;;;
OP-R11PL-PRO-NA;OPPO;R11 Plus;Cristal templado;Estándar;1,30;;;
OP-R11PL-PRO-PRI;OPPO;R11 Plus;Cristal templado;Privacidad;4,00;;;
OP-R11PL-FUN-SIL;OPPO;R11 Plus;Funda;Silicona;2,50;;;
OP-R11PL-FUN-TPU;OPPO;R11 Plus;Funda;Transparente;2,95;;;
OP-R11PL-FUN-LIB;OPPO;R11 Plus;Funda;Libro;3,70;;;
OP-R11PL-FUN-ANT;OPPO;R11 Plus;Funda;Antigolpes;3,10;;;
OP-A7717-PRO-NA;OPPO;A77 2017;Cristal templado;Estándar;1,30;;;
OP-A7717-PRO-PRI;OPPO;A77 2017;Cristal templado;Privacidad;4,00;;;
OP-A7717-FUN-SIL;OPPO;A77 2017;Funda;Silicona;2,50;;;
OP-A7717-FUN-TPU;OPPO;A77 2017;Funda;Transparente;2,95;;;
OP-A7717-FUN-LIB;OPPO;A77 2017;Funda;Libro;3,70;;;
OP-A7717-FUN-ANT;OPPO;A77 2017;Funda;Antigolpes;3,10;;;
OP-F3-PRO-NA;OPPO;F3;Cristal templado;Estándar;1,30;;;
OP-F3-PRO-PRI;OPPO;F3;Cristal templado;Privacidad;4,00;;;
OP-F3-FUN-SIL;OPPO;F3;Funda;Silicona;2,50;;;
OP-F3-FUN-TPU;OPPO;F3;Funda;Transparente;2,95;;;
OP-F3-FUN-LIB;OPPO;F3;Funda;Libro;3,70;;;
OP-F3-FUN-ANT;OPPO;F3;Funda;Antigolpes;3,10;;;
OP-R11-PRO-NA;OPPO;R11;Cristal templado;Estándar;1,30;;;
OP-R11-PRO-PRI;OPPO;R11;Cristal templado;Privacidad;4,00;;;
OP-R11-FUN-SIL;OPPO;R11;Funda;Silicona;2,50;;;
OP-R11-FUN-TPU;OPPO;R11;Funda;Transparente;2,95;;;
OP-R11-FUN-LIB;OPPO;R11;Funda;Libro;3,70;;;
OP-R11-FUN-ANT;OPPO;R11;Funda;Antigolpes;3,10;;;
OP-A39-PRO-NA;OPPO;A39;Cristal templado;Estándar;1,30;;;
OP-A39-PRO-PRI;OPPO;A39;Cristal templado;Privacidad;4,00;;;
OP-A39-FUN-SIL;OPPO;A39;Funda;Silicona;2,50;;;
OP-A39-FUN-TPU;OPPO;A39;Funda;Transparente;2,95;;;
OP-A39-FUN-LIB;OPPO;A39;Funda;Libro;3,70;;;
OP-A39-FUN-ANT;OPPO;A39;Funda;Antigolpes;3,10;;;
OP-F3PL-PRO-NA;OPPO;F3 Plus;Cristal templado;Estándar;1,30;;;
OP-F3PL-PRO-PRI;OPPO;F3 Plus;Cristal templado;Privacidad;4,00;;;
OP-F3PL-FUN-SIL;OPPO;F3 Plus;Funda;Silicona;2,50;;;
OP-F3PL-FUN-TPU;OPPO;F3 Plus;Funda;Transparente;2,95;;;
OP-F3PL-FUN-LIB;OPPO;F3 Plus;Funda;Libro;3,70;;;
OP-F3PL-FUN-ANT;OPPO;F3 Plus;Funda;Antigolpes;3,10;;;
OP-A57-PRO-NA;OPPO;A57;Cristal templado;Estándar;1,30;;;
OP-A57-PRO-PRI;OPPO;A57;Cristal templado;Privacidad;4,00;;;
OP-A57-FUN-SIL;OPPO;A57;Funda;Silicona;2,50;;;
OP-A57-FUN-TPU;OPPO;A57;Funda;Transparente;2,95;;;
OP-A57-FUN-LIB;OPPO;A57;Funda;Libro;3,70;;;
OP-A57-FUN-ANT;OPPO;A57;Funda;Antigolpes;3,10;;;
OP-R9S-PRO-NA;OPPO;R9s;Cristal templado;Estándar;1,30;;;
OP-R9S-PRO-PRI;OPPO;R9s;Cristal templado;Privacidad;4,00;;;
OP-R9S-FUN-SIL;OPPO;R9s;Funda;Silicona;2,50;;;
OP-R9S-FUN-TPU;OPPO;R9s;Funda;Transparente;2,95;;;
OP-R9S-FUN-LIB;OPPO;R9s;Funda;Libro;3,70;;;
OP-R9S-FUN-ANT;OPPO;R9s;Funda;Antigolpes;3,10;;;
OP-R9SPL-PRO-NA;OPPO;R9s+;Cristal templado;Estándar;1,30;;;
OP-R9SPL-PRO-PRI;OPPO;R9s+;Cristal templado;Privacidad;4,00;;;
OP-R9SPL-FUN-SIL;OPPO;R9s+;Funda;Silicona;2,50;;;
OP-R9SPL-FUN-TPU;OPPO;R9s+;Funda;Transparente;2,95;;;
OP-R9SPL-FUN-LIB;OPPO;R9s+;Funda;Libro;3,70;;;
OP-R9SPL-FUN-ANT;OPPO;R9s+;Funda;Antigolpes;3,10;;;
OP-F1S-PRO-NA;OPPO;F1s;Cristal templado;Estándar;1,30;;;
OP-F1S-PRO-PRI;OPPO;F1s;Cristal templado;Privacidad;4,00;;;
OP-F1S-FUN-SIL;OPPO;F1s;Funda;Silicona;2,50;;;
OP-F1S-FUN-TPU;OPPO;F1s;Funda;Transparente;2,95;;;
OP-F1S-FUN-LIB;OPPO;F1s;Funda;Libro;3,70;;;
OP-F1S-FUN-ANT;OPPO;F1s;Funda;Antigolpes;3,10;;;
OP-A37-PRO-NA;OPPO;A37;Cristal templado;Estándar;1,30;;;
OP-A37-PRO-PRI;OPPO;A37;Cristal templado;Privacidad;4,00;;;
OP-A37-FUN-SIL;OPPO;A37;Funda;Silicona;2,50;;;
OP-A37-FUN-TPU;OPPO;A37;Funda;Transparente;2,95;;;
OP-A37-FUN-LIB;OPPO;A37;Funda;Libro;3,70;;;
OP-A37-FUN-ANT;OPPO;A37;Funda;Antigolpes;3,10;;;
OP-A59-PRO-NA;OPPO;A59;Cristal templado;Estándar;1,30;;;
OP-A59-PRO-PRI;OPPO;A59;Cristal templado;Privacidad;4,00;;;
OP-A59-FUN-SIL;OPPO;A59;Funda;Silicona;2,50;;;
OP-A59-FUN-TPU;OPPO;A59;Funda;Transparente;2,95;;;
OP-A59-FUN-LIB;OPPO;A59;Funda;Libro;3,70;;;
OP-A59-FUN-ANT;OPPO;A59;Funda;Antigolpes;3,10;;;
OP-R9-PRO-NA;OPPO;R9;Cristal templado;Estándar;1,30;;;
OP-R9-PRO-PRI;OPPO;R9;Cristal templado;Privacidad;4,00;;;
OP-R9-FUN-SIL;OPPO;R9;Funda;Silicona;2,50;;;
OP-R9-FUN-TPU;OPPO;R9;Funda;Transparente;2,95;;;
OP-R9-FUN-LIB;OPPO;R9;Funda;Libro;3,70;;;
OP-R9-FUN-ANT;OPPO;R9;Funda;Antigolpes;3,10;;;
OP-R9PL-PRO-NA;OPPO;R9+;Cristal templado;Estándar;1,30;;;
OP-R9PL-PRO-PRI;OPPO;R9+;Cristal templado;Privacidad;4,00;;;
OP-R9PL-FUN-SIL;OPPO;R9+;Funda;Silicona;2,50;;;
OP-R9PL-FUN-TPU;OPPO;R9+;Funda;Transparente;2,95;;;
OP-R9PL-FUN-LIB;OPPO;R9+;Funda;Libro;3,70;;;
OP-R9PL-FUN-ANT;OPPO;R9+;Funda;Antigolpes;3,10;;;
OP-A30-PRO-NA;OPPO;A30;Cristal templado;Estándar;1,30;;;
OP-A30-PRO-PRI;OPPO;A30;Cristal templado;Privacidad;4,00;;;
OP-A30-FUN-SIL;OPPO;A30;Funda;Silicona;2,50;;;
OP-A30-FUN-TPU;OPPO;A30;Funda;Transparente;2,95;;;
OP-A30-FUN-LIB;OPPO;A30;Funda;Libro;3,70;;;
OP-A30-FUN-ANT;OPPO;A30;Funda;Antigolpes;3,10;;;
OP-F1-PRO-NA;OPPO;F1;Cristal templado;Estándar;1,30;;;
OP-F1-PRO-PRI;OPPO;F1;Cristal templado;Privacidad;4,00;;;
OP-F1-FUN-SIL;OPPO;F1;Funda;Silicona;2,50;;;
OP-F1-FUN-TPU;OPPO;F1;Funda;Transparente;2,95;;;
OP-F1-FUN-LIB;OPPO;F1;Funda;Libro;3,70;;;
OP-F1-FUN-ANT;OPPO;F1;Funda;Antigolpes;3,10;;;
OP-A33-PRO-NA;OPPO;A33;Cristal templado;Estándar;1,30;;;
OP-A33-PRO-PRI;OPPO;A33;Cristal templado;Privacidad;4,00;;;
OP-A33-FUN-SIL;OPPO;A33;Funda;Silicona;2,50;;;
OP-A33-FUN-TPU;OPPO;A33;Funda;Transparente;2,95;;;
OP-A33-FUN-LIB;OPPO;A33;Funda;Libro;3,70;;;
OP-A33-FUN-ANT;OPPO;A33;Funda;Antigolpes;3,10;;;
OP-NEO7-PRO-NA;OPPO;Neo 7;Cristal templado;Estándar;1,30;;;
OP-NEO7-PRO-PRI;OPPO;Neo 7;Cristal templado;Privacidad;4,00;;;
OP-NEO7-FUN-SIL;OPPO;Neo 7;Funda;Silicona;2,50;;;
OP-NEO7-FUN-TPU;OPPO;Neo 7;Funda;Transparente;2,95;;;
OP-NEO7-FUN-LIB;OPPO;Neo 7;Funda;Libro;3,70;;;
OP-NEO7-FUN-ANT;OPPO;Neo 7;Funda;Antigolpes;3,10;;;
OP-R7L-PRO-NA;OPPO;R7 Lite;Cristal templado;Estándar;1,30;;;
OP-R7L-PRO-PRI;OPPO;R7 Lite;Cristal templado;Privacidad;4,00;;;
OP-R7L-FUN-SIL;OPPO;R7 Lite;Funda;Silicona;2,50;;;
OP-R7L-FUN-TPU;OPPO;R7 Lite;Funda;Transparente;2,95;;;
OP-R7L-FUN-LIB;OPPO;R7 Lite;Funda;Libro;3,70;;;
OP-R7L-FUN-ANT;OPPO;R7 Lite;Funda;Antigolpes;3,10;;;
OP-R7S-PRO-NA;OPPO;R7s;Cristal templado;Estándar;1,30;;;
OP-R7S-PRO-PRI;OPPO;R7s;Cristal templado;Privacidad;4,00;;;
OP-R7S-FUN-SIL;OPPO;R7s;Funda;Silicona;2,50;;;
OP-R7S-FUN-TPU;OPPO;R7s;Funda;Transparente;2,95;;;
OP-R7S-FUN-LIB;OPPO;R7s;Funda;Libro;3,70;;;
OP-R7S-FUN-ANT;OPPO;R7s;Funda;Antigolpes;3,10;;;
OP-JOY3-PRO-NA;OPPO;Joy 3;Cristal templado;Estándar;1,30;;;
OP-JOY3-PRO-PRI;OPPO;Joy 3;Cristal templado;Privacidad;4,00;;;
OP-JOY3-FUN-SIL;OPPO;Joy 3;Funda;Silicona;2,50;;;
OP-JOY3-FUN-TPU;OPPO;Joy 3;Funda;Transparente;2,95;;;
OP-JOY3-FUN-LIB;OPPO;Joy 3;Funda;Libro;3,70;;;
OP-JOY3-FUN-ANT;OPPO;Joy 3;Funda;Antigolpes;3,10;;;
OP-NEO515-PRO-NA;OPPO;Neo 5 2015;Cristal templado;Estándar;1,30;;;
OP-NEO515-PRO-PRI;OPPO;Neo 5 2015;Cristal templado;Privacidad;4,00;;;
OP-NEO515-FUN-SIL;OPPO;Neo 5 2015;Funda;Silicona;2,50;;;
OP-NEO515-FUN-TPU;OPPO;Neo 5 2015;Funda;Transparente;2,95;;;
OP-NEO515-FUN-LIB;OPPO;Neo 5 2015;Funda;Libro;3,70;;;
OP-NEO515-FUN-ANT;OPPO;Neo 5 2015;Funda;Antigolpes;3,10;;;
OP-R5S-PRO-NA;OPPO;R5s;Cristal templado;Estándar;1,30;;;
OP-R5S-PRO-PRI;OPPO;R5s;Cristal templado;Privacidad;4,00;;;
OP-R5S-FUN-SIL;OPPO;R5s;Funda;Silicona;2,50;;;
OP-R5S-FUN-TPU;OPPO;R5s;Funda;Transparente;2,95;;;
OP-R5S-FUN-LIB;OPPO;R5s;Funda;Libro;3,70;;;
OP-R5S-FUN-ANT;OPPO;R5s;Funda;Antigolpes;3,10;;;
OP-NEO5S-PRO-NA;OPPO;Neo 5s;Cristal templado;Estándar;1,30;;;
OP-NEO5S-PRO-PRI;OPPO;Neo 5s;Cristal templado;Privacidad;4,00;;;
OP-NEO5S-FUN-SIL;OPPO;Neo 5s;Funda;Silicona;2,50;;;
OP-NEO5S-FUN-TPU;OPPO;Neo 5s;Funda;Transparente;2,95;;;
OP-NEO5S-FUN-LIB;OPPO;Neo 5s;Funda;Libro;3,70;;;
OP-NEO5S-FUN-ANT;OPPO;Neo 5s;Funda;Antigolpes;3,10;;;
OP-R72-PRO-NA;OPPO;R7;Cristal templado;Estándar;1,30;;;
OP-R72-PRO-PRI;OPPO;R7;Cristal templado;Privacidad;4,00;;;
OP-R72-FUN-SIL;OPPO;R7;Funda;Silicona;2,50;;;
OP-R72-FUN-TPU;OPPO;R7;Funda;Transparente;2,95;;;
OP-R72-FUN-LIB;OPPO;R7;Funda;Libro;3,70;;;
OP-R72-FUN-ANT;OPPO;R7;Funda;Antigolpes;3,10;;;
OP-R7PL-PRO-NA;OPPO;R7+;Cristal templado;Estándar;1,30;;;
OP-R7PL-PRO-PRI;OPPO;R7+;Cristal templado;Privacidad;4,00;;;
OP-R7PL-FUN-SIL;OPPO;R7+;Funda;Silicona;2,50;;;
OP-R7PL-FUN-TPU;OPPO;R7+;Funda;Transparente;2,95;;;
OP-R7PL-FUN-LIB;OPPO;R7+;Funda;Libro;3,70;;;
OP-R7PL-FUN-ANT;OPPO;R7+;Funda;Antigolpes;3,10;;;
OP-JOYPL-PRO-NA;OPPO;Joy Plus;Cristal templado;Estándar;1,30;;;
OP-JOYPL-PRO-PRI;OPPO;Joy Plus;Cristal templado;Privacidad;4,00;;;
OP-JOYPL-FUN-SIL;OPPO;Joy Plus;Funda;Silicona;2,50;;;
OP-JOYPL-FUN-TPU;OPPO;Joy Plus;Funda;Transparente;2,95;;;
OP-JOYPL-FUN-LIB;OPPO;Joy Plus;Funda;Libro;3,70;;;
OP-JOYPL-FUN-ANT;OPPO;Joy Plus;Funda;Antigolpes;3,10;;;
OP-N3-PRO-NA;OPPO;N3;Cristal templado;Estándar;1,30;;;
OP-N3-PRO-PRI;OPPO;N3;Cristal templado;Privacidad;4,00;;;
OP-N3-FUN-SIL;OPPO;N3;Funda;Silicona;2,50;;;
OP-N3-FUN-TPU;OPPO;N3;Funda;Transparente;2,95;;;
OP-N3-FUN-LIB;OPPO;N3;Funda;Libro;3,70;;;
OP-N3-FUN-ANT;OPPO;N3;Funda;Antigolpes;3,10;;;
OP-R1X-PRO-NA;OPPO;R1x;Cristal templado;Estándar;1,30;;;
OP-R1X-PRO-PRI;OPPO;R1x;Cristal templado;Privacidad;4,00;;;
OP-R1X-FUN-SIL;OPPO;R1x;Funda;Silicona;2,50;;;
OP-R1X-FUN-TPU;OPPO;R1x;Funda;Transparente;2,95;;;
OP-R1X-FUN-LIB;OPPO;R1x;Funda;Libro;3,70;;;
OP-R1X-FUN-ANT;OPPO;R1x;Funda;Antigolpes;3,10;;;
OP-R52-PRO-NA;OPPO;R5;Cristal templado;Estándar;1,30;;;
OP-R52-PRO-PRI;OPPO;R5;Cristal templado;Privacidad;4,00;;;
OP-R52-FUN-SIL;OPPO;R5;Funda;Silicona;2,50;;;
OP-R52-FUN-TPU;OPPO;R5;Funda;Transparente;2,95;;;
OP-R52-FUN-LIB;OPPO;R5;Funda;Libro;3,70;;;
OP-R52-FUN-ANT;OPPO;R5;Funda;Antigolpes;3,10;;;
OP-N1MN-PRO-NA;OPPO;N1 mini;Cristal templado;Estándar;1,30;;;
OP-N1MN-PRO-PRI;OPPO;N1 mini;Cristal templado;Privacidad;4,00;;;
OP-N1MN-FUN-SIL;OPPO;N1 mini;Funda;Silicona;2,50;;;
OP-N1MN-FUN-TPU;OPPO;N1 mini;Funda;Transparente;2,95;;;
OP-N1MN-FUN-LIB;OPPO;N1 mini;Funda;Libro;3,70;;;
OP-N1MN-FUN-ANT;OPPO;N1 mini;Funda;Antigolpes;3,10;;;
OP-NEO3-PRO-NA;OPPO;Neo 3;Cristal templado;Estándar;1,30;;;
OP-NEO3-PRO-PRI;OPPO;Neo 3;Cristal templado;Privacidad;4,00;;;
OP-NEO3-FUN-SIL;OPPO;Neo 3;Funda;Silicona;2,50;;;
OP-NEO3-FUN-TPU;OPPO;Neo 3;Funda;Transparente;2,95;;;
OP-NEO3-FUN-LIB;OPPO;Neo 3;Funda;Libro;3,70;;;
OP-NEO3-FUN-ANT;OPPO;Neo 3;Funda;Antigolpes;3,10;;;
OP-NEO5-PRO-NA;OPPO;Neo 5;Cristal templado;Estándar;1,30;;;
OP-NEO5-PRO-PRI;OPPO;Neo 5;Cristal templado;Privacidad;4,00;;;
OP-NEO5-FUN-SIL;OPPO;Neo 5;Funda;Silicona;2,50;;;
OP-NEO5-FUN-TPU;OPPO;Neo 5;Funda;Transparente;2,95;;;
OP-NEO5-FUN-LIB;OPPO;Neo 5;Funda;Libro;3,70;;;
OP-NEO5-FUN-ANT;OPPO;Neo 5;Funda;Antigolpes;3,10;;;
OP-R1S-PRO-NA;OPPO;R1s;Cristal templado;Estándar;1,30;;;
OP-R1S-PRO-PRI;OPPO;R1s;Cristal templado;Privacidad;4,00;;;
OP-R1S-FUN-SIL;OPPO;R1s;Funda;Silicona;2,50;;;
OP-R1S-FUN-TPU;OPPO;R1s;Funda;Transparente;2,95;;;
OP-R1S-FUN-LIB;OPPO;R1s;Funda;Libro;3,70;;;
OP-R1S-FUN-ANT;OPPO;R1s;Funda;Antigolpes;3,10;;;
OP-R32-PRO-NA;OPPO;R3;Cristal templado;Estándar;1,30;;;
OP-R32-PRO-PRI;OPPO;R3;Cristal templado;Privacidad;4,00;;;
OP-R32-FUN-SIL;OPPO;R3;Funda;Silicona;2,50;;;
OP-R32-FUN-TPU;OPPO;R3;Funda;Transparente;2,95;;;
OP-R32-FUN-LIB;OPPO;R3;Funda;Libro;3,70;;;
OP-R32-FUN-ANT;OPPO;R3;Funda;Antigolpes;3,10;;;
OP-JOY-PRO-NA;OPPO;Joy;Cristal templado;Estándar;1,30;;;
OP-JOY-PRO-PRI;OPPO;Joy;Cristal templado;Privacidad;4,00;;;
OP-JOY-FUN-SIL;OPPO;Joy;Funda;Silicona;2,50;;;
OP-JOY-FUN-TPU;OPPO;Joy;Funda;Transparente;2,95;;;
OP-JOY-FUN-LIB;OPPO;Joy;Funda;Libro;3,70;;;
OP-JOY-FUN-ANT;OPPO;Joy;Funda;Antigolpes;3,10;;;
OP-R1-PRO-NA;OPPO;R1;Cristal templado;Estándar;1,30;;;
OP-R1-PRO-PRI;OPPO;R1;Cristal templado;Privacidad;4,00;;;
OP-R1-FUN-SIL;OPPO;R1;Funda;Silicona;2,50;;;
OP-R1-FUN-TPU;OPPO;R1;Funda;Transparente;2,95;;;
OP-R1-FUN-LIB;OPPO;R1;Funda;Libro;3,70;;;
OP-R1-FUN-ANT;OPPO;R1;Funda;Antigolpes;3,10;;;
OP-F7-PRO-NA;OPPO;Find 7;Cristal templado;Estándar;1,30;;;
OP-F7-PRO-PRI;OPPO;Find 7;Cristal templado;Privacidad;4,00;;;
OP-F7-FUN-SIL;OPPO;Find 7;Funda;Silicona;2,50;;;
OP-F7-FUN-TPU;OPPO;Find 7;Funda;Transparente;2,95;;;
OP-F7-FUN-LIB;OPPO;Find 7;Funda;Libro;3,70;;;
OP-F7-FUN-ANT;OPPO;Find 7;Funda;Antigolpes;3,10;;;
OP-F7A-PRO-NA;OPPO;Find 7a;Cristal templado;Estándar;1,30;;;
OP-F7A-PRO-PRI;OPPO;Find 7a;Cristal templado;Privacidad;4,00;;;
OP-F7A-FUN-SIL;OPPO;Find 7a;Funda;Silicona;2,50;;;
OP-F7A-FUN-TPU;OPPO;Find 7a;Funda;Transparente;2,95;;;
OP-F7A-FUN-LIB;OPPO;Find 7a;Funda;Libro;3,70;;;
OP-F7A-FUN-ANT;OPPO;Find 7a;Funda;Antigolpes;3,10;;;
OP-NEO-PRO-NA;OPPO;Neo;Cristal templado;Estándar;1,30;;;
OP-NEO-PRO-PRI;OPPO;Neo;Cristal templado;Privacidad;4,00;;;
OP-NEO-FUN-SIL;OPPO;Neo;Funda;Silicona;2,50;;;
OP-NEO-FUN-TPU;OPPO;Neo;Funda;Transparente;2,95;;;
OP-NEO-FUN-LIB;OPPO;Neo;Funda;Libro;3,70;;;
OP-NEO-FUN-ANT;OPPO;Neo;Funda;Antigolpes;3,10;;;
OP-F5MN-PRO-NA;OPPO;Find 5 Mini;Cristal templado;Estándar;1,30;;;
OP-F5MN-PRO-PRI;OPPO;Find 5 Mini;Cristal templado;Privacidad;4,00;;;
OP-F5MN-FUN-SIL;OPPO;Find 5 Mini;Funda;Silicona;2,50;;;
OP-F5MN-FUN-TPU;OPPO;Find 5 Mini;Funda;Transparente;2,95;;;
OP-F5MN-FUN-LIB;OPPO;Find 5 Mini;Funda;Libro;3,70;;;
OP-F5MN-FUN-ANT;OPPO;Find 5 Mini;Funda;Antigolpes;3,10;;;
OP-N1-PRO-NA;OPPO;N1;Cristal templado;Estándar;1,30;;;
OP-N1-PRO-PRI;OPPO;N1;Cristal templado;Privacidad;4,00;;;
OP-N1-FUN-SIL;OPPO;N1;Funda;Silicona;2,50;;;
OP-N1-FUN-TPU;OPPO;N1;Funda;Transparente;2,95;;;
OP-N1-FUN-LIB;OPPO;N1;Funda;Libro;3,70;;;
OP-N1-FUN-ANT;OPPO;N1;Funda;Antigolpes;3,10;;;
OP-F5-PRO-NA;OPPO;Find 5;Cristal templado;Estándar;1,30;;;
OP-F5-PRO-PRI;OPPO;Find 5;Cristal templado;Privacidad;4,00;;;
OP-F5-FUN-SIL;OPPO;Find 5;Funda;Silicona;2,50;;;
OP-F5-FUN-TPU;OPPO;Find 5;Funda;Transparente;2,95;;;
OP-F5-FUN-LIB;OPPO;Find 5;Funda;Libro;3,70;;;
OP-F5-FUN-ANT;OPPO;Find 5;Funda;Antigolpes;3,10;;;
OP-F-PRO-NA;OPPO;Finder;Cristal templado;Estándar;1,30;;;
OP-F-PRO-PRI;OPPO;Finder;Cristal templado;Privacidad;4,00;;;
OP-F-FUN-SIL;OPPO;Finder;Funda;Silicona;2,50;;;
OP-F-FUN-TPU;OPPO;Finder;Funda;Transparente;2,95;;;
OP-F-FUN-LIB;OPPO;Finder;Funda;Libro;3,70;;;
OP-F-FUN-ANT;OPPO;Finder;Funda;Antigolpes;3,10;;;
OP-K12PL-PRO-NA;OPPO;K12 Plus;Cristal templado;Estándar;1,30;;;
OP-K12PL-PRO-PRI;OPPO;K12 Plus;Cristal templado;Privacidad;4,00;;;
OP-K12PL-FUN-SIL;OPPO;K12 Plus;Funda;Silicona;2,50;;;
OP-K12PL-FUN-TPU;OPPO;K12 Plus;Funda;Transparente;2,95;;;
OP-K12PL-FUN-LIB;OPPO;K12 Plus;Funda;Libro;3,70;;;
OP-K12PL-FUN-ANT;OPPO;K12 Plus;Funda;Antigolpes;3,10;;;
OP-R7SPL-PRO-NA;OPPO;R7s Plus;Cristal templado;Estándar;1,30;;;
OP-R7SPL-PRO-PRI;OPPO;R7s Plus;Cristal templado;Privacidad;4,00;;;
OP-R7SPL-FUN-SIL;OPPO;R7s Plus;Funda;Silicona;2,50;;;
OP-R7SPL-FUN-TPU;OPPO;R7s Plus;Funda;Transparente;2,95;;;
OP-R7SPL-FUN-LIB;OPPO;R7s Plus;Funda;Libro;3,70;;;
OP-R7SPL-FUN-ANT;OPPO;R7s Plus;Funda;Antigolpes;3,10;;;
OP-R15P-PRO-NA;OPPO;R15 Pro;Cristal templado;Estándar;1,30;;;
OP-R15P-PRO-PRI;OPPO;R15 Pro;Cristal templado;Privacidad;4,00;;;
OP-R15P-FUN-SIL;OPPO;R15 Pro;Funda;Silicona;2,50;;;
OP-R15P-FUN-TPU;OPPO;R15 Pro;Funda;Transparente;2,95;;;
OP-R15P-FUN-LIB;OPPO;R15 Pro;Funda;Libro;3,70;;;
OP-R15P-FUN-ANT;OPPO;R15 Pro;Funda;Antigolpes;3,10;;;
OP-A3-PRO-NA;OPPO;A3;Cristal templado;Estándar;1,30;;;
OP-A3-PRO-PRI;OPPO;A3;Cristal templado;Privacidad;4,00;;;
OP-A3-FUN-SIL;OPPO;A3;Funda;Silicona;2,50;;;
OP-A3-FUN-TPU;OPPO;A3;Funda;Transparente;2,95;;;
OP-A3-FUN-LIB;OPPO;A3;Funda;Libro;3,70;;;
OP-A3-FUN-ANT;OPPO;A3;Funda;Antigolpes;3,10;;;
OP-FX-PRO-NA;OPPO;Find X;Cristal templado;Estándar;1,30;;;
OP-FX-PRO-NA-FG;OPPO;Find X;Cristal templado;UV full glue;4,15;;;
OP-FX-PRO-PRI;OPPO;Find X;Cristal templado;Privacidad;4,00;;;
OP-FX-FUN-SIL;OPPO;Find X;Funda;Silicona;2,50;;;
OP-FX-FUN-TPU;OPPO;Find X;Funda;Transparente;2,95;;;
OP-FX-FUN-LIB;OPPO;Find X;Funda;Libro;3,70;;;
OP-FX-FUN-ANT;OPPO;Find X;Funda;Antigolpes;3,10;;;
OP-RX17NEO-PRO-NA;OPPO;RX17 Neo;Cristal templado;Estándar;1,30;;;
OP-RX17NEO-PRO-PRI;OPPO;RX17 Neo;Cristal templado;Privacidad;4,00;;;
OP-RX17NEO-FUN-SIL;OPPO;RX17 Neo;Funda;Silicona;2,50;;;
OP-RX17NEO-FUN-TPU;OPPO;RX17 Neo;Funda;Transparente;2,95;;;
OP-RX17NEO-FUN-LIB;OPPO;RX17 Neo;Funda;Libro;3,70;;;
OP-RX17NEO-FUN-ANT;OPPO;RX17 Neo;Funda;Antigolpes;3,10;;;
OP-RX17P-PRO-NA;OPPO;RX17 Pro;Cristal templado;Estándar;1,30;;;
OP-RX17P-PRO-PRI;OPPO;RX17 Pro;Cristal templado;Privacidad;4,00;;;
OP-RX17P-FUN-SIL;OPPO;RX17 Pro;Funda;Silicona;2,50;;;
OP-RX17P-FUN-TPU;OPPO;RX17 Pro;Funda;Transparente;2,95;;;
OP-RX17P-FUN-LIB;OPPO;RX17 Pro;Funda;Libro;3,70;;;
OP-RX17P-FUN-ANT;OPPO;RX17 Pro;Funda;Antigolpes;3,10;;;
OP-R5-PRO-NA;OPPO;Reno 5G;Cristal templado;Estándar;1,30;;;
OP-R5-PRO-PRI;OPPO;Reno 5G;Cristal templado;Privacidad;4,00;;;
OP-R5-FUN-SIL;OPPO;Reno 5G;Funda;Silicona;2,50;;;
OP-R5-FUN-TPU;OPPO;Reno 5G;Funda;Transparente;2,95;;;
OP-R5-FUN-LIB;OPPO;Reno 5G;Funda;Libro;3,70;;;
OP-R5-FUN-ANT;OPPO;Reno 5G;Funda;Antigolpes;3,10;;;
OP-R5-PCA-NA;OPPO;Reno 5G;Protector de cámara;Cristal;2,90;;;
OP-AX7-PRO-NA;OPPO;AX7;Cristal templado;Estándar;1,30;;;
OP-AX7-PRO-PRI;OPPO;AX7;Cristal templado;Privacidad;4,00;;;
OP-AX7-FUN-SIL;OPPO;AX7;Funda;Silicona;2,50;;;
OP-AX7-FUN-TPU;OPPO;AX7;Funda;Transparente;2,95;;;
OP-AX7-FUN-LIB;OPPO;AX7;Funda;Libro;3,70;;;
OP-AX7-FUN-ANT;OPPO;AX7;Funda;Antigolpes;3,10;;;
OP-AX7-PCA-NA;OPPO;AX7;Protector de cámara;Cristal;2,90;;;
OP-A31-PRO-NA;OPPO;A31;Cristal templado;Estándar;1,30;;;
OP-A31-PRO-PRI;OPPO;A31;Cristal templado;Privacidad;4,00;;;
OP-A31-FUN-SIL;OPPO;A31;Funda;Silicona;2,50;;;
OP-A31-FUN-TPU;OPPO;A31;Funda;Transparente;2,95;;;
OP-A31-FUN-LIB;OPPO;A31;Funda;Libro;3,70;;;
OP-A31-FUN-ANT;OPPO;A31;Funda;Antigolpes;3,10;;;
OP-A31-PCA-NA;OPPO;A31;Protector de cámara;Cristal;2,90;;;
OP-R3-PRO-NA;OPPO;Reno3;Cristal templado;Estándar;1,30;;;
OP-R3-PRO-PRI;OPPO;Reno3;Cristal templado;Privacidad;4,00;;;
OP-R3-FUN-SIL;OPPO;Reno3;Funda;Silicona;2,50;;;
OP-R3-FUN-TPU;OPPO;Reno3;Funda;Transparente;2,95;;;
OP-R3-FUN-LIB;OPPO;Reno3;Funda;Libro;3,70;;;
OP-R3-FUN-ANT;OPPO;Reno3;Funda;Antigolpes;3,10;;;
OP-R3-PCA-NA;OPPO;Reno3;Protector de cámara;Cristal;2,90;;;
OP-A12-PRO-NA;OPPO;A12;Cristal templado;Estándar;1,30;;;
OP-A12-PRO-PRI;OPPO;A12;Cristal templado;Privacidad;4,00;;;
OP-A12-FUN-SIL;OPPO;A12;Funda;Silicona;2,50;;;
OP-A12-FUN-TPU;OPPO;A12;Funda;Transparente;2,95;;;
OP-A12-FUN-LIB;OPPO;A12;Funda;Libro;3,70;;;
OP-A12-FUN-ANT;OPPO;A12;Funda;Antigolpes;3,10;;;
OP-A12-PCA-NA;OPPO;A12;Protector de cámara;Cristal;2,90;;;
OP-R4-PRO-NA;OPPO;Reno4;Cristal templado;Estándar;1,30;;;
OP-R4-PRO-PRI;OPPO;Reno4;Cristal templado;Privacidad;4,00;;;
OP-R4-FUN-SIL;OPPO;Reno4;Funda;Silicona;2,50;;;
OP-R4-FUN-TPU;OPPO;Reno4;Funda;Transparente;2,95;;;
OP-R4-FUN-LIB;OPPO;Reno4;Funda;Libro;3,70;;;
OP-R4-FUN-ANT;OPPO;Reno4;Funda;Antigolpes;3,10;;;
OP-R4-PCA-NA;OPPO;Reno4;Protector de cámara;Cristal;2,90;;;
OP-R4L-PRO-NA;OPPO;Reno4 Lite;Cristal templado;Estándar;1,30;;;
OP-R4L-PRO-PRI;OPPO;Reno4 Lite;Cristal templado;Privacidad;4,00;;;
OP-R4L-FUN-SIL;OPPO;Reno4 Lite;Funda;Silicona;2,50;;;
OP-R4L-FUN-TPU;OPPO;Reno4 Lite;Funda;Transparente;2,95;;;
OP-R4L-FUN-LIB;OPPO;Reno4 Lite;Funda;Libro;3,70;;;
OP-R4L-FUN-ANT;OPPO;Reno4 Lite;Funda;Antigolpes;3,10;;;
OP-R4L-PCA-NA;OPPO;Reno4 Lite;Protector de cámara;Cristal;2,90;;;
OP-A15S-PRO-NA;OPPO;A15s;Cristal templado;Estándar;1,30;;;
OP-A15S-PRO-PRI;OPPO;A15s;Cristal templado;Privacidad;4,00;;;
OP-A15S-FUN-SIL;OPPO;A15s;Funda;Silicona;2,50;;;
OP-A15S-FUN-TPU;OPPO;A15s;Funda;Transparente;2,95;;;
OP-A15S-FUN-LIB;OPPO;A15s;Funda;Libro;3,70;;;
OP-A15S-FUN-ANT;OPPO;A15s;Funda;Antigolpes;3,10;;;
OP-A15S-PCA-NA;OPPO;A15s;Protector de cámara;Cristal;2,90;;;
OP-R5L-PRO-NA;OPPO;Reno5 Lite;Cristal templado;Estándar;1,30;;;
OP-R5L-PRO-PRI;OPPO;Reno5 Lite;Cristal templado;Privacidad;4,00;;;
OP-R5L-FUN-SIL;OPPO;Reno5 Lite;Funda;Silicona;2,50;;;
OP-R5L-FUN-TPU;OPPO;Reno5 Lite;Funda;Transparente;2,95;;;
OP-R5L-FUN-LIB;OPPO;Reno5 Lite;Funda;Libro;3,70;;;
OP-R5L-FUN-ANT;OPPO;Reno5 Lite;Funda;Antigolpes;3,10;;;
OP-R5L-PCA-NA;OPPO;Reno5 Lite;Protector de cámara;Cristal;2,90;;;
OP-A54-PRO-NA;OPPO;A54;Cristal templado;Estándar;1,30;;;
OP-A54-PRO-PRI;OPPO;A54;Cristal templado;Privacidad;4,00;;;
OP-A54-FUN-SIL;OPPO;A54;Funda;Silicona;2,50;;;
OP-A54-FUN-TPU;OPPO;A54;Funda;Transparente;2,95;;;
OP-A54-FUN-LIB;OPPO;A54;Funda;Libro;3,70;;;
OP-A54-FUN-ANT;OPPO;A54;Funda;Antigolpes;3,10;;;
OP-A54-PCA-NA;OPPO;A54;Protector de cámara;Cristal;2,90;;;
OP-A16S-PRO-NA;OPPO;A16s;Cristal templado;Estándar;1,30;;;
OP-A16S-PRO-PRI;OPPO;A16s;Cristal templado;Privacidad;4,00;;;
OP-A16S-FUN-SIL;OPPO;A16s;Funda;Silicona;2,50;;;
OP-A16S-FUN-TPU;OPPO;A16s;Funda;Transparente;2,95;;;
OP-A16S-FUN-LIB;OPPO;A16s;Funda;Libro;3,70;;;
OP-A16S-FUN-ANT;OPPO;A16s;Funda;Antigolpes;3,10;;;
OP-A16S-PCA-NA;OPPO;A16s;Protector de cámara;Cristal;2,90;;;
OP-A54S-PRO-NA;OPPO;A54s;Cristal templado;Estándar;1,30;;;
OP-A54S-PRO-PRI;OPPO;A54s;Cristal templado;Privacidad;4,00;;;
OP-A54S-FUN-SIL;OPPO;A54s;Funda;Silicona;2,50;;;
OP-A54S-FUN-TPU;OPPO;A54s;Funda;Transparente;2,95;;;
OP-A54S-FUN-LIB;OPPO;A54s;Funda;Libro;3,70;;;
OP-A54S-FUN-ANT;OPPO;A54s;Funda;Antigolpes;3,10;;;
OP-A54S-PCA-NA;OPPO;A54s;Protector de cámara;Cristal;2,90;;;
OP-A574-PRO-NA;OPPO;A57 4G;Cristal templado;Estándar;1,30;;;
OP-A574-PRO-PRI;OPPO;A57 4G;Cristal templado;Privacidad;4,00;;;
OP-A574-FUN-SIL;OPPO;A57 4G;Funda;Silicona;2,50;;;
OP-A574-FUN-TPU;OPPO;A57 4G;Funda;Transparente;2,95;;;
OP-A574-FUN-LIB;OPPO;A57 4G;Funda;Libro;3,70;;;
OP-A574-FUN-ANT;OPPO;A57 4G;Funda;Antigolpes;3,10;;;
OP-A574-PCA-NA;OPPO;A57 4G;Protector de cámara;Cristal;2,90;;;
OP-A605-PRO-NA;OPPO;A60 5G;Cristal templado;Estándar;1,30;;;
OP-A605-PRO-PRI;OPPO;A60 5G;Cristal templado;Privacidad;4,00;;;
OP-A605-FUN-SIL;OPPO;A60 5G;Funda;Silicona;2,50;;;
OP-A605-FUN-TPU;OPPO;A60 5G;Funda;Transparente;2,95;;;
OP-A605-FUN-LIB;OPPO;A60 5G;Funda;Libro;3,70;;;
OP-A605-FUN-ANT;OPPO;A60 5G;Funda;Antigolpes;3,10;;;
OP-R15FS5-PRO-NA;OPPO;Reno15 FS 5G;Cristal templado;Estándar;1,30;;;
OP-R15FS5-PRO-PRI;OPPO;Reno15 FS 5G;Cristal templado;Privacidad;4,00;;;
OP-R15FS5-FUN-SIL;OPPO;Reno15 FS 5G;Funda;Silicona;2,50;;;
OP-R15FS5-FUN-TPU;OPPO;Reno15 FS 5G;Funda;Transparente;2,95;;;
OP-R15FS5-FUN-LIB;OPPO;Reno15 FS 5G;Funda;Libro;3,70;;;
OP-R15FS5-FUN-ANT;OPPO;Reno15 FS 5G;Funda;Antigolpes;3,10;;;
OP-R15FS5-PCA-NA;OPPO;Reno15 FS 5G;Protector de cámara;Cristal;2,90;;;
OP-R155-PRO-NA;OPPO;Reno15 5G;Cristal templado;Estándar;1,30;;;
OP-R155-PRO-PRI;OPPO;Reno15 5G;Cristal templado;Privacidad;4,00;;;
OP-R155-FUN-SIL;OPPO;Reno15 5G;Funda;Silicona;2,50;;;
OP-R155-FUN-TPU;OPPO;Reno15 5G;Funda;Transparente;2,95;;;
OP-R155-FUN-LIB;OPPO;Reno15 5G;Funda;Libro;3,70;;;
OP-R155-FUN-ANT;OPPO;Reno15 5G;Funda;Antigolpes;3,10;;;
OP-R155-PCA-NA;OPPO;Reno15 5G;Protector de cámara;Cristal;2,90;;;
OP-R15F5-PRO-NA;OPPO;Reno15 F 5G;Cristal templado;Estándar;1,30;;;
OP-R15F5-PRO-PRI;OPPO;Reno15 F 5G;Cristal templado;Privacidad;4,00;;;
OP-R15F5-FUN-SIL;OPPO;Reno15 F 5G;Funda;Silicona;2,50;;;
OP-R15F5-FUN-TPU;OPPO;Reno15 F 5G;Funda;Transparente;2,95;;;
OP-R15F5-FUN-LIB;OPPO;Reno15 F 5G;Funda;Libro;3,70;;;
OP-R15F5-FUN-ANT;OPPO;Reno15 F 5G;Funda;Antigolpes;3,10;;;
OP-R15F5-PCA-NA;OPPO;Reno15 F 5G;Protector de cámara;Cristal;2,90;;;
OP-R15P5-PRO-NA;OPPO;Reno15 Pro 5G;Cristal templado;Estándar;1,30;;;
OP-R15P5-PRO-PRI;OPPO;Reno15 Pro 5G;Cristal templado;Privacidad;4,00;;;
OP-R15P5-FUN-SIL;OPPO;Reno15 Pro 5G;Funda;Silicona;2,50;;;
OP-R15P5-FUN-TPU;OPPO;Reno15 Pro 5G;Funda;Transparente;2,95;;;
OP-R15P5-FUN-LIB;OPPO;Reno15 Pro 5G;Funda;Libro;3,70;;;
OP-R15P5-FUN-ANT;OPPO;Reno15 Pro 5G;Funda;Antigolpes;3,10;;;
OP-R15P5-PCA-NA;OPPO;Reno15 Pro 5G;Protector de cámara;Cristal;2,90;;;
OP-A7PM5-PRO-NA;OPPO;A7 Pro Max 5G;Cristal templado;Estándar;1,30;;;
OP-A7PM5-PRO-PRI;OPPO;A7 Pro Max 5G;Cristal templado;Privacidad;4,00;;;
OP-A7PM5-FUN-SIL;OPPO;A7 Pro Max 5G;Funda;Silicona;2,50;;;
OP-A7PM5-FUN-TPU;OPPO;A7 Pro Max 5G;Funda;Transparente;2,95;;;
OP-A7PM5-FUN-LIB;OPPO;A7 Pro Max 5G;Funda;Libro;3,70;;;
OP-A7PM5-FUN-ANT;OPPO;A7 Pro Max 5G;Funda;Antigolpes;3,10;;;
OP-A7PM5-PCA-NA;OPPO;A7 Pro Max 5G;Protector de cámara;Cristal;2,90;;;
OP-FX2-MAR-COM;OPPO;Find X2;Marco / chasis;Compatible;9,79;;;6
OP-FX2-BOT-COM;OPPO;Find X2;Botones laterales;Compatible;5,00;;;6
OP-FX2-CRI-COM;OPPO;Find X2;Cristal de pantalla;Compatible;5,00;;;6
OP-FX2-FPR-COM;OPPO;Find X2;Flex principal;Compatible;4,15;;;6
OP-FX2-VIB-COM;OPPO;Find X2;Vibrador;Compatible;4,85;;;6
OP-FX2-ANT-COM;OPPO;Find X2;Antena / coaxial;Compatible;4,35;;;6
OP-FX2-HUE-COM;OPPO;Find X2;Botón home / huella;Compatible;7,25;;;6
OP-FX2-NFC-COM;OPPO;Find X2;NFC y carga inalámbrica;Compatible;9,70;;;6
OP-FX2P-MAR-COM;OPPO;Find X2 Pro;Marco / chasis;Compatible;9,79;;;6
OP-FX2P-BOT-COM;OPPO;Find X2 Pro;Botones laterales;Compatible;5,00;;;6
OP-FX2P-CRI-COM;OPPO;Find X2 Pro;Cristal de pantalla;Compatible;5,00;;;6
OP-FX2P-FPR-COM;OPPO;Find X2 Pro;Flex principal;Compatible;4,15;;;6
OP-FX2P-VIB-COM;OPPO;Find X2 Pro;Vibrador;Compatible;4,85;;;6
OP-FX2P-ANT-COM;OPPO;Find X2 Pro;Antena / coaxial;Compatible;4,35;;;6
OP-FX2P-HUE-COM;OPPO;Find X2 Pro;Botón home / huella;Compatible;7,25;;;6
OP-FX2P-NFC-COM;OPPO;Find X2 Pro;NFC y carga inalámbrica;Compatible;9,70;;;6
OP-FX2NEO-MAR-COM;OPPO;Find X2 Neo;Marco / chasis;Compatible;8,20;;;6
OP-FX2NEO-BOT-COM;OPPO;Find X2 Neo;Botones laterales;Compatible;4,20;;;6
OP-FX2NEO-CRI-COM;OPPO;Find X2 Neo;Cristal de pantalla;Compatible;4,20;;;6
OP-FX2NEO-FPR-COM;OPPO;Find X2 Neo;Flex principal;Compatible;3,45;;;6
OP-FX2NEO-VIB-COM;OPPO;Find X2 Neo;Vibrador;Compatible;4,05;;;6
OP-FX2NEO-ANT-COM;OPPO;Find X2 Neo;Antena / coaxial;Compatible;3,65;;;6
OP-FX2NEO-HUE-COM;OPPO;Find X2 Neo;Botón home / huella;Compatible;6,05;;;6
OP-FX2L-MAR-COM;OPPO;Find X2 Lite;Marco / chasis;Compatible;8,20;;;6
OP-FX2L-BOT-COM;OPPO;Find X2 Lite;Botones laterales;Compatible;4,20;;;6
OP-FX2L-CRI-COM;OPPO;Find X2 Lite;Cristal de pantalla;Compatible;4,20;;;6
OP-FX2L-FPR-COM;OPPO;Find X2 Lite;Flex principal;Compatible;3,45;;;6
OP-FX2L-VIB-COM;OPPO;Find X2 Lite;Vibrador;Compatible;4,05;;;6
OP-FX2L-ANT-COM;OPPO;Find X2 Lite;Antena / coaxial;Compatible;3,65;;;6
OP-FX2L-HUE-COM;OPPO;Find X2 Lite;Botón home / huella;Compatible;6,05;;;6
OP-FX3P-MAR-COM;OPPO;Find X3 Pro;Marco / chasis;Compatible;9,79;;;6
OP-FX3P-BOT-COM;OPPO;Find X3 Pro;Botones laterales;Compatible;5,00;;;6
OP-FX3P-CRI-COM;OPPO;Find X3 Pro;Cristal de pantalla;Compatible;5,00;;;6
OP-FX3P-FPR-COM;OPPO;Find X3 Pro;Flex principal;Compatible;4,15;;;6
OP-FX3P-VIB-COM;OPPO;Find X3 Pro;Vibrador;Compatible;4,85;;;6
OP-FX3P-ANT-COM;OPPO;Find X3 Pro;Antena / coaxial;Compatible;4,35;;;6
OP-FX3P-HUE-COM;OPPO;Find X3 Pro;Botón home / huella;Compatible;7,25;;;6
OP-FX3P-NFC-COM;OPPO;Find X3 Pro;NFC y carga inalámbrica;Compatible;9,70;;;6
OP-FX3NEO-MAR-COM;OPPO;Find X3 Neo;Marco / chasis;Compatible;8,20;;;6
OP-FX3NEO-BOT-COM;OPPO;Find X3 Neo;Botones laterales;Compatible;4,20;;;6
OP-FX3NEO-CRI-COM;OPPO;Find X3 Neo;Cristal de pantalla;Compatible;4,20;;;6
OP-FX3NEO-FPR-COM;OPPO;Find X3 Neo;Flex principal;Compatible;3,45;;;6
OP-FX3NEO-VIB-COM;OPPO;Find X3 Neo;Vibrador;Compatible;4,05;;;6
OP-FX3NEO-ANT-COM;OPPO;Find X3 Neo;Antena / coaxial;Compatible;3,65;;;6
OP-FX3NEO-HUE-COM;OPPO;Find X3 Neo;Botón home / huella;Compatible;6,05;;;6
OP-FX3L-MAR-COM;OPPO;Find X3 Lite;Marco / chasis;Compatible;8,20;;;6
OP-FX3L-BOT-COM;OPPO;Find X3 Lite;Botones laterales;Compatible;4,20;;;6
OP-FX3L-CRI-COM;OPPO;Find X3 Lite;Cristal de pantalla;Compatible;4,20;;;6
OP-FX3L-FPR-COM;OPPO;Find X3 Lite;Flex principal;Compatible;3,45;;;6
OP-FX3L-VIB-COM;OPPO;Find X3 Lite;Vibrador;Compatible;4,05;;;6
OP-FX3L-ANT-COM;OPPO;Find X3 Lite;Antena / coaxial;Compatible;3,65;;;6
OP-FX3L-HUE-COM;OPPO;Find X3 Lite;Botón home / huella;Compatible;6,05;;;6
OP-FX5-MAR-COM;OPPO;Find X5;Marco / chasis;Compatible;9,79;;;6
OP-FX5-BOT-COM;OPPO;Find X5;Botones laterales;Compatible;5,00;;;6
OP-FX5-CRI-COM;OPPO;Find X5;Cristal de pantalla;Compatible;5,00;;;6
OP-FX5-FPR-COM;OPPO;Find X5;Flex principal;Compatible;4,15;;;6
OP-FX5-VIB-COM;OPPO;Find X5;Vibrador;Compatible;4,85;;;6
OP-FX5-ANT-COM;OPPO;Find X5;Antena / coaxial;Compatible;4,35;;;6
OP-FX5-HUE-COM;OPPO;Find X5;Botón home / huella;Compatible;7,25;;;6
OP-FX5-NFC-COM;OPPO;Find X5;NFC y carga inalámbrica;Compatible;9,70;;;6
OP-FX5P-MAR-COM;OPPO;Find X5 Pro;Marco / chasis;Compatible;9,79;;;6
OP-FX5P-BOT-COM;OPPO;Find X5 Pro;Botones laterales;Compatible;5,00;;;6
OP-FX5P-CRI-COM;OPPO;Find X5 Pro;Cristal de pantalla;Compatible;5,00;;;6
OP-FX5P-FPR-COM;OPPO;Find X5 Pro;Flex principal;Compatible;4,15;;;6
OP-FX5P-VIB-COM;OPPO;Find X5 Pro;Vibrador;Compatible;4,85;;;6
OP-FX5P-ANT-COM;OPPO;Find X5 Pro;Antena / coaxial;Compatible;4,35;;;6
OP-FX5P-HUE-COM;OPPO;Find X5 Pro;Botón home / huella;Compatible;7,25;;;6
OP-FX5P-NFC-COM;OPPO;Find X5 Pro;NFC y carga inalámbrica;Compatible;9,70;;;6
OP-FX5L-MAR-COM;OPPO;Find X5 Lite;Marco / chasis;Compatible;8,20;;;6
OP-FX5L-BOT-COM;OPPO;Find X5 Lite;Botones laterales;Compatible;4,20;;;6
OP-FX5L-CRI-COM;OPPO;Find X5 Lite;Cristal de pantalla;Compatible;4,20;;;6
OP-FX5L-FPR-COM;OPPO;Find X5 Lite;Flex principal;Compatible;3,45;;;6
OP-FX5L-VIB-COM;OPPO;Find X5 Lite;Vibrador;Compatible;4,05;;;6
OP-FX5L-ANT-COM;OPPO;Find X5 Lite;Antena / coaxial;Compatible;3,65;;;6
OP-FX5L-HUE-COM;OPPO;Find X5 Lite;Botón home / huella;Compatible;6,05;;;6
OP-FX8P-MAR-COM;OPPO;Find X8 Pro;Marco / chasis;Compatible;10,75;10,43;10,10;6
OP-FX8P-BOT-COM;OPPO;Find X8 Pro;Botones laterales;Compatible;5,55;;;6
OP-FX8P-CRI-COM;OPPO;Find X8 Pro;Cristal de pantalla;Compatible;5,50;;;6
OP-FX8P-FPR-COM;OPPO;Find X8 Pro;Flex principal;Compatible;4,55;;;6
OP-FX8P-VIB-COM;OPPO;Find X8 Pro;Vibrador;Compatible;5,35;;;6
OP-FX8P-ANT-COM;OPPO;Find X8 Pro;Antena / coaxial;Compatible;4,79;;;6
OP-FX8P-HUE-COM;OPPO;Find X8 Pro;Botón home / huella;Compatible;7,95;;;6
OP-FX8P-NFC-COM;OPPO;Find X8 Pro;NFC y carga inalámbrica;Compatible;10,69;10,37;10,05;6
OP-FX9-MAR-COM;OPPO;Find X9;Marco / chasis;Compatible;10,75;10,43;10,10;6
OP-FX9-BOT-COM;OPPO;Find X9;Botones laterales;Compatible;5,55;;;6
OP-FX9-CRI-COM;OPPO;Find X9;Cristal de pantalla;Compatible;5,50;;;6
OP-FX9-FPR-COM;OPPO;Find X9;Flex principal;Compatible;4,55;;;6
OP-FX9-VIB-COM;OPPO;Find X9;Vibrador;Compatible;5,35;;;6
OP-FX9-ANT-COM;OPPO;Find X9;Antena / coaxial;Compatible;4,79;;;6
OP-FX9-HUE-COM;OPPO;Find X9;Botón home / huella;Compatible;7,95;;;6
OP-FX9-NFC-COM;OPPO;Find X9;NFC y carga inalámbrica;Compatible;10,69;10,37;10,05;6
OP-FX9P-MAR-COM;OPPO;Find X9 Pro;Marco / chasis;Compatible;10,75;10,43;10,10;6
OP-FX9P-BOT-COM;OPPO;Find X9 Pro;Botones laterales;Compatible;5,55;;;6
OP-FX9P-CRI-COM;OPPO;Find X9 Pro;Cristal de pantalla;Compatible;5,50;;;6
OP-FX9P-FPR-COM;OPPO;Find X9 Pro;Flex principal;Compatible;4,55;;;6
OP-FX9P-VIB-COM;OPPO;Find X9 Pro;Vibrador;Compatible;5,35;;;6
OP-FX9P-ANT-COM;OPPO;Find X9 Pro;Antena / coaxial;Compatible;4,79;;;6
OP-FX9P-HUE-COM;OPPO;Find X9 Pro;Botón home / huella;Compatible;7,95;;;6
OP-FX9P-NFC-COM;OPPO;Find X9 Pro;NFC y carga inalámbrica;Compatible;10,69;10,37;10,05;6
OP-FX9U-MAR-COM;OPPO;Find X9 Ultra;Marco / chasis;Compatible;10,75;10,43;10,10;6
OP-FX9U-BOT-COM;OPPO;Find X9 Ultra;Botones laterales;Compatible;5,55;;;6
OP-FX9U-CRI-COM;OPPO;Find X9 Ultra;Cristal de pantalla;Compatible;5,50;;;6
OP-FX9U-FPR-COM;OPPO;Find X9 Ultra;Flex principal;Compatible;4,55;;;6
OP-FX9U-VIB-COM;OPPO;Find X9 Ultra;Vibrador;Compatible;5,35;;;6
OP-FX9U-ANT-COM;OPPO;Find X9 Ultra;Antena / coaxial;Compatible;4,79;;;6
OP-FX9U-HUE-COM;OPPO;Find X9 Ultra;Botón home / huella;Compatible;7,95;;;6
OP-FX9U-NFC-COM;OPPO;Find X9 Ultra;NFC y carga inalámbrica;Compatible;10,69;10,37;10,05;6
OP-FN2FL-FPR-COM;OPPO;Find N2 Flip;Flex principal;Compatible;5,79;;;6
OP-FN2FL-VIB-COM;OPPO;Find N2 Flip;Vibrador;Compatible;6,79;;;6
OP-FN2FL-ANT-COM;OPPO;Find N2 Flip;Antena / coaxial;Compatible;6,09;;;6
OP-FN2FL-HUE-COM;OPPO;Find N2 Flip;Botón home / huella;Compatible;10,10;9,80;9,49;6
OP-FN2FL-NFC-COM;OPPO;Find N2 Flip;NFC y carga inalámbrica;Compatible;13,60;13,19;12,78;6
OP-R-MAR-COM;OPPO;Reno;Marco / chasis;Compatible;6,49;;;6
OP-R-BOT-COM;OPPO;Reno;Botones laterales;Compatible;3,35;;;6
OP-R-CRI-COM;OPPO;Reno;Cristal de pantalla;Compatible;3,30;;;6
OP-R-FPR-COM;OPPO;Reno;Flex principal;Compatible;2,75;;;6
OP-R-VIB-COM;OPPO;Reno;Vibrador;Compatible;3,20;;;6
OP-R-ANT-COM;OPPO;Reno;Antena / coaxial;Compatible;2,89;;;6
OP-R-HUE-COM;OPPO;Reno;Botón home / huella;Compatible;4,79;;;6
OP-R10XZ-MAR-COM;OPPO;Reno 10x Zoom;Marco / chasis;Compatible;6,49;;;6
OP-R10XZ-BOT-COM;OPPO;Reno 10x Zoom;Botones laterales;Compatible;3,35;;;6
OP-R10XZ-CRI-COM;OPPO;Reno 10x Zoom;Cristal de pantalla;Compatible;3,30;;;6
OP-R10XZ-FPR-COM;OPPO;Reno 10x Zoom;Flex principal;Compatible;2,75;;;6
OP-R10XZ-VIB-COM;OPPO;Reno 10x Zoom;Vibrador;Compatible;3,20;;;6
OP-R10XZ-ANT-COM;OPPO;Reno 10x Zoom;Antena / coaxial;Compatible;2,89;;;6
OP-R10XZ-HUE-COM;OPPO;Reno 10x Zoom;Botón home / huella;Compatible;4,79;;;6
OP-RZ-MAR-COM;OPPO;Reno Z;Marco / chasis;Compatible;6,49;;;6
OP-RZ-BOT-COM;OPPO;Reno Z;Botones laterales;Compatible;3,35;;;6
OP-RZ-CRI-COM;OPPO;Reno Z;Cristal de pantalla;Compatible;3,30;;;6
OP-RZ-FPR-COM;OPPO;Reno Z;Flex principal;Compatible;2,75;;;6
OP-RZ-VIB-COM;OPPO;Reno Z;Vibrador;Compatible;3,20;;;6
OP-RZ-ANT-COM;OPPO;Reno Z;Antena / coaxial;Compatible;2,89;;;6
OP-RZ-HUE-COM;OPPO;Reno Z;Botón home / huella;Compatible;4,79;;;6
OP-R2-MAR-COM;OPPO;Reno2;Marco / chasis;Compatible;6,49;;;6
OP-R2-BOT-COM;OPPO;Reno2;Botones laterales;Compatible;3,35;;;6
OP-R2-CRI-COM;OPPO;Reno2;Cristal de pantalla;Compatible;3,30;;;6
OP-R2-FPR-COM;OPPO;Reno2;Flex principal;Compatible;2,75;;;6
OP-R2-VIB-COM;OPPO;Reno2;Vibrador;Compatible;3,20;;;6
OP-R2-ANT-COM;OPPO;Reno2;Antena / coaxial;Compatible;2,89;;;6
OP-R2-HUE-COM;OPPO;Reno2;Botón home / huella;Compatible;4,79;;;6
OP-R2Z-MAR-COM;OPPO;Reno2 Z;Marco / chasis;Compatible;6,49;;;6
OP-R2Z-BOT-COM;OPPO;Reno2 Z;Botones laterales;Compatible;3,35;;;6
OP-R2Z-CRI-COM;OPPO;Reno2 Z;Cristal de pantalla;Compatible;3,30;;;6
OP-R2Z-FPR-COM;OPPO;Reno2 Z;Flex principal;Compatible;2,75;;;6
OP-R2Z-VIB-COM;OPPO;Reno2 Z;Vibrador;Compatible;3,20;;;6
OP-R2Z-ANT-COM;OPPO;Reno2 Z;Antena / coaxial;Compatible;2,89;;;6
OP-R2Z-HUE-COM;OPPO;Reno2 Z;Botón home / huella;Compatible;4,79;;;6
OP-R45-MAR-COM;OPPO;Reno4 5G;Marco / chasis;Compatible;7,20;;;6
OP-R45-BOT-COM;OPPO;Reno4 5G;Botones laterales;Compatible;3,70;;;6
OP-R45-CRI-COM;OPPO;Reno4 5G;Cristal de pantalla;Compatible;3,69;;;6
OP-R45-FPR-COM;OPPO;Reno4 5G;Flex principal;Compatible;3,05;;;6
OP-R45-VIB-COM;OPPO;Reno4 5G;Vibrador;Compatible;3,55;;;6
OP-R45-ANT-COM;OPPO;Reno4 5G;Antena / coaxial;Compatible;3,20;;;6
OP-R45-HUE-COM;OPPO;Reno4 5G;Botón home / huella;Compatible;5,30;;;6
OP-R4P5-MAR-COM;OPPO;Reno4 Pro 5G;Marco / chasis;Compatible;8,20;;;6
OP-R4P5-BOT-COM;OPPO;Reno4 Pro 5G;Botones laterales;Compatible;4,20;;;6
OP-R4P5-CRI-COM;OPPO;Reno4 Pro 5G;Cristal de pantalla;Compatible;4,20;;;6
OP-R4P5-FPR-COM;OPPO;Reno4 Pro 5G;Flex principal;Compatible;3,45;;;6
OP-R4P5-VIB-COM;OPPO;Reno4 Pro 5G;Vibrador;Compatible;4,05;;;6
OP-R4P5-ANT-COM;OPPO;Reno4 Pro 5G;Antena / coaxial;Compatible;3,65;;;6
OP-R4P5-HUE-COM;OPPO;Reno4 Pro 5G;Botón home / huella;Compatible;6,05;;;6
OP-R4Z5-MAR-COM;OPPO;Reno4 Z 5G;Marco / chasis;Compatible;7,20;;;6
OP-R4Z5-BOT-COM;OPPO;Reno4 Z 5G;Botones laterales;Compatible;3,70;;;6
OP-R4Z5-CRI-COM;OPPO;Reno4 Z 5G;Cristal de pantalla;Compatible;3,69;;;6
OP-R4Z5-FPR-COM;OPPO;Reno4 Z 5G;Flex principal;Compatible;3,05;;;6
OP-R4Z5-VIB-COM;OPPO;Reno4 Z 5G;Vibrador;Compatible;3,55;;;6
OP-R4Z5-ANT-COM;OPPO;Reno4 Z 5G;Antena / coaxial;Compatible;3,20;;;6
OP-R4Z5-HUE-COM;OPPO;Reno4 Z 5G;Botón home / huella;Compatible;5,30;;;6
OP-R65-MAR-COM;OPPO;Reno6 5G;Marco / chasis;Compatible;7,20;;;6
OP-R65-BOT-COM;OPPO;Reno6 5G;Botones laterales;Compatible;3,70;;;6
OP-R65-CRI-COM;OPPO;Reno6 5G;Cristal de pantalla;Compatible;3,69;;;6
OP-R65-FPR-COM;OPPO;Reno6 5G;Flex principal;Compatible;3,05;;;6
OP-R65-VIB-COM;OPPO;Reno6 5G;Vibrador;Compatible;3,55;;;6
OP-R65-ANT-COM;OPPO;Reno6 5G;Antena / coaxial;Compatible;3,20;;;6
OP-R65-HUE-COM;OPPO;Reno6 5G;Botón home / huella;Compatible;5,30;;;6
OP-R6P5-MAR-COM;OPPO;Reno6 Pro 5G;Marco / chasis;Compatible;8,20;;;6
OP-R6P5-BOT-COM;OPPO;Reno6 Pro 5G;Botones laterales;Compatible;4,20;;;6
OP-R6P5-CRI-COM;OPPO;Reno6 Pro 5G;Cristal de pantalla;Compatible;4,20;;;6
OP-R6P5-FPR-COM;OPPO;Reno6 Pro 5G;Flex principal;Compatible;3,45;;;6
OP-R6P5-VIB-COM;OPPO;Reno6 Pro 5G;Vibrador;Compatible;4,05;;;6
OP-R6P5-ANT-COM;OPPO;Reno6 Pro 5G;Antena / coaxial;Compatible;3,65;;;6
OP-R6P5-HUE-COM;OPPO;Reno6 Pro 5G;Botón home / huella;Compatible;6,05;;;6
OP-R7-MAR-COM;OPPO;Reno7;Marco / chasis;Compatible;7,20;;;6
OP-R7-BOT-COM;OPPO;Reno7;Botones laterales;Compatible;3,70;;;6
OP-R7-CRI-COM;OPPO;Reno7;Cristal de pantalla;Compatible;3,69;;;6
OP-R7-FPR-COM;OPPO;Reno7;Flex principal;Compatible;3,05;;;6
OP-R7-VIB-COM;OPPO;Reno7;Vibrador;Compatible;3,55;;;6
OP-R7-ANT-COM;OPPO;Reno7;Antena / coaxial;Compatible;3,20;;;6
OP-R7-HUE-COM;OPPO;Reno7;Botón home / huella;Compatible;5,30;;;6
OP-R85-MAR-COM;OPPO;Reno8 5G;Marco / chasis;Compatible;7,20;;;6
OP-R85-BOT-COM;OPPO;Reno8 5G;Botones laterales;Compatible;3,70;;;6
OP-R85-CRI-COM;OPPO;Reno8 5G;Cristal de pantalla;Compatible;3,69;;;6
OP-R85-FPR-COM;OPPO;Reno8 5G;Flex principal;Compatible;3,05;;;6
OP-R85-VIB-COM;OPPO;Reno8 5G;Vibrador;Compatible;3,55;;;6
OP-R85-ANT-COM;OPPO;Reno8 5G;Antena / coaxial;Compatible;3,20;;;6
OP-R85-HUE-COM;OPPO;Reno8 5G;Botón home / huella;Compatible;5,30;;;6
OP-R8P5-MAR-COM;OPPO;Reno8 Pro 5G;Marco / chasis;Compatible;8,20;;;6
OP-R8P5-BOT-COM;OPPO;Reno8 Pro 5G;Botones laterales;Compatible;4,20;;;6
OP-R8P5-CRI-COM;OPPO;Reno8 Pro 5G;Cristal de pantalla;Compatible;4,20;;;6
OP-R8P5-FPR-COM;OPPO;Reno8 Pro 5G;Flex principal;Compatible;3,45;;;6
OP-R8P5-VIB-COM;OPPO;Reno8 Pro 5G;Vibrador;Compatible;4,05;;;6
OP-R8P5-ANT-COM;OPPO;Reno8 Pro 5G;Antena / coaxial;Compatible;3,65;;;6
OP-R8P5-HUE-COM;OPPO;Reno8 Pro 5G;Botón home / huella;Compatible;6,05;;;6
OP-R8L5-MAR-COM;OPPO;Reno8 Lite 5G;Marco / chasis;Compatible;7,20;;;6
OP-R8L5-BOT-COM;OPPO;Reno8 Lite 5G;Botones laterales;Compatible;3,70;;;6
OP-R8L5-CRI-COM;OPPO;Reno8 Lite 5G;Cristal de pantalla;Compatible;3,69;;;6
OP-R8L5-FPR-COM;OPPO;Reno8 Lite 5G;Flex principal;Compatible;3,05;;;6
OP-R8L5-VIB-COM;OPPO;Reno8 Lite 5G;Vibrador;Compatible;3,55;;;6
OP-R8L5-ANT-COM;OPPO;Reno8 Lite 5G;Antena / coaxial;Compatible;3,20;;;6
OP-R8L5-HUE-COM;OPPO;Reno8 Lite 5G;Botón home / huella;Compatible;5,30;;;6
OP-R8T-MAR-COM;OPPO;Reno8 T;Marco / chasis;Compatible;7,20;;;6
OP-R8T-BOT-COM;OPPO;Reno8 T;Botones laterales;Compatible;3,70;;;6
OP-R8T-CRI-COM;OPPO;Reno8 T;Cristal de pantalla;Compatible;3,69;;;6
OP-R8T-FPR-COM;OPPO;Reno8 T;Flex principal;Compatible;3,05;;;6
OP-R8T-VIB-COM;OPPO;Reno8 T;Vibrador;Compatible;3,55;;;6
OP-R8T-ANT-COM;OPPO;Reno8 T;Antena / coaxial;Compatible;3,20;;;6
OP-R8T-HUE-COM;OPPO;Reno8 T;Botón home / huella;Compatible;5,30;;;6
OP-R8T5-MAR-COM;OPPO;Reno8 T 5G;Marco / chasis;Compatible;7,20;;;6
OP-R8T5-BOT-COM;OPPO;Reno8 T 5G;Botones laterales;Compatible;3,70;;;6
OP-R8T5-CRI-COM;OPPO;Reno8 T 5G;Cristal de pantalla;Compatible;3,69;;;6
OP-R8T5-FPR-COM;OPPO;Reno8 T 5G;Flex principal;Compatible;3,05;;;6
OP-R8T5-VIB-COM;OPPO;Reno8 T 5G;Vibrador;Compatible;3,55;;;6
OP-R8T5-ANT-COM;OPPO;Reno8 T 5G;Antena / coaxial;Compatible;3,20;;;6
OP-R8T5-HUE-COM;OPPO;Reno8 T 5G;Botón home / huella;Compatible;5,30;;;6
OP-R105-MAR-COM;OPPO;Reno10 5G;Marco / chasis;Compatible;7,20;;;6
OP-R105-BOT-COM;OPPO;Reno10 5G;Botones laterales;Compatible;3,70;;;6
OP-R105-CRI-COM;OPPO;Reno10 5G;Cristal de pantalla;Compatible;3,69;;;6
OP-R105-FPR-COM;OPPO;Reno10 5G;Flex principal;Compatible;3,05;;;6
OP-R105-VIB-COM;OPPO;Reno10 5G;Vibrador;Compatible;3,55;;;6
OP-R105-ANT-COM;OPPO;Reno10 5G;Antena / coaxial;Compatible;3,20;;;6
OP-R105-HUE-COM;OPPO;Reno10 5G;Botón home / huella;Compatible;5,30;;;6
OP-R10P5-MAR-COM;OPPO;Reno10 Pro 5G;Marco / chasis;Compatible;8,20;;;6
OP-R10P5-BOT-COM;OPPO;Reno10 Pro 5G;Botones laterales;Compatible;4,20;;;6
OP-R10P5-CRI-COM;OPPO;Reno10 Pro 5G;Cristal de pantalla;Compatible;4,20;;;6
OP-R10P5-FPR-COM;OPPO;Reno10 Pro 5G;Flex principal;Compatible;3,45;;;6
OP-R10P5-VIB-COM;OPPO;Reno10 Pro 5G;Vibrador;Compatible;4,05;;;6
OP-R10P5-ANT-COM;OPPO;Reno10 Pro 5G;Antena / coaxial;Compatible;3,65;;;6
OP-R10P5-HUE-COM;OPPO;Reno10 Pro 5G;Botón home / huella;Compatible;6,05;;;6
OP-R11F5-MAR-COM;OPPO;Reno11 F 5G;Marco / chasis;Compatible;7,90;;;6
OP-R11F5-BOT-COM;OPPO;Reno11 F 5G;Botones laterales;Compatible;4,05;;;6
OP-R11F5-CRI-COM;OPPO;Reno11 F 5G;Cristal de pantalla;Compatible;4,05;;;6
OP-R11F5-FPR-COM;OPPO;Reno11 F 5G;Flex principal;Compatible;3,35;;;6
OP-R11F5-VIB-COM;OPPO;Reno11 F 5G;Vibrador;Compatible;3,95;;;6
OP-R11F5-ANT-COM;OPPO;Reno11 F 5G;Antena / coaxial;Compatible;3,50;;;6
OP-R11F5-HUE-COM;OPPO;Reno11 F 5G;Botón home / huella;Compatible;5,85;;;6
OP-R125-MAR-COM;OPPO;Reno12 5G;Marco / chasis;Compatible;7,90;;;6
OP-R125-BOT-COM;OPPO;Reno12 5G;Botones laterales;Compatible;4,05;;;6
OP-R125-CRI-COM;OPPO;Reno12 5G;Cristal de pantalla;Compatible;4,05;;;6
OP-R125-FPR-COM;OPPO;Reno12 5G;Flex principal;Compatible;3,35;;;6
OP-R125-VIB-COM;OPPO;Reno12 5G;Vibrador;Compatible;3,95;;;6
OP-R125-ANT-COM;OPPO;Reno12 5G;Antena / coaxial;Compatible;3,50;;;6
OP-R125-HUE-COM;OPPO;Reno12 5G;Botón home / huella;Compatible;5,85;;;6
OP-R12P5-MAR-COM;OPPO;Reno12 Pro 5G;Marco / chasis;Compatible;9,05;;;6
OP-R12P5-BOT-COM;OPPO;Reno12 Pro 5G;Botones laterales;Compatible;4,65;;;6
OP-R12P5-CRI-COM;OPPO;Reno12 Pro 5G;Cristal de pantalla;Compatible;4,60;;;6
OP-R12P5-FPR-COM;OPPO;Reno12 Pro 5G;Flex principal;Compatible;3,80;;;6
OP-R12P5-VIB-COM;OPPO;Reno12 Pro 5G;Vibrador;Compatible;4,49;;;6
OP-R12P5-ANT-COM;OPPO;Reno12 Pro 5G;Antena / coaxial;Compatible;4,00;;;6
OP-R12P5-HUE-COM;OPPO;Reno12 Pro 5G;Botón home / huella;Compatible;6,69;;;6
OP-R12F5-MAR-COM;OPPO;Reno12 F 5G;Marco / chasis;Compatible;7,90;;;6
OP-R12F5-BOT-COM;OPPO;Reno12 F 5G;Botones laterales;Compatible;4,05;;;6
OP-R12F5-CRI-COM;OPPO;Reno12 F 5G;Cristal de pantalla;Compatible;4,05;;;6
OP-R12F5-FPR-COM;OPPO;Reno12 F 5G;Flex principal;Compatible;3,35;;;6
OP-R12F5-VIB-COM;OPPO;Reno12 F 5G;Vibrador;Compatible;3,95;;;6
OP-R12F5-ANT-COM;OPPO;Reno12 F 5G;Antena / coaxial;Compatible;3,50;;;6
OP-R12F5-HUE-COM;OPPO;Reno12 F 5G;Botón home / huella;Compatible;5,85;;;6
OP-R12FS5-MAR-COM;OPPO;Reno12 FS 5G;Marco / chasis;Compatible;7,90;;;6
OP-R12FS5-BOT-COM;OPPO;Reno12 FS 5G;Botones laterales;Compatible;4,05;;;6
OP-R12FS5-CRI-COM;OPPO;Reno12 FS 5G;Cristal de pantalla;Compatible;4,05;;;6
OP-R12FS5-FPR-COM;OPPO;Reno12 FS 5G;Flex principal;Compatible;3,35;;;6
OP-R12FS5-VIB-COM;OPPO;Reno12 FS 5G;Vibrador;Compatible;3,95;;;6
OP-R12FS5-ANT-COM;OPPO;Reno12 FS 5G;Antena / coaxial;Compatible;3,50;;;6
OP-R12FS5-HUE-COM;OPPO;Reno12 FS 5G;Botón home / huella;Compatible;5,85;;;6
OP-R12F4-MAR-COM;OPPO;Reno12 F 4G;Marco / chasis;Compatible;7,90;;;6
OP-R12F4-BOT-COM;OPPO;Reno12 F 4G;Botones laterales;Compatible;4,05;;;6
OP-R12F4-CRI-COM;OPPO;Reno12 F 4G;Cristal de pantalla;Compatible;4,05;;;6
OP-R12F4-FPR-COM;OPPO;Reno12 F 4G;Flex principal;Compatible;3,35;;;6
OP-R12F4-VIB-COM;OPPO;Reno12 F 4G;Vibrador;Compatible;3,95;;;6
OP-R12F4-ANT-COM;OPPO;Reno12 F 4G;Antena / coaxial;Compatible;3,50;;;6
OP-R12F4-HUE-COM;OPPO;Reno12 F 4G;Botón home / huella;Compatible;5,85;;;6
OP-R12FS4-MAR-COM;OPPO;Reno12 FS 4G;Marco / chasis;Compatible;7,90;;;6
OP-R12FS4-BOT-COM;OPPO;Reno12 FS 4G;Botones laterales;Compatible;4,05;;;6
OP-R12FS4-CRI-COM;OPPO;Reno12 FS 4G;Cristal de pantalla;Compatible;4,05;;;6
OP-R12FS4-FPR-COM;OPPO;Reno12 FS 4G;Flex principal;Compatible;3,35;;;6
OP-R12FS4-VIB-COM;OPPO;Reno12 FS 4G;Vibrador;Compatible;3,95;;;6
OP-R12FS4-ANT-COM;OPPO;Reno12 FS 4G;Antena / coaxial;Compatible;3,50;;;6
OP-R12FS4-HUE-COM;OPPO;Reno12 FS 4G;Botón home / huella;Compatible;5,85;;;6
OP-R135-MAR-COM;OPPO;Reno13 5G;Marco / chasis;Compatible;7,90;;;6
OP-R135-BOT-COM;OPPO;Reno13 5G;Botones laterales;Compatible;4,05;;;6
OP-R135-CRI-COM;OPPO;Reno13 5G;Cristal de pantalla;Compatible;4,05;;;6
OP-R135-FPR-COM;OPPO;Reno13 5G;Flex principal;Compatible;3,35;;;6
OP-R135-VIB-COM;OPPO;Reno13 5G;Vibrador;Compatible;3,95;;;6
OP-R135-ANT-COM;OPPO;Reno13 5G;Antena / coaxial;Compatible;3,50;;;6
OP-R135-HUE-COM;OPPO;Reno13 5G;Botón home / huella;Compatible;5,85;;;6
OP-R13P5-MAR-COM;OPPO;Reno13 Pro 5G;Marco / chasis;Compatible;9,05;;;6
OP-R13P5-BOT-COM;OPPO;Reno13 Pro 5G;Botones laterales;Compatible;4,65;;;6
OP-R13P5-CRI-COM;OPPO;Reno13 Pro 5G;Cristal de pantalla;Compatible;4,60;;;6
OP-R13P5-FPR-COM;OPPO;Reno13 Pro 5G;Flex principal;Compatible;3,80;;;6
OP-R13P5-VIB-COM;OPPO;Reno13 Pro 5G;Vibrador;Compatible;4,49;;;6
OP-R13P5-ANT-COM;OPPO;Reno13 Pro 5G;Antena / coaxial;Compatible;4,00;;;6
OP-R13P5-HUE-COM;OPPO;Reno13 Pro 5G;Botón home / huella;Compatible;6,69;;;6
OP-R13F5-MAR-COM;OPPO;Reno13 F 5G;Marco / chasis;Compatible;7,90;;;6
OP-R13F5-BOT-COM;OPPO;Reno13 F 5G;Botones laterales;Compatible;4,05;;;6
OP-R13F5-CRI-COM;OPPO;Reno13 F 5G;Cristal de pantalla;Compatible;4,05;;;6
OP-R13F5-FPR-COM;OPPO;Reno13 F 5G;Flex principal;Compatible;3,35;;;6
OP-R13F5-VIB-COM;OPPO;Reno13 F 5G;Vibrador;Compatible;3,95;;;6
OP-R13F5-ANT-COM;OPPO;Reno13 F 5G;Antena / coaxial;Compatible;3,50;;;6
OP-R13F5-HUE-COM;OPPO;Reno13 F 5G;Botón home / huella;Compatible;5,85;;;6
OP-R13FS5-MAR-COM;OPPO;Reno13 FS 5G;Marco / chasis;Compatible;7,90;;;6
OP-R13FS5-BOT-COM;OPPO;Reno13 FS 5G;Botones laterales;Compatible;4,05;;;6
OP-R13FS5-CRI-COM;OPPO;Reno13 FS 5G;Cristal de pantalla;Compatible;4,05;;;6
OP-R13FS5-FPR-COM;OPPO;Reno13 FS 5G;Flex principal;Compatible;3,35;;;6
OP-R13FS5-VIB-COM;OPPO;Reno13 FS 5G;Vibrador;Compatible;3,95;;;6
OP-R13FS5-ANT-COM;OPPO;Reno13 FS 5G;Antena / coaxial;Compatible;3,50;;;6
OP-R13FS5-HUE-COM;OPPO;Reno13 FS 5G;Botón home / huella;Compatible;5,85;;;6
OP-R145-MAR-COM;OPPO;Reno14 5G;Marco / chasis;Compatible;7,90;;;6
OP-R145-BOT-COM;OPPO;Reno14 5G;Botones laterales;Compatible;4,05;;;6
OP-R145-CRI-COM;OPPO;Reno14 5G;Cristal de pantalla;Compatible;4,05;;;6
OP-R145-FPR-COM;OPPO;Reno14 5G;Flex principal;Compatible;3,35;;;6
OP-R145-VIB-COM;OPPO;Reno14 5G;Vibrador;Compatible;3,95;;;6
OP-R145-ANT-COM;OPPO;Reno14 5G;Antena / coaxial;Compatible;3,50;;;6
OP-R145-HUE-COM;OPPO;Reno14 5G;Botón home / huella;Compatible;5,85;;;6
OP-R14F5-MAR-COM;OPPO;Reno14 F 5G;Marco / chasis;Compatible;7,90;;;6
OP-R14F5-BOT-COM;OPPO;Reno14 F 5G;Botones laterales;Compatible;4,05;;;6
OP-R14F5-CRI-COM;OPPO;Reno14 F 5G;Cristal de pantalla;Compatible;4,05;;;6
OP-R14F5-FPR-COM;OPPO;Reno14 F 5G;Flex principal;Compatible;3,35;;;6
OP-R14F5-VIB-COM;OPPO;Reno14 F 5G;Vibrador;Compatible;3,95;;;6
OP-R14F5-ANT-COM;OPPO;Reno14 F 5G;Antena / coaxial;Compatible;3,50;;;6
OP-R14F5-HUE-COM;OPPO;Reno14 F 5G;Botón home / huella;Compatible;5,85;;;6
OP-R14FS5-MAR-COM;OPPO;Reno14 FS 5G;Marco / chasis;Compatible;7,90;;;6
OP-R14FS5-BOT-COM;OPPO;Reno14 FS 5G;Botones laterales;Compatible;4,05;;;6
OP-R14FS5-CRI-COM;OPPO;Reno14 FS 5G;Cristal de pantalla;Compatible;4,05;;;6
OP-R14FS5-FPR-COM;OPPO;Reno14 FS 5G;Flex principal;Compatible;3,35;;;6
OP-R14FS5-VIB-COM;OPPO;Reno14 FS 5G;Vibrador;Compatible;3,95;;;6
OP-R14FS5-ANT-COM;OPPO;Reno14 FS 5G;Antena / coaxial;Compatible;3,50;;;6
OP-R14FS5-HUE-COM;OPPO;Reno14 FS 5G;Botón home / huella;Compatible;5,85;;;6
OP-R165-MAR-COM;OPPO;Reno16 5G;Marco / chasis;Compatible;7,90;;;6
OP-R165-BOT-COM;OPPO;Reno16 5G;Botones laterales;Compatible;4,05;;;6
OP-R165-CRI-COM;OPPO;Reno16 5G;Cristal de pantalla;Compatible;4,05;;;6
OP-R165-FPR-COM;OPPO;Reno16 5G;Flex principal;Compatible;3,35;;;6
OP-R165-VIB-COM;OPPO;Reno16 5G;Vibrador;Compatible;3,95;;;6
OP-R165-ANT-COM;OPPO;Reno16 5G;Antena / coaxial;Compatible;3,50;;;6
OP-R165-HUE-COM;OPPO;Reno16 5G;Botón home / huella;Compatible;5,85;;;6
OP-R16P5-MAR-COM;OPPO;Reno16 Pro 5G;Marco / chasis;Compatible;9,05;;;6
OP-R16P5-BOT-COM;OPPO;Reno16 Pro 5G;Botones laterales;Compatible;4,65;;;6
OP-R16P5-CRI-COM;OPPO;Reno16 Pro 5G;Cristal de pantalla;Compatible;4,60;;;6
OP-R16P5-FPR-COM;OPPO;Reno16 Pro 5G;Flex principal;Compatible;3,80;;;6
OP-R16P5-VIB-COM;OPPO;Reno16 Pro 5G;Vibrador;Compatible;4,49;;;6
OP-R16P5-ANT-COM;OPPO;Reno16 Pro 5G;Antena / coaxial;Compatible;4,00;;;6
OP-R16P5-HUE-COM;OPPO;Reno16 Pro 5G;Botón home / huella;Compatible;6,69;;;6
OP-R16F5-MAR-COM;OPPO;Reno16 F 5G;Marco / chasis;Compatible;7,90;;;6
OP-R16F5-BOT-COM;OPPO;Reno16 F 5G;Botones laterales;Compatible;4,05;;;6
OP-R16F5-CRI-COM;OPPO;Reno16 F 5G;Cristal de pantalla;Compatible;4,05;;;6
OP-R16F5-FPR-COM;OPPO;Reno16 F 5G;Flex principal;Compatible;3,35;;;6
OP-R16F5-VIB-COM;OPPO;Reno16 F 5G;Vibrador;Compatible;3,95;;;6
OP-R16F5-ANT-COM;OPPO;Reno16 F 5G;Antena / coaxial;Compatible;3,50;;;6
OP-R16F5-HUE-COM;OPPO;Reno16 F 5G;Botón home / huella;Compatible;5,85;;;6
OP-R16FS5-MAR-COM;OPPO;Reno16 FS 5G;Marco / chasis;Compatible;7,90;;;6
OP-R16FS5-BOT-COM;OPPO;Reno16 FS 5G;Botones laterales;Compatible;4,05;;;6
OP-R16FS5-CRI-COM;OPPO;Reno16 FS 5G;Cristal de pantalla;Compatible;4,05;;;6
OP-R16FS5-FPR-COM;OPPO;Reno16 FS 5G;Flex principal;Compatible;3,35;;;6
OP-R16FS5-VIB-COM;OPPO;Reno16 FS 5G;Vibrador;Compatible;3,95;;;6
OP-R16FS5-ANT-COM;OPPO;Reno16 FS 5G;Antena / coaxial;Compatible;3,50;;;6
OP-R16FS5-HUE-COM;OPPO;Reno16 FS 5G;Botón home / huella;Compatible;5,85;;;6
OP-A520-MAR-COM;OPPO;A5 2020;Marco / chasis;Compatible;5,65;;;6
OP-A520-BOT-COM;OPPO;A5 2020;Botones laterales;Compatible;2,89;;;6
OP-A520-CRI-COM;OPPO;A5 2020;Cristal de pantalla;Compatible;2,89;;;6
OP-A520-FPR-COM;OPPO;A5 2020;Flex principal;Compatible;2,39;;;6
OP-A520-VIB-COM;OPPO;A5 2020;Vibrador;Compatible;2,79;;;6
OP-A520-ANT-COM;OPPO;A5 2020;Antena / coaxial;Compatible;2,50;;;6
OP-A520-HUE-COM;OPPO;A5 2020;Botón home / huella;Compatible;4,15;;;6
OP-A920-MAR-COM;OPPO;A9 2020;Marco / chasis;Compatible;5,65;;;6
OP-A920-BOT-COM;OPPO;A9 2020;Botones laterales;Compatible;2,89;;;6
OP-A920-CRI-COM;OPPO;A9 2020;Cristal de pantalla;Compatible;2,89;;;6
OP-A920-FPR-COM;OPPO;A9 2020;Flex principal;Compatible;2,39;;;6
OP-A920-VIB-COM;OPPO;A9 2020;Vibrador;Compatible;2,79;;;6
OP-A920-ANT-COM;OPPO;A9 2020;Antena / coaxial;Compatible;2,50;;;6
OP-A920-HUE-COM;OPPO;A9 2020;Botón home / huella;Compatible;4,15;;;6
OP-A91-MAR-COM;OPPO;A91;Marco / chasis;Compatible;7,20;;;6
OP-A91-BOT-COM;OPPO;A91;Botones laterales;Compatible;3,70;;;6
OP-A91-CRI-COM;OPPO;A91;Cristal de pantalla;Compatible;3,69;;;6
OP-A91-FPR-COM;OPPO;A91;Flex principal;Compatible;3,05;;;6
OP-A91-VIB-COM;OPPO;A91;Vibrador;Compatible;3,55;;;6
OP-A91-ANT-COM;OPPO;A91;Antena / coaxial;Compatible;3,20;;;6
OP-A91-HUE-COM;OPPO;A91;Botón home / huella;Compatible;5,30;;;6
OP-A52-MAR-COM;OPPO;A52;Marco / chasis;Compatible;6,25;;;6
OP-A52-BOT-COM;OPPO;A52;Botones laterales;Compatible;3,20;;;6
OP-A52-CRI-COM;OPPO;A52;Cristal de pantalla;Compatible;3,20;;;6
OP-A52-FPR-COM;OPPO;A52;Flex principal;Compatible;2,65;;;6
OP-A52-VIB-COM;OPPO;A52;Vibrador;Compatible;3,10;;;6
OP-A52-ANT-COM;OPPO;A52;Antena / coaxial;Compatible;2,79;;;6
OP-A52-HUE-COM;OPPO;A52;Botón home / huella;Compatible;4,60;;;6
OP-A72-MAR-COM;OPPO;A72;Marco / chasis;Compatible;6,25;;;6
OP-A72-BOT-COM;OPPO;A72;Botones laterales;Compatible;3,20;;;6
OP-A72-CRI-COM;OPPO;A72;Cristal de pantalla;Compatible;3,20;;;6
OP-A72-FPR-COM;OPPO;A72;Flex principal;Compatible;2,65;;;6
OP-A72-VIB-COM;OPPO;A72;Vibrador;Compatible;3,10;;;6
OP-A72-ANT-COM;OPPO;A72;Antena / coaxial;Compatible;2,79;;;6
OP-A72-HUE-COM;OPPO;A72;Botón home / huella;Compatible;4,60;;;6
OP-A53-MAR-COM;OPPO;A53;Marco / chasis;Compatible;6,25;;;6
OP-A53-BOT-COM;OPPO;A53;Botones laterales;Compatible;3,20;;;6
OP-A53-CRI-COM;OPPO;A53;Cristal de pantalla;Compatible;3,20;;;6
OP-A53-FPR-COM;OPPO;A53;Flex principal;Compatible;2,65;;;6
OP-A53-VIB-COM;OPPO;A53;Vibrador;Compatible;3,10;;;6
OP-A53-ANT-COM;OPPO;A53;Antena / coaxial;Compatible;2,79;;;6
OP-A53-HUE-COM;OPPO;A53;Botón home / huella;Compatible;4,60;;;6
OP-A53S-MAR-COM;OPPO;A53s;Marco / chasis;Compatible;6,25;;;6
OP-A53S-BOT-COM;OPPO;A53s;Botones laterales;Compatible;3,20;;;6
OP-A53S-CRI-COM;OPPO;A53s;Cristal de pantalla;Compatible;3,20;;;6
OP-A53S-FPR-COM;OPPO;A53s;Flex principal;Compatible;2,65;;;6
OP-A53S-VIB-COM;OPPO;A53s;Vibrador;Compatible;3,10;;;6
OP-A53S-ANT-COM;OPPO;A53s;Antena / coaxial;Compatible;2,79;;;6
OP-A53S-HUE-COM;OPPO;A53s;Botón home / huella;Compatible;4,60;;;6
OP-A15-MAR-COM;OPPO;A15;Marco / chasis;Compatible;6,25;;;6
OP-A15-BOT-COM;OPPO;A15;Botones laterales;Compatible;3,20;;;6
OP-A15-CRI-COM;OPPO;A15;Cristal de pantalla;Compatible;3,20;;;6
OP-A15-FPR-COM;OPPO;A15;Flex principal;Compatible;2,65;;;6
OP-A15-VIB-COM;OPPO;A15;Vibrador;Compatible;3,10;;;6
OP-A15-ANT-COM;OPPO;A15;Antena / coaxial;Compatible;2,79;;;6
OP-A15-HUE-COM;OPPO;A15;Botón home / huella;Compatible;4,60;;;6
OP-A735-MAR-COM;OPPO;A73 5G;Marco / chasis;Compatible;6,25;;;6
OP-A735-BOT-COM;OPPO;A73 5G;Botones laterales;Compatible;3,20;;;6
OP-A735-CRI-COM;OPPO;A73 5G;Cristal de pantalla;Compatible;3,20;;;6
OP-A735-FPR-COM;OPPO;A73 5G;Flex principal;Compatible;2,65;;;6
OP-A735-VIB-COM;OPPO;A73 5G;Vibrador;Compatible;3,10;;;6
OP-A735-ANT-COM;OPPO;A73 5G;Antena / coaxial;Compatible;2,79;;;6
OP-A735-HUE-COM;OPPO;A73 5G;Botón home / huella;Compatible;4,60;;;6
OP-A545-MAR-COM;OPPO;A54 5G;Marco / chasis;Compatible;6,25;;;6
OP-A545-BOT-COM;OPPO;A54 5G;Botones laterales;Compatible;3,20;;;6
OP-A545-CRI-COM;OPPO;A54 5G;Cristal de pantalla;Compatible;3,20;;;6
OP-A545-FPR-COM;OPPO;A54 5G;Flex principal;Compatible;2,65;;;6
OP-A545-VIB-COM;OPPO;A54 5G;Vibrador;Compatible;3,10;;;6
OP-A545-ANT-COM;OPPO;A54 5G;Antena / coaxial;Compatible;2,79;;;6
OP-A545-HUE-COM;OPPO;A54 5G;Botón home / huella;Compatible;4,60;;;6
OP-A74-MAR-COM;OPPO;A74;Marco / chasis;Compatible;6,25;;;6
OP-A74-BOT-COM;OPPO;A74;Botones laterales;Compatible;3,20;;;6
OP-A74-CRI-COM;OPPO;A74;Cristal de pantalla;Compatible;3,20;;;6
OP-A74-FPR-COM;OPPO;A74;Flex principal;Compatible;2,65;;;6
OP-A74-VIB-COM;OPPO;A74;Vibrador;Compatible;3,10;;;6
OP-A74-ANT-COM;OPPO;A74;Antena / coaxial;Compatible;2,79;;;6
OP-A74-HUE-COM;OPPO;A74;Botón home / huella;Compatible;4,60;;;6
OP-A745-MAR-COM;OPPO;A74 5G;Marco / chasis;Compatible;6,25;;;6
OP-A745-BOT-COM;OPPO;A74 5G;Botones laterales;Compatible;3,20;;;6
OP-A745-CRI-COM;OPPO;A74 5G;Cristal de pantalla;Compatible;3,20;;;6
OP-A745-FPR-COM;OPPO;A74 5G;Flex principal;Compatible;2,65;;;6
OP-A745-VIB-COM;OPPO;A74 5G;Vibrador;Compatible;3,10;;;6
OP-A745-ANT-COM;OPPO;A74 5G;Antena / coaxial;Compatible;2,79;;;6
OP-A745-HUE-COM;OPPO;A74 5G;Botón home / huella;Compatible;4,60;;;6
OP-A945-MAR-COM;OPPO;A94 5G;Marco / chasis;Compatible;7,20;;;6
OP-A945-BOT-COM;OPPO;A94 5G;Botones laterales;Compatible;3,70;;;6
OP-A945-CRI-COM;OPPO;A94 5G;Cristal de pantalla;Compatible;3,69;;;6
OP-A945-FPR-COM;OPPO;A94 5G;Flex principal;Compatible;3,05;;;6
OP-A945-VIB-COM;OPPO;A94 5G;Vibrador;Compatible;3,55;;;6
OP-A945-ANT-COM;OPPO;A94 5G;Antena / coaxial;Compatible;3,20;;;6
OP-A945-HUE-COM;OPPO;A94 5G;Botón home / huella;Compatible;5,30;;;6
OP-A16-MAR-COM;OPPO;A16;Marco / chasis;Compatible;6,25;;;6
OP-A16-BOT-COM;OPPO;A16;Botones laterales;Compatible;3,20;;;6
OP-A16-CRI-COM;OPPO;A16;Cristal de pantalla;Compatible;3,20;;;6
OP-A16-FPR-COM;OPPO;A16;Flex principal;Compatible;2,65;;;6
OP-A16-VIB-COM;OPPO;A16;Vibrador;Compatible;3,10;;;6
OP-A16-ANT-COM;OPPO;A16;Antena / coaxial;Compatible;2,79;;;6
OP-A16-HUE-COM;OPPO;A16;Botón home / huella;Compatible;4,60;;;6
OP-A76-MAR-COM;OPPO;A76;Marco / chasis;Compatible;6,25;;;6
OP-A76-BOT-COM;OPPO;A76;Botones laterales;Compatible;3,20;;;6
OP-A76-CRI-COM;OPPO;A76;Cristal de pantalla;Compatible;3,20;;;6
OP-A76-FPR-COM;OPPO;A76;Flex principal;Compatible;2,65;;;6
OP-A76-VIB-COM;OPPO;A76;Vibrador;Compatible;3,10;;;6
OP-A76-ANT-COM;OPPO;A76;Antena / coaxial;Compatible;2,79;;;6
OP-A76-HUE-COM;OPPO;A76;Botón home / huella;Compatible;4,60;;;6
OP-A96-MAR-COM;OPPO;A96;Marco / chasis;Compatible;7,20;;;6
OP-A96-BOT-COM;OPPO;A96;Botones laterales;Compatible;3,70;;;6
OP-A96-CRI-COM;OPPO;A96;Cristal de pantalla;Compatible;3,69;;;6
OP-A96-FPR-COM;OPPO;A96;Flex principal;Compatible;3,05;;;6
OP-A96-VIB-COM;OPPO;A96;Vibrador;Compatible;3,55;;;6
OP-A96-ANT-COM;OPPO;A96;Antena / coaxial;Compatible;3,20;;;6
OP-A96-HUE-COM;OPPO;A96;Botón home / huella;Compatible;5,30;;;6
OP-A775-MAR-COM;OPPO;A77 5G;Marco / chasis;Compatible;6,25;;;6
OP-A775-BOT-COM;OPPO;A77 5G;Botones laterales;Compatible;3,20;;;6
OP-A775-CRI-COM;OPPO;A77 5G;Cristal de pantalla;Compatible;3,20;;;6
OP-A775-FPR-COM;OPPO;A77 5G;Flex principal;Compatible;2,65;;;6
OP-A775-VIB-COM;OPPO;A77 5G;Vibrador;Compatible;3,10;;;6
OP-A775-ANT-COM;OPPO;A77 5G;Antena / coaxial;Compatible;2,79;;;6
OP-A775-HUE-COM;OPPO;A77 5G;Botón home / huella;Compatible;4,60;;;6
OP-A57S-MAR-COM;OPPO;A57s;Marco / chasis;Compatible;6,25;;;6
OP-A57S-BOT-COM;OPPO;A57s;Botones laterales;Compatible;3,20;;;6
OP-A57S-CRI-COM;OPPO;A57s;Cristal de pantalla;Compatible;3,20;;;6
OP-A57S-FPR-COM;OPPO;A57s;Flex principal;Compatible;2,65;;;6
OP-A57S-VIB-COM;OPPO;A57s;Vibrador;Compatible;3,10;;;6
OP-A57S-ANT-COM;OPPO;A57s;Antena / coaxial;Compatible;2,79;;;6
OP-A57S-HUE-COM;OPPO;A57s;Botón home / huella;Compatible;4,60;;;6
OP-A17-MAR-COM;OPPO;A17;Marco / chasis;Compatible;6,25;;;6
OP-A17-BOT-COM;OPPO;A17;Botones laterales;Compatible;3,20;;;6
OP-A17-CRI-COM;OPPO;A17;Cristal de pantalla;Compatible;3,20;;;6
OP-A17-FPR-COM;OPPO;A17;Flex principal;Compatible;2,65;;;6
OP-A17-VIB-COM;OPPO;A17;Vibrador;Compatible;3,10;;;6
OP-A17-ANT-COM;OPPO;A17;Antena / coaxial;Compatible;2,79;;;6
OP-A17-HUE-COM;OPPO;A17;Botón home / huella;Compatible;4,60;;;6
OP-A785-MAR-COM;OPPO;A78 5G;Marco / chasis;Compatible;6,25;;;6
OP-A785-BOT-COM;OPPO;A78 5G;Botones laterales;Compatible;3,20;;;6
OP-A785-CRI-COM;OPPO;A78 5G;Cristal de pantalla;Compatible;3,20;;;6
OP-A785-FPR-COM;OPPO;A78 5G;Flex principal;Compatible;2,65;;;6
OP-A785-VIB-COM;OPPO;A78 5G;Vibrador;Compatible;3,10;;;6
OP-A785-ANT-COM;OPPO;A78 5G;Antena / coaxial;Compatible;2,79;;;6
OP-A785-HUE-COM;OPPO;A78 5G;Botón home / huella;Compatible;4,60;;;6
OP-A985-MAR-COM;OPPO;A98 5G;Marco / chasis;Compatible;7,20;;;6
OP-A985-BOT-COM;OPPO;A98 5G;Botones laterales;Compatible;3,70;;;6
OP-A985-CRI-COM;OPPO;A98 5G;Cristal de pantalla;Compatible;3,69;;;6
OP-A985-FPR-COM;OPPO;A98 5G;Flex principal;Compatible;3,05;;;6
OP-A985-VIB-COM;OPPO;A98 5G;Vibrador;Compatible;3,55;;;6
OP-A985-ANT-COM;OPPO;A98 5G;Antena / coaxial;Compatible;3,20;;;6
OP-A985-HUE-COM;OPPO;A98 5G;Botón home / huella;Compatible;5,30;;;6
OP-A78-MAR-COM;OPPO;A78;Marco / chasis;Compatible;6,25;;;6
OP-A78-BOT-COM;OPPO;A78;Botones laterales;Compatible;3,20;;;6
OP-A78-CRI-COM;OPPO;A78;Cristal de pantalla;Compatible;3,20;;;6
OP-A78-FPR-COM;OPPO;A78;Flex principal;Compatible;2,65;;;6
OP-A78-VIB-COM;OPPO;A78;Vibrador;Compatible;3,10;;;6
OP-A78-ANT-COM;OPPO;A78;Antena / coaxial;Compatible;2,79;;;6
OP-A78-HUE-COM;OPPO;A78;Botón home / huella;Compatible;4,60;;;6
OP-A58-MAR-COM;OPPO;A58;Marco / chasis;Compatible;6,25;;;6
OP-A58-BOT-COM;OPPO;A58;Botones laterales;Compatible;3,20;;;6
OP-A58-CRI-COM;OPPO;A58;Cristal de pantalla;Compatible;3,20;;;6
OP-A58-FPR-COM;OPPO;A58;Flex principal;Compatible;2,65;;;6
OP-A58-VIB-COM;OPPO;A58;Vibrador;Compatible;3,10;;;6
OP-A58-ANT-COM;OPPO;A58;Antena / coaxial;Compatible;2,79;;;6
OP-A58-HUE-COM;OPPO;A58;Botón home / huella;Compatible;4,60;;;6
OP-A38-MAR-COM;OPPO;A38;Marco / chasis;Compatible;6,25;;;6
OP-A38-BOT-COM;OPPO;A38;Botones laterales;Compatible;3,20;;;6
OP-A38-CRI-COM;OPPO;A38;Cristal de pantalla;Compatible;3,20;;;6
OP-A38-FPR-COM;OPPO;A38;Flex principal;Compatible;2,65;;;6
OP-A38-VIB-COM;OPPO;A38;Vibrador;Compatible;3,10;;;6
OP-A38-ANT-COM;OPPO;A38;Antena / coaxial;Compatible;2,79;;;6
OP-A38-HUE-COM;OPPO;A38;Botón home / huella;Compatible;4,60;;;6
OP-A18-MAR-COM;OPPO;A18;Marco / chasis;Compatible;6,25;;;6
OP-A18-BOT-COM;OPPO;A18;Botones laterales;Compatible;3,20;;;6
OP-A18-CRI-COM;OPPO;A18;Cristal de pantalla;Compatible;3,20;;;6
OP-A18-FPR-COM;OPPO;A18;Flex principal;Compatible;2,65;;;6
OP-A18-VIB-COM;OPPO;A18;Vibrador;Compatible;3,10;;;6
OP-A18-ANT-COM;OPPO;A18;Antena / coaxial;Compatible;2,79;;;6
OP-A18-HUE-COM;OPPO;A18;Botón home / huella;Compatible;4,60;;;6
OP-A795-MAR-COM;OPPO;A79 5G;Marco / chasis;Compatible;6,25;;;6
OP-A795-BOT-COM;OPPO;A79 5G;Botones laterales;Compatible;3,20;;;6
OP-A795-CRI-COM;OPPO;A79 5G;Cristal de pantalla;Compatible;3,20;;;6
OP-A795-FPR-COM;OPPO;A79 5G;Flex principal;Compatible;2,65;;;6
OP-A795-VIB-COM;OPPO;A79 5G;Vibrador;Compatible;3,10;;;6
OP-A795-ANT-COM;OPPO;A79 5G;Antena / coaxial;Compatible;2,79;;;6
OP-A795-HUE-COM;OPPO;A79 5G;Botón home / huella;Compatible;4,60;;;6
OP-A60-MAR-COM;OPPO;A60;Marco / chasis;Compatible;6,89;;;6
OP-A60-BOT-COM;OPPO;A60;Botones laterales;Compatible;3,55;;;6
OP-A60-CRI-COM;OPPO;A60;Cristal de pantalla;Compatible;3,50;;;6
OP-A60-FPR-COM;OPPO;A60;Flex principal;Compatible;2,90;;;6
OP-A60-VIB-COM;OPPO;A60;Vibrador;Compatible;3,40;;;6
OP-A60-ANT-COM;OPPO;A60;Antena / coaxial;Compatible;3,05;;;6
OP-A60-HUE-COM;OPPO;A60;Botón home / huella;Compatible;5,09;;;6
OP-A805-MAR-COM;OPPO;A80 5G;Marco / chasis;Compatible;6,89;;;6
OP-A805-BOT-COM;OPPO;A80 5G;Botones laterales;Compatible;3,55;;;6
OP-A805-CRI-COM;OPPO;A80 5G;Cristal de pantalla;Compatible;3,50;;;6
OP-A805-FPR-COM;OPPO;A80 5G;Flex principal;Compatible;2,90;;;6
OP-A805-VIB-COM;OPPO;A80 5G;Vibrador;Compatible;3,40;;;6
OP-A805-ANT-COM;OPPO;A80 5G;Antena / coaxial;Compatible;3,05;;;6
OP-A805-HUE-COM;OPPO;A80 5G;Botón home / huella;Compatible;5,09;;;6
OP-A40-MAR-COM;OPPO;A40;Marco / chasis;Compatible;6,89;;;6
OP-A40-BOT-COM;OPPO;A40;Botones laterales;Compatible;3,55;;;6
OP-A40-CRI-COM;OPPO;A40;Cristal de pantalla;Compatible;3,50;;;6
OP-A40-FPR-COM;OPPO;A40;Flex principal;Compatible;2,90;;;6
OP-A40-VIB-COM;OPPO;A40;Vibrador;Compatible;3,40;;;6
OP-A40-ANT-COM;OPPO;A40;Antena / coaxial;Compatible;3,05;;;6
OP-A40-HUE-COM;OPPO;A40;Botón home / huella;Compatible;5,09;;;6
OP-A40M-MAR-COM;OPPO;A40m;Marco / chasis;Compatible;6,89;;;6
OP-A40M-BOT-COM;OPPO;A40m;Botones laterales;Compatible;3,55;;;6
OP-A40M-CRI-COM;OPPO;A40m;Cristal de pantalla;Compatible;3,50;;;6
OP-A40M-FPR-COM;OPPO;A40m;Flex principal;Compatible;2,90;;;6
OP-A40M-VIB-COM;OPPO;A40m;Vibrador;Compatible;3,40;;;6
OP-A40M-ANT-COM;OPPO;A40m;Antena / coaxial;Compatible;3,05;;;6
OP-A40M-HUE-COM;OPPO;A40m;Botón home / huella;Compatible;5,09;;;6
OP-A5P5-MAR-COM;OPPO;A5 Pro 5G;Marco / chasis;Compatible;6,89;;;6
OP-A5P5-BOT-COM;OPPO;A5 Pro 5G;Botones laterales;Compatible;3,55;;;6
OP-A5P5-CRI-COM;OPPO;A5 Pro 5G;Cristal de pantalla;Compatible;3,50;;;6
OP-A5P5-FPR-COM;OPPO;A5 Pro 5G;Flex principal;Compatible;2,90;;;6
OP-A5P5-VIB-COM;OPPO;A5 Pro 5G;Vibrador;Compatible;3,40;;;6
OP-A5P5-ANT-COM;OPPO;A5 Pro 5G;Antena / coaxial;Compatible;3,05;;;6
OP-A5P5-HUE-COM;OPPO;A5 Pro 5G;Botón home / huella;Compatible;5,09;;;6
OP-A5P-MAR-COM;OPPO;A5 Pro;Marco / chasis;Compatible;6,89;;;6
OP-A5P-BOT-COM;OPPO;A5 Pro;Botones laterales;Compatible;3,55;;;6
OP-A5P-CRI-COM;OPPO;A5 Pro;Cristal de pantalla;Compatible;3,50;;;6
OP-A5P-FPR-COM;OPPO;A5 Pro;Flex principal;Compatible;2,90;;;6
OP-A5P-VIB-COM;OPPO;A5 Pro;Vibrador;Compatible;3,40;;;6
OP-A5P-ANT-COM;OPPO;A5 Pro;Antena / coaxial;Compatible;3,05;;;6
OP-A5P-HUE-COM;OPPO;A5 Pro;Botón home / huella;Compatible;5,09;;;6
OP-A55-MAR-COM;OPPO;A5 5G;Marco / chasis;Compatible;6,89;;;6
OP-A55-BOT-COM;OPPO;A5 5G;Botones laterales;Compatible;3,55;;;6
OP-A55-CRI-COM;OPPO;A5 5G;Cristal de pantalla;Compatible;3,50;;;6
OP-A55-FPR-COM;OPPO;A5 5G;Flex principal;Compatible;2,90;;;6
OP-A55-VIB-COM;OPPO;A5 5G;Vibrador;Compatible;3,40;;;6
OP-A55-ANT-COM;OPPO;A5 5G;Antena / coaxial;Compatible;3,05;;;6
OP-A55-HUE-COM;OPPO;A5 5G;Botón home / huella;Compatible;5,09;;;6
OP-A5-MAR-COM;OPPO;A5;Marco / chasis;Compatible;6,89;;;6
OP-A5-BOT-COM;OPPO;A5;Botones laterales;Compatible;3,55;;;6
OP-A5-CRI-COM;OPPO;A5;Cristal de pantalla;Compatible;3,50;;;6
OP-A5-FPR-COM;OPPO;A5;Flex principal;Compatible;2,90;;;6
OP-A5-VIB-COM;OPPO;A5;Vibrador;Compatible;3,40;;;6
OP-A5-ANT-COM;OPPO;A5;Antena / coaxial;Compatible;3,05;;;6
OP-A5-HUE-COM;OPPO;A5;Botón home / huella;Compatible;5,09;;;6
OP-A5X-MAR-COM;OPPO;A5x;Marco / chasis;Compatible;6,89;;;6
OP-A5X-BOT-COM;OPPO;A5x;Botones laterales;Compatible;3,55;;;6
OP-A5X-CRI-COM;OPPO;A5x;Cristal de pantalla;Compatible;3,50;;;6
OP-A5X-FPR-COM;OPPO;A5x;Flex principal;Compatible;2,90;;;6
OP-A5X-VIB-COM;OPPO;A5x;Vibrador;Compatible;3,40;;;6
OP-A5X-ANT-COM;OPPO;A5x;Antena / coaxial;Compatible;3,05;;;6
OP-A5X-HUE-COM;OPPO;A5x;Botón home / huella;Compatible;5,09;;;6
OP-A5M-MAR-COM;OPPO;A5m;Marco / chasis;Compatible;6,89;;;6
OP-A5M-BOT-COM;OPPO;A5m;Botones laterales;Compatible;3,55;;;6
OP-A5M-CRI-COM;OPPO;A5m;Cristal de pantalla;Compatible;3,50;;;6
OP-A5M-FPR-COM;OPPO;A5m;Flex principal;Compatible;2,90;;;6
OP-A5M-VIB-COM;OPPO;A5m;Vibrador;Compatible;3,40;;;6
OP-A5M-ANT-COM;OPPO;A5m;Antena / coaxial;Compatible;3,05;;;6
OP-A5M-HUE-COM;OPPO;A5m;Botón home / huella;Compatible;5,09;;;6
OP-A6P5-MAR-COM;OPPO;A6 Pro 5G;Marco / chasis;Compatible;6,89;;;6
OP-A6P5-BOT-COM;OPPO;A6 Pro 5G;Botones laterales;Compatible;3,55;;;6
OP-A6P5-CRI-COM;OPPO;A6 Pro 5G;Cristal de pantalla;Compatible;3,50;;;6
OP-A6P5-FPR-COM;OPPO;A6 Pro 5G;Flex principal;Compatible;2,90;;;6
OP-A6P5-VIB-COM;OPPO;A6 Pro 5G;Vibrador;Compatible;3,40;;;6
OP-A6P5-ANT-COM;OPPO;A6 Pro 5G;Antena / coaxial;Compatible;3,05;;;6
OP-A6P5-HUE-COM;OPPO;A6 Pro 5G;Botón home / huella;Compatible;5,09;;;6
OP-A65-MAR-COM;OPPO;A6 5G;Marco / chasis;Compatible;6,89;;;6
OP-A65-BOT-COM;OPPO;A6 5G;Botones laterales;Compatible;3,55;;;6
OP-A65-CRI-COM;OPPO;A6 5G;Cristal de pantalla;Compatible;3,50;;;6
OP-A65-FPR-COM;OPPO;A6 5G;Flex principal;Compatible;2,90;;;6
OP-A65-VIB-COM;OPPO;A6 5G;Vibrador;Compatible;3,40;;;6
OP-A65-ANT-COM;OPPO;A6 5G;Antena / coaxial;Compatible;3,05;;;6
OP-A65-HUE-COM;OPPO;A6 5G;Botón home / huella;Compatible;5,09;;;6
OP-A6-MAR-COM;OPPO;A6;Marco / chasis;Compatible;6,89;;;6
OP-A6-BOT-COM;OPPO;A6;Botones laterales;Compatible;3,55;;;6
OP-A6-CRI-COM;OPPO;A6;Cristal de pantalla;Compatible;3,50;;;6
OP-A6-FPR-COM;OPPO;A6;Flex principal;Compatible;2,90;;;6
OP-A6-VIB-COM;OPPO;A6;Vibrador;Compatible;3,40;;;6
OP-A6-ANT-COM;OPPO;A6;Antena / coaxial;Compatible;3,05;;;6
OP-A6-HUE-COM;OPPO;A6;Botón home / huella;Compatible;5,09;;;6
OP-A6X5-MAR-COM;OPPO;A6x 5G;Marco / chasis;Compatible;6,89;;;6
OP-A6X5-BOT-COM;OPPO;A6x 5G;Botones laterales;Compatible;3,55;;;6
OP-A6X5-CRI-COM;OPPO;A6x 5G;Cristal de pantalla;Compatible;3,50;;;6
OP-A6X5-FPR-COM;OPPO;A6x 5G;Flex principal;Compatible;2,90;;;6
OP-A6X5-VIB-COM;OPPO;A6x 5G;Vibrador;Compatible;3,40;;;6
OP-A6X5-ANT-COM;OPPO;A6x 5G;Antena / coaxial;Compatible;3,05;;;6
OP-A6X5-HUE-COM;OPPO;A6x 5G;Botón home / huella;Compatible;5,09;;;6
OP-A6X-MAR-COM;OPPO;A6x;Marco / chasis;Compatible;6,89;;;6
OP-A6X-BOT-COM;OPPO;A6x;Botones laterales;Compatible;3,55;;;6
OP-A6X-CRI-COM;OPPO;A6x;Cristal de pantalla;Compatible;3,50;;;6
OP-A6X-FPR-COM;OPPO;A6x;Flex principal;Compatible;2,90;;;6
OP-A6X-VIB-COM;OPPO;A6x;Vibrador;Compatible;3,40;;;6
OP-A6X-ANT-COM;OPPO;A6x;Antena / coaxial;Compatible;3,05;;;6
OP-A6X-HUE-COM;OPPO;A6x;Botón home / huella;Compatible;5,09;;;6
OP-A6K-MAR-COM;OPPO;A6k;Marco / chasis;Compatible;6,89;;;6
OP-A6K-BOT-COM;OPPO;A6k;Botones laterales;Compatible;3,55;;;6
OP-A6K-CRI-COM;OPPO;A6k;Cristal de pantalla;Compatible;3,50;;;6
OP-A6K-FPR-COM;OPPO;A6k;Flex principal;Compatible;2,90;;;6
OP-A6K-VIB-COM;OPPO;A6k;Vibrador;Compatible;3,40;;;6
OP-A6K-ANT-COM;OPPO;A6k;Antena / coaxial;Compatible;3,05;;;6
OP-A6K-HUE-COM;OPPO;A6k;Botón home / huella;Compatible;5,09;;;6
OP-A6SP5-MAR-COM;OPPO;A6s Pro 5G;Marco / chasis;Compatible;6,89;;;6
OP-A6SP5-BOT-COM;OPPO;A6s Pro 5G;Botones laterales;Compatible;3,55;;;6
OP-A6SP5-CRI-COM;OPPO;A6s Pro 5G;Cristal de pantalla;Compatible;3,50;;;6
OP-A6SP5-FPR-COM;OPPO;A6s Pro 5G;Flex principal;Compatible;2,90;;;6
OP-A6SP5-VIB-COM;OPPO;A6s Pro 5G;Vibrador;Compatible;3,40;;;6
OP-A6SP5-ANT-COM;OPPO;A6s Pro 5G;Antena / coaxial;Compatible;3,05;;;6
OP-A6SP5-HUE-COM;OPPO;A6s Pro 5G;Botón home / huella;Compatible;5,09;;;6
OP-F33-MAR-COM;OPPO;F33;Marco / chasis;Compatible;6,89;;;6
OP-F33-BOT-COM;OPPO;F33;Botones laterales;Compatible;3,55;;;6
OP-F33-CRI-COM;OPPO;F33;Cristal de pantalla;Compatible;3,50;;;6
OP-F33-FPR-COM;OPPO;F33;Flex principal;Compatible;2,90;;;6
OP-F33-VIB-COM;OPPO;F33;Vibrador;Compatible;3,40;;;6
OP-F33-ANT-COM;OPPO;F33;Antena / coaxial;Compatible;3,05;;;6
OP-F33-HUE-COM;OPPO;F33;Botón home / huella;Compatible;5,09;;;6
OP-F33P-MAR-COM;OPPO;F33 Pro;Marco / chasis;Compatible;6,89;;;6
OP-F33P-BOT-COM;OPPO;F33 Pro;Botones laterales;Compatible;3,55;;;6
OP-F33P-CRI-COM;OPPO;F33 Pro;Cristal de pantalla;Compatible;3,50;;;6
OP-F33P-FPR-COM;OPPO;F33 Pro;Flex principal;Compatible;2,90;;;6
OP-F33P-VIB-COM;OPPO;F33 Pro;Vibrador;Compatible;3,40;;;6
OP-F33P-ANT-COM;OPPO;F33 Pro;Antena / coaxial;Compatible;3,05;;;6
OP-F33P-HUE-COM;OPPO;F33 Pro;Botón home / huella;Compatible;5,09;;;6
OP-FX9S-MAR-COM;OPPO;Find X9s;Marco / chasis;Compatible;10,75;10,43;10,10;6
OP-FX9S-BOT-COM;OPPO;Find X9s;Botones laterales;Compatible;5,55;;;6
OP-FX9S-CRI-COM;OPPO;Find X9s;Cristal de pantalla;Compatible;5,50;;;6
OP-FX9S-FPR-COM;OPPO;Find X9s;Flex principal;Compatible;4,55;;;6
OP-FX9S-VIB-COM;OPPO;Find X9s;Vibrador;Compatible;5,35;;;6
OP-FX9S-ANT-COM;OPPO;Find X9s;Antena / coaxial;Compatible;4,79;;;6
OP-FX9S-HUE-COM;OPPO;Find X9s;Botón home / huella;Compatible;7,95;;;6
OP-FX9S-NFC-COM;OPPO;Find X9s;NFC y carga inalámbrica;Compatible;10,69;10,37;10,05;6
OP-FX9SP-MAR-COM;OPPO;Find X9s Pro;Marco / chasis;Compatible;10,75;10,43;10,10;6
OP-FX9SP-BOT-COM;OPPO;Find X9s Pro;Botones laterales;Compatible;5,55;;;6
OP-FX9SP-CRI-COM;OPPO;Find X9s Pro;Cristal de pantalla;Compatible;5,50;;;6
OP-FX9SP-FPR-COM;OPPO;Find X9s Pro;Flex principal;Compatible;4,55;;;6
OP-FX9SP-VIB-COM;OPPO;Find X9s Pro;Vibrador;Compatible;5,35;;;6
OP-FX9SP-ANT-COM;OPPO;Find X9s Pro;Antena / coaxial;Compatible;4,79;;;6
OP-FX9SP-HUE-COM;OPPO;Find X9s Pro;Botón home / huella;Compatible;7,95;;;6
OP-FX9SP-NFC-COM;OPPO;Find X9s Pro;NFC y carga inalámbrica;Compatible;10,69;10,37;10,05;6
OP-A6SP-MAR-COM;OPPO;A6s Pro;Marco / chasis;Compatible;6,89;;;6
OP-A6SP-BOT-COM;OPPO;A6s Pro;Botones laterales;Compatible;3,55;;;6
OP-A6SP-CRI-COM;OPPO;A6s Pro;Cristal de pantalla;Compatible;3,50;;;6
OP-A6SP-FPR-COM;OPPO;A6s Pro;Flex principal;Compatible;2,90;;;6
OP-A6SP-VIB-COM;OPPO;A6s Pro;Vibrador;Compatible;3,40;;;6
OP-A6SP-ANT-COM;OPPO;A6s Pro;Antena / coaxial;Compatible;3,05;;;6
OP-A6SP-HUE-COM;OPPO;A6s Pro;Botón home / huella;Compatible;5,09;;;6
OP-FN6-FPR-COM;OPPO;Find N6;Flex principal;Compatible;8,15;;;6
OP-FN6-VIB-COM;OPPO;Find N6;Vibrador;Compatible;9,60;;;6
OP-FN6-ANT-COM;OPPO;Find N6;Antena / coaxial;Compatible;8,60;;;6
OP-FN6-HUE-COM;OPPO;Find N6;Botón home / huella;Compatible;14,30;13,87;13,44;6
OP-FN6-NFC-COM;OPPO;Find N6;NFC y carga inalámbrica;Compatible;19,25;18,67;18,10;6
OP-A6S-MAR-COM;OPPO;A6s;Marco / chasis;Compatible;6,89;;;6
OP-A6S-BOT-COM;OPPO;A6s;Botones laterales;Compatible;3,55;;;6
OP-A6S-CRI-COM;OPPO;A6s;Cristal de pantalla;Compatible;3,50;;;6
OP-A6S-FPR-COM;OPPO;A6s;Flex principal;Compatible;2,90;;;6
OP-A6S-VIB-COM;OPPO;A6s;Vibrador;Compatible;3,40;;;6
OP-A6S-ANT-COM;OPPO;A6s;Antena / coaxial;Compatible;3,05;;;6
OP-A6S-HUE-COM;OPPO;A6s;Botón home / huella;Compatible;5,09;;;6
OP-A6S5-MAR-COM;OPPO;A6s 5G;Marco / chasis;Compatible;6,89;;;6
OP-A6S5-BOT-COM;OPPO;A6s 5G;Botones laterales;Compatible;3,55;;;6
OP-A6S5-CRI-COM;OPPO;A6s 5G;Cristal de pantalla;Compatible;3,50;;;6
OP-A6S5-FPR-COM;OPPO;A6s 5G;Flex principal;Compatible;2,90;;;6
OP-A6S5-VIB-COM;OPPO;A6s 5G;Vibrador;Compatible;3,40;;;6
OP-A6S5-ANT-COM;OPPO;A6s 5G;Antena / coaxial;Compatible;3,05;;;6
OP-A6S5-HUE-COM;OPPO;A6s 5G;Botón home / huella;Compatible;5,09;;;6
OP-A6T5-MAR-COM;OPPO;A6t 5G;Marco / chasis;Compatible;6,89;;;6
OP-A6T5-BOT-COM;OPPO;A6t 5G;Botones laterales;Compatible;3,55;;;6
OP-A6T5-CRI-COM;OPPO;A6t 5G;Cristal de pantalla;Compatible;3,50;;;6
OP-A6T5-FPR-COM;OPPO;A6t 5G;Flex principal;Compatible;2,90;;;6
OP-A6T5-VIB-COM;OPPO;A6t 5G;Vibrador;Compatible;3,40;;;6
OP-A6T5-ANT-COM;OPPO;A6t 5G;Antena / coaxial;Compatible;3,05;;;6
OP-A6T5-HUE-COM;OPPO;A6t 5G;Botón home / huella;Compatible;5,09;;;6
OP-A6TP-MAR-COM;OPPO;A6t Pro;Marco / chasis;Compatible;6,89;;;6
OP-A6TP-BOT-COM;OPPO;A6t Pro;Botones laterales;Compatible;3,55;;;6
OP-A6TP-CRI-COM;OPPO;A6t Pro;Cristal de pantalla;Compatible;3,50;;;6
OP-A6TP-FPR-COM;OPPO;A6t Pro;Flex principal;Compatible;2,90;;;6
OP-A6TP-VIB-COM;OPPO;A6t Pro;Vibrador;Compatible;3,40;;;6
OP-A6TP-ANT-COM;OPPO;A6t Pro;Antena / coaxial;Compatible;3,05;;;6
OP-A6TP-HUE-COM;OPPO;A6t Pro;Botón home / huella;Compatible;5,09;;;6
OP-R15C-MAR-COM;OPPO;Reno 15c;Marco / chasis;Compatible;7,90;;;6
OP-R15C-BOT-COM;OPPO;Reno 15c;Botones laterales;Compatible;4,05;;;6
OP-R15C-CRI-COM;OPPO;Reno 15c;Cristal de pantalla;Compatible;4,05;;;6
OP-R15C-FPR-COM;OPPO;Reno 15c;Flex principal;Compatible;3,35;;;6
OP-R15C-VIB-COM;OPPO;Reno 15c;Vibrador;Compatible;3,95;;;6
OP-R15C-ANT-COM;OPPO;Reno 15c;Antena / coaxial;Compatible;3,50;;;6
OP-R15C-HUE-COM;OPPO;Reno 15c;Botón home / huella;Compatible;5,85;;;6
OP-A6GT-MAR-COM;OPPO;A6 GT;Marco / chasis;Compatible;6,89;;;6
OP-A6GT-BOT-COM;OPPO;A6 GT;Botones laterales;Compatible;3,55;;;6
OP-A6GT-CRI-COM;OPPO;A6 GT;Cristal de pantalla;Compatible;3,50;;;6
OP-A6GT-FPR-COM;OPPO;A6 GT;Flex principal;Compatible;2,90;;;6
OP-A6GT-VIB-COM;OPPO;A6 GT;Vibrador;Compatible;3,40;;;6
OP-A6GT-ANT-COM;OPPO;A6 GT;Antena / coaxial;Compatible;3,05;;;6
OP-A6GT-HUE-COM;OPPO;A6 GT;Botón home / huella;Compatible;5,09;;;6
OP-A6M-MAR-COM;OPPO;A6 Max;Marco / chasis;Compatible;6,89;;;6
OP-A6M-BOT-COM;OPPO;A6 Max;Botones laterales;Compatible;3,55;;;6
OP-A6M-CRI-COM;OPPO;A6 Max;Cristal de pantalla;Compatible;3,50;;;6
OP-A6M-FPR-COM;OPPO;A6 Max;Flex principal;Compatible;2,90;;;6
OP-A6M-VIB-COM;OPPO;A6 Max;Vibrador;Compatible;3,40;;;6
OP-A6M-ANT-COM;OPPO;A6 Max;Antena / coaxial;Compatible;3,05;;;6
OP-A6M-HUE-COM;OPPO;A6 Max;Botón home / huella;Compatible;5,09;;;6
OP-F31P-MAR-COM;OPPO;F31 Pro;Marco / chasis;Compatible;6,89;;;6
OP-F31P-BOT-COM;OPPO;F31 Pro;Botones laterales;Compatible;3,55;;;6
OP-F31P-CRI-COM;OPPO;F31 Pro;Cristal de pantalla;Compatible;3,50;;;6
OP-F31P-FPR-COM;OPPO;F31 Pro;Flex principal;Compatible;2,90;;;6
OP-F31P-VIB-COM;OPPO;F31 Pro;Vibrador;Compatible;3,40;;;6
OP-F31P-ANT-COM;OPPO;F31 Pro;Antena / coaxial;Compatible;3,05;;;6
OP-F31P-HUE-COM;OPPO;F31 Pro;Botón home / huella;Compatible;5,09;;;6
OP-F31PPL-MAR-COM;OPPO;F31 Pro+;Marco / chasis;Compatible;6,89;;;6
OP-F31PPL-BOT-COM;OPPO;F31 Pro+;Botones laterales;Compatible;3,55;;;6
OP-F31PPL-CRI-COM;OPPO;F31 Pro+;Cristal de pantalla;Compatible;3,50;;;6
OP-F31PPL-FPR-COM;OPPO;F31 Pro+;Flex principal;Compatible;2,90;;;6
OP-F31PPL-VIB-COM;OPPO;F31 Pro+;Vibrador;Compatible;3,40;;;6
OP-F31PPL-ANT-COM;OPPO;F31 Pro+;Antena / coaxial;Compatible;3,05;;;6
OP-F31PPL-HUE-COM;OPPO;F31 Pro+;Botón home / huella;Compatible;5,09;;;6
OP-R14P-MAR-COM;OPPO;Reno14 Pro;Marco / chasis;Compatible;9,05;;;6
OP-R14P-BOT-COM;OPPO;Reno14 Pro;Botones laterales;Compatible;4,65;;;6
OP-R14P-CRI-COM;OPPO;Reno14 Pro;Cristal de pantalla;Compatible;4,60;;;6
OP-R14P-FPR-COM;OPPO;Reno14 Pro;Flex principal;Compatible;3,80;;;6
OP-R14P-VIB-COM;OPPO;Reno14 Pro;Vibrador;Compatible;4,49;;;6
OP-R14P-ANT-COM;OPPO;Reno14 Pro;Antena / coaxial;Compatible;4,00;;;6
OP-R14P-HUE-COM;OPPO;Reno14 Pro;Botón home / huella;Compatible;6,69;;;6
OP-F29P-MAR-COM;OPPO;F29 Pro;Marco / chasis;Compatible;6,89;;;6
OP-F29P-BOT-COM;OPPO;F29 Pro;Botones laterales;Compatible;3,55;;;6
OP-F29P-CRI-COM;OPPO;F29 Pro;Cristal de pantalla;Compatible;3,50;;;6
OP-F29P-FPR-COM;OPPO;F29 Pro;Flex principal;Compatible;2,90;;;6
OP-F29P-VIB-COM;OPPO;F29 Pro;Vibrador;Compatible;3,40;;;6
OP-F29P-ANT-COM;OPPO;F29 Pro;Antena / coaxial;Compatible;3,05;;;6
OP-F29P-HUE-COM;OPPO;F29 Pro;Botón home / huella;Compatible;5,09;;;6
OP-FX8U-MAR-COM;OPPO;Find X8 Ultra;Marco / chasis;Compatible;10,75;10,43;10,10;6
OP-FX8U-BOT-COM;OPPO;Find X8 Ultra;Botones laterales;Compatible;5,55;;;6
OP-FX8U-CRI-COM;OPPO;Find X8 Ultra;Cristal de pantalla;Compatible;5,50;;;6
OP-FX8U-FPR-COM;OPPO;Find X8 Ultra;Flex principal;Compatible;4,55;;;6
OP-FX8U-VIB-COM;OPPO;Find X8 Ultra;Vibrador;Compatible;5,35;;;6
OP-FX8U-ANT-COM;OPPO;Find X8 Ultra;Antena / coaxial;Compatible;4,79;;;6
OP-FX8U-HUE-COM;OPPO;Find X8 Ultra;Botón home / huella;Compatible;7,95;;;6
OP-FX8U-NFC-COM;OPPO;Find X8 Ultra;NFC y carga inalámbrica;Compatible;10,69;10,37;10,05;6
OP-A5E-MAR-COM;OPPO;A5 Energy;Marco / chasis;Compatible;6,89;;;6
OP-A5E-BOT-COM;OPPO;A5 Energy;Botones laterales;Compatible;3,55;;;6
OP-A5E-CRI-COM;OPPO;A5 Energy;Cristal de pantalla;Compatible;3,50;;;6
OP-A5E-FPR-COM;OPPO;A5 Energy;Flex principal;Compatible;2,90;;;6
OP-A5E-VIB-COM;OPPO;A5 Energy;Vibrador;Compatible;3,40;;;6
OP-A5E-ANT-COM;OPPO;A5 Energy;Antena / coaxial;Compatible;3,05;;;6
OP-A5E-HUE-COM;OPPO;A5 Energy;Botón home / huella;Compatible;5,09;;;6
OP-F29-MAR-COM;OPPO;F29;Marco / chasis;Compatible;6,89;;;6
OP-F29-BOT-COM;OPPO;F29;Botones laterales;Compatible;3,55;;;6
OP-F29-CRI-COM;OPPO;F29;Cristal de pantalla;Compatible;3,50;;;6
OP-F29-FPR-COM;OPPO;F29;Flex principal;Compatible;2,90;;;6
OP-F29-VIB-COM;OPPO;F29;Vibrador;Compatible;3,40;;;6
OP-F29-ANT-COM;OPPO;F29;Antena / coaxial;Compatible;3,05;;;6
OP-F29-HUE-COM;OPPO;F29;Botón home / huella;Compatible;5,09;;;6
OP-FX8-MAR-COM;OPPO;Find X8;Marco / chasis;Compatible;10,75;10,43;10,10;6
OP-FX8-BOT-COM;OPPO;Find X8;Botones laterales;Compatible;5,55;;;6
OP-FX8-CRI-COM;OPPO;Find X8;Cristal de pantalla;Compatible;5,50;;;6
OP-FX8-FPR-COM;OPPO;Find X8;Flex principal;Compatible;4,55;;;6
OP-FX8-VIB-COM;OPPO;Find X8;Vibrador;Compatible;5,35;;;6
OP-FX8-ANT-COM;OPPO;Find X8;Antena / coaxial;Compatible;4,79;;;6
OP-FX8-HUE-COM;OPPO;Find X8;Botón home / huella;Compatible;7,95;;;6
OP-FX8-NFC-COM;OPPO;Find X8;NFC y carga inalámbrica;Compatible;10,69;10,37;10,05;6
OP-A3X-MAR-COM;OPPO;A3x;Marco / chasis;Compatible;6,89;;;6
OP-A3X-BOT-COM;OPPO;A3x;Botones laterales;Compatible;3,55;;;6
OP-A3X-CRI-COM;OPPO;A3x;Cristal de pantalla;Compatible;3,50;;;6
OP-A3X-FPR-COM;OPPO;A3x;Flex principal;Compatible;2,90;;;6
OP-A3X-VIB-COM;OPPO;A3x;Vibrador;Compatible;3,40;;;6
OP-A3X-ANT-COM;OPPO;A3x;Antena / coaxial;Compatible;3,05;;;6
OP-A3X-HUE-COM;OPPO;A3x;Botón home / huella;Compatible;5,09;;;6
OP-A3X5-MAR-COM;OPPO;A3x 5G;Marco / chasis;Compatible;6,89;;;6
OP-A3X5-BOT-COM;OPPO;A3x 5G;Botones laterales;Compatible;3,55;;;6
OP-A3X5-CRI-COM;OPPO;A3x 5G;Cristal de pantalla;Compatible;3,50;;;6
OP-A3X5-FPR-COM;OPPO;A3x 5G;Flex principal;Compatible;2,90;;;6
OP-A3X5-VIB-COM;OPPO;A3x 5G;Vibrador;Compatible;3,40;;;6
OP-A3X5-ANT-COM;OPPO;A3x 5G;Antena / coaxial;Compatible;3,05;;;6
OP-A3X5-HUE-COM;OPPO;A3x 5G;Botón home / huella;Compatible;5,09;;;6
OP-F27PPL-MAR-COM;OPPO;F27 Pro+;Marco / chasis;Compatible;6,89;;;6
OP-F27PPL-BOT-COM;OPPO;F27 Pro+;Botones laterales;Compatible;3,55;;;6
OP-F27PPL-CRI-COM;OPPO;F27 Pro+;Cristal de pantalla;Compatible;3,50;;;6
OP-F27PPL-FPR-COM;OPPO;F27 Pro+;Flex principal;Compatible;2,90;;;6
OP-F27PPL-VIB-COM;OPPO;F27 Pro+;Vibrador;Compatible;3,40;;;6
OP-F27PPL-ANT-COM;OPPO;F27 Pro+;Antena / coaxial;Compatible;3,05;;;6
OP-F27PPL-HUE-COM;OPPO;F27 Pro+;Botón home / huella;Compatible;5,09;;;6
OP-R11A-MAR-COM;OPPO;Reno11 A;Marco / chasis;Compatible;7,90;;;6
OP-R11A-BOT-COM;OPPO;Reno11 A;Botones laterales;Compatible;4,05;;;6
OP-R11A-CRI-COM;OPPO;Reno11 A;Cristal de pantalla;Compatible;4,05;;;6
OP-R11A-FPR-COM;OPPO;Reno11 A;Flex principal;Compatible;3,35;;;6
OP-R11A-VIB-COM;OPPO;Reno11 A;Vibrador;Compatible;3,95;;;6
OP-R11A-ANT-COM;OPPO;Reno11 A;Antena / coaxial;Compatible;3,50;;;6
OP-R11A-HUE-COM;OPPO;Reno11 A;Botón home / huella;Compatible;5,85;;;6
OP-A1I-MAR-COM;OPPO;A1i;Marco / chasis;Compatible;6,89;;;6
OP-A1I-BOT-COM;OPPO;A1i;Botones laterales;Compatible;3,55;;;6
OP-A1I-CRI-COM;OPPO;A1i;Cristal de pantalla;Compatible;3,50;;;6
OP-A1I-FPR-COM;OPPO;A1i;Flex principal;Compatible;2,90;;;6
OP-A1I-VIB-COM;OPPO;A1i;Vibrador;Compatible;3,40;;;6
OP-A1I-ANT-COM;OPPO;A1i;Antena / coaxial;Compatible;3,05;;;6
OP-A1I-HUE-COM;OPPO;A1i;Botón home / huella;Compatible;5,09;;;6
OP-K12-MAR-COM;OPPO;K12;Marco / chasis;Compatible;6,89;;;6
OP-K12-BOT-COM;OPPO;K12;Botones laterales;Compatible;3,55;;;6
OP-K12-CRI-COM;OPPO;K12;Cristal de pantalla;Compatible;3,50;;;6
OP-K12-FPR-COM;OPPO;K12;Flex principal;Compatible;2,90;;;6
OP-K12-VIB-COM;OPPO;K12;Vibrador;Compatible;3,40;;;6
OP-K12-ANT-COM;OPPO;K12;Antena / coaxial;Compatible;3,05;;;6
OP-K12-HUE-COM;OPPO;K12;Botón home / huella;Compatible;5,09;;;6
OP-K12X-MAR-COM;OPPO;K12x;Marco / chasis;Compatible;6,89;;;6
OP-K12X-BOT-COM;OPPO;K12x;Botones laterales;Compatible;3,55;;;6
OP-K12X-CRI-COM;OPPO;K12x;Cristal de pantalla;Compatible;3,50;;;6
OP-K12X-FPR-COM;OPPO;K12x;Flex principal;Compatible;2,90;;;6
OP-K12X-VIB-COM;OPPO;K12x;Vibrador;Compatible;3,40;;;6
OP-K12X-ANT-COM;OPPO;K12x;Antena / coaxial;Compatible;3,05;;;6
OP-K12X-HUE-COM;OPPO;K12x;Botón home / huella;Compatible;5,09;;;6
OP-FX7-MAR-COM;OPPO;Find X7;Marco / chasis;Compatible;10,75;10,43;10,10;6
OP-FX7-BOT-COM;OPPO;Find X7;Botones laterales;Compatible;5,55;;;6
OP-FX7-CRI-COM;OPPO;Find X7;Cristal de pantalla;Compatible;5,50;;;6
OP-FX7-FPR-COM;OPPO;Find X7;Flex principal;Compatible;4,55;;;6
OP-FX7-VIB-COM;OPPO;Find X7;Vibrador;Compatible;5,35;;;6
OP-FX7-ANT-COM;OPPO;Find X7;Antena / coaxial;Compatible;4,79;;;6
OP-FX7-HUE-COM;OPPO;Find X7;Botón home / huella;Compatible;7,95;;;6
OP-FX7-NFC-COM;OPPO;Find X7;NFC y carga inalámbrica;Compatible;10,69;10,37;10,05;6
OP-FX7U-MAR-COM;OPPO;Find X7 Ultra;Marco / chasis;Compatible;10,75;10,43;10,10;6
OP-FX7U-BOT-COM;OPPO;Find X7 Ultra;Botones laterales;Compatible;5,55;;;6
OP-FX7U-CRI-COM;OPPO;Find X7 Ultra;Cristal de pantalla;Compatible;5,50;;;6
OP-FX7U-FPR-COM;OPPO;Find X7 Ultra;Flex principal;Compatible;4,55;;;6
OP-FX7U-VIB-COM;OPPO;Find X7 Ultra;Vibrador;Compatible;5,35;;;6
OP-FX7U-ANT-COM;OPPO;Find X7 Ultra;Antena / coaxial;Compatible;4,79;;;6
OP-FX7U-HUE-COM;OPPO;Find X7 Ultra;Botón home / huella;Compatible;7,95;;;6
OP-FX7U-NFC-COM;OPPO;Find X7 Ultra;NFC y carga inalámbrica;Compatible;10,69;10,37;10,05;6
OP-RENO11-MAR-COM;OPPO;Reno11;Marco / chasis;Compatible;7,90;;;6
OP-RENO11-BOT-COM;OPPO;Reno11;Botones laterales;Compatible;4,05;;;6
OP-RENO11-CRI-COM;OPPO;Reno11;Cristal de pantalla;Compatible;4,05;;;6
OP-RENO11-FPR-COM;OPPO;Reno11;Flex principal;Compatible;3,35;;;6
OP-RENO11-VIB-COM;OPPO;Reno11;Vibrador;Compatible;3,95;;;6
OP-RENO11-ANT-COM;OPPO;Reno11;Antena / coaxial;Compatible;3,50;;;6
OP-RENO11-HUE-COM;OPPO;Reno11;Botón home / huella;Compatible;5,85;;;6
OP-R11P-MAR-COM;OPPO;Reno11 Pro;Marco / chasis;Compatible;9,05;;;6
OP-R11P-BOT-COM;OPPO;Reno11 Pro;Botones laterales;Compatible;4,65;;;6
OP-R11P-CRI-COM;OPPO;Reno11 Pro;Cristal de pantalla;Compatible;4,60;;;6
OP-R11P-FPR-COM;OPPO;Reno11 Pro;Flex principal;Compatible;3,80;;;6
OP-R11P-VIB-COM;OPPO;Reno11 Pro;Vibrador;Compatible;4,49;;;6
OP-R11P-ANT-COM;OPPO;Reno11 Pro;Antena / coaxial;Compatible;4,00;;;6
OP-R11P-HUE-COM;OPPO;Reno11 Pro;Botón home / huella;Compatible;6,69;;;6
OP-A595-MAR-COM;OPPO;A59 5G;Marco / chasis;Compatible;6,25;;;6
OP-A595-BOT-COM;OPPO;A59 5G;Botones laterales;Compatible;3,20;;;6
OP-A595-CRI-COM;OPPO;A59 5G;Cristal de pantalla;Compatible;3,20;;;6
OP-A595-FPR-COM;OPPO;A59 5G;Flex principal;Compatible;2,65;;;6
OP-A595-VIB-COM;OPPO;A59 5G;Vibrador;Compatible;3,10;;;6
OP-A595-ANT-COM;OPPO;A59 5G;Antena / coaxial;Compatible;2,79;;;6
OP-A595-HUE-COM;OPPO;A59 5G;Botón home / huella;Compatible;4,60;;;6
OP-A2X-MAR-COM;OPPO;A2x;Marco / chasis;Compatible;6,25;;;6
OP-A2X-BOT-COM;OPPO;A2x;Botones laterales;Compatible;3,20;;;6
OP-A2X-CRI-COM;OPPO;A2x;Cristal de pantalla;Compatible;3,20;;;6
OP-A2X-FPR-COM;OPPO;A2x;Flex principal;Compatible;2,65;;;6
OP-A2X-VIB-COM;OPPO;A2x;Vibrador;Compatible;3,10;;;6
OP-A2X-ANT-COM;OPPO;A2x;Antena / coaxial;Compatible;2,79;;;6
OP-A2X-HUE-COM;OPPO;A2x;Botón home / huella;Compatible;4,60;;;6
OP-FN3FL-FPR-COM;OPPO;Find N3 Flip;Flex principal;Compatible;5,79;;;6
OP-FN3FL-VIB-COM;OPPO;Find N3 Flip;Vibrador;Compatible;6,79;;;6
OP-FN3FL-ANT-COM;OPPO;Find N3 Flip;Antena / coaxial;Compatible;6,09;;;6
OP-FN3FL-HUE-COM;OPPO;Find N3 Flip;Botón home / huella;Compatible;10,10;9,80;9,49;6
OP-FN3FL-NFC-COM;OPPO;Find N3 Flip;NFC y carga inalámbrica;Compatible;13,60;13,19;12,78;6
OP-K11-MAR-COM;OPPO;K11;Marco / chasis;Compatible;6,25;;;6
OP-K11-BOT-COM;OPPO;K11;Botones laterales;Compatible;3,20;;;6
OP-K11-CRI-COM;OPPO;K11;Cristal de pantalla;Compatible;3,20;;;6
OP-K11-FPR-COM;OPPO;K11;Flex principal;Compatible;2,65;;;6
OP-K11-VIB-COM;OPPO;K11;Vibrador;Compatible;3,10;;;6
OP-K11-ANT-COM;OPPO;K11;Antena / coaxial;Compatible;2,79;;;6
OP-K11-HUE-COM;OPPO;K11;Botón home / huella;Compatible;4,60;;;6
OP-F23-MAR-COM;OPPO;F23;Marco / chasis;Compatible;6,25;;;6
OP-F23-BOT-COM;OPPO;F23;Botones laterales;Compatible;3,20;;;6
OP-F23-CRI-COM;OPPO;F23;Cristal de pantalla;Compatible;3,20;;;6
OP-F23-FPR-COM;OPPO;F23;Flex principal;Compatible;2,65;;;6
OP-F23-VIB-COM;OPPO;F23;Vibrador;Compatible;3,10;;;6
OP-F23-ANT-COM;OPPO;F23;Antena / coaxial;Compatible;2,79;;;6
OP-F23-HUE-COM;OPPO;F23;Botón home / huella;Compatible;4,60;;;6
OP-K11X-MAR-COM;OPPO;K11x;Marco / chasis;Compatible;6,25;;;6
OP-K11X-BOT-COM;OPPO;K11x;Botones laterales;Compatible;3,20;;;6
OP-K11X-CRI-COM;OPPO;K11x;Cristal de pantalla;Compatible;3,20;;;6
OP-K11X-FPR-COM;OPPO;K11x;Flex principal;Compatible;2,65;;;6
OP-K11X-VIB-COM;OPPO;K11x;Vibrador;Compatible;3,10;;;6
OP-K11X-ANT-COM;OPPO;K11x;Antena / coaxial;Compatible;2,79;;;6
OP-K11X-HUE-COM;OPPO;K11x;Botón home / huella;Compatible;4,60;;;6
OP-R10PPL-MAR-COM;OPPO;Reno10 Pro+;Marco / chasis;Compatible;8,20;;;6
OP-R10PPL-BOT-COM;OPPO;Reno10 Pro+;Botones laterales;Compatible;4,20;;;6
OP-R10PPL-CRI-COM;OPPO;Reno10 Pro+;Cristal de pantalla;Compatible;4,20;;;6
OP-R10PPL-FPR-COM;OPPO;Reno10 Pro+;Flex principal;Compatible;3,45;;;6
OP-R10PPL-VIB-COM;OPPO;Reno10 Pro+;Vibrador;Compatible;4,05;;;6
OP-R10PPL-ANT-COM;OPPO;Reno10 Pro+;Antena / coaxial;Compatible;3,65;;;6
OP-R10PPL-HUE-COM;OPPO;Reno10 Pro+;Botón home / huella;Compatible;6,05;;;6
OP-A123-MAR-COM;OPPO;A1 2023;Marco / chasis;Compatible;6,25;;;6
OP-A123-BOT-COM;OPPO;A1 2023;Botones laterales;Compatible;3,20;;;6
OP-A123-CRI-COM;OPPO;A1 2023;Cristal de pantalla;Compatible;3,20;;;6
OP-A123-FPR-COM;OPPO;A1 2023;Flex principal;Compatible;2,65;;;6
OP-A123-VIB-COM;OPPO;A1 2023;Vibrador;Compatible;3,10;;;6
OP-A123-ANT-COM;OPPO;A1 2023;Antena / coaxial;Compatible;2,79;;;6
OP-A123-HUE-COM;OPPO;A1 2023;Botón home / huella;Compatible;4,60;;;6
OP-FX6-MAR-COM;OPPO;Find X6;Marco / chasis;Compatible;9,79;;;6
OP-FX6-BOT-COM;OPPO;Find X6;Botones laterales;Compatible;5,00;;;6
OP-FX6-CRI-COM;OPPO;Find X6;Cristal de pantalla;Compatible;5,00;;;6
OP-FX6-FPR-COM;OPPO;Find X6;Flex principal;Compatible;4,15;;;6
OP-FX6-VIB-COM;OPPO;Find X6;Vibrador;Compatible;4,85;;;6
OP-FX6-ANT-COM;OPPO;Find X6;Antena / coaxial;Compatible;4,35;;;6
OP-FX6-HUE-COM;OPPO;Find X6;Botón home / huella;Compatible;7,25;;;6
OP-FX6-NFC-COM;OPPO;Find X6;NFC y carga inalámbrica;Compatible;9,70;;;6
OP-FX6P-MAR-COM;OPPO;Find X6 Pro;Marco / chasis;Compatible;9,79;;;6
OP-FX6P-BOT-COM;OPPO;Find X6 Pro;Botones laterales;Compatible;5,00;;;6
OP-FX6P-CRI-COM;OPPO;Find X6 Pro;Cristal de pantalla;Compatible;5,00;;;6
OP-FX6P-FPR-COM;OPPO;Find X6 Pro;Flex principal;Compatible;4,15;;;6
OP-FX6P-VIB-COM;OPPO;Find X6 Pro;Vibrador;Compatible;4,85;;;6
OP-FX6P-ANT-COM;OPPO;Find X6 Pro;Antena / coaxial;Compatible;4,35;;;6
OP-FX6P-HUE-COM;OPPO;Find X6 Pro;Botón home / huella;Compatible;7,25;;;6
OP-FX6P-NFC-COM;OPPO;Find X6 Pro;NFC y carga inalámbrica;Compatible;9,70;;;6
OP-A56S-MAR-COM;OPPO;A56s;Marco / chasis;Compatible;6,25;;;6
OP-A56S-BOT-COM;OPPO;A56s;Botones laterales;Compatible;3,20;;;6
OP-A56S-CRI-COM;OPPO;A56s;Cristal de pantalla;Compatible;3,20;;;6
OP-A56S-FPR-COM;OPPO;A56s;Flex principal;Compatible;2,65;;;6
OP-A56S-VIB-COM;OPPO;A56s;Vibrador;Compatible;3,10;;;6
OP-A56S-ANT-COM;OPPO;A56s;Antena / coaxial;Compatible;2,79;;;6
OP-A56S-HUE-COM;OPPO;A56s;Botón home / huella;Compatible;4,60;;;6
OP-A58X-MAR-COM;OPPO;A58x;Marco / chasis;Compatible;6,25;;;6
OP-A58X-BOT-COM;OPPO;A58x;Botones laterales;Compatible;3,20;;;6
OP-A58X-CRI-COM;OPPO;A58x;Cristal de pantalla;Compatible;3,20;;;6
OP-A58X-FPR-COM;OPPO;A58x;Flex principal;Compatible;2,65;;;6
OP-A58X-VIB-COM;OPPO;A58x;Vibrador;Compatible;3,10;;;6
OP-A58X-ANT-COM;OPPO;A58x;Antena / coaxial;Compatible;2,79;;;6
OP-A58X-HUE-COM;OPPO;A58x;Botón home / huella;Compatible;4,60;;;6
OP-FN2-FPR-COM;OPPO;Find N2;Flex principal;Compatible;7,45;;;6
OP-FN2-VIB-COM;OPPO;Find N2;Vibrador;Compatible;8,75;;;6
OP-FN2-ANT-COM;OPPO;Find N2;Antena / coaxial;Compatible;7,85;;;6
OP-FN2-HUE-COM;OPPO;Find N2;Botón home / huella;Compatible;13,00;12,61;12,22;6
OP-FN2-NFC-COM;OPPO;Find N2;NFC y carga inalámbrica;Compatible;17,49;16,97;16,44;6
OP-A1P-MAR-COM;OPPO;A1 Pro;Marco / chasis;Compatible;6,25;;;6
OP-A1P-BOT-COM;OPPO;A1 Pro;Botones laterales;Compatible;3,20;;;6
OP-A1P-CRI-COM;OPPO;A1 Pro;Cristal de pantalla;Compatible;3,20;;;6
OP-A1P-FPR-COM;OPPO;A1 Pro;Flex principal;Compatible;2,65;;;6
OP-A1P-VIB-COM;OPPO;A1 Pro;Vibrador;Compatible;3,10;;;6
OP-A1P-ANT-COM;OPPO;A1 Pro;Antena / coaxial;Compatible;2,79;;;6
OP-A1P-HUE-COM;OPPO;A1 Pro;Botón home / huella;Compatible;4,60;;;6
OP-RENO9-MAR-COM;OPPO;Reno9;Marco / chasis;Compatible;7,20;;;6
OP-RENO9-BOT-COM;OPPO;Reno9;Botones laterales;Compatible;3,70;;;6
OP-RENO9-CRI-COM;OPPO;Reno9;Cristal de pantalla;Compatible;3,69;;;6
OP-RENO9-FPR-COM;OPPO;Reno9;Flex principal;Compatible;3,05;;;6
OP-RENO9-VIB-COM;OPPO;Reno9;Vibrador;Compatible;3,55;;;6
OP-RENO9-ANT-COM;OPPO;Reno9;Antena / coaxial;Compatible;3,20;;;6
OP-RENO9-HUE-COM;OPPO;Reno9;Botón home / huella;Compatible;5,30;;;6
OP-R9P-MAR-COM;OPPO;Reno9 Pro;Marco / chasis;Compatible;8,20;;;6
OP-R9P-BOT-COM;OPPO;Reno9 Pro;Botones laterales;Compatible;4,20;;;6
OP-R9P-CRI-COM;OPPO;Reno9 Pro;Cristal de pantalla;Compatible;4,20;;;6
OP-R9P-FPR-COM;OPPO;Reno9 Pro;Flex principal;Compatible;3,45;;;6
OP-R9P-VIB-COM;OPPO;Reno9 Pro;Vibrador;Compatible;4,05;;;6
OP-R9P-ANT-COM;OPPO;Reno9 Pro;Antena / coaxial;Compatible;3,65;;;6
OP-R9P-HUE-COM;OPPO;Reno9 Pro;Botón home / huella;Compatible;6,05;;;6
OP-R9PPL-MAR-COM;OPPO;Reno9 Pro+;Marco / chasis;Compatible;8,20;;;6
OP-R9PPL-BOT-COM;OPPO;Reno9 Pro+;Botones laterales;Compatible;4,20;;;6
OP-R9PPL-CRI-COM;OPPO;Reno9 Pro+;Cristal de pantalla;Compatible;4,20;;;6
OP-R9PPL-FPR-COM;OPPO;Reno9 Pro+;Flex principal;Compatible;3,45;;;6
OP-R9PPL-VIB-COM;OPPO;Reno9 Pro+;Vibrador;Compatible;4,05;;;6
OP-R9PPL-ANT-COM;OPPO;Reno9 Pro+;Antena / coaxial;Compatible;3,65;;;6
OP-R9PPL-HUE-COM;OPPO;Reno9 Pro+;Botón home / huella;Compatible;6,05;;;6
OP-A17K-MAR-COM;OPPO;A17k;Marco / chasis;Compatible;6,25;;;6
OP-A17K-BOT-COM;OPPO;A17k;Botones laterales;Compatible;3,20;;;6
OP-A17K-CRI-COM;OPPO;A17k;Cristal de pantalla;Compatible;3,20;;;6
OP-A17K-FPR-COM;OPPO;A17k;Flex principal;Compatible;2,65;;;6
OP-A17K-VIB-COM;OPPO;A17k;Vibrador;Compatible;3,10;;;6
OP-A17K-ANT-COM;OPPO;A17k;Antena / coaxial;Compatible;2,79;;;6
OP-A17K-HUE-COM;OPPO;A17k;Botón home / huella;Compatible;4,60;;;6
OP-A77S-MAR-COM;OPPO;A77s;Marco / chasis;Compatible;6,25;;;6
OP-A77S-BOT-COM;OPPO;A77s;Botones laterales;Compatible;3,20;;;6
OP-A77S-CRI-COM;OPPO;A77s;Cristal de pantalla;Compatible;3,20;;;6
OP-A77S-FPR-COM;OPPO;A77s;Flex principal;Compatible;2,65;;;6
OP-A77S-VIB-COM;OPPO;A77s;Vibrador;Compatible;3,10;;;6
OP-A77S-ANT-COM;OPPO;A77s;Antena / coaxial;Compatible;2,79;;;6
OP-A77S-HUE-COM;OPPO;A77s;Botón home / huella;Compatible;4,60;;;6
OP-A2P-MAR-COM;OPPO;A2 Pro;Marco / chasis;Compatible;6,25;;;6
OP-A2P-BOT-COM;OPPO;A2 Pro;Botones laterales;Compatible;3,20;;;6
OP-A2P-CRI-COM;OPPO;A2 Pro;Cristal de pantalla;Compatible;3,20;;;6
OP-A2P-FPR-COM;OPPO;A2 Pro;Flex principal;Compatible;2,65;;;6
OP-A2P-VIB-COM;OPPO;A2 Pro;Vibrador;Compatible;3,10;;;6
OP-A2P-ANT-COM;OPPO;A2 Pro;Antena / coaxial;Compatible;2,79;;;6
OP-A2P-HUE-COM;OPPO;A2 Pro;Botón home / huella;Compatible;4,60;;;6
OP-F21SP5-MAR-COM;OPPO;F21s Pro 5G;Marco / chasis;Compatible;6,25;;;6
OP-F21SP5-BOT-COM;OPPO;F21s Pro 5G;Botones laterales;Compatible;3,20;;;6
OP-F21SP5-CRI-COM;OPPO;F21s Pro 5G;Cristal de pantalla;Compatible;3,20;;;6
OP-F21SP5-FPR-COM;OPPO;F21s Pro 5G;Flex principal;Compatible;2,65;;;6
OP-F21SP5-VIB-COM;OPPO;F21s Pro 5G;Vibrador;Compatible;3,10;;;6
OP-F21SP5-ANT-COM;OPPO;F21s Pro 5G;Antena / coaxial;Compatible;2,79;;;6
OP-F21SP5-HUE-COM;OPPO;F21s Pro 5G;Botón home / huella;Compatible;4,60;;;6
OP-A57E-MAR-COM;OPPO;A57e;Marco / chasis;Compatible;6,25;;;6
OP-A57E-BOT-COM;OPPO;A57e;Botones laterales;Compatible;3,20;;;6
OP-A57E-CRI-COM;OPPO;A57e;Cristal de pantalla;Compatible;3,20;;;6
OP-A57E-FPR-COM;OPPO;A57e;Flex principal;Compatible;2,65;;;6
OP-A57E-VIB-COM;OPPO;A57e;Vibrador;Compatible;3,10;;;6
OP-A57E-ANT-COM;OPPO;A57e;Antena / coaxial;Compatible;2,79;;;6
OP-A57E-HUE-COM;OPPO;A57e;Botón home / huella;Compatible;4,60;;;6
OP-A7722-MAR-COM;OPPO;A77 2022;Marco / chasis;Compatible;6,25;;;6
OP-A7722-BOT-COM;OPPO;A77 2022;Botones laterales;Compatible;3,20;;;6
OP-A7722-CRI-COM;OPPO;A77 2022;Cristal de pantalla;Compatible;3,20;;;6
OP-A7722-FPR-COM;OPPO;A77 2022;Flex principal;Compatible;2,65;;;6
OP-A7722-VIB-COM;OPPO;A77 2022;Vibrador;Compatible;3,10;;;6
OP-A7722-ANT-COM;OPPO;A77 2022;Antena / coaxial;Compatible;2,79;;;6
OP-A7722-HUE-COM;OPPO;A77 2022;Botón home / huella;Compatible;4,60;;;6
OP-A97-MAR-COM;OPPO;A97;Marco / chasis;Compatible;7,20;;;6
OP-A97-BOT-COM;OPPO;A97;Botones laterales;Compatible;3,70;;;6
OP-A97-CRI-COM;OPPO;A97;Cristal de pantalla;Compatible;3,69;;;6
OP-A97-FPR-COM;OPPO;A97;Flex principal;Compatible;3,05;;;6
OP-A97-VIB-COM;OPPO;A97;Vibrador;Compatible;3,55;;;6
OP-A97-ANT-COM;OPPO;A97;Antena / coaxial;Compatible;3,20;;;6
OP-A97-HUE-COM;OPPO;A97;Botón home / huella;Compatible;5,30;;;6
OP-R7A-MAR-COM;OPPO;Reno7 A;Marco / chasis;Compatible;7,20;;;6
OP-R7A-BOT-COM;OPPO;Reno7 A;Botones laterales;Compatible;3,70;;;6
OP-R7A-CRI-COM;OPPO;Reno7 A;Cristal de pantalla;Compatible;3,69;;;6
OP-R7A-FPR-COM;OPPO;Reno7 A;Flex principal;Compatible;3,05;;;6
OP-R7A-VIB-COM;OPPO;Reno7 A;Vibrador;Compatible;3,55;;;6
OP-R7A-ANT-COM;OPPO;Reno7 A;Antena / coaxial;Compatible;3,20;;;6
OP-R7A-HUE-COM;OPPO;Reno7 A;Botón home / huella;Compatible;5,30;;;6
OP-A55S-MAR-COM;OPPO;A55s;Marco / chasis;Compatible;6,25;;;6
OP-A55S-BOT-COM;OPPO;A55s;Botones laterales;Compatible;3,20;;;6
OP-A55S-CRI-COM;OPPO;A55s;Cristal de pantalla;Compatible;3,20;;;6
OP-A55S-FPR-COM;OPPO;A55s;Flex principal;Compatible;2,65;;;6
OP-A55S-VIB-COM;OPPO;A55s;Vibrador;Compatible;3,10;;;6
OP-A55S-ANT-COM;OPPO;A55s;Antena / coaxial;Compatible;2,79;;;6
OP-A55S-HUE-COM;OPPO;A55s;Botón home / huella;Compatible;4,60;;;6
OP-A575-MAR-COM;OPPO;A57 5G;Marco / chasis;Compatible;6,25;;;6
OP-A575-BOT-COM;OPPO;A57 5G;Botones laterales;Compatible;3,20;;;6
OP-A575-CRI-COM;OPPO;A57 5G;Cristal de pantalla;Compatible;3,20;;;6
OP-A575-FPR-COM;OPPO;A57 5G;Flex principal;Compatible;2,65;;;6
OP-A575-VIB-COM;OPPO;A57 5G;Vibrador;Compatible;3,10;;;6
OP-A575-ANT-COM;OPPO;A57 5G;Antena / coaxial;Compatible;2,79;;;6
OP-A575-HUE-COM;OPPO;A57 5G;Botón home / huella;Compatible;4,60;;;6
OP-A16E-MAR-COM;OPPO;A16e;Marco / chasis;Compatible;6,25;;;6
OP-A16E-BOT-COM;OPPO;A16e;Botones laterales;Compatible;3,20;;;6
OP-A16E-CRI-COM;OPPO;A16e;Cristal de pantalla;Compatible;3,20;;;6
OP-A16E-FPR-COM;OPPO;A16e;Flex principal;Compatible;2,65;;;6
OP-A16E-VIB-COM;OPPO;A16e;Vibrador;Compatible;3,10;;;6
OP-A16E-ANT-COM;OPPO;A16e;Antena / coaxial;Compatible;2,79;;;6
OP-A16E-HUE-COM;OPPO;A16e;Botón home / huella;Compatible;4,60;;;6
OP-K10-MAR-COM;OPPO;K10;Marco / chasis;Compatible;6,25;;;6
OP-K10-BOT-COM;OPPO;K10;Botones laterales;Compatible;3,20;;;6
OP-K10-CRI-COM;OPPO;K10;Cristal de pantalla;Compatible;3,20;;;6
OP-K10-FPR-COM;OPPO;K10;Flex principal;Compatible;2,65;;;6
OP-K10-VIB-COM;OPPO;K10;Vibrador;Compatible;3,10;;;6
OP-K10-ANT-COM;OPPO;K10;Antena / coaxial;Compatible;2,79;;;6
OP-K10-HUE-COM;OPPO;K10;Botón home / huella;Compatible;4,60;;;6
OP-A36-MAR-COM;OPPO;A36;Marco / chasis;Compatible;6,25;;;6
OP-A36-BOT-COM;OPPO;A36;Botones laterales;Compatible;3,20;;;6
OP-A36-CRI-COM;OPPO;A36;Cristal de pantalla;Compatible;3,20;;;6
OP-A36-FPR-COM;OPPO;A36;Flex principal;Compatible;2,65;;;6
OP-A36-VIB-COM;OPPO;A36;Vibrador;Compatible;3,10;;;6
OP-A36-ANT-COM;OPPO;A36;Antena / coaxial;Compatible;2,79;;;6
OP-A36-HUE-COM;OPPO;A36;Botón home / huella;Compatible;4,60;;;6
OP-R6L-MAR-COM;OPPO;Reno6 Lite;Marco / chasis;Compatible;7,20;;;6
OP-R6L-BOT-COM;OPPO;Reno6 Lite;Botones laterales;Compatible;3,70;;;6
OP-R6L-CRI-COM;OPPO;Reno6 Lite;Cristal de pantalla;Compatible;3,69;;;6
OP-R6L-FPR-COM;OPPO;Reno6 Lite;Flex principal;Compatible;3,05;;;6
OP-R6L-VIB-COM;OPPO;Reno6 Lite;Vibrador;Compatible;3,55;;;6
OP-R6L-ANT-COM;OPPO;Reno6 Lite;Antena / coaxial;Compatible;3,20;;;6
OP-R6L-HUE-COM;OPPO;Reno6 Lite;Botón home / huella;Compatible;5,30;;;6
OP-A11S-MAR-COM;OPPO;A11s;Marco / chasis;Compatible;6,25;;;6
OP-A11S-BOT-COM;OPPO;A11s;Botones laterales;Compatible;3,20;;;6
OP-A11S-CRI-COM;OPPO;A11s;Cristal de pantalla;Compatible;3,20;;;6
OP-A11S-FPR-COM;OPPO;A11s;Flex principal;Compatible;2,65;;;6
OP-A11S-VIB-COM;OPPO;A11s;Vibrador;Compatible;3,10;;;6
OP-A11S-ANT-COM;OPPO;A11s;Antena / coaxial;Compatible;2,79;;;6
OP-A11S-HUE-COM;OPPO;A11s;Botón home / huella;Compatible;4,60;;;6
OP-FN-FPR-COM;OPPO;Find N;Flex principal;Compatible;7,45;;;6
OP-FN-VIB-COM;OPPO;Find N;Vibrador;Compatible;8,75;;;6
OP-FN-ANT-COM;OPPO;Find N;Antena / coaxial;Compatible;7,85;;;6
OP-FN-HUE-COM;OPPO;Find N;Botón home / huella;Compatible;13,00;12,61;12,22;6
OP-FN-NFC-COM;OPPO;Find N;NFC y carga inalámbrica;Compatible;17,49;16,97;16,44;6
OP-K9X-MAR-COM;OPPO;K9x;Marco / chasis;Compatible;6,25;;;6
OP-K9X-BOT-COM;OPPO;K9x;Botones laterales;Compatible;3,20;;;6
OP-K9X-CRI-COM;OPPO;K9x;Cristal de pantalla;Compatible;3,20;;;6
OP-K9X-FPR-COM;OPPO;K9x;Flex principal;Compatible;2,65;;;6
OP-K9X-VIB-COM;OPPO;K9x;Vibrador;Compatible;3,10;;;6
OP-K9X-ANT-COM;OPPO;K9x;Antena / coaxial;Compatible;2,79;;;6
OP-K9X-HUE-COM;OPPO;K9x;Botón home / huella;Compatible;4,60;;;6
OP-A16K-MAR-COM;OPPO;A16k;Marco / chasis;Compatible;6,25;;;6
OP-A16K-BOT-COM;OPPO;A16k;Botones laterales;Compatible;3,20;;;6
OP-A16K-CRI-COM;OPPO;A16k;Cristal de pantalla;Compatible;3,20;;;6
OP-A16K-FPR-COM;OPPO;A16k;Flex principal;Compatible;2,65;;;6
OP-A16K-VIB-COM;OPPO;A16k;Vibrador;Compatible;3,10;;;6
OP-A16K-ANT-COM;OPPO;A16k;Antena / coaxial;Compatible;2,79;;;6
OP-A16K-HUE-COM;OPPO;A16k;Botón home / huella;Compatible;4,60;;;6
OP-A565-MAR-COM;OPPO;A56 5G;Marco / chasis;Compatible;6,25;;;6
OP-A565-BOT-COM;OPPO;A56 5G;Botones laterales;Compatible;3,20;;;6
OP-A565-CRI-COM;OPPO;A56 5G;Cristal de pantalla;Compatible;3,20;;;6
OP-A565-FPR-COM;OPPO;A56 5G;Flex principal;Compatible;2,65;;;6
OP-A565-VIB-COM;OPPO;A56 5G;Vibrador;Compatible;3,10;;;6
OP-A565-ANT-COM;OPPO;A56 5G;Antena / coaxial;Compatible;2,79;;;6
OP-A565-HUE-COM;OPPO;A56 5G;Botón home / huella;Compatible;4,60;;;6
OP-R7P-MAR-COM;OPPO;Reno7 Pro;Marco / chasis;Compatible;8,20;;;6
OP-R7P-BOT-COM;OPPO;Reno7 Pro;Botones laterales;Compatible;4,20;;;6
OP-R7P-CRI-COM;OPPO;Reno7 Pro;Cristal de pantalla;Compatible;4,20;;;6
OP-R7P-FPR-COM;OPPO;Reno7 Pro;Flex principal;Compatible;3,45;;;6
OP-R7P-VIB-COM;OPPO;Reno7 Pro;Vibrador;Compatible;4,05;;;6
OP-R7P-ANT-COM;OPPO;Reno7 Pro;Antena / coaxial;Compatible;3,65;;;6
OP-R7P-HUE-COM;OPPO;Reno7 Pro;Botón home / huella;Compatible;6,05;;;6
OP-R7SE-MAR-COM;OPPO;Reno7 SE;Marco / chasis;Compatible;7,20;;;6
OP-R7SE-BOT-COM;OPPO;Reno7 SE;Botones laterales;Compatible;3,70;;;6
OP-R7SE-CRI-COM;OPPO;Reno7 SE;Cristal de pantalla;Compatible;3,69;;;6
OP-R7SE-FPR-COM;OPPO;Reno7 SE;Flex principal;Compatible;3,05;;;6
OP-R7SE-VIB-COM;OPPO;Reno7 SE;Vibrador;Compatible;3,55;;;6
OP-R7SE-ANT-COM;OPPO;Reno7 SE;Antena / coaxial;Compatible;3,20;;;6
OP-R7SE-HUE-COM;OPPO;Reno7 SE;Botón home / huella;Compatible;5,30;;;6
OP-K9S-MAR-COM;OPPO;K9s;Marco / chasis;Compatible;6,25;;;6
OP-K9S-BOT-COM;OPPO;K9s;Botones laterales;Compatible;3,20;;;6
OP-K9S-CRI-COM;OPPO;K9s;Cristal de pantalla;Compatible;3,20;;;6
OP-K9S-FPR-COM;OPPO;K9s;Flex principal;Compatible;2,65;;;6
OP-K9S-VIB-COM;OPPO;K9s;Vibrador;Compatible;3,10;;;6
OP-K9S-ANT-COM;OPPO;K9s;Antena / coaxial;Compatible;2,79;;;6
OP-K9S-HUE-COM;OPPO;K9s;Botón home / huella;Compatible;4,60;;;6
OP-F19S-MAR-COM;OPPO;F19s;Marco / chasis;Compatible;6,25;;;6
OP-F19S-BOT-COM;OPPO;F19s;Botones laterales;Compatible;3,20;;;6
OP-F19S-CRI-COM;OPPO;F19s;Cristal de pantalla;Compatible;3,20;;;6
OP-F19S-FPR-COM;OPPO;F19s;Flex principal;Compatible;2,65;;;6
OP-F19S-VIB-COM;OPPO;F19s;Vibrador;Compatible;3,10;;;6
OP-F19S-ANT-COM;OPPO;F19s;Antena / coaxial;Compatible;2,79;;;6
OP-F19S-HUE-COM;OPPO;F19s;Botón home / huella;Compatible;4,60;;;6
OP-K9P-MAR-COM;OPPO;K9 Pro;Marco / chasis;Compatible;6,25;;;6
OP-K9P-BOT-COM;OPPO;K9 Pro;Botones laterales;Compatible;3,20;;;6
OP-K9P-CRI-COM;OPPO;K9 Pro;Cristal de pantalla;Compatible;3,20;;;6
OP-K9P-FPR-COM;OPPO;K9 Pro;Flex principal;Compatible;2,65;;;6
OP-K9P-VIB-COM;OPPO;K9 Pro;Vibrador;Compatible;3,10;;;6
OP-K9P-ANT-COM;OPPO;K9 Pro;Antena / coaxial;Compatible;2,79;;;6
OP-K9P-HUE-COM;OPPO;K9 Pro;Botón home / huella;Compatible;4,60;;;6
OP-R6Z-MAR-COM;OPPO;Reno6 Z;Marco / chasis;Compatible;7,20;;;6
OP-R6Z-BOT-COM;OPPO;Reno6 Z;Botones laterales;Compatible;3,70;;;6
OP-R6Z-CRI-COM;OPPO;Reno6 Z;Cristal de pantalla;Compatible;3,69;;;6
OP-R6Z-FPR-COM;OPPO;Reno6 Z;Flex principal;Compatible;3,05;;;6
OP-R6Z-VIB-COM;OPPO;Reno6 Z;Vibrador;Compatible;3,55;;;6
OP-R6Z-ANT-COM;OPPO;Reno6 Z;Antena / coaxial;Compatible;3,20;;;6
OP-R6Z-HUE-COM;OPPO;Reno6 Z;Botón home / huella;Compatible;5,30;;;6
OP-A93S5-MAR-COM;OPPO;A93s 5G;Marco / chasis;Compatible;7,20;;;6
OP-A93S5-BOT-COM;OPPO;A93s 5G;Botones laterales;Compatible;3,70;;;6
OP-A93S5-CRI-COM;OPPO;A93s 5G;Cristal de pantalla;Compatible;3,69;;;6
OP-A93S5-FPR-COM;OPPO;A93s 5G;Flex principal;Compatible;3,05;;;6
OP-A93S5-VIB-COM;OPPO;A93s 5G;Vibrador;Compatible;3,55;;;6
OP-A93S5-ANT-COM;OPPO;A93s 5G;Antena / coaxial;Compatible;3,20;;;6
OP-A93S5-HUE-COM;OPPO;A93s 5G;Botón home / huella;Compatible;5,30;;;6
OP-R6PPL5-MAR-COM;OPPO;Reno6 Pro+ 5G;Marco / chasis;Compatible;8,20;;;6
OP-R6PPL5-BOT-COM;OPPO;Reno6 Pro+ 5G;Botones laterales;Compatible;4,20;;;6
OP-R6PPL5-CRI-COM;OPPO;Reno6 Pro+ 5G;Cristal de pantalla;Compatible;4,20;;;6
OP-R6PPL5-FPR-COM;OPPO;Reno6 Pro+ 5G;Flex principal;Compatible;3,45;;;6
OP-R6PPL5-VIB-COM;OPPO;Reno6 Pro+ 5G;Vibrador;Compatible;4,05;;;6
OP-R6PPL5-ANT-COM;OPPO;Reno6 Pro+ 5G;Antena / coaxial;Compatible;3,65;;;6
OP-R6PPL5-HUE-COM;OPPO;Reno6 Pro+ 5G;Botón home / huella;Compatible;6,05;;;6
OP-A53S5-MAR-COM;OPPO;A53s 5G;Marco / chasis;Compatible;6,25;;;6
OP-A53S5-BOT-COM;OPPO;A53s 5G;Botones laterales;Compatible;3,20;;;6
OP-A53S5-CRI-COM;OPPO;A53s 5G;Cristal de pantalla;Compatible;3,20;;;6
OP-A53S5-FPR-COM;OPPO;A53s 5G;Flex principal;Compatible;2,65;;;6
OP-A53S5-VIB-COM;OPPO;A53s 5G;Vibrador;Compatible;3,10;;;6
OP-A53S5-ANT-COM;OPPO;A53s 5G;Antena / coaxial;Compatible;2,79;;;6
OP-A53S5-HUE-COM;OPPO;A53s 5G;Botón home / huella;Compatible;4,60;;;6
OP-A955-MAR-COM;OPPO;A95 5G;Marco / chasis;Compatible;7,20;;;6
OP-A955-BOT-COM;OPPO;A95 5G;Botones laterales;Compatible;3,70;;;6
OP-A955-CRI-COM;OPPO;A95 5G;Cristal de pantalla;Compatible;3,69;;;6
OP-A955-FPR-COM;OPPO;A95 5G;Flex principal;Compatible;3,05;;;6
OP-A955-VIB-COM;OPPO;A95 5G;Vibrador;Compatible;3,55;;;6
OP-A955-ANT-COM;OPPO;A95 5G;Antena / coaxial;Compatible;3,20;;;6
OP-A955-HUE-COM;OPPO;A95 5G;Botón home / huella;Compatible;5,30;;;6
OP-K9-MAR-COM;OPPO;K9;Marco / chasis;Compatible;6,25;;;6
OP-K9-BOT-COM;OPPO;K9;Botones laterales;Compatible;3,20;;;6
OP-K9-CRI-COM;OPPO;K9;Cristal de pantalla;Compatible;3,20;;;6
OP-K9-FPR-COM;OPPO;K9;Flex principal;Compatible;2,65;;;6
OP-K9-VIB-COM;OPPO;K9;Vibrador;Compatible;3,10;;;6
OP-K9-ANT-COM;OPPO;K9;Antena / coaxial;Compatible;2,79;;;6
OP-K9-HUE-COM;OPPO;K9;Botón home / huella;Compatible;4,60;;;6
OP-R5A-MAR-COM;OPPO;Reno5 A;Marco / chasis;Compatible;7,20;;;6
OP-R5A-BOT-COM;OPPO;Reno5 A;Botones laterales;Compatible;3,70;;;6
OP-R5A-CRI-COM;OPPO;Reno5 A;Cristal de pantalla;Compatible;3,69;;;6
OP-R5A-FPR-COM;OPPO;Reno5 A;Flex principal;Compatible;3,05;;;6
OP-R5A-VIB-COM;OPPO;Reno5 A;Vibrador;Compatible;3,55;;;6
OP-R5A-ANT-COM;OPPO;Reno5 A;Antena / coaxial;Compatible;3,20;;;6
OP-R5A-HUE-COM;OPPO;Reno5 A;Botón home / huella;Compatible;5,30;;;6
OP-A35-MAR-COM;OPPO;A35;Marco / chasis;Compatible;6,25;;;6
OP-A35-BOT-COM;OPPO;A35;Botones laterales;Compatible;3,20;;;6
OP-A35-CRI-COM;OPPO;A35;Cristal de pantalla;Compatible;3,20;;;6
OP-A35-FPR-COM;OPPO;A35;Flex principal;Compatible;2,65;;;6
OP-A35-VIB-COM;OPPO;A35;Vibrador;Compatible;3,10;;;6
OP-A35-ANT-COM;OPPO;A35;Antena / coaxial;Compatible;2,79;;;6
OP-A35-HUE-COM;OPPO;A35;Botón home / huella;Compatible;4,60;;;6
OP-F19-MAR-COM;OPPO;F19;Marco / chasis;Compatible;6,25;;;6
OP-F19-BOT-COM;OPPO;F19;Botones laterales;Compatible;3,20;;;6
OP-F19-CRI-COM;OPPO;F19;Cristal de pantalla;Compatible;3,20;;;6
OP-F19-FPR-COM;OPPO;F19;Flex principal;Compatible;2,65;;;6
OP-F19-VIB-COM;OPPO;F19;Vibrador;Compatible;3,10;;;6
OP-F19-ANT-COM;OPPO;F19;Antena / coaxial;Compatible;2,79;;;6
OP-F19-HUE-COM;OPPO;F19;Botón home / huella;Compatible;4,60;;;6
OP-A552-MAR-COM;OPPO;A55;Marco / chasis;Compatible;6,25;;;6
OP-A552-BOT-COM;OPPO;A55;Botones laterales;Compatible;3,20;;;6
OP-A552-CRI-COM;OPPO;A55;Cristal de pantalla;Compatible;3,20;;;6
OP-A552-FPR-COM;OPPO;A55;Flex principal;Compatible;2,65;;;6
OP-A552-VIB-COM;OPPO;A55;Vibrador;Compatible;3,10;;;6
OP-A552-ANT-COM;OPPO;A55;Antena / coaxial;Compatible;2,79;;;6
OP-A552-HUE-COM;OPPO;A55;Botón home / huella;Compatible;4,60;;;6
OP-F19P-MAR-COM;OPPO;F19 Pro;Marco / chasis;Compatible;6,25;;;6
OP-F19P-BOT-COM;OPPO;F19 Pro;Botones laterales;Compatible;3,20;;;6
OP-F19P-CRI-COM;OPPO;F19 Pro;Cristal de pantalla;Compatible;3,20;;;6
OP-F19P-FPR-COM;OPPO;F19 Pro;Flex principal;Compatible;2,65;;;6
OP-F19P-VIB-COM;OPPO;F19 Pro;Vibrador;Compatible;3,10;;;6
OP-F19P-ANT-COM;OPPO;F19 Pro;Antena / coaxial;Compatible;2,79;;;6
OP-F19P-HUE-COM;OPPO;F19 Pro;Botón home / huella;Compatible;4,60;;;6
OP-F19PPL5-MAR-COM;OPPO;F19 Pro+ 5G;Marco / chasis;Compatible;6,25;;;6
OP-F19PPL5-BOT-COM;OPPO;F19 Pro+ 5G;Botones laterales;Compatible;3,20;;;6
OP-F19PPL5-CRI-COM;OPPO;F19 Pro+ 5G;Cristal de pantalla;Compatible;3,20;;;6
OP-F19PPL5-FPR-COM;OPPO;F19 Pro+ 5G;Flex principal;Compatible;2,65;;;6
OP-F19PPL5-VIB-COM;OPPO;F19 Pro+ 5G;Vibrador;Compatible;3,10;;;6
OP-F19PPL5-ANT-COM;OPPO;F19 Pro+ 5G;Antena / coaxial;Compatible;2,79;;;6
OP-F19PPL5-HUE-COM;OPPO;F19 Pro+ 5G;Botón home / huella;Compatible;4,60;;;6
OP-FX3-MAR-COM;OPPO;Find X3;Marco / chasis;Compatible;9,79;;;6
OP-FX3-BOT-COM;OPPO;Find X3;Botones laterales;Compatible;5,00;;;6
OP-FX3-CRI-COM;OPPO;Find X3;Cristal de pantalla;Compatible;5,00;;;6
OP-FX3-FPR-COM;OPPO;Find X3;Flex principal;Compatible;4,15;;;6
OP-FX3-VIB-COM;OPPO;Find X3;Vibrador;Compatible;4,85;;;6
OP-FX3-ANT-COM;OPPO;Find X3;Antena / coaxial;Compatible;4,35;;;6
OP-FX3-HUE-COM;OPPO;Find X3;Botón home / huella;Compatible;7,25;;;6
OP-FX3-NFC-COM;OPPO;Find X3;NFC y carga inalámbrica;Compatible;9,70;;;6
OP-FX3NEOL-MAR-COM;OPPO;Find X3 Neo Lite;Marco / chasis;Compatible;8,20;;;6
OP-FX3NEOL-BOT-COM;OPPO;Find X3 Neo Lite;Botones laterales;Compatible;4,20;;;6
OP-FX3NEOL-CRI-COM;OPPO;Find X3 Neo Lite;Cristal de pantalla;Compatible;4,20;;;6
OP-FX3NEOL-FPR-COM;OPPO;Find X3 Neo Lite;Flex principal;Compatible;3,45;;;6
OP-FX3NEOL-VIB-COM;OPPO;Find X3 Neo Lite;Vibrador;Compatible;4,05;;;6
OP-FX3NEOL-ANT-COM;OPPO;Find X3 Neo Lite;Antena / coaxial;Compatible;3,65;;;6
OP-FX3NEOL-HUE-COM;OPPO;Find X3 Neo Lite;Botón home / huella;Compatible;6,05;;;6
OP-R5K-MAR-COM;OPPO;Reno5 K;Marco / chasis;Compatible;7,20;;;6
OP-R5K-BOT-COM;OPPO;Reno5 K;Botones laterales;Compatible;3,70;;;6
OP-R5K-CRI-COM;OPPO;Reno5 K;Cristal de pantalla;Compatible;3,69;;;6
OP-R5K-FPR-COM;OPPO;Reno5 K;Flex principal;Compatible;3,05;;;6
OP-R5K-VIB-COM;OPPO;Reno5 K;Vibrador;Compatible;3,55;;;6
OP-R5K-ANT-COM;OPPO;Reno5 K;Antena / coaxial;Compatible;3,20;;;6
OP-R5K-HUE-COM;OPPO;Reno5 K;Botón home / huella;Compatible;5,30;;;6
OP-A555-MAR-COM;OPPO;A55 5G;Marco / chasis;Compatible;6,25;;;6
OP-A555-BOT-COM;OPPO;A55 5G;Botones laterales;Compatible;3,20;;;6
OP-A555-CRI-COM;OPPO;A55 5G;Cristal de pantalla;Compatible;3,20;;;6
OP-A555-FPR-COM;OPPO;A55 5G;Flex principal;Compatible;2,65;;;6
OP-A555-VIB-COM;OPPO;A55 5G;Vibrador;Compatible;3,10;;;6
OP-A555-ANT-COM;OPPO;A55 5G;Antena / coaxial;Compatible;2,79;;;6
OP-A555-HUE-COM;OPPO;A55 5G;Botón home / huella;Compatible;4,60;;;6
OP-A935-MAR-COM;OPPO;A93 5G;Marco / chasis;Compatible;7,20;;;6
OP-A935-BOT-COM;OPPO;A93 5G;Botones laterales;Compatible;3,70;;;6
OP-A935-CRI-COM;OPPO;A93 5G;Cristal de pantalla;Compatible;3,69;;;6
OP-A935-FPR-COM;OPPO;A93 5G;Flex principal;Compatible;3,05;;;6
OP-A935-VIB-COM;OPPO;A93 5G;Vibrador;Compatible;3,55;;;6
OP-A935-ANT-COM;OPPO;A93 5G;Antena / coaxial;Compatible;3,20;;;6
OP-A935-HUE-COM;OPPO;A93 5G;Botón home / huella;Compatible;5,30;;;6
OP-R54-MAR-COM;OPPO;Reno5 4G;Marco / chasis;Compatible;7,20;;;6
OP-R54-BOT-COM;OPPO;Reno5 4G;Botones laterales;Compatible;3,70;;;6
OP-R54-CRI-COM;OPPO;Reno5 4G;Cristal de pantalla;Compatible;3,69;;;6
OP-R54-FPR-COM;OPPO;Reno5 4G;Flex principal;Compatible;3,05;;;6
OP-R54-VIB-COM;OPPO;Reno5 4G;Vibrador;Compatible;3,55;;;6
OP-R54-ANT-COM;OPPO;Reno5 4G;Antena / coaxial;Compatible;3,20;;;6
OP-R54-HUE-COM;OPPO;Reno5 4G;Botón home / huella;Compatible;5,30;;;6
OP-R5P5-MAR-COM;OPPO;Reno5 Pro 5G;Marco / chasis;Compatible;8,20;;;6
OP-R5P5-BOT-COM;OPPO;Reno5 Pro 5G;Botones laterales;Compatible;4,20;;;6
OP-R5P5-CRI-COM;OPPO;Reno5 Pro 5G;Cristal de pantalla;Compatible;4,20;;;6
OP-R5P5-FPR-COM;OPPO;Reno5 Pro 5G;Flex principal;Compatible;3,45;;;6
OP-R5P5-VIB-COM;OPPO;Reno5 Pro 5G;Vibrador;Compatible;4,05;;;6
OP-R5P5-ANT-COM;OPPO;Reno5 Pro 5G;Antena / coaxial;Compatible;3,65;;;6
OP-R5P5-HUE-COM;OPPO;Reno5 Pro 5G;Botón home / huella;Compatible;6,05;;;6
OP-A535-MAR-COM;OPPO;A53 5G;Marco / chasis;Compatible;6,25;;;6
OP-A535-BOT-COM;OPPO;A53 5G;Botones laterales;Compatible;3,20;;;6
OP-A535-CRI-COM;OPPO;A53 5G;Cristal de pantalla;Compatible;3,20;;;6
OP-A535-FPR-COM;OPPO;A53 5G;Flex principal;Compatible;2,65;;;6
OP-A535-VIB-COM;OPPO;A53 5G;Vibrador;Compatible;3,10;;;6
OP-A535-ANT-COM;OPPO;A53 5G;Antena / coaxial;Compatible;2,79;;;6
OP-A535-HUE-COM;OPPO;A53 5G;Botón home / huella;Compatible;4,60;;;6
OP-A7320-MAR-COM;OPPO;A73 2020;Marco / chasis;Compatible;6,25;;;6
OP-A7320-BOT-COM;OPPO;A73 2020;Botones laterales;Compatible;3,20;;;6
OP-A7320-CRI-COM;OPPO;A73 2020;Cristal de pantalla;Compatible;3,20;;;6
OP-A7320-FPR-COM;OPPO;A73 2020;Flex principal;Compatible;2,65;;;6
OP-A7320-VIB-COM;OPPO;A73 2020;Vibrador;Compatible;3,10;;;6
OP-A7320-ANT-COM;OPPO;A73 2020;Antena / coaxial;Compatible;2,79;;;6
OP-A7320-HUE-COM;OPPO;A73 2020;Botón home / huella;Compatible;4,60;;;6
OP-A93-MAR-COM;OPPO;A93;Marco / chasis;Compatible;7,20;;;6
OP-A93-BOT-COM;OPPO;A93;Botones laterales;Compatible;3,70;;;6
OP-A93-CRI-COM;OPPO;A93;Cristal de pantalla;Compatible;3,69;;;6
OP-A93-FPR-COM;OPPO;A93;Flex principal;Compatible;3,05;;;6
OP-A93-VIB-COM;OPPO;A93;Vibrador;Compatible;3,55;;;6
OP-A93-ANT-COM;OPPO;A93;Antena / coaxial;Compatible;3,20;;;6
OP-A93-HUE-COM;OPPO;A93;Botón home / huella;Compatible;5,30;;;6
OP-R4F-MAR-COM;OPPO;Reno4 F;Marco / chasis;Compatible;7,20;;;6
OP-R4F-BOT-COM;OPPO;Reno4 F;Botones laterales;Compatible;3,70;;;6
OP-R4F-CRI-COM;OPPO;Reno4 F;Cristal de pantalla;Compatible;3,69;;;6
OP-R4F-FPR-COM;OPPO;Reno4 F;Flex principal;Compatible;3,05;;;6
OP-R4F-VIB-COM;OPPO;Reno4 F;Vibrador;Compatible;3,55;;;6
OP-R4F-ANT-COM;OPPO;Reno4 F;Antena / coaxial;Compatible;3,20;;;6
OP-R4F-HUE-COM;OPPO;Reno4 F;Botón home / huella;Compatible;5,30;;;6
OP-A3320-MAR-COM;OPPO;A33 2020;Marco / chasis;Compatible;6,25;;;6
OP-A3320-BOT-COM;OPPO;A33 2020;Botones laterales;Compatible;3,20;;;6
OP-A3320-CRI-COM;OPPO;A33 2020;Cristal de pantalla;Compatible;3,20;;;6
OP-A3320-FPR-COM;OPPO;A33 2020;Flex principal;Compatible;2,65;;;6
OP-A3320-VIB-COM;OPPO;A33 2020;Vibrador;Compatible;3,10;;;6
OP-A3320-ANT-COM;OPPO;A33 2020;Antena / coaxial;Compatible;2,79;;;6
OP-A3320-HUE-COM;OPPO;A33 2020;Botón home / huella;Compatible;4,60;;;6
OP-R4SE-MAR-COM;OPPO;Reno4 SE;Marco / chasis;Compatible;7,20;;;6
OP-R4SE-BOT-COM;OPPO;Reno4 SE;Botones laterales;Compatible;3,70;;;6
OP-R4SE-CRI-COM;OPPO;Reno4 SE;Cristal de pantalla;Compatible;3,69;;;6
OP-R4SE-FPR-COM;OPPO;Reno4 SE;Flex principal;Compatible;3,05;;;6
OP-R4SE-VIB-COM;OPPO;Reno4 SE;Vibrador;Compatible;3,55;;;6
OP-R4SE-ANT-COM;OPPO;Reno4 SE;Antena / coaxial;Compatible;3,20;;;6
OP-R4SE-HUE-COM;OPPO;Reno4 SE;Botón home / huella;Compatible;5,30;;;6
OP-A12S-MAR-COM;OPPO;A12s;Marco / chasis;Compatible;6,25;;;6
OP-A12S-BOT-COM;OPPO;A12s;Botones laterales;Compatible;3,20;;;6
OP-A12S-CRI-COM;OPPO;A12s;Cristal de pantalla;Compatible;3,20;;;6
OP-A12S-FPR-COM;OPPO;A12s;Flex principal;Compatible;2,65;;;6
OP-A12S-VIB-COM;OPPO;A12s;Vibrador;Compatible;3,10;;;6
OP-A12S-ANT-COM;OPPO;A12s;Antena / coaxial;Compatible;2,79;;;6
OP-A12S-HUE-COM;OPPO;A12s;Botón home / huella;Compatible;4,60;;;6
OP-A11K-MAR-COM;OPPO;A11k;Marco / chasis;Compatible;6,25;;;6
OP-A11K-BOT-COM;OPPO;A11k;Botones laterales;Compatible;3,20;;;6
OP-A11K-CRI-COM;OPPO;A11k;Cristal de pantalla;Compatible;3,20;;;6
OP-A11K-FPR-COM;OPPO;A11k;Flex principal;Compatible;2,65;;;6
OP-A11K-VIB-COM;OPPO;A11k;Vibrador;Compatible;3,10;;;6
OP-A11K-ANT-COM;OPPO;A11k;Antena / coaxial;Compatible;2,79;;;6
OP-A11K-HUE-COM;OPPO;A11k;Botón home / huella;Compatible;4,60;;;6
OP-A92-MAR-COM;OPPO;A92;Marco / chasis;Compatible;7,20;;;6
OP-A92-BOT-COM;OPPO;A92;Botones laterales;Compatible;3,70;;;6
OP-A92-CRI-COM;OPPO;A92;Cristal de pantalla;Compatible;3,69;;;6
OP-A92-FPR-COM;OPPO;A92;Flex principal;Compatible;3,05;;;6
OP-A92-VIB-COM;OPPO;A92;Vibrador;Compatible;3,55;;;6
OP-A92-ANT-COM;OPPO;A92;Antena / coaxial;Compatible;3,20;;;6
OP-A92-HUE-COM;OPPO;A92;Botón home / huella;Compatible;5,30;;;6
OP-FX2LNEO-MAR-COM;OPPO;Find X2 Lite Neo;Marco / chasis;Compatible;8,20;;;6
OP-FX2LNEO-BOT-COM;OPPO;Find X2 Lite Neo;Botones laterales;Compatible;4,20;;;6
OP-FX2LNEO-CRI-COM;OPPO;Find X2 Lite Neo;Cristal de pantalla;Compatible;4,20;;;6
OP-FX2LNEO-FPR-COM;OPPO;Find X2 Lite Neo;Flex principal;Compatible;3,45;;;6
OP-FX2LNEO-VIB-COM;OPPO;Find X2 Lite Neo;Vibrador;Compatible;4,05;;;6
OP-FX2LNEO-ANT-COM;OPPO;Find X2 Lite Neo;Antena / coaxial;Compatible;3,65;;;6
OP-FX2LNEO-HUE-COM;OPPO;Find X2 Lite Neo;Botón home / huella;Compatible;6,05;;;6
OP-A12E-MAR-COM;OPPO;A12e;Marco / chasis;Compatible;6,25;;;6
OP-A12E-BOT-COM;OPPO;A12e;Botones laterales;Compatible;3,20;;;6
OP-A12E-CRI-COM;OPPO;A12e;Cristal de pantalla;Compatible;3,20;;;6
OP-A12E-FPR-COM;OPPO;A12e;Flex principal;Compatible;2,65;;;6
OP-A12E-VIB-COM;OPPO;A12e;Vibrador;Compatible;3,10;;;6
OP-A12E-ANT-COM;OPPO;A12e;Antena / coaxial;Compatible;2,79;;;6
OP-A12E-HUE-COM;OPPO;A12e;Botón home / huella;Compatible;4,60;;;6
OP-ACE2-MAR-COM;OPPO;Ace2;Marco / chasis;Compatible;6,25;;;6
OP-ACE2-BOT-COM;OPPO;Ace2;Botones laterales;Compatible;3,20;;;6
OP-ACE2-CRI-COM;OPPO;Ace2;Cristal de pantalla;Compatible;3,20;;;6
OP-ACE2-FPR-COM;OPPO;Ace2;Flex principal;Compatible;2,65;;;6
OP-ACE2-VIB-COM;OPPO;Ace2;Vibrador;Compatible;3,10;;;6
OP-ACE2-ANT-COM;OPPO;Ace2;Antena / coaxial;Compatible;2,79;;;6
OP-ACE2-HUE-COM;OPPO;Ace2;Botón home / huella;Compatible;4,60;;;6
OP-R3Y-MAR-COM;OPPO;Reno3 Youth;Marco / chasis;Compatible;7,20;;;6
OP-R3Y-BOT-COM;OPPO;Reno3 Youth;Botones laterales;Compatible;3,70;;;6
OP-R3Y-CRI-COM;OPPO;Reno3 Youth;Cristal de pantalla;Compatible;3,69;;;6
OP-R3Y-FPR-COM;OPPO;Reno3 Youth;Flex principal;Compatible;3,05;;;6
OP-R3Y-VIB-COM;OPPO;Reno3 Youth;Vibrador;Compatible;3,55;;;6
OP-R3Y-ANT-COM;OPPO;Reno3 Youth;Antena / coaxial;Compatible;3,20;;;6
OP-R3Y-HUE-COM;OPPO;Reno3 Youth;Botón home / huella;Compatible;5,30;;;6
OP-A8-MAR-COM;OPPO;A8;Marco / chasis;Compatible;5,65;;;6
OP-A8-BOT-COM;OPPO;A8;Botones laterales;Compatible;2,89;;;6
OP-A8-CRI-COM;OPPO;A8;Cristal de pantalla;Compatible;2,89;;;6
OP-A8-FPR-COM;OPPO;A8;Flex principal;Compatible;2,39;;;6
OP-A8-VIB-COM;OPPO;A8;Vibrador;Compatible;2,79;;;6
OP-A8-ANT-COM;OPPO;A8;Antena / coaxial;Compatible;2,50;;;6
OP-A8-HUE-COM;OPPO;A8;Botón home / huella;Compatible;4,15;;;6
OP-R35-MAR-COM;OPPO;Reno3 5G;Marco / chasis;Compatible;6,49;;;6
OP-R35-BOT-COM;OPPO;Reno3 5G;Botones laterales;Compatible;3,35;;;6
OP-R35-CRI-COM;OPPO;Reno3 5G;Cristal de pantalla;Compatible;3,30;;;6
OP-R35-FPR-COM;OPPO;Reno3 5G;Flex principal;Compatible;2,75;;;6
OP-R35-VIB-COM;OPPO;Reno3 5G;Vibrador;Compatible;3,20;;;6
OP-R35-ANT-COM;OPPO;Reno3 5G;Antena / coaxial;Compatible;2,89;;;6
OP-R35-HUE-COM;OPPO;Reno3 5G;Botón home / huella;Compatible;4,79;;;6
OP-R3P-MAR-COM;OPPO;Reno3 Pro;Marco / chasis;Compatible;7,40;;;6
OP-R3P-BOT-COM;OPPO;Reno3 Pro;Botones laterales;Compatible;3,80;;;6
OP-R3P-CRI-COM;OPPO;Reno3 Pro;Cristal de pantalla;Compatible;3,79;;;6
OP-R3P-FPR-COM;OPPO;Reno3 Pro;Flex principal;Compatible;3,10;;;6
OP-R3P-VIB-COM;OPPO;Reno3 Pro;Vibrador;Compatible;3,65;;;6
OP-R3P-ANT-COM;OPPO;Reno3 Pro;Antena / coaxial;Compatible;3,29;;;6
OP-R3P-HUE-COM;OPPO;Reno3 Pro;Botón home / huella;Compatible;5,45;;;6
OP-R3P5-MAR-COM;OPPO;Reno3 Pro 5G;Marco / chasis;Compatible;7,40;;;6
OP-R3P5-BOT-COM;OPPO;Reno3 Pro 5G;Botones laterales;Compatible;3,80;;;6
OP-R3P5-CRI-COM;OPPO;Reno3 Pro 5G;Cristal de pantalla;Compatible;3,79;;;6
OP-R3P5-FPR-COM;OPPO;Reno3 Pro 5G;Flex principal;Compatible;3,10;;;6
OP-R3P5-VIB-COM;OPPO;Reno3 Pro 5G;Vibrador;Compatible;3,65;;;6
OP-R3P5-ANT-COM;OPPO;Reno3 Pro 5G;Antena / coaxial;Compatible;3,29;;;6
OP-R3P5-HUE-COM;OPPO;Reno3 Pro 5G;Botón home / huella;Compatible;5,45;;;6
OP-A11-MAR-COM;OPPO;A11;Marco / chasis;Compatible;5,65;;;6
OP-A11-BOT-COM;OPPO;A11;Botones laterales;Compatible;2,89;;;6
OP-A11-CRI-COM;OPPO;A11;Cristal de pantalla;Compatible;2,89;;;6
OP-A11-FPR-COM;OPPO;A11;Flex principal;Compatible;2,39;;;6
OP-A11-VIB-COM;OPPO;A11;Vibrador;Compatible;2,79;;;6
OP-A11-ANT-COM;OPPO;A11;Antena / coaxial;Compatible;2,50;;;6
OP-A11-HUE-COM;OPPO;A11;Botón home / huella;Compatible;4,15;;;6
OP-RA-MAR-COM;OPPO;Reno A;Marco / chasis;Compatible;6,49;;;6
OP-RA-BOT-COM;OPPO;Reno A;Botones laterales;Compatible;3,35;;;6
OP-RA-CRI-COM;OPPO;Reno A;Cristal de pantalla;Compatible;3,30;;;6
OP-RA-FPR-COM;OPPO;Reno A;Flex principal;Compatible;2,75;;;6
OP-RA-VIB-COM;OPPO;Reno A;Vibrador;Compatible;3,20;;;6
OP-RA-ANT-COM;OPPO;Reno A;Antena / coaxial;Compatible;2,89;;;6
OP-RA-HUE-COM;OPPO;Reno A;Botón home / huella;Compatible;4,79;;;6
OP-RACE-MAR-COM;OPPO;Reno Ace;Marco / chasis;Compatible;6,49;;;6
OP-RACE-BOT-COM;OPPO;Reno Ace;Botones laterales;Compatible;3,35;;;6
OP-RACE-CRI-COM;OPPO;Reno Ace;Cristal de pantalla;Compatible;3,30;;;6
OP-RACE-FPR-COM;OPPO;Reno Ace;Flex principal;Compatible;2,75;;;6
OP-RACE-VIB-COM;OPPO;Reno Ace;Vibrador;Compatible;3,20;;;6
OP-RACE-ANT-COM;OPPO;Reno Ace;Antena / coaxial;Compatible;2,89;;;6
OP-RACE-HUE-COM;OPPO;Reno Ace;Botón home / huella;Compatible;4,79;;;6
OP-R2F-MAR-COM;OPPO;Reno2 F;Marco / chasis;Compatible;6,49;;;6
OP-R2F-BOT-COM;OPPO;Reno2 F;Botones laterales;Compatible;3,35;;;6
OP-R2F-CRI-COM;OPPO;Reno2 F;Cristal de pantalla;Compatible;3,30;;;6
OP-R2F-FPR-COM;OPPO;Reno2 F;Flex principal;Compatible;2,75;;;6
OP-R2F-VIB-COM;OPPO;Reno2 F;Vibrador;Compatible;3,20;;;6
OP-R2F-ANT-COM;OPPO;Reno2 F;Antena / coaxial;Compatible;2,89;;;6
OP-R2F-HUE-COM;OPPO;Reno2 F;Botón home / huella;Compatible;4,79;;;6
OP-A1K-MAR-COM;OPPO;A1k;Marco / chasis;Compatible;5,65;;;6
OP-A1K-BOT-COM;OPPO;A1k;Botones laterales;Compatible;2,89;;;6
OP-A1K-CRI-COM;OPPO;A1k;Cristal de pantalla;Compatible;2,89;;;6
OP-A1K-FPR-COM;OPPO;A1k;Flex principal;Compatible;2,39;;;6
OP-A1K-VIB-COM;OPPO;A1k;Vibrador;Compatible;2,79;;;6
OP-A1K-ANT-COM;OPPO;A1k;Antena / coaxial;Compatible;2,50;;;6
OP-A1K-HUE-COM;OPPO;A1k;Botón home / huella;Compatible;4,15;;;6
OP-A7N-MAR-COM;OPPO;A7n;Marco / chasis;Compatible;5,65;;;6
OP-A7N-BOT-COM;OPPO;A7n;Botones laterales;Compatible;2,89;;;6
OP-A7N-CRI-COM;OPPO;A7n;Cristal de pantalla;Compatible;2,89;;;6
OP-A7N-FPR-COM;OPPO;A7n;Flex principal;Compatible;2,39;;;6
OP-A7N-VIB-COM;OPPO;A7n;Vibrador;Compatible;2,79;;;6
OP-A7N-ANT-COM;OPPO;A7n;Antena / coaxial;Compatible;2,50;;;6
OP-A7N-HUE-COM;OPPO;A7n;Botón home / huella;Compatible;4,15;;;6
OP-A9X-MAR-COM;OPPO;A9x;Marco / chasis;Compatible;5,65;;;6
OP-A9X-BOT-COM;OPPO;A9x;Botones laterales;Compatible;2,89;;;6
OP-A9X-CRI-COM;OPPO;A9x;Cristal de pantalla;Compatible;2,89;;;6
OP-A9X-FPR-COM;OPPO;A9x;Flex principal;Compatible;2,39;;;6
OP-A9X-VIB-COM;OPPO;A9x;Vibrador;Compatible;2,79;;;6
OP-A9X-ANT-COM;OPPO;A9x;Antena / coaxial;Compatible;2,50;;;6
OP-A9X-HUE-COM;OPPO;A9x;Botón home / huella;Compatible;4,15;;;6
OP-F11-MAR-COM;OPPO;F11;Marco / chasis;Compatible;5,65;;;6
OP-F11-BOT-COM;OPPO;F11;Botones laterales;Compatible;2,89;;;6
OP-F11-CRI-COM;OPPO;F11;Cristal de pantalla;Compatible;2,89;;;6
OP-F11-FPR-COM;OPPO;F11;Flex principal;Compatible;2,39;;;6
OP-F11-VIB-COM;OPPO;F11;Vibrador;Compatible;2,79;;;6
OP-F11-ANT-COM;OPPO;F11;Antena / coaxial;Compatible;2,50;;;6
OP-F11-HUE-COM;OPPO;F11;Botón home / huella;Compatible;4,15;;;6
OP-F11P-MAR-COM;OPPO;F11 Pro;Marco / chasis;Compatible;5,65;;;6
OP-F11P-BOT-COM;OPPO;F11 Pro;Botones laterales;Compatible;2,89;;;6
OP-F11P-CRI-COM;OPPO;F11 Pro;Cristal de pantalla;Compatible;2,89;;;6
OP-F11P-FPR-COM;OPPO;F11 Pro;Flex principal;Compatible;2,39;;;6
OP-F11P-VIB-COM;OPPO;F11 Pro;Vibrador;Compatible;2,79;;;6
OP-F11P-ANT-COM;OPPO;F11 Pro;Antena / coaxial;Compatible;2,50;;;6
OP-F11P-HUE-COM;OPPO;F11 Pro;Botón home / huella;Compatible;4,15;;;6
OP-A5S-MAR-COM;OPPO;A5s;Marco / chasis;Compatible;5,65;;;6
OP-A5S-BOT-COM;OPPO;A5s;Botones laterales;Compatible;2,89;;;6
OP-A5S-CRI-COM;OPPO;A5s;Cristal de pantalla;Compatible;2,89;;;6
OP-A5S-FPR-COM;OPPO;A5s;Flex principal;Compatible;2,39;;;6
OP-A5S-VIB-COM;OPPO;A5s;Vibrador;Compatible;2,79;;;6
OP-A5S-ANT-COM;OPPO;A5s;Antena / coaxial;Compatible;2,50;;;6
OP-A5S-HUE-COM;OPPO;A5s;Botón home / huella;Compatible;4,15;;;6
OP-A7-MAR-COM;OPPO;A7;Marco / chasis;Compatible;5,65;;;6
OP-A7-BOT-COM;OPPO;A7;Botones laterales;Compatible;2,89;;;6
OP-A7-CRI-COM;OPPO;A7;Cristal de pantalla;Compatible;2,89;;;6
OP-A7-FPR-COM;OPPO;A7;Flex principal;Compatible;2,39;;;6
OP-A7-VIB-COM;OPPO;A7;Vibrador;Compatible;2,79;;;6
OP-A7-ANT-COM;OPPO;A7;Antena / coaxial;Compatible;2,50;;;6
OP-A7-HUE-COM;OPPO;A7;Botón home / huella;Compatible;4,15;;;6
OP-R15X-MAR-COM;OPPO;R15x;Marco / chasis;Compatible;5,65;;;6
OP-R15X-BOT-COM;OPPO;R15x;Botones laterales;Compatible;2,89;;;6
OP-R15X-CRI-COM;OPPO;R15x;Cristal de pantalla;Compatible;2,89;;;6
OP-R15X-FPR-COM;OPPO;R15x;Flex principal;Compatible;2,39;;;6
OP-R15X-VIB-COM;OPPO;R15x;Vibrador;Compatible;2,79;;;6
OP-R15X-ANT-COM;OPPO;R15x;Antena / coaxial;Compatible;2,50;;;6
OP-R15X-HUE-COM;OPPO;R15x;Botón home / huella;Compatible;4,15;;;6
OP-A7X-MAR-COM;OPPO;A7x;Marco / chasis;Compatible;5,65;;;6
OP-A7X-BOT-COM;OPPO;A7x;Botones laterales;Compatible;2,89;;;6
OP-A7X-CRI-COM;OPPO;A7x;Cristal de pantalla;Compatible;2,89;;;6
OP-A7X-FPR-COM;OPPO;A7x;Flex principal;Compatible;2,39;;;6
OP-A7X-VIB-COM;OPPO;A7x;Vibrador;Compatible;2,79;;;6
OP-A7X-ANT-COM;OPPO;A7x;Antena / coaxial;Compatible;2,50;;;6
OP-A7X-HUE-COM;OPPO;A7x;Botón home / huella;Compatible;4,15;;;6
OP-F9-MAR-COM;OPPO;F9;Marco / chasis;Compatible;5,65;;;6
OP-F9-BOT-COM;OPPO;F9;Botones laterales;Compatible;2,89;;;6
OP-F9-CRI-COM;OPPO;F9;Cristal de pantalla;Compatible;2,89;;;6
OP-F9-FPR-COM;OPPO;F9;Flex principal;Compatible;2,39;;;6
OP-F9-VIB-COM;OPPO;F9;Vibrador;Compatible;2,79;;;6
OP-F9-ANT-COM;OPPO;F9;Antena / coaxial;Compatible;2,50;;;6
OP-F9-HUE-COM;OPPO;F9;Botón home / huella;Compatible;4,15;;;6
OP-F9P-MAR-COM;OPPO;F9 Pro;Marco / chasis;Compatible;5,65;;;6
OP-F9P-BOT-COM;OPPO;F9 Pro;Botones laterales;Compatible;2,89;;;6
OP-F9P-CRI-COM;OPPO;F9 Pro;Cristal de pantalla;Compatible;2,89;;;6
OP-F9P-FPR-COM;OPPO;F9 Pro;Flex principal;Compatible;2,39;;;6
OP-F9P-VIB-COM;OPPO;F9 Pro;Vibrador;Compatible;2,79;;;6
OP-F9P-ANT-COM;OPPO;F9 Pro;Antena / coaxial;Compatible;2,50;;;6
OP-F9P-HUE-COM;OPPO;F9 Pro;Botón home / huella;Compatible;4,15;;;6
OP-R17-MAR-COM;OPPO;R17;Marco / chasis;Compatible;5,65;;;6
OP-R17-BOT-COM;OPPO;R17;Botones laterales;Compatible;2,89;;;6
OP-R17-CRI-COM;OPPO;R17;Cristal de pantalla;Compatible;2,89;;;6
OP-R17-FPR-COM;OPPO;R17;Flex principal;Compatible;2,39;;;6
OP-R17-VIB-COM;OPPO;R17;Vibrador;Compatible;2,79;;;6
OP-R17-ANT-COM;OPPO;R17;Antena / coaxial;Compatible;2,50;;;6
OP-R17-HUE-COM;OPPO;R17;Botón home / huella;Compatible;4,15;;;6
OP-A3S-MAR-COM;OPPO;A3s;Marco / chasis;Compatible;5,65;;;6
OP-A3S-BOT-COM;OPPO;A3s;Botones laterales;Compatible;2,89;;;6
OP-A3S-CRI-COM;OPPO;A3s;Cristal de pantalla;Compatible;2,89;;;6
OP-A3S-FPR-COM;OPPO;A3s;Flex principal;Compatible;2,39;;;6
OP-A3S-VIB-COM;OPPO;A3s;Vibrador;Compatible;2,79;;;6
OP-A3S-ANT-COM;OPPO;A3s;Antena / coaxial;Compatible;2,50;;;6
OP-A3S-HUE-COM;OPPO;A3s;Botón home / huella;Compatible;4,15;;;6
OP-F7Y-MAR-COM;OPPO;F7 Youth;Marco / chasis;Compatible;5,65;;;6
OP-F7Y-BOT-COM;OPPO;F7 Youth;Botones laterales;Compatible;2,89;;;6
OP-F7Y-CRI-COM;OPPO;F7 Youth;Cristal de pantalla;Compatible;2,89;;;6
OP-F7Y-FPR-COM;OPPO;F7 Youth;Flex principal;Compatible;2,39;;;6
OP-F7Y-VIB-COM;OPPO;F7 Youth;Vibrador;Compatible;2,79;;;6
OP-F7Y-ANT-COM;OPPO;F7 Youth;Antena / coaxial;Compatible;2,50;;;6
OP-F7Y-HUE-COM;OPPO;F7 Youth;Botón home / huella;Compatible;4,15;;;6
OP-A118-MAR-COM;OPPO;A1 2018;Marco / chasis;Compatible;5,65;;;6
OP-A118-BOT-COM;OPPO;A1 2018;Botones laterales;Compatible;2,89;;;6
OP-A118-CRI-COM;OPPO;A1 2018;Cristal de pantalla;Compatible;2,89;;;6
OP-A118-FPR-COM;OPPO;A1 2018;Flex principal;Compatible;2,39;;;6
OP-A118-VIB-COM;OPPO;A1 2018;Vibrador;Compatible;2,79;;;6
OP-A118-ANT-COM;OPPO;A1 2018;Antena / coaxial;Compatible;2,50;;;6
OP-A118-HUE-COM;OPPO;A1 2018;Botón home / huella;Compatible;4,15;;;6
OP-F72-MAR-COM;OPPO;F7;Marco / chasis;Compatible;5,65;;;6
OP-F72-BOT-COM;OPPO;F7;Botones laterales;Compatible;2,89;;;6
OP-F72-CRI-COM;OPPO;F7;Cristal de pantalla;Compatible;2,89;;;6
OP-F72-FPR-COM;OPPO;F7;Flex principal;Compatible;2,39;;;6
OP-F72-VIB-COM;OPPO;F7;Vibrador;Compatible;2,79;;;6
OP-F72-ANT-COM;OPPO;F7;Antena / coaxial;Compatible;2,50;;;6
OP-F72-HUE-COM;OPPO;F7;Botón home / huella;Compatible;4,15;;;6
OP-R15-MAR-COM;OPPO;R15;Marco / chasis;Compatible;5,65;;;6
OP-R15-BOT-COM;OPPO;R15;Botones laterales;Compatible;2,89;;;6
OP-R15-CRI-COM;OPPO;R15;Cristal de pantalla;Compatible;2,89;;;6
OP-R15-FPR-COM;OPPO;R15;Flex principal;Compatible;2,39;;;6
OP-R15-VIB-COM;OPPO;R15;Vibrador;Compatible;2,79;;;6
OP-R15-ANT-COM;OPPO;R15;Antena / coaxial;Compatible;2,50;;;6
OP-R15-HUE-COM;OPPO;R15;Botón home / huella;Compatible;4,15;;;6
OP-A7118-MAR-COM;OPPO;A71 2018;Marco / chasis;Compatible;5,65;;;6
OP-A7118-BOT-COM;OPPO;A71 2018;Botones laterales;Compatible;2,89;;;6
OP-A7118-CRI-COM;OPPO;A71 2018;Cristal de pantalla;Compatible;2,89;;;6
OP-A7118-FPR-COM;OPPO;A71 2018;Flex principal;Compatible;2,39;;;6
OP-A7118-VIB-COM;OPPO;A71 2018;Vibrador;Compatible;2,79;;;6
OP-A7118-ANT-COM;OPPO;A71 2018;Antena / coaxial;Compatible;2,50;;;6
OP-A7118-HUE-COM;OPPO;A71 2018;Botón home / huella;Compatible;4,15;;;6
OP-A83-MAR-COM;OPPO;A83;Marco / chasis;Compatible;5,65;;;6
OP-A83-BOT-COM;OPPO;A83;Botones laterales;Compatible;2,89;;;6
OP-A83-CRI-COM;OPPO;A83;Cristal de pantalla;Compatible;2,89;;;6
OP-A83-FPR-COM;OPPO;A83;Flex principal;Compatible;2,39;;;6
OP-A83-VIB-COM;OPPO;A83;Vibrador;Compatible;2,79;;;6
OP-A83-ANT-COM;OPPO;A83;Antena / coaxial;Compatible;2,50;;;6
OP-A83-HUE-COM;OPPO;A83;Botón home / huella;Compatible;4,15;;;6
OP-A85-MAR-COM;OPPO;A85;Marco / chasis;Compatible;5,65;;;6
OP-A85-BOT-COM;OPPO;A85;Botones laterales;Compatible;2,89;;;6
OP-A85-CRI-COM;OPPO;A85;Cristal de pantalla;Compatible;2,89;;;6
OP-A85-FPR-COM;OPPO;A85;Flex principal;Compatible;2,39;;;6
OP-A85-VIB-COM;OPPO;A85;Vibrador;Compatible;2,79;;;6
OP-A85-ANT-COM;OPPO;A85;Antena / coaxial;Compatible;2,50;;;6
OP-A85-HUE-COM;OPPO;A85;Botón home / huella;Compatible;4,15;;;6
OP-A75S-MAR-COM;OPPO;A75s;Marco / chasis;Compatible;5,65;;;6
OP-A75S-BOT-COM;OPPO;A75s;Botones laterales;Compatible;2,89;;;6
OP-A75S-CRI-COM;OPPO;A75s;Cristal de pantalla;Compatible;2,89;;;6
OP-A75S-FPR-COM;OPPO;A75s;Flex principal;Compatible;2,39;;;6
OP-A75S-VIB-COM;OPPO;A75s;Vibrador;Compatible;2,79;;;6
OP-A75S-ANT-COM;OPPO;A75s;Antena / coaxial;Compatible;2,50;;;6
OP-A75S-HUE-COM;OPPO;A75s;Botón home / huella;Compatible;4,15;;;6
OP-A79T-MAR-COM;OPPO;A79t;Marco / chasis;Compatible;5,65;;;6
OP-A79T-BOT-COM;OPPO;A79t;Botones laterales;Compatible;2,89;;;6
OP-A79T-CRI-COM;OPPO;A79t;Cristal de pantalla;Compatible;2,89;;;6
OP-A79T-FPR-COM;OPPO;A79t;Flex principal;Compatible;2,39;;;6
OP-A79T-VIB-COM;OPPO;A79t;Vibrador;Compatible;2,79;;;6
OP-A79T-ANT-COM;OPPO;A79t;Antena / coaxial;Compatible;2,50;;;6
OP-A79T-HUE-COM;OPPO;A79t;Botón home / huella;Compatible;4,15;;;6
OP-F5Y-MAR-COM;OPPO;F5 Youth;Marco / chasis;Compatible;5,65;;;6
OP-F5Y-BOT-COM;OPPO;F5 Youth;Botones laterales;Compatible;2,89;;;6
OP-F5Y-CRI-COM;OPPO;F5 Youth;Cristal de pantalla;Compatible;2,89;;;6
OP-F5Y-FPR-COM;OPPO;F5 Youth;Flex principal;Compatible;2,39;;;6
OP-F5Y-VIB-COM;OPPO;F5 Youth;Vibrador;Compatible;2,79;;;6
OP-F5Y-ANT-COM;OPPO;F5 Youth;Antena / coaxial;Compatible;2,50;;;6
OP-F5Y-HUE-COM;OPPO;F5 Youth;Botón home / huella;Compatible;4,15;;;6
OP-R11SPL-MAR-COM;OPPO;R11s Plus;Marco / chasis;Compatible;5,65;;;6
OP-R11SPL-BOT-COM;OPPO;R11s Plus;Botones laterales;Compatible;2,89;;;6
OP-R11SPL-CRI-COM;OPPO;R11s Plus;Cristal de pantalla;Compatible;2,89;;;6
OP-R11SPL-FPR-COM;OPPO;R11s Plus;Flex principal;Compatible;2,39;;;6
OP-R11SPL-VIB-COM;OPPO;R11s Plus;Vibrador;Compatible;2,79;;;6
OP-R11SPL-ANT-COM;OPPO;R11s Plus;Antena / coaxial;Compatible;2,50;;;6
OP-R11SPL-HUE-COM;OPPO;R11s Plus;Botón home / huella;Compatible;4,15;;;6
OP-F3L-MAR-COM;OPPO;F3 Lite;Marco / chasis;Compatible;5,65;;;6
OP-F3L-BOT-COM;OPPO;F3 Lite;Botones laterales;Compatible;2,89;;;6
OP-F3L-CRI-COM;OPPO;F3 Lite;Cristal de pantalla;Compatible;2,89;;;6
OP-F3L-FPR-COM;OPPO;F3 Lite;Flex principal;Compatible;2,39;;;6
OP-F3L-VIB-COM;OPPO;F3 Lite;Vibrador;Compatible;2,79;;;6
OP-F3L-ANT-COM;OPPO;F3 Lite;Antena / coaxial;Compatible;2,50;;;6
OP-F3L-HUE-COM;OPPO;F3 Lite;Botón home / huella;Compatible;4,15;;;6
OP-F52-MAR-COM;OPPO;F5;Marco / chasis;Compatible;5,65;;;6
OP-F52-BOT-COM;OPPO;F5;Botones laterales;Compatible;2,89;;;6
OP-F52-CRI-COM;OPPO;F5;Cristal de pantalla;Compatible;2,89;;;6
OP-F52-FPR-COM;OPPO;F5;Flex principal;Compatible;2,39;;;6
OP-F52-VIB-COM;OPPO;F5;Vibrador;Compatible;2,79;;;6
OP-F52-ANT-COM;OPPO;F5;Antena / coaxial;Compatible;2,50;;;6
OP-F52-HUE-COM;OPPO;F5;Botón home / huella;Compatible;4,15;;;6
OP-F5PL-MAR-COM;OPPO;F5 Plus;Marco / chasis;Compatible;5,65;;;6
OP-F5PL-BOT-COM;OPPO;F5 Plus;Botones laterales;Compatible;2,89;;;6
OP-F5PL-CRI-COM;OPPO;F5 Plus;Cristal de pantalla;Compatible;2,89;;;6
OP-F5PL-FPR-COM;OPPO;F5 Plus;Flex principal;Compatible;2,39;;;6
OP-F5PL-VIB-COM;OPPO;F5 Plus;Vibrador;Compatible;2,79;;;6
OP-F5PL-ANT-COM;OPPO;F5 Plus;Antena / coaxial;Compatible;2,50;;;6
OP-F5PL-HUE-COM;OPPO;F5 Plus;Botón home / huella;Compatible;4,15;;;6
OP-R11S-MAR-COM;OPPO;R11s;Marco / chasis;Compatible;5,65;;;6
OP-R11S-BOT-COM;OPPO;R11s;Botones laterales;Compatible;2,89;;;6
OP-R11S-CRI-COM;OPPO;R11s;Cristal de pantalla;Compatible;2,89;;;6
OP-R11S-FPR-COM;OPPO;R11s;Flex principal;Compatible;2,39;;;6
OP-R11S-VIB-COM;OPPO;R11s;Vibrador;Compatible;2,79;;;6
OP-R11S-ANT-COM;OPPO;R11s;Antena / coaxial;Compatible;2,50;;;6
OP-R11S-HUE-COM;OPPO;R11s;Botón home / huella;Compatible;4,15;;;6
OP-A71-MAR-COM;OPPO;A71;Marco / chasis;Compatible;5,65;;;6
OP-A71-BOT-COM;OPPO;A71;Botones laterales;Compatible;2,89;;;6
OP-A71-CRI-COM;OPPO;A71;Cristal de pantalla;Compatible;2,89;;;6
OP-A71-FPR-COM;OPPO;A71;Flex principal;Compatible;2,39;;;6
OP-A71-VIB-COM;OPPO;A71;Vibrador;Compatible;2,79;;;6
OP-A71-ANT-COM;OPPO;A71;Antena / coaxial;Compatible;2,50;;;6
OP-A71-HUE-COM;OPPO;A71;Botón home / huella;Compatible;4,15;;;6
OP-R11PL-MAR-COM;OPPO;R11 Plus;Marco / chasis;Compatible;5,65;;;6
OP-R11PL-BOT-COM;OPPO;R11 Plus;Botones laterales;Compatible;2,89;;;6
OP-R11PL-CRI-COM;OPPO;R11 Plus;Cristal de pantalla;Compatible;2,89;;;6
OP-R11PL-FPR-COM;OPPO;R11 Plus;Flex principal;Compatible;2,39;;;6
OP-R11PL-VIB-COM;OPPO;R11 Plus;Vibrador;Compatible;2,79;;;6
OP-R11PL-ANT-COM;OPPO;R11 Plus;Antena / coaxial;Compatible;2,50;;;6
OP-R11PL-HUE-COM;OPPO;R11 Plus;Botón home / huella;Compatible;4,15;;;6
OP-A7717-MAR-COM;OPPO;A77 2017;Marco / chasis;Compatible;5,65;;;6
OP-A7717-BOT-COM;OPPO;A77 2017;Botones laterales;Compatible;2,89;;;6
OP-A7717-CRI-COM;OPPO;A77 2017;Cristal de pantalla;Compatible;2,89;;;6
OP-A7717-FPR-COM;OPPO;A77 2017;Flex principal;Compatible;2,39;;;6
OP-A7717-VIB-COM;OPPO;A77 2017;Vibrador;Compatible;2,79;;;6
OP-A7717-ANT-COM;OPPO;A77 2017;Antena / coaxial;Compatible;2,50;;;6
OP-A7717-HUE-COM;OPPO;A77 2017;Botón home / huella;Compatible;4,15;;;6
OP-F3-MAR-COM;OPPO;F3;Marco / chasis;Compatible;5,65;;;6
OP-F3-BOT-COM;OPPO;F3;Botones laterales;Compatible;2,89;;;6
OP-F3-CRI-COM;OPPO;F3;Cristal de pantalla;Compatible;2,89;;;6
OP-F3-FPR-COM;OPPO;F3;Flex principal;Compatible;2,39;;;6
OP-F3-VIB-COM;OPPO;F3;Vibrador;Compatible;2,79;;;6
OP-F3-ANT-COM;OPPO;F3;Antena / coaxial;Compatible;2,50;;;6
OP-F3-HUE-COM;OPPO;F3;Botón home / huella;Compatible;4,15;;;6
OP-R11-MAR-COM;OPPO;R11;Marco / chasis;Compatible;5,65;;;6
OP-R11-BOT-COM;OPPO;R11;Botones laterales;Compatible;2,89;;;6
OP-R11-CRI-COM;OPPO;R11;Cristal de pantalla;Compatible;2,89;;;6
OP-R11-FPR-COM;OPPO;R11;Flex principal;Compatible;2,39;;;6
OP-R11-VIB-COM;OPPO;R11;Vibrador;Compatible;2,79;;;6
OP-R11-ANT-COM;OPPO;R11;Antena / coaxial;Compatible;2,50;;;6
OP-R11-HUE-COM;OPPO;R11;Botón home / huella;Compatible;4,15;;;6
OP-A39-MAR-COM;OPPO;A39;Marco / chasis;Compatible;5,65;;;6
OP-A39-BOT-COM;OPPO;A39;Botones laterales;Compatible;2,89;;;6
OP-A39-CRI-COM;OPPO;A39;Cristal de pantalla;Compatible;2,89;;;6
OP-A39-FPR-COM;OPPO;A39;Flex principal;Compatible;2,39;;;6
OP-A39-VIB-COM;OPPO;A39;Vibrador;Compatible;2,79;;;6
OP-A39-ANT-COM;OPPO;A39;Antena / coaxial;Compatible;2,50;;;6
OP-A39-HUE-COM;OPPO;A39;Botón home / huella;Compatible;4,15;;;6
OP-F3PL-MAR-COM;OPPO;F3 Plus;Marco / chasis;Compatible;5,65;;;6
OP-F3PL-BOT-COM;OPPO;F3 Plus;Botones laterales;Compatible;2,89;;;6
OP-F3PL-CRI-COM;OPPO;F3 Plus;Cristal de pantalla;Compatible;2,89;;;6
OP-F3PL-FPR-COM;OPPO;F3 Plus;Flex principal;Compatible;2,39;;;6
OP-F3PL-VIB-COM;OPPO;F3 Plus;Vibrador;Compatible;2,79;;;6
OP-F3PL-ANT-COM;OPPO;F3 Plus;Antena / coaxial;Compatible;2,50;;;6
OP-F3PL-HUE-COM;OPPO;F3 Plus;Botón home / huella;Compatible;4,15;;;6
OP-A57-MAR-COM;OPPO;A57;Marco / chasis;Compatible;5,00;;;6
OP-A57-BOT-COM;OPPO;A57;Botones laterales;Compatible;2,55;;;6
OP-A57-CRI-COM;OPPO;A57;Cristal de pantalla;Compatible;2,55;;;6
OP-A57-FPR-COM;OPPO;A57;Flex principal;Compatible;2,10;;;6
OP-A57-VIB-COM;OPPO;A57;Vibrador;Compatible;2,49;;;6
OP-A57-ANT-COM;OPPO;A57;Antena / coaxial;Compatible;2,25;;;6
OP-A57-HUE-COM;OPPO;A57;Botón home / huella;Compatible;3,70;;;6
OP-R9S-MAR-COM;OPPO;R9s;Marco / chasis;Compatible;5,00;;;6
OP-R9S-BOT-COM;OPPO;R9s;Botones laterales;Compatible;2,55;;;6
OP-R9S-CRI-COM;OPPO;R9s;Cristal de pantalla;Compatible;2,55;;;6
OP-R9S-FPR-COM;OPPO;R9s;Flex principal;Compatible;2,10;;;6
OP-R9S-VIB-COM;OPPO;R9s;Vibrador;Compatible;2,49;;;6
OP-R9S-ANT-COM;OPPO;R9s;Antena / coaxial;Compatible;2,25;;;6
OP-R9S-HUE-COM;OPPO;R9s;Botón home / huella;Compatible;3,70;;;6
OP-R9SPL-MAR-COM;OPPO;R9s+;Marco / chasis;Compatible;5,00;;;6
OP-R9SPL-BOT-COM;OPPO;R9s+;Botones laterales;Compatible;2,55;;;6
OP-R9SPL-CRI-COM;OPPO;R9s+;Cristal de pantalla;Compatible;2,55;;;6
OP-R9SPL-FPR-COM;OPPO;R9s+;Flex principal;Compatible;2,10;;;6
OP-R9SPL-VIB-COM;OPPO;R9s+;Vibrador;Compatible;2,49;;;6
OP-R9SPL-ANT-COM;OPPO;R9s+;Antena / coaxial;Compatible;2,25;;;6
OP-R9SPL-HUE-COM;OPPO;R9s+;Botón home / huella;Compatible;3,70;;;6
OP-F1S-MAR-COM;OPPO;F1s;Marco / chasis;Compatible;5,00;;;6
OP-F1S-BOT-COM;OPPO;F1s;Botones laterales;Compatible;2,55;;;6
OP-F1S-CRI-COM;OPPO;F1s;Cristal de pantalla;Compatible;2,55;;;6
OP-F1S-FPR-COM;OPPO;F1s;Flex principal;Compatible;2,10;;;6
OP-F1S-VIB-COM;OPPO;F1s;Vibrador;Compatible;2,49;;;6
OP-F1S-ANT-COM;OPPO;F1s;Antena / coaxial;Compatible;2,25;;;6
OP-F1S-HUE-COM;OPPO;F1s;Botón home / huella;Compatible;3,70;;;6
OP-A37-MAR-COM;OPPO;A37;Marco / chasis;Compatible;5,00;;;6
OP-A37-BOT-COM;OPPO;A37;Botones laterales;Compatible;2,55;;;6
OP-A37-CRI-COM;OPPO;A37;Cristal de pantalla;Compatible;2,55;;;6
OP-A37-FPR-COM;OPPO;A37;Flex principal;Compatible;2,10;;;6
OP-A37-VIB-COM;OPPO;A37;Vibrador;Compatible;2,49;;;6
OP-A37-ANT-COM;OPPO;A37;Antena / coaxial;Compatible;2,25;;;6
OP-A37-HUE-COM;OPPO;A37;Botón home / huella;Compatible;3,70;;;6
OP-A59-MAR-COM;OPPO;A59;Marco / chasis;Compatible;5,00;;;6
OP-A59-BOT-COM;OPPO;A59;Botones laterales;Compatible;2,55;;;6
OP-A59-CRI-COM;OPPO;A59;Cristal de pantalla;Compatible;2,55;;;6
OP-A59-FPR-COM;OPPO;A59;Flex principal;Compatible;2,10;;;6
OP-A59-VIB-COM;OPPO;A59;Vibrador;Compatible;2,49;;;6
OP-A59-ANT-COM;OPPO;A59;Antena / coaxial;Compatible;2,25;;;6
OP-A59-HUE-COM;OPPO;A59;Botón home / huella;Compatible;3,70;;;6
OP-R9-MAR-COM;OPPO;R9;Marco / chasis;Compatible;5,00;;;6
OP-R9-BOT-COM;OPPO;R9;Botones laterales;Compatible;2,55;;;6
OP-R9-CRI-COM;OPPO;R9;Cristal de pantalla;Compatible;2,55;;;6
OP-R9-FPR-COM;OPPO;R9;Flex principal;Compatible;2,10;;;6
OP-R9-VIB-COM;OPPO;R9;Vibrador;Compatible;2,49;;;6
OP-R9-ANT-COM;OPPO;R9;Antena / coaxial;Compatible;2,25;;;6
OP-R9-HUE-COM;OPPO;R9;Botón home / huella;Compatible;3,70;;;6
OP-R9PL-MAR-COM;OPPO;R9+;Marco / chasis;Compatible;5,00;;;6
OP-R9PL-BOT-COM;OPPO;R9+;Botones laterales;Compatible;2,55;;;6
OP-R9PL-CRI-COM;OPPO;R9+;Cristal de pantalla;Compatible;2,55;;;6
OP-R9PL-FPR-COM;OPPO;R9+;Flex principal;Compatible;2,10;;;6
OP-R9PL-VIB-COM;OPPO;R9+;Vibrador;Compatible;2,49;;;6
OP-R9PL-ANT-COM;OPPO;R9+;Antena / coaxial;Compatible;2,25;;;6
OP-R9PL-HUE-COM;OPPO;R9+;Botón home / huella;Compatible;3,70;;;6
OP-A30-MAR-COM;OPPO;A30;Marco / chasis;Compatible;5,00;;;6
OP-A30-BOT-COM;OPPO;A30;Botones laterales;Compatible;2,55;;;6
OP-A30-CRI-COM;OPPO;A30;Cristal de pantalla;Compatible;2,55;;;6
OP-A30-FPR-COM;OPPO;A30;Flex principal;Compatible;2,10;;;6
OP-A30-VIB-COM;OPPO;A30;Vibrador;Compatible;2,49;;;6
OP-A30-ANT-COM;OPPO;A30;Antena / coaxial;Compatible;2,25;;;6
OP-A30-HUE-COM;OPPO;A30;Botón home / huella;Compatible;3,70;;;6
OP-F1-MAR-COM;OPPO;F1;Marco / chasis;Compatible;5,00;;;6
OP-F1-BOT-COM;OPPO;F1;Botones laterales;Compatible;2,55;;;6
OP-F1-CRI-COM;OPPO;F1;Cristal de pantalla;Compatible;2,55;;;6
OP-F1-FPR-COM;OPPO;F1;Flex principal;Compatible;2,10;;;6
OP-F1-VIB-COM;OPPO;F1;Vibrador;Compatible;2,49;;;6
OP-F1-ANT-COM;OPPO;F1;Antena / coaxial;Compatible;2,25;;;6
OP-F1-HUE-COM;OPPO;F1;Botón home / huella;Compatible;3,70;;;6
OP-A33-MAR-COM;OPPO;A33;Marco / chasis;Compatible;5,00;;;6
OP-A33-BOT-COM;OPPO;A33;Botones laterales;Compatible;2,55;;;6
OP-A33-CRI-COM;OPPO;A33;Cristal de pantalla;Compatible;2,55;;;6
OP-A33-VIB-COM;OPPO;A33;Vibrador;Compatible;2,49;;;6
OP-A33-ANT-COM;OPPO;A33;Antena / coaxial;Compatible;2,25;;;6
OP-NEO7-MAR-COM;OPPO;Neo 7;Marco / chasis;Compatible;5,00;;;6
OP-NEO7-BOT-COM;OPPO;Neo 7;Botones laterales;Compatible;2,55;;;6
OP-NEO7-CRI-COM;OPPO;Neo 7;Cristal de pantalla;Compatible;2,55;;;6
OP-NEO7-VIB-COM;OPPO;Neo 7;Vibrador;Compatible;2,49;;;6
OP-NEO7-ANT-COM;OPPO;Neo 7;Antena / coaxial;Compatible;2,25;;;6
OP-R7L-MAR-COM;OPPO;R7 Lite;Marco / chasis;Compatible;5,00;;;6
OP-R7L-BOT-COM;OPPO;R7 Lite;Botones laterales;Compatible;2,55;;;6
OP-R7L-CRI-COM;OPPO;R7 Lite;Cristal de pantalla;Compatible;2,55;;;6
OP-R7L-VIB-COM;OPPO;R7 Lite;Vibrador;Compatible;2,49;;;6
OP-R7L-ANT-COM;OPPO;R7 Lite;Antena / coaxial;Compatible;2,25;;;6
OP-R7S-MAR-COM;OPPO;R7s;Marco / chasis;Compatible;5,00;;;6
OP-R7S-BOT-COM;OPPO;R7s;Botones laterales;Compatible;2,55;;;6
OP-R7S-CRI-COM;OPPO;R7s;Cristal de pantalla;Compatible;2,55;;;6
OP-R7S-VIB-COM;OPPO;R7s;Vibrador;Compatible;2,49;;;6
OP-R7S-ANT-COM;OPPO;R7s;Antena / coaxial;Compatible;2,25;;;6
OP-JOY3-MAR-COM;OPPO;Joy 3;Marco / chasis;Compatible;5,00;;;6
OP-JOY3-BOT-COM;OPPO;Joy 3;Botones laterales;Compatible;2,55;;;6
OP-JOY3-CRI-COM;OPPO;Joy 3;Cristal de pantalla;Compatible;2,55;;;6
OP-JOY3-VIB-COM;OPPO;Joy 3;Vibrador;Compatible;2,49;;;6
OP-JOY3-ANT-COM;OPPO;Joy 3;Antena / coaxial;Compatible;2,25;;;6
OP-NEO515-MAR-COM;OPPO;Neo 5 2015;Marco / chasis;Compatible;5,00;;;6
OP-NEO515-BOT-COM;OPPO;Neo 5 2015;Botones laterales;Compatible;2,55;;;6
OP-NEO515-CRI-COM;OPPO;Neo 5 2015;Cristal de pantalla;Compatible;2,55;;;6
OP-NEO515-VIB-COM;OPPO;Neo 5 2015;Vibrador;Compatible;2,49;;;6
OP-NEO515-ANT-COM;OPPO;Neo 5 2015;Antena / coaxial;Compatible;2,25;;;6
OP-R5S-MAR-COM;OPPO;R5s;Marco / chasis;Compatible;5,00;;;6
OP-R5S-BOT-COM;OPPO;R5s;Botones laterales;Compatible;2,55;;;6
OP-R5S-CRI-COM;OPPO;R5s;Cristal de pantalla;Compatible;2,55;;;6
OP-R5S-VIB-COM;OPPO;R5s;Vibrador;Compatible;2,49;;;6
OP-R5S-ANT-COM;OPPO;R5s;Antena / coaxial;Compatible;2,25;;;6
OP-NEO5S-MAR-COM;OPPO;Neo 5s;Marco / chasis;Compatible;5,00;;;6
OP-NEO5S-BOT-COM;OPPO;Neo 5s;Botones laterales;Compatible;2,55;;;6
OP-NEO5S-CRI-COM;OPPO;Neo 5s;Cristal de pantalla;Compatible;2,55;;;6
OP-NEO5S-VIB-COM;OPPO;Neo 5s;Vibrador;Compatible;2,49;;;6
OP-NEO5S-ANT-COM;OPPO;Neo 5s;Antena / coaxial;Compatible;2,25;;;6
OP-R72-MAR-COM;OPPO;R7;Marco / chasis;Compatible;5,00;;;6
OP-R72-BOT-COM;OPPO;R7;Botones laterales;Compatible;2,55;;;6
OP-R72-CRI-COM;OPPO;R7;Cristal de pantalla;Compatible;2,55;;;6
OP-R72-VIB-COM;OPPO;R7;Vibrador;Compatible;2,49;;;6
OP-R72-ANT-COM;OPPO;R7;Antena / coaxial;Compatible;2,25;;;6
OP-R7PL-MAR-COM;OPPO;R7+;Marco / chasis;Compatible;5,00;;;6
OP-R7PL-BOT-COM;OPPO;R7+;Botones laterales;Compatible;2,55;;;6
OP-R7PL-CRI-COM;OPPO;R7+;Cristal de pantalla;Compatible;2,55;;;6
OP-R7PL-VIB-COM;OPPO;R7+;Vibrador;Compatible;2,49;;;6
OP-R7PL-ANT-COM;OPPO;R7+;Antena / coaxial;Compatible;2,25;;;6
OP-JOYPL-MAR-COM;OPPO;Joy Plus;Marco / chasis;Compatible;5,00;;;6
OP-JOYPL-BOT-COM;OPPO;Joy Plus;Botones laterales;Compatible;2,55;;;6
OP-JOYPL-CRI-COM;OPPO;Joy Plus;Cristal de pantalla;Compatible;2,55;;;6
OP-JOYPL-VIB-COM;OPPO;Joy Plus;Vibrador;Compatible;2,49;;;6
OP-JOYPL-ANT-COM;OPPO;Joy Plus;Antena / coaxial;Compatible;2,25;;;6
OP-N3-MAR-COM;OPPO;N3;Marco / chasis;Compatible;5,00;;;6
OP-N3-BOT-COM;OPPO;N3;Botones laterales;Compatible;2,55;;;6
OP-N3-CRI-COM;OPPO;N3;Cristal de pantalla;Compatible;2,55;;;6
OP-N3-VIB-COM;OPPO;N3;Vibrador;Compatible;2,49;;;6
OP-N3-ANT-COM;OPPO;N3;Antena / coaxial;Compatible;2,25;;;6
OP-R1X-MAR-COM;OPPO;R1x;Marco / chasis;Compatible;5,00;;;6
OP-R1X-BOT-COM;OPPO;R1x;Botones laterales;Compatible;2,55;;;6
OP-R1X-CRI-COM;OPPO;R1x;Cristal de pantalla;Compatible;2,55;;;6
OP-R1X-VIB-COM;OPPO;R1x;Vibrador;Compatible;2,49;;;6
OP-R1X-ANT-COM;OPPO;R1x;Antena / coaxial;Compatible;2,25;;;6
OP-R52-MAR-COM;OPPO;R5;Marco / chasis;Compatible;5,00;;;6
OP-R52-BOT-COM;OPPO;R5;Botones laterales;Compatible;2,55;;;6
OP-R52-ANT-COM;OPPO;R5;Antena / coaxial;Compatible;2,25;;;6
OP-N1MN-MAR-COM;OPPO;N1 mini;Marco / chasis;Compatible;5,00;;;6
OP-N1MN-BOT-COM;OPPO;N1 mini;Botones laterales;Compatible;2,55;;;6
OP-N1MN-ANT-COM;OPPO;N1 mini;Antena / coaxial;Compatible;2,25;;;6
OP-NEO3-MAR-COM;OPPO;Neo 3;Marco / chasis;Compatible;5,00;;;6
OP-NEO3-BOT-COM;OPPO;Neo 3;Botones laterales;Compatible;2,55;;;6
OP-NEO3-ANT-COM;OPPO;Neo 3;Antena / coaxial;Compatible;2,25;;;6
OP-NEO5-MAR-COM;OPPO;Neo 5;Marco / chasis;Compatible;5,00;;;6
OP-NEO5-BOT-COM;OPPO;Neo 5;Botones laterales;Compatible;2,55;;;6
OP-NEO5-ANT-COM;OPPO;Neo 5;Antena / coaxial;Compatible;2,25;;;6
OP-R1S-MAR-COM;OPPO;R1s;Marco / chasis;Compatible;5,00;;;6
OP-R1S-BOT-COM;OPPO;R1s;Botones laterales;Compatible;2,55;;;6
OP-R1S-ANT-COM;OPPO;R1s;Antena / coaxial;Compatible;2,25;;;6
OP-R32-MAR-COM;OPPO;R3;Marco / chasis;Compatible;5,00;;;6
OP-R32-BOT-COM;OPPO;R3;Botones laterales;Compatible;2,55;;;6
OP-R32-ANT-COM;OPPO;R3;Antena / coaxial;Compatible;2,25;;;6
OP-JOY-MAR-COM;OPPO;Joy;Marco / chasis;Compatible;5,00;;;6
OP-JOY-BOT-COM;OPPO;Joy;Botones laterales;Compatible;2,55;;;6
OP-JOY-ANT-COM;OPPO;Joy;Antena / coaxial;Compatible;2,25;;;6
OP-R1-MAR-COM;OPPO;R1;Marco / chasis;Compatible;5,00;;;6
OP-R1-BOT-COM;OPPO;R1;Botones laterales;Compatible;2,55;;;6
OP-R1-ANT-COM;OPPO;R1;Antena / coaxial;Compatible;2,25;;;6
OP-F7-MAR-COM;OPPO;Find 7;Marco / chasis;Compatible;5,00;;;6
OP-F7-BOT-COM;OPPO;Find 7;Botones laterales;Compatible;2,55;;;6
OP-F7-ANT-COM;OPPO;Find 7;Antena / coaxial;Compatible;2,25;;;6
OP-F7A-MAR-COM;OPPO;Find 7a;Marco / chasis;Compatible;5,00;;;6
OP-F7A-BOT-COM;OPPO;Find 7a;Botones laterales;Compatible;2,55;;;6
OP-F7A-ANT-COM;OPPO;Find 7a;Antena / coaxial;Compatible;2,25;;;6
OP-NEO-MAR-COM;OPPO;Neo;Marco / chasis;Compatible;5,00;;;6
OP-NEO-BOT-COM;OPPO;Neo;Botones laterales;Compatible;2,55;;;6
OP-NEO-ANT-COM;OPPO;Neo;Antena / coaxial;Compatible;2,25;;;6
OP-F5MN-MAR-COM;OPPO;Find 5 Mini;Marco / chasis;Compatible;5,00;;;6
OP-F5MN-BOT-COM;OPPO;Find 5 Mini;Botones laterales;Compatible;2,55;;;6
OP-F5MN-ANT-COM;OPPO;Find 5 Mini;Antena / coaxial;Compatible;2,25;;;6
OP-N1-MAR-COM;OPPO;N1;Marco / chasis;Compatible;5,00;;;6
OP-N1-BOT-COM;OPPO;N1;Botones laterales;Compatible;2,55;;;6
OP-N1-ANT-COM;OPPO;N1;Antena / coaxial;Compatible;2,25;;;6
OP-F5-ANT-COM;OPPO;Find 5;Antena / coaxial;Compatible;2,25;;;6
OP-F-ANT-COM;OPPO;Finder;Antena / coaxial;Compatible;2,25;;;6
OP-K12PL-MAR-COM;OPPO;K12 Plus;Marco / chasis;Compatible;6,89;;;6
OP-K12PL-BOT-COM;OPPO;K12 Plus;Botones laterales;Compatible;3,55;;;6
OP-K12PL-CRI-COM;OPPO;K12 Plus;Cristal de pantalla;Compatible;3,50;;;6
OP-K12PL-FPR-COM;OPPO;K12 Plus;Flex principal;Compatible;2,90;;;6
OP-K12PL-VIB-COM;OPPO;K12 Plus;Vibrador;Compatible;3,40;;;6
OP-K12PL-ANT-COM;OPPO;K12 Plus;Antena / coaxial;Compatible;3,05;;;6
OP-K12PL-HUE-COM;OPPO;K12 Plus;Botón home / huella;Compatible;5,09;;;6
OP-R7SPL-MAR-COM;OPPO;R7s Plus;Marco / chasis;Compatible;5,00;;;6
OP-R7SPL-BOT-COM;OPPO;R7s Plus;Botones laterales;Compatible;2,55;;;6
OP-R7SPL-CRI-COM;OPPO;R7s Plus;Cristal de pantalla;Compatible;2,55;;;6
OP-R7SPL-VIB-COM;OPPO;R7s Plus;Vibrador;Compatible;2,49;;;6
OP-R7SPL-ANT-COM;OPPO;R7s Plus;Antena / coaxial;Compatible;2,25;;;6
OP-R15P-MAR-COM;OPPO;R15 Pro;Marco / chasis;Compatible;5,65;;;6
OP-R15P-BOT-COM;OPPO;R15 Pro;Botones laterales;Compatible;2,89;;;6
OP-R15P-CRI-COM;OPPO;R15 Pro;Cristal de pantalla;Compatible;2,89;;;6
OP-R15P-FPR-COM;OPPO;R15 Pro;Flex principal;Compatible;2,39;;;6
OP-R15P-VIB-COM;OPPO;R15 Pro;Vibrador;Compatible;2,79;;;6
OP-R15P-ANT-COM;OPPO;R15 Pro;Antena / coaxial;Compatible;2,50;;;6
OP-R15P-HUE-COM;OPPO;R15 Pro;Botón home / huella;Compatible;4,15;;;6
OP-A3-MAR-COM;OPPO;A3;Marco / chasis;Compatible;5,65;;;6
OP-A3-BOT-COM;OPPO;A3;Botones laterales;Compatible;2,89;;;6
OP-A3-CRI-COM;OPPO;A3;Cristal de pantalla;Compatible;2,89;;;6
OP-A3-FPR-COM;OPPO;A3;Flex principal;Compatible;2,39;;;6
OP-A3-VIB-COM;OPPO;A3;Vibrador;Compatible;2,79;;;6
OP-A3-ANT-COM;OPPO;A3;Antena / coaxial;Compatible;2,50;;;6
OP-A3-HUE-COM;OPPO;A3;Botón home / huella;Compatible;4,15;;;6
OP-FX-MAR-COM;OPPO;Find X;Marco / chasis;Compatible;8,80;;;6
OP-FX-BOT-COM;OPPO;Find X;Botones laterales;Compatible;4,50;;;6
OP-FX-CRI-COM;OPPO;Find X;Cristal de pantalla;Compatible;4,50;;;6
OP-FX-FPR-COM;OPPO;Find X;Flex principal;Compatible;3,70;;;6
OP-FX-VIB-COM;OPPO;Find X;Vibrador;Compatible;4,35;;;6
OP-FX-ANT-COM;OPPO;Find X;Antena / coaxial;Compatible;3,90;;;6
OP-FX-HUE-COM;OPPO;Find X;Botón home / huella;Compatible;6,50;;;6
OP-RX17NEO-MAR-COM;OPPO;RX17 Neo;Marco / chasis;Compatible;6,49;;;6
OP-RX17NEO-BOT-COM;OPPO;RX17 Neo;Botones laterales;Compatible;3,35;;;6
OP-RX17NEO-CRI-COM;OPPO;RX17 Neo;Cristal de pantalla;Compatible;3,30;;;6
OP-RX17NEO-FPR-COM;OPPO;RX17 Neo;Flex principal;Compatible;2,75;;;6
OP-RX17NEO-VIB-COM;OPPO;RX17 Neo;Vibrador;Compatible;3,20;;;6
OP-RX17NEO-ANT-COM;OPPO;RX17 Neo;Antena / coaxial;Compatible;2,89;;;6
OP-RX17NEO-HUE-COM;OPPO;RX17 Neo;Botón home / huella;Compatible;4,79;;;6
OP-RX17P-MAR-COM;OPPO;RX17 Pro;Marco / chasis;Compatible;7,40;;;6
OP-RX17P-BOT-COM;OPPO;RX17 Pro;Botones laterales;Compatible;3,80;;;6
OP-RX17P-CRI-COM;OPPO;RX17 Pro;Cristal de pantalla;Compatible;3,79;;;6
OP-RX17P-FPR-COM;OPPO;RX17 Pro;Flex principal;Compatible;3,10;;;6
OP-RX17P-VIB-COM;OPPO;RX17 Pro;Vibrador;Compatible;3,65;;;6
OP-RX17P-ANT-COM;OPPO;RX17 Pro;Antena / coaxial;Compatible;3,29;;;6
OP-RX17P-HUE-COM;OPPO;RX17 Pro;Botón home / huella;Compatible;5,45;;;6
OP-R5-MAR-COM;OPPO;Reno 5G;Marco / chasis;Compatible;6,49;;;6
OP-R5-BOT-COM;OPPO;Reno 5G;Botones laterales;Compatible;3,35;;;6
OP-R5-CRI-COM;OPPO;Reno 5G;Cristal de pantalla;Compatible;3,30;;;6
OP-R5-FPR-COM;OPPO;Reno 5G;Flex principal;Compatible;2,75;;;6
OP-R5-VIB-COM;OPPO;Reno 5G;Vibrador;Compatible;3,20;;;6
OP-R5-ANT-COM;OPPO;Reno 5G;Antena / coaxial;Compatible;2,89;;;6
OP-R5-HUE-COM;OPPO;Reno 5G;Botón home / huella;Compatible;4,79;;;6
OP-AX7-MAR-COM;OPPO;AX7;Marco / chasis;Compatible;5,65;;;6
OP-AX7-BOT-COM;OPPO;AX7;Botones laterales;Compatible;2,89;;;6
OP-AX7-CRI-COM;OPPO;AX7;Cristal de pantalla;Compatible;2,89;;;6
OP-AX7-FPR-COM;OPPO;AX7;Flex principal;Compatible;2,39;;;6
OP-AX7-VIB-COM;OPPO;AX7;Vibrador;Compatible;2,79;;;6
OP-AX7-ANT-COM;OPPO;AX7;Antena / coaxial;Compatible;2,50;;;6
OP-AX7-HUE-COM;OPPO;AX7;Botón home / huella;Compatible;4,15;;;6
OP-A31-MAR-COM;OPPO;A31;Marco / chasis;Compatible;6,25;;;6
OP-A31-BOT-COM;OPPO;A31;Botones laterales;Compatible;3,20;;;6
OP-A31-CRI-COM;OPPO;A31;Cristal de pantalla;Compatible;3,20;;;6
OP-A31-FPR-COM;OPPO;A31;Flex principal;Compatible;2,65;;;6
OP-A31-VIB-COM;OPPO;A31;Vibrador;Compatible;3,10;;;6
OP-A31-ANT-COM;OPPO;A31;Antena / coaxial;Compatible;2,79;;;6
OP-A31-HUE-COM;OPPO;A31;Botón home / huella;Compatible;4,60;;;6
OP-R3-MAR-COM;OPPO;Reno3;Marco / chasis;Compatible;7,20;;;6
OP-R3-BOT-COM;OPPO;Reno3;Botones laterales;Compatible;3,70;;;6
OP-R3-CRI-COM;OPPO;Reno3;Cristal de pantalla;Compatible;3,69;;;6
OP-R3-FPR-COM;OPPO;Reno3;Flex principal;Compatible;3,05;;;6
OP-R3-VIB-COM;OPPO;Reno3;Vibrador;Compatible;3,55;;;6
OP-R3-ANT-COM;OPPO;Reno3;Antena / coaxial;Compatible;3,20;;;6
OP-R3-HUE-COM;OPPO;Reno3;Botón home / huella;Compatible;5,30;;;6
OP-A12-MAR-COM;OPPO;A12;Marco / chasis;Compatible;6,25;;;6
OP-A12-BOT-COM;OPPO;A12;Botones laterales;Compatible;3,20;;;6
OP-A12-CRI-COM;OPPO;A12;Cristal de pantalla;Compatible;3,20;;;6
OP-A12-FPR-COM;OPPO;A12;Flex principal;Compatible;2,65;;;6
OP-A12-VIB-COM;OPPO;A12;Vibrador;Compatible;3,10;;;6
OP-A12-ANT-COM;OPPO;A12;Antena / coaxial;Compatible;2,79;;;6
OP-A12-HUE-COM;OPPO;A12;Botón home / huella;Compatible;4,60;;;6
OP-R4-MAR-COM;OPPO;Reno4;Marco / chasis;Compatible;7,20;;;6
OP-R4-BOT-COM;OPPO;Reno4;Botones laterales;Compatible;3,70;;;6
OP-R4-CRI-COM;OPPO;Reno4;Cristal de pantalla;Compatible;3,69;;;6
OP-R4-FPR-COM;OPPO;Reno4;Flex principal;Compatible;3,05;;;6
OP-R4-VIB-COM;OPPO;Reno4;Vibrador;Compatible;3,55;;;6
OP-R4-ANT-COM;OPPO;Reno4;Antena / coaxial;Compatible;3,20;;;6
OP-R4-HUE-COM;OPPO;Reno4;Botón home / huella;Compatible;5,30;;;6
OP-R4L-MAR-COM;OPPO;Reno4 Lite;Marco / chasis;Compatible;7,20;;;6
OP-R4L-BOT-COM;OPPO;Reno4 Lite;Botones laterales;Compatible;3,70;;;6
OP-R4L-CRI-COM;OPPO;Reno4 Lite;Cristal de pantalla;Compatible;3,69;;;6
OP-R4L-FPR-COM;OPPO;Reno4 Lite;Flex principal;Compatible;3,05;;;6
OP-R4L-VIB-COM;OPPO;Reno4 Lite;Vibrador;Compatible;3,55;;;6
OP-R4L-ANT-COM;OPPO;Reno4 Lite;Antena / coaxial;Compatible;3,20;;;6
OP-R4L-HUE-COM;OPPO;Reno4 Lite;Botón home / huella;Compatible;5,30;;;6
OP-A15S-MAR-COM;OPPO;A15s;Marco / chasis;Compatible;6,25;;;6
OP-A15S-BOT-COM;OPPO;A15s;Botones laterales;Compatible;3,20;;;6
OP-A15S-CRI-COM;OPPO;A15s;Cristal de pantalla;Compatible;3,20;;;6
OP-A15S-FPR-COM;OPPO;A15s;Flex principal;Compatible;2,65;;;6
OP-A15S-VIB-COM;OPPO;A15s;Vibrador;Compatible;3,10;;;6
OP-A15S-ANT-COM;OPPO;A15s;Antena / coaxial;Compatible;2,79;;;6
OP-A15S-HUE-COM;OPPO;A15s;Botón home / huella;Compatible;4,60;;;6
OP-R5L-MAR-COM;OPPO;Reno5 Lite;Marco / chasis;Compatible;7,20;;;6
OP-R5L-BOT-COM;OPPO;Reno5 Lite;Botones laterales;Compatible;3,70;;;6
OP-R5L-CRI-COM;OPPO;Reno5 Lite;Cristal de pantalla;Compatible;3,69;;;6
OP-R5L-FPR-COM;OPPO;Reno5 Lite;Flex principal;Compatible;3,05;;;6
OP-R5L-VIB-COM;OPPO;Reno5 Lite;Vibrador;Compatible;3,55;;;6
OP-R5L-ANT-COM;OPPO;Reno5 Lite;Antena / coaxial;Compatible;3,20;;;6
OP-R5L-HUE-COM;OPPO;Reno5 Lite;Botón home / huella;Compatible;5,30;;;6
OP-A54-MAR-COM;OPPO;A54;Marco / chasis;Compatible;6,25;;;6
OP-A54-BOT-COM;OPPO;A54;Botones laterales;Compatible;3,20;;;6
OP-A54-CRI-COM;OPPO;A54;Cristal de pantalla;Compatible;3,20;;;6
OP-A54-FPR-COM;OPPO;A54;Flex principal;Compatible;2,65;;;6
OP-A54-VIB-COM;OPPO;A54;Vibrador;Compatible;3,10;;;6
OP-A54-ANT-COM;OPPO;A54;Antena / coaxial;Compatible;2,79;;;6
OP-A54-HUE-COM;OPPO;A54;Botón home / huella;Compatible;4,60;;;6
OP-A16S-MAR-COM;OPPO;A16s;Marco / chasis;Compatible;6,25;;;6
OP-A16S-BOT-COM;OPPO;A16s;Botones laterales;Compatible;3,20;;;6
OP-A16S-CRI-COM;OPPO;A16s;Cristal de pantalla;Compatible;3,20;;;6
OP-A16S-FPR-COM;OPPO;A16s;Flex principal;Compatible;2,65;;;6
OP-A16S-VIB-COM;OPPO;A16s;Vibrador;Compatible;3,10;;;6
OP-A16S-ANT-COM;OPPO;A16s;Antena / coaxial;Compatible;2,79;;;6
OP-A16S-HUE-COM;OPPO;A16s;Botón home / huella;Compatible;4,60;;;6
OP-A54S-MAR-COM;OPPO;A54s;Marco / chasis;Compatible;6,25;;;6
OP-A54S-BOT-COM;OPPO;A54s;Botones laterales;Compatible;3,20;;;6
OP-A54S-CRI-COM;OPPO;A54s;Cristal de pantalla;Compatible;3,20;;;6
OP-A54S-FPR-COM;OPPO;A54s;Flex principal;Compatible;2,65;;;6
OP-A54S-VIB-COM;OPPO;A54s;Vibrador;Compatible;3,10;;;6
OP-A54S-ANT-COM;OPPO;A54s;Antena / coaxial;Compatible;2,79;;;6
OP-A54S-HUE-COM;OPPO;A54s;Botón home / huella;Compatible;4,60;;;6
OP-A574-MAR-COM;OPPO;A57 4G;Marco / chasis;Compatible;6,25;;;6
OP-A574-BOT-COM;OPPO;A57 4G;Botones laterales;Compatible;3,20;;;6
OP-A574-CRI-COM;OPPO;A57 4G;Cristal de pantalla;Compatible;3,20;;;6
OP-A574-FPR-COM;OPPO;A57 4G;Flex principal;Compatible;2,65;;;6
OP-A574-VIB-COM;OPPO;A57 4G;Vibrador;Compatible;3,10;;;6
OP-A574-ANT-COM;OPPO;A57 4G;Antena / coaxial;Compatible;2,79;;;6
OP-A574-HUE-COM;OPPO;A57 4G;Botón home / huella;Compatible;4,60;;;6
OP-A605-MAR-COM;OPPO;A60 5G;Marco / chasis;Compatible;6,89;;;6
OP-A605-BOT-COM;OPPO;A60 5G;Botones laterales;Compatible;3,55;;;6
OP-A605-CRI-COM;OPPO;A60 5G;Cristal de pantalla;Compatible;3,50;;;6
OP-A605-FPR-COM;OPPO;A60 5G;Flex principal;Compatible;2,90;;;6
OP-A605-VIB-COM;OPPO;A60 5G;Vibrador;Compatible;3,40;;;6
OP-A605-ANT-COM;OPPO;A60 5G;Antena / coaxial;Compatible;3,05;;;6
OP-A605-HUE-COM;OPPO;A60 5G;Botón home / huella;Compatible;5,09;;;6
OP-R15FS5-MAR-COM;OPPO;Reno15 FS 5G;Marco / chasis;Compatible;7,90;;;6
OP-R15FS5-BOT-COM;OPPO;Reno15 FS 5G;Botones laterales;Compatible;4,05;;;6
OP-R15FS5-CRI-COM;OPPO;Reno15 FS 5G;Cristal de pantalla;Compatible;4,05;;;6
OP-R15FS5-FPR-COM;OPPO;Reno15 FS 5G;Flex principal;Compatible;3,35;;;6
OP-R15FS5-VIB-COM;OPPO;Reno15 FS 5G;Vibrador;Compatible;3,95;;;6
OP-R15FS5-ANT-COM;OPPO;Reno15 FS 5G;Antena / coaxial;Compatible;3,50;;;6
OP-R15FS5-HUE-COM;OPPO;Reno15 FS 5G;Botón home / huella;Compatible;5,85;;;6
OP-R155-MAR-COM;OPPO;Reno15 5G;Marco / chasis;Compatible;7,90;;;6
OP-R155-BOT-COM;OPPO;Reno15 5G;Botones laterales;Compatible;4,05;;;6
OP-R155-CRI-COM;OPPO;Reno15 5G;Cristal de pantalla;Compatible;4,05;;;6
OP-R155-FPR-COM;OPPO;Reno15 5G;Flex principal;Compatible;3,35;;;6
OP-R155-VIB-COM;OPPO;Reno15 5G;Vibrador;Compatible;3,95;;;6
OP-R155-ANT-COM;OPPO;Reno15 5G;Antena / coaxial;Compatible;3,50;;;6
OP-R155-HUE-COM;OPPO;Reno15 5G;Botón home / huella;Compatible;5,85;;;6
OP-R15F5-MAR-COM;OPPO;Reno15 F 5G;Marco / chasis;Compatible;7,90;;;6
OP-R15F5-BOT-COM;OPPO;Reno15 F 5G;Botones laterales;Compatible;4,05;;;6
OP-R15F5-CRI-COM;OPPO;Reno15 F 5G;Cristal de pantalla;Compatible;4,05;;;6
OP-R15F5-FPR-COM;OPPO;Reno15 F 5G;Flex principal;Compatible;3,35;;;6
OP-R15F5-VIB-COM;OPPO;Reno15 F 5G;Vibrador;Compatible;3,95;;;6
OP-R15F5-ANT-COM;OPPO;Reno15 F 5G;Antena / coaxial;Compatible;3,50;;;6
OP-R15F5-HUE-COM;OPPO;Reno15 F 5G;Botón home / huella;Compatible;5,85;;;6
OP-R15P5-MAR-COM;OPPO;Reno15 Pro 5G;Marco / chasis;Compatible;9,05;;;6
OP-R15P5-BOT-COM;OPPO;Reno15 Pro 5G;Botones laterales;Compatible;4,65;;;6
OP-R15P5-CRI-COM;OPPO;Reno15 Pro 5G;Cristal de pantalla;Compatible;4,60;;;6
OP-R15P5-FPR-COM;OPPO;Reno15 Pro 5G;Flex principal;Compatible;3,80;;;6
OP-R15P5-VIB-COM;OPPO;Reno15 Pro 5G;Vibrador;Compatible;4,49;;;6
OP-R15P5-ANT-COM;OPPO;Reno15 Pro 5G;Antena / coaxial;Compatible;4,00;;;6
OP-R15P5-HUE-COM;OPPO;Reno15 Pro 5G;Botón home / huella;Compatible;6,69;;;6
OP-A7PM5-MAR-COM;OPPO;A7 Pro Max 5G;Marco / chasis;Compatible;6,89;;;6
OP-A7PM5-BOT-COM;OPPO;A7 Pro Max 5G;Botones laterales;Compatible;3,55;;;6
OP-A7PM5-CRI-COM;OPPO;A7 Pro Max 5G;Cristal de pantalla;Compatible;3,50;;;6
OP-A7PM5-FPR-COM;OPPO;A7 Pro Max 5G;Flex principal;Compatible;2,90;;;6
OP-A7PM5-VIB-COM;OPPO;A7 Pro Max 5G;Vibrador;Compatible;3,40;;;6
OP-A7PM5-ANT-COM;OPPO;A7 Pro Max 5G;Antena / coaxial;Compatible;3,05;;;6
OP-A7PM5-HUE-COM;OPPO;A7 Pro Max 5G;Botón home / huella;Compatible;5,09;;;6
