referencia;marca;modelo;pieza;calidad_o_variante;precio_sin_iva;precio_5_uds;precio_10_uds;garantia_meses
RL-3P-PAN-ORI;realme;3 Pro;Pantalla;Original;38,69;37,53;36,37;12
RL-3P-PAN-COM;realme;3 Pro;Pantalla;Compatible;16,25;15,76;15,27;6
RL-3P-BAT-COM;realme;3 Pro;Batería;Compatible;10,10;9,80;9,49;6
RL-3P-CON-COM;realme;3 Pro;Conector de carga;Compatible;4,15;;;6
RL-3P-TAP-COM-MOR;realme;3 Pro;Tapa trasera;Morado;5,55;;;6
RL-3P-TAP-COM-AZU;realme;3 Pro;Tapa trasera;Azul;5,55;;;6
RL-3P-TAP-COM-GRI;realme;3 Pro;Tapa trasera;Gris (Carbon Gray);5,55;;;6
RL-3P-CTR-COM;realme;3 Pro;Cámara trasera;Compatible;8,80;;;6
RL-3P-CFR-COM;realme;3 Pro;Cámara frontal;Compatible;4,65;;;6
RL-3P-LEN-COM;realme;3 Pro;Lente de cámara;Compatible;2,95;;;6
RL-3P-ALT-COM;realme;3 Pro;Altavoz;Compatible;4,15;;;6
RL-3P-AUR-COM;realme;3 Pro;Auricular de llamada;Compatible;3,29;;;6
RL-3P-FLX-COM;realme;3 Pro;Flex de encendido y volumen;Compatible;3,20;;;6
RL-3P-SIM-COM;realme;3 Pro;Bandeja SIM;Compatible;2,99;;;6
RL-5-PAN-ORI;realme;5;Pantalla;Original;31,75;30,80;29,85;12
RL-5-PAN-COM;realme;5;Pantalla;Compatible;15,20;14,74;14,29;6
RL-5-BAT-COM;realme;5;Batería;Compatible;9,39;;;6
RL-5-CON-COM;realme;5;Conector de carga;Compatible;4,45;;;6
RL-5-TAP-COM-AZU;realme;5;Tapa trasera;Azul (Crystal Blue);5,49;;;6
RL-5-TAP-COM-MOR;realme;5;Tapa trasera;Morado (Crystal Purple);5,49;;;6
RL-5-CTR-COM;realme;5;Cámara trasera;Compatible;7,25;;;6
RL-5-CFR-COM;realme;5;Cámara frontal;Compatible;4,39;;;6
RL-5-LEN-COM;realme;5;Lente de cámara;Compatible;2,45;;;6
RL-5-ALT-COM;realme;5;Altavoz;Compatible;3,75;;;6
RL-5-AUR-COM;realme;5;Auricular de llamada;Compatible;2,65;;;6
RL-5-FLX-COM;realme;5;Flex de encendido y volumen;Compatible;2,49;;;6
RL-5-SIM-COM;realme;5;Bandeja SIM;Compatible;2,60;;;6
RL-5P-PAN-ORI;realme;5 Pro;Pantalla;Original;38,69;37,53;36,37;12
RL-5P-PAN-COM;realme;5 Pro;Pantalla;Compatible;16,25;15,76;15,27;6
RL-5P-BAT-COM;realme;5 Pro;Batería;Compatible;10,10;9,80;9,49;6
RL-5P-CON-COM;realme;5 Pro;Conector de carga;Compatible;4,15;;;6
RL-5P-TAP-COM-AZU;realme;5 Pro;Tapa trasera;Azul (Sparkling Blue);5,55;;;6
RL-5P-TAP-COM-VER;realme;5 Pro;Tapa trasera;Verde (Crystal Green);5,55;;;6
RL-5P-CTR-COM;realme;5 Pro;Cámara trasera;Compatible;8,80;;;6
RL-5P-CFR-COM;realme;5 Pro;Cámara frontal;Compatible;4,65;;;6
RL-5P-LEN-COM;realme;5 Pro;Lente de cámara;Compatible;2,95;;;6
RL-5P-ALT-COM;realme;5 Pro;Altavoz;Compatible;4,15;;;6
RL-5P-AUR-COM;realme;5 Pro;Auricular de llamada;Compatible;3,29;;;6
RL-5P-FLX-COM;realme;5 Pro;Flex de encendido y volumen;Compatible;3,20;;;6
RL-5P-SIM-COM;realme;5 Pro;Bandeja SIM;Compatible;2,99;;;6
RL-5I-PAN-ORI;realme;5i;Pantalla;Original;34,95;33,90;32,85;12
RL-5I-PAN-COM;realme;5i;Pantalla;Compatible;16,15;15,67;15,18;6
RL-5I-BAT-COM;realme;5i;Batería;Compatible;8,00;;;6
RL-5I-CON-COM;realme;5i;Conector de carga;Compatible;4,25;;;6
RL-5I-TAP-COM-AZU;realme;5i;Tapa trasera;Azul (Aqua Blue);5,60;;;6
RL-5I-TAP-COM-VER;realme;5i;Tapa trasera;Verde (Forest Green);5,60;;;6
RL-5I-CTR-COM;realme;5i;Cámara trasera;Compatible;5,90;;;6
RL-5I-CFR-COM;realme;5i;Cámara frontal;Compatible;3,25;;;6
RL-5I-LEN-COM;realme;5i;Lente de cámara;Compatible;2,49;;;6
RL-5I-ALT-COM;realme;5i;Altavoz;Compatible;3,45;;;6
RL-5I-AUR-COM;realme;5i;Auricular de llamada;Compatible;2,40;;;6
RL-5I-FLX-COM;realme;5i;Flex de encendido y volumen;Compatible;2,29;;;6
RL-5I-SIM-COM;realme;5i;Bandeja SIM;Compatible;2,65;;;6
RL-6-PAN-ORI;realme;6;Pantalla;Original;34,95;33,90;32,85;12
RL-6-PAN-COM;realme;6;Pantalla;Compatible;16,15;15,67;15,18;6
RL-6-BAT-COM;realme;6;Batería;Compatible;8,00;;;6
RL-6-CON-COM;realme;6;Conector de carga;Compatible;4,25;;;6
RL-6-TAP-COM-AZU;realme;6;Tapa trasera;Azul (Comet Blue);5,60;;;6
RL-6-TAP-COM-BLA;realme;6;Tapa trasera;Blanco (Comet White);5,60;;;6
RL-6-CTR-COM;realme;6;Cámara trasera;Compatible;5,90;;;6
RL-6-CFR-COM;realme;6;Cámara frontal;Compatible;3,25;;;6
RL-6-LEN-COM;realme;6;Lente de cámara;Compatible;2,49;;;6
RL-6-ALT-COM;realme;6;Altavoz;Compatible;3,45;;;6
RL-6-AUR-COM;realme;6;Auricular de llamada;Compatible;2,40;;;6
RL-6-FLX-COM;realme;6;Flex de encendido y volumen;Compatible;2,29;;;6
RL-6-SIM-COM;realme;6;Bandeja SIM;Compatible;2,65;;;6
RL-6P-PAN-ORI;realme;6 Pro;Pantalla;Original;42,55;41,27;40,00;12
RL-6P-PAN-COM;realme;6 Pro;Pantalla;Compatible;17,25;16,73;16,22;6
RL-6P-BAT-COM;realme;6 Pro;Batería;Compatible;8,65;;;6
RL-6P-CON-COM;realme;6 Pro;Conector de carga;Compatible;3,99;;;6
RL-6P-TAP-COM-AZU;realme;6 Pro;Tapa trasera;Azul Rayo;5,69;;;6
RL-6P-TAP-COM-ROJ;realme;6 Pro;Tapa trasera;Rojo Rayo;5,69;;;6
RL-6P-CTR-COM;realme;6 Pro;Cámara trasera;Compatible;7,19;;;6
RL-6P-CFR-COM;realme;6 Pro;Cámara frontal;Compatible;3,40;;;6
RL-6P-LEN-COM;realme;6 Pro;Lente de cámara;Compatible;2,99;;;6
RL-6P-ALT-COM;realme;6 Pro;Altavoz;Compatible;3,80;;;6
RL-6P-AUR-COM;realme;6 Pro;Auricular de llamada;Compatible;2,99;;;6
RL-6P-FLX-COM;realme;6 Pro;Flex de encendido y volumen;Compatible;2,95;;;6
RL-6P-SIM-COM;realme;6 Pro;Bandeja SIM;Compatible;3,05;;;6
RL-6I-PAN-ORI;realme;6i;Pantalla;Original;34,95;33,90;32,85;12
RL-6I-PAN-COM;realme;6i;Pantalla;Compatible;16,15;15,67;15,18;6
RL-6I-BAT-COM;realme;6i;Batería;Compatible;8,00;;;6
RL-6I-CON-COM;realme;6i;Conector de carga;Compatible;4,25;;;6
RL-6I-TAP-COM-BLA;realme;6i;Tapa trasera;Blanco crema;5,60;;;6
RL-6I-TAP-COM-TVE;realme;6i;Tapa trasera;Té verde;5,60;;;6
RL-6I-CTR-COM;realme;6i;Cámara trasera;Compatible;5,90;;;6
RL-6I-CFR-COM;realme;6i;Cámara frontal;Compatible;3,25;;;6
RL-6I-LEN-COM;realme;6i;Lente de cámara;Compatible;2,49;;;6
RL-6I-ALT-COM;realme;6i;Altavoz;Compatible;3,45;;;6
RL-6I-AUR-COM;realme;6i;Auricular de llamada;Compatible;2,40;;;6
RL-6I-FLX-COM;realme;6i;Flex de encendido y volumen;Compatible;2,29;;;6
RL-6I-SIM-COM;realme;6i;Bandeja SIM;Compatible;2,65;;;6
RL-6S-PAN-ORI;realme;6s;Pantalla;Original;34,95;33,90;32,85;12
RL-6S-PAN-COM;realme;6s;Pantalla;Compatible;16,15;15,67;15,18;6
RL-6S-BAT-COM;realme;6s;Batería;Compatible;8,00;;;6
RL-6S-CON-COM;realme;6s;Conector de carga;Compatible;4,25;;;6
RL-6S-TAP-COM-NEG;realme;6s;Tapa trasera;Negro Eclipse;5,60;;;6
RL-6S-TAP-COM-BLA;realme;6s;Tapa trasera;Blanco Lunar;5,60;;;6
RL-6S-CTR-COM;realme;6s;Cámara trasera;Compatible;5,90;;;6
RL-6S-CFR-COM;realme;6s;Cámara frontal;Compatible;3,25;;;6
RL-6S-LEN-COM;realme;6s;Lente de cámara;Compatible;2,49;;;6
RL-6S-ALT-COM;realme;6s;Altavoz;Compatible;3,45;;;6
RL-6S-AUR-COM;realme;6s;Auricular de llamada;Compatible;2,40;;;6
RL-6S-FLX-COM;realme;6s;Flex de encendido y volumen;Compatible;2,29;;;6
RL-6S-SIM-COM;realme;6s;Bandeja SIM;Compatible;2,65;;;6
RL-7-PAN-ORI;realme;7;Pantalla;Original;34,95;33,90;32,85;12
RL-7-PAN-COM;realme;7;Pantalla;Compatible;16,15;15,67;15,18;6
RL-7-BAT-COM;realme;7;Batería;Compatible;8,00;;;6
RL-7-CON-COM;realme;7;Conector de carga;Compatible;4,25;;;6
RL-7-TAP-COM-AZU;realme;7;Tapa trasera;Azul niebla;5,60;;;6
RL-7-TAP-COM-BLA;realme;7;Tapa trasera;Blanco niebla;5,60;;;6
RL-7-CTR-COM;realme;7;Cámara trasera;Compatible;5,90;;;6
RL-7-CFR-COM;realme;7;Cámara frontal;Compatible;3,25;;;6
RL-7-LEN-COM;realme;7;Lente de cámara;Compatible;2,49;;;6
RL-7-ALT-COM;realme;7;Altavoz;Compatible;3,45;;;6
RL-7-AUR-COM;realme;7;Auricular de llamada;Compatible;2,40;;;6
RL-7-FLX-COM;realme;7;Flex de encendido y volumen;Compatible;2,29;;;6
RL-7-SIM-COM;realme;7;Bandeja SIM;Compatible;2,65;;;6
RL-7P-PAN-ORI;realme;7 Pro;Pantalla;Original;76,15;73,87;71,58;12
RL-7P-PAN-INC;realme;7 Pro;Pantalla;Incell;20,30;19,69;19,08;6
RL-7P-BAT-COM;realme;7 Pro;Batería;Compatible;8,65;;;6
RL-7P-CON-COM;realme;7 Pro;Conector de carga;Compatible;3,99;;;6
RL-7P-TAP-COM-PLA;realme;7 Pro;Tapa trasera;Plata (Mirror Silver);5,69;;;6
RL-7P-TAP-COM-AZU;realme;7 Pro;Tapa trasera;Azul (Mirror Blue);5,69;;;6
RL-7P-CTR-COM;realme;7 Pro;Cámara trasera;Compatible;7,19;;;6
RL-7P-CFR-COM;realme;7 Pro;Cámara frontal;Compatible;3,40;;;6
RL-7P-LEN-COM;realme;7 Pro;Lente de cámara;Compatible;2,99;;;6
RL-7P-ALT-COM;realme;7 Pro;Altavoz;Compatible;3,80;;;6
RL-7P-AUR-COM;realme;7 Pro;Auricular de llamada;Compatible;2,99;;;6
RL-7P-FLX-COM;realme;7 Pro;Flex de encendido y volumen;Compatible;2,95;;;6
RL-7P-SIM-COM;realme;7 Pro;Bandeja SIM;Compatible;3,05;;;6
RL-75-PAN-ORI;realme;7 5G;Pantalla;Original;34,95;33,90;32,85;12
RL-75-PAN-COM;realme;7 5G;Pantalla;Compatible;16,15;15,67;15,18;6
RL-75-BAT-COM;realme;7 5G;Batería;Compatible;8,00;;;6
RL-75-CON-COM;realme;7 5G;Conector de carga;Compatible;4,25;;;6
RL-75-TAP-COM-AZU;realme;7 5G;Tapa trasera;Azul (Baltic Blue);5,60;;;6
RL-75-CTR-COM;realme;7 5G;Cámara trasera;Compatible;5,90;;;6
RL-75-CFR-COM;realme;7 5G;Cámara frontal;Compatible;3,25;;;6
RL-75-LEN-COM;realme;7 5G;Lente de cámara;Compatible;2,49;;;6
RL-75-ALT-COM;realme;7 5G;Altavoz;Compatible;3,45;;;6
RL-75-AUR-COM;realme;7 5G;Auricular de llamada;Compatible;2,40;;;6
RL-75-FLX-COM;realme;7 5G;Flex de encendido y volumen;Compatible;2,29;;;6
RL-75-SIM-COM;realme;7 5G;Bandeja SIM;Compatible;2,65;;;6
RL-7I-PAN-ORI;realme;7i;Pantalla;Original;34,95;33,90;32,85;12
RL-7I-PAN-COM;realme;7i;Pantalla;Compatible;16,15;15,67;15,18;6
RL-7I-BAT-COM;realme;7i;Batería;Compatible;8,00;;;6
RL-7I-CON-COM;realme;7i;Conector de carga;Compatible;4,25;;;6
RL-7I-TAP-COM-PLA;realme;7i;Tapa trasera;Plata ganador;5,60;;;6
RL-7I-TAP-COM-AZU;realme;7i;Tapa trasera;Azul Victoria;5,60;;;6
RL-7I-CTR-COM;realme;7i;Cámara trasera;Compatible;5,90;;;6
RL-7I-CFR-COM;realme;7i;Cámara frontal;Compatible;3,25;;;6
RL-7I-LEN-COM;realme;7i;Lente de cámara;Compatible;2,49;;;6
RL-7I-ALT-COM;realme;7i;Altavoz;Compatible;3,45;;;6
RL-7I-AUR-COM;realme;7i;Auricular de llamada;Compatible;2,40;;;6
RL-7I-FLX-COM;realme;7i;Flex de encendido y volumen;Compatible;2,29;;;6
RL-7I-SIM-COM;realme;7i;Bandeja SIM;Compatible;2,65;;;6
RL-8-PAN-ORI;realme;8;Pantalla;Original;62,55;60,67;58,80;12
RL-8-PAN-INC;realme;8;Pantalla;Incell;18,95;18,38;17,81;6
RL-8-BAT-COM;realme;8;Batería;Compatible;8,00;;;6
RL-8-CON-COM;realme;8;Conector de carga;Compatible;4,25;;;6
RL-8-TAP-COM-PLA;realme;8;Tapa trasera;Plateado Cyber;5,60;;;6
RL-8-TAP-COM-NEG;realme;8;Tapa trasera;Negro Cyber;5,60;;;6
RL-8-TAP-COM-NPU;realme;8;Tapa trasera;Negro Punk;5,60;;;6
RL-8-CTR-COM;realme;8;Cámara trasera;Compatible;5,90;;;6
RL-8-CFR-COM;realme;8;Cámara frontal;Compatible;3,25;;;6
RL-8-LEN-COM;realme;8;Lente de cámara;Compatible;2,49;;;6
RL-8-ALT-COM;realme;8;Altavoz;Compatible;3,45;;;6
RL-8-AUR-COM;realme;8;Auricular de llamada;Compatible;2,40;;;6
RL-8-FLX-COM;realme;8;Flex de encendido y volumen;Compatible;2,29;;;6
RL-8-SIM-COM;realme;8;Bandeja SIM;Compatible;2,65;;;6
RL-8P-PAN-ORI;realme;8 Pro;Pantalla;Original;76,15;73,87;71,58;12
RL-8P-PAN-INC;realme;8 Pro;Pantalla;Incell;20,30;19,69;19,08;6
RL-8P-BAT-COM;realme;8 Pro;Batería;Compatible;8,65;;;6
RL-8P-CON-COM;realme;8 Pro;Conector de carga;Compatible;3,99;;;6
RL-8P-TAP-COM-AZU;realme;8 Pro;Tapa trasera;Azul infinito;5,69;;;6
RL-8P-TAP-COM-NEG;realme;8 Pro;Tapa trasera;Negro infinito;5,69;;;6
RL-8P-TAP-COM-NPU;realme;8 Pro;Tapa trasera;Negro (Punk Black);5,69;;;6
RL-8P-CTR-COM;realme;8 Pro;Cámara trasera;Compatible;7,19;;;6
RL-8P-CFR-COM;realme;8 Pro;Cámara frontal;Compatible;3,40;;;6
RL-8P-LEN-COM;realme;8 Pro;Lente de cámara;Compatible;2,99;;;6
RL-8P-ALT-COM;realme;8 Pro;Altavoz;Compatible;3,80;;;6
RL-8P-AUR-COM;realme;8 Pro;Auricular de llamada;Compatible;2,99;;;6
RL-8P-FLX-COM;realme;8 Pro;Flex de encendido y volumen;Compatible;2,95;;;6
RL-8P-SIM-COM;realme;8 Pro;Bandeja SIM;Compatible;3,05;;;6
RL-85-PAN-ORI;realme;8 5G;Pantalla;Original;34,95;33,90;32,85;12
RL-85-PAN-COM;realme;8 5G;Pantalla;Compatible;16,15;15,67;15,18;6
RL-85-BAT-COM;realme;8 5G;Batería;Compatible;8,00;;;6
RL-85-CON-COM;realme;8 5G;Conector de carga;Compatible;4,25;;;6
RL-85-TAP-COM-AZU;realme;8 5G;Tapa trasera;Azul Supersónico;5,60;;;6
RL-85-TAP-COM-NEG;realme;8 5G;Tapa trasera;Negro Supersónico;5,60;;;6
RL-85-CTR-COM;realme;8 5G;Cámara trasera;Compatible;5,90;;;6
RL-85-CFR-COM;realme;8 5G;Cámara frontal;Compatible;3,25;;;6
RL-85-LEN-COM;realme;8 5G;Lente de cámara;Compatible;2,49;;;6
RL-85-ALT-COM;realme;8 5G;Altavoz;Compatible;3,45;;;6
RL-85-AUR-COM;realme;8 5G;Auricular de llamada;Compatible;2,40;;;6
RL-85-FLX-COM;realme;8 5G;Flex de encendido y volumen;Compatible;2,29;;;6
RL-85-SIM-COM;realme;8 5G;Bandeja SIM;Compatible;2,65;;;6
RL-8I-PAN-ORI;realme;8i;Pantalla;Original;34,95;33,90;32,85;12
RL-8I-PAN-COM;realme;8i;Pantalla;Compatible;16,15;15,67;15,18;6
RL-8I-BAT-COM;realme;8i;Batería;Compatible;8,00;;;6
RL-8I-CON-COM;realme;8i;Conector de carga;Compatible;4,25;;;6
RL-8I-TAP-COM-NEG;realme;8i;Tapa trasera;Negro espacial;5,60;;;6
RL-8I-TAP-COM-VIO;realme;8i;Tapa trasera;Violeta espacial;5,60;;;6
RL-8I-CTR-COM;realme;8i;Cámara trasera;Compatible;5,90;;;6
RL-8I-CFR-COM;realme;8i;Cámara frontal;Compatible;3,25;;;6
RL-8I-LEN-COM;realme;8i;Lente de cámara;Compatible;2,49;;;6
RL-8I-ALT-COM;realme;8i;Altavoz;Compatible;3,45;;;6
RL-8I-AUR-COM;realme;8i;Auricular de llamada;Compatible;2,40;;;6
RL-8I-FLX-COM;realme;8i;Flex de encendido y volumen;Compatible;2,29;;;6
RL-8I-SIM-COM;realme;8i;Bandeja SIM;Compatible;2,65;;;6
RL-9-PAN-ORI;realme;9;Pantalla;Original;51,60;50,05;48,50;12
RL-9-PAN-INC;realme;9;Pantalla;Incell;18,95;18,38;17,81;6
RL-9-BAT-COM;realme;9;Batería;Compatible;8,00;;;6
RL-9-CON-COM;realme;9;Conector de carga;Compatible;4,25;;;6
RL-9-TAP-COM-DOR;realme;9;Tapa trasera;Dorado duna;5,60;;;6
RL-9-TAP-COM-BLA;realme;9;Tapa trasera;Blanco interestelar;5,60;;;6
RL-9-TAP-COM-NEG;realme;9;Tapa trasera;Negro meteorito;5,60;;;6
RL-9-CTR-COM;realme;9;Cámara trasera;Compatible;5,90;;;6
RL-9-CFR-COM;realme;9;Cámara frontal;Compatible;3,25;;;6
RL-9-LEN-COM;realme;9;Lente de cámara;Compatible;2,49;;;6
RL-9-ALT-COM;realme;9;Altavoz;Compatible;3,45;;;6
RL-9-AUR-COM;realme;9;Auricular de llamada;Compatible;2,40;;;6
RL-9-FLX-COM;realme;9;Flex de encendido y volumen;Compatible;2,29;;;6
RL-9-SIM-COM;realme;9;Bandeja SIM;Compatible;2,65;;;6
RL-95-PAN-ORI;realme;9 5G;Pantalla;Original;34,95;33,90;32,85;12
RL-95-PAN-COM;realme;9 5G;Pantalla;Compatible;16,15;15,67;15,18;6
RL-95-BAT-COM;realme;9 5G;Batería;Compatible;8,00;;;6
RL-95-CON-COM;realme;9 5G;Conector de carga;Compatible;4,25;;;6
RL-95-TAP-COM-BLA;realme;9 5G;Tapa trasera;Blanco interestelar;5,60;;;6
RL-95-TAP-COM-NEG;realme;9 5G;Tapa trasera;Negro meteorito;5,60;;;6
RL-95-CTR-COM;realme;9 5G;Cámara trasera;Compatible;5,90;;;6
RL-95-CFR-COM;realme;9 5G;Cámara frontal;Compatible;3,25;;;6
RL-95-LEN-COM;realme;9 5G;Lente de cámara;Compatible;2,49;;;6
RL-95-ALT-COM;realme;9 5G;Altavoz;Compatible;3,45;;;6
RL-95-AUR-COM;realme;9 5G;Auricular de llamada;Compatible;2,40;;;6
RL-95-FLX-COM;realme;9 5G;Flex de encendido y volumen;Compatible;2,29;;;6
RL-95-SIM-COM;realme;9 5G;Bandeja SIM;Compatible;2,65;;;6
RL-9P5-PAN-ORI;realme;9 Pro 5G;Pantalla;Original;51,60;50,05;48,50;12
RL-9P5-PAN-COM;realme;9 Pro 5G;Pantalla;Compatible;17,25;16,73;16,22;6
RL-9P5-BAT-COM;realme;9 Pro 5G;Batería;Compatible;8,65;;;6
RL-9P5-CON-COM;realme;9 Pro 5G;Conector de carga;Compatible;3,99;;;6
RL-9P5-TAP-COM-AZU;realme;9 Pro 5G;Tapa trasera;Azul Amanecer;5,69;;;6
RL-9P5-TAP-COM-VER;realme;9 Pro 5G;Tapa trasera;Verde Aurora;5,69;;;6
RL-9P5-TAP-COM-NEG;realme;9 Pro 5G;Tapa trasera;Negro Medianoche;5,69;;;6
RL-9P5-CTR-COM;realme;9 Pro 5G;Cámara trasera;Compatible;7,19;;;6
RL-9P5-CFR-COM;realme;9 Pro 5G;Cámara frontal;Compatible;3,40;;;6
RL-9P5-LEN-COM;realme;9 Pro 5G;Lente de cámara;Compatible;2,99;;;6
RL-9P5-ALT-COM;realme;9 Pro 5G;Altavoz;Compatible;3,80;;;6
RL-9P5-AUR-COM;realme;9 Pro 5G;Auricular de llamada;Compatible;2,99;;;6
RL-9P5-FLX-COM;realme;9 Pro 5G;Flex de encendido y volumen;Compatible;2,95;;;6
RL-9P5-SIM-COM;realme;9 Pro 5G;Bandeja SIM;Compatible;3,05;;;6
RL-9PPL5-PAN-ORI;realme;9 Pro+ 5G;Pantalla;Original;76,15;73,87;71,58;12
RL-9PPL5-PAN-INC;realme;9 Pro+ 5G;Pantalla;Incell;20,30;19,69;19,08;6
RL-9PPL5-BAT-COM;realme;9 Pro+ 5G;Batería;Compatible;8,65;;;6
RL-9PPL5-CON-COM;realme;9 Pro+ 5G;Conector de carga;Compatible;3,99;;;6
RL-9PPL5-TAP-COM-AZU;realme;9 Pro+ 5G;Tapa trasera;Azul Amanecer;5,69;;;6
RL-9PPL5-TAP-COM-VER;realme;9 Pro+ 5G;Tapa trasera;Verde Aurora;5,69;;;6
RL-9PPL5-TAP-COM-NEG;realme;9 Pro+ 5G;Tapa trasera;Negro Medianoche;5,69;;;6
RL-9PPL5-CTR-COM;realme;9 Pro+ 5G;Cámara trasera;Compatible;7,19;;;6
RL-9PPL5-CFR-COM;realme;9 Pro+ 5G;Cámara frontal;Compatible;3,40;;;6
RL-9PPL5-LEN-COM;realme;9 Pro+ 5G;Lente de cámara;Compatible;2,99;;;6
RL-9PPL5-ALT-COM;realme;9 Pro+ 5G;Altavoz;Compatible;3,80;;;6
RL-9PPL5-AUR-COM;realme;9 Pro+ 5G;Auricular de llamada;Compatible;2,99;;;6
RL-9PPL5-FLX-COM;realme;9 Pro+ 5G;Flex de encendido y volumen;Compatible;2,95;;;6
RL-9PPL5-SIM-COM;realme;9 Pro+ 5G;Bandeja SIM;Compatible;3,05;;;6
RL-9I-PAN-ORI;realme;9i;Pantalla;Original;34,95;33,90;32,85;12
RL-9I-PAN-COM;realme;9i;Pantalla;Compatible;16,15;15,67;15,18;6
RL-9I-BAT-COM;realme;9i;Batería;Compatible;8,00;;;6
RL-9I-CON-COM;realme;9i;Conector de carga;Compatible;4,25;;;6
RL-9I-TAP-COM-AZU;realme;9i;Tapa trasera;Azul prisma;5,60;;;6
RL-9I-TAP-COM-NEG;realme;9i;Tapa trasera;Negro prisma;5,60;;;6
RL-9I-CTR-COM;realme;9i;Cámara trasera;Compatible;5,90;;;6
RL-9I-CFR-COM;realme;9i;Cámara frontal;Compatible;3,25;;;6
RL-9I-LEN-COM;realme;9i;Lente de cámara;Compatible;2,49;;;6
RL-9I-ALT-COM;realme;9i;Altavoz;Compatible;3,45;;;6
RL-9I-AUR-COM;realme;9i;Auricular de llamada;Compatible;2,40;;;6
RL-9I-FLX-COM;realme;9i;Flex de encendido y volumen;Compatible;2,29;;;6
RL-9I-SIM-COM;realme;9i;Bandeja SIM;Compatible;2,65;;;6
RL-10-PAN-ORI;realme;10;Pantalla;Original;51,60;50,05;48,50;12
RL-10-PAN-INC;realme;10;Pantalla;Incell;18,95;18,38;17,81;6
RL-10-BAT-COM;realme;10;Batería;Compatible;8,00;;;6
RL-10-CON-COM;realme;10;Conector de carga;Compatible;4,25;;;6
RL-10-TAP-COM-BLA;realme;10;Tapa trasera;Blanco impactante;5,60;;;6
RL-10-TAP-COM-NEG;realme;10;Tapa trasera;Negro ráfaga;5,60;;;6
RL-10-CTR-COM;realme;10;Cámara trasera;Compatible;5,90;;;6
RL-10-CFR-COM;realme;10;Cámara frontal;Compatible;3,25;;;6
RL-10-LEN-COM;realme;10;Lente de cámara;Compatible;2,49;;;6
RL-10-ALT-COM;realme;10;Altavoz;Compatible;3,45;;;6
RL-10-AUR-COM;realme;10;Auricular de llamada;Compatible;2,40;;;6
RL-10-FLX-COM;realme;10;Flex de encendido y volumen;Compatible;2,29;;;6
RL-10-SIM-COM;realme;10;Bandeja SIM;Compatible;2,65;;;6
RL-11P5-PAN-ORI;realme;11 Pro 5G;Pantalla;Original;78,60;76,24;73,88;12
RL-11P5-PAN-INC;realme;11 Pro 5G;Pantalla;Incell;21,60;20,95;20,30;6
RL-11P5-BAT-COM;realme;11 Pro 5G;Batería;Compatible;9,85;;;6
RL-11P5-CON-COM;realme;11 Pro 5G;Conector de carga;Compatible;4,55;;;6
RL-11P5-TAP-COM-BEI;realme;11 Pro 5G;Tapa trasera;Beige (Sunrise Beige);6,39;;;6
RL-11P5-TAP-COM-VER;realme;11 Pro 5G;Tapa trasera;Verde (Oasis Green);6,39;;;6
RL-11P5-TAP-COM-NEG;realme;11 Pro 5G;Tapa trasera;Negro (Astral Black);6,39;;;6
RL-11P5-CTR-COM;realme;11 Pro 5G;Cámara trasera;Compatible;10,05;9,75;9,45;6
RL-11P5-CFR-COM;realme;11 Pro 5G;Cámara frontal;Compatible;5,00;;;6
RL-11P5-LEN-COM;realme;11 Pro 5G;Lente de cámara;Compatible;3,10;;;6
RL-11P5-ALT-COM;realme;11 Pro 5G;Altavoz;Compatible;4,10;;;6
RL-11P5-AUR-COM;realme;11 Pro 5G;Auricular de llamada;Compatible;3,29;;;6
RL-11P5-FLX-COM;realme;11 Pro 5G;Flex de encendido y volumen;Compatible;3,60;;;6
RL-11P5-SIM-COM;realme;11 Pro 5G;Bandeja SIM;Compatible;3,00;;;6
RL-11PPL5-PAN-ORI;realme;11 Pro+ 5G;Pantalla;Original;78,60;76,24;73,88;12
RL-11PPL5-PAN-INC;realme;11 Pro+ 5G;Pantalla;Incell;21,60;20,95;20,30;6
RL-11PPL5-BAT-COM;realme;11 Pro+ 5G;Batería;Compatible;9,85;;;6
RL-11PPL5-CON-COM;realme;11 Pro+ 5G;Conector de carga;Compatible;4,55;;;6
RL-11PPL5-TAP-COM-BEI;realme;11 Pro+ 5G;Tapa trasera;Beige (Sunrise Beige);6,39;;;6
RL-11PPL5-TAP-COM-VER;realme;11 Pro+ 5G;Tapa trasera;Verde (Oasis Green);6,39;;;6
RL-11PPL5-TAP-COM-NEG;realme;11 Pro+ 5G;Tapa trasera;Negro (Astral Black);6,39;;;6
RL-11PPL5-CTR-COM;realme;11 Pro+ 5G;Cámara trasera;Compatible;10,05;9,75;9,45;6
RL-11PPL5-CFR-COM;realme;11 Pro+ 5G;Cámara frontal;Compatible;5,00;;;6
RL-11PPL5-LEN-COM;realme;11 Pro+ 5G;Lente de cámara;Compatible;3,10;;;6
RL-11PPL5-ALT-COM;realme;11 Pro+ 5G;Altavoz;Compatible;4,10;;;6
RL-11PPL5-AUR-COM;realme;11 Pro+ 5G;Auricular de llamada;Compatible;3,29;;;6
RL-11PPL5-FLX-COM;realme;11 Pro+ 5G;Flex de encendido y volumen;Compatible;3,60;;;6
RL-11PPL5-SIM-COM;realme;11 Pro+ 5G;Bandeja SIM;Compatible;3,00;;;6
RL-12-PAN-ORI;realme;12;Pantalla;Original;64,55;62,61;60,68;12
RL-12-PAN-INC;realme;12;Pantalla;Incell;20,19;19,58;18,98;6
RL-12-BAT-COM;realme;12;Batería;Compatible;9,15;;;6
RL-12-CON-COM;realme;12;Conector de carga;Compatible;4,89;;;6
RL-12-TAP-COM-AZU;realme;12;Tapa trasera;Azul;6,30;;;6
RL-12-TAP-COM-VER;realme;12;Tapa trasera;Verde;6,30;;;6
RL-12-CTR-COM;realme;12;Cámara trasera;Compatible;8,29;;;6
RL-12-CFR-COM;realme;12;Cámara frontal;Compatible;4,75;;;6
RL-12-LEN-COM;realme;12;Lente de cámara;Compatible;2,60;;;6
RL-12-ALT-COM;realme;12;Altavoz;Compatible;3,70;;;6
RL-12-AUR-COM;realme;12;Auricular de llamada;Compatible;2,65;;;6
RL-12-FLX-COM;realme;12;Flex de encendido y volumen;Compatible;2,79;;;6
RL-12-SIM-COM;realme;12;Bandeja SIM;Compatible;2,60;;;6
RL-125-PAN-ORI;realme;12 5G;Pantalla;Original;36,05;34,97;33,89;12
RL-125-PAN-COM;realme;12 5G;Pantalla;Compatible;17,19;16,67;16,16;6
RL-125-BAT-COM;realme;12 5G;Batería;Compatible;9,15;;;6
RL-125-CON-COM;realme;12 5G;Conector de carga;Compatible;4,89;;;6
RL-125-TAP-COM-MOR;realme;12 5G;Tapa trasera;Morado;6,30;;;6
RL-125-TAP-COM-VER;realme;12 5G;Tapa trasera;Verde;6,30;;;6
RL-125-CTR-COM;realme;12 5G;Cámara trasera;Compatible;8,29;;;6
RL-125-CFR-COM;realme;12 5G;Cámara frontal;Compatible;4,75;;;6
RL-125-LEN-COM;realme;12 5G;Lente de cámara;Compatible;2,60;;;6
RL-125-ALT-COM;realme;12 5G;Altavoz;Compatible;3,70;;;6
RL-125-AUR-COM;realme;12 5G;Auricular de llamada;Compatible;2,65;;;6
RL-125-FLX-COM;realme;12 5G;Flex de encendido y volumen;Compatible;2,79;;;6
RL-125-SIM-COM;realme;12 5G;Bandeja SIM;Compatible;2,60;;;6
RL-12PL5-PAN-ORI;realme;12+ 5G;Pantalla;Original;64,55;62,61;60,68;12
RL-12PL5-PAN-INC;realme;12+ 5G;Pantalla;Incell;20,19;19,58;18,98;6
RL-12PL5-BAT-COM;realme;12+ 5G;Batería;Compatible;9,15;;;6
RL-12PL5-CON-COM;realme;12+ 5G;Conector de carga;Compatible;4,89;;;6
RL-12PL5-TAP-COM-VER;realme;12+ 5G;Tapa trasera;Verde;6,30;;;6
RL-12PL5-TAP-COM-BLA;realme;12+ 5G;Tapa trasera;Blanco;6,30;;;6
RL-12PL5-CTR-COM;realme;12+ 5G;Cámara trasera;Compatible;8,29;;;6
RL-12PL5-CFR-COM;realme;12+ 5G;Cámara frontal;Compatible;4,75;;;6
RL-12PL5-LEN-COM;realme;12+ 5G;Lente de cámara;Compatible;2,60;;;6
RL-12PL5-ALT-COM;realme;12+ 5G;Altavoz;Compatible;3,70;;;6
RL-12PL5-AUR-COM;realme;12+ 5G;Auricular de llamada;Compatible;2,65;;;6
RL-12PL5-FLX-COM;realme;12+ 5G;Flex de encendido y volumen;Compatible;2,79;;;6
RL-12PL5-SIM-COM;realme;12+ 5G;Bandeja SIM;Compatible;2,60;;;6
RL-12P5-PAN-ORI;realme;12 Pro 5G;Pantalla;Original;87,20;84,58;81,97;12
RL-12P5-PAN-INC;realme;12 Pro 5G;Pantalla;Incell;21,30;20,66;20,02;6
RL-12P5-BAT-COM;realme;12 Pro 5G;Batería;Compatible;9,85;;;6
RL-12P5-CON-COM;realme;12 Pro 5G;Conector de carga;Compatible;3,90;;;6
RL-12P5-TAP-COM-AZU;realme;12 Pro 5G;Tapa trasera;Azul (Submarine Blue);6,39;;;6
RL-12P5-TAP-COM-BEI;realme;12 Pro 5G;Tapa trasera;Beige (Navigator Beige);6,39;;;6
RL-12P5-CTR-COM;realme;12 Pro 5G;Cámara trasera;Compatible;10,05;9,75;9,45;6
RL-12P5-CFR-COM;realme;12 Pro 5G;Cámara frontal;Compatible;5,00;;;6
RL-12P5-LEN-COM;realme;12 Pro 5G;Lente de cámara;Compatible;3,60;;;6
RL-12P5-ALT-COM;realme;12 Pro 5G;Altavoz;Compatible;4,10;;;6
RL-12P5-AUR-COM;realme;12 Pro 5G;Auricular de llamada;Compatible;3,29;;;6
RL-12P5-FLX-COM;realme;12 Pro 5G;Flex de encendido y volumen;Compatible;3,60;;;6
RL-12P5-SIM-COM;realme;12 Pro 5G;Bandeja SIM;Compatible;3,00;;;6
RL-12PPL5-PAN-ORI;realme;12 Pro+ 5G;Pantalla;Original;87,20;84,58;81,97;12
RL-12PPL5-PAN-INC;realme;12 Pro+ 5G;Pantalla;Incell;21,60;20,95;20,30;6
RL-12PPL5-BAT-COM;realme;12 Pro+ 5G;Batería;Compatible;9,85;;;6
RL-12PPL5-CON-COM;realme;12 Pro+ 5G;Conector de carga;Compatible;4,55;;;6
RL-12PPL5-TAP-COM-AZU;realme;12 Pro+ 5G;Tapa trasera;Azul Submarino;6,39;;;6
RL-12PPL5-TAP-COM-BEI;realme;12 Pro+ 5G;Tapa trasera;Beige navegante;6,39;;;6
RL-12PPL5-TAP-COM-ROJ;realme;12 Pro+ 5G;Tapa trasera;Rojo (Explorer Red);6,39;;;6
RL-12PPL5-CTR-COM;realme;12 Pro+ 5G;Cámara trasera;Compatible;10,05;9,75;9,45;6
RL-12PPL5-CFR-COM;realme;12 Pro+ 5G;Cámara frontal;Compatible;5,00;;;6
RL-12PPL5-LEN-COM;realme;12 Pro+ 5G;Lente de cámara;Compatible;3,10;;;6
RL-12PPL5-ALT-COM;realme;12 Pro+ 5G;Altavoz;Compatible;4,10;;;6
RL-12PPL5-AUR-COM;realme;12 Pro+ 5G;Auricular de llamada;Compatible;3,29;;;6
RL-12PPL5-FLX-COM;realme;12 Pro+ 5G;Flex de encendido y volumen;Compatible;3,60;;;6
RL-12PPL5-SIM-COM;realme;12 Pro+ 5G;Bandeja SIM;Compatible;3,00;;;6
RL-12X5-PAN-ORI;realme;12x 5G;Pantalla;Original;36,05;34,97;33,89;12
RL-12X5-PAN-COM;realme;12x 5G;Pantalla;Compatible;17,19;16,67;16,16;6
RL-12X5-BAT-COM;realme;12x 5G;Batería;Compatible;9,15;;;6
RL-12X5-CON-COM;realme;12x 5G;Conector de carga;Compatible;4,89;;;6
RL-12X5-TAP-COM-VER;realme;12x 5G;Tapa trasera;Verde pluma;6,30;;;6
RL-12X5-TAP-COM-NEG;realme;12x 5G;Tapa trasera;Negro brillante;6,30;;;6
RL-12X5-CTR-COM;realme;12x 5G;Cámara trasera;Compatible;8,29;;;6
RL-12X5-CFR-COM;realme;12x 5G;Cámara frontal;Compatible;4,75;;;6
RL-12X5-LEN-COM;realme;12x 5G;Lente de cámara;Compatible;2,60;;;6
RL-12X5-ALT-COM;realme;12x 5G;Altavoz;Compatible;3,70;;;6
RL-12X5-AUR-COM;realme;12x 5G;Auricular de llamada;Compatible;2,65;;;6
RL-12X5-FLX-COM;realme;12x 5G;Flex de encendido y volumen;Compatible;2,79;;;6
RL-12X5-SIM-COM;realme;12x 5G;Bandeja SIM;Compatible;2,60;;;6
RL-145-PAN-ORI;realme;14 5G;Pantalla;Original;67,15;65,14;63,12;12
RL-145-PAN-INC;realme;14 5G;Pantalla;Incell;21,25;20,61;19,97;6
RL-145-BAT-COM;realme;14 5G;Batería;Compatible;8,60;;;6
RL-145-CON-COM;realme;14 5G;Conector de carga;Compatible;5,85;;;6
RL-145-TAP-COM-PLA;realme;14 5G;Tapa trasera;Plateado mecánico;6,75;;;6
RL-145-TAP-COM-MAR;realme;14 5G;Tapa trasera;Marrón metálico;6,75;;;6
RL-145-TAP-COM-ROS;realme;14 5G;Tapa trasera;Rosa guerrero;6,75;;;6
RL-145-CTR-COM;realme;14 5G;Cámara trasera;Compatible;11,35;11,01;10,67;6
RL-145-CFR-COM;realme;14 5G;Cámara frontal;Compatible;6,59;;;6
RL-145-LEN-COM;realme;14 5G;Lente de cámara;Compatible;3,35;;;6
RL-145-ALT-COM;realme;14 5G;Altavoz;Compatible;4,90;;;6
RL-145-AUR-COM;realme;14 5G;Auricular de llamada;Compatible;3,70;;;6
RL-145-FLX-COM;realme;14 5G;Flex de encendido y volumen;Compatible;3,05;;;6
RL-145-SIM-COM;realme;14 5G;Bandeja SIM;Compatible;3,10;;;6
RL-14P5-PAN-ORI;realme;14 Pro 5G;Pantalla;Original;81,75;79,30;76,85;12
RL-14P5-PAN-INC;realme;14 Pro 5G;Pantalla;Incell;22,75;22,07;21,39;6
RL-14P5-BAT-COM;realme;14 Pro 5G;Batería;Compatible;9,30;;;6
RL-14P5-CON-COM;realme;14 Pro 5G;Conector de carga;Compatible;5,45;;;6
RL-14P5-TAP-COM-BLA;realme;14 Pro 5G;Tapa trasera;Blanco;6,85;;;6
RL-14P5-TAP-COM-GRI;realme;14 Pro 5G;Tapa trasera;Gris;6,85;;;6
RL-14P5-CTR-COM;realme;14 Pro 5G;Cámara trasera;Compatible;13,79;13,38;12,96;6
RL-14P5-CFR-COM;realme;14 Pro 5G;Cámara frontal;Compatible;6,99;;;6
RL-14P5-LEN-COM;realme;14 Pro 5G;Lente de cámara;Compatible;4,00;;;6
RL-14P5-ALT-COM;realme;14 Pro 5G;Altavoz;Compatible;5,40;;;6
RL-14P5-AUR-COM;realme;14 Pro 5G;Auricular de llamada;Compatible;4,60;;;6
RL-14P5-FLX-COM;realme;14 Pro 5G;Flex de encendido y volumen;Compatible;3,95;;;6
RL-14P5-SIM-COM;realme;14 Pro 5G;Bandeja SIM;Compatible;3,55;;;6
RL-14PPL5-PAN-ORI;realme;14 Pro+ 5G;Pantalla;Original;81,75;79,30;76,85;12
RL-14PPL5-PAN-INC;realme;14 Pro+ 5G;Pantalla;Incell;22,75;22,07;21,39;6
RL-14PPL5-BAT-COM;realme;14 Pro+ 5G;Batería;Compatible;9,30;;;6
RL-14PPL5-CON-COM;realme;14 Pro+ 5G;Conector de carga;Compatible;5,45;;;6
RL-14PPL5-TAP-COM-BLA;realme;14 Pro+ 5G;Tapa trasera;Blanco;6,85;;;6
RL-14PPL5-TAP-COM-GRI;realme;14 Pro+ 5G;Tapa trasera;Gris;6,85;;;6
RL-14PPL5-TAP-COM-PUR;realme;14 Pro+ 5G;Tapa trasera;Púrpura;6,85;;;6
RL-14PPL5-CTR-COM;realme;14 Pro+ 5G;Cámara trasera;Compatible;13,79;13,38;12,96;6
RL-14PPL5-CFR-COM;realme;14 Pro+ 5G;Cámara frontal;Compatible;6,99;;;6
RL-14PPL5-LEN-COM;realme;14 Pro+ 5G;Lente de cámara;Compatible;4,00;;;6
RL-14PPL5-ALT-COM;realme;14 Pro+ 5G;Altavoz;Compatible;5,40;;;6
RL-14PPL5-AUR-COM;realme;14 Pro+ 5G;Auricular de llamada;Compatible;4,60;;;6
RL-14PPL5-FLX-COM;realme;14 Pro+ 5G;Flex de encendido y volumen;Compatible;3,95;;;6
RL-14PPL5-SIM-COM;realme;14 Pro+ 5G;Bandeja SIM;Compatible;3,55;;;6
RL-14T5-PAN-ORI;realme;14T 5G;Pantalla;Original;67,15;65,14;63,12;12
RL-14T5-PAN-INC;realme;14T 5G;Pantalla;Incell;21,25;20,61;19,97;6
RL-14T5-BAT-COM;realme;14T 5G;Batería;Compatible;8,60;;;6
RL-14T5-CON-COM;realme;14T 5G;Conector de carga;Compatible;5,85;;;6
RL-14T5-TAP-COM-VER;realme;14T 5G;Tapa trasera;Verde surf;6,75;;;6
RL-14T5-TAP-COM-NEG;realme;14T 5G;Tapa trasera;Negro obsidiana;6,75;;;6
RL-14T5-TAP-COM-MOR;realme;14T 5G;Tapa trasera;Morado relámpago;6,75;;;6
RL-14T5-CTR-COM;realme;14T 5G;Cámara trasera;Compatible;11,35;11,01;10,67;6
RL-14T5-CFR-COM;realme;14T 5G;Cámara frontal;Compatible;6,59;;;6
RL-14T5-LEN-COM;realme;14T 5G;Lente de cámara;Compatible;3,35;;;6
RL-14T5-ALT-COM;realme;14T 5G;Altavoz;Compatible;4,90;;;6
RL-14T5-AUR-COM;realme;14T 5G;Auricular de llamada;Compatible;3,70;;;6
RL-14T5-FLX-COM;realme;14T 5G;Flex de encendido y volumen;Compatible;3,05;;;6
RL-14T5-SIM-COM;realme;14T 5G;Bandeja SIM;Compatible;3,10;;;6
RL-14X5-PAN-ORI;realme;14x 5G;Pantalla;Original;37,50;36,38;35,25;12
RL-14X5-PAN-COM;realme;14x 5G;Pantalla;Compatible;18,09;17,55;17,00;6
RL-14X5-BAT-COM;realme;14x 5G;Batería;Compatible;8,60;;;6
RL-14X5-CON-COM;realme;14x 5G;Conector de carga;Compatible;5,85;;;6
RL-14X5-TAP-COM-VER;realme;14x 5G;Tapa trasera;Verde;6,75;;;6
RL-14X5-TAP-COM-NEG;realme;14x 5G;Tapa trasera;Negro;6,75;;;6
RL-14X5-CTR-COM;realme;14x 5G;Cámara trasera;Compatible;11,35;11,01;10,67;6
RL-14X5-CFR-COM;realme;14x 5G;Cámara frontal;Compatible;6,59;;;6
RL-14X5-LEN-COM;realme;14x 5G;Lente de cámara;Compatible;3,35;;;6
RL-14X5-ALT-COM;realme;14x 5G;Altavoz;Compatible;4,90;;;6
RL-14X5-AUR-COM;realme;14x 5G;Auricular de llamada;Compatible;3,70;;;6
RL-14X5-FLX-COM;realme;14x 5G;Flex de encendido y volumen;Compatible;3,05;;;6
RL-14X5-SIM-COM;realme;14x 5G;Bandeja SIM;Compatible;3,10;;;6
RL-165-PAN-ORI;realme;16 5G;Pantalla;Original;67,15;65,14;63,12;12
RL-165-PAN-INC;realme;16 5G;Pantalla;Incell;21,25;20,61;19,97;6
RL-165-BAT-COM;realme;16 5G;Batería;Compatible;8,60;;;6
RL-165-CON-COM;realme;16 5G;Conector de carga;Compatible;5,85;;;6
RL-165-TAP-COM-BLA;realme;16 5G;Tapa trasera;Blanco aire;6,75;;;6
RL-165-TAP-COM-NEG;realme;16 5G;Tapa trasera;Negro aire;6,75;;;6
RL-165-CTR-COM;realme;16 5G;Cámara trasera;Compatible;11,35;11,01;10,67;6
RL-165-CFR-COM;realme;16 5G;Cámara frontal;Compatible;6,59;;;6
RL-165-LEN-COM;realme;16 5G;Lente de cámara;Compatible;3,35;;;6
RL-165-ALT-COM;realme;16 5G;Altavoz;Compatible;4,90;;;6
RL-165-AUR-COM;realme;16 5G;Auricular de llamada;Compatible;3,70;;;6
RL-165-FLX-COM;realme;16 5G;Flex de encendido y volumen;Compatible;3,05;;;6
RL-165-SIM-COM;realme;16 5G;Bandeja SIM;Compatible;3,10;;;6
RL-16P5-PAN-ORI;realme;16 Pro 5G;Pantalla;Original;81,75;79,30;76,85;12
RL-16P5-PAN-INC;realme;16 Pro 5G;Pantalla;Incell;22,75;22,07;21,39;6
RL-16P5-BAT-COM;realme;16 Pro 5G;Batería;Compatible;9,30;;;6
RL-16P5-CON-COM;realme;16 Pro 5G;Conector de carga;Compatible;5,45;;;6
RL-16P5-TAP-COM-DOR;realme;16 Pro 5G;Tapa trasera;Dorado;6,85;;;6
RL-16P5-TAP-COM-MOR;realme;16 Pro 5G;Tapa trasera;Morado;6,85;;;6
RL-16P5-TAP-COM-GRI;realme;16 Pro 5G;Tapa trasera;Gris;6,85;;;6
RL-16P5-CTR-COM;realme;16 Pro 5G;Cámara trasera;Compatible;13,79;13,38;12,96;6
RL-16P5-CFR-COM;realme;16 Pro 5G;Cámara frontal;Compatible;6,99;;;6
RL-16P5-LEN-COM;realme;16 Pro 5G;Lente de cámara;Compatible;4,00;;;6
RL-16P5-ALT-COM;realme;16 Pro 5G;Altavoz;Compatible;5,40;;;6
RL-16P5-AUR-COM;realme;16 Pro 5G;Auricular de llamada;Compatible;4,60;;;6
RL-16P5-FLX-COM;realme;16 Pro 5G;Flex de encendido y volumen;Compatible;3,95;;;6
RL-16P5-SIM-COM;realme;16 Pro 5G;Bandeja SIM;Compatible;3,55;;;6
RL-16PPL5-PAN-ORI;realme;16 Pro+ 5G;Pantalla;Original;81,75;79,30;76,85;12
RL-16PPL5-PAN-INC;realme;16 Pro+ 5G;Pantalla;Incell;22,75;22,07;21,39;6
RL-16PPL5-BAT-COM;realme;16 Pro+ 5G;Batería;Compatible;9,30;;;6
RL-16PPL5-CON-COM;realme;16 Pro+ 5G;Conector de carga;Compatible;5,45;;;6
RL-16PPL5-TAP-COM-DOR;realme;16 Pro+ 5G;Tapa trasera;Dorado;6,85;;;6
RL-16PPL5-TAP-COM-GRI;realme;16 Pro+ 5G;Tapa trasera;Gris;6,85;;;6
RL-16PPL5-CTR-COM;realme;16 Pro+ 5G;Cámara trasera;Compatible;13,79;13,38;12,96;6
RL-16PPL5-CFR-COM;realme;16 Pro+ 5G;Cámara frontal;Compatible;6,99;;;6
RL-16PPL5-LEN-COM;realme;16 Pro+ 5G;Lente de cámara;Compatible;4,00;;;6
RL-16PPL5-ALT-COM;realme;16 Pro+ 5G;Altavoz;Compatible;5,40;;;6
RL-16PPL5-AUR-COM;realme;16 Pro+ 5G;Auricular de llamada;Compatible;4,60;;;6
RL-16PPL5-FLX-COM;realme;16 Pro+ 5G;Flex de encendido y volumen;Compatible;3,95;;;6
RL-16PPL5-SIM-COM;realme;16 Pro+ 5G;Bandeja SIM;Compatible;3,55;;;6
RL-C3-PAN-ORI;realme;C3;Pantalla;Original;28,89;28,02;27,16;12
RL-C3-PAN-COM;realme;C3;Pantalla;Compatible;13,80;13,39;12,97;6
RL-C3-BAT-COM;realme;C3;Batería;Compatible;7,40;;;6
RL-C3-CON-COM;realme;C3;Conector de carga;Compatible;3,50;;;6
RL-C3-TAP-COM-AZU;realme;C3;Tapa trasera;Azul (Frozen Blue);5,00;;;6
RL-C3-TAP-COM-ROJ;realme;C3;Tapa trasera;Rojo (Blazing Red);5,00;;;6
RL-C3-CTR-COM;realme;C3;Cámara trasera;Compatible;5,20;;;6
RL-C3-CFR-COM;realme;C3;Cámara frontal;Compatible;2,80;;;6
RL-C3-LEN-COM;realme;C3;Lente de cámara;Compatible;2,59;;;6
RL-C3-ALT-COM;realme;C3;Altavoz;Compatible;3,39;;;6
RL-C3-AUR-COM;realme;C3;Auricular de llamada;Compatible;2,45;;;6
RL-C3-FLX-COM;realme;C3;Flex de encendido y volumen;Compatible;2,35;;;6
RL-C3-SIM-COM;realme;C3;Bandeja SIM;Compatible;2,85;;;6
RL-C11-PAN-ORI;realme;C11;Pantalla;Original;28,89;28,02;27,16;12
RL-C11-PAN-COM;realme;C11;Pantalla;Compatible;13,80;13,39;12,97;6
RL-C11-BAT-COM;realme;C11;Batería;Compatible;7,40;;;6
RL-C11-CON-COM;realme;C11;Conector de carga;Compatible;3,50;;;6
RL-C11-TAP-COM-MEN;realme;C11;Tapa trasera;Menta verde;5,00;;;6
RL-C11-TAP-COM-PIM;realme;C11;Tapa trasera;Pimienta gris;5,00;;;6
RL-C11-CTR-COM;realme;C11;Cámara trasera;Compatible;5,20;;;6
RL-C11-CFR-COM;realme;C11;Cámara frontal;Compatible;2,80;;;6
RL-C11-LEN-COM;realme;C11;Lente de cámara;Compatible;2,59;;;6
RL-C11-ALT-COM;realme;C11;Altavoz;Compatible;3,39;;;6
RL-C11-AUR-COM;realme;C11;Auricular de llamada;Compatible;2,45;;;6
RL-C11-FLX-COM;realme;C11;Flex de encendido y volumen;Compatible;2,35;;;6
RL-C11-SIM-COM;realme;C11;Bandeja SIM;Compatible;2,85;;;6
RL-C1121-PAN-ORI;realme;C11 2021;Pantalla;Original;28,89;28,02;27,16;12
RL-C1121-PAN-COM;realme;C11 2021;Pantalla;Compatible;13,80;13,39;12,97;6
RL-C1121-BAT-COM;realme;C11 2021;Batería;Compatible;7,40;;;6
RL-C1121-CON-COM;realme;C11 2021;Conector de carga;Compatible;3,50;;;6
RL-C1121-TAP-COM-GRI;realme;C11 2021;Tapa trasera;Gris metalizado;5,00;;;6
RL-C1121-TAP-COM-AZU;realme;C11 2021;Tapa trasera;Azul lago;5,00;;;6
RL-C1121-CTR-COM;realme;C11 2021;Cámara trasera;Compatible;5,20;;;6
RL-C1121-CFR-COM;realme;C11 2021;Cámara frontal;Compatible;2,80;;;6
RL-C1121-LEN-COM;realme;C11 2021;Lente de cámara;Compatible;2,59;;;6
RL-C1121-ALT-COM;realme;C11 2021;Altavoz;Compatible;3,39;;;6
RL-C1121-AUR-COM;realme;C11 2021;Auricular de llamada;Compatible;2,45;;;6
RL-C1121-FLX-COM;realme;C11 2021;Flex de encendido y volumen;Compatible;2,35;;;6
RL-C1121-SIM-COM;realme;C11 2021;Bandeja SIM;Compatible;2,85;;;6
RL-C21-PAN-ORI;realme;C21;Pantalla;Original;28,89;28,02;27,16;12
RL-C21-PAN-COM;realme;C21;Pantalla;Compatible;13,80;13,39;12,97;6
RL-C21-BAT-COM;realme;C21;Batería;Compatible;7,40;;;6
RL-C21-CON-COM;realme;C21;Conector de carga;Compatible;3,50;;;6
RL-C21-TAP-COM-CRU;realme;C21;Tapa trasera;Cruz azul;5,00;;;6
RL-C21-TAP-COM-CNE;realme;C21;Tapa trasera;Cruz negra;5,00;;;6
RL-C21-CTR-COM;realme;C21;Cámara trasera;Compatible;5,20;;;6
RL-C21-CFR-COM;realme;C21;Cámara frontal;Compatible;2,80;;;6
RL-C21-LEN-COM;realme;C21;Lente de cámara;Compatible;2,59;;;6
RL-C21-ALT-COM;realme;C21;Altavoz;Compatible;3,39;;;6
RL-C21-AUR-COM;realme;C21;Auricular de llamada;Compatible;2,45;;;6
RL-C21-FLX-COM;realme;C21;Flex de encendido y volumen;Compatible;2,35;;;6
RL-C21-SIM-COM;realme;C21;Bandeja SIM;Compatible;2,85;;;6
RL-C25-PAN-ORI;realme;C25;Pantalla;Original;28,89;28,02;27,16;12
RL-C25-PAN-COM;realme;C25;Pantalla;Compatible;13,80;13,39;12,97;6
RL-C25-BAT-COM;realme;C25;Batería;Compatible;7,40;;;6
RL-C25-CON-COM;realme;C25;Conector de carga;Compatible;3,50;;;6
RL-C25-TAP-COM-AZU;realme;C25;Tapa trasera;Azul agua;5,00;;;6
RL-C25-TAP-COM-GRI;realme;C25;Tapa trasera;Gris agua;5,00;;;6
RL-C25-CTR-COM;realme;C25;Cámara trasera;Compatible;5,20;;;6
RL-C25-CFR-COM;realme;C25;Cámara frontal;Compatible;2,80;;;6
RL-C25-LEN-COM;realme;C25;Lente de cámara;Compatible;2,59;;;6
RL-C25-ALT-COM;realme;C25;Altavoz;Compatible;3,39;;;6
RL-C25-AUR-COM;realme;C25;Auricular de llamada;Compatible;2,45;;;6
RL-C25-FLX-COM;realme;C25;Flex de encendido y volumen;Compatible;2,35;;;6
RL-C25-SIM-COM;realme;C25;Bandeja SIM;Compatible;2,85;;;6
RL-C25Y-PAN-ORI;realme;C25Y;Pantalla;Original;28,89;28,02;27,16;12
RL-C25Y-PAN-COM;realme;C25Y;Pantalla;Compatible;13,80;13,39;12,97;6
RL-C25Y-BAT-COM;realme;C25Y;Batería;Compatible;7,40;;;6
RL-C25Y-CON-COM;realme;C25Y;Conector de carga;Compatible;3,50;;;6
RL-C25Y-TAP-COM;realme;C25Y;Tapa trasera;Compatible;5,00;;;6
RL-C25Y-CTR-COM;realme;C25Y;Cámara trasera;Compatible;5,20;;;6
RL-C25Y-CFR-COM;realme;C25Y;Cámara frontal;Compatible;2,80;;;6
RL-C25Y-LEN-COM;realme;C25Y;Lente de cámara;Compatible;2,59;;;6
RL-C25Y-ALT-COM;realme;C25Y;Altavoz;Compatible;3,39;;;6
RL-C25Y-AUR-COM;realme;C25Y;Auricular de llamada;Compatible;2,45;;;6
RL-C25Y-FLX-COM;realme;C25Y;Flex de encendido y volumen;Compatible;2,35;;;6
RL-C25Y-SIM-COM;realme;C25Y;Bandeja SIM;Compatible;2,85;;;6
RL-C31-PAN-ORI;realme;C31;Pantalla;Original;28,89;28,02;27,16;12
RL-C31-PAN-COM;realme;C31;Pantalla;Compatible;13,80;13,39;12,97;6
RL-C31-BAT-COM;realme;C31;Batería;Compatible;7,40;;;6
RL-C31-CON-COM;realme;C31;Conector de carga;Compatible;3,50;;;6
RL-C31-TAP-COM-PLA;realme;C31;Tapa trasera;Plateado claro;5,00;;;6
RL-C31-TAP-COM-VER;realme;C31;Tapa trasera;Verde oscuro;5,00;;;6
RL-C31-CTR-COM;realme;C31;Cámara trasera;Compatible;5,20;;;6
RL-C31-CFR-COM;realme;C31;Cámara frontal;Compatible;2,80;;;6
RL-C31-LEN-COM;realme;C31;Lente de cámara;Compatible;2,59;;;6
RL-C31-ALT-COM;realme;C31;Altavoz;Compatible;3,39;;;6
RL-C31-AUR-COM;realme;C31;Auricular de llamada;Compatible;2,45;;;6
RL-C31-FLX-COM;realme;C31;Flex de encendido y volumen;Compatible;2,35;;;6
RL-C31-SIM-COM;realme;C31;Bandeja SIM;Compatible;2,85;;;6
RL-C35-PAN-ORI;realme;C35;Pantalla;Original;28,89;28,02;27,16;12
RL-C35-PAN-COM;realme;C35;Pantalla;Compatible;13,80;13,39;12,97;6
RL-C35-BAT-COM;realme;C35;Batería;Compatible;7,40;;;6
RL-C35-CON-COM;realme;C35;Conector de carga;Compatible;3,50;;;6
RL-C35-TAP-COM-VER;realme;C35;Tapa trasera;Verde brillante;5,00;;;6
RL-C35-TAP-COM-NEG;realme;C35;Tapa trasera;Negro brillante;5,00;;;6
RL-C35-CTR-COM;realme;C35;Cámara trasera;Compatible;5,20;;;6
RL-C35-CFR-COM;realme;C35;Cámara frontal;Compatible;2,80;;;6
RL-C35-LEN-COM;realme;C35;Lente de cámara;Compatible;2,59;;;6
RL-C35-ALT-COM;realme;C35;Altavoz;Compatible;3,39;;;6
RL-C35-AUR-COM;realme;C35;Auricular de llamada;Compatible;2,45;;;6
RL-C35-FLX-COM;realme;C35;Flex de encendido y volumen;Compatible;2,35;;;6
RL-C35-SIM-COM;realme;C35;Bandeja SIM;Compatible;2,85;;;6
RL-C30-PAN-ORI;realme;C30;Pantalla;Original;28,89;28,02;27,16;12
RL-C30-PAN-COM;realme;C30;Pantalla;Compatible;13,80;13,39;12,97;6
RL-C30-BAT-COM;realme;C30;Batería;Compatible;7,40;;;6
RL-C30-CON-COM;realme;C30;Conector de carga;Compatible;3,50;;;6
RL-C30-TAP-COM-AZU;realme;C30;Tapa trasera;Azul lago;5,00;;;6
RL-C30-TAP-COM-VER;realme;C30;Tapa trasera;Verde bambú;5,00;;;6
RL-C30-TAP-COM-NEG;realme;C30;Tapa trasera;Negro vaquero;5,00;;;6
RL-C30-CTR-COM;realme;C30;Cámara trasera;Compatible;5,20;;;6
RL-C30-CFR-COM;realme;C30;Cámara frontal;Compatible;2,80;;;6
RL-C30-LEN-COM;realme;C30;Lente de cámara;Compatible;2,59;;;6
RL-C30-ALT-COM;realme;C30;Altavoz;Compatible;3,39;;;6
RL-C30-AUR-COM;realme;C30;Auricular de llamada;Compatible;2,45;;;6
RL-C30-FLX-COM;realme;C30;Flex de encendido y volumen;Compatible;2,35;;;6
RL-C30-SIM-COM;realme;C30;Bandeja SIM;Compatible;2,85;;;6
RL-C33-PAN-ORI;realme;C33;Pantalla;Original;28,89;28,02;27,16;12
RL-C33-PAN-COM;realme;C33;Pantalla;Compatible;13,80;13,39;12,97;6
RL-C33-BAT-COM;realme;C33;Batería;Compatible;7,40;;;6
RL-C33-CON-COM;realme;C33;Conector de carga;Compatible;3,50;;;6
RL-C33-TAP-COM-DOR;realme;C33;Tapa trasera;Dorado arena;5,00;;;6
RL-C33-TAP-COM-AZU;realme;C33;Tapa trasera;Azul (Aqua Blue);5,00;;;6
RL-C33-TAP-COM-NEG;realme;C33;Tapa trasera;Negro marino;5,00;;;6
RL-C33-CTR-COM;realme;C33;Cámara trasera;Compatible;5,20;;;6
RL-C33-CFR-COM;realme;C33;Cámara frontal;Compatible;2,80;;;6
RL-C33-LEN-COM;realme;C33;Lente de cámara;Compatible;2,59;;;6
RL-C33-ALT-COM;realme;C33;Altavoz;Compatible;3,39;;;6
RL-C33-AUR-COM;realme;C33;Auricular de llamada;Compatible;2,45;;;6
RL-C33-FLX-COM;realme;C33;Flex de encendido y volumen;Compatible;2,35;;;6
RL-C33-SIM-COM;realme;C33;Bandeja SIM;Compatible;2,85;;;6
RL-C55-PAN-ORI;realme;C55;Pantalla;Original;29,80;28,91;28,01;12
RL-C55-PAN-COM;realme;C55;Pantalla;Compatible;14,00;13,58;13,16;6
RL-C55-BAT-COM;realme;C55;Batería;Compatible;8,45;;;6
RL-C55-CON-COM;realme;C55;Conector de carga;Compatible;4,00;;;6
RL-C55-TAP-COM-BRI;realme;C55;Tapa trasera;Brillo solar;5,60;;;6
RL-C55-TAP-COM-NOC;realme;C55;Tapa trasera;Noche lluviosa;5,60;;;6
RL-C55-CTR-COM;realme;C55;Cámara trasera;Compatible;7,29;;;6
RL-C55-CFR-COM;realme;C55;Cámara frontal;Compatible;3,15;;;6
RL-C55-LEN-COM;realme;C55;Lente de cámara;Compatible;3,30;;;6
RL-C55-ALT-COM;realme;C55;Altavoz;Compatible;3,65;;;6
RL-C55-AUR-COM;realme;C55;Auricular de llamada;Compatible;2,65;;;6
RL-C55-FLX-COM;realme;C55;Flex de encendido y volumen;Compatible;2,85;;;6
RL-C55-SIM-COM;realme;C55;Bandeja SIM;Compatible;3,05;;;6
RL-C51-PAN-ORI;realme;C51;Pantalla;Original;29,80;28,91;28,01;12
RL-C51-PAN-COM;realme;C51;Pantalla;Compatible;14,70;14,26;13,82;6
RL-C51-BAT-COM;realme;C51;Batería;Compatible;8,45;;;6
RL-C51-CON-COM;realme;C51;Conector de carga;Compatible;4,00;;;6
RL-C51-TAP-COM-VER;realme;C51;Tapa trasera;Verde menta;5,60;;;6
RL-C51-TAP-COM-NEG;realme;C51;Tapa trasera;Negro carbono;5,60;;;6
RL-C51-CTR-COM;realme;C51;Cámara trasera;Compatible;7,29;;;6
RL-C51-CFR-COM;realme;C51;Cámara frontal;Compatible;4,10;;;6
RL-C51-LEN-COM;realme;C51;Lente de cámara;Compatible;2,70;;;6
RL-C51-ALT-COM;realme;C51;Altavoz;Compatible;3,65;;;6
RL-C51-AUR-COM;realme;C51;Auricular de llamada;Compatible;2,65;;;6
RL-C51-FLX-COM;realme;C51;Flex de encendido y volumen;Compatible;2,85;;;6
RL-C51-SIM-COM;realme;C51;Bandeja SIM;Compatible;2,80;;;6
RL-C53-PAN-ORI;realme;C53;Pantalla;Original;29,80;28,91;28,01;12
RL-C53-PAN-COM;realme;C53;Pantalla;Compatible;14,70;14,26;13,82;6
RL-C53-BAT-COM;realme;C53;Batería;Compatible;8,45;;;6
RL-C53-CON-COM;realme;C53;Conector de carga;Compatible;4,00;;;6
RL-C53-TAP-COM-DOR;realme;C53;Tapa trasera;Dorado Champion;5,60;;;6
RL-C53-TAP-COM-NEG;realme;C53;Tapa trasera;Negro profundo;5,60;;;6
RL-C53-CTR-COM;realme;C53;Cámara trasera;Compatible;7,29;;;6
RL-C53-CFR-COM;realme;C53;Cámara frontal;Compatible;4,10;;;6
RL-C53-LEN-COM;realme;C53;Lente de cámara;Compatible;2,70;;;6
RL-C53-ALT-COM;realme;C53;Altavoz;Compatible;3,65;;;6
RL-C53-AUR-COM;realme;C53;Auricular de llamada;Compatible;2,65;;;6
RL-C53-FLX-COM;realme;C53;Flex de encendido y volumen;Compatible;2,85;;;6
RL-C53-SIM-COM;realme;C53;Bandeja SIM;Compatible;2,80;;;6
RL-C67-PAN-ORI;realme;C67;Pantalla;Original;29,80;28,91;28,01;12
RL-C67-PAN-COM;realme;C67;Pantalla;Compatible;14,70;14,26;13,82;6
RL-C67-BAT-COM;realme;C67;Batería;Compatible;8,45;;;6
RL-C67-CON-COM;realme;C67;Conector de carga;Compatible;4,00;;;6
RL-C67-TAP-COM-SUN;realme;C67;Tapa trasera;Sunny Oasis;5,60;;;6
RL-C67-TAP-COM-NEG;realme;C67;Tapa trasera;Negro (Black Rock);5,60;;;6
RL-C67-CTR-COM;realme;C67;Cámara trasera;Compatible;7,29;;;6
RL-C67-CFR-COM;realme;C67;Cámara frontal;Compatible;4,10;;;6
RL-C67-LEN-COM;realme;C67;Lente de cámara;Compatible;2,70;;;6
RL-C67-ALT-COM;realme;C67;Altavoz;Compatible;3,65;;;6
RL-C67-AUR-COM;realme;C67;Auricular de llamada;Compatible;2,65;;;6
RL-C67-FLX-COM;realme;C67;Flex de encendido y volumen;Compatible;2,85;;;6
RL-C67-SIM-COM;realme;C67;Bandeja SIM;Compatible;2,80;;;6
RL-C65-PAN-ORI;realme;C65;Pantalla;Original;29,80;28,91;28,01;12
RL-C65-PAN-COM;realme;C65;Pantalla;Compatible;14,70;14,26;13,82;6
RL-C65-BAT-COM;realme;C65;Batería;Compatible;8,45;;;6
RL-C65-CON-COM;realme;C65;Conector de carga;Compatible;4,00;;;6
RL-C65-TAP-COM-DOR;realme;C65;Tapa trasera;Dorado estelar;5,60;;;6
RL-C65-TAP-COM-NEG;realme;C65;Tapa trasera;Negro estelar;5,60;;;6
RL-C65-CTR-COM;realme;C65;Cámara trasera;Compatible;7,29;;;6
RL-C65-CFR-COM;realme;C65;Cámara frontal;Compatible;4,10;;;6
RL-C65-LEN-COM;realme;C65;Lente de cámara;Compatible;2,70;;;6
RL-C65-ALT-COM;realme;C65;Altavoz;Compatible;3,65;;;6
RL-C65-AUR-COM;realme;C65;Auricular de llamada;Compatible;2,65;;;6
RL-C65-FLX-COM;realme;C65;Flex de encendido y volumen;Compatible;2,85;;;6
RL-C65-SIM-COM;realme;C65;Bandeja SIM;Compatible;2,80;;;6
RL-C61-PAN-ORI;realme;C61;Pantalla;Original;29,80;28,91;28,01;12
RL-C61-PAN-COM;realme;C61;Pantalla;Compatible;14,70;14,26;13,82;6
RL-C61-BAT-COM;realme;C61;Batería;Compatible;8,45;;;6
RL-C61-CON-COM;realme;C61;Conector de carga;Compatible;4,00;;;6
RL-C61-TAP-COM-DOR;realme;C61;Tapa trasera;Dorado;5,60;;;6
RL-C61-TAP-COM-VER;realme;C61;Tapa trasera;Verde;5,60;;;6
RL-C61-CTR-COM;realme;C61;Cámara trasera;Compatible;7,29;;;6
RL-C61-CFR-COM;realme;C61;Cámara frontal;Compatible;4,10;;;6
RL-C61-LEN-COM;realme;C61;Lente de cámara;Compatible;2,70;;;6
RL-C61-ALT-COM;realme;C61;Altavoz;Compatible;3,65;;;6
RL-C61-AUR-COM;realme;C61;Auricular de llamada;Compatible;2,65;;;6
RL-C61-FLX-COM;realme;C61;Flex de encendido y volumen;Compatible;2,85;;;6
RL-C61-SIM-COM;realme;C61;Bandeja SIM;Compatible;2,80;;;6
RL-C63-PAN-ORI;realme;C63;Pantalla;Original;29,80;28,91;28,01;12
RL-C63-PAN-COM;realme;C63;Pantalla;Compatible;14,70;14,26;13,82;6
RL-C63-BAT-COM;realme;C63;Batería;Compatible;8,45;;;6
RL-C63-CON-COM;realme;C63;Conector de carga;Compatible;4,00;;;6
RL-C63-TAP-COM-AZU;realme;C63;Tapa trasera;Azul;5,60;;;6
RL-C63-TAP-COM-VER;realme;C63;Tapa trasera;Verde;5,60;;;6
RL-C63-CTR-COM;realme;C63;Cámara trasera;Compatible;7,29;;;6
RL-C63-CFR-COM;realme;C63;Cámara frontal;Compatible;4,10;;;6
RL-C63-LEN-COM;realme;C63;Lente de cámara;Compatible;2,70;;;6
RL-C63-ALT-COM;realme;C63;Altavoz;Compatible;3,65;;;6
RL-C63-AUR-COM;realme;C63;Auricular de llamada;Compatible;2,65;;;6
RL-C63-FLX-COM;realme;C63;Flex de encendido y volumen;Compatible;2,85;;;6
RL-C63-SIM-COM;realme;C63;Bandeja SIM;Compatible;2,80;;;6
RL-C75-PAN-ORI;realme;C75;Pantalla;Original;29,80;28,91;28,01;12
RL-C75-PAN-COM;realme;C75;Pantalla;Compatible;14,70;14,26;13,82;6
RL-C75-BAT-COM;realme;C75;Batería;Compatible;8,45;;;6
RL-C75-CON-COM;realme;C75;Conector de carga;Compatible;4,00;;;6
RL-C75-TAP-COM-DOR;realme;C75;Tapa trasera;Dorado;5,60;;;6
RL-C75-TAP-COM-NEG;realme;C75;Tapa trasera;Negro;5,60;;;6
RL-C75-CTR-COM;realme;C75;Cámara trasera;Compatible;7,29;;;6
RL-C75-CFR-COM;realme;C75;Cámara frontal;Compatible;4,10;;;6
RL-C75-LEN-COM;realme;C75;Lente de cámara;Compatible;2,70;;;6
RL-C75-ALT-COM;realme;C75;Altavoz;Compatible;3,65;;;6
RL-C75-AUR-COM;realme;C75;Auricular de llamada;Compatible;2,65;;;6
RL-C75-FLX-COM;realme;C75;Flex de encendido y volumen;Compatible;2,85;;;6
RL-C75-SIM-COM;realme;C75;Bandeja SIM;Compatible;2,80;;;6
RL-C71-PAN-ORI;realme;C71;Pantalla;Original;30,99;30,06;29,13;12
RL-C71-PAN-COM;realme;C71;Pantalla;Compatible;15,49;15,03;14,56;6
RL-C71-BAT-COM;realme;C71;Batería;Compatible;7,95;;;6
RL-C71-CON-COM;realme;C71;Conector de carga;Compatible;4,79;;;6
RL-C71-TAP-COM-BLA;realme;C71;Tapa trasera;Blanco cisne;6,00;;;6
RL-C71-TAP-COM-VER;realme;C71;Tapa trasera;Verde oscuro;6,00;;;6
RL-C71-CTR-COM;realme;C71;Cámara trasera;Compatible;9,95;;;6
RL-C71-CFR-COM;realme;C71;Cámara frontal;Compatible;5,75;;;6
RL-C71-LEN-COM;realme;C71;Lente de cámara;Compatible;3,49;;;6
RL-C71-ALT-COM;realme;C71;Altavoz;Compatible;4,80;;;6
RL-C71-AUR-COM;realme;C71;Auricular de llamada;Compatible;3,75;;;6
RL-C71-FLX-COM;realme;C71;Flex de encendido y volumen;Compatible;3,10;;;6
RL-C71-SIM-COM;realme;C71;Bandeja SIM;Compatible;3,35;;;6
RL-C1005-PAN-ORI;realme;C100 5G;Pantalla;Original;30,99;30,06;29,13;12
RL-C1005-PAN-COM;realme;C100 5G;Pantalla;Compatible;15,49;15,03;14,56;6
RL-C1005-BAT-COM;realme;C100 5G;Batería;Compatible;7,95;;;6
RL-C1005-CON-COM;realme;C100 5G;Conector de carga;Compatible;4,79;;;6
RL-C1005-TAP-COM-MOR;realme;C100 5G;Tapa trasera;Morado (Blooming Purple);6,00;;;6
RL-C1005-TAP-COM-VER;realme;C100 5G;Tapa trasera;Verde (Sprouting Green);6,00;;;6
RL-C1005-CTR-COM;realme;C100 5G;Cámara trasera;Compatible;9,95;;;6
RL-C1005-CFR-COM;realme;C100 5G;Cámara frontal;Compatible;5,75;;;6
RL-C1005-LEN-COM;realme;C100 5G;Lente de cámara;Compatible;3,49;;;6
RL-C1005-ALT-COM;realme;C100 5G;Altavoz;Compatible;4,80;;;6
RL-C1005-AUR-COM;realme;C100 5G;Auricular de llamada;Compatible;3,75;;;6
RL-C1005-FLX-COM;realme;C100 5G;Flex de encendido y volumen;Compatible;3,10;;;6
RL-C1005-SIM-COM;realme;C100 5G;Bandeja SIM;Compatible;3,35;;;6
RL-N50-PAN-ORI;realme;Note 50;Pantalla;Original;29,80;28,91;28,01;12
RL-N50-PAN-COM;realme;Note 50;Pantalla;Compatible;14,85;14,40;13,96;6
RL-N50-BAT-COM;realme;Note 50;Batería;Compatible;8,45;;;6
RL-N50-CON-COM;realme;Note 50;Conector de carga;Compatible;4,00;;;6
RL-N50-TAP-COM-AZU;realme;Note 50;Tapa trasera;Azul cielo;5,60;;;6
RL-N50-TAP-COM-NEG;realme;Note 50;Tapa trasera;Negro Medianoche;5,60;;;6
RL-N50-CTR-COM;realme;Note 50;Cámara trasera;Compatible;7,29;;;6
RL-N50-CFR-COM;realme;Note 50;Cámara frontal;Compatible;4,45;;;6
RL-N50-LEN-COM;realme;Note 50;Lente de cámara;Compatible;2,60;;;6
RL-N50-ALT-COM;realme;Note 50;Altavoz;Compatible;3,65;;;6
RL-N50-AUR-COM;realme;Note 50;Auricular de llamada;Compatible;2,65;;;6
RL-N50-FLX-COM;realme;Note 50;Flex de encendido y volumen;Compatible;2,85;;;6
RL-N50-SIM-COM;realme;Note 50;Bandeja SIM;Compatible;2,75;;;6
RL-N60-PAN-ORI;realme;Note 60;Pantalla;Original;29,80;28,91;28,01;12
RL-N60-PAN-COM;realme;Note 60;Pantalla;Compatible;14,85;14,40;13,96;6
RL-N60-BAT-COM;realme;Note 60;Batería;Compatible;8,45;;;6
RL-N60-CON-COM;realme;Note 60;Conector de carga;Compatible;4,00;;;6
RL-N60-TAP-COM-AZU;realme;Note 60;Tapa trasera;Azul;5,60;;;6
RL-N60-TAP-COM-NEG;realme;Note 60;Tapa trasera;Negro;5,60;;;6
RL-N60-CTR-COM;realme;Note 60;Cámara trasera;Compatible;7,29;;;6
RL-N60-CFR-COM;realme;Note 60;Cámara frontal;Compatible;4,45;;;6
RL-N60-LEN-COM;realme;Note 60;Lente de cámara;Compatible;2,60;;;6
RL-N60-ALT-COM;realme;Note 60;Altavoz;Compatible;3,65;;;6
RL-N60-AUR-COM;realme;Note 60;Auricular de llamada;Compatible;2,65;;;6
RL-N60-FLX-COM;realme;Note 60;Flex de encendido y volumen;Compatible;2,85;;;6
RL-N60-SIM-COM;realme;Note 60;Bandeja SIM;Compatible;2,75;;;6
RL-N70T-PAN-ORI;realme;Note 70T;Pantalla;Original;30,99;30,06;29,13;12
RL-N70T-PAN-COM;realme;Note 70T;Pantalla;Compatible;15,65;15,18;14,71;6
RL-N70T-BAT-COM;realme;Note 70T;Batería;Compatible;7,95;;;6
RL-N70T-CON-COM;realme;Note 70T;Conector de carga;Compatible;4,79;;;6
RL-N70T-TAP-COM-DOR;realme;Note 70T;Tapa trasera;Dorado playa;6,00;;;6
RL-N70T-TAP-COM-NEG;realme;Note 70T;Tapa trasera;Negro obsidiana;6,00;;;6
RL-N70T-CTR-COM;realme;Note 70T;Cámara trasera;Compatible;9,95;;;6
RL-N70T-CFR-COM;realme;Note 70T;Cámara frontal;Compatible;6,15;;;6
RL-N70T-LEN-COM;realme;Note 70T;Lente de cámara;Compatible;3,35;;;6
RL-N70T-ALT-COM;realme;Note 70T;Altavoz;Compatible;4,80;;;6
RL-N70T-AUR-COM;realme;Note 70T;Auricular de llamada;Compatible;3,75;;;6
RL-N70T-FLX-COM;realme;Note 70T;Flex de encendido y volumen;Compatible;3,10;;;6
RL-N70T-SIM-COM;realme;Note 70T;Bandeja SIM;Compatible;3,25;;;6
RL-GT5-PAN-ORI;realme;GT 5G;Pantalla;Original;74,35;72,12;69,89;12
RL-GT5-PAN-INC;realme;GT 5G;Pantalla;Incell;20,20;19,59;18,99;6
RL-GT5-BAT-COM;realme;GT 5G;Batería;Compatible;8,65;;;6
RL-GT5-CON-COM;realme;GT 5G;Conector de carga;Compatible;4,05;;;6
RL-GT5-TAP-COM-AMA;realme;GT 5G;Tapa trasera;Amarillo (Racing Yellow);5,69;;;6
RL-GT5-TAP-COM-AZU;realme;GT 5G;Tapa trasera;Azul (Dashing Blue);5,69;;;6
RL-GT5-TAP-COM-PLA;realme;GT 5G;Tapa trasera;Plata (Dashing Silver);5,69;;;6
RL-GT5-CTR-COM;realme;GT 5G;Cámara trasera;Compatible;7,19;;;6
RL-GT5-CFR-COM;realme;GT 5G;Cámara frontal;Compatible;3,40;;;6
RL-GT5-LEN-COM;realme;GT 5G;Lente de cámara;Compatible;2,89;;;6
RL-GT5-ALT-COM;realme;GT 5G;Altavoz;Compatible;3,80;;;6
RL-GT5-AUR-COM;realme;GT 5G;Auricular de llamada;Compatible;2,99;;;6
RL-GT5-FLX-COM;realme;GT 5G;Flex de encendido y volumen;Compatible;2,95;;;6
RL-GT5-SIM-COM;realme;GT 5G;Bandeja SIM;Compatible;3,05;;;6
RL-GTME-PAN-ORI;realme;GT Master Edition;Pantalla;Original;74,35;72,12;69,89;12
RL-GTME-PAN-INC;realme;GT Master Edition;Pantalla;Incell;20,20;19,59;18,99;6
RL-GTME-BAT-COM;realme;GT Master Edition;Batería;Compatible;8,65;;;6
RL-GTME-CON-COM;realme;GT Master Edition;Conector de carga;Compatible;4,05;;;6
RL-GTME-TAP-COM-GRI;realme;GT Master Edition;Tapa trasera;Gris voyager;5,69;;;6
RL-GTME-TAP-COM-BLA;realme;GT Master Edition;Tapa trasera;Blanco luna;5,69;;;6
RL-GTME-TAP-COM-NEG;realme;GT Master Edition;Tapa trasera;Negro Cosmos;5,69;;;6
RL-GTME-CTR-COM;realme;GT Master Edition;Cámara trasera;Compatible;7,19;;;6
RL-GTME-CFR-COM;realme;GT Master Edition;Cámara frontal;Compatible;3,40;;;6
RL-GTME-LEN-COM;realme;GT Master Edition;Lente de cámara;Compatible;2,89;;;6
RL-GTME-ALT-COM;realme;GT Master Edition;Altavoz;Compatible;3,80;;;6
RL-GTME-AUR-COM;realme;GT Master Edition;Auricular de llamada;Compatible;2,99;;;6
RL-GTME-FLX-COM;realme;GT Master Edition;Flex de encendido y volumen;Compatible;2,95;;;6
RL-GTME-SIM-COM;realme;GT Master Edition;Bandeja SIM;Compatible;3,05;;;6
RL-GTNEO2-PAN-ORI;realme;GT Neo 2;Pantalla;Original;74,35;72,12;69,89;12
RL-GTNEO2-PAN-INC;realme;GT Neo 2;Pantalla;Incell;20,20;19,59;18,99;6
RL-GTNEO2-BAT-COM;realme;GT Neo 2;Batería;Compatible;8,65;;;6
RL-GTNEO2-CON-COM;realme;GT Neo 2;Conector de carga;Compatible;4,05;;;6
RL-GTNEO2-TAP-COM-NEG;realme;GT Neo 2;Tapa trasera;Negro (Neo Black);5,69;;;6
RL-GTNEO2-TAP-COM-AZU;realme;GT Neo 2;Tapa trasera;Azul (Neo Blue);5,69;;;6
RL-GTNEO2-TAP-COM-VER;realme;GT Neo 2;Tapa trasera;Verde (Neo Green);5,69;;;6
RL-GTNEO2-CTR-COM;realme;GT Neo 2;Cámara trasera;Compatible;7,19;;;6
RL-GTNEO2-CFR-COM;realme;GT Neo 2;Cámara frontal;Compatible;3,40;;;6
RL-GTNEO2-LEN-COM;realme;GT Neo 2;Lente de cámara;Compatible;2,89;;;6
RL-GTNEO2-ALT-COM;realme;GT Neo 2;Altavoz;Compatible;3,80;;;6
RL-GTNEO2-AUR-COM;realme;GT Neo 2;Auricular de llamada;Compatible;2,99;;;6
RL-GTNEO2-FLX-COM;realme;GT Neo 2;Flex de encendido y volumen;Compatible;2,95;;;6
RL-GTNEO2-SIM-COM;realme;GT Neo 2;Bandeja SIM;Compatible;3,05;;;6
RL-GT2-PAN-ORI;realme;GT 2;Pantalla;Original;74,35;72,12;69,89;12
RL-GT2-PAN-INC;realme;GT 2;Pantalla;Incell;20,20;19,59;18,99;6
RL-GT2-BAT-COM;realme;GT 2;Batería;Compatible;8,45;;;6
RL-GT2-CON-COM;realme;GT 2;Conector de carga;Compatible;4,05;;;6
RL-GT2-TAP-COM-BLA;realme;GT 2;Tapa trasera;Blanco Papel;5,69;;;6
RL-GT2-TAP-COM-VER;realme;GT 2;Tapa trasera;Verde Papel;5,69;;;6
RL-GT2-TAP-COM-ACE;realme;GT 2;Tapa trasera;Acero Negro;5,69;;;6
RL-GT2-CTR-COM;realme;GT 2;Cámara trasera;Compatible;7,19;;;6
RL-GT2-CFR-COM;realme;GT 2;Cámara frontal;Compatible;3,40;;;6
RL-GT2-LEN-COM;realme;GT 2;Lente de cámara;Compatible;2,89;;;6
RL-GT2-ALT-COM;realme;GT 2;Altavoz;Compatible;3,80;;;6
RL-GT2-AUR-COM;realme;GT 2;Auricular de llamada;Compatible;2,99;;;6
RL-GT2-FLX-COM;realme;GT 2;Flex de encendido y volumen;Compatible;2,95;;;6
RL-GT2-SIM-COM;realme;GT 2;Bandeja SIM;Compatible;3,05;;;6
RL-GT2P-PAN-ORI;realme;GT 2 Pro;Pantalla;Original;106,40;103,21;100,02;12
RL-GT2P-PAN-INC;realme;GT 2 Pro;Pantalla;Incell;26,60;25,80;25,00;6
RL-GT2P-BAT-COM;realme;GT 2 Pro;Batería;Compatible;8,45;;;6
RL-GT2P-CON-COM;realme;GT 2 Pro;Conector de carga;Compatible;5,45;;;6
RL-GT2P-TAP-COM-BLA;realme;GT 2 Pro;Tapa trasera;Blanco Papel;6,99;;;6
RL-GT2P-TAP-COM-VER;realme;GT 2 Pro;Tapa trasera;Verde Papel;6,99;;;6
RL-GT2P-TAP-COM-ACE;realme;GT 2 Pro;Tapa trasera;Acero Negro;6,99;;;6
RL-GT2P-CTR-COM;realme;GT 2 Pro;Cámara trasera;Compatible;8,99;;;6
RL-GT2P-CFR-COM;realme;GT 2 Pro;Cámara frontal;Compatible;4,29;;;6
RL-GT2P-LEN-COM;realme;GT 2 Pro;Lente de cámara;Compatible;3,35;;;6
RL-GT2P-ALT-COM;realme;GT 2 Pro;Altavoz;Compatible;4,35;;;6
RL-GT2P-AUR-COM;realme;GT 2 Pro;Auricular de llamada;Compatible;3,25;;;6
RL-GT2P-FLX-COM;realme;GT 2 Pro;Flex de encendido y volumen;Compatible;3,25;;;6
RL-GT2P-SIM-COM;realme;GT 2 Pro;Bandeja SIM;Compatible;3,30;;;6
RL-GTNEO3-PAN-ORI;realme;GT Neo 3;Pantalla;Original;74,35;72,12;69,89;12
RL-GTNEO3-PAN-INC;realme;GT Neo 3;Pantalla;Incell;20,20;19,59;18,99;6
RL-GTNEO3-BAT-COM;realme;GT Neo 3;Batería;Compatible;8,65;;;6
RL-GTNEO3-CON-COM;realme;GT Neo 3;Conector de carga;Compatible;4,05;;;6
RL-GTNEO3-TAP-COM-AZU;realme;GT Neo 3;Tapa trasera;Azul Nitro;5,69;;;6
RL-GTNEO3-TAP-COM-BLA;realme;GT Neo 3;Tapa trasera;Blanco Sprint;5,69;;;6
RL-GTNEO3-TAP-COM-NEG;realme;GT Neo 3;Tapa trasera;Negro Asphalt;5,69;;;6
RL-GTNEO3-CTR-COM;realme;GT Neo 3;Cámara trasera;Compatible;7,19;;;6
RL-GTNEO3-CFR-COM;realme;GT Neo 3;Cámara frontal;Compatible;3,40;;;6
RL-GTNEO3-LEN-COM;realme;GT Neo 3;Lente de cámara;Compatible;2,89;;;6
RL-GTNEO3-ALT-COM;realme;GT Neo 3;Altavoz;Compatible;3,80;;;6
RL-GTNEO3-AUR-COM;realme;GT Neo 3;Auricular de llamada;Compatible;2,99;;;6
RL-GTNEO3-FLX-COM;realme;GT Neo 3;Flex de encendido y volumen;Compatible;2,95;;;6
RL-GTNEO3-SIM-COM;realme;GT Neo 3;Bandeja SIM;Compatible;3,05;;;6
RL-GTNEO3T-PAN-ORI;realme;GT Neo 3T;Pantalla;Original;74,35;72,12;69,89;12
RL-GTNEO3T-PAN-INC;realme;GT Neo 3T;Pantalla;Incell;20,20;19,59;18,99;6
RL-GTNEO3T-BAT-COM;realme;GT Neo 3T;Batería;Compatible;8,65;;;6
RL-GTNEO3T-CON-COM;realme;GT Neo 3T;Conector de carga;Compatible;4,05;;;6
RL-GTNEO3T-TAP-COM-AMA;realme;GT Neo 3T;Tapa trasera;Amarillo impactante;5,69;;;6
RL-GTNEO3T-TAP-COM-BLA;realme;GT Neo 3T;Tapa trasera;Blanco drifting;5,69;;;6
RL-GTNEO3T-TAP-COM-NEG;realme;GT Neo 3T;Tapa trasera;Negro sombra;5,69;;;6
RL-GTNEO3T-CTR-COM;realme;GT Neo 3T;Cámara trasera;Compatible;7,19;;;6
RL-GTNEO3T-CFR-COM;realme;GT Neo 3T;Cámara frontal;Compatible;3,40;;;6
RL-GTNEO3T-LEN-COM;realme;GT Neo 3T;Lente de cámara;Compatible;2,89;;;6
RL-GTNEO3T-ALT-COM;realme;GT Neo 3T;Altavoz;Compatible;3,80;;;6
RL-GTNEO3T-AUR-COM;realme;GT Neo 3T;Auricular de llamada;Compatible;2,99;;;6
RL-GTNEO3T-FLX-COM;realme;GT Neo 3T;Flex de encendido y volumen;Compatible;2,95;;;6
RL-GTNEO3T-SIM-COM;realme;GT Neo 3T;Bandeja SIM;Compatible;3,05;;;6
RL-GT6-PAN-ORI;realme;GT 6;Pantalla;Original;76,75;74,45;72,15;12
RL-GT6-PAN-INC;realme;GT 6;Pantalla;Incell;21,50;20,86;20,21;6
RL-GT6-BAT-COM;realme;GT 6;Batería;Compatible;9,85;;;6
RL-GT6-CON-COM;realme;GT 6;Conector de carga;Compatible;4,65;;;6
RL-GT6-TAP-COM-PLA;realme;GT 6;Tapa trasera;Plateado;6,39;;;6
RL-GT6-TAP-COM-VER;realme;GT 6;Tapa trasera;Verde;6,39;;;6
RL-GT6-CTR-COM;realme;GT 6;Cámara trasera;Compatible;10,05;9,75;9,45;6
RL-GT6-CFR-COM;realme;GT 6;Cámara frontal;Compatible;5,00;;;6
RL-GT6-LEN-COM;realme;GT 6;Lente de cámara;Compatible;3,00;;;6
RL-GT6-ALT-COM;realme;GT 6;Altavoz;Compatible;4,10;;;6
RL-GT6-AUR-COM;realme;GT 6;Auricular de llamada;Compatible;3,29;;;6
RL-GT6-FLX-COM;realme;GT 6;Flex de encendido y volumen;Compatible;3,60;;;6
RL-GT6-SIM-COM;realme;GT 6;Bandeja SIM;Compatible;3,00;;;6
RL-GT6T-PAN-ORI;realme;GT 6T;Pantalla;Original;76,75;74,45;72,15;12
RL-GT6T-PAN-INC;realme;GT 6T;Pantalla;Incell;21,50;20,86;20,21;6
RL-GT6T-BAT-COM;realme;GT 6T;Batería;Compatible;9,85;;;6
RL-GT6T-CON-COM;realme;GT 6T;Conector de carga;Compatible;4,65;;;6
RL-GT6T-TAP-COM-VER;realme;GT 6T;Tapa trasera;Verde;6,39;;;6
RL-GT6T-TAP-COM-PLA;realme;GT 6T;Tapa trasera;Plata;6,39;;;6
RL-GT6T-CTR-COM;realme;GT 6T;Cámara trasera;Compatible;10,05;9,75;9,45;6
RL-GT6T-CFR-COM;realme;GT 6T;Cámara frontal;Compatible;5,00;;;6
RL-GT6T-LEN-COM;realme;GT 6T;Lente de cámara;Compatible;3,00;;;6
RL-GT6T-ALT-COM;realme;GT 6T;Altavoz;Compatible;4,10;;;6
RL-GT6T-AUR-COM;realme;GT 6T;Auricular de llamada;Compatible;3,29;;;6
RL-GT6T-FLX-COM;realme;GT 6T;Flex de encendido y volumen;Compatible;3,60;;;6
RL-GT6T-SIM-COM;realme;GT 6T;Bandeja SIM;Compatible;3,00;;;6
RL-GT7P-PAN-ORI;realme;GT 7 Pro;Pantalla;Original;109,85;106,55;103,26;12
RL-GT7P-PAN-INC;realme;GT 7 Pro;Pantalla;Incell;28,35;27,50;26,65;6
RL-GT7P-BAT-COM;realme;GT 7 Pro;Batería;Compatible;9,45;;;6
RL-GT7P-CON-COM;realme;GT 7 Pro;Conector de carga;Compatible;6,25;;;6
RL-GT7P-TAP-COM-NAR;realme;GT 7 Pro;Tapa trasera;Naranja Marte;7,85;;;6
RL-GT7P-TAP-COM-GRI;realme;GT 7 Pro;Tapa trasera;Gris Galaxia;7,85;;;6
RL-GT7P-CTR-COM;realme;GT 7 Pro;Cámara trasera;Compatible;13,19;12,79;12,40;6
RL-GT7P-CFR-COM;realme;GT 7 Pro;Cámara frontal;Compatible;6,25;;;6
RL-GT7P-LEN-COM;realme;GT 7 Pro;Lente de cámara;Compatible;3,50;;;6
RL-GT7P-ALT-COM;realme;GT 7 Pro;Altavoz;Compatible;4,70;;;6
RL-GT7P-AUR-COM;realme;GT 7 Pro;Auricular de llamada;Compatible;3,59;;;6
RL-GT7P-FLX-COM;realme;GT 7 Pro;Flex de encendido y volumen;Compatible;3,90;;;6
RL-GT7P-SIM-COM;realme;GT 7 Pro;Bandeja SIM;Compatible;3,25;;;6
RL-GT7-PAN-ORI;realme;GT 7;Pantalla;Original;79,80;77,41;75,01;12
RL-GT7-PAN-INC;realme;GT 7;Pantalla;Incell;22,65;21,97;21,29;6
RL-GT7-BAT-COM;realme;GT 7;Batería;Compatible;9,30;;;6
RL-GT7-CON-COM;realme;GT 7;Conector de carga;Compatible;5,55;;;6
RL-GT7-TAP-COM-NEG;realme;GT 7;Tapa trasera;Negro IceSense;6,85;;;6
RL-GT7-TAP-COM-AZU;realme;GT 7;Tapa trasera;Azul IceSense;6,85;;;6
RL-GT7-CTR-COM;realme;GT 7;Cámara trasera;Compatible;13,19;12,79;12,40;6
RL-GT7-CFR-COM;realme;GT 7;Cámara frontal;Compatible;6,99;;;6
RL-GT7-LEN-COM;realme;GT 7;Lente de cámara;Compatible;3,89;;;6
RL-GT7-ALT-COM;realme;GT 7;Altavoz;Compatible;5,40;;;6
RL-GT7-AUR-COM;realme;GT 7;Auricular de llamada;Compatible;4,60;;;6
RL-GT7-FLX-COM;realme;GT 7;Flex de encendido y volumen;Compatible;3,95;;;6
RL-GT7-SIM-COM;realme;GT 7;Bandeja SIM;Compatible;3,55;;;6
RL-GT7T-PAN-ORI;realme;GT 7T;Pantalla;Original;79,80;77,41;75,01;12
RL-GT7T-PAN-INC;realme;GT 7T;Pantalla;Incell;22,65;21,97;21,29;6
RL-GT7T-BAT-COM;realme;GT 7T;Batería;Compatible;9,30;;;6
RL-GT7T-CON-COM;realme;GT 7T;Conector de carga;Compatible;5,55;;;6
RL-GT7T-TAP-COM-AMA;realme;GT 7T;Tapa trasera;Amarillo velocidad;6,85;;;6
RL-GT7T-TAP-COM-NEG;realme;GT 7T;Tapa trasera;Negro IceSense;6,85;;;6
RL-GT7T-TAP-COM-AZU;realme;GT 7T;Tapa trasera;Azul IceSense;6,85;;;6
RL-GT7T-CTR-COM;realme;GT 7T;Cámara trasera;Compatible;13,79;13,38;12,96;6
RL-GT7T-CFR-COM;realme;GT 7T;Cámara frontal;Compatible;6,99;;;6
RL-GT7T-LEN-COM;realme;GT 7T;Lente de cámara;Compatible;3,89;;;6
RL-GT7T-ALT-COM;realme;GT 7T;Altavoz;Compatible;5,40;;;6
RL-GT7T-AUR-COM;realme;GT 7T;Auricular de llamada;Compatible;4,60;;;6
RL-GT7T-FLX-COM;realme;GT 7T;Flex de encendido y volumen;Compatible;3,95;;;6
RL-GT7T-SIM-COM;realme;GT 7T;Bandeja SIM;Compatible;3,55;;;6
RL-GT8P-PAN-ORI;realme;GT 8 Pro;Pantalla;Original;114,19;110,76;107,34;12
RL-GT8P-PAN-INC;realme;GT 8 Pro;Pantalla;Incell;29,85;28,95;28,06;6
RL-GT8P-BAT-COM;realme;GT 8 Pro;Batería;Compatible;8,90;;;6
RL-GT8P-CON-COM;realme;GT 8 Pro;Conector de carga;Compatible;7,45;;;6
RL-GT8P-TAP-COM-BLA;realme;GT 8 Pro;Tapa trasera;Blanco leche;8,40;;;6
RL-GT8P-TAP-COM-AZU;realme;GT 8 Pro;Tapa trasera;Azul Urbano;8,40;;;6
RL-GT8P-CTR-COM;realme;GT 8 Pro;Cámara trasera;Compatible;17,25;16,73;16,22;6
RL-GT8P-CFR-COM;realme;GT 8 Pro;Cámara frontal;Compatible;8,75;;;6
RL-GT8P-LEN-COM;realme;GT 8 Pro;Lente de cámara;Compatible;4,50;;;6
RL-GT8P-ALT-COM;realme;GT 8 Pro;Altavoz;Compatible;6,20;;;6
RL-GT8P-AUR-COM;realme;GT 8 Pro;Auricular de llamada;Compatible;5,05;;;6
RL-GT8P-FLX-COM;realme;GT 8 Pro;Flex de encendido y volumen;Compatible;4,29;;;6
RL-GT8P-SIM-COM;realme;GT 8 Pro;Bandeja SIM;Compatible;3,85;;;6
RL-P35-PAN-ORI;realme;P3 5G;Pantalla;Original;55,45;53,79;52,12;12
RL-P35-PAN-INC;realme;P3 5G;Pantalla;Incell;18,40;17,85;17,30;6
RL-P35-BAT-COM;realme;P3 5G;Batería;Compatible;7,95;;;6
RL-P35-CON-COM;realme;P3 5G;Conector de carga;Compatible;4,79;;;6
RL-P35-TAP-COM-VER;realme;P3 5G;Tapa trasera;Verde estelar;6,00;;;6
RL-P35-TAP-COM-GRI;realme;P3 5G;Tapa trasera;Gris cometa;6,00;;;6
RL-P35-CTR-COM;realme;P3 5G;Cámara trasera;Compatible;9,95;;;6
RL-P35-CFR-COM;realme;P3 5G;Cámara frontal;Compatible;6,15;;;6
RL-P35-LEN-COM;realme;P3 5G;Lente de cámara;Compatible;3,35;;;6
RL-P35-ALT-COM;realme;P3 5G;Altavoz;Compatible;4,80;;;6
RL-P35-AUR-COM;realme;P3 5G;Auricular de llamada;Compatible;3,75;;;6
RL-P35-FLX-COM;realme;P3 5G;Flex de encendido y volumen;Compatible;3,10;;;6
RL-P35-SIM-COM;realme;P3 5G;Bandeja SIM;Compatible;3,25;;;6
RL-P3L-PAN-ORI;realme;P3 Lite;Pantalla;Original;30,99;30,06;29,13;12
RL-P3L-PAN-COM;realme;P3 Lite;Pantalla;Compatible;15,65;15,18;14,71;6
RL-P3L-BAT-COM;realme;P3 Lite;Batería;Compatible;7,95;;;6
RL-P3L-CON-COM;realme;P3 Lite;Conector de carga;Compatible;4,79;;;6
RL-P3L-TAP-COM-VER;realme;P3 Lite;Tapa trasera;Verde pino;6,00;;;6
RL-P3L-TAP-COM-BLA;realme;P3 Lite;Tapa trasera;Blanco nube;6,00;;;6
RL-P3L-CTR-COM;realme;P3 Lite;Cámara trasera;Compatible;9,95;;;6
RL-P3L-CFR-COM;realme;P3 Lite;Cámara frontal;Compatible;6,15;;;6
RL-P3L-LEN-COM;realme;P3 Lite;Lente de cámara;Compatible;3,35;;;6
RL-P3L-ALT-COM;realme;P3 Lite;Altavoz;Compatible;4,80;;;6
RL-P3L-AUR-COM;realme;P3 Lite;Auricular de llamada;Compatible;3,75;;;6
RL-P3L-FLX-COM;realme;P3 Lite;Flex de encendido y volumen;Compatible;3,10;;;6
RL-P3L-SIM-COM;realme;P3 Lite;Bandeja SIM;Compatible;3,25;;;6
RL-P4X-PAN-ORI;realme;P4x;Pantalla;Original;30,99;30,06;29,13;12
RL-P4X-PAN-COM;realme;P4x;Pantalla;Compatible;15,65;15,18;14,71;6
RL-P4X-BAT-COM;realme;P4x;Batería;Compatible;7,95;;;6
RL-P4X-CON-COM;realme;P4x;Conector de carga;Compatible;4,79;;;6
RL-P4X-TAP-COM-BLA;realme;P4x;Tapa trasera;Blanco Rally;6,00;;;6
RL-P4X-TAP-COM-AZU;realme;P4x;Tapa trasera;Azul Fantasma;6,00;;;6
RL-P4X-CTR-COM;realme;P4x;Cámara trasera;Compatible;9,95;;;6
RL-P4X-CFR-COM;realme;P4x;Cámara frontal;Compatible;6,15;;;6
RL-P4X-LEN-COM;realme;P4x;Lente de cámara;Compatible;3,35;;;6
RL-P4X-ALT-COM;realme;P4x;Altavoz;Compatible;4,80;;;6
RL-P4X-AUR-COM;realme;P4x;Auricular de llamada;Compatible;3,75;;;6
RL-P4X-FLX-COM;realme;P4x;Flex de encendido y volumen;Compatible;3,10;;;6
RL-P4X-SIM-COM;realme;P4x;Bandeja SIM;Compatible;3,25;;;6
RL-P4L-PAN-ORI;realme;P4 Lite;Pantalla;Original;30,99;30,06;29,13;12
RL-P4L-PAN-COM;realme;P4 Lite;Pantalla;Compatible;15,65;15,18;14,71;6
RL-P4L-BAT-COM;realme;P4 Lite;Batería;Compatible;7,95;;;6
RL-P4L-CON-COM;realme;P4 Lite;Conector de carga;Compatible;4,79;;;6
RL-P4L-TAP-COM-VIO;realme;P4 Lite;Tapa trasera;Violeta Destello;6,00;;;6
RL-P4L-TAP-COM-GRI;realme;P4 Lite;Tapa trasera;Gris Titán;6,00;;;6
RL-P4L-CTR-COM;realme;P4 Lite;Cámara trasera;Compatible;9,95;;;6
RL-P4L-CFR-COM;realme;P4 Lite;Cámara frontal;Compatible;6,15;;;6
RL-P4L-LEN-COM;realme;P4 Lite;Lente de cámara;Compatible;3,35;;;6
RL-P4L-ALT-COM;realme;P4 Lite;Altavoz;Compatible;4,80;;;6
RL-P4L-AUR-COM;realme;P4 Lite;Auricular de llamada;Compatible;3,75;;;6
RL-P4L-FLX-COM;realme;P4 Lite;Flex de encendido y volumen;Compatible;3,10;;;6
RL-P4L-SIM-COM;realme;P4 Lite;Bandeja SIM;Compatible;3,25;;;6
RL-X2-PAN-ORI;realme;X2;Pantalla;Original;67,60;65,57;63,54;12
RL-X2-PAN-INC;realme;X2;Pantalla;Incell;19,05;18,48;17,91;6
RL-X2-BAT-COM;realme;X2;Batería;Compatible;10,10;9,80;9,49;6
RL-X2-CON-COM;realme;X2;Conector de carga;Compatible;4,25;;;6
RL-X2-TAP-COM-AZU;realme;X2;Tapa trasera;Azul perla;5,55;;;6
RL-X2-TAP-COM-BLA;realme;X2;Tapa trasera;Blanco perla;5,55;;;6
RL-X2-CTR-COM;realme;X2;Cámara trasera;Compatible;8,80;;;6
RL-X2-CFR-COM;realme;X2;Cámara frontal;Compatible;4,65;;;6
RL-X2-LEN-COM;realme;X2;Lente de cámara;Compatible;2,85;;;6
RL-X2-ALT-COM;realme;X2;Altavoz;Compatible;4,15;;;6
RL-X2-AUR-COM;realme;X2;Auricular de llamada;Compatible;3,29;;;6
RL-X2-FLX-COM;realme;X2;Flex de encendido y volumen;Compatible;3,20;;;6
RL-X2-SIM-COM;realme;X2;Bandeja SIM;Compatible;2,99;;;6
RL-X2P-PAN-ORI;realme;X2 Pro;Pantalla;Original;67,60;65,57;63,54;12
RL-X2P-PAN-INC;realme;X2 Pro;Pantalla;Incell;19,05;18,48;17,91;6
RL-X2P-BAT-COM;realme;X2 Pro;Batería;Compatible;10,10;9,80;9,49;6
RL-X2P-CON-COM;realme;X2 Pro;Conector de carga;Compatible;4,25;;;6
RL-X2P-TAP-COM-BLA;realme;X2 Pro;Tapa trasera;Blanco (Lunar White);5,55;;;6
RL-X2P-TAP-COM-AZU;realme;X2 Pro;Tapa trasera;Azul (Neptune Blue);5,55;;;6
RL-X2P-CTR-COM;realme;X2 Pro;Cámara trasera;Compatible;8,80;;;6
RL-X2P-CFR-COM;realme;X2 Pro;Cámara frontal;Compatible;4,65;;;6
RL-X2P-LEN-COM;realme;X2 Pro;Lente de cámara;Compatible;2,85;;;6
RL-X2P-ALT-COM;realme;X2 Pro;Altavoz;Compatible;4,15;;;6
RL-X2P-AUR-COM;realme;X2 Pro;Auricular de llamada;Compatible;3,29;;;6
RL-X2P-FLX-COM;realme;X2 Pro;Flex de encendido y volumen;Compatible;3,20;;;6
RL-X2P-SIM-COM;realme;X2 Pro;Bandeja SIM;Compatible;2,99;;;6
RL-X505-PAN-ORI;realme;X50 5G;Pantalla;Original;41,55;40,30;39,06;12
RL-X505-PAN-COM;realme;X50 5G;Pantalla;Compatible;17,20;16,68;16,17;6
RL-X505-BAT-COM;realme;X50 5G;Batería;Compatible;8,65;;;6
RL-X505-CON-COM;realme;X50 5G;Conector de carga;Compatible;4,05;;;6
RL-X505-TAP-COM-VER;realme;X50 5G;Tapa trasera;Verde jungla;5,69;;;6
RL-X505-TAP-COM-HIE;realme;X50 5G;Tapa trasera;Hielo plateado;5,69;;;6
RL-X505-CTR-COM;realme;X50 5G;Cámara trasera;Compatible;7,19;;;6
RL-X505-CFR-COM;realme;X50 5G;Cámara frontal;Compatible;3,40;;;6
RL-X505-LEN-COM;realme;X50 5G;Lente de cámara;Compatible;2,89;;;6
RL-X505-ALT-COM;realme;X50 5G;Altavoz;Compatible;3,80;;;6
RL-X505-AUR-COM;realme;X50 5G;Auricular de llamada;Compatible;2,99;;;6
RL-X505-FLX-COM;realme;X50 5G;Flex de encendido y volumen;Compatible;2,95;;;6
RL-X505-SIM-COM;realme;X50 5G;Bandeja SIM;Compatible;3,05;;;6
RL-X50P5-PAN-ORI;realme;X50 Pro 5G;Pantalla;Original;74,35;72,12;69,89;12
RL-X50P5-PAN-INC;realme;X50 Pro 5G;Pantalla;Incell;20,20;19,59;18,99;6
RL-X50P5-BAT-COM;realme;X50 Pro 5G;Batería;Compatible;8,65;;;6
RL-X50P5-CON-COM;realme;X50 Pro 5G;Conector de carga;Compatible;4,05;;;6
RL-X50P5-TAP-COM-VER;realme;X50 Pro 5G;Tapa trasera;Verde Musgo;5,69;;;6
RL-X50P5-TAP-COM-ROJ;realme;X50 Pro 5G;Tapa trasera;Rojo Rústico;5,69;;;6
RL-X50P5-CTR-COM;realme;X50 Pro 5G;Cámara trasera;Compatible;7,19;;;6
RL-X50P5-CFR-COM;realme;X50 Pro 5G;Cámara frontal;Compatible;3,40;;;6
RL-X50P5-LEN-COM;realme;X50 Pro 5G;Lente de cámara;Compatible;2,89;;;6
RL-X50P5-ALT-COM;realme;X50 Pro 5G;Altavoz;Compatible;3,80;;;6
RL-X50P5-AUR-COM;realme;X50 Pro 5G;Auricular de llamada;Compatible;2,99;;;6
RL-X50P5-FLX-COM;realme;X50 Pro 5G;Flex de encendido y volumen;Compatible;2,95;;;6
RL-X50P5-SIM-COM;realme;X50 Pro 5G;Bandeja SIM;Compatible;3,05;;;6
RL-X3SZ-PAN-ORI;realme;X3 SuperZoom;Pantalla;Original;41,55;40,30;39,06;12
RL-X3SZ-PAN-COM;realme;X3 SuperZoom;Pantalla;Compatible;17,20;16,68;16,17;6
RL-X3SZ-BAT-COM;realme;X3 SuperZoom;Batería;Compatible;8,65;;;6
RL-X3SZ-CON-COM;realme;X3 SuperZoom;Conector de carga;Compatible;4,05;;;6
RL-X3SZ-TAP-COM-BLA;realme;X3 SuperZoom;Tapa trasera;Blanco (Arctic White);5,69;;;6
RL-X3SZ-TAP-COM-AZU;realme;X3 SuperZoom;Tapa trasera;Azul (Glacier Blue);5,69;;;6
RL-X3SZ-CTR-COM;realme;X3 SuperZoom;Cámara trasera;Compatible;7,19;;;6
RL-X3SZ-CFR-COM;realme;X3 SuperZoom;Cámara frontal;Compatible;3,40;;;6
RL-X3SZ-LEN-COM;realme;X3 SuperZoom;Lente de cámara;Compatible;2,89;;;6
RL-X3SZ-ALT-COM;realme;X3 SuperZoom;Altavoz;Compatible;3,80;;;6
RL-X3SZ-AUR-COM;realme;X3 SuperZoom;Auricular de llamada;Compatible;2,99;;;6
RL-X3SZ-FLX-COM;realme;X3 SuperZoom;Flex de encendido y volumen;Compatible;2,95;;;6
RL-X3SZ-SIM-COM;realme;X3 SuperZoom;Bandeja SIM;Compatible;3,05;;;6
RL-C85P-PAN-ORI;realme;C85 Pro;Pantalla;Original;55,45;53,79;52,12;12
RL-C85P-PAN-INC;realme;C85 Pro;Pantalla;Incell;18,20;17,65;17,11;6
RL-C85P-BAT-COM;realme;C85 Pro;Batería;Compatible;7,95;;;6
RL-C85P-CON-COM;realme;C85 Pro;Conector de carga;Compatible;4,79;;;6
RL-C85P-TAP-COM;realme;C85 Pro;Tapa trasera;Compatible;6,00;;;6
RL-C85P-CTR-COM;realme;C85 Pro;Cámara trasera;Compatible;9,95;;;6
RL-C85P-CFR-COM;realme;C85 Pro;Cámara frontal;Compatible;5,75;;;6
RL-C85P-LEN-COM;realme;C85 Pro;Lente de cámara;Compatible;3,49;;;6
RL-C85P-ALT-COM;realme;C85 Pro;Altavoz;Compatible;4,80;;;6
RL-C85P-AUR-COM;realme;C85 Pro;Auricular de llamada;Compatible;3,75;;;6
RL-C85P-FLX-COM;realme;C85 Pro;Flex de encendido y volumen;Compatible;3,10;;;6
RL-C85P-SIM-COM;realme;C85 Pro;Bandeja SIM;Compatible;3,35;;;6
RL-15L-PAN-ORI;realme;15 Lite;Pantalla;Original;67,15;65,14;63,12;12
RL-15L-PAN-INC;realme;15 Lite;Pantalla;Incell;21,25;20,61;19,97;6
RL-15L-BAT-COM;realme;15 Lite;Batería;Compatible;8,60;;;6
RL-15L-CON-COM;realme;15 Lite;Conector de carga;Compatible;5,85;;;6
RL-15L-TAP-COM;realme;15 Lite;Tapa trasera;Compatible;6,75;;;6
RL-15L-CTR-COM;realme;15 Lite;Cámara trasera;Compatible;11,35;11,01;10,67;6
RL-15L-CFR-COM;realme;15 Lite;Cámara frontal;Compatible;6,59;;;6
RL-15L-LEN-COM;realme;15 Lite;Lente de cámara;Compatible;3,35;;;6
RL-15L-ALT-COM;realme;15 Lite;Altavoz;Compatible;4,90;;;6
RL-15L-AUR-COM;realme;15 Lite;Auricular de llamada;Compatible;3,70;;;6
RL-15L-FLX-COM;realme;15 Lite;Flex de encendido y volumen;Compatible;3,05;;;6
RL-15L-SIM-COM;realme;15 Lite;Bandeja SIM;Compatible;3,10;;;6
RL-15X-PAN-ORI;realme;15x;Pantalla;Original;37,50;36,38;35,25;12
RL-15X-PAN-COM;realme;15x;Pantalla;Compatible;18,09;17,55;17,00;6
RL-15X-BAT-COM;realme;15x;Batería;Compatible;8,60;;;6
RL-15X-CON-COM;realme;15x;Conector de carga;Compatible;5,85;;;6
RL-15X-TAP-COM;realme;15x;Tapa trasera;Compatible;6,75;;;6
RL-15X-CTR-COM;realme;15x;Cámara trasera;Compatible;11,35;11,01;10,67;6
RL-15X-CFR-COM;realme;15x;Cámara frontal;Compatible;6,59;;;6
RL-15X-LEN-COM;realme;15x;Lente de cámara;Compatible;3,35;;;6
RL-15X-ALT-COM;realme;15x;Altavoz;Compatible;4,90;;;6
RL-15X-AUR-COM;realme;15x;Auricular de llamada;Compatible;3,70;;;6
RL-15X-FLX-COM;realme;15x;Flex de encendido y volumen;Compatible;3,05;;;6
RL-15X-SIM-COM;realme;15x;Bandeja SIM;Compatible;3,10;;;6
RL-15T-PAN-ORI;realme;15T;Pantalla;Original;67,15;65,14;63,12;12
RL-15T-PAN-INC;realme;15T;Pantalla;Incell;21,25;20,61;19,97;6
RL-15T-BAT-COM;realme;15T;Batería;Compatible;8,60;;;6
RL-15T-CON-COM;realme;15T;Conector de carga;Compatible;5,85;;;6
RL-15T-TAP-COM;realme;15T;Tapa trasera;Compatible;6,75;;;6
RL-15T-CTR-COM;realme;15T;Cámara trasera;Compatible;11,35;11,01;10,67;6
RL-15T-CFR-COM;realme;15T;Cámara frontal;Compatible;6,59;;;6
RL-15T-LEN-COM;realme;15T;Lente de cámara;Compatible;3,35;;;6
RL-15T-ALT-COM;realme;15T;Altavoz;Compatible;4,90;;;6
RL-15T-AUR-COM;realme;15T;Auricular de llamada;Compatible;3,70;;;6
RL-15T-FLX-COM;realme;15T;Flex de encendido y volumen;Compatible;3,05;;;6
RL-15T-SIM-COM;realme;15T;Bandeja SIM;Compatible;3,10;;;6
RL-15-PAN-ORI;realme;15;Pantalla;Original;67,15;65,14;63,12;12
RL-15-PAN-INC;realme;15;Pantalla;Incell;21,25;20,61;19,97;6
RL-15-BAT-COM;realme;15;Batería;Compatible;8,60;;;6
RL-15-CON-COM;realme;15;Conector de carga;Compatible;5,85;;;6
RL-15-TAP-COM;realme;15;Tapa trasera;Compatible;6,75;;;6
RL-15-CTR-COM;realme;15;Cámara trasera;Compatible;11,35;11,01;10,67;6
RL-15-CFR-COM;realme;15;Cámara frontal;Compatible;6,59;;;6
RL-15-LEN-COM;realme;15;Lente de cámara;Compatible;3,35;;;6
RL-15-ALT-COM;realme;15;Altavoz;Compatible;4,90;;;6
RL-15-AUR-COM;realme;15;Auricular de llamada;Compatible;3,70;;;6
RL-15-FLX-COM;realme;15;Flex de encendido y volumen;Compatible;3,05;;;6
RL-15-SIM-COM;realme;15;Bandeja SIM;Compatible;3,10;;;6
RL-15P-PAN-ORI;realme;15 Pro;Pantalla;Original;81,75;79,30;76,85;12
RL-15P-PAN-INC;realme;15 Pro;Pantalla;Incell;22,75;22,07;21,39;6
RL-15P-BAT-COM;realme;15 Pro;Batería;Compatible;9,30;;;6
RL-15P-CON-COM;realme;15 Pro;Conector de carga;Compatible;5,45;;;6
RL-15P-TAP-COM;realme;15 Pro;Tapa trasera;Compatible;6,85;;;6
RL-15P-CTR-COM;realme;15 Pro;Cámara trasera;Compatible;13,79;13,38;12,96;6
RL-15P-CFR-COM;realme;15 Pro;Cámara frontal;Compatible;6,99;;;6
RL-15P-LEN-COM;realme;15 Pro;Lente de cámara;Compatible;4,00;;;6
RL-15P-ALT-COM;realme;15 Pro;Altavoz;Compatible;5,40;;;6
RL-15P-AUR-COM;realme;15 Pro;Auricular de llamada;Compatible;4,60;;;6
RL-15P-FLX-COM;realme;15 Pro;Flex de encendido y volumen;Compatible;3,95;;;6
RL-15P-SIM-COM;realme;15 Pro;Bandeja SIM;Compatible;3,55;;;6
RL-C73-PAN-ORI;realme;C73;Pantalla;Original;30,99;30,06;29,13;12
RL-C73-PAN-COM;realme;C73;Pantalla;Compatible;15,49;15,03;14,56;6
RL-C73-BAT-COM;realme;C73;Batería;Compatible;7,95;;;6
RL-C73-CON-COM;realme;C73;Conector de carga;Compatible;4,79;;;6
RL-C73-TAP-COM;realme;C73;Tapa trasera;Compatible;6,00;;;6
RL-C73-CTR-COM;realme;C73;Cámara trasera;Compatible;9,95;;;6
RL-C73-CFR-COM;realme;C73;Cámara frontal;Compatible;5,75;;;6
RL-C73-LEN-COM;realme;C73;Lente de cámara;Compatible;3,49;;;6
RL-C73-ALT-COM;realme;C73;Altavoz;Compatible;4,80;;;6
RL-C73-AUR-COM;realme;C73;Auricular de llamada;Compatible;3,75;;;6
RL-C73-FLX-COM;realme;C73;Flex de encendido y volumen;Compatible;3,10;;;6
RL-C73-SIM-COM;realme;C73;Bandeja SIM;Compatible;3,35;;;6
RL-C755-PAN-ORI;realme;C75 5G;Pantalla;Original;30,99;30,06;29,13;12
RL-C755-PAN-COM;realme;C75 5G;Pantalla;Compatible;15,49;15,03;14,56;6
RL-C755-BAT-COM;realme;C75 5G;Batería;Compatible;7,95;;;6
RL-C755-CON-COM;realme;C75 5G;Conector de carga;Compatible;4,79;;;6
RL-C755-TAP-COM;realme;C75 5G;Tapa trasera;Compatible;6,00;;;6
RL-C755-CTR-COM;realme;C75 5G;Cámara trasera;Compatible;9,95;;;6
RL-C755-CFR-COM;realme;C75 5G;Cámara frontal;Compatible;5,75;;;6
RL-C755-LEN-COM;realme;C75 5G;Lente de cámara;Compatible;3,49;;;6
RL-C755-ALT-COM;realme;C75 5G;Altavoz;Compatible;4,80;;;6
RL-C755-AUR-COM;realme;C75 5G;Auricular de llamada;Compatible;3,75;;;6
RL-C755-FLX-COM;realme;C75 5G;Flex de encendido y volumen;Compatible;3,10;;;6
RL-C755-SIM-COM;realme;C75 5G;Bandeja SIM;Compatible;3,35;;;6
RL-14PL-PAN-ORI;realme;14 Pro Lite;Pantalla;Original;81,75;79,30;76,85;12
RL-14PL-PAN-INC;realme;14 Pro Lite;Pantalla;Incell;22,75;22,07;21,39;6
RL-14PL-BAT-COM;realme;14 Pro Lite;Batería;Compatible;9,30;;;6
RL-14PL-CON-COM;realme;14 Pro Lite;Conector de carga;Compatible;5,45;;;6
RL-14PL-TAP-COM;realme;14 Pro Lite;Tapa trasera;Compatible;6,85;;;6
RL-14PL-CTR-COM;realme;14 Pro Lite;Cámara trasera;Compatible;13,79;13,38;12,96;6
RL-14PL-CFR-COM;realme;14 Pro Lite;Cámara frontal;Compatible;6,99;;;6
RL-14PL-LEN-COM;realme;14 Pro Lite;Lente de cámara;Compatible;4,00;;;6
RL-14PL-ALT-COM;realme;14 Pro Lite;Altavoz;Compatible;5,40;;;6
RL-14PL-AUR-COM;realme;14 Pro Lite;Auricular de llamada;Compatible;4,60;;;6
RL-14PL-FLX-COM;realme;14 Pro Lite;Flex de encendido y volumen;Compatible;3,95;;;6
RL-14PL-SIM-COM;realme;14 Pro Lite;Bandeja SIM;Compatible;3,55;;;6
RL-C75X-PAN-ORI;realme;C75x;Pantalla;Original;30,99;30,06;29,13;12
RL-C75X-PAN-COM;realme;C75x;Pantalla;Compatible;15,49;15,03;14,56;6
RL-C75X-BAT-COM;realme;C75x;Batería;Compatible;7,95;;;6
RL-C75X-CON-COM;realme;C75x;Conector de carga;Compatible;4,79;;;6
RL-C75X-TAP-COM;realme;C75x;Tapa trasera;Compatible;6,00;;;6
RL-C75X-CTR-COM;realme;C75x;Cámara trasera;Compatible;9,95;;;6
RL-C75X-CFR-COM;realme;C75x;Cámara frontal;Compatible;5,75;;;6
RL-C75X-LEN-COM;realme;C75x;Lente de cámara;Compatible;3,49;;;6
RL-C75X-ALT-COM;realme;C75x;Altavoz;Compatible;4,80;;;6
RL-C75X-AUR-COM;realme;C75x;Auricular de llamada;Compatible;3,75;;;6
RL-C75X-FLX-COM;realme;C75x;Flex de encendido y volumen;Compatible;3,10;;;6
RL-C75X-SIM-COM;realme;C75x;Bandeja SIM;Compatible;3,35;;;6
RL-P3U-PAN-ORI;realme;P3 Ultra;Pantalla;Original;74,69;72,45;70,21;12
RL-P3U-PAN-INC;realme;P3 Ultra;Pantalla;Incell;20,25;19,64;19,04;6
RL-P3U-BAT-COM;realme;P3 Ultra;Batería;Compatible;7,95;;;6
RL-P3U-CON-COM;realme;P3 Ultra;Conector de carga;Compatible;4,79;;;6
RL-P3U-TAP-COM;realme;P3 Ultra;Tapa trasera;Compatible;6,00;;;6
RL-P3U-CTR-COM;realme;P3 Ultra;Cámara trasera;Compatible;9,95;;;6
RL-P3U-CFR-COM;realme;P3 Ultra;Cámara frontal;Compatible;6,15;;;6
RL-P3U-LEN-COM;realme;P3 Ultra;Lente de cámara;Compatible;3,35;;;6
RL-P3U-ALT-COM;realme;P3 Ultra;Altavoz;Compatible;4,80;;;6
RL-P3U-AUR-COM;realme;P3 Ultra;Auricular de llamada;Compatible;3,75;;;6
RL-P3U-FLX-COM;realme;P3 Ultra;Flex de encendido y volumen;Compatible;3,10;;;6
RL-P3U-SIM-COM;realme;P3 Ultra;Bandeja SIM;Compatible;3,25;;;6
RL-V70-PAN-ORI;realme;V70;Pantalla;Original;36,60;35,50;34,40;12
RL-V70-PAN-COM;realme;V70;Pantalla;Compatible;18,00;17,46;16,92;6
RL-V70-BAT-COM;realme;V70;Batería;Compatible;8,60;;;6
RL-V70-CON-COM;realme;V70;Conector de carga;Compatible;5,95;;;6
RL-V70-TAP-COM;realme;V70;Tapa trasera;Compatible;6,75;;;6
RL-V70-CTR-COM;realme;V70;Cámara trasera;Compatible;11,35;11,01;10,67;6
RL-V70-CFR-COM;realme;V70;Cámara frontal;Compatible;6,59;;;6
RL-V70-LEN-COM;realme;V70;Lente de cámara;Compatible;3,25;;;6
RL-V70-ALT-COM;realme;V70;Altavoz;Compatible;4,90;;;6
RL-V70-AUR-COM;realme;V70;Auricular de llamada;Compatible;3,70;;;6
RL-V70-FLX-COM;realme;V70;Flex de encendido y volumen;Compatible;3,05;;;6
RL-V70-SIM-COM;realme;V70;Bandeja SIM;Compatible;3,10;;;6
RL-V70S-PAN-ORI;realme;V70s;Pantalla;Original;36,60;35,50;34,40;12
RL-V70S-PAN-COM;realme;V70s;Pantalla;Compatible;18,00;17,46;16,92;6
RL-V70S-BAT-COM;realme;V70s;Batería;Compatible;8,60;;;6
RL-V70S-CON-COM;realme;V70s;Conector de carga;Compatible;5,95;;;6
RL-V70S-TAP-COM;realme;V70s;Tapa trasera;Compatible;6,75;;;6
RL-V70S-CTR-COM;realme;V70s;Cámara trasera;Compatible;11,35;11,01;10,67;6
RL-V70S-CFR-COM;realme;V70s;Cámara frontal;Compatible;6,59;;;6
RL-V70S-LEN-COM;realme;V70s;Lente de cámara;Compatible;3,25;;;6
RL-V70S-ALT-COM;realme;V70s;Altavoz;Compatible;4,90;;;6
RL-V70S-AUR-COM;realme;V70s;Auricular de llamada;Compatible;3,70;;;6
RL-V70S-FLX-COM;realme;V70s;Flex de encendido y volumen;Compatible;3,05;;;6
RL-V70S-SIM-COM;realme;V70s;Bandeja SIM;Compatible;3,10;;;6
RL-P3P-PAN-ORI;realme;P3 Pro;Pantalla;Original;55,45;53,79;52,12;12
RL-P3P-PAN-INC;realme;P3 Pro;Pantalla;Incell;18,40;17,85;17,30;6
RL-P3P-BAT-COM;realme;P3 Pro;Batería;Compatible;7,95;;;6
RL-P3P-CON-COM;realme;P3 Pro;Conector de carga;Compatible;4,79;;;6
RL-P3P-TAP-COM;realme;P3 Pro;Tapa trasera;Compatible;6,00;;;6
RL-P3P-CTR-COM;realme;P3 Pro;Cámara trasera;Compatible;9,95;;;6
RL-P3P-CFR-COM;realme;P3 Pro;Cámara frontal;Compatible;6,15;;;6
RL-P3P-LEN-COM;realme;P3 Pro;Lente de cámara;Compatible;3,35;;;6
RL-P3P-ALT-COM;realme;P3 Pro;Altavoz;Compatible;4,80;;;6
RL-P3P-AUR-COM;realme;P3 Pro;Auricular de llamada;Compatible;3,75;;;6
RL-P3P-FLX-COM;realme;P3 Pro;Flex de encendido y volumen;Compatible;3,10;;;6
RL-P3P-SIM-COM;realme;P3 Pro;Bandeja SIM;Compatible;3,25;;;6
RL-P3X-PAN-ORI;realme;P3x;Pantalla;Original;30,99;30,06;29,13;12
RL-P3X-PAN-COM;realme;P3x;Pantalla;Compatible;15,65;15,18;14,71;6
RL-P3X-BAT-COM;realme;P3x;Batería;Compatible;7,95;;;6
RL-P3X-CON-COM;realme;P3x;Conector de carga;Compatible;4,79;;;6
RL-P3X-TAP-COM;realme;P3x;Tapa trasera;Compatible;6,00;;;6
RL-P3X-CTR-COM;realme;P3x;Cámara trasera;Compatible;9,95;;;6
RL-P3X-CFR-COM;realme;P3x;Cámara frontal;Compatible;6,15;;;6
RL-P3X-LEN-COM;realme;P3x;Lente de cámara;Compatible;3,35;;;6
RL-P3X-ALT-COM;realme;P3x;Altavoz;Compatible;4,80;;;6
RL-P3X-AUR-COM;realme;P3x;Auricular de llamada;Compatible;3,75;;;6
RL-P3X-FLX-COM;realme;P3x;Flex de encendido y volumen;Compatible;3,10;;;6
RL-P3X-SIM-COM;realme;P3x;Bandeja SIM;Compatible;3,25;;;6
RL-NOTE60X-PAN-ORI;realme;Note 60x;Pantalla;Original;29,80;28,91;28,01;12
RL-NOTE60X-PAN-COM;realme;Note 60x;Pantalla;Compatible;14,85;14,40;13,96;6
RL-NOTE60X-BAT-COM;realme;Note 60x;Batería;Compatible;8,45;;;6
RL-NOTE60X-CON-COM;realme;Note 60x;Conector de carga;Compatible;4,00;;;6
RL-NOTE60X-TAP-COM;realme;Note 60x;Tapa trasera;Compatible;5,60;;;6
RL-NOTE60X-CTR-COM;realme;Note 60x;Cámara trasera;Compatible;7,29;;;6
RL-NOTE60X-CFR-COM;realme;Note 60x;Cámara frontal;Compatible;4,45;;;6
RL-NOTE60X-LEN-COM;realme;Note 60x;Lente de cámara;Compatible;2,60;;;6
RL-NOTE60X-ALT-COM;realme;Note 60x;Altavoz;Compatible;3,65;;;6
RL-NOTE60X-AUR-COM;realme;Note 60x;Auricular de llamada;Compatible;2,65;;;6
RL-NOTE60X-FLX-COM;realme;Note 60x;Flex de encendido y volumen;Compatible;2,85;;;6
RL-NOTE60X-SIM-COM;realme;Note 60x;Bandeja SIM;Compatible;2,75;;;6
RL-V60P-PAN-ORI;realme;V60 Pro;Pantalla;Original;42,89;41,60;40,32;12
RL-V60P-PAN-COM;realme;V60 Pro;Pantalla;Compatible;18,30;17,75;17,20;6
RL-V60P-BAT-COM;realme;V60 Pro;Batería;Compatible;9,85;;;6
RL-V60P-CON-COM;realme;V60 Pro;Conector de carga;Compatible;4,65;;;6
RL-V60P-TAP-COM;realme;V60 Pro;Tapa trasera;Compatible;6,39;;;6
RL-V60P-CTR-COM;realme;V60 Pro;Cámara trasera;Compatible;10,05;9,75;9,45;6
RL-V60P-CFR-COM;realme;V60 Pro;Cámara frontal;Compatible;5,00;;;6
RL-V60P-LEN-COM;realme;V60 Pro;Lente de cámara;Compatible;3,00;;;6
RL-V60P-ALT-COM;realme;V60 Pro;Altavoz;Compatible;4,10;;;6
RL-V60P-AUR-COM;realme;V60 Pro;Auricular de llamada;Compatible;3,29;;;6
RL-V60P-FLX-COM;realme;V60 Pro;Flex de encendido y volumen;Compatible;3,60;;;6
RL-V60P-SIM-COM;realme;V60 Pro;Bandeja SIM;Compatible;3,00;;;6
RL-135-PAN-ORI;realme;13 5G;Pantalla;Original;36,05;34,97;33,89;12
RL-135-PAN-COM;realme;13 5G;Pantalla;Compatible;17,19;16,67;16,16;6
RL-135-BAT-COM;realme;13 5G;Batería;Compatible;9,15;;;6
RL-135-CON-COM;realme;13 5G;Conector de carga;Compatible;4,89;;;6
RL-135-TAP-COM;realme;13 5G;Tapa trasera;Compatible;6,30;;;6
RL-135-CTR-COM;realme;13 5G;Cámara trasera;Compatible;8,29;;;6
RL-135-CFR-COM;realme;13 5G;Cámara frontal;Compatible;4,75;;;6
RL-135-LEN-COM;realme;13 5G;Lente de cámara;Compatible;2,60;;;6
RL-135-ALT-COM;realme;13 5G;Altavoz;Compatible;3,70;;;6
RL-135-AUR-COM;realme;13 5G;Auricular de llamada;Compatible;2,65;;;6
RL-135-FLX-COM;realme;13 5G;Flex de encendido y volumen;Compatible;2,79;;;6
RL-135-SIM-COM;realme;13 5G;Bandeja SIM;Compatible;2,60;;;6
RL-13PE-PAN-ORI;realme;13 Pro Extreme;Pantalla;Original;78,60;76,24;73,88;12
RL-13PE-PAN-INC;realme;13 Pro Extreme;Pantalla;Incell;21,60;20,95;20,30;6
RL-13PE-BAT-COM;realme;13 Pro Extreme;Batería;Compatible;9,85;;;6
RL-13PE-CON-COM;realme;13 Pro Extreme;Conector de carga;Compatible;4,55;;;6
RL-13PE-TAP-COM;realme;13 Pro Extreme;Tapa trasera;Compatible;6,39;;;6
RL-13PE-CTR-COM;realme;13 Pro Extreme;Cámara trasera;Compatible;10,05;9,75;9,45;6
RL-13PE-CFR-COM;realme;13 Pro Extreme;Cámara frontal;Compatible;5,00;;;6
RL-13PE-LEN-COM;realme;13 Pro Extreme;Lente de cámara;Compatible;3,10;;;6
RL-13PE-ALT-COM;realme;13 Pro Extreme;Altavoz;Compatible;4,10;;;6
RL-13PE-AUR-COM;realme;13 Pro Extreme;Auricular de llamada;Compatible;3,29;;;6
RL-13PE-FLX-COM;realme;13 Pro Extreme;Flex de encendido y volumen;Compatible;3,60;;;6
RL-13PE-SIM-COM;realme;13 Pro Extreme;Bandeja SIM;Compatible;3,00;;;6
RL-NARZO70T-PAN-ORI;realme;narzo 70 Turbo;Pantalla;Original;63,05;61,16;59,27;12
RL-NARZO70T-PAN-INC;realme;narzo 70 Turbo;Pantalla;Incell;20,10;19,50;18,89;6
RL-NARZO70T-BAT-COM;realme;narzo 70 Turbo;Batería;Compatible;9,15;;;6
RL-NARZO70T-CON-COM;realme;narzo 70 Turbo;Conector de carga;Compatible;4,99;;;6
RL-NARZO70T-TAP-COM;realme;narzo 70 Turbo;Tapa trasera;Compatible;6,30;;;6
RL-NARZO70T-CTR-COM;realme;narzo 70 Turbo;Cámara trasera;Compatible;8,29;;;6
RL-NARZO70T-CFR-COM;realme;narzo 70 Turbo;Cámara frontal;Compatible;4,75;;;6
RL-NARZO70T-LEN-COM;realme;narzo 70 Turbo;Lente de cámara;Compatible;2,55;;;6
RL-NARZO70T-ALT-COM;realme;narzo 70 Turbo;Altavoz;Compatible;3,70;;;6
RL-NARZO70T-AUR-COM;realme;narzo 70 Turbo;Auricular de llamada;Compatible;2,65;;;6
RL-NARZO70T-FLX-COM;realme;narzo 70 Turbo;Flex de encendido y volumen;Compatible;2,79;;;6
RL-NARZO70T-SIM-COM;realme;narzo 70 Turbo;Bandeja SIM;Compatible;2,60;;;6
RL-P2P-PAN-ORI;realme;P2 Pro;Pantalla;Original;53,35;51,75;50,15;12
RL-P2P-PAN-INC;realme;P2 Pro;Pantalla;Incell;17,45;16,93;16,40;6
RL-P2P-BAT-COM;realme;P2 Pro;Batería;Compatible;8,45;;;6
RL-P2P-CON-COM;realme;P2 Pro;Conector de carga;Compatible;4,00;;;6
RL-P2P-TAP-COM;realme;P2 Pro;Tapa trasera;Compatible;5,60;;;6
RL-P2P-CTR-COM;realme;P2 Pro;Cámara trasera;Compatible;7,29;;;6
RL-P2P-CFR-COM;realme;P2 Pro;Cámara frontal;Compatible;4,45;;;6
RL-P2P-LEN-COM;realme;P2 Pro;Lente de cámara;Compatible;2,60;;;6
RL-P2P-ALT-COM;realme;P2 Pro;Altavoz;Compatible;3,65;;;6
RL-P2P-AUR-COM;realme;P2 Pro;Auricular de llamada;Compatible;2,65;;;6
RL-P2P-FLX-COM;realme;P2 Pro;Flex de encendido y volumen;Compatible;2,85;;;6
RL-P2P-SIM-COM;realme;P2 Pro;Bandeja SIM;Compatible;2,75;;;6
RL-13-PAN-ORI;realme;13;Pantalla;Original;64,55;62,61;60,68;12
RL-13-PAN-INC;realme;13;Pantalla;Incell;20,19;19,58;18,98;6
RL-13-BAT-COM;realme;13;Batería;Compatible;9,15;;;6
RL-13-CON-COM;realme;13;Conector de carga;Compatible;4,89;;;6
RL-13-TAP-COM;realme;13;Tapa trasera;Compatible;6,30;;;6
RL-13-CTR-COM;realme;13;Cámara trasera;Compatible;8,29;;;6
RL-13-CFR-COM;realme;13;Cámara frontal;Compatible;4,75;;;6
RL-13-LEN-COM;realme;13;Lente de cámara;Compatible;2,60;;;6
RL-13-ALT-COM;realme;13;Altavoz;Compatible;3,70;;;6
RL-13-AUR-COM;realme;13;Auricular de llamada;Compatible;2,65;;;6
RL-13-FLX-COM;realme;13;Flex de encendido y volumen;Compatible;2,79;;;6
RL-13-SIM-COM;realme;13;Bandeja SIM;Compatible;2,60;;;6
RL-13PPL-PAN-ORI;realme;13 Pro+;Pantalla;Original;78,60;76,24;73,88;12
RL-13PPL-PAN-INC;realme;13 Pro+;Pantalla;Incell;21,60;20,95;20,30;6
RL-13PPL-BAT-COM;realme;13 Pro+;Batería;Compatible;9,85;;;6
RL-13PPL-CON-COM;realme;13 Pro+;Conector de carga;Compatible;4,55;;;6
RL-13PPL-TAP-COM;realme;13 Pro+;Tapa trasera;Compatible;6,39;;;6
RL-13PPL-CTR-COM;realme;13 Pro+;Cámara trasera;Compatible;10,05;9,75;9,45;6
RL-13PPL-CFR-COM;realme;13 Pro+;Cámara frontal;Compatible;5,00;;;6
RL-13PPL-LEN-COM;realme;13 Pro+;Lente de cámara;Compatible;3,10;;;6
RL-13PPL-ALT-COM;realme;13 Pro+;Altavoz;Compatible;4,10;;;6
RL-13PPL-AUR-COM;realme;13 Pro+;Auricular de llamada;Compatible;3,29;;;6
RL-13PPL-FLX-COM;realme;13 Pro+;Flex de encendido y volumen;Compatible;3,60;;;6
RL-13PPL-SIM-COM;realme;13 Pro+;Bandeja SIM;Compatible;3,00;;;6
RL-C635-PAN-ORI;realme;C63 5G;Pantalla;Original;29,80;28,91;28,01;12
RL-C635-PAN-COM;realme;C63 5G;Pantalla;Compatible;14,70;14,26;13,82;6
RL-C635-BAT-COM;realme;C63 5G;Batería;Compatible;8,45;;;6
RL-C635-CON-COM;realme;C63 5G;Conector de carga;Compatible;4,00;;;6
RL-C635-TAP-COM;realme;C63 5G;Tapa trasera;Compatible;5,60;;;6
RL-C635-CTR-COM;realme;C63 5G;Cámara trasera;Compatible;7,29;;;6
RL-C635-CFR-COM;realme;C63 5G;Cámara frontal;Compatible;4,10;;;6
RL-C635-LEN-COM;realme;C63 5G;Lente de cámara;Compatible;2,70;;;6
RL-C635-ALT-COM;realme;C63 5G;Altavoz;Compatible;3,65;;;6
RL-C635-AUR-COM;realme;C63 5G;Auricular de llamada;Compatible;2,65;;;6
RL-C635-FLX-COM;realme;C63 5G;Flex de encendido y volumen;Compatible;2,85;;;6
RL-C635-SIM-COM;realme;C63 5G;Bandeja SIM;Compatible;2,80;;;6
RL-GTNEO6-PAN-ORI;realme;GT Neo 6;Pantalla;Original;76,75;74,45;72,15;12
RL-GTNEO6-PAN-INC;realme;GT Neo 6;Pantalla;Incell;21,50;20,86;20,21;6
RL-GTNEO6-BAT-COM;realme;GT Neo 6;Batería;Compatible;9,85;;;6
RL-GTNEO6-CON-COM;realme;GT Neo 6;Conector de carga;Compatible;4,65;;;6
RL-GTNEO6-TAP-COM;realme;GT Neo 6;Tapa trasera;Compatible;6,39;;;6
RL-GTNEO6-CTR-COM;realme;GT Neo 6;Cámara trasera;Compatible;10,05;9,75;9,45;6
RL-GTNEO6-CFR-COM;realme;GT Neo 6;Cámara frontal;Compatible;5,00;;;6
RL-GTNEO6-LEN-COM;realme;GT Neo 6;Lente de cámara;Compatible;3,00;;;6
RL-GTNEO6-ALT-COM;realme;GT Neo 6;Altavoz;Compatible;4,10;;;6
RL-GTNEO6-AUR-COM;realme;GT Neo 6;Auricular de llamada;Compatible;3,29;;;6
RL-GTNEO6-FLX-COM;realme;GT Neo 6;Flex de encendido y volumen;Compatible;3,60;;;6
RL-GTNEO6-SIM-COM;realme;GT Neo 6;Bandeja SIM;Compatible;3,00;;;6
RL-GTNEO6S2-PAN-ORI;realme;GT Neo 6 SE;Pantalla;Original;76,75;74,45;72,15;12
RL-GTNEO6S2-PAN-INC;realme;GT Neo 6 SE;Pantalla;Incell;21,50;20,86;20,21;6
RL-GTNEO6S2-BAT-COM;realme;GT Neo 6 SE;Batería;Compatible;9,85;;;6
RL-GTNEO6S2-CON-COM;realme;GT Neo 6 SE;Conector de carga;Compatible;4,65;;;6
RL-GTNEO6S2-TAP-COM;realme;GT Neo 6 SE;Tapa trasera;Compatible;6,39;;;6
RL-GTNEO6S2-CTR-COM;realme;GT Neo 6 SE;Cámara trasera;Compatible;10,05;9,75;9,45;6
RL-GTNEO6S2-CFR-COM;realme;GT Neo 6 SE;Cámara frontal;Compatible;5,00;;;6
RL-GTNEO6S2-LEN-COM;realme;GT Neo 6 SE;Lente de cámara;Compatible;3,00;;;6
RL-GTNEO6S2-ALT-COM;realme;GT Neo 6 SE;Altavoz;Compatible;4,10;;;6
RL-GTNEO6S2-AUR-COM;realme;GT Neo 6 SE;Auricular de llamada;Compatible;3,29;;;6
RL-GTNEO6S2-FLX-COM;realme;GT Neo 6 SE;Flex de encendido y volumen;Compatible;3,60;;;6
RL-GTNEO6S2-SIM-COM;realme;GT Neo 6 SE;Bandeja SIM;Compatible;3,00;;;6
RL-N70-PAN-ORI;realme;narzo 70;Pantalla;Original;63,05;61,16;59,27;12
RL-N70-PAN-INC;realme;narzo 70;Pantalla;Incell;20,10;19,50;18,89;6
RL-N70-BAT-COM;realme;narzo 70;Batería;Compatible;9,15;;;6
RL-N70-CON-COM;realme;narzo 70;Conector de carga;Compatible;4,99;;;6
RL-N70-TAP-COM;realme;narzo 70;Tapa trasera;Compatible;6,30;;;6
RL-N70-CTR-COM;realme;narzo 70;Cámara trasera;Compatible;8,29;;;6
RL-N70-CFR-COM;realme;narzo 70;Cámara frontal;Compatible;4,75;;;6
RL-N70-LEN-COM;realme;narzo 70;Lente de cámara;Compatible;2,55;;;6
RL-N70-ALT-COM;realme;narzo 70;Altavoz;Compatible;3,70;;;6
RL-N70-AUR-COM;realme;narzo 70;Auricular de llamada;Compatible;2,65;;;6
RL-N70-FLX-COM;realme;narzo 70;Flex de encendido y volumen;Compatible;2,79;;;6
RL-N70-SIM-COM;realme;narzo 70;Bandeja SIM;Compatible;2,60;;;6
RL-N70X-PAN-ORI;realme;narzo 70x;Pantalla;Original;35,20;34,14;33,09;12
RL-N70X-PAN-COM;realme;narzo 70x;Pantalla;Compatible;17,10;16,59;16,07;6
RL-N70X-BAT-COM;realme;narzo 70x;Batería;Compatible;9,15;;;6
RL-N70X-CON-COM;realme;narzo 70x;Conector de carga;Compatible;4,99;;;6
RL-N70X-TAP-COM;realme;narzo 70x;Tapa trasera;Compatible;6,30;;;6
RL-N70X-CTR-COM;realme;narzo 70x;Cámara trasera;Compatible;8,29;;;6
RL-N70X-CFR-COM;realme;narzo 70x;Cámara frontal;Compatible;4,75;;;6
RL-N70X-LEN-COM;realme;narzo 70x;Lente de cámara;Compatible;2,55;;;6
RL-N70X-ALT-COM;realme;narzo 70x;Altavoz;Compatible;3,70;;;6
RL-N70X-AUR-COM;realme;narzo 70x;Auricular de llamada;Compatible;2,65;;;6
RL-N70X-FLX-COM;realme;narzo 70x;Flex de encendido y volumen;Compatible;2,79;;;6
RL-N70X-SIM-COM;realme;narzo 70x;Bandeja SIM;Compatible;2,60;;;6
RL-P1-PAN-ORI;realme;P1;Pantalla;Original;53,35;51,75;50,15;12
RL-P1-PAN-INC;realme;P1;Pantalla;Incell;17,45;16,93;16,40;6
RL-P1-BAT-COM;realme;P1;Batería;Compatible;8,45;;;6
RL-P1-CON-COM;realme;P1;Conector de carga;Compatible;4,00;;;6
RL-P1-TAP-COM;realme;P1;Tapa trasera;Compatible;5,60;;;6
RL-P1-CTR-COM;realme;P1;Cámara trasera;Compatible;7,29;;;6
RL-P1-CFR-COM;realme;P1;Cámara frontal;Compatible;4,45;;;6
RL-P1-LEN-COM;realme;P1;Lente de cámara;Compatible;2,60;;;6
RL-P1-ALT-COM;realme;P1;Altavoz;Compatible;3,65;;;6
RL-P1-AUR-COM;realme;P1;Auricular de llamada;Compatible;2,65;;;6
RL-P1-FLX-COM;realme;P1;Flex de encendido y volumen;Compatible;2,85;;;6
RL-P1-SIM-COM;realme;P1;Bandeja SIM;Compatible;2,75;;;6
RL-P1P-PAN-ORI;realme;P1 Pro;Pantalla;Original;53,35;51,75;50,15;12
RL-P1P-PAN-INC;realme;P1 Pro;Pantalla;Incell;17,45;16,93;16,40;6
RL-P1P-BAT-COM;realme;P1 Pro;Batería;Compatible;8,45;;;6
RL-P1P-CON-COM;realme;P1 Pro;Conector de carga;Compatible;4,00;;;6
RL-P1P-TAP-COM;realme;P1 Pro;Tapa trasera;Compatible;5,60;;;6
RL-P1P-CTR-COM;realme;P1 Pro;Cámara trasera;Compatible;7,29;;;6
RL-P1P-CFR-COM;realme;P1 Pro;Cámara frontal;Compatible;4,45;;;6
RL-P1P-LEN-COM;realme;P1 Pro;Lente de cámara;Compatible;2,60;;;6
RL-P1P-ALT-COM;realme;P1 Pro;Altavoz;Compatible;3,65;;;6
RL-P1P-AUR-COM;realme;P1 Pro;Auricular de llamada;Compatible;2,65;;;6
RL-P1P-FLX-COM;realme;P1 Pro;Flex de encendido y volumen;Compatible;2,85;;;6
RL-P1P-SIM-COM;realme;P1 Pro;Bandeja SIM;Compatible;2,75;;;6
RL-V50-PAN-ORI;realme;V50;Pantalla;Original;35,20;34,14;33,09;12
RL-V50-PAN-COM;realme;V50;Pantalla;Compatible;17,10;16,59;16,07;6
RL-V50-BAT-COM;realme;V50;Batería;Compatible;9,15;;;6
RL-V50-CON-COM;realme;V50;Conector de carga;Compatible;4,99;;;6
RL-V50-TAP-COM;realme;V50;Tapa trasera;Compatible;6,30;;;6
RL-V50-CTR-COM;realme;V50;Cámara trasera;Compatible;8,29;;;6
RL-V50-CFR-COM;realme;V50;Cámara frontal;Compatible;4,75;;;6
RL-V50-LEN-COM;realme;V50;Lente de cámara;Compatible;2,55;;;6
RL-V50-ALT-COM;realme;V50;Altavoz;Compatible;3,70;;;6
RL-V50-AUR-COM;realme;V50;Auricular de llamada;Compatible;2,65;;;6
RL-V50-FLX-COM;realme;V50;Flex de encendido y volumen;Compatible;2,79;;;6
RL-V50-SIM-COM;realme;V50;Bandeja SIM;Compatible;2,60;;;6
RL-V50S-PAN-ORI;realme;V50s;Pantalla;Original;35,20;34,14;33,09;12
RL-V50S-PAN-COM;realme;V50s;Pantalla;Compatible;17,10;16,59;16,07;6
RL-V50S-BAT-COM;realme;V50s;Batería;Compatible;9,15;;;6
RL-V50S-CON-COM;realme;V50s;Conector de carga;Compatible;4,99;;;6
RL-V50S-TAP-COM;realme;V50s;Tapa trasera;Compatible;6,30;;;6
RL-V50S-CTR-COM;realme;V50s;Cámara trasera;Compatible;8,29;;;6
RL-V50S-CFR-COM;realme;V50s;Cámara frontal;Compatible;4,75;;;6
RL-V50S-LEN-COM;realme;V50s;Lente de cámara;Compatible;2,55;;;6
RL-V50S-ALT-COM;realme;V50s;Altavoz;Compatible;3,70;;;6
RL-V50S-AUR-COM;realme;V50s;Auricular de llamada;Compatible;2,65;;;6
RL-V50S-FLX-COM;realme;V50s;Flex de encendido y volumen;Compatible;2,79;;;6
RL-V50S-SIM-COM;realme;V50s;Bandeja SIM;Compatible;2,60;;;6
RL-N60X-PAN-ORI;realme;narzo 60x;Pantalla;Original;35,20;34,14;33,09;12
RL-N60X-PAN-COM;realme;narzo 60x;Pantalla;Compatible;17,10;16,59;16,07;6
RL-N60X-BAT-COM;realme;narzo 60x;Batería;Compatible;9,15;;;6
RL-N60X-CON-COM;realme;narzo 60x;Conector de carga;Compatible;4,99;;;6
RL-N60X-TAP-COM;realme;narzo 60x;Tapa trasera;Compatible;6,30;;;6
RL-N60X-CTR-COM;realme;narzo 60x;Cámara trasera;Compatible;8,29;;;6
RL-N60X-CFR-COM;realme;narzo 60x;Cámara frontal;Compatible;4,75;;;6
RL-N60X-LEN-COM;realme;narzo 60x;Lente de cámara;Compatible;2,55;;;6
RL-N60X-ALT-COM;realme;narzo 60x;Altavoz;Compatible;3,70;;;6
RL-N60X-AUR-COM;realme;narzo 60x;Auricular de llamada;Compatible;2,65;;;6
RL-N60X-FLX-COM;realme;narzo 60x;Flex de encendido y volumen;Compatible;2,79;;;6
RL-N60X-SIM-COM;realme;narzo 60x;Bandeja SIM;Compatible;2,60;;;6
RL-11X-PAN-ORI;realme;11x;Pantalla;Original;36,05;34,97;33,89;12
RL-11X-PAN-COM;realme;11x;Pantalla;Compatible;17,19;16,67;16,16;6
RL-11X-BAT-COM;realme;11x;Batería;Compatible;9,15;;;6
RL-11X-CON-COM;realme;11x;Conector de carga;Compatible;4,89;;;6
RL-11X-TAP-COM;realme;11x;Tapa trasera;Compatible;6,30;;;6
RL-11X-CTR-COM;realme;11x;Cámara trasera;Compatible;8,29;;;6
RL-11X-CFR-COM;realme;11x;Cámara frontal;Compatible;4,75;;;6
RL-11X-LEN-COM;realme;11x;Lente de cámara;Compatible;2,60;;;6
RL-11X-ALT-COM;realme;11x;Altavoz;Compatible;3,70;;;6
RL-11X-AUR-COM;realme;11x;Auricular de llamada;Compatible;2,65;;;6
RL-11X-FLX-COM;realme;11x;Flex de encendido y volumen;Compatible;2,79;;;6
RL-11X-SIM-COM;realme;11x;Bandeja SIM;Compatible;2,60;;;6
RL-GT52-PAN-ORI;realme;GT5;Pantalla;Original;76,75;74,45;72,15;12
RL-GT52-PAN-INC;realme;GT5;Pantalla;Incell;21,50;20,86;20,21;6
RL-GT52-BAT-COM;realme;GT5;Batería;Compatible;9,65;;;6
RL-GT52-CON-COM;realme;GT5;Conector de carga;Compatible;4,65;;;6
RL-GT52-TAP-COM;realme;GT5;Tapa trasera;Compatible;6,39;;;6
RL-GT52-CTR-COM;realme;GT5;Cámara trasera;Compatible;10,05;9,75;9,45;6
RL-GT52-CFR-COM;realme;GT5;Cámara frontal;Compatible;5,00;;;6
RL-GT52-LEN-COM;realme;GT5;Lente de cámara;Compatible;3,00;;;6
RL-GT52-ALT-COM;realme;GT5;Altavoz;Compatible;4,10;;;6
RL-GT52-AUR-COM;realme;GT5;Auricular de llamada;Compatible;3,29;;;6
RL-GT52-FLX-COM;realme;GT5;Flex de encendido y volumen;Compatible;3,60;;;6
RL-GT52-SIM-COM;realme;GT5;Bandeja SIM;Compatible;3,00;;;6
RL-GT5240W-PAN-ORI;realme;GT5 240W;Pantalla;Original;76,75;74,45;72,15;12
RL-GT5240W-PAN-INC;realme;GT5 240W;Pantalla;Incell;21,50;20,86;20,21;6
RL-GT5240W-BAT-COM;realme;GT5 240W;Batería;Compatible;9,85;;;6
RL-GT5240W-CON-COM;realme;GT5 240W;Conector de carga;Compatible;4,65;;;6
RL-GT5240W-TAP-COM;realme;GT5 240W;Tapa trasera;Compatible;6,39;;;6
RL-GT5240W-CTR-COM;realme;GT5 240W;Cámara trasera;Compatible;10,05;9,75;9,45;6
RL-GT5240W-CFR-COM;realme;GT5 240W;Cámara frontal;Compatible;5,00;;;6
RL-GT5240W-LEN-COM;realme;GT5 240W;Lente de cámara;Compatible;3,00;;;6
RL-GT5240W-ALT-COM;realme;GT5 240W;Altavoz;Compatible;4,10;;;6
RL-GT5240W-AUR-COM;realme;GT5 240W;Auricular de llamada;Compatible;3,29;;;6
RL-GT5240W-FLX-COM;realme;GT5 240W;Flex de encendido y volumen;Compatible;3,60;;;6
RL-GT5240W-SIM-COM;realme;GT5 240W;Bandeja SIM;Compatible;3,00;;;6
RL-GT5P-PAN-ORI;realme;GT5 Pro;Pantalla;Original;109,85;106,55;103,26;12
RL-GT5P-PAN-INC;realme;GT5 Pro;Pantalla;Incell;28,35;27,50;26,65;6
RL-GT5P-BAT-COM;realme;GT5 Pro;Batería;Compatible;9,65;;;6
RL-GT5P-CON-COM;realme;GT5 Pro;Conector de carga;Compatible;6,25;;;6
RL-GT5P-TAP-COM;realme;GT5 Pro;Tapa trasera;Compatible;7,85;;;6
RL-GT5P-CTR-COM;realme;GT5 Pro;Cámara trasera;Compatible;12,60;12,22;11,84;6
RL-GT5P-CFR-COM;realme;GT5 Pro;Cámara frontal;Compatible;6,25;;;6
RL-GT5P-LEN-COM;realme;GT5 Pro;Lente de cámara;Compatible;3,50;;;6
RL-GT5P-ALT-COM;realme;GT5 Pro;Altavoz;Compatible;4,70;;;6
RL-GT5P-AUR-COM;realme;GT5 Pro;Auricular de llamada;Compatible;3,59;;;6
RL-GT5P-FLX-COM;realme;GT5 Pro;Flex de encendido y volumen;Compatible;3,90;;;6
RL-GT5P-SIM-COM;realme;GT5 Pro;Bandeja SIM;Compatible;3,25;;;6
RL-NARZO60-PAN-ORI;realme;narzo 60;Pantalla;Original;63,05;61,16;59,27;12
RL-NARZO60-PAN-INC;realme;narzo 60;Pantalla;Incell;20,10;19,50;18,89;6
RL-NARZO60-BAT-COM;realme;narzo 60;Batería;Compatible;9,15;;;6
RL-NARZO60-CON-COM;realme;narzo 60;Conector de carga;Compatible;4,99;;;6
RL-NARZO60-TAP-COM;realme;narzo 60;Tapa trasera;Compatible;6,30;;;6
RL-NARZO60-CTR-COM;realme;narzo 60;Cámara trasera;Compatible;8,29;;;6
RL-NARZO60-CFR-COM;realme;narzo 60;Cámara frontal;Compatible;4,75;;;6
RL-NARZO60-LEN-COM;realme;narzo 60;Lente de cámara;Compatible;2,55;;;6
RL-NARZO60-ALT-COM;realme;narzo 60;Altavoz;Compatible;3,70;;;6
RL-NARZO60-AUR-COM;realme;narzo 60;Auricular de llamada;Compatible;2,65;;;6
RL-NARZO60-FLX-COM;realme;narzo 60;Flex de encendido y volumen;Compatible;2,79;;;6
RL-NARZO60-SIM-COM;realme;narzo 60;Bandeja SIM;Compatible;2,60;;;6
RL-GTNEO5SE-PAN-ORI;realme;GT Neo5 SE;Pantalla;Original;76,75;74,45;72,15;12
RL-GTNEO5SE-PAN-INC;realme;GT Neo5 SE;Pantalla;Incell;21,50;20,86;20,21;6
RL-GTNEO5SE-BAT-COM;realme;GT Neo5 SE;Batería;Compatible;9,85;;;6
RL-GTNEO5SE-CON-COM;realme;GT Neo5 SE;Conector de carga;Compatible;4,65;;;6
RL-GTNEO5SE-TAP-COM;realme;GT Neo5 SE;Tapa trasera;Compatible;6,39;;;6
RL-GTNEO5SE-CTR-COM;realme;GT Neo5 SE;Cámara trasera;Compatible;10,05;9,75;9,45;6
RL-GTNEO5SE-CFR-COM;realme;GT Neo5 SE;Cámara frontal;Compatible;5,00;;;6
RL-GTNEO5SE-LEN-COM;realme;GT Neo5 SE;Lente de cámara;Compatible;3,00;;;6
RL-GTNEO5SE-ALT-COM;realme;GT Neo5 SE;Altavoz;Compatible;4,10;;;6
RL-GTNEO5SE-AUR-COM;realme;GT Neo5 SE;Auricular de llamada;Compatible;3,29;;;6
RL-GTNEO5SE-FLX-COM;realme;GT Neo5 SE;Flex de encendido y volumen;Compatible;3,60;;;6
RL-GTNEO5SE-SIM-COM;realme;GT Neo5 SE;Bandeja SIM;Compatible;3,00;;;6
RL-10T-PAN-COM;realme;10T;Pantalla;Compatible;17,19;16,67;16,16;6
RL-10T-BAT-COM;realme;10T;Batería;Compatible;9,15;;;6
RL-10T-CON-COM;realme;10T;Conector de carga;Compatible;4,89;;;6
RL-10T-TAP-COM;realme;10T;Tapa trasera;Compatible;6,30;;;6
RL-10T-CTR-COM;realme;10T;Cámara trasera;Compatible;8,29;;;6
RL-10T-CFR-COM;realme;10T;Cámara frontal;Compatible;4,75;;;6
RL-10T-LEN-COM;realme;10T;Lente de cámara;Compatible;2,60;;;6
RL-10T-ALT-COM;realme;10T;Altavoz;Compatible;3,70;;;6
RL-10T-AUR-COM;realme;10T;Auricular de llamada;Compatible;2,65;;;6
RL-10T-FLX-COM;realme;10T;Flex de encendido y volumen;Compatible;2,79;;;6
RL-10T-SIM-COM;realme;10T;Bandeja SIM;Compatible;2,60;;;6
RL-C3323-PAN-ORI;realme;C33 2023;Pantalla;Original;29,80;28,91;28,01;12
RL-C3323-PAN-COM;realme;C33 2023;Pantalla;Compatible;14,70;14,26;13,82;6
RL-C3323-BAT-COM;realme;C33 2023;Batería;Compatible;8,45;;;6
RL-C3323-CON-COM;realme;C33 2023;Conector de carga;Compatible;4,00;;;6
RL-C3323-TAP-COM;realme;C33 2023;Tapa trasera;Compatible;5,60;;;6
RL-C3323-CTR-COM;realme;C33 2023;Cámara trasera;Compatible;7,29;;;6
RL-C3323-CFR-COM;realme;C33 2023;Cámara frontal;Compatible;4,10;;;6
RL-C3323-LEN-COM;realme;C33 2023;Lente de cámara;Compatible;2,70;;;6
RL-C3323-ALT-COM;realme;C33 2023;Altavoz;Compatible;3,65;;;6
RL-C3323-AUR-COM;realme;C33 2023;Auricular de llamada;Compatible;2,65;;;6
RL-C3323-FLX-COM;realme;C33 2023;Flex de encendido y volumen;Compatible;2,85;;;6
RL-C3323-SIM-COM;realme;C33 2023;Bandeja SIM;Compatible;2,80;;;6
RL-C51S-PAN-ORI;realme;C51s;Pantalla;Original;29,80;28,91;28,01;12
RL-C51S-PAN-COM;realme;C51s;Pantalla;Compatible;14,70;14,26;13,82;6
RL-C51S-BAT-COM;realme;C51s;Batería;Compatible;8,45;;;6
RL-C51S-CON-COM;realme;C51s;Conector de carga;Compatible;4,00;;;6
RL-C51S-TAP-COM;realme;C51s;Tapa trasera;Compatible;5,60;;;6
RL-C51S-CTR-COM;realme;C51s;Cámara trasera;Compatible;7,29;;;6
RL-C51S-CFR-COM;realme;C51s;Cámara frontal;Compatible;4,10;;;6
RL-C51S-LEN-COM;realme;C51s;Lente de cámara;Compatible;2,70;;;6
RL-C51S-ALT-COM;realme;C51s;Altavoz;Compatible;3,65;;;6
RL-C51S-AUR-COM;realme;C51s;Auricular de llamada;Compatible;2,65;;;6
RL-C51S-FLX-COM;realme;C51s;Flex de encendido y volumen;Compatible;2,85;;;6
RL-C51S-SIM-COM;realme;C51s;Bandeja SIM;Compatible;2,80;;;6
RL-GTNEO524-PAN-ORI;realme;GT Neo5 240 W;Pantalla;Original;76,75;74,45;72,15;12
RL-GTNEO524-PAN-INC;realme;GT Neo5 240 W;Pantalla;Incell;21,50;20,86;20,21;6
RL-GTNEO524-BAT-COM;realme;GT Neo5 240 W;Batería;Compatible;9,85;;;6
RL-GTNEO524-CON-COM;realme;GT Neo5 240 W;Conector de carga;Compatible;4,65;;;6
RL-GTNEO524-TAP-COM;realme;GT Neo5 240 W;Tapa trasera;Compatible;6,39;;;6
RL-GTNEO524-CTR-COM;realme;GT Neo5 240 W;Cámara trasera;Compatible;10,05;9,75;9,45;6
RL-GTNEO524-CFR-COM;realme;GT Neo5 240 W;Cámara frontal;Compatible;5,00;;;6
RL-GTNEO524-LEN-COM;realme;GT Neo5 240 W;Lente de cámara;Compatible;3,00;;;6
RL-GTNEO524-ALT-COM;realme;GT Neo5 240 W;Altavoz;Compatible;4,10;;;6
RL-GTNEO524-AUR-COM;realme;GT Neo5 240 W;Auricular de llamada;Compatible;3,29;;;6
RL-GTNEO524-FLX-COM;realme;GT Neo5 240 W;Flex de encendido y volumen;Compatible;3,60;;;6
RL-GTNEO524-SIM-COM;realme;GT Neo5 240 W;Bandeja SIM;Compatible;3,00;;;6
RL-V30-PAN-ORI;realme;V30;Pantalla;Original;35,20;34,14;33,09;12
RL-V30-PAN-COM;realme;V30;Pantalla;Compatible;17,10;16,59;16,07;6
RL-V30-BAT-COM;realme;V30;Batería;Compatible;9,15;;;6
RL-V30-CON-COM;realme;V30;Conector de carga;Compatible;4,99;;;6
RL-V30-TAP-COM;realme;V30;Tapa trasera;Compatible;6,30;;;6
RL-V30-CTR-COM;realme;V30;Cámara trasera;Compatible;8,29;;;6
RL-V30-CFR-COM;realme;V30;Cámara frontal;Compatible;4,75;;;6
RL-V30-LEN-COM;realme;V30;Lente de cámara;Compatible;2,55;;;6
RL-V30-ALT-COM;realme;V30;Altavoz;Compatible;3,70;;;6
RL-V30-AUR-COM;realme;V30;Auricular de llamada;Compatible;2,65;;;6
RL-V30-FLX-COM;realme;V30;Flex de encendido y volumen;Compatible;2,79;;;6
RL-V30-SIM-COM;realme;V30;Bandeja SIM;Compatible;2,60;;;6
RL-V30T-PAN-ORI;realme;V30t;Pantalla;Original;35,20;34,14;33,09;12
RL-V30T-PAN-COM;realme;V30t;Pantalla;Compatible;17,10;16,59;16,07;6
RL-V30T-BAT-COM;realme;V30t;Batería;Compatible;9,15;;;6
RL-V30T-CON-COM;realme;V30t;Conector de carga;Compatible;4,99;;;6
RL-V30T-TAP-COM;realme;V30t;Tapa trasera;Compatible;6,30;;;6
RL-V30T-CTR-COM;realme;V30t;Cámara trasera;Compatible;8,29;;;6
RL-V30T-CFR-COM;realme;V30t;Cámara frontal;Compatible;4,75;;;6
RL-V30T-LEN-COM;realme;V30t;Lente de cámara;Compatible;2,55;;;6
RL-V30T-ALT-COM;realme;V30t;Altavoz;Compatible;3,70;;;6
RL-V30T-AUR-COM;realme;V30t;Auricular de llamada;Compatible;2,65;;;6
RL-V30T-FLX-COM;realme;V30t;Flex de encendido y volumen;Compatible;2,79;;;6
RL-V30T-SIM-COM;realme;V30t;Bandeja SIM;Compatible;2,60;;;6
RL-10S-PAN-ORI;realme;10s;Pantalla;Original;34,95;33,90;32,85;12
RL-10S-PAN-COM;realme;10s;Pantalla;Compatible;16,15;15,67;15,18;6
RL-10S-BAT-COM;realme;10s;Batería;Compatible;8,00;;;6
RL-10S-CON-COM;realme;10s;Conector de carga;Compatible;4,25;;;6
RL-10S-TAP-COM;realme;10s;Tapa trasera;Compatible;5,60;;;6
RL-10S-CTR-COM;realme;10s;Cámara trasera;Compatible;5,90;;;6
RL-10S-CFR-COM;realme;10s;Cámara frontal;Compatible;3,25;;;6
RL-10S-LEN-COM;realme;10s;Lente de cámara;Compatible;2,49;;;6
RL-10S-ALT-COM;realme;10s;Altavoz;Compatible;3,45;;;6
RL-10S-AUR-COM;realme;10s;Auricular de llamada;Compatible;2,40;;;6
RL-10S-FLX-COM;realme;10s;Flex de encendido y volumen;Compatible;2,29;;;6
RL-10S-SIM-COM;realme;10s;Bandeja SIM;Compatible;2,65;;;6
RL-10P-PAN-ORI;realme;10 Pro;Pantalla;Original;51,60;50,05;48,50;12
RL-10P-PAN-COM;realme;10 Pro;Pantalla;Compatible;17,25;16,73;16,22;6
RL-10P-BAT-COM;realme;10 Pro;Batería;Compatible;8,65;;;6
RL-10P-CON-COM;realme;10 Pro;Conector de carga;Compatible;3,99;;;6
RL-10P-TAP-COM;realme;10 Pro;Tapa trasera;Compatible;5,69;;;6
RL-10P-CTR-COM;realme;10 Pro;Cámara trasera;Compatible;7,19;;;6
RL-10P-CFR-COM;realme;10 Pro;Cámara frontal;Compatible;3,40;;;6
RL-10P-LEN-COM;realme;10 Pro;Lente de cámara;Compatible;2,99;;;6
RL-10P-ALT-COM;realme;10 Pro;Altavoz;Compatible;3,80;;;6
RL-10P-AUR-COM;realme;10 Pro;Auricular de llamada;Compatible;2,99;;;6
RL-10P-FLX-COM;realme;10 Pro;Flex de encendido y volumen;Compatible;2,95;;;6
RL-10P-SIM-COM;realme;10 Pro;Bandeja SIM;Compatible;3,05;;;6
RL-10PPL-PAN-ORI;realme;10 Pro+;Pantalla;Original;76,15;73,87;71,58;12
RL-10PPL-PAN-INC;realme;10 Pro+;Pantalla;Incell;20,30;19,69;19,08;6
RL-10PPL-BAT-COM;realme;10 Pro+;Batería;Compatible;8,65;;;6
RL-10PPL-CON-COM;realme;10 Pro+;Conector de carga;Compatible;3,99;;;6
RL-10PPL-TAP-COM;realme;10 Pro+;Tapa trasera;Compatible;5,69;;;6
RL-10PPL-CTR-COM;realme;10 Pro+;Cámara trasera;Compatible;7,19;;;6
RL-10PPL-CFR-COM;realme;10 Pro+;Cámara frontal;Compatible;3,40;;;6
RL-10PPL-LEN-COM;realme;10 Pro+;Lente de cámara;Compatible;2,99;;;6
RL-10PPL-ALT-COM;realme;10 Pro+;Altavoz;Compatible;3,80;;;6
RL-10PPL-AUR-COM;realme;10 Pro+;Auricular de llamada;Compatible;2,99;;;6
RL-10PPL-FLX-COM;realme;10 Pro+;Flex de encendido y volumen;Compatible;2,95;;;6
RL-10PPL-SIM-COM;realme;10 Pro+;Bandeja SIM;Compatible;3,05;;;6
RL-C30S-PAN-ORI;realme;C30s;Pantalla;Original;28,89;28,02;27,16;12
RL-C30S-PAN-COM;realme;C30s;Pantalla;Compatible;13,80;13,39;12,97;6
RL-C30S-BAT-COM;realme;C30s;Batería;Compatible;7,40;;;6
RL-C30S-CON-COM;realme;C30s;Conector de carga;Compatible;3,50;;;6
RL-C30S-TAP-COM;realme;C30s;Tapa trasera;Compatible;5,00;;;6
RL-C30S-CTR-COM;realme;C30s;Cámara trasera;Compatible;5,20;;;6
RL-C30S-CFR-COM;realme;C30s;Cámara frontal;Compatible;2,80;;;6
RL-C30S-LEN-COM;realme;C30s;Lente de cámara;Compatible;2,59;;;6
RL-C30S-ALT-COM;realme;C30s;Altavoz;Compatible;3,39;;;6
RL-C30S-AUR-COM;realme;C30s;Auricular de llamada;Compatible;2,45;;;6
RL-C30S-FLX-COM;realme;C30s;Flex de encendido y volumen;Compatible;2,35;;;6
RL-C30S-SIM-COM;realme;C30s;Bandeja SIM;Compatible;2,85;;;6
RL-GT2EME-PAN-ORI;realme;GT2 Explorer Master Edition;Pantalla;Original;74,35;72,12;69,89;12
RL-GT2EME-PAN-INC;realme;GT2 Explorer Master Edition;Pantalla;Incell;20,20;19,59;18,99;6
RL-GT2EME-BAT-COM;realme;GT2 Explorer Master Edition;Batería;Compatible;8,65;;;6
RL-GT2EME-CON-COM;realme;GT2 Explorer Master Edition;Conector de carga;Compatible;4,05;;;6
RL-GT2EME-TAP-COM;realme;GT2 Explorer Master Edition;Tapa trasera;Compatible;5,69;;;6
RL-GT2EME-CTR-COM;realme;GT2 Explorer Master Edition;Cámara trasera;Compatible;7,19;;;6
RL-GT2EME-CFR-COM;realme;GT2 Explorer Master Edition;Cámara frontal;Compatible;3,40;;;6
RL-GT2EME-LEN-COM;realme;GT2 Explorer Master Edition;Lente de cámara;Compatible;2,89;;;6
RL-GT2EME-ALT-COM;realme;GT2 Explorer Master Edition;Altavoz;Compatible;3,80;;;6
RL-GT2EME-AUR-COM;realme;GT2 Explorer Master Edition;Auricular de llamada;Compatible;2,99;;;6
RL-GT2EME-FLX-COM;realme;GT2 Explorer Master Edition;Flex de encendido y volumen;Compatible;2,95;;;6
RL-GT2EME-SIM-COM;realme;GT2 Explorer Master Edition;Bandeja SIM;Compatible;3,05;;;6
RL-Q5X-PAN-ORI;realme;Q5x;Pantalla;Original;34,15;33,13;32,10;12
RL-Q5X-PAN-COM;realme;Q5x;Pantalla;Compatible;16,05;15,57;15,09;6
RL-Q5X-BAT-COM;realme;Q5x;Batería;Compatible;8,00;;;6
RL-Q5X-CON-COM;realme;Q5x;Conector de carga;Compatible;4,35;;;6
RL-Q5X-TAP-COM;realme;Q5x;Tapa trasera;Compatible;5,60;;;6
RL-Q5X-CTR-COM;realme;Q5x;Cámara trasera;Compatible;5,90;;;6
RL-Q5X-CFR-COM;realme;Q5x;Cámara frontal;Compatible;3,25;;;6
RL-Q5X-LEN-COM;realme;Q5x;Lente de cámara;Compatible;2,40;;;6
RL-Q5X-ALT-COM;realme;Q5x;Altavoz;Compatible;3,45;;;6
RL-Q5X-AUR-COM;realme;Q5x;Auricular de llamada;Compatible;2,40;;;6
RL-Q5X-FLX-COM;realme;Q5x;Flex de encendido y volumen;Compatible;2,29;;;6
RL-Q5X-SIM-COM;realme;Q5x;Bandeja SIM;Compatible;2,65;;;6
RL-V20-PAN-ORI;realme;V20;Pantalla;Original;34,15;33,13;32,10;12
RL-V20-PAN-COM;realme;V20;Pantalla;Compatible;16,05;15,57;15,09;6
RL-V20-BAT-COM;realme;V20;Batería;Compatible;8,00;;;6
RL-V20-CON-COM;realme;V20;Conector de carga;Compatible;4,35;;;6
RL-V20-TAP-COM;realme;V20;Tapa trasera;Compatible;5,60;;;6
RL-V20-CTR-COM;realme;V20;Cámara trasera;Compatible;5,90;;;6
RL-V20-CFR-COM;realme;V20;Cámara frontal;Compatible;3,25;;;6
RL-V20-LEN-COM;realme;V20;Lente de cámara;Compatible;2,40;;;6
RL-V20-ALT-COM;realme;V20;Altavoz;Compatible;3,45;;;6
RL-V20-AUR-COM;realme;V20;Auricular de llamada;Compatible;2,40;;;6
RL-V20-FLX-COM;realme;V20;Flex de encendido y volumen;Compatible;2,29;;;6
RL-V20-SIM-COM;realme;V20;Bandeja SIM;Compatible;2,65;;;6
RL-N50P-PAN-ORI;realme;narzo 50 Pro;Pantalla;Original;74,35;72,12;69,89;12
RL-N50P-PAN-INC;realme;narzo 50 Pro;Pantalla;Incell;20,20;19,59;18,99;6
RL-N50P-BAT-COM;realme;narzo 50 Pro;Batería;Compatible;8,65;;;6
RL-N50P-CON-COM;realme;narzo 50 Pro;Conector de carga;Compatible;4,05;;;6
RL-N50P-TAP-COM;realme;narzo 50 Pro;Tapa trasera;Compatible;5,69;;;6
RL-N50P-CTR-COM;realme;narzo 50 Pro;Cámara trasera;Compatible;7,19;;;6
RL-N50P-CFR-COM;realme;narzo 50 Pro;Cámara frontal;Compatible;3,40;;;6
RL-N50P-LEN-COM;realme;narzo 50 Pro;Lente de cámara;Compatible;2,89;;;6
RL-N50P-ALT-COM;realme;narzo 50 Pro;Altavoz;Compatible;3,80;;;6
RL-N50P-AUR-COM;realme;narzo 50 Pro;Auricular de llamada;Compatible;2,99;;;6
RL-N50P-FLX-COM;realme;narzo 50 Pro;Flex de encendido y volumen;Compatible;2,95;;;6
RL-N50P-SIM-COM;realme;narzo 50 Pro;Bandeja SIM;Compatible;3,05;;;6
RL-V23I-PAN-ORI;realme;V23i;Pantalla;Original;34,15;33,13;32,10;12
RL-V23I-PAN-COM;realme;V23i;Pantalla;Compatible;16,05;15,57;15,09;6
RL-V23I-BAT-COM;realme;V23i;Batería;Compatible;8,00;;;6
RL-V23I-CON-COM;realme;V23i;Conector de carga;Compatible;4,35;;;6
RL-V23I-TAP-COM;realme;V23i;Tapa trasera;Compatible;5,60;;;6
RL-V23I-CTR-COM;realme;V23i;Cámara trasera;Compatible;5,90;;;6
RL-V23I-CFR-COM;realme;V23i;Cámara frontal;Compatible;3,25;;;6
RL-V23I-LEN-COM;realme;V23i;Lente de cámara;Compatible;2,40;;;6
RL-V23I-ALT-COM;realme;V23i;Altavoz;Compatible;3,45;;;6
RL-V23I-AUR-COM;realme;V23i;Auricular de llamada;Compatible;2,40;;;6
RL-V23I-FLX-COM;realme;V23i;Flex de encendido y volumen;Compatible;2,29;;;6
RL-V23I-SIM-COM;realme;V23i;Bandeja SIM;Compatible;2,65;;;6
RL-Q5-PAN-COM;realme;Q5;Pantalla;Compatible;16,05;15,57;15,09;6
RL-Q5-BAT-COM;realme;Q5;Batería;Compatible;8,00;;;6
RL-Q5-CON-COM;realme;Q5;Conector de carga;Compatible;4,35;;;6
RL-Q5-TAP-COM;realme;Q5;Tapa trasera;Compatible;5,60;;;6
RL-Q5-CTR-COM;realme;Q5;Cámara trasera;Compatible;5,90;;;6
RL-Q5-CFR-COM;realme;Q5;Cámara frontal;Compatible;3,25;;;6
RL-Q5-LEN-COM;realme;Q5;Lente de cámara;Compatible;2,40;;;6
RL-Q5-ALT-COM;realme;Q5;Altavoz;Compatible;3,45;;;6
RL-Q5-AUR-COM;realme;Q5;Auricular de llamada;Compatible;2,40;;;6
RL-Q5-FLX-COM;realme;Q5;Flex de encendido y volumen;Compatible;2,29;;;6
RL-Q5-SIM-COM;realme;Q5;Bandeja SIM;Compatible;2,65;;;6
RL-Q5P-PAN-COM;realme;Q5 Pro;Pantalla;Compatible;17,20;16,68;16,17;6
RL-Q5P-BAT-COM;realme;Q5 Pro;Batería;Compatible;8,65;;;6
RL-Q5P-CON-COM;realme;Q5 Pro;Conector de carga;Compatible;4,05;;;6
RL-Q5P-TAP-COM;realme;Q5 Pro;Tapa trasera;Compatible;5,69;;;6
RL-Q5P-CTR-COM;realme;Q5 Pro;Cámara trasera;Compatible;7,19;;;6
RL-Q5P-CFR-COM;realme;Q5 Pro;Cámara frontal;Compatible;3,40;;;6
RL-Q5P-LEN-COM;realme;Q5 Pro;Lente de cámara;Compatible;2,89;;;6
RL-Q5P-ALT-COM;realme;Q5 Pro;Altavoz;Compatible;3,80;;;6
RL-Q5P-AUR-COM;realme;Q5 Pro;Auricular de llamada;Compatible;2,99;;;6
RL-Q5P-FLX-COM;realme;Q5 Pro;Flex de encendido y volumen;Compatible;2,95;;;6
RL-Q5P-SIM-COM;realme;Q5 Pro;Bandeja SIM;Compatible;3,05;;;6
RL-Q5I-PAN-ORI;realme;Q5i;Pantalla;Original;34,15;33,13;32,10;12
RL-Q5I-PAN-COM;realme;Q5i;Pantalla;Compatible;16,05;15,57;15,09;6
RL-Q5I-BAT-COM;realme;Q5i;Batería;Compatible;8,00;;;6
RL-Q5I-CON-COM;realme;Q5i;Conector de carga;Compatible;4,35;;;6
RL-Q5I-TAP-COM;realme;Q5i;Tapa trasera;Compatible;5,60;;;6
RL-Q5I-CTR-COM;realme;Q5i;Cámara trasera;Compatible;5,90;;;6
RL-Q5I-CFR-COM;realme;Q5i;Cámara frontal;Compatible;3,25;;;6
RL-Q5I-LEN-COM;realme;Q5i;Lente de cámara;Compatible;2,40;;;6
RL-Q5I-ALT-COM;realme;Q5i;Altavoz;Compatible;3,45;;;6
RL-Q5I-AUR-COM;realme;Q5i;Auricular de llamada;Compatible;2,40;;;6
RL-Q5I-FLX-COM;realme;Q5i;Flex de encendido y volumen;Compatible;2,29;;;6
RL-Q5I-SIM-COM;realme;Q5i;Bandeja SIM;Compatible;2,65;;;6
RL-V23-PAN-COM;realme;V23;Pantalla;Compatible;16,05;15,57;15,09;6
RL-V23-BAT-COM;realme;V23;Batería;Compatible;8,00;;;6
RL-V23-CON-COM;realme;V23;Conector de carga;Compatible;4,35;;;6
RL-V23-TAP-COM;realme;V23;Tapa trasera;Compatible;5,60;;;6
RL-V23-CTR-COM;realme;V23;Cámara trasera;Compatible;5,90;;;6
RL-V23-CFR-COM;realme;V23;Cámara frontal;Compatible;3,25;;;6
RL-V23-LEN-COM;realme;V23;Lente de cámara;Compatible;2,40;;;6
RL-V23-ALT-COM;realme;V23;Altavoz;Compatible;3,45;;;6
RL-V23-AUR-COM;realme;V23;Auricular de llamada;Compatible;2,40;;;6
RL-V23-FLX-COM;realme;V23;Flex de encendido y volumen;Compatible;2,29;;;6
RL-V23-SIM-COM;realme;V23;Bandeja SIM;Compatible;2,65;;;6
RL-95SE-PAN-ORI;realme;9 5G Speed Edition;Pantalla;Original;34,95;33,90;32,85;12
RL-95SE-PAN-COM;realme;9 5G Speed Edition;Pantalla;Compatible;16,15;15,67;15,18;6
RL-95SE-BAT-COM;realme;9 5G Speed Edition;Batería;Compatible;8,00;;;6
RL-95SE-CON-COM;realme;9 5G Speed Edition;Conector de carga;Compatible;4,25;;;6
RL-95SE-TAP-COM;realme;9 5G Speed Edition;Tapa trasera;Compatible;5,60;;;6
RL-95SE-CTR-COM;realme;9 5G Speed Edition;Cámara trasera;Compatible;5,90;;;6
RL-95SE-CFR-COM;realme;9 5G Speed Edition;Cámara frontal;Compatible;3,25;;;6
RL-95SE-LEN-COM;realme;9 5G Speed Edition;Lente de cámara;Compatible;2,49;;;6
RL-95SE-ALT-COM;realme;9 5G Speed Edition;Altavoz;Compatible;3,45;;;6
RL-95SE-AUR-COM;realme;9 5G Speed Edition;Auricular de llamada;Compatible;2,40;;;6
RL-95SE-FLX-COM;realme;9 5G Speed Edition;Flex de encendido y volumen;Compatible;2,29;;;6
RL-95SE-SIM-COM;realme;9 5G Speed Edition;Bandeja SIM;Compatible;2,65;;;6
RL-V25-PAN-ORI;realme;V25;Pantalla;Original;34,15;33,13;32,10;12
RL-V25-PAN-COM;realme;V25;Pantalla;Compatible;16,05;15,57;15,09;6
RL-V25-BAT-COM;realme;V25;Batería;Compatible;8,00;;;6
RL-V25-CON-COM;realme;V25;Conector de carga;Compatible;4,35;;;6
RL-V25-TAP-COM;realme;V25;Tapa trasera;Compatible;5,60;;;6
RL-V25-CTR-COM;realme;V25;Cámara trasera;Compatible;5,90;;;6
RL-V25-CFR-COM;realme;V25;Cámara frontal;Compatible;3,25;;;6
RL-V25-LEN-COM;realme;V25;Lente de cámara;Compatible;2,40;;;6
RL-V25-ALT-COM;realme;V25;Altavoz;Compatible;3,45;;;6
RL-V25-AUR-COM;realme;V25;Auricular de llamada;Compatible;2,40;;;6
RL-V25-FLX-COM;realme;V25;Flex de encendido y volumen;Compatible;2,29;;;6
RL-V25-SIM-COM;realme;V25;Bandeja SIM;Compatible;2,65;;;6
RL-Q3S-PAN-ORI;realme;Q3s;Pantalla;Original;34,15;33,13;32,10;12
RL-Q3S-PAN-COM;realme;Q3s;Pantalla;Compatible;16,05;15,57;15,09;6
RL-Q3S-BAT-COM;realme;Q3s;Batería;Compatible;8,00;;;6
RL-Q3S-CON-COM;realme;Q3s;Conector de carga;Compatible;4,35;;;6
RL-Q3S-TAP-COM;realme;Q3s;Tapa trasera;Compatible;5,60;;;6
RL-Q3S-CTR-COM;realme;Q3s;Cámara trasera;Compatible;5,90;;;6
RL-Q3S-CFR-COM;realme;Q3s;Cámara frontal;Compatible;3,25;;;6
RL-Q3S-LEN-COM;realme;Q3s;Lente de cámara;Compatible;2,40;;;6
RL-Q3S-ALT-COM;realme;Q3s;Altavoz;Compatible;3,45;;;6
RL-Q3S-AUR-COM;realme;Q3s;Auricular de llamada;Compatible;2,40;;;6
RL-Q3S-FLX-COM;realme;Q3s;Flex de encendido y volumen;Compatible;2,29;;;6
RL-Q3S-SIM-COM;realme;Q3s;Bandeja SIM;Compatible;2,65;;;6
RL-Q3T-PAN-ORI;realme;Q3t;Pantalla;Original;34,15;33,13;32,10;12
RL-Q3T-PAN-COM;realme;Q3t;Pantalla;Compatible;16,05;15,57;15,09;6
RL-Q3T-BAT-COM;realme;Q3t;Batería;Compatible;8,00;;;6
RL-Q3T-CON-COM;realme;Q3t;Conector de carga;Compatible;4,35;;;6
RL-Q3T-TAP-COM;realme;Q3t;Tapa trasera;Compatible;5,60;;;6
RL-Q3T-CTR-COM;realme;Q3t;Cámara trasera;Compatible;5,90;;;6
RL-Q3T-CFR-COM;realme;Q3t;Cámara frontal;Compatible;3,25;;;6
RL-Q3T-LEN-COM;realme;Q3t;Lente de cámara;Compatible;2,40;;;6
RL-Q3T-ALT-COM;realme;Q3t;Altavoz;Compatible;3,45;;;6
RL-Q3T-AUR-COM;realme;Q3t;Auricular de llamada;Compatible;2,40;;;6
RL-Q3T-FLX-COM;realme;Q3t;Flex de encendido y volumen;Compatible;2,29;;;6
RL-Q3T-SIM-COM;realme;Q3t;Bandeja SIM;Compatible;2,65;;;6
RL-GTNEO2T-PAN-ORI;realme;GT Neo2T;Pantalla;Original;74,35;72,12;69,89;12
RL-GTNEO2T-PAN-INC;realme;GT Neo2T;Pantalla;Incell;20,20;19,59;18,99;6
RL-GTNEO2T-BAT-COM;realme;GT Neo2T;Batería;Compatible;8,65;;;6
RL-GTNEO2T-CON-COM;realme;GT Neo2T;Conector de carga;Compatible;4,05;;;6
RL-GTNEO2T-TAP-COM;realme;GT Neo2T;Tapa trasera;Compatible;5,69;;;6
RL-GTNEO2T-CTR-COM;realme;GT Neo2T;Cámara trasera;Compatible;7,19;;;6
RL-GTNEO2T-CFR-COM;realme;GT Neo2T;Cámara frontal;Compatible;3,40;;;6
RL-GTNEO2T-LEN-COM;realme;GT Neo2T;Lente de cámara;Compatible;2,89;;;6
RL-GTNEO2T-ALT-COM;realme;GT Neo2T;Altavoz;Compatible;3,80;;;6
RL-GTNEO2T-AUR-COM;realme;GT Neo2T;Auricular de llamada;Compatible;2,99;;;6
RL-GTNEO2T-FLX-COM;realme;GT Neo2T;Flex de encendido y volumen;Compatible;2,95;;;6
RL-GTNEO2T-SIM-COM;realme;GT Neo2T;Bandeja SIM;Compatible;3,05;;;6
RL-N50A-PAN-ORI;realme;narzo 50A;Pantalla;Original;34,15;33,13;32,10;12
RL-N50A-PAN-COM;realme;narzo 50A;Pantalla;Compatible;16,05;15,57;15,09;6
RL-N50A-BAT-COM;realme;narzo 50A;Batería;Compatible;8,00;;;6
RL-N50A-CON-COM;realme;narzo 50A;Conector de carga;Compatible;4,35;;;6
RL-N50A-TAP-COM;realme;narzo 50A;Tapa trasera;Compatible;5,60;;;6
RL-N50A-CTR-COM;realme;narzo 50A;Cámara trasera;Compatible;5,90;;;6
RL-N50A-CFR-COM;realme;narzo 50A;Cámara frontal;Compatible;3,25;;;6
RL-N50A-LEN-COM;realme;narzo 50A;Lente de cámara;Compatible;2,40;;;6
RL-N50A-ALT-COM;realme;narzo 50A;Altavoz;Compatible;3,45;;;6
RL-N50A-AUR-COM;realme;narzo 50A;Auricular de llamada;Compatible;2,40;;;6
RL-N50A-FLX-COM;realme;narzo 50A;Flex de encendido y volumen;Compatible;2,29;;;6
RL-N50A-SIM-COM;realme;narzo 50A;Bandeja SIM;Compatible;2,65;;;6
RL-V11S-PAN-ORI;realme;V11s;Pantalla;Original;34,15;33,13;32,10;12
RL-V11S-PAN-COM;realme;V11s;Pantalla;Compatible;16,05;15,57;15,09;6
RL-V11S-BAT-COM;realme;V11s;Batería;Compatible;8,00;;;6
RL-V11S-CON-COM;realme;V11s;Conector de carga;Compatible;4,35;;;6
RL-V11S-TAP-COM;realme;V11s;Tapa trasera;Compatible;5,60;;;6
RL-V11S-CTR-COM;realme;V11s;Cámara trasera;Compatible;5,90;;;6
RL-V11S-CFR-COM;realme;V11s;Cámara frontal;Compatible;3,25;;;6
RL-V11S-LEN-COM;realme;V11s;Lente de cámara;Compatible;2,40;;;6
RL-V11S-ALT-COM;realme;V11s;Altavoz;Compatible;3,45;;;6
RL-V11S-AUR-COM;realme;V11s;Auricular de llamada;Compatible;2,40;;;6
RL-V11S-FLX-COM;realme;V11s;Flex de encendido y volumen;Compatible;2,29;;;6
RL-V11S-SIM-COM;realme;V11s;Bandeja SIM;Compatible;2,65;;;6
RL-GTEME-PAN-ORI;realme;GT Explorer Master Edition;Pantalla;Original;74,35;72,12;69,89;12
RL-GTEME-PAN-INC;realme;GT Explorer Master Edition;Pantalla;Incell;20,20;19,59;18,99;6
RL-GTEME-BAT-COM;realme;GT Explorer Master Edition;Batería;Compatible;8,65;;;6
RL-GTEME-CON-COM;realme;GT Explorer Master Edition;Conector de carga;Compatible;4,05;;;6
RL-GTEME-TAP-COM;realme;GT Explorer Master Edition;Tapa trasera;Compatible;5,69;;;6
RL-GTEME-CTR-COM;realme;GT Explorer Master Edition;Cámara trasera;Compatible;7,19;;;6
RL-GTEME-CFR-COM;realme;GT Explorer Master Edition;Cámara frontal;Compatible;3,40;;;6
RL-GTEME-LEN-COM;realme;GT Explorer Master Edition;Lente de cámara;Compatible;2,89;;;6
RL-GTEME-ALT-COM;realme;GT Explorer Master Edition;Altavoz;Compatible;3,80;;;6
RL-GTEME-AUR-COM;realme;GT Explorer Master Edition;Auricular de llamada;Compatible;2,99;;;6
RL-GTEME-FLX-COM;realme;GT Explorer Master Edition;Flex de encendido y volumen;Compatible;2,95;;;6
RL-GTEME-SIM-COM;realme;GT Explorer Master Edition;Bandeja SIM;Compatible;3,05;;;6
RL-C25S-PAN-ORI;realme;C25s;Pantalla;Original;28,89;28,02;27,16;12
RL-C25S-PAN-COM;realme;C25s;Pantalla;Compatible;13,80;13,39;12,97;6
RL-C25S-BAT-COM;realme;C25s;Batería;Compatible;7,40;;;6
RL-C25S-CON-COM;realme;C25s;Conector de carga;Compatible;3,50;;;6
RL-C25S-TAP-COM;realme;C25s;Tapa trasera;Compatible;5,00;;;6
RL-C25S-CTR-COM;realme;C25s;Cámara trasera;Compatible;5,20;;;6
RL-C25S-CFR-COM;realme;C25s;Cámara frontal;Compatible;2,80;;;6
RL-C25S-LEN-COM;realme;C25s;Lente de cámara;Compatible;2,59;;;6
RL-C25S-ALT-COM;realme;C25s;Altavoz;Compatible;3,39;;;6
RL-C25S-AUR-COM;realme;C25s;Auricular de llamada;Compatible;2,45;;;6
RL-C25S-FLX-COM;realme;C25s;Flex de encendido y volumen;Compatible;2,35;;;6
RL-C25S-SIM-COM;realme;C25s;Bandeja SIM;Compatible;2,85;;;6
RL-GTNEOF-PAN-ORI;realme;GT Neo Flash;Pantalla;Original;74,35;72,12;69,89;12
RL-GTNEOF-PAN-INC;realme;GT Neo Flash;Pantalla;Incell;20,20;19,59;18,99;6
RL-GTNEOF-BAT-COM;realme;GT Neo Flash;Batería;Compatible;8,65;;;6
RL-GTNEOF-CON-COM;realme;GT Neo Flash;Conector de carga;Compatible;4,05;;;6
RL-GTNEOF-TAP-COM;realme;GT Neo Flash;Tapa trasera;Compatible;5,69;;;6
RL-GTNEOF-CTR-COM;realme;GT Neo Flash;Cámara trasera;Compatible;7,19;;;6
RL-GTNEOF-CFR-COM;realme;GT Neo Flash;Cámara frontal;Compatible;3,40;;;6
RL-GTNEOF-LEN-COM;realme;GT Neo Flash;Lente de cámara;Compatible;2,89;;;6
RL-GTNEOF-ALT-COM;realme;GT Neo Flash;Altavoz;Compatible;3,80;;;6
RL-GTNEOF-AUR-COM;realme;GT Neo Flash;Auricular de llamada;Compatible;2,99;;;6
RL-GTNEOF-FLX-COM;realme;GT Neo Flash;Flex de encendido y volumen;Compatible;2,95;;;6
RL-GTNEOF-SIM-COM;realme;GT Neo Flash;Bandeja SIM;Compatible;3,05;;;6
RL-Q3PC-PAN-COM;realme;Q3 Pro Carnival;Pantalla;Compatible;17,20;16,68;16,17;6
RL-Q3PC-BAT-COM;realme;Q3 Pro Carnival;Batería;Compatible;8,65;;;6
RL-Q3PC-CON-COM;realme;Q3 Pro Carnival;Conector de carga;Compatible;4,05;;;6
RL-Q3PC-TAP-COM;realme;Q3 Pro Carnival;Tapa trasera;Compatible;5,69;;;6
RL-Q3PC-CTR-COM;realme;Q3 Pro Carnival;Cámara trasera;Compatible;7,19;;;6
RL-Q3PC-CFR-COM;realme;Q3 Pro Carnival;Cámara frontal;Compatible;3,40;;;6
RL-Q3PC-LEN-COM;realme;Q3 Pro Carnival;Lente de cámara;Compatible;2,89;;;6
RL-Q3PC-ALT-COM;realme;Q3 Pro Carnival;Altavoz;Compatible;3,80;;;6
RL-Q3PC-AUR-COM;realme;Q3 Pro Carnival;Auricular de llamada;Compatible;2,99;;;6
RL-Q3PC-FLX-COM;realme;Q3 Pro Carnival;Flex de encendido y volumen;Compatible;2,95;;;6
RL-Q3PC-SIM-COM;realme;Q3 Pro Carnival;Bandeja SIM;Compatible;3,05;;;6
RL-Q3PS-PAN-ORI;realme;Q3 Pro Special;Pantalla;Original;74,35;72,12;69,89;12
RL-Q3PS-PAN-INC;realme;Q3 Pro Special;Pantalla;Incell;20,20;19,59;18,99;6
RL-Q3PS-BAT-COM;realme;Q3 Pro Special;Batería;Compatible;8,65;;;6
RL-Q3PS-CON-COM;realme;Q3 Pro Special;Conector de carga;Compatible;4,05;;;6
RL-Q3PS-TAP-COM;realme;Q3 Pro Special;Tapa trasera;Compatible;5,69;;;6
RL-Q3PS-CTR-COM;realme;Q3 Pro Special;Cámara trasera;Compatible;7,19;;;6
RL-Q3PS-CFR-COM;realme;Q3 Pro Special;Cámara frontal;Compatible;3,40;;;6
RL-Q3PS-LEN-COM;realme;Q3 Pro Special;Lente de cámara;Compatible;2,89;;;6
RL-Q3PS-ALT-COM;realme;Q3 Pro Special;Altavoz;Compatible;3,80;;;6
RL-Q3PS-AUR-COM;realme;Q3 Pro Special;Auricular de llamada;Compatible;2,99;;;6
RL-Q3PS-FLX-COM;realme;Q3 Pro Special;Flex de encendido y volumen;Compatible;2,95;;;6
RL-Q3PS-SIM-COM;realme;Q3 Pro Special;Bandeja SIM;Compatible;3,05;;;6
RL-C20A-PAN-COM;realme;C20A;Pantalla;Compatible;13,80;13,39;12,97;6
RL-C20A-BAT-COM;realme;C20A;Batería;Compatible;7,40;;;6
RL-C20A-CON-COM;realme;C20A;Conector de carga;Compatible;3,50;;;6
RL-C20A-TAP-COM;realme;C20A;Tapa trasera;Compatible;5,00;;;6
RL-C20A-CTR-COM;realme;C20A;Cámara trasera;Compatible;5,20;;;6
RL-C20A-CFR-COM;realme;C20A;Cámara frontal;Compatible;2,80;;;6
RL-C20A-LEN-COM;realme;C20A;Lente de cámara;Compatible;2,59;;;6
RL-C20A-ALT-COM;realme;C20A;Altavoz;Compatible;3,39;;;6
RL-C20A-AUR-COM;realme;C20A;Auricular de llamada;Compatible;2,45;;;6
RL-C20A-FLX-COM;realme;C20A;Flex de encendido y volumen;Compatible;2,35;;;6
RL-C20A-SIM-COM;realme;C20A;Bandeja SIM;Compatible;2,85;;;6
RL-N30-PAN-ORI;realme;narzo 30;Pantalla;Original;34,15;33,13;32,10;12
RL-N30-PAN-COM;realme;narzo 30;Pantalla;Compatible;16,05;15,57;15,09;6
RL-N30-BAT-COM;realme;narzo 30;Batería;Compatible;8,00;;;6
RL-N30-CON-COM;realme;narzo 30;Conector de carga;Compatible;4,35;;;6
RL-N30-TAP-COM;realme;narzo 30;Tapa trasera;Compatible;5,60;;;6
RL-N30-CTR-COM;realme;narzo 30;Cámara trasera;Compatible;5,90;;;6
RL-N30-CFR-COM;realme;narzo 30;Cámara frontal;Compatible;3,25;;;6
RL-N30-LEN-COM;realme;narzo 30;Lente de cámara;Compatible;2,40;;;6
RL-N30-ALT-COM;realme;narzo 30;Altavoz;Compatible;3,45;;;6
RL-N30-AUR-COM;realme;narzo 30;Auricular de llamada;Compatible;2,40;;;6
RL-N30-FLX-COM;realme;narzo 30;Flex de encendido y volumen;Compatible;2,29;;;6
RL-N30-SIM-COM;realme;narzo 30;Bandeja SIM;Compatible;2,65;;;6
RL-Q3-PAN-ORI;realme;Q3;Pantalla;Original;34,15;33,13;32,10;12
RL-Q3-PAN-COM;realme;Q3;Pantalla;Compatible;16,05;15,57;15,09;6
RL-Q3-BAT-COM;realme;Q3;Batería;Compatible;8,00;;;6
RL-Q3-CON-COM;realme;Q3;Conector de carga;Compatible;4,35;;;6
RL-Q3-TAP-COM;realme;Q3;Tapa trasera;Compatible;5,60;;;6
RL-Q3-CTR-COM;realme;Q3;Cámara trasera;Compatible;5,90;;;6
RL-Q3-CFR-COM;realme;Q3;Cámara frontal;Compatible;3,25;;;6
RL-Q3-LEN-COM;realme;Q3;Lente de cámara;Compatible;2,40;;;6
RL-Q3-ALT-COM;realme;Q3;Altavoz;Compatible;3,45;;;6
RL-Q3-AUR-COM;realme;Q3;Auricular de llamada;Compatible;2,40;;;6
RL-Q3-FLX-COM;realme;Q3;Flex de encendido y volumen;Compatible;2,29;;;6
RL-Q3-SIM-COM;realme;Q3;Bandeja SIM;Compatible;2,65;;;6
RL-Q3P-PAN-ORI;realme;Q3 Pro;Pantalla;Original;74,35;72,12;69,89;12
RL-Q3P-PAN-INC;realme;Q3 Pro;Pantalla;Incell;20,20;19,59;18,99;6
RL-Q3P-BAT-COM;realme;Q3 Pro;Batería;Compatible;8,65;;;6
RL-Q3P-CON-COM;realme;Q3 Pro;Conector de carga;Compatible;4,05;;;6
RL-Q3P-TAP-COM;realme;Q3 Pro;Tapa trasera;Compatible;5,69;;;6
RL-Q3P-CTR-COM;realme;Q3 Pro;Cámara trasera;Compatible;7,19;;;6
RL-Q3P-CFR-COM;realme;Q3 Pro;Cámara frontal;Compatible;3,40;;;6
RL-Q3P-LEN-COM;realme;Q3 Pro;Lente de cámara;Compatible;2,89;;;6
RL-Q3P-ALT-COM;realme;Q3 Pro;Altavoz;Compatible;3,80;;;6
RL-Q3P-AUR-COM;realme;Q3 Pro;Auricular de llamada;Compatible;2,99;;;6
RL-Q3P-FLX-COM;realme;Q3 Pro;Flex de encendido y volumen;Compatible;2,95;;;6
RL-Q3P-SIM-COM;realme;Q3 Pro;Bandeja SIM;Compatible;3,05;;;6
RL-V13-PAN-ORI;realme;V13;Pantalla;Original;34,15;33,13;32,10;12
RL-V13-PAN-COM;realme;V13;Pantalla;Compatible;16,05;15,57;15,09;6
RL-V13-BAT-COM;realme;V13;Batería;Compatible;8,00;;;6
RL-V13-CON-COM;realme;V13;Conector de carga;Compatible;4,35;;;6
RL-V13-TAP-COM;realme;V13;Tapa trasera;Compatible;5,60;;;6
RL-V13-CTR-COM;realme;V13;Cámara trasera;Compatible;5,90;;;6
RL-V13-CFR-COM;realme;V13;Cámara frontal;Compatible;3,25;;;6
RL-V13-LEN-COM;realme;V13;Lente de cámara;Compatible;2,40;;;6
RL-V13-ALT-COM;realme;V13;Altavoz;Compatible;3,45;;;6
RL-V13-AUR-COM;realme;V13;Auricular de llamada;Compatible;2,40;;;6
RL-V13-FLX-COM;realme;V13;Flex de encendido y volumen;Compatible;2,29;;;6
RL-V13-SIM-COM;realme;V13;Bandeja SIM;Compatible;2,65;;;6
RL-X7PU-PAN-ORI;realme;X7 Pro Ultra;Pantalla;Original;100,15;97,15;94,14;12
RL-X7PU-PAN-INC;realme;X7 Pro Ultra;Pantalla;Incell;22,25;21,58;20,92;6
RL-X7PU-BAT-COM;realme;X7 Pro Ultra;Batería;Compatible;8,65;;;6
RL-X7PU-CON-COM;realme;X7 Pro Ultra;Conector de carga;Compatible;4,05;;;6
RL-X7PU-TAP-COM;realme;X7 Pro Ultra;Tapa trasera;Compatible;5,69;;;6
RL-X7PU-CTR-COM;realme;X7 Pro Ultra;Cámara trasera;Compatible;7,19;;;6
RL-X7PU-CFR-COM;realme;X7 Pro Ultra;Cámara frontal;Compatible;3,40;;;6
RL-X7PU-LEN-COM;realme;X7 Pro Ultra;Lente de cámara;Compatible;2,89;;;6
RL-X7PU-ALT-COM;realme;X7 Pro Ultra;Altavoz;Compatible;3,80;;;6
RL-X7PU-AUR-COM;realme;X7 Pro Ultra;Auricular de llamada;Compatible;2,99;;;6
RL-X7PU-FLX-COM;realme;X7 Pro Ultra;Flex de encendido y volumen;Compatible;2,95;;;6
RL-X7PU-SIM-COM;realme;X7 Pro Ultra;Bandeja SIM;Compatible;3,05;;;6
RL-GTNEO-PAN-ORI;realme;GT Neo;Pantalla;Original;74,35;72,12;69,89;12
RL-GTNEO-PAN-INC;realme;GT Neo;Pantalla;Incell;20,20;19,59;18,99;6
RL-GTNEO-BAT-COM;realme;GT Neo;Batería;Compatible;8,65;;;6
RL-GTNEO-CON-COM;realme;GT Neo;Conector de carga;Compatible;4,05;;;6
RL-GTNEO-TAP-COM;realme;GT Neo;Tapa trasera;Compatible;5,69;;;6
RL-GTNEO-CTR-COM;realme;GT Neo;Cámara trasera;Compatible;7,19;;;6
RL-GTNEO-CFR-COM;realme;GT Neo;Cámara frontal;Compatible;3,40;;;6
RL-GTNEO-LEN-COM;realme;GT Neo;Lente de cámara;Compatible;2,89;;;6
RL-GTNEO-ALT-COM;realme;GT Neo;Altavoz;Compatible;3,80;;;6
RL-GTNEO-AUR-COM;realme;GT Neo;Auricular de llamada;Compatible;2,99;;;6
RL-GTNEO-FLX-COM;realme;GT Neo;Flex de encendido y volumen;Compatible;2,95;;;6
RL-GTNEO-SIM-COM;realme;GT Neo;Bandeja SIM;Compatible;3,05;;;6
RL-N30P-PAN-ORI;realme;narzo 30 Pro;Pantalla;Original;41,55;40,30;39,06;12
RL-N30P-PAN-COM;realme;narzo 30 Pro;Pantalla;Compatible;17,20;16,68;16,17;6
RL-N30P-BAT-COM;realme;narzo 30 Pro;Batería;Compatible;8,65;;;6
RL-N30P-CON-COM;realme;narzo 30 Pro;Conector de carga;Compatible;4,05;;;6
RL-N30P-TAP-COM;realme;narzo 30 Pro;Tapa trasera;Compatible;5,69;;;6
RL-N30P-CTR-COM;realme;narzo 30 Pro;Cámara trasera;Compatible;7,19;;;6
RL-N30P-CFR-COM;realme;narzo 30 Pro;Cámara frontal;Compatible;3,40;;;6
RL-N30P-LEN-COM;realme;narzo 30 Pro;Lente de cámara;Compatible;2,89;;;6
RL-N30P-ALT-COM;realme;narzo 30 Pro;Altavoz;Compatible;3,80;;;6
RL-N30P-AUR-COM;realme;narzo 30 Pro;Auricular de llamada;Compatible;2,99;;;6
RL-N30P-FLX-COM;realme;narzo 30 Pro;Flex de encendido y volumen;Compatible;2,95;;;6
RL-N30P-SIM-COM;realme;narzo 30 Pro;Bandeja SIM;Compatible;3,05;;;6
RL-V11-PAN-ORI;realme;V11;Pantalla;Original;34,15;33,13;32,10;12
RL-V11-PAN-COM;realme;V11;Pantalla;Compatible;16,05;15,57;15,09;6
RL-V11-BAT-COM;realme;V11;Batería;Compatible;8,00;;;6
RL-V11-CON-COM;realme;V11;Conector de carga;Compatible;4,35;;;6
RL-V11-TAP-COM;realme;V11;Tapa trasera;Compatible;5,60;;;6
RL-V11-CTR-COM;realme;V11;Cámara trasera;Compatible;5,90;;;6
RL-V11-CFR-COM;realme;V11;Cámara frontal;Compatible;3,25;;;6
RL-V11-LEN-COM;realme;V11;Lente de cámara;Compatible;2,40;;;6
RL-V11-ALT-COM;realme;V11;Altavoz;Compatible;3,45;;;6
RL-V11-AUR-COM;realme;V11;Auricular de llamada;Compatible;2,40;;;6
RL-V11-FLX-COM;realme;V11;Flex de encendido y volumen;Compatible;2,29;;;6
RL-V11-SIM-COM;realme;V11;Bandeja SIM;Compatible;2,65;;;6
RL-C20-PAN-ORI;realme;C20;Pantalla;Original;28,89;28,02;27,16;12
RL-C20-PAN-COM;realme;C20;Pantalla;Compatible;13,80;13,39;12,97;6
RL-C20-BAT-COM;realme;C20;Batería;Compatible;7,40;;;6
RL-C20-CON-COM;realme;C20;Conector de carga;Compatible;3,50;;;6
RL-C20-TAP-COM;realme;C20;Tapa trasera;Compatible;5,00;;;6
RL-C20-CTR-COM;realme;C20;Cámara trasera;Compatible;5,20;;;6
RL-C20-CFR-COM;realme;C20;Cámara frontal;Compatible;2,80;;;6
RL-C20-LEN-COM;realme;C20;Lente de cámara;Compatible;2,59;;;6
RL-C20-ALT-COM;realme;C20;Altavoz;Compatible;3,39;;;6
RL-C20-AUR-COM;realme;C20;Auricular de llamada;Compatible;2,45;;;6
RL-C20-FLX-COM;realme;C20;Flex de encendido y volumen;Compatible;2,35;;;6
RL-C20-SIM-COM;realme;C20;Bandeja SIM;Compatible;2,85;;;6
RL-V15-PAN-ORI;realme;V15;Pantalla;Original;61,09;59,26;57,42;12
RL-V15-PAN-INC;realme;V15;Pantalla;Incell;18,89;18,32;17,76;6
RL-V15-BAT-COM;realme;V15;Batería;Compatible;8,00;;;6
RL-V15-CON-COM;realme;V15;Conector de carga;Compatible;4,35;;;6
RL-V15-TAP-COM;realme;V15;Tapa trasera;Compatible;5,60;;;6
RL-V15-CTR-COM;realme;V15;Cámara trasera;Compatible;5,90;;;6
RL-V15-CFR-COM;realme;V15;Cámara frontal;Compatible;3,25;;;6
RL-V15-LEN-COM;realme;V15;Lente de cámara;Compatible;2,40;;;6
RL-V15-ALT-COM;realme;V15;Altavoz;Compatible;3,45;;;6
RL-V15-AUR-COM;realme;V15;Auricular de llamada;Compatible;2,40;;;6
RL-V15-FLX-COM;realme;V15;Flex de encendido y volumen;Compatible;2,29;;;6
RL-V15-SIM-COM;realme;V15;Bandeja SIM;Compatible;2,65;;;6
RL-C15QE-PAN-ORI;realme;C15 Qualcomm Edititon;Pantalla;Original;28,89;28,02;27,16;12
RL-C15QE-PAN-COM;realme;C15 Qualcomm Edititon;Pantalla;Compatible;13,80;13,39;12,97;6
RL-C15QE-BAT-COM;realme;C15 Qualcomm Edititon;Batería;Compatible;7,40;;;6
RL-C15QE-CON-COM;realme;C15 Qualcomm Edititon;Conector de carga;Compatible;3,50;;;6
RL-C15QE-TAP-COM;realme;C15 Qualcomm Edititon;Tapa trasera;Compatible;5,00;;;6
RL-C15QE-CTR-COM;realme;C15 Qualcomm Edititon;Cámara trasera;Compatible;5,20;;;6
RL-C15QE-CFR-COM;realme;C15 Qualcomm Edititon;Cámara frontal;Compatible;2,80;;;6
RL-C15QE-LEN-COM;realme;C15 Qualcomm Edititon;Lente de cámara;Compatible;2,59;;;6
RL-C15QE-ALT-COM;realme;C15 Qualcomm Edititon;Altavoz;Compatible;3,39;;;6
RL-C15QE-AUR-COM;realme;C15 Qualcomm Edititon;Auricular de llamada;Compatible;2,45;;;6
RL-C15QE-FLX-COM;realme;C15 Qualcomm Edititon;Flex de encendido y volumen;Compatible;2,35;;;6
RL-C15QE-SIM-COM;realme;C15 Qualcomm Edititon;Bandeja SIM;Compatible;2,85;;;6
RL-Q2-PAN-ORI;realme;Q2;Pantalla;Original;34,15;33,13;32,10;12
RL-Q2-PAN-COM;realme;Q2;Pantalla;Compatible;16,05;15,57;15,09;6
RL-Q2-BAT-COM;realme;Q2;Batería;Compatible;8,00;;;6
RL-Q2-CON-COM;realme;Q2;Conector de carga;Compatible;4,35;;;6
RL-Q2-TAP-COM;realme;Q2;Tapa trasera;Compatible;5,60;;;6
RL-Q2-CTR-COM;realme;Q2;Cámara trasera;Compatible;5,90;;;6
RL-Q2-CFR-COM;realme;Q2;Cámara frontal;Compatible;3,25;;;6
RL-Q2-LEN-COM;realme;Q2;Lente de cámara;Compatible;2,40;;;6
RL-Q2-ALT-COM;realme;Q2;Altavoz;Compatible;3,45;;;6
RL-Q2-AUR-COM;realme;Q2;Auricular de llamada;Compatible;2,40;;;6
RL-Q2-FLX-COM;realme;Q2;Flex de encendido y volumen;Compatible;2,29;;;6
RL-Q2-SIM-COM;realme;Q2;Bandeja SIM;Compatible;2,65;;;6
RL-Q2P-PAN-ORI;realme;Q2 Pro;Pantalla;Original;74,35;72,12;69,89;12
RL-Q2P-PAN-INC;realme;Q2 Pro;Pantalla;Incell;20,20;19,59;18,99;6
RL-Q2P-BAT-COM;realme;Q2 Pro;Batería;Compatible;8,65;;;6
RL-Q2P-CON-COM;realme;Q2 Pro;Conector de carga;Compatible;4,05;;;6
RL-Q2P-TAP-COM;realme;Q2 Pro;Tapa trasera;Compatible;5,69;;;6
RL-Q2P-CTR-COM;realme;Q2 Pro;Cámara trasera;Compatible;7,19;;;6
RL-Q2P-CFR-COM;realme;Q2 Pro;Cámara frontal;Compatible;3,40;;;6
RL-Q2P-LEN-COM;realme;Q2 Pro;Lente de cámara;Compatible;2,89;;;6
RL-Q2P-ALT-COM;realme;Q2 Pro;Altavoz;Compatible;3,80;;;6
RL-Q2P-AUR-COM;realme;Q2 Pro;Auricular de llamada;Compatible;2,99;;;6
RL-Q2P-FLX-COM;realme;Q2 Pro;Flex de encendido y volumen;Compatible;2,95;;;6
RL-Q2P-SIM-COM;realme;Q2 Pro;Bandeja SIM;Compatible;3,05;;;6
RL-C17-PAN-ORI;realme;C17;Pantalla;Original;28,89;28,02;27,16;12
RL-C17-PAN-COM;realme;C17;Pantalla;Compatible;13,80;13,39;12,97;6
RL-C17-BAT-COM;realme;C17;Batería;Compatible;7,40;;;6
RL-C17-CON-COM;realme;C17;Conector de carga;Compatible;3,50;;;6
RL-C17-TAP-COM;realme;C17;Tapa trasera;Compatible;5,00;;;6
RL-C17-CTR-COM;realme;C17;Cámara trasera;Compatible;5,20;;;6
RL-C17-CFR-COM;realme;C17;Cámara frontal;Compatible;2,80;;;6
RL-C17-LEN-COM;realme;C17;Lente de cámara;Compatible;2,59;;;6
RL-C17-ALT-COM;realme;C17;Altavoz;Compatible;3,39;;;6
RL-C17-AUR-COM;realme;C17;Auricular de llamada;Compatible;2,45;;;6
RL-C17-FLX-COM;realme;C17;Flex de encendido y volumen;Compatible;2,35;;;6
RL-C17-SIM-COM;realme;C17;Bandeja SIM;Compatible;2,85;;;6
RL-N20-PAN-COM;realme;narzo 20;Pantalla;Compatible;16,05;15,57;15,09;6
RL-N20-BAT-COM;realme;narzo 20;Batería;Compatible;8,00;;;6
RL-N20-CON-COM;realme;narzo 20;Conector de carga;Compatible;4,35;;;6
RL-N20-TAP-COM;realme;narzo 20;Tapa trasera;Compatible;5,60;;;6
RL-N20-CTR-COM;realme;narzo 20;Cámara trasera;Compatible;5,90;;;6
RL-N20-CFR-COM;realme;narzo 20;Cámara frontal;Compatible;3,25;;;6
RL-N20-LEN-COM;realme;narzo 20;Lente de cámara;Compatible;2,40;;;6
RL-N20-ALT-COM;realme;narzo 20;Altavoz;Compatible;3,45;;;6
RL-N20-AUR-COM;realme;narzo 20;Auricular de llamada;Compatible;2,40;;;6
RL-N20-FLX-COM;realme;narzo 20;Flex de encendido y volumen;Compatible;2,29;;;6
RL-N20-SIM-COM;realme;narzo 20;Bandeja SIM;Compatible;2,65;;;6
RL-N20P-PAN-ORI;realme;narzo 20 Pro;Pantalla;Original;41,55;40,30;39,06;12
RL-N20P-PAN-COM;realme;narzo 20 Pro;Pantalla;Compatible;17,20;16,68;16,17;6
RL-N20P-BAT-COM;realme;narzo 20 Pro;Batería;Compatible;8,65;;;6
RL-N20P-CON-COM;realme;narzo 20 Pro;Conector de carga;Compatible;4,05;;;6
RL-N20P-TAP-COM;realme;narzo 20 Pro;Tapa trasera;Compatible;5,69;;;6
RL-N20P-CTR-COM;realme;narzo 20 Pro;Cámara trasera;Compatible;7,19;;;6
RL-N20P-CFR-COM;realme;narzo 20 Pro;Cámara frontal;Compatible;3,40;;;6
RL-N20P-LEN-COM;realme;narzo 20 Pro;Lente de cámara;Compatible;2,89;;;6
RL-N20P-ALT-COM;realme;narzo 20 Pro;Altavoz;Compatible;3,80;;;6
RL-N20P-AUR-COM;realme;narzo 20 Pro;Auricular de llamada;Compatible;2,99;;;6
RL-N20P-FLX-COM;realme;narzo 20 Pro;Flex de encendido y volumen;Compatible;2,95;;;6
RL-N20P-SIM-COM;realme;narzo 20 Pro;Bandeja SIM;Compatible;3,05;;;6
RL-N20A-PAN-ORI;realme;narzo 20A;Pantalla;Original;34,15;33,13;32,10;12
RL-N20A-PAN-COM;realme;narzo 20A;Pantalla;Compatible;16,05;15,57;15,09;6
RL-N20A-BAT-COM;realme;narzo 20A;Batería;Compatible;8,00;;;6
RL-N20A-CON-COM;realme;narzo 20A;Conector de carga;Compatible;4,35;;;6
RL-N20A-TAP-COM;realme;narzo 20A;Tapa trasera;Compatible;5,60;;;6
RL-N20A-CTR-COM;realme;narzo 20A;Cámara trasera;Compatible;5,90;;;6
RL-N20A-CFR-COM;realme;narzo 20A;Cámara frontal;Compatible;3,25;;;6
RL-N20A-LEN-COM;realme;narzo 20A;Lente de cámara;Compatible;2,40;;;6
RL-N20A-ALT-COM;realme;narzo 20A;Altavoz;Compatible;3,45;;;6
RL-N20A-AUR-COM;realme;narzo 20A;Auricular de llamada;Compatible;2,40;;;6
RL-N20A-FLX-COM;realme;narzo 20A;Flex de encendido y volumen;Compatible;2,29;;;6
RL-N20A-SIM-COM;realme;narzo 20A;Bandeja SIM;Compatible;2,65;;;6
RL-V3-PAN-ORI;realme;V3;Pantalla;Original;34,15;33,13;32,10;12
RL-V3-PAN-COM;realme;V3;Pantalla;Compatible;16,05;15,57;15,09;6
RL-V3-BAT-COM;realme;V3;Batería;Compatible;8,00;;;6
RL-V3-CON-COM;realme;V3;Conector de carga;Compatible;4,35;;;6
RL-V3-TAP-COM;realme;V3;Tapa trasera;Compatible;5,60;;;6
RL-V3-CTR-COM;realme;V3;Cámara trasera;Compatible;5,90;;;6
RL-V3-CFR-COM;realme;V3;Cámara frontal;Compatible;3,25;;;6
RL-V3-LEN-COM;realme;V3;Lente de cámara;Compatible;2,40;;;6
RL-V3-ALT-COM;realme;V3;Altavoz;Compatible;3,45;;;6
RL-V3-AUR-COM;realme;V3;Auricular de llamada;Compatible;2,40;;;6
RL-V3-FLX-COM;realme;V3;Flex de encendido y volumen;Compatible;2,29;;;6
RL-V3-SIM-COM;realme;V3;Bandeja SIM;Compatible;2,65;;;6
RL-X7-PAN-ORI;realme;X7;Pantalla;Original;74,35;72,12;69,89;12
RL-X7-PAN-INC;realme;X7;Pantalla;Incell;20,20;19,59;18,99;6
RL-X7-BAT-COM;realme;X7;Batería;Compatible;8,65;;;6
RL-X7-CON-COM;realme;X7;Conector de carga;Compatible;4,05;;;6
RL-X7-TAP-COM;realme;X7;Tapa trasera;Compatible;5,69;;;6
RL-X7-CTR-COM;realme;X7;Cámara trasera;Compatible;7,19;;;6
RL-X7-CFR-COM;realme;X7;Cámara frontal;Compatible;3,40;;;6
RL-X7-LEN-COM;realme;X7;Lente de cámara;Compatible;2,89;;;6
RL-X7-ALT-COM;realme;X7;Altavoz;Compatible;3,80;;;6
RL-X7-AUR-COM;realme;X7;Auricular de llamada;Compatible;2,99;;;6
RL-X7-FLX-COM;realme;X7;Flex de encendido y volumen;Compatible;2,95;;;6
RL-X7-SIM-COM;realme;X7;Bandeja SIM;Compatible;3,05;;;6
RL-X7P-PAN-COM;realme;X7 Pro;Pantalla;Compatible;17,20;16,68;16,17;6
RL-X7P-BAT-COM;realme;X7 Pro;Batería;Compatible;8,65;;;6
RL-X7P-CON-COM;realme;X7 Pro;Conector de carga;Compatible;4,05;;;6
RL-X7P-TAP-COM;realme;X7 Pro;Tapa trasera;Compatible;5,69;;;6
RL-X7P-CTR-COM;realme;X7 Pro;Cámara trasera;Compatible;7,19;;;6
RL-X7P-CFR-COM;realme;X7 Pro;Cámara frontal;Compatible;3,40;;;6
RL-X7P-LEN-COM;realme;X7 Pro;Lente de cámara;Compatible;2,89;;;6
RL-X7P-ALT-COM;realme;X7 Pro;Altavoz;Compatible;3,80;;;6
RL-X7P-AUR-COM;realme;X7 Pro;Auricular de llamada;Compatible;2,99;;;6
RL-X7P-FLX-COM;realme;X7 Pro;Flex de encendido y volumen;Compatible;2,95;;;6
RL-X7P-SIM-COM;realme;X7 Pro;Bandeja SIM;Compatible;3,05;;;6
RL-C12-PAN-ORI;realme;C12;Pantalla;Original;28,89;28,02;27,16;12
RL-C12-PAN-COM;realme;C12;Pantalla;Compatible;13,80;13,39;12,97;6
RL-C12-BAT-COM;realme;C12;Batería;Compatible;7,40;;;6
RL-C12-CON-COM;realme;C12;Conector de carga;Compatible;3,50;;;6
RL-C12-TAP-COM;realme;C12;Tapa trasera;Compatible;5,00;;;6
RL-C12-CTR-COM;realme;C12;Cámara trasera;Compatible;5,20;;;6
RL-C12-CFR-COM;realme;C12;Cámara frontal;Compatible;2,80;;;6
RL-C12-LEN-COM;realme;C12;Lente de cámara;Compatible;2,59;;;6
RL-C12-ALT-COM;realme;C12;Altavoz;Compatible;3,39;;;6
RL-C12-AUR-COM;realme;C12;Auricular de llamada;Compatible;2,45;;;6
RL-C12-FLX-COM;realme;C12;Flex de encendido y volumen;Compatible;2,35;;;6
RL-C12-SIM-COM;realme;C12;Bandeja SIM;Compatible;2,85;;;6
RL-V5-PAN-COM;realme;V5;Pantalla;Compatible;16,05;15,57;15,09;6
RL-V5-BAT-COM;realme;V5;Batería;Compatible;8,00;;;6
RL-V5-CON-COM;realme;V5;Conector de carga;Compatible;4,35;;;6
RL-V5-TAP-COM;realme;V5;Tapa trasera;Compatible;5,60;;;6
RL-V5-CTR-COM;realme;V5;Cámara trasera;Compatible;5,90;;;6
RL-V5-CFR-COM;realme;V5;Cámara frontal;Compatible;3,25;;;6
RL-V5-LEN-COM;realme;V5;Lente de cámara;Compatible;2,40;;;6
RL-V5-ALT-COM;realme;V5;Altavoz;Compatible;3,45;;;6
RL-V5-AUR-COM;realme;V5;Auricular de llamada;Compatible;2,40;;;6
RL-V5-FLX-COM;realme;V5;Flex de encendido y volumen;Compatible;2,29;;;6
RL-V5-SIM-COM;realme;V5;Bandeja SIM;Compatible;2,65;;;6
RL-C15-PAN-ORI;realme;C15;Pantalla;Original;28,89;28,02;27,16;12
RL-C15-PAN-COM;realme;C15;Pantalla;Compatible;13,80;13,39;12,97;6
RL-C15-BAT-COM;realme;C15;Batería;Compatible;7,40;;;6
RL-C15-CON-COM;realme;C15;Conector de carga;Compatible;3,50;;;6
RL-C15-TAP-COM;realme;C15;Tapa trasera;Compatible;5,00;;;6
RL-C15-CTR-COM;realme;C15;Cámara trasera;Compatible;5,20;;;6
RL-C15-CFR-COM;realme;C15;Cámara frontal;Compatible;2,80;;;6
RL-C15-LEN-COM;realme;C15;Lente de cámara;Compatible;2,59;;;6
RL-C15-ALT-COM;realme;C15;Altavoz;Compatible;3,39;;;6
RL-C15-AUR-COM;realme;C15;Auricular de llamada;Compatible;2,45;;;6
RL-C15-FLX-COM;realme;C15;Flex de encendido y volumen;Compatible;2,35;;;6
RL-C15-SIM-COM;realme;C15;Bandeja SIM;Compatible;2,85;;;6
RL-C3I-PAN-COM;realme;C3i;Pantalla;Compatible;13,80;13,39;12,97;6
RL-C3I-BAT-COM;realme;C3i;Batería;Compatible;7,40;;;6
RL-C3I-CON-COM;realme;C3i;Conector de carga;Compatible;3,50;;;6
RL-C3I-TAP-COM;realme;C3i;Tapa trasera;Compatible;5,00;;;6
RL-C3I-CTR-COM;realme;C3i;Cámara trasera;Compatible;5,20;;;6
RL-C3I-CFR-COM;realme;C3i;Cámara frontal;Compatible;2,80;;;6
RL-C3I-LEN-COM;realme;C3i;Lente de cámara;Compatible;2,59;;;6
RL-C3I-ALT-COM;realme;C3i;Altavoz;Compatible;3,39;;;6
RL-C3I-AUR-COM;realme;C3i;Auricular de llamada;Compatible;2,45;;;6
RL-C3I-FLX-COM;realme;C3i;Flex de encendido y volumen;Compatible;2,35;;;6
RL-C3I-SIM-COM;realme;C3i;Bandeja SIM;Compatible;2,85;;;6
RL-N-PAN-COM;realme;narzo;Pantalla;Compatible;16,05;15,57;15,09;6
RL-N-BAT-COM;realme;narzo;Batería;Compatible;8,00;;;6
RL-N-CON-COM;realme;narzo;Conector de carga;Compatible;4,35;;;6
RL-N-TAP-COM;realme;narzo;Tapa trasera;Compatible;5,60;;;6
RL-N-CTR-COM;realme;narzo;Cámara trasera;Compatible;5,90;;;6
RL-N-CFR-COM;realme;narzo;Cámara frontal;Compatible;3,25;;;6
RL-N-LEN-COM;realme;narzo;Lente de cámara;Compatible;2,40;;;6
RL-N-ALT-COM;realme;narzo;Altavoz;Compatible;3,45;;;6
RL-N-AUR-COM;realme;narzo;Auricular de llamada;Compatible;2,40;;;6
RL-N-FLX-COM;realme;narzo;Flex de encendido y volumen;Compatible;2,29;;;6
RL-N-SIM-COM;realme;narzo;Bandeja SIM;Compatible;2,65;;;6
RL-X3-PAN-ORI;realme;X3;Pantalla;Original;41,55;40,30;39,06;12
RL-X3-PAN-COM;realme;X3;Pantalla;Compatible;17,20;16,68;16,17;6
RL-X3-BAT-COM;realme;X3;Batería;Compatible;8,65;;;6
RL-X3-CON-COM;realme;X3;Conector de carga;Compatible;4,05;;;6
RL-X3-TAP-COM;realme;X3;Tapa trasera;Compatible;5,69;;;6
RL-X3-CTR-COM;realme;X3;Cámara trasera;Compatible;7,19;;;6
RL-X3-CFR-COM;realme;X3;Cámara frontal;Compatible;3,40;;;6
RL-X3-LEN-COM;realme;X3;Lente de cámara;Compatible;2,89;;;6
RL-X3-ALT-COM;realme;X3;Altavoz;Compatible;3,80;;;6
RL-X3-AUR-COM;realme;X3;Auricular de llamada;Compatible;2,99;;;6
RL-X3-FLX-COM;realme;X3;Flex de encendido y volumen;Compatible;2,95;;;6
RL-X3-SIM-COM;realme;X3;Bandeja SIM;Compatible;3,05;;;6
RL-X50PPY-PAN-ORI;realme;X50 Pro Play;Pantalla;Original;74,35;72,12;69,89;12
RL-X50PPY-PAN-INC;realme;X50 Pro Play;Pantalla;Incell;20,20;19,59;18,99;6
RL-X50PPY-BAT-COM;realme;X50 Pro Play;Batería;Compatible;8,65;;;6
RL-X50PPY-CON-COM;realme;X50 Pro Play;Conector de carga;Compatible;4,05;;;6
RL-X50PPY-TAP-COM;realme;X50 Pro Play;Tapa trasera;Compatible;5,69;;;6
RL-X50PPY-CTR-COM;realme;X50 Pro Play;Cámara trasera;Compatible;7,19;;;6
RL-X50PPY-CFR-COM;realme;X50 Pro Play;Cámara frontal;Compatible;3,40;;;6
RL-X50PPY-LEN-COM;realme;X50 Pro Play;Lente de cámara;Compatible;2,89;;;6
RL-X50PPY-ALT-COM;realme;X50 Pro Play;Altavoz;Compatible;3,80;;;6
RL-X50PPY-AUR-COM;realme;X50 Pro Play;Auricular de llamada;Compatible;2,99;;;6
RL-X50PPY-FLX-COM;realme;X50 Pro Play;Flex de encendido y volumen;Compatible;2,95;;;6
RL-X50PPY-SIM-COM;realme;X50 Pro Play;Bandeja SIM;Compatible;3,05;;;6
RL-X50PP-PAN-COM;realme;X50 Pro Player;Pantalla;Compatible;17,20;16,68;16,17;6
RL-X50PP-BAT-COM;realme;X50 Pro Player;Batería;Compatible;8,65;;;6
RL-X50PP-CON-COM;realme;X50 Pro Player;Conector de carga;Compatible;4,05;;;6
RL-X50PP-TAP-COM;realme;X50 Pro Player;Tapa trasera;Compatible;5,69;;;6
RL-X50PP-CTR-COM;realme;X50 Pro Player;Cámara trasera;Compatible;7,19;;;6
RL-X50PP-CFR-COM;realme;X50 Pro Player;Cámara frontal;Compatible;3,40;;;6
RL-X50PP-LEN-COM;realme;X50 Pro Player;Lente de cámara;Compatible;2,89;;;6
RL-X50PP-ALT-COM;realme;X50 Pro Player;Altavoz;Compatible;3,80;;;6
RL-X50PP-AUR-COM;realme;X50 Pro Player;Auricular de llamada;Compatible;2,99;;;6
RL-X50PP-FLX-COM;realme;X50 Pro Player;Flex de encendido y volumen;Compatible;2,95;;;6
RL-X50PP-SIM-COM;realme;X50 Pro Player;Bandeja SIM;Compatible;3,05;;;6
RL-X50M-PAN-ORI;realme;X50m;Pantalla;Original;41,55;40,30;39,06;12
RL-X50M-PAN-COM;realme;X50m;Pantalla;Compatible;17,20;16,68;16,17;6
RL-X50M-BAT-COM;realme;X50m;Batería;Compatible;8,65;;;6
RL-X50M-CON-COM;realme;X50m;Conector de carga;Compatible;4,05;;;6
RL-X50M-TAP-COM;realme;X50m;Tapa trasera;Compatible;5,69;;;6
RL-X50M-CTR-COM;realme;X50m;Cámara trasera;Compatible;7,19;;;6
RL-X50M-CFR-COM;realme;X50m;Cámara frontal;Compatible;3,40;;;6
RL-X50M-LEN-COM;realme;X50m;Lente de cámara;Compatible;2,89;;;6
RL-X50M-ALT-COM;realme;X50m;Altavoz;Compatible;3,80;;;6
RL-X50M-AUR-COM;realme;X50m;Auricular de llamada;Compatible;2,99;;;6
RL-X50M-FLX-COM;realme;X50m;Flex de encendido y volumen;Compatible;2,95;;;6
RL-X50M-SIM-COM;realme;X50m;Bandeja SIM;Compatible;3,05;;;6
RL-X50T-PAN-ORI;realme;X50t;Pantalla;Original;41,55;40,30;39,06;12
RL-X50T-PAN-COM;realme;X50t;Pantalla;Compatible;17,20;16,68;16,17;6
RL-X50T-BAT-COM;realme;X50t;Batería;Compatible;8,65;;;6
RL-X50T-CON-COM;realme;X50t;Conector de carga;Compatible;4,05;;;6
RL-X50T-TAP-COM;realme;X50t;Tapa trasera;Compatible;5,69;;;6
RL-X50T-CTR-COM;realme;X50t;Cámara trasera;Compatible;7,19;;;6
RL-X50T-CFR-COM;realme;X50t;Cámara frontal;Compatible;3,40;;;6
RL-X50T-LEN-COM;realme;X50t;Lente de cámara;Compatible;2,89;;;6
RL-X50T-ALT-COM;realme;X50t;Altavoz;Compatible;3,80;;;6
RL-X50T-AUR-COM;realme;X50t;Auricular de llamada;Compatible;2,99;;;6
RL-X50T-FLX-COM;realme;X50t;Flex de encendido y volumen;Compatible;2,95;;;6
RL-X50T-SIM-COM;realme;X50t;Bandeja SIM;Compatible;3,05;;;6
RL-C2S-PAN-ORI;realme;C2s;Pantalla;Original;28,89;28,02;27,16;12
RL-C2S-PAN-COM;realme;C2s;Pantalla;Compatible;13,80;13,39;12,97;6
RL-C2S-BAT-COM;realme;C2s;Batería;Compatible;7,40;;;6
RL-C2S-CON-COM;realme;C2s;Conector de carga;Compatible;3,50;;;6
RL-C2S-TAP-COM;realme;C2s;Tapa trasera;Compatible;5,00;;;6
RL-C2S-CTR-COM;realme;C2s;Cámara trasera;Compatible;5,20;;;6
RL-C2S-CFR-COM;realme;C2s;Cámara frontal;Compatible;2,80;;;6
RL-C2S-LEN-COM;realme;C2s;Lente de cámara;Compatible;2,59;;;6
RL-C2S-ALT-COM;realme;C2s;Altavoz;Compatible;3,39;;;6
RL-C2S-AUR-COM;realme;C2s;Auricular de llamada;Compatible;2,45;;;6
RL-C2S-FLX-COM;realme;C2s;Flex de encendido y volumen;Compatible;2,35;;;6
RL-C2S-SIM-COM;realme;C2s;Bandeja SIM;Compatible;2,85;;;6
RL-5S-PAN-ORI;realme;5s;Pantalla;Original;31,75;30,80;29,85;12
RL-5S-PAN-COM;realme;5s;Pantalla;Compatible;15,20;14,74;14,29;6
RL-5S-BAT-COM;realme;5s;Batería;Compatible;9,39;;;6
RL-5S-CON-COM;realme;5s;Conector de carga;Compatible;4,45;;;6
RL-5S-TAP-COM;realme;5s;Tapa trasera;Compatible;5,49;;;6
RL-5S-CTR-COM;realme;5s;Cámara trasera;Compatible;7,25;;;6
RL-5S-CFR-COM;realme;5s;Cámara frontal;Compatible;4,39;;;6
RL-5S-LEN-COM;realme;5s;Lente de cámara;Compatible;2,45;;;6
RL-5S-ALT-COM;realme;5s;Altavoz;Compatible;3,75;;;6
RL-5S-AUR-COM;realme;5s;Auricular de llamada;Compatible;2,65;;;6
RL-5S-FLX-COM;realme;5s;Flex de encendido y volumen;Compatible;2,49;;;6
RL-5S-SIM-COM;realme;5s;Bandeja SIM;Compatible;2,60;;;6
RL-C220-PAN-ORI;realme;C2 2020;Pantalla;Original;26,25;25,46;24,67;12
RL-C220-PAN-COM;realme;C2 2020;Pantalla;Compatible;13,00;12,61;12,22;6
RL-C220-BAT-COM;realme;C2 2020;Batería;Compatible;8,65;;;6
RL-C220-CON-COM;realme;C2 2020;Conector de carga;Compatible;3,65;;;6
RL-C220-TAP-COM;realme;C2 2020;Tapa trasera;Compatible;4,89;;;6
RL-C220-CTR-COM;realme;C2 2020;Cámara trasera;Compatible;6,39;;;6
RL-C220-CFR-COM;realme;C2 2020;Cámara frontal;Compatible;3,80;;;6
RL-C220-LEN-COM;realme;C2 2020;Lente de cámara;Compatible;2,55;;;6
RL-C220-ALT-COM;realme;C2 2020;Altavoz;Compatible;3,69;;;6
RL-C220-AUR-COM;realme;C2 2020;Auricular de llamada;Compatible;2,69;;;6
RL-C220-FLX-COM;realme;C2 2020;Flex de encendido y volumen;Compatible;2,55;;;6
RL-C220-SIM-COM;realme;C2 2020;Bandeja SIM;Compatible;2,80;;;6
RL-XT-PAN-ORI;realme;XT;Pantalla;Original;67,60;65,57;63,54;12
RL-XT-PAN-INC;realme;XT;Pantalla;Incell;19,05;18,48;17,91;6
RL-XT-BAT-COM;realme;XT;Batería;Compatible;10,10;9,80;9,49;6
RL-XT-CON-COM;realme;XT;Conector de carga;Compatible;4,25;;;6
RL-XT-TAP-COM;realme;XT;Tapa trasera;Compatible;5,55;;;6
RL-XT-CTR-COM;realme;XT;Cámara trasera;Compatible;8,80;;;6
RL-XT-CFR-COM;realme;XT;Cámara frontal;Compatible;4,65;;;6
RL-XT-LEN-COM;realme;XT;Lente de cámara;Compatible;2,85;;;6
RL-XT-ALT-COM;realme;XT;Altavoz;Compatible;4,15;;;6
RL-XT-AUR-COM;realme;XT;Auricular de llamada;Compatible;3,29;;;6
RL-XT-FLX-COM;realme;XT;Flex de encendido y volumen;Compatible;3,20;;;6
RL-XT-SIM-COM;realme;XT;Bandeja SIM;Compatible;2,99;;;6
RL-3I-PAN-ORI;realme;3i;Pantalla;Original;31,75;30,80;29,85;12
RL-3I-PAN-COM;realme;3i;Pantalla;Compatible;15,20;14,74;14,29;6
RL-3I-BAT-COM;realme;3i;Batería;Compatible;9,39;;;6
RL-3I-CON-COM;realme;3i;Conector de carga;Compatible;4,45;;;6
RL-3I-TAP-COM;realme;3i;Tapa trasera;Compatible;5,49;;;6
RL-3I-CTR-COM;realme;3i;Cámara trasera;Compatible;7,25;;;6
RL-3I-CFR-COM;realme;3i;Cámara frontal;Compatible;4,39;;;6
RL-3I-LEN-COM;realme;3i;Lente de cámara;Compatible;2,45;;;6
RL-3I-ALT-COM;realme;3i;Altavoz;Compatible;3,75;;;6
RL-3I-AUR-COM;realme;3i;Auricular de llamada;Compatible;2,65;;;6
RL-3I-FLX-COM;realme;3i;Flex de encendido y volumen;Compatible;2,49;;;6
RL-3I-SIM-COM;realme;3i;Bandeja SIM;Compatible;2,60;;;6
RL-X-PAN-ORI;realme;X;Pantalla;Original;67,60;65,57;63,54;12
RL-X-PAN-INC;realme;X;Pantalla;Incell;19,05;18,48;17,91;6
RL-X-BAT-COM;realme;X;Batería;Compatible;10,10;9,80;9,49;6
RL-X-CON-COM;realme;X;Conector de carga;Compatible;4,25;;;6
RL-X-TAP-COM;realme;X;Tapa trasera;Compatible;5,55;;;6
RL-X-CTR-COM;realme;X;Cámara trasera;Compatible;8,80;;;6
RL-X-CFR-COM;realme;X;Cámara frontal;Compatible;4,65;;;6
RL-X-LEN-COM;realme;X;Lente de cámara;Compatible;2,85;;;6
RL-X-ALT-COM;realme;X;Altavoz;Compatible;4,15;;;6
RL-X-AUR-COM;realme;X;Auricular de llamada;Compatible;3,29;;;6
RL-X-FLX-COM;realme;X;Flex de encendido y volumen;Compatible;3,20;;;6
RL-X-SIM-COM;realme;X;Bandeja SIM;Compatible;2,99;;;6
RL-C2-PAN-ORI;realme;C2;Pantalla;Original;26,25;25,46;24,67;12
RL-C2-PAN-COM;realme;C2;Pantalla;Compatible;13,00;12,61;12,22;6
RL-C2-BAT-COM;realme;C2;Batería;Compatible;8,65;;;6
RL-C2-CON-COM;realme;C2;Conector de carga;Compatible;3,65;;;6
RL-C2-TAP-COM;realme;C2;Tapa trasera;Compatible;4,89;;;6
RL-C2-CTR-COM;realme;C2;Cámara trasera;Compatible;6,39;;;6
RL-C2-CFR-COM;realme;C2;Cámara frontal;Compatible;3,80;;;6
RL-C2-LEN-COM;realme;C2;Lente de cámara;Compatible;2,55;;;6
RL-C2-ALT-COM;realme;C2;Altavoz;Compatible;3,69;;;6
RL-C2-AUR-COM;realme;C2;Auricular de llamada;Compatible;2,69;;;6
RL-C2-FLX-COM;realme;C2;Flex de encendido y volumen;Compatible;2,55;;;6
RL-C2-SIM-COM;realme;C2;Bandeja SIM;Compatible;2,80;;;6
RL-3-PAN-ORI;realme;3;Pantalla;Original;31,75;30,80;29,85;12
RL-3-PAN-COM;realme;3;Pantalla;Compatible;15,20;14,74;14,29;6
RL-3-BAT-COM;realme;3;Batería;Compatible;9,39;;;6
RL-3-CON-COM;realme;3;Conector de carga;Compatible;4,45;;;6
RL-3-TAP-COM;realme;3;Tapa trasera;Compatible;5,49;;;6
RL-3-CTR-COM;realme;3;Cámara trasera;Compatible;7,25;;;6
RL-3-CFR-COM;realme;3;Cámara frontal;Compatible;4,39;;;6
RL-3-LEN-COM;realme;3;Lente de cámara;Compatible;2,45;;;6
RL-3-ALT-COM;realme;3;Altavoz;Compatible;3,75;;;6
RL-3-AUR-COM;realme;3;Auricular de llamada;Compatible;2,65;;;6
RL-3-FLX-COM;realme;3;Flex de encendido y volumen;Compatible;2,49;;;6
RL-3-SIM-COM;realme;3;Bandeja SIM;Compatible;2,60;;;6
RL-C119-PAN-ORI;realme;C1 2019;Pantalla;Original;26,25;25,46;24,67;12
RL-C119-PAN-COM;realme;C1 2019;Pantalla;Compatible;13,00;12,61;12,22;6
RL-C119-BAT-COM;realme;C1 2019;Batería;Compatible;8,65;;;6
RL-C119-CON-COM;realme;C1 2019;Conector de carga;Compatible;3,65;;;6
RL-C119-TAP-COM;realme;C1 2019;Tapa trasera;Compatible;4,89;;;6
RL-C119-CTR-COM;realme;C1 2019;Cámara trasera;Compatible;6,39;;;6
RL-C119-CFR-COM;realme;C1 2019;Cámara frontal;Compatible;3,80;;;6
RL-C119-LEN-COM;realme;C1 2019;Lente de cámara;Compatible;2,55;;;6
RL-C119-ALT-COM;realme;C1 2019;Altavoz;Compatible;3,69;;;6
RL-C119-AUR-COM;realme;C1 2019;Auricular de llamada;Compatible;2,69;;;6
RL-C119-FLX-COM;realme;C1 2019;Flex de encendido y volumen;Compatible;2,55;;;6
RL-C119-SIM-COM;realme;C1 2019;Bandeja SIM;Compatible;2,80;;;6
RL-U1-PAN-ORI;realme;U1;Pantalla;Original;31,00;30,07;29,14;12
RL-U1-PAN-COM;realme;U1;Pantalla;Compatible;15,15;14,70;14,24;6
RL-U1-BAT-COM;realme;U1;Batería;Compatible;9,39;;;6
RL-U1-CON-COM;realme;U1;Conector de carga;Compatible;4,55;;;6
RL-U1-TAP-COM;realme;U1;Tapa trasera;Compatible;5,49;;;6
RL-U1-CTR-COM;realme;U1;Cámara trasera;Compatible;7,25;;;6
RL-U1-CFR-COM;realme;U1;Cámara frontal;Compatible;4,39;;;6
RL-U1-LEN-COM;realme;U1;Lente de cámara;Compatible;2,39;;;6
RL-U1-ALT-COM;realme;U1;Altavoz;Compatible;3,75;;;6
RL-U1-AUR-COM;realme;U1;Auricular de llamada;Compatible;2,65;;;6
RL-U1-FLX-COM;realme;U1;Flex de encendido y volumen;Compatible;2,49;;;6
RL-U1-SIM-COM;realme;U1;Bandeja SIM;Compatible;2,60;;;6
RL-2P-PAN-ORI;realme;2 Pro;Pantalla;Original;38,69;37,53;36,37;12
RL-2P-PAN-COM;realme;2 Pro;Pantalla;Compatible;16,25;15,76;15,27;6
RL-2P-BAT-COM;realme;2 Pro;Batería;Compatible;10,10;9,80;9,49;6
RL-2P-CON-COM;realme;2 Pro;Conector de carga;Compatible;4,15;;;6
RL-2P-TAP-COM;realme;2 Pro;Tapa trasera;Compatible;5,55;;;6
RL-2P-CTR-COM;realme;2 Pro;Cámara trasera;Compatible;8,80;;;6
RL-2P-CFR-COM;realme;2 Pro;Cámara frontal;Compatible;4,65;;;6
RL-2P-LEN-COM;realme;2 Pro;Lente de cámara;Compatible;2,95;;;6
RL-2P-ALT-COM;realme;2 Pro;Altavoz;Compatible;4,15;;;6
RL-2P-AUR-COM;realme;2 Pro;Auricular de llamada;Compatible;3,29;;;6
RL-2P-FLX-COM;realme;2 Pro;Flex de encendido y volumen;Compatible;3,20;;;6
RL-2P-SIM-COM;realme;2 Pro;Bandeja SIM;Compatible;2,99;;;6
RL-C1-PAN-ORI;realme;C1;Pantalla;Original;26,25;25,46;24,67;12
RL-C1-PAN-COM;realme;C1;Pantalla;Compatible;13,00;12,61;12,22;6
RL-C1-BAT-COM;realme;C1;Batería;Compatible;8,65;;;6
RL-C1-CON-COM;realme;C1;Conector de carga;Compatible;3,65;;;6
RL-C1-TAP-COM;realme;C1;Tapa trasera;Compatible;4,89;;;6
RL-C1-CTR-COM;realme;C1;Cámara trasera;Compatible;6,39;;;6
RL-C1-CFR-COM;realme;C1;Cámara frontal;Compatible;3,80;;;6
RL-C1-LEN-COM;realme;C1;Lente de cámara;Compatible;2,55;;;6
RL-C1-ALT-COM;realme;C1;Altavoz;Compatible;3,69;;;6
RL-C1-AUR-COM;realme;C1;Auricular de llamada;Compatible;2,69;;;6
RL-C1-FLX-COM;realme;C1;Flex de encendido y volumen;Compatible;2,55;;;6
RL-C1-SIM-COM;realme;C1;Bandeja SIM;Compatible;2,80;;;6
RL-2-PAN-ORI;realme;2;Pantalla;Original;31,75;30,80;29,85;12
RL-2-PAN-COM;realme;2;Pantalla;Compatible;15,20;14,74;14,29;6
RL-2-BAT-COM;realme;2;Batería;Compatible;9,39;;;6
RL-2-CON-COM;realme;2;Conector de carga;Compatible;4,45;;;6
RL-2-TAP-COM;realme;2;Tapa trasera;Compatible;5,49;;;6
RL-2-CTR-COM;realme;2;Cámara trasera;Compatible;7,25;;;6
RL-2-CFR-COM;realme;2;Cámara frontal;Compatible;4,39;;;6
RL-2-LEN-COM;realme;2;Lente de cámara;Compatible;2,45;;;6
RL-2-ALT-COM;realme;2;Altavoz;Compatible;3,75;;;6
RL-2-AUR-COM;realme;2;Auricular de llamada;Compatible;2,65;;;6
RL-2-FLX-COM;realme;2;Flex de encendido y volumen;Compatible;2,49;;;6
RL-2-SIM-COM;realme;2;Bandeja SIM;Compatible;2,60;;;6
RL-1-PAN-ORI;realme;1;Pantalla;Original;31,75;30,80;29,85;12
RL-1-PAN-COM;realme;1;Pantalla;Compatible;15,20;14,74;14,29;6
RL-1-BAT-COM;realme;1;Batería;Compatible;9,39;;;6
RL-1-CON-COM;realme;1;Conector de carga;Compatible;4,45;;;6
RL-1-TAP-COM;realme;1;Tapa trasera;Compatible;5,49;;;6
RL-1-CTR-COM;realme;1;Cámara trasera;Compatible;7,25;;;6
RL-1-CFR-COM;realme;1;Cámara frontal;Compatible;4,39;;;6
RL-1-LEN-COM;realme;1;Lente de cámara;Compatible;2,45;;;6
RL-1-ALT-COM;realme;1;Altavoz;Compatible;3,75;;;6
RL-1-AUR-COM;realme;1;Auricular de llamada;Compatible;2,65;;;6
RL-1-FLX-COM;realme;1;Flex de encendido y volumen;Compatible;2,49;;;6
RL-1-SIM-COM;realme;1;Bandeja SIM;Compatible;2,60;;;6
RL-12L-PAN-COM;realme;12 Lite;Pantalla;Compatible;17,19;16,67;16,16;6
RL-12L-BAT-COM;realme;12 Lite;Batería;Compatible;9,15;;;6
RL-12L-CON-COM;realme;12 Lite;Conector de carga;Compatible;4,89;;;6
RL-12L-TAP-COM;realme;12 Lite;Tapa trasera;Compatible;6,30;;;6
RL-12L-CTR-COM;realme;12 Lite;Cámara trasera;Compatible;8,29;;;6
RL-12L-CFR-COM;realme;12 Lite;Cámara frontal;Compatible;4,75;;;6
RL-12L-LEN-COM;realme;12 Lite;Lente de cámara;Compatible;2,60;;;6
RL-12L-ALT-COM;realme;12 Lite;Altavoz;Compatible;3,70;;;6
RL-12L-AUR-COM;realme;12 Lite;Auricular de llamada;Compatible;2,65;;;6
RL-12L-FLX-COM;realme;12 Lite;Flex de encendido y volumen;Compatible;2,79;;;6
RL-12L-SIM-COM;realme;12 Lite;Bandeja SIM;Compatible;2,60;;;6
RL-N70P5-PAN-COM;realme;narzo 70 Pro 5G;Pantalla;Compatible;18,30;17,75;17,20;6
RL-N70P5-BAT-COM;realme;narzo 70 Pro 5G;Batería;Compatible;9,85;;;6
RL-N70P5-CON-COM;realme;narzo 70 Pro 5G;Conector de carga;Compatible;4,65;;;6
RL-N70P5-TAP-COM;realme;narzo 70 Pro 5G;Tapa trasera;Compatible;6,39;;;6
RL-N70P5-CTR-COM;realme;narzo 70 Pro 5G;Cámara trasera;Compatible;10,05;9,75;9,45;6
RL-N70P5-CFR-COM;realme;narzo 70 Pro 5G;Cámara frontal;Compatible;5,00;;;6
RL-N70P5-LEN-COM;realme;narzo 70 Pro 5G;Lente de cámara;Compatible;3,00;;;6
RL-N70P5-ALT-COM;realme;narzo 70 Pro 5G;Altavoz;Compatible;4,10;;;6
RL-N70P5-AUR-COM;realme;narzo 70 Pro 5G;Auricular de llamada;Compatible;3,29;;;6
RL-N70P5-FLX-COM;realme;narzo 70 Pro 5G;Flex de encendido y volumen;Compatible;3,60;;;6
RL-N70P5-SIM-COM;realme;narzo 70 Pro 5G;Bandeja SIM;Compatible;3,00;;;6
RL-P45-PAN-COM;realme;P4 5G;Pantalla;Compatible;15,65;15,18;14,71;6
RL-P45-BAT-COM;realme;P4 5G;Batería;Compatible;7,95;;;6
RL-P45-CON-COM;realme;P4 5G;Conector de carga;Compatible;4,79;;;6
RL-P45-TAP-COM;realme;P4 5G;Tapa trasera;Compatible;6,00;;;6
RL-P45-CTR-COM;realme;P4 5G;Cámara trasera;Compatible;9,95;;;6
RL-P45-CFR-COM;realme;P4 5G;Cámara frontal;Compatible;6,15;;;6
RL-P45-LEN-COM;realme;P4 5G;Lente de cámara;Compatible;3,35;;;6
RL-P45-ALT-COM;realme;P4 5G;Altavoz;Compatible;4,80;;;6
RL-P45-AUR-COM;realme;P4 5G;Auricular de llamada;Compatible;3,75;;;6
RL-P45-FLX-COM;realme;P4 5G;Flex de encendido y volumen;Compatible;3,10;;;6
RL-P45-SIM-COM;realme;P4 5G;Bandeja SIM;Compatible;3,25;;;6
RL-Q3PPY-PAN-COM;realme;Q3 Pro Play;Pantalla;Compatible;17,20;16,68;16,17;6
RL-Q3PPY-BAT-COM;realme;Q3 Pro Play;Batería;Compatible;8,65;;;6
RL-Q3PPY-CON-COM;realme;Q3 Pro Play;Conector de carga;Compatible;4,05;;;6
RL-Q3PPY-TAP-COM;realme;Q3 Pro Play;Tapa trasera;Compatible;5,69;;;6
RL-Q3PPY-CTR-COM;realme;Q3 Pro Play;Cámara trasera;Compatible;7,19;;;6
RL-Q3PPY-CFR-COM;realme;Q3 Pro Play;Cámara frontal;Compatible;3,40;;;6
RL-Q3PPY-LEN-COM;realme;Q3 Pro Play;Lente de cámara;Compatible;2,89;;;6
RL-Q3PPY-ALT-COM;realme;Q3 Pro Play;Altavoz;Compatible;3,80;;;6
RL-Q3PPY-AUR-COM;realme;Q3 Pro Play;Auricular de llamada;Compatible;2,99;;;6
RL-Q3PPY-FLX-COM;realme;Q3 Pro Play;Flex de encendido y volumen;Compatible;2,95;;;6
RL-Q3PPY-SIM-COM;realme;Q3 Pro Play;Bandeja SIM;Compatible;3,05;;;6
RL-N30A-PAN-ORI;realme;narzo 30A;Pantalla;Original;34,15;33,13;32,10;12
RL-N30A-PAN-COM;realme;narzo 30A;Pantalla;Compatible;16,05;15,57;15,09;6
RL-N30A-BAT-COM;realme;narzo 30A;Batería;Compatible;8,00;;;6
RL-N30A-CON-COM;realme;narzo 30A;Conector de carga;Compatible;4,35;;;6
RL-N30A-TAP-COM-NEG;realme;narzo 30A;Tapa trasera;Negro láser;5,60;;;6
RL-N30A-TAP-COM-AZU;realme;narzo 30A;Tapa trasera;Azul láser;5,60;;;6
RL-N30A-CTR-COM;realme;narzo 30A;Cámara trasera;Compatible;5,90;;;6
RL-N30A-CFR-COM;realme;narzo 30A;Cámara frontal;Compatible;3,25;;;6
RL-N30A-LEN-COM;realme;narzo 30A;Lente de cámara;Compatible;2,40;;;6
RL-N30A-ALT-COM;realme;narzo 30A;Altavoz;Compatible;3,45;;;6
RL-N30A-AUR-COM;realme;narzo 30A;Auricular de llamada;Compatible;2,40;;;6
RL-N30A-FLX-COM;realme;narzo 30A;Flex de encendido y volumen;Compatible;2,29;;;6
RL-N30A-SIM-COM;realme;narzo 30A;Bandeja SIM;Compatible;2,65;;;6
RL-C21Y-PAN-ORI;realme;C21Y;Pantalla;Original;28,89;28,02;27,16;12
RL-C21Y-PAN-COM;realme;C21Y;Pantalla;Compatible;13,80;13,39;12,97;6
RL-C21Y-BAT-COM;realme;C21Y;Batería;Compatible;7,40;;;6
RL-C21Y-CON-COM;realme;C21Y;Conector de carga;Compatible;3,50;;;6
RL-C21Y-TAP-COM-AZU;realme;C21Y;Tapa trasera;Azul (Cross Blue);5,00;;;6
RL-C21Y-TAP-COM-NEG;realme;C21Y;Tapa trasera;Negro (Cross Black);5,00;;;6
RL-C21Y-CTR-COM;realme;C21Y;Cámara trasera;Compatible;5,20;;;6
RL-C21Y-CFR-COM;realme;C21Y;Cámara frontal;Compatible;2,80;;;6
RL-C21Y-LEN-COM;realme;C21Y;Lente de cámara;Compatible;2,59;;;6
RL-C21Y-ALT-COM;realme;C21Y;Altavoz;Compatible;3,39;;;6
RL-C21Y-AUR-COM;realme;C21Y;Auricular de llamada;Compatible;2,45;;;6
RL-C21Y-FLX-COM;realme;C21Y;Flex de encendido y volumen;Compatible;2,35;;;6
RL-C21Y-SIM-COM;realme;C21Y;Bandeja SIM;Compatible;2,85;;;6
RL-8S5-PAN-ORI;realme;8s 5G;Pantalla;Original;34,95;33,90;32,85;12
RL-8S5-PAN-COM;realme;8s 5G;Pantalla;Compatible;16,15;15,67;15,18;6
RL-8S5-BAT-COM;realme;8s 5G;Batería;Compatible;8,00;;;6
RL-8S5-CON-COM;realme;8s 5G;Conector de carga;Compatible;4,25;;;6
RL-8S5-TAP-COM;realme;8s 5G;Tapa trasera;Compatible;5,60;;;6
RL-8S5-CTR-COM;realme;8s 5G;Cámara trasera;Compatible;5,90;;;6
RL-8S5-CFR-COM;realme;8s 5G;Cámara frontal;Compatible;3,25;;;6
RL-8S5-LEN-COM;realme;8s 5G;Lente de cámara;Compatible;2,49;;;6
RL-8S5-ALT-COM;realme;8s 5G;Altavoz;Compatible;3,45;;;6
RL-8S5-AUR-COM;realme;8s 5G;Auricular de llamada;Compatible;2,40;;;6
RL-8S5-FLX-COM;realme;8s 5G;Flex de encendido y volumen;Compatible;2,29;;;6
RL-8S5-SIM-COM;realme;8s 5G;Bandeja SIM;Compatible;2,65;;;6
RL-N50AP-PAN-ORI;realme;narzo 50A Prime;Pantalla;Original;34,15;33,13;32,10;12
RL-N50AP-PAN-COM;realme;narzo 50A Prime;Pantalla;Compatible;16,05;15,57;15,09;6
RL-N50AP-BAT-COM;realme;narzo 50A Prime;Batería;Compatible;8,00;;;6
RL-N50AP-CON-COM;realme;narzo 50A Prime;Conector de carga;Compatible;4,35;;;6
RL-N50AP-TAP-COM-VEL;realme;narzo 50A Prime;Tapa trasera;Velocidad Negro;5,60;;;6
RL-N50AP-TAP-COM-VAZ;realme;narzo 50A Prime;Tapa trasera;Velocidad Azul;5,60;;;6
RL-N50AP-CTR-COM;realme;narzo 50A Prime;Cámara trasera;Compatible;5,90;;;6
RL-N50AP-CFR-COM;realme;narzo 50A Prime;Cámara frontal;Compatible;3,25;;;6
RL-N50AP-LEN-COM;realme;narzo 50A Prime;Lente de cámara;Compatible;2,40;;;6
RL-N50AP-ALT-COM;realme;narzo 50A Prime;Altavoz;Compatible;3,45;;;6
RL-N50AP-AUR-COM;realme;narzo 50A Prime;Auricular de llamada;Compatible;2,40;;;6
RL-N50AP-FLX-COM;realme;narzo 50A Prime;Flex de encendido y volumen;Compatible;2,29;;;6
RL-N50AP-SIM-COM;realme;narzo 50A Prime;Bandeja SIM;Compatible;2,65;;;6
RL-N505-PAN-ORI;realme;narzo 50 5G;Pantalla;Original;34,15;33,13;32,10;12
RL-N505-PAN-COM;realme;narzo 50 5G;Pantalla;Compatible;16,05;15,57;15,09;6
RL-N505-BAT-COM;realme;narzo 50 5G;Batería;Compatible;8,00;;;6
RL-N505-CON-COM;realme;narzo 50 5G;Conector de carga;Compatible;4,35;;;6
RL-N505-TAP-COM-AZU;realme;narzo 50 5G;Tapa trasera;Azul Velocidad;5,60;;;6
RL-N505-TAP-COM-NEG;realme;narzo 50 5G;Tapa trasera;Negro Velocidad;5,60;;;6
RL-N505-CTR-COM;realme;narzo 50 5G;Cámara trasera;Compatible;5,90;;;6
RL-N505-CFR-COM;realme;narzo 50 5G;Cámara frontal;Compatible;3,25;;;6
RL-N505-LEN-COM;realme;narzo 50 5G;Lente de cámara;Compatible;2,40;;;6
RL-N505-ALT-COM;realme;narzo 50 5G;Altavoz;Compatible;3,45;;;6
RL-N505-AUR-COM;realme;narzo 50 5G;Auricular de llamada;Compatible;2,40;;;6
RL-N505-FLX-COM;realme;narzo 50 5G;Flex de encendido y volumen;Compatible;2,29;;;6
RL-N505-SIM-COM;realme;narzo 50 5G;Bandeja SIM;Compatible;2,65;;;6
RL-9I5-PAN-COM;realme;9i 5G;Pantalla;Compatible;16,15;15,67;15,18;6
RL-9I5-BAT-COM;realme;9i 5G;Batería;Compatible;8,00;;;6
RL-9I5-CON-COM;realme;9i 5G;Conector de carga;Compatible;4,25;;;6
RL-9I5-TAP-COM-NEG;realme;9i 5G;Tapa trasera;Negro (Rocking Black);5,60;;;6
RL-9I5-TAP-COM-DOR;realme;9i 5G;Tapa trasera;Dorado (Metallica Gold);5,60;;;6
RL-9I5-TAP-COM-AZU;realme;9i 5G;Tapa trasera;Azul (Soulful Blue);5,60;;;6
RL-9I5-CTR-COM;realme;9i 5G;Cámara trasera;Compatible;5,90;;;6
RL-9I5-CFR-COM;realme;9i 5G;Cámara frontal;Compatible;3,25;;;6
RL-9I5-LEN-COM;realme;9i 5G;Lente de cámara;Compatible;2,49;;;6
RL-9I5-ALT-COM;realme;9i 5G;Altavoz;Compatible;3,45;;;6
RL-9I5-AUR-COM;realme;9i 5G;Auricular de llamada;Compatible;2,40;;;6
RL-9I5-FLX-COM;realme;9i 5G;Flex de encendido y volumen;Compatible;2,29;;;6
RL-9I5-SIM-COM;realme;9i 5G;Bandeja SIM;Compatible;2,65;;;6
RL-115-PAN-ORI;realme;11 5G;Pantalla;Original;36,05;34,97;33,89;12
RL-115-PAN-COM;realme;11 5G;Pantalla;Compatible;17,19;16,67;16,16;6
RL-115-BAT-COM;realme;11 5G;Batería;Compatible;9,15;;;6
RL-115-CON-COM;realme;11 5G;Conector de carga;Compatible;4,89;;;6
RL-115-TAP-COM-DOR;realme;11 5G;Tapa trasera;Dorado (Glory Gold);6,30;;;6
RL-115-TAP-COM-NEG;realme;11 5G;Tapa trasera;Negro (Glory Black);6,30;;;6
RL-115-CTR-COM;realme;11 5G;Cámara trasera;Compatible;8,29;;;6
RL-115-CFR-COM;realme;11 5G;Cámara frontal;Compatible;4,75;;;6
RL-115-LEN-COM;realme;11 5G;Lente de cámara;Compatible;2,60;;;6
RL-115-ALT-COM;realme;11 5G;Altavoz;Compatible;3,70;;;6
RL-115-AUR-COM;realme;11 5G;Auricular de llamada;Compatible;2,65;;;6
RL-115-FLX-COM;realme;11 5G;Flex de encendido y volumen;Compatible;2,79;;;6
RL-115-SIM-COM;realme;11 5G;Bandeja SIM;Compatible;2,60;;;6
RL-C855-PAN-ORI;realme;C85 5G;Pantalla;Original;30,99;30,06;29,13;12
RL-C855-PAN-COM;realme;C85 5G;Pantalla;Compatible;15,49;15,03;14,56;6
RL-C855-BAT-COM;realme;C85 5G;Batería;Compatible;7,95;;;6
RL-C855-CON-COM;realme;C85 5G;Conector de carga;Compatible;4,79;;;6
RL-C855-TAP-COM-MOR;realme;C85 5G;Tapa trasera;Morado loro;6,00;;;6
RL-C855-TAP-COM-VER;realme;C85 5G;Tapa trasera;Verde pavo real;6,00;;;6
RL-C855-CTR-COM;realme;C85 5G;Cámara trasera;Compatible;9,95;;;6
RL-C855-CFR-COM;realme;C85 5G;Cámara frontal;Compatible;5,75;;;6
RL-C855-LEN-COM;realme;C85 5G;Lente de cámara;Compatible;3,49;;;6
RL-C855-ALT-COM;realme;C85 5G;Altavoz;Compatible;4,80;;;6
RL-C855-AUR-COM;realme;C85 5G;Auricular de llamada;Compatible;3,75;;;6
RL-C855-FLX-COM;realme;C85 5G;Flex de encendido y volumen;Compatible;3,10;;;6
RL-C855-SIM-COM;realme;C85 5G;Bandeja SIM;Compatible;3,35;;;6
RL-3P-PRO-NA;realme;3 Pro;Cristal templado;Estándar;1,30;;;
RL-3P-PRO-PRI;realme;3 Pro;Cristal templado;Privacidad;4,00;;;
RL-3P-FUN-SIL;realme;3 Pro;Funda;Silicona;2,50;;;
RL-3P-FUN-TPU;realme;3 Pro;Funda;Transparente;2,95;;;
RL-3P-FUN-LIB;realme;3 Pro;Funda;Libro;3,70;;;
RL-3P-FUN-ANT;realme;3 Pro;Funda;Antigolpes;3,10;;;
RL-3P-PCA-NA;realme;3 Pro;Protector de cámara;Cristal;2,90;;;
RL-5-PRO-NA;realme;5;Cristal templado;Estándar;1,30;;;
RL-5-PRO-PRI;realme;5;Cristal templado;Privacidad;4,00;;;
RL-5-FUN-SIL;realme;5;Funda;Silicona;2,50;;;
RL-5-FUN-TPU;realme;5;Funda;Transparente;2,95;;;
RL-5-FUN-LIB;realme;5;Funda;Libro;3,70;;;
RL-5-FUN-ANT;realme;5;Funda;Antigolpes;3,10;;;
RL-5-PCA-NA;realme;5;Protector de cámara;Cristal;2,90;;;
RL-5P-PRO-NA;realme;5 Pro;Cristal templado;Estándar;1,30;;;
RL-5P-PRO-PRI;realme;5 Pro;Cristal templado;Privacidad;4,00;;;
RL-5P-FUN-SIL;realme;5 Pro;Funda;Silicona;2,50;;;
RL-5P-FUN-TPU;realme;5 Pro;Funda;Transparente;2,95;;;
RL-5P-FUN-LIB;realme;5 Pro;Funda;Libro;3,70;;;
RL-5P-FUN-ANT;realme;5 Pro;Funda;Antigolpes;3,10;;;
RL-5P-PCA-NA;realme;5 Pro;Protector de cámara;Cristal;2,90;;;
RL-5I-PRO-NA;realme;5i;Cristal templado;Estándar;1,30;;;
RL-5I-PRO-PRI;realme;5i;Cristal templado;Privacidad;4,00;;;
RL-5I-FUN-SIL;realme;5i;Funda;Silicona;2,50;;;
RL-5I-FUN-TPU;realme;5i;Funda;Transparente;2,95;;;
RL-5I-FUN-LIB;realme;5i;Funda;Libro;3,70;;;
RL-5I-FUN-ANT;realme;5i;Funda;Antigolpes;3,10;;;
RL-5I-PCA-NA;realme;5i;Protector de cámara;Cristal;2,90;;;
RL-6-PRO-NA;realme;6;Cristal templado;Estándar;1,30;;;
RL-6-PRO-PRI;realme;6;Cristal templado;Privacidad;4,00;;;
RL-6-FUN-SIL;realme;6;Funda;Silicona;2,50;;;
RL-6-FUN-TPU;realme;6;Funda;Transparente;2,95;;;
RL-6-FUN-LIB;realme;6;Funda;Libro;3,70;;;
RL-6-FUN-ANT;realme;6;Funda;Antigolpes;3,10;;;
RL-6-PCA-NA;realme;6;Protector de cámara;Cristal;2,90;;;
RL-6P-PRO-NA;realme;6 Pro;Cristal templado;Estándar;1,30;;;
RL-6P-PRO-PRI;realme;6 Pro;Cristal templado;Privacidad;4,00;;;
RL-6P-FUN-SIL;realme;6 Pro;Funda;Silicona;2,50;;;
RL-6P-FUN-TPU;realme;6 Pro;Funda;Transparente;2,95;;;
RL-6P-FUN-LIB;realme;6 Pro;Funda;Libro;3,70;;;
RL-6P-FUN-ANT;realme;6 Pro;Funda;Antigolpes;3,10;;;
RL-6P-PCA-NA;realme;6 Pro;Protector de cámara;Cristal;2,90;;;
RL-6I-PRO-NA;realme;6i;Cristal templado;Estándar;1,30;;;
RL-6I-PRO-PRI;realme;6i;Cristal templado;Privacidad;4,00;;;
RL-6I-FUN-SIL;realme;6i;Funda;Silicona;2,50;;;
RL-6I-FUN-TPU;realme;6i;Funda;Transparente;2,95;;;
RL-6I-FUN-LIB;realme;6i;Funda;Libro;3,70;;;
RL-6I-FUN-ANT;realme;6i;Funda;Antigolpes;3,10;;;
RL-6I-PCA-NA;realme;6i;Protector de cámara;Cristal;2,90;;;
RL-6S-PRO-NA;realme;6s;Cristal templado;Estándar;1,30;;;
RL-6S-PRO-PRI;realme;6s;Cristal templado;Privacidad;4,00;;;
RL-6S-FUN-SIL;realme;6s;Funda;Silicona;2,50;;;
RL-6S-FUN-TPU;realme;6s;Funda;Transparente;2,95;;;
RL-6S-FUN-LIB;realme;6s;Funda;Libro;3,70;;;
RL-6S-FUN-ANT;realme;6s;Funda;Antigolpes;3,10;;;
RL-6S-PCA-NA;realme;6s;Protector de cámara;Cristal;2,90;;;
RL-7-PRO-NA;realme;7;Cristal templado;Estándar;1,30;;;
RL-7-PRO-PRI;realme;7;Cristal templado;Privacidad;4,00;;;
RL-7-FUN-SIL;realme;7;Funda;Silicona;2,50;;;
RL-7-FUN-TPU;realme;7;Funda;Transparente;2,95;;;
RL-7-FUN-LIB;realme;7;Funda;Libro;3,70;;;
RL-7-FUN-ANT;realme;7;Funda;Antigolpes;3,10;;;
RL-7-PCA-NA;realme;7;Protector de cámara;Cristal;2,90;;;
RL-7P-PRO-NA;realme;7 Pro;Cristal templado;Estándar;1,30;;;
RL-7P-PRO-PRI;realme;7 Pro;Cristal templado;Privacidad;4,00;;;
RL-7P-FUN-SIL;realme;7 Pro;Funda;Silicona;2,50;;;
RL-7P-FUN-TPU;realme;7 Pro;Funda;Transparente;2,95;;;
RL-7P-FUN-LIB;realme;7 Pro;Funda;Libro;3,70;;;
RL-7P-FUN-ANT;realme;7 Pro;Funda;Antigolpes;3,10;;;
RL-7P-PCA-NA;realme;7 Pro;Protector de cámara;Cristal;2,90;;;
RL-75-PRO-NA;realme;7 5G;Cristal templado;Estándar;1,30;;;
RL-75-PRO-PRI;realme;7 5G;Cristal templado;Privacidad;4,00;;;
RL-75-FUN-SIL;realme;7 5G;Funda;Silicona;2,50;;;
RL-75-FUN-TPU;realme;7 5G;Funda;Transparente;2,95;;;
RL-75-FUN-LIB;realme;7 5G;Funda;Libro;3,70;;;
RL-75-FUN-ANT;realme;7 5G;Funda;Antigolpes;3,10;;;
RL-75-PCA-NA;realme;7 5G;Protector de cámara;Cristal;2,90;;;
RL-7I-PRO-NA;realme;7i;Cristal templado;Estándar;1,30;;;
RL-7I-PRO-PRI;realme;7i;Cristal templado;Privacidad;4,00;;;
RL-7I-FUN-SIL;realme;7i;Funda;Silicona;2,50;;;
RL-7I-FUN-TPU;realme;7i;Funda;Transparente;2,95;;;
RL-7I-FUN-LIB;realme;7i;Funda;Libro;3,70;;;
RL-7I-FUN-ANT;realme;7i;Funda;Antigolpes;3,10;;;
RL-7I-PCA-NA;realme;7i;Protector de cámara;Cristal;2,90;;;
RL-8-PRO-NA;realme;8;Cristal templado;Estándar;1,30;;;
RL-8-PRO-PRI;realme;8;Cristal templado;Privacidad;4,00;;;
RL-8-FUN-SIL;realme;8;Funda;Silicona;2,50;;;
RL-8-FUN-TPU;realme;8;Funda;Transparente;2,95;;;
RL-8-FUN-LIB;realme;8;Funda;Libro;3,70;;;
RL-8-FUN-ANT;realme;8;Funda;Antigolpes;3,10;;;
RL-8-PCA-NA;realme;8;Protector de cámara;Cristal;2,90;;;
RL-8P-PRO-NA;realme;8 Pro;Cristal templado;Estándar;1,30;;;
RL-8P-PRO-PRI;realme;8 Pro;Cristal templado;Privacidad;4,00;;;
RL-8P-FUN-SIL;realme;8 Pro;Funda;Silicona;2,50;;;
RL-8P-FUN-TPU;realme;8 Pro;Funda;Transparente;2,95;;;
RL-8P-FUN-LIB;realme;8 Pro;Funda;Libro;3,70;;;
RL-8P-FUN-ANT;realme;8 Pro;Funda;Antigolpes;3,10;;;
RL-8P-PCA-NA;realme;8 Pro;Protector de cámara;Cristal;2,90;;;
RL-85-PRO-NA;realme;8 5G;Cristal templado;Estándar;1,30;;;
RL-85-PRO-PRI;realme;8 5G;Cristal templado;Privacidad;4,00;;;
RL-85-FUN-SIL;realme;8 5G;Funda;Silicona;2,50;;;
RL-85-FUN-TPU;realme;8 5G;Funda;Transparente;2,95;;;
RL-85-FUN-LIB;realme;8 5G;Funda;Libro;3,70;;;
RL-85-FUN-ANT;realme;8 5G;Funda;Antigolpes;3,10;;;
RL-85-PCA-NA;realme;8 5G;Protector de cámara;Cristal;2,90;;;
RL-8I-PRO-NA;realme;8i;Cristal templado;Estándar;1,30;;;
RL-8I-PRO-PRI;realme;8i;Cristal templado;Privacidad;4,00;;;
RL-8I-FUN-SIL;realme;8i;Funda;Silicona;2,50;;;
RL-8I-FUN-TPU;realme;8i;Funda;Transparente;2,95;;;
RL-8I-FUN-LIB;realme;8i;Funda;Libro;3,70;;;
RL-8I-FUN-ANT;realme;8i;Funda;Antigolpes;3,10;;;
RL-8I-PCA-NA;realme;8i;Protector de cámara;Cristal;2,90;;;
RL-9-PRO-NA;realme;9;Cristal templado;Estándar;1,30;;;
RL-9-PRO-PRI;realme;9;Cristal templado;Privacidad;4,00;;;
RL-9-FUN-SIL;realme;9;Funda;Silicona;2,50;;;
RL-9-FUN-TPU;realme;9;Funda;Transparente;2,95;;;
RL-9-FUN-LIB;realme;9;Funda;Libro;3,70;;;
RL-9-FUN-ANT;realme;9;Funda;Antigolpes;3,10;;;
RL-9-PCA-NA;realme;9;Protector de cámara;Cristal;2,90;;;
RL-95-PRO-NA;realme;9 5G;Cristal templado;Estándar;1,30;;;
RL-95-PRO-PRI;realme;9 5G;Cristal templado;Privacidad;4,00;;;
RL-95-FUN-SIL;realme;9 5G;Funda;Silicona;2,50;;;
RL-95-FUN-TPU;realme;9 5G;Funda;Transparente;2,95;;;
RL-95-FUN-LIB;realme;9 5G;Funda;Libro;3,70;;;
RL-95-FUN-ANT;realme;9 5G;Funda;Antigolpes;3,10;;;
RL-95-PCA-NA;realme;9 5G;Protector de cámara;Cristal;2,90;;;
RL-9P5-PRO-NA;realme;9 Pro 5G;Cristal templado;Estándar;1,30;;;
RL-9P5-PRO-PRI;realme;9 Pro 5G;Cristal templado;Privacidad;4,00;;;
RL-9P5-FUN-SIL;realme;9 Pro 5G;Funda;Silicona;2,50;;;
RL-9P5-FUN-TPU;realme;9 Pro 5G;Funda;Transparente;2,95;;;
RL-9P5-FUN-LIB;realme;9 Pro 5G;Funda;Libro;4,00;;;
RL-9P5-FUN-ANT;realme;9 Pro 5G;Funda;Antigolpes;3,10;;;
RL-9P5-PCA-NA;realme;9 Pro 5G;Protector de cámara;Cristal;2,90;;;
RL-9PPL5-PRO-NA;realme;9 Pro+ 5G;Cristal templado;Estándar;1,30;;;
RL-9PPL5-PRO-PRI;realme;9 Pro+ 5G;Cristal templado;Privacidad;4,00;;;
RL-9PPL5-FUN-SIL;realme;9 Pro+ 5G;Funda;Silicona;2,50;;;
RL-9PPL5-FUN-TPU;realme;9 Pro+ 5G;Funda;Transparente;2,95;;;
RL-9PPL5-FUN-LIB;realme;9 Pro+ 5G;Funda;Libro;3,70;;;
RL-9PPL5-FUN-ANT;realme;9 Pro+ 5G;Funda;Antigolpes;3,10;;;
RL-9PPL5-PCA-NA;realme;9 Pro+ 5G;Protector de cámara;Cristal;2,90;;;
RL-9I-PRO-NA;realme;9i;Cristal templado;Estándar;1,30;;;
RL-9I-PRO-PRI;realme;9i;Cristal templado;Privacidad;4,00;;;
RL-9I-FUN-SIL;realme;9i;Funda;Silicona;2,50;;;
RL-9I-FUN-TPU;realme;9i;Funda;Transparente;2,95;;;
RL-9I-FUN-LIB;realme;9i;Funda;Libro;3,70;;;
RL-9I-FUN-ANT;realme;9i;Funda;Antigolpes;3,10;;;
RL-9I-PCA-NA;realme;9i;Protector de cámara;Cristal;2,90;;;
RL-10-PRO-NA;realme;10;Cristal templado;Estándar;1,30;;;
RL-10-PRO-PRI;realme;10;Cristal templado;Privacidad;4,00;;;
RL-10-FUN-SIL;realme;10;Funda;Silicona;2,50;;;
RL-10-FUN-TPU;realme;10;Funda;Transparente;2,95;;;
RL-10-FUN-LIB;realme;10;Funda;Libro;3,70;;;
RL-10-FUN-ANT;realme;10;Funda;Antigolpes;3,10;;;
RL-10-PCA-NA;realme;10;Protector de cámara;Cristal;2,90;;;
RL-11P5-PRO-NA;realme;11 Pro 5G;Cristal templado;Estándar;1,30;;;
RL-11P5-PRO-PRI;realme;11 Pro 5G;Cristal templado;Privacidad;4,00;;;
RL-11P5-FUN-SIL;realme;11 Pro 5G;Funda;Silicona;2,50;;;
RL-11P5-FUN-TPU;realme;11 Pro 5G;Funda;Transparente;2,95;;;
RL-11P5-FUN-LIB;realme;11 Pro 5G;Funda;Libro;3,70;;;
RL-11P5-FUN-ANT;realme;11 Pro 5G;Funda;Antigolpes;3,10;;;
RL-11P5-PCA-NA;realme;11 Pro 5G;Protector de cámara;Cristal;2,90;;;
RL-11PPL5-PRO-NA;realme;11 Pro+ 5G;Cristal templado;Estándar;1,30;;;
RL-11PPL5-PRO-PRI;realme;11 Pro+ 5G;Cristal templado;Privacidad;4,00;;;
RL-11PPL5-FUN-SIL;realme;11 Pro+ 5G;Funda;Silicona;2,50;;;
RL-11PPL5-FUN-TPU;realme;11 Pro+ 5G;Funda;Transparente;2,95;;;
RL-11PPL5-FUN-LIB;realme;11 Pro+ 5G;Funda;Libro;3,70;;;
RL-11PPL5-FUN-ANT;realme;11 Pro+ 5G;Funda;Antigolpes;3,10;;;
RL-11PPL5-PCA-NA;realme;11 Pro+ 5G;Protector de cámara;Cristal;2,90;;;
RL-12-PRO-NA;realme;12;Cristal templado;Estándar;1,30;;;
RL-12-PRO-PRI;realme;12;Cristal templado;Privacidad;4,00;;;
RL-12-FUN-SIL;realme;12;Funda;Silicona;2,50;;;
RL-12-FUN-TPU;realme;12;Funda;Transparente;2,95;;;
RL-12-FUN-LIB;realme;12;Funda;Libro;3,70;;;
RL-12-FUN-ANT;realme;12;Funda;Antigolpes;3,10;;;
RL-12-PCA-NA;realme;12;Protector de cámara;Cristal;2,90;;;
RL-125-PRO-NA;realme;12 5G;Cristal templado;Estándar;1,30;;;
RL-125-PRO-PRI;realme;12 5G;Cristal templado;Privacidad;4,00;;;
RL-125-FUN-SIL;realme;12 5G;Funda;Silicona;2,50;;;
RL-125-FUN-TPU;realme;12 5G;Funda;Transparente;2,95;;;
RL-125-FUN-LIB;realme;12 5G;Funda;Libro;3,70;;;
RL-125-FUN-ANT;realme;12 5G;Funda;Antigolpes;3,10;;;
RL-125-PCA-NA;realme;12 5G;Protector de cámara;Cristal;2,90;;;
RL-12PL5-PRO-NA;realme;12+ 5G;Cristal templado;Estándar;1,30;;;
RL-12PL5-PRO-PRI;realme;12+ 5G;Cristal templado;Privacidad;4,00;;;
RL-12PL5-FUN-SIL;realme;12+ 5G;Funda;Silicona;2,50;;;
RL-12PL5-FUN-TPU;realme;12+ 5G;Funda;Transparente;2,95;;;
RL-12PL5-FUN-LIB;realme;12+ 5G;Funda;Libro;3,70;;;
RL-12PL5-FUN-ANT;realme;12+ 5G;Funda;Antigolpes;3,10;;;
RL-12PL5-PCA-NA;realme;12+ 5G;Protector de cámara;Cristal;2,90;;;
RL-12P5-PRO-NA;realme;12 Pro 5G;Cristal templado;Estándar;1,30;;;
RL-12P5-PRO-PRI;realme;12 Pro 5G;Cristal templado;Privacidad;4,00;;;
RL-12P5-FUN-SIL;realme;12 Pro 5G;Funda;Silicona;2,50;;;
RL-12P5-FUN-TPU;realme;12 Pro 5G;Funda;Transparente;2,95;;;
RL-12P5-FUN-LIB;realme;12 Pro 5G;Funda;Libro;3,70;;;
RL-12P5-FUN-ANT;realme;12 Pro 5G;Funda;Antigolpes;3,10;;;
RL-12P5-PCA-NA;realme;12 Pro 5G;Protector de cámara;Cristal;2,90;;;
RL-12PPL5-PRO-NA;realme;12 Pro+ 5G;Cristal templado;Estándar;1,30;;;
RL-12PPL5-PRO-PRI;realme;12 Pro+ 5G;Cristal templado;Privacidad;4,00;;;
RL-12PPL5-FUN-SIL;realme;12 Pro+ 5G;Funda;Silicona;2,50;;;
RL-12PPL5-FUN-TPU;realme;12 Pro+ 5G;Funda;Transparente;2,95;;;
RL-12PPL5-FUN-LIB;realme;12 Pro+ 5G;Funda;Libro;3,70;;;
RL-12PPL5-FUN-ANT;realme;12 Pro+ 5G;Funda;Antigolpes;3,10;;;
RL-12PPL5-PCA-NA;realme;12 Pro+ 5G;Protector de cámara;Cristal;2,90;;;
RL-12X5-PRO-NA;realme;12x 5G;Cristal templado;Estándar;1,30;;;
RL-12X5-PRO-PRI;realme;12x 5G;Cristal templado;Privacidad;4,00;;;
RL-12X5-FUN-SIL;realme;12x 5G;Funda;Silicona;2,50;;;
RL-12X5-FUN-TPU;realme;12x 5G;Funda;Transparente;2,95;;;
RL-12X5-FUN-LIB;realme;12x 5G;Funda;Libro;3,70;;;
RL-12X5-FUN-ANT;realme;12x 5G;Funda;Antigolpes;3,10;;;
RL-145-PRO-NA;realme;14 5G;Cristal templado;Estándar;1,30;;;
RL-145-PRO-PRI;realme;14 5G;Cristal templado;Privacidad;4,00;;;
RL-145-FUN-SIL;realme;14 5G;Funda;Silicona;2,50;;;
RL-145-FUN-TPU;realme;14 5G;Funda;Transparente;2,95;;;
RL-145-FUN-LIB;realme;14 5G;Funda;Libro;3,70;;;
RL-145-FUN-ANT;realme;14 5G;Funda;Antigolpes;3,10;;;
RL-14P5-PRO-NA;realme;14 Pro 5G;Cristal templado;Estándar;1,30;;;
RL-14P5-PRO-PRI;realme;14 Pro 5G;Cristal templado;Privacidad;4,00;;;
RL-14P5-FUN-SIL;realme;14 Pro 5G;Funda;Silicona;2,50;;;
RL-14P5-FUN-TPU;realme;14 Pro 5G;Funda;Transparente;2,95;;;
RL-14P5-FUN-LIB;realme;14 Pro 5G;Funda;Libro;3,70;;;
RL-14P5-FUN-ANT;realme;14 Pro 5G;Funda;Antigolpes;3,10;;;
RL-14PPL5-PRO-NA;realme;14 Pro+ 5G;Cristal templado;Estándar;1,30;;;
RL-14PPL5-PRO-PRI;realme;14 Pro+ 5G;Cristal templado;Privacidad;4,00;;;
RL-14PPL5-FUN-SIL;realme;14 Pro+ 5G;Funda;Silicona;2,50;;;
RL-14PPL5-FUN-TPU;realme;14 Pro+ 5G;Funda;Transparente;2,95;;;
RL-14PPL5-FUN-LIB;realme;14 Pro+ 5G;Funda;Libro;3,70;;;
RL-14PPL5-FUN-ANT;realme;14 Pro+ 5G;Funda;Antigolpes;3,10;;;
RL-14PPL5-PCA-NA;realme;14 Pro+ 5G;Protector de cámara;Cristal;2,90;;;
RL-14T5-PRO-NA;realme;14T 5G;Cristal templado;Estándar;1,30;;;
RL-14T5-PRO-PRI;realme;14T 5G;Cristal templado;Privacidad;4,00;;;
RL-14T5-FUN-SIL;realme;14T 5G;Funda;Silicona;2,50;;;
RL-14T5-FUN-TPU;realme;14T 5G;Funda;Transparente;2,95;;;
RL-14T5-FUN-LIB;realme;14T 5G;Funda;Libro;3,70;;;
RL-14T5-FUN-ANT;realme;14T 5G;Funda;Antigolpes;3,10;;;
RL-14T5-PCA-NA;realme;14T 5G;Protector de cámara;Cristal;2,90;;;
RL-14X5-PRO-NA;realme;14x 5G;Cristal templado;Estándar;1,30;;;
RL-14X5-PRO-PRI;realme;14x 5G;Cristal templado;Privacidad;4,00;;;
RL-14X5-FUN-SIL;realme;14x 5G;Funda;Silicona;2,50;;;
RL-14X5-FUN-TPU;realme;14x 5G;Funda;Transparente;2,95;;;
RL-14X5-FUN-LIB;realme;14x 5G;Funda;Libro;3,70;;;
RL-14X5-FUN-ANT;realme;14x 5G;Funda;Antigolpes;3,10;;;
RL-165-PRO-NA;realme;16 5G;Cristal templado;Estándar;1,30;;;
RL-165-PRO-PRI;realme;16 5G;Cristal templado;Privacidad;4,00;;;
RL-165-FUN-SIL;realme;16 5G;Funda;Silicona;2,50;;;
RL-165-FUN-TPU;realme;16 5G;Funda;Transparente;2,95;;;
RL-165-FUN-LIB;realme;16 5G;Funda;Libro;3,70;;;
RL-165-FUN-ANT;realme;16 5G;Funda;Antigolpes;3,10;;;
RL-165-PCA-NA;realme;16 5G;Protector de cámara;Cristal;2,90;;;
RL-16P5-PRO-NA;realme;16 Pro 5G;Cristal templado;Estándar;1,30;;;
RL-16P5-PRO-PRI;realme;16 Pro 5G;Cristal templado;Privacidad;4,00;;;
RL-16P5-FUN-SIL;realme;16 Pro 5G;Funda;Silicona;2,50;;;
RL-16P5-FUN-TPU;realme;16 Pro 5G;Funda;Transparente;2,95;;;
RL-16P5-FUN-LIB;realme;16 Pro 5G;Funda;Libro;3,70;;;
RL-16P5-FUN-ANT;realme;16 Pro 5G;Funda;Antigolpes;3,10;;;
RL-16P5-PCA-NA;realme;16 Pro 5G;Protector de cámara;Cristal;2,90;;;
RL-16PPL5-PRO-NA;realme;16 Pro+ 5G;Cristal templado;Estándar;1,30;;;
RL-16PPL5-PRO-PRI;realme;16 Pro+ 5G;Cristal templado;Privacidad;4,00;;;
RL-16PPL5-FUN-SIL;realme;16 Pro+ 5G;Funda;Silicona;2,50;;;
RL-16PPL5-FUN-TPU;realme;16 Pro+ 5G;Funda;Transparente;2,95;;;
RL-16PPL5-FUN-LIB;realme;16 Pro+ 5G;Funda;Libro;3,70;;;
RL-16PPL5-FUN-ANT;realme;16 Pro+ 5G;Funda;Antigolpes;3,10;;;
RL-16PPL5-PCA-NA;realme;16 Pro+ 5G;Protector de cámara;Cristal;2,90;;;
RL-C3-PRO-NA;realme;C3;Cristal templado;Estándar;1,30;;;
RL-C3-PRO-PRI;realme;C3;Cristal templado;Privacidad;4,00;;;
RL-C3-FUN-SIL;realme;C3;Funda;Silicona;2,50;;;
RL-C3-FUN-TPU;realme;C3;Funda;Transparente;2,95;;;
RL-C3-FUN-LIB;realme;C3;Funda;Libro;3,70;;;
RL-C3-FUN-ANT;realme;C3;Funda;Antigolpes;3,10;;;
RL-C3-PCA-NA;realme;C3;Protector de cámara;Cristal;2,90;;;
RL-C11-PRO-NA;realme;C11;Cristal templado;Estándar;1,30;;;
RL-C11-PRO-PRI;realme;C11;Cristal templado;Privacidad;4,00;;;
RL-C11-FUN-SIL;realme;C11;Funda;Silicona;2,50;;;
RL-C11-FUN-TPU;realme;C11;Funda;Transparente;2,95;;;
RL-C11-FUN-LIB;realme;C11;Funda;Libro;3,70;;;
RL-C11-FUN-ANT;realme;C11;Funda;Antigolpes;3,10;;;
RL-C11-PCA-NA;realme;C11;Protector de cámara;Cristal;2,90;;;
RL-C1121-PRO-NA;realme;C11 2021;Cristal templado;Estándar;1,30;;;
RL-C1121-PRO-PRI;realme;C11 2021;Cristal templado;Privacidad;4,00;;;
RL-C1121-FUN-SIL;realme;C11 2021;Funda;Silicona;2,50;;;
RL-C1121-FUN-TPU;realme;C11 2021;Funda;Transparente;2,95;;;
RL-C1121-FUN-LIB;realme;C11 2021;Funda;Libro;3,70;;;
RL-C1121-FUN-ANT;realme;C11 2021;Funda;Antigolpes;3,10;;;
RL-C1121-PCA-NA;realme;C11 2021;Protector de cámara;Cristal;2,90;;;
RL-C21-PRO-NA;realme;C21;Cristal templado;Estándar;1,30;;;
RL-C21-PRO-PRI;realme;C21;Cristal templado;Privacidad;4,00;;;
RL-C21-FUN-SIL;realme;C21;Funda;Silicona;2,50;;;
RL-C21-FUN-TPU;realme;C21;Funda;Transparente;2,95;;;
RL-C21-FUN-LIB;realme;C21;Funda;Libro;3,70;;;
RL-C21-FUN-ANT;realme;C21;Funda;Antigolpes;3,10;;;
RL-C21-PCA-NA;realme;C21;Protector de cámara;Cristal;2,90;;;
RL-C25-PRO-NA;realme;C25;Cristal templado;Estándar;1,30;;;
RL-C25-PRO-PRI;realme;C25;Cristal templado;Privacidad;4,00;;;
RL-C25-FUN-SIL;realme;C25;Funda;Silicona;2,50;;;
RL-C25-FUN-TPU;realme;C25;Funda;Transparente;2,95;;;
RL-C25-FUN-LIB;realme;C25;Funda;Libro;3,70;;;
RL-C25-FUN-ANT;realme;C25;Funda;Antigolpes;3,10;;;
RL-C25-PCA-NA;realme;C25;Protector de cámara;Cristal;2,90;;;
RL-C25Y-PRO-NA;realme;C25Y;Cristal templado;Estándar;1,30;;;
RL-C25Y-PRO-PRI;realme;C25Y;Cristal templado;Privacidad;4,00;;;
RL-C25Y-FUN-SIL;realme;C25Y;Funda;Silicona;2,50;;;
RL-C25Y-FUN-TPU;realme;C25Y;Funda;Transparente;2,95;;;
RL-C25Y-FUN-LIB;realme;C25Y;Funda;Libro;3,70;;;
RL-C25Y-FUN-ANT;realme;C25Y;Funda;Antigolpes;3,10;;;
RL-C25Y-PCA-NA;realme;C25Y;Protector de cámara;Cristal;2,90;;;
RL-C31-PRO-NA;realme;C31;Cristal templado;Estándar;1,30;;;
RL-C31-PRO-PRI;realme;C31;Cristal templado;Privacidad;4,00;;;
RL-C31-FUN-SIL;realme;C31;Funda;Silicona;2,50;;;
RL-C31-FUN-TPU;realme;C31;Funda;Transparente;2,95;;;
RL-C31-FUN-LIB;realme;C31;Funda;Libro;3,70;;;
RL-C31-FUN-ANT;realme;C31;Funda;Antigolpes;3,10;;;
RL-C31-PCA-NA;realme;C31;Protector de cámara;Cristal;2,90;;;
RL-C35-PRO-NA;realme;C35;Cristal templado;Estándar;1,30;;;
RL-C35-PRO-PRI;realme;C35;Cristal templado;Privacidad;4,00;;;
RL-C35-FUN-SIL;realme;C35;Funda;Silicona;2,50;;;
RL-C35-FUN-TPU;realme;C35;Funda;Transparente;2,95;;;
RL-C35-FUN-LIB;realme;C35;Funda;Libro;3,70;;;
RL-C35-FUN-ANT;realme;C35;Funda;Antigolpes;3,10;;;
RL-C35-PCA-NA;realme;C35;Protector de cámara;Cristal;2,90;;;
RL-C30-PRO-NA;realme;C30;Cristal templado;Estándar;1,30;;;
RL-C30-PRO-PRI;realme;C30;Cristal templado;Privacidad;4,00;;;
RL-C30-FUN-SIL;realme;C30;Funda;Silicona;2,50;;;
RL-C30-FUN-TPU;realme;C30;Funda;Transparente;2,95;;;
RL-C30-FUN-LIB;realme;C30;Funda;Libro;3,70;;;
RL-C30-FUN-ANT;realme;C30;Funda;Antigolpes;3,10;;;
RL-C33-PRO-NA;realme;C33;Cristal templado;Estándar;1,30;;;
RL-C33-PRO-PRI;realme;C33;Cristal templado;Privacidad;4,00;;;
RL-C33-FUN-SIL;realme;C33;Funda;Silicona;2,50;;;
RL-C33-FUN-TPU;realme;C33;Funda;Transparente;2,95;;;
RL-C33-FUN-LIB;realme;C33;Funda;Libro;3,70;;;
RL-C33-FUN-ANT;realme;C33;Funda;Antigolpes;3,10;;;
RL-C55-PRO-NA;realme;C55;Cristal templado;Estándar;1,30;;;
RL-C55-PRO-PRI;realme;C55;Cristal templado;Privacidad;4,00;;;
RL-C55-FUN-SIL;realme;C55;Funda;Silicona;2,50;;;
RL-C55-FUN-TPU;realme;C55;Funda;Transparente;2,95;;;
RL-C55-FUN-LIB;realme;C55;Funda;Libro;3,70;;;
RL-C55-FUN-ANT;realme;C55;Funda;Antigolpes;3,10;;;
RL-C55-PCA-NA;realme;C55;Protector de cámara;Cristal;2,90;;;
RL-C51-PRO-NA;realme;C51;Cristal templado;Estándar;1,30;;;
RL-C51-PRO-PRI;realme;C51;Cristal templado;Privacidad;4,00;;;
RL-C51-FUN-SIL;realme;C51;Funda;Silicona;2,50;;;
RL-C51-FUN-TPU;realme;C51;Funda;Transparente;2,95;;;
RL-C51-FUN-LIB;realme;C51;Funda;Libro;3,70;;;
RL-C51-FUN-ANT;realme;C51;Funda;Antigolpes;3,10;;;
RL-C51-PCA-NA;realme;C51;Protector de cámara;Cristal;2,90;;;
RL-C53-PRO-NA;realme;C53;Cristal templado;Estándar;1,30;;;
RL-C53-PRO-PRI;realme;C53;Cristal templado;Privacidad;4,00;;;
RL-C53-FUN-SIL;realme;C53;Funda;Silicona;2,50;;;
RL-C53-FUN-TPU;realme;C53;Funda;Transparente;2,95;;;
RL-C53-FUN-LIB;realme;C53;Funda;Libro;3,70;;;
RL-C53-FUN-ANT;realme;C53;Funda;Antigolpes;3,10;;;
RL-C53-PCA-NA;realme;C53;Protector de cámara;Cristal;2,90;;;
RL-C67-PRO-NA;realme;C67;Cristal templado;Estándar;1,30;;;
RL-C67-PRO-PRI;realme;C67;Cristal templado;Privacidad;4,00;;;
RL-C67-FUN-SIL;realme;C67;Funda;Silicona;2,50;;;
RL-C67-FUN-TPU;realme;C67;Funda;Transparente;2,95;;;
RL-C67-FUN-LIB;realme;C67;Funda;Libro;3,70;;;
RL-C67-FUN-ANT;realme;C67;Funda;Antigolpes;3,10;;;
RL-C67-PCA-NA;realme;C67;Protector de cámara;Cristal;2,90;;;
RL-C65-PRO-NA;realme;C65;Cristal templado;Estándar;1,30;;;
RL-C65-PRO-PRI;realme;C65;Cristal templado;Privacidad;4,00;;;
RL-C65-FUN-SIL;realme;C65;Funda;Silicona;2,50;;;
RL-C65-FUN-TPU;realme;C65;Funda;Transparente;2,95;;;
RL-C65-FUN-LIB;realme;C65;Funda;Libro;3,70;;;
RL-C65-FUN-ANT;realme;C65;Funda;Antigolpes;3,10;;;
RL-C61-PRO-NA;realme;C61;Cristal templado;Estándar;1,30;;;
RL-C61-PRO-PRI;realme;C61;Cristal templado;Privacidad;4,00;;;
RL-C61-FUN-SIL;realme;C61;Funda;Silicona;2,50;;;
RL-C61-FUN-TPU;realme;C61;Funda;Transparente;2,95;;;
RL-C61-FUN-LIB;realme;C61;Funda;Libro;3,70;;;
RL-C61-FUN-ANT;realme;C61;Funda;Antigolpes;3,10;;;
RL-C63-PRO-NA;realme;C63;Cristal templado;Estándar;1,30;;;
RL-C63-PRO-PRI;realme;C63;Cristal templado;Privacidad;4,00;;;
RL-C63-FUN-SIL;realme;C63;Funda;Silicona;2,50;;;
RL-C63-FUN-TPU;realme;C63;Funda;Transparente;2,95;;;
RL-C63-FUN-LIB;realme;C63;Funda;Libro;3,70;;;
RL-C63-FUN-ANT;realme;C63;Funda;Antigolpes;3,10;;;
RL-C75-PRO-NA;realme;C75;Cristal templado;Estándar;1,30;;;
RL-C75-PRO-PRI;realme;C75;Cristal templado;Privacidad;4,00;;;
RL-C75-FUN-SIL;realme;C75;Funda;Silicona;2,50;;;
RL-C75-FUN-TPU;realme;C75;Funda;Transparente;2,95;;;
RL-C75-FUN-LIB;realme;C75;Funda;Libro;3,70;;;
RL-C75-FUN-ANT;realme;C75;Funda;Antigolpes;3,10;;;
RL-C71-PRO-NA;realme;C71;Cristal templado;Estándar;1,30;;;
RL-C71-PRO-PRI;realme;C71;Cristal templado;Privacidad;4,00;;;
RL-C71-FUN-SIL;realme;C71;Funda;Silicona;2,50;;;
RL-C71-FUN-TPU;realme;C71;Funda;Transparente;2,95;;;
RL-C71-FUN-LIB;realme;C71;Funda;Libro;3,70;;;
RL-C71-FUN-ANT;realme;C71;Funda;Antigolpes;3,10;;;
RL-C1005-PRO-NA;realme;C100 5G;Cristal templado;Estándar;1,30;;;
RL-C1005-PRO-PRI;realme;C100 5G;Cristal templado;Privacidad;4,00;;;
RL-C1005-FUN-SIL;realme;C100 5G;Funda;Silicona;2,50;;;
RL-C1005-FUN-TPU;realme;C100 5G;Funda;Transparente;2,95;;;
RL-C1005-FUN-LIB;realme;C100 5G;Funda;Libro;3,70;;;
RL-C1005-FUN-ANT;realme;C100 5G;Funda;Antigolpes;3,10;;;
RL-N50-PRO-NA;realme;Note 50;Cristal templado;Estándar;1,30;;;
RL-N50-PRO-PRI;realme;Note 50;Cristal templado;Privacidad;4,00;;;
RL-N50-FUN-SIL;realme;Note 50;Funda;Silicona;2,50;;;
RL-N50-FUN-TPU;realme;Note 50;Funda;Transparente;2,95;;;
RL-N50-FUN-LIB;realme;Note 50;Funda;Libro;3,70;;;
RL-N50-FUN-ANT;realme;Note 50;Funda;Antigolpes;3,10;;;
RL-N60-PRO-NA;realme;Note 60;Cristal templado;Estándar;1,30;;;
RL-N60-PRO-PRI;realme;Note 60;Cristal templado;Privacidad;4,00;;;
RL-N60-FUN-SIL;realme;Note 60;Funda;Silicona;2,50;;;
RL-N60-FUN-TPU;realme;Note 60;Funda;Transparente;2,95;;;
RL-N60-FUN-LIB;realme;Note 60;Funda;Libro;3,70;;;
RL-N60-FUN-ANT;realme;Note 60;Funda;Antigolpes;3,10;;;
RL-N70T-PRO-NA;realme;Note 70T;Cristal templado;Estándar;1,30;;;
RL-N70T-PRO-PRI;realme;Note 70T;Cristal templado;Privacidad;4,00;;;
RL-N70T-FUN-SIL;realme;Note 70T;Funda;Silicona;2,50;;;
RL-N70T-FUN-TPU;realme;Note 70T;Funda;Transparente;2,95;;;
RL-N70T-FUN-LIB;realme;Note 70T;Funda;Libro;3,70;;;
RL-N70T-FUN-ANT;realme;Note 70T;Funda;Antigolpes;3,10;;;
RL-GT5-PRO-NA;realme;GT 5G;Cristal templado;Estándar;1,30;;;
RL-GT5-PRO-PRI;realme;GT 5G;Cristal templado;Privacidad;4,00;;;
RL-GT5-FUN-SIL;realme;GT 5G;Funda;Silicona;2,50;;;
RL-GT5-FUN-TPU;realme;GT 5G;Funda;Transparente;2,95;;;
RL-GT5-FUN-LIB;realme;GT 5G;Funda;Libro;3,70;;;
RL-GT5-FUN-ANT;realme;GT 5G;Funda;Antigolpes;3,10;;;
RL-GT5-PCA-NA;realme;GT 5G;Protector de cámara;Cristal;2,90;;;
RL-GTME-PRO-NA;realme;GT Master Edition;Cristal templado;Estándar;1,30;;;
RL-GTME-PRO-PRI;realme;GT Master Edition;Cristal templado;Privacidad;4,00;;;
RL-GTME-FUN-SIL;realme;GT Master Edition;Funda;Silicona;2,50;;;
RL-GTME-FUN-TPU;realme;GT Master Edition;Funda;Transparente;2,95;;;
RL-GTME-FUN-LIB;realme;GT Master Edition;Funda;Libro;3,70;;;
RL-GTME-FUN-ANT;realme;GT Master Edition;Funda;Antigolpes;3,10;;;
RL-GTME-PCA-NA;realme;GT Master Edition;Protector de cámara;Cristal;2,90;;;
RL-GTNEO2-PRO-NA;realme;GT Neo 2;Cristal templado;Estándar;1,30;;;
RL-GTNEO2-PRO-PRI;realme;GT Neo 2;Cristal templado;Privacidad;4,00;;;
RL-GTNEO2-FUN-SIL;realme;GT Neo 2;Funda;Silicona;2,50;;;
RL-GTNEO2-FUN-TPU;realme;GT Neo 2;Funda;Transparente;2,95;;;
RL-GTNEO2-FUN-LIB;realme;GT Neo 2;Funda;Libro;3,70;;;
RL-GTNEO2-FUN-ANT;realme;GT Neo 2;Funda;Antigolpes;3,10;;;
RL-GTNEO2-PCA-NA;realme;GT Neo 2;Protector de cámara;Cristal;2,90;;;
RL-GT2-PRO-NA;realme;GT 2;Cristal templado;Estándar;1,30;;;
RL-GT2-PRO-PRI;realme;GT 2;Cristal templado;Privacidad;4,00;;;
RL-GT2-FUN-SIL;realme;GT 2;Funda;Silicona;2,50;;;
RL-GT2-FUN-TPU;realme;GT 2;Funda;Transparente;2,95;;;
RL-GT2-FUN-LIB;realme;GT 2;Funda;Libro;3,70;;;
RL-GT2-FUN-ANT;realme;GT 2;Funda;Antigolpes;3,10;;;
RL-GT2-PCA-NA;realme;GT 2;Protector de cámara;Cristal;2,90;;;
RL-GT2P-PRO-NA;realme;GT 2 Pro;Cristal templado;Estándar;1,30;;;
RL-GT2P-PRO-NA-FG;realme;GT 2 Pro;Cristal templado;UV full glue;4,15;;;
RL-GT2P-PRO-PRI;realme;GT 2 Pro;Cristal templado;Privacidad;4,00;;;
RL-GT2P-FUN-SIL;realme;GT 2 Pro;Funda;Silicona;2,50;;;
RL-GT2P-FUN-TPU;realme;GT 2 Pro;Funda;Transparente;2,95;;;
RL-GT2P-FUN-LIB;realme;GT 2 Pro;Funda;Libro;3,70;;;
RL-GT2P-FUN-ANT;realme;GT 2 Pro;Funda;Antigolpes;3,10;;;
RL-GT2P-PCA-NA;realme;GT 2 Pro;Protector de cámara;Cristal;2,90;;;
RL-GTNEO3-PRO-NA;realme;GT Neo 3;Cristal templado;Estándar;1,30;;;
RL-GTNEO3-PRO-PRI;realme;GT Neo 3;Cristal templado;Privacidad;4,00;;;
RL-GTNEO3-FUN-SIL;realme;GT Neo 3;Funda;Silicona;2,50;;;
RL-GTNEO3-FUN-TPU;realme;GT Neo 3;Funda;Transparente;2,95;;;
RL-GTNEO3-FUN-LIB;realme;GT Neo 3;Funda;Libro;3,70;;;
RL-GTNEO3-FUN-ANT;realme;GT Neo 3;Funda;Antigolpes;3,10;;;
RL-GTNEO3-PCA-NA;realme;GT Neo 3;Protector de cámara;Cristal;2,90;;;
RL-GTNEO3T-PRO-NA;realme;GT Neo 3T;Cristal templado;Estándar;1,30;;;
RL-GTNEO3T-PRO-PRI;realme;GT Neo 3T;Cristal templado;Privacidad;4,00;;;
RL-GTNEO3T-FUN-SIL;realme;GT Neo 3T;Funda;Silicona;2,50;;;
RL-GTNEO3T-FUN-TPU;realme;GT Neo 3T;Funda;Transparente;2,95;;;
RL-GTNEO3T-FUN-LIB;realme;GT Neo 3T;Funda;Libro;3,70;;;
RL-GTNEO3T-FUN-ANT;realme;GT Neo 3T;Funda;Antigolpes;3,10;;;
RL-GTNEO3T-PCA-NA;realme;GT Neo 3T;Protector de cámara;Cristal;2,90;;;
RL-GT6-PRO-NA;realme;GT 6;Cristal templado;Estándar;1,30;;;
RL-GT6-PRO-PRI;realme;GT 6;Cristal templado;Privacidad;4,00;;;
RL-GT6-FUN-SIL;realme;GT 6;Funda;Silicona;2,50;;;
RL-GT6-FUN-TPU;realme;GT 6;Funda;Transparente;2,95;;;
RL-GT6-FUN-LIB;realme;GT 6;Funda;Libro;3,70;;;
RL-GT6-FUN-ANT;realme;GT 6;Funda;Antigolpes;3,10;;;
RL-GT6-PCA-NA;realme;GT 6;Protector de cámara;Cristal;2,90;;;
RL-GT6T-PRO-NA;realme;GT 6T;Cristal templado;Estándar;1,30;;;
RL-GT6T-PRO-PRI;realme;GT 6T;Cristal templado;Privacidad;4,00;;;
RL-GT6T-FUN-SIL;realme;GT 6T;Funda;Silicona;2,50;;;
RL-GT6T-FUN-TPU;realme;GT 6T;Funda;Transparente;2,95;;;
RL-GT6T-FUN-LIB;realme;GT 6T;Funda;Libro;3,70;;;
RL-GT6T-FUN-ANT;realme;GT 6T;Funda;Antigolpes;3,10;;;
RL-GT6T-PCA-NA;realme;GT 6T;Protector de cámara;Cristal;2,90;;;
RL-GT7P-PRO-NA;realme;GT 7 Pro;Cristal templado;Estándar;1,30;;;
RL-GT7P-PRO-NA-FG;realme;GT 7 Pro;Cristal templado;UV full glue;4,15;;;
RL-GT7P-PRO-PRI;realme;GT 7 Pro;Cristal templado;Privacidad;4,00;;;
RL-GT7P-FUN-SIL;realme;GT 7 Pro;Funda;Silicona;2,50;;;
RL-GT7P-FUN-TPU;realme;GT 7 Pro;Funda;Transparente;2,95;;;
RL-GT7P-FUN-LIB;realme;GT 7 Pro;Funda;Libro;3,70;;;
RL-GT7P-FUN-ANT;realme;GT 7 Pro;Funda;Antigolpes;3,10;;;
RL-GT7P-PCA-NA;realme;GT 7 Pro;Protector de cámara;Cristal;2,90;;;
RL-GT7-PRO-NA;realme;GT 7;Cristal templado;Estándar;1,30;;;
RL-GT7-PRO-PRI;realme;GT 7;Cristal templado;Privacidad;4,00;;;
RL-GT7-FUN-SIL;realme;GT 7;Funda;Silicona;2,50;;;
RL-GT7-FUN-TPU;realme;GT 7;Funda;Transparente;2,95;;;
RL-GT7-FUN-LIB;realme;GT 7;Funda;Libro;3,70;;;
RL-GT7-FUN-ANT;realme;GT 7;Funda;Antigolpes;3,10;;;
RL-GT7-PCA-NA;realme;GT 7;Protector de cámara;Cristal;2,90;;;
RL-GT7T-PRO-NA;realme;GT 7T;Cristal templado;Estándar;1,30;;;
RL-GT7T-PRO-PRI;realme;GT 7T;Cristal templado;Privacidad;4,00;;;
RL-GT7T-FUN-SIL;realme;GT 7T;Funda;Silicona;2,50;;;
RL-GT7T-FUN-TPU;realme;GT 7T;Funda;Transparente;2,95;;;
RL-GT7T-FUN-LIB;realme;GT 7T;Funda;Libro;3,70;;;
RL-GT7T-FUN-ANT;realme;GT 7T;Funda;Antigolpes;3,10;;;
RL-GT7T-PCA-NA;realme;GT 7T;Protector de cámara;Cristal;2,90;;;
RL-GT8P-PRO-NA;realme;GT 8 Pro;Cristal templado;Estándar;1,30;;;
RL-GT8P-PRO-NA-FG;realme;GT 8 Pro;Cristal templado;UV full glue;4,15;;;
RL-GT8P-PRO-PRI;realme;GT 8 Pro;Cristal templado;Privacidad;4,00;;;
RL-GT8P-FUN-SIL;realme;GT 8 Pro;Funda;Silicona;2,50;;;
RL-GT8P-FUN-TPU;realme;GT 8 Pro;Funda;Transparente;2,95;;;
RL-GT8P-FUN-LIB;realme;GT 8 Pro;Funda;Libro;3,70;;;
RL-GT8P-FUN-ANT;realme;GT 8 Pro;Funda;Antigolpes;3,10;;;
RL-GT8P-PCA-NA;realme;GT 8 Pro;Protector de cámara;Cristal;2,90;;;
RL-P35-PRO-NA;realme;P3 5G;Cristal templado;Estándar;1,30;;;
RL-P35-PRO-PRI;realme;P3 5G;Cristal templado;Privacidad;4,00;;;
RL-P35-FUN-SIL;realme;P3 5G;Funda;Silicona;2,50;;;
RL-P35-FUN-TPU;realme;P3 5G;Funda;Transparente;2,95;;;
RL-P35-FUN-LIB;realme;P3 5G;Funda;Libro;3,70;;;
RL-P35-FUN-ANT;realme;P3 5G;Funda;Antigolpes;3,10;;;
RL-P35-PCA-NA;realme;P3 5G;Protector de cámara;Cristal;2,90;;;
RL-P3L-PRO-NA;realme;P3 Lite;Cristal templado;Estándar;1,30;;;
RL-P3L-PRO-PRI;realme;P3 Lite;Cristal templado;Privacidad;4,00;;;
RL-P3L-FUN-SIL;realme;P3 Lite;Funda;Silicona;2,50;;;
RL-P3L-FUN-TPU;realme;P3 Lite;Funda;Transparente;2,95;;;
RL-P3L-FUN-LIB;realme;P3 Lite;Funda;Libro;3,70;;;
RL-P3L-FUN-ANT;realme;P3 Lite;Funda;Antigolpes;3,10;;;
RL-P4X-PRO-NA;realme;P4x;Cristal templado;Estándar;1,30;;;
RL-P4X-PRO-PRI;realme;P4x;Cristal templado;Privacidad;4,00;;;
RL-P4X-FUN-SIL;realme;P4x;Funda;Silicona;2,50;;;
RL-P4X-FUN-TPU;realme;P4x;Funda;Transparente;2,95;;;
RL-P4X-FUN-LIB;realme;P4x;Funda;Libro;3,70;;;
RL-P4X-FUN-ANT;realme;P4x;Funda;Antigolpes;3,10;;;
RL-P4L-PRO-NA;realme;P4 Lite;Cristal templado;Estándar;1,30;;;
RL-P4L-PRO-PRI;realme;P4 Lite;Cristal templado;Privacidad;4,00;;;
RL-P4L-FUN-SIL;realme;P4 Lite;Funda;Silicona;2,50;;;
RL-P4L-FUN-TPU;realme;P4 Lite;Funda;Transparente;2,95;;;
RL-P4L-FUN-LIB;realme;P4 Lite;Funda;Libro;3,70;;;
RL-P4L-FUN-ANT;realme;P4 Lite;Funda;Antigolpes;3,10;;;
RL-X2-PRO-NA;realme;X2;Cristal templado;Estándar;1,30;;;
RL-X2-PRO-PRI;realme;X2;Cristal templado;Privacidad;4,00;;;
RL-X2-FUN-SIL;realme;X2;Funda;Silicona;2,50;;;
RL-X2-FUN-TPU;realme;X2;Funda;Transparente;2,95;;;
RL-X2-FUN-LIB;realme;X2;Funda;Libro;3,70;;;
RL-X2-FUN-ANT;realme;X2;Funda;Antigolpes;3,10;;;
RL-X2-PCA-NA;realme;X2;Protector de cámara;Cristal;2,90;;;
RL-X2P-PRO-NA;realme;X2 Pro;Cristal templado;Estándar;1,30;;;
RL-X2P-PRO-PRI;realme;X2 Pro;Cristal templado;Privacidad;4,00;;;
RL-X2P-FUN-SIL;realme;X2 Pro;Funda;Silicona;2,50;;;
RL-X2P-FUN-TPU;realme;X2 Pro;Funda;Transparente;2,95;;;
RL-X2P-FUN-LIB;realme;X2 Pro;Funda;Libro;3,70;;;
RL-X2P-FUN-ANT;realme;X2 Pro;Funda;Antigolpes;3,10;;;
RL-X2P-PCA-NA;realme;X2 Pro;Protector de cámara;Cristal;2,90;;;
RL-X505-PRO-NA;realme;X50 5G;Cristal templado;Estándar;1,30;;;
RL-X505-PRO-PRI;realme;X50 5G;Cristal templado;Privacidad;4,00;;;
RL-X505-FUN-SIL;realme;X50 5G;Funda;Silicona;2,50;;;
RL-X505-FUN-TPU;realme;X50 5G;Funda;Transparente;2,95;;;
RL-X505-FUN-LIB;realme;X50 5G;Funda;Libro;3,70;;;
RL-X505-FUN-ANT;realme;X50 5G;Funda;Antigolpes;3,10;;;
RL-X505-PCA-NA;realme;X50 5G;Protector de cámara;Cristal;2,90;;;
RL-X50P5-PRO-NA;realme;X50 Pro 5G;Cristal templado;Estándar;1,30;;;
RL-X50P5-PRO-PRI;realme;X50 Pro 5G;Cristal templado;Privacidad;4,00;;;
RL-X50P5-FUN-SIL;realme;X50 Pro 5G;Funda;Silicona;2,50;;;
RL-X50P5-FUN-TPU;realme;X50 Pro 5G;Funda;Transparente;2,95;;;
RL-X50P5-FUN-LIB;realme;X50 Pro 5G;Funda;Libro;3,70;;;
RL-X50P5-FUN-ANT;realme;X50 Pro 5G;Funda;Antigolpes;3,10;;;
RL-X50P5-PCA-NA;realme;X50 Pro 5G;Protector de cámara;Cristal;2,90;;;
RL-X3SZ-PRO-NA;realme;X3 SuperZoom;Cristal templado;Estándar;1,30;;;
RL-X3SZ-PRO-PRI;realme;X3 SuperZoom;Cristal templado;Privacidad;4,00;;;
RL-X3SZ-FUN-SIL;realme;X3 SuperZoom;Funda;Silicona;2,50;;;
RL-X3SZ-FUN-TPU;realme;X3 SuperZoom;Funda;Transparente;2,95;;;
RL-X3SZ-FUN-LIB;realme;X3 SuperZoom;Funda;Libro;3,70;;;
RL-X3SZ-FUN-ANT;realme;X3 SuperZoom;Funda;Antigolpes;3,10;;;
RL-X3SZ-PCA-NA;realme;X3 SuperZoom;Protector de cámara;Cristal;2,90;;;
RL-C85P-PRO-NA;realme;C85 Pro;Cristal templado;Estándar;1,30;;;
RL-C85P-PRO-PRI;realme;C85 Pro;Cristal templado;Privacidad;4,00;;;
RL-C85P-FUN-SIL;realme;C85 Pro;Funda;Silicona;2,50;;;
RL-C85P-FUN-TPU;realme;C85 Pro;Funda;Transparente;2,95;;;
RL-C85P-FUN-LIB;realme;C85 Pro;Funda;Libro;3,70;;;
RL-C85P-FUN-ANT;realme;C85 Pro;Funda;Antigolpes;3,10;;;
RL-15L-PRO-NA;realme;15 Lite;Cristal templado;Estándar;1,30;;;
RL-15L-PRO-PRI;realme;15 Lite;Cristal templado;Privacidad;4,00;;;
RL-15L-FUN-SIL;realme;15 Lite;Funda;Silicona;2,50;;;
RL-15L-FUN-TPU;realme;15 Lite;Funda;Transparente;2,95;;;
RL-15L-FUN-LIB;realme;15 Lite;Funda;Libro;3,70;;;
RL-15L-FUN-ANT;realme;15 Lite;Funda;Antigolpes;3,10;;;
RL-15X-PRO-NA;realme;15x;Cristal templado;Estándar;1,30;;;
RL-15X-PRO-PRI;realme;15x;Cristal templado;Privacidad;4,00;;;
RL-15X-FUN-SIL;realme;15x;Funda;Silicona;2,50;;;
RL-15X-FUN-TPU;realme;15x;Funda;Transparente;2,95;;;
RL-15X-FUN-LIB;realme;15x;Funda;Libro;3,70;;;
RL-15X-FUN-ANT;realme;15x;Funda;Antigolpes;3,10;;;
RL-15T-PRO-NA;realme;15T;Cristal templado;Estándar;1,30;;;
RL-15T-PRO-PRI;realme;15T;Cristal templado;Privacidad;4,00;;;
RL-15T-FUN-SIL;realme;15T;Funda;Silicona;2,50;;;
RL-15T-FUN-TPU;realme;15T;Funda;Transparente;2,95;;;
RL-15T-FUN-LIB;realme;15T;Funda;Libro;3,70;;;
RL-15T-FUN-ANT;realme;15T;Funda;Antigolpes;3,10;;;
RL-15T-PCA-NA;realme;15T;Protector de cámara;Cristal;2,90;;;
RL-15-PRO-NA;realme;15;Cristal templado;Estándar;1,30;;;
RL-15-PRO-PRI;realme;15;Cristal templado;Privacidad;4,00;;;
RL-15-FUN-SIL;realme;15;Funda;Silicona;2,50;;;
RL-15-FUN-TPU;realme;15;Funda;Transparente;2,95;;;
RL-15-FUN-LIB;realme;15;Funda;Libro;3,70;;;
RL-15-FUN-ANT;realme;15;Funda;Antigolpes;3,10;;;
RL-15P-PRO-NA;realme;15 Pro;Cristal templado;Estándar;1,30;;;
RL-15P-PRO-PRI;realme;15 Pro;Cristal templado;Privacidad;4,00;;;
RL-15P-FUN-SIL;realme;15 Pro;Funda;Silicona;2,50;;;
RL-15P-FUN-TPU;realme;15 Pro;Funda;Transparente;2,95;;;
RL-15P-FUN-LIB;realme;15 Pro;Funda;Libro;3,70;;;
RL-15P-FUN-ANT;realme;15 Pro;Funda;Antigolpes;3,10;;;
RL-C73-PRO-NA;realme;C73;Cristal templado;Estándar;1,30;;;
RL-C73-PRO-PRI;realme;C73;Cristal templado;Privacidad;4,00;;;
RL-C73-FUN-SIL;realme;C73;Funda;Silicona;2,50;;;
RL-C73-FUN-TPU;realme;C73;Funda;Transparente;2,95;;;
RL-C73-FUN-LIB;realme;C73;Funda;Libro;3,70;;;
RL-C73-FUN-ANT;realme;C73;Funda;Antigolpes;3,10;;;
RL-C755-PRO-NA;realme;C75 5G;Cristal templado;Estándar;1,30;;;
RL-C755-PRO-PRI;realme;C75 5G;Cristal templado;Privacidad;4,00;;;
RL-C755-FUN-SIL;realme;C75 5G;Funda;Silicona;2,50;;;
RL-C755-FUN-TPU;realme;C75 5G;Funda;Transparente;2,95;;;
RL-C755-FUN-LIB;realme;C75 5G;Funda;Libro;3,70;;;
RL-C755-FUN-ANT;realme;C75 5G;Funda;Antigolpes;3,10;;;
RL-14PL-PRO-NA;realme;14 Pro Lite;Cristal templado;Estándar;1,30;;;
RL-14PL-PRO-PRI;realme;14 Pro Lite;Cristal templado;Privacidad;4,00;;;
RL-14PL-FUN-SIL;realme;14 Pro Lite;Funda;Silicona;2,50;;;
RL-14PL-FUN-TPU;realme;14 Pro Lite;Funda;Transparente;2,95;;;
RL-14PL-FUN-LIB;realme;14 Pro Lite;Funda;Libro;3,70;;;
RL-14PL-FUN-ANT;realme;14 Pro Lite;Funda;Antigolpes;3,10;;;
RL-14PL-PCA-NA;realme;14 Pro Lite;Protector de cámara;Cristal;2,90;;;
RL-C75X-PRO-NA;realme;C75x;Cristal templado;Estándar;1,30;;;
RL-C75X-PRO-PRI;realme;C75x;Cristal templado;Privacidad;4,00;;;
RL-C75X-FUN-SIL;realme;C75x;Funda;Silicona;2,50;;;
RL-C75X-FUN-TPU;realme;C75x;Funda;Transparente;2,95;;;
RL-C75X-FUN-LIB;realme;C75x;Funda;Libro;3,70;;;
RL-C75X-FUN-ANT;realme;C75x;Funda;Antigolpes;3,10;;;
RL-P3U-PRO-NA;realme;P3 Ultra;Cristal templado;Estándar;1,30;;;
RL-P3U-PRO-PRI;realme;P3 Ultra;Cristal templado;Privacidad;4,00;;;
RL-P3U-FUN-SIL;realme;P3 Ultra;Funda;Silicona;2,50;;;
RL-P3U-FUN-TPU;realme;P3 Ultra;Funda;Transparente;2,95;;;
RL-P3U-FUN-LIB;realme;P3 Ultra;Funda;Libro;3,70;;;
RL-P3U-FUN-ANT;realme;P3 Ultra;Funda;Antigolpes;3,10;;;
RL-P3U-PCA-NA;realme;P3 Ultra;Protector de cámara;Cristal;2,90;;;
RL-V70-PRO-NA;realme;V70;Cristal templado;Estándar;1,30;;;
RL-V70-PRO-PRI;realme;V70;Cristal templado;Privacidad;4,00;;;
RL-V70-FUN-SIL;realme;V70;Funda;Silicona;2,50;;;
RL-V70-FUN-TPU;realme;V70;Funda;Transparente;2,95;;;
RL-V70-FUN-LIB;realme;V70;Funda;Libro;3,70;;;
RL-V70-FUN-ANT;realme;V70;Funda;Antigolpes;3,10;;;
RL-V70S-PRO-NA;realme;V70s;Cristal templado;Estándar;1,30;;;
RL-V70S-PRO-PRI;realme;V70s;Cristal templado;Privacidad;4,00;;;
RL-V70S-FUN-SIL;realme;V70s;Funda;Silicona;2,50;;;
RL-V70S-FUN-TPU;realme;V70s;Funda;Transparente;2,95;;;
RL-V70S-FUN-LIB;realme;V70s;Funda;Libro;3,70;;;
RL-V70S-FUN-ANT;realme;V70s;Funda;Antigolpes;3,10;;;
RL-P3P-PRO-NA;realme;P3 Pro;Cristal templado;Estándar;1,30;;;
RL-P3P-PRO-PRI;realme;P3 Pro;Cristal templado;Privacidad;4,00;;;
RL-P3P-FUN-SIL;realme;P3 Pro;Funda;Silicona;2,50;;;
RL-P3P-FUN-TPU;realme;P3 Pro;Funda;Transparente;2,95;;;
RL-P3P-FUN-LIB;realme;P3 Pro;Funda;Libro;3,70;;;
RL-P3P-FUN-ANT;realme;P3 Pro;Funda;Antigolpes;3,10;;;
RL-P3P-PCA-NA;realme;P3 Pro;Protector de cámara;Cristal;2,90;;;
RL-P3X-PRO-NA;realme;P3x;Cristal templado;Estándar;1,30;;;
RL-P3X-PRO-PRI;realme;P3x;Cristal templado;Privacidad;4,00;;;
RL-P3X-FUN-SIL;realme;P3x;Funda;Silicona;2,50;;;
RL-P3X-FUN-TPU;realme;P3x;Funda;Transparente;2,95;;;
RL-P3X-FUN-LIB;realme;P3x;Funda;Libro;3,70;;;
RL-P3X-FUN-ANT;realme;P3x;Funda;Antigolpes;3,10;;;
RL-P3X-PCA-NA;realme;P3x;Protector de cámara;Cristal;2,90;;;
RL-NOTE60X-PRO-NA;realme;Note 60x;Cristal templado;Estándar;1,30;;;
RL-NOTE60X-PRO-PRI;realme;Note 60x;Cristal templado;Privacidad;4,00;;;
RL-NOTE60X-FUN-SIL;realme;Note 60x;Funda;Silicona;2,50;;;
RL-NOTE60X-FUN-TPU;realme;Note 60x;Funda;Transparente;2,95;;;
RL-NOTE60X-FUN-LIB;realme;Note 60x;Funda;Libro;3,70;;;
RL-NOTE60X-FUN-ANT;realme;Note 60x;Funda;Antigolpes;3,10;;;
RL-V60P-PRO-NA;realme;V60 Pro;Cristal templado;Estándar;1,30;;;
RL-V60P-PRO-PRI;realme;V60 Pro;Cristal templado;Privacidad;4,00;;;
RL-V60P-FUN-SIL;realme;V60 Pro;Funda;Silicona;2,50;;;
RL-V60P-FUN-TPU;realme;V60 Pro;Funda;Transparente;2,95;;;
RL-V60P-FUN-LIB;realme;V60 Pro;Funda;Libro;3,70;;;
RL-V60P-FUN-ANT;realme;V60 Pro;Funda;Antigolpes;3,10;;;
RL-135-PRO-NA;realme;13 5G;Cristal templado;Estándar;1,30;;;
RL-135-PRO-PRI;realme;13 5G;Cristal templado;Privacidad;4,00;;;
RL-135-FUN-SIL;realme;13 5G;Funda;Silicona;2,50;;;
RL-135-FUN-TPU;realme;13 5G;Funda;Transparente;2,95;;;
RL-135-FUN-LIB;realme;13 5G;Funda;Libro;3,70;;;
RL-135-FUN-ANT;realme;13 5G;Funda;Antigolpes;3,10;;;
RL-135-PCA-NA;realme;13 5G;Protector de cámara;Cristal;2,90;;;
RL-13PE-PRO-NA;realme;13 Pro Extreme;Cristal templado;Estándar;1,30;;;
RL-13PE-PRO-PRI;realme;13 Pro Extreme;Cristal templado;Privacidad;4,00;;;
RL-13PE-FUN-SIL;realme;13 Pro Extreme;Funda;Silicona;2,50;;;
RL-13PE-FUN-TPU;realme;13 Pro Extreme;Funda;Transparente;2,95;;;
RL-13PE-FUN-LIB;realme;13 Pro Extreme;Funda;Libro;3,70;;;
RL-13PE-FUN-ANT;realme;13 Pro Extreme;Funda;Antigolpes;3,10;;;
RL-13PE-PCA-NA;realme;13 Pro Extreme;Protector de cámara;Cristal;2,90;;;
RL-NARZO70T-PRO-NA;realme;narzo 70 Turbo;Cristal templado;Estándar;1,30;;;
RL-NARZO70T-PRO-PRI;realme;narzo 70 Turbo;Cristal templado;Privacidad;4,00;;;
RL-NARZO70T-FUN-SIL;realme;narzo 70 Turbo;Funda;Silicona;2,50;;;
RL-NARZO70T-FUN-TPU;realme;narzo 70 Turbo;Funda;Transparente;2,95;;;
RL-NARZO70T-FUN-LIB;realme;narzo 70 Turbo;Funda;Libro;3,70;;;
RL-NARZO70T-FUN-ANT;realme;narzo 70 Turbo;Funda;Antigolpes;3,10;;;
RL-P2P-PRO-NA;realme;P2 Pro;Cristal templado;Estándar;1,30;;;
RL-P2P-PRO-PRI;realme;P2 Pro;Cristal templado;Privacidad;4,00;;;
RL-P2P-FUN-SIL;realme;P2 Pro;Funda;Silicona;2,50;;;
RL-P2P-FUN-TPU;realme;P2 Pro;Funda;Transparente;2,95;;;
RL-P2P-FUN-LIB;realme;P2 Pro;Funda;Libro;3,70;;;
RL-P2P-FUN-ANT;realme;P2 Pro;Funda;Antigolpes;3,10;;;
RL-P2P-PCA-NA;realme;P2 Pro;Protector de cámara;Cristal;2,90;;;
RL-13-PRO-NA;realme;13;Cristal templado;Estándar;1,30;;;
RL-13-PRO-PRI;realme;13;Cristal templado;Privacidad;4,00;;;
RL-13-FUN-SIL;realme;13;Funda;Silicona;2,50;;;
RL-13-FUN-TPU;realme;13;Funda;Transparente;2,95;;;
RL-13-FUN-LIB;realme;13;Funda;Libro;3,70;;;
RL-13-FUN-ANT;realme;13;Funda;Antigolpes;3,10;;;
RL-13-PCA-NA;realme;13;Protector de cámara;Cristal;2,90;;;
RL-13PPL-PRO-NA;realme;13 Pro+;Cristal templado;Estándar;1,30;;;
RL-13PPL-PRO-PRI;realme;13 Pro+;Cristal templado;Privacidad;4,00;;;
RL-13PPL-FUN-SIL;realme;13 Pro+;Funda;Silicona;2,50;;;
RL-13PPL-FUN-TPU;realme;13 Pro+;Funda;Transparente;2,95;;;
RL-13PPL-FUN-LIB;realme;13 Pro+;Funda;Libro;3,70;;;
RL-13PPL-FUN-ANT;realme;13 Pro+;Funda;Antigolpes;3,10;;;
RL-13PPL-PCA-NA;realme;13 Pro+;Protector de cámara;Cristal;2,90;;;
RL-C635-PRO-NA;realme;C63 5G;Cristal templado;Estándar;1,30;;;
RL-C635-PRO-PRI;realme;C63 5G;Cristal templado;Privacidad;4,00;;;
RL-C635-FUN-SIL;realme;C63 5G;Funda;Silicona;2,50;;;
RL-C635-FUN-TPU;realme;C63 5G;Funda;Transparente;2,95;;;
RL-C635-FUN-LIB;realme;C63 5G;Funda;Libro;3,70;;;
RL-C635-FUN-ANT;realme;C63 5G;Funda;Antigolpes;3,10;;;
RL-GTNEO6-PRO-NA;realme;GT Neo 6;Cristal templado;Estándar;1,30;;;
RL-GTNEO6-PRO-PRI;realme;GT Neo 6;Cristal templado;Privacidad;4,00;;;
RL-GTNEO6-FUN-SIL;realme;GT Neo 6;Funda;Silicona;2,50;;;
RL-GTNEO6-FUN-TPU;realme;GT Neo 6;Funda;Transparente;2,95;;;
RL-GTNEO6-FUN-LIB;realme;GT Neo 6;Funda;Libro;3,70;;;
RL-GTNEO6-FUN-ANT;realme;GT Neo 6;Funda;Antigolpes;3,10;;;
RL-GTNEO6-PCA-NA;realme;GT Neo 6;Protector de cámara;Cristal;2,90;;;
RL-GTNEO6S2-PRO-NA;realme;GT Neo 6 SE;Cristal templado;Estándar;1,30;;;
RL-GTNEO6S2-PRO-PRI;realme;GT Neo 6 SE;Cristal templado;Privacidad;4,00;;;
RL-GTNEO6S2-FUN-SIL;realme;GT Neo 6 SE;Funda;Silicona;2,50;;;
RL-GTNEO6S2-FUN-TPU;realme;GT Neo 6 SE;Funda;Transparente;2,95;;;
RL-GTNEO6S2-FUN-LIB;realme;GT Neo 6 SE;Funda;Libro;3,70;;;
RL-GTNEO6S2-FUN-ANT;realme;GT Neo 6 SE;Funda;Antigolpes;3,10;;;
RL-GTNEO6S2-PCA-NA;realme;GT Neo 6 SE;Protector de cámara;Cristal;2,90;;;
RL-N70-PRO-NA;realme;narzo 70;Cristal templado;Estándar;1,30;;;
RL-N70-PRO-PRI;realme;narzo 70;Cristal templado;Privacidad;4,00;;;
RL-N70-FUN-SIL;realme;narzo 70;Funda;Silicona;2,50;;;
RL-N70-FUN-TPU;realme;narzo 70;Funda;Transparente;2,95;;;
RL-N70-FUN-LIB;realme;narzo 70;Funda;Libro;3,70;;;
RL-N70-FUN-ANT;realme;narzo 70;Funda;Antigolpes;3,10;;;
RL-N70-PCA-NA;realme;narzo 70;Protector de cámara;Cristal;2,90;;;
RL-N70X-PRO-NA;realme;narzo 70x;Cristal templado;Estándar;1,30;;;
RL-N70X-PRO-PRI;realme;narzo 70x;Cristal templado;Privacidad;4,00;;;
RL-N70X-FUN-SIL;realme;narzo 70x;Funda;Silicona;2,50;;;
RL-N70X-FUN-TPU;realme;narzo 70x;Funda;Transparente;2,95;;;
RL-N70X-FUN-LIB;realme;narzo 70x;Funda;Libro;3,70;;;
RL-N70X-FUN-ANT;realme;narzo 70x;Funda;Antigolpes;3,10;;;
RL-N70X-PCA-NA;realme;narzo 70x;Protector de cámara;Cristal;2,90;;;
RL-P1-PRO-NA;realme;P1;Cristal templado;Estándar;1,30;;;
RL-P1-PRO-PRI;realme;P1;Cristal templado;Privacidad;4,00;;;
RL-P1-FUN-SIL;realme;P1;Funda;Silicona;2,50;;;
RL-P1-FUN-TPU;realme;P1;Funda;Transparente;2,95;;;
RL-P1-FUN-LIB;realme;P1;Funda;Libro;3,70;;;
RL-P1-FUN-ANT;realme;P1;Funda;Antigolpes;3,10;;;
RL-P1-PCA-NA;realme;P1;Protector de cámara;Cristal;2,90;;;
RL-P1P-PRO-NA;realme;P1 Pro;Cristal templado;Estándar;1,30;;;
RL-P1P-PRO-PRI;realme;P1 Pro;Cristal templado;Privacidad;4,00;;;
RL-P1P-FUN-SIL;realme;P1 Pro;Funda;Silicona;2,50;;;
RL-P1P-FUN-TPU;realme;P1 Pro;Funda;Transparente;2,95;;;
RL-P1P-FUN-LIB;realme;P1 Pro;Funda;Libro;3,70;;;
RL-P1P-FUN-ANT;realme;P1 Pro;Funda;Antigolpes;3,10;;;
RL-P1P-PCA-NA;realme;P1 Pro;Protector de cámara;Cristal;2,90;;;
RL-V50-PRO-NA;realme;V50;Cristal templado;Estándar;1,30;;;
RL-V50-PRO-PRI;realme;V50;Cristal templado;Privacidad;4,00;;;
RL-V50-FUN-SIL;realme;V50;Funda;Silicona;2,50;;;
RL-V50-FUN-TPU;realme;V50;Funda;Transparente;2,95;;;
RL-V50-FUN-LIB;realme;V50;Funda;Libro;3,70;;;
RL-V50-FUN-ANT;realme;V50;Funda;Antigolpes;3,10;;;
RL-V50-PCA-NA;realme;V50;Protector de cámara;Cristal;2,90;;;
RL-V50S-PRO-NA;realme;V50s;Cristal templado;Estándar;1,30;;;
RL-V50S-PRO-PRI;realme;V50s;Cristal templado;Privacidad;4,00;;;
RL-V50S-FUN-SIL;realme;V50s;Funda;Silicona;2,50;;;
RL-V50S-FUN-TPU;realme;V50s;Funda;Transparente;2,95;;;
RL-V50S-FUN-LIB;realme;V50s;Funda;Libro;3,70;;;
RL-V50S-FUN-ANT;realme;V50s;Funda;Antigolpes;3,10;;;
RL-V50S-PCA-NA;realme;V50s;Protector de cámara;Cristal;2,90;;;
RL-N60X-PRO-NA;realme;narzo 60x;Cristal templado;Estándar;1,30;;;
RL-N60X-PRO-PRI;realme;narzo 60x;Cristal templado;Privacidad;4,00;;;
RL-N60X-FUN-SIL;realme;narzo 60x;Funda;Silicona;2,50;;;
RL-N60X-FUN-TPU;realme;narzo 60x;Funda;Transparente;2,95;;;
RL-N60X-FUN-LIB;realme;narzo 60x;Funda;Libro;3,70;;;
RL-N60X-FUN-ANT;realme;narzo 60x;Funda;Antigolpes;3,10;;;
RL-N60X-PCA-NA;realme;narzo 60x;Protector de cámara;Cristal;2,90;;;
RL-11X-PRO-NA;realme;11x;Cristal templado;Estándar;1,30;;;
RL-11X-PRO-PRI;realme;11x;Cristal templado;Privacidad;4,00;;;
RL-11X-FUN-SIL;realme;11x;Funda;Silicona;2,50;;;
RL-11X-FUN-TPU;realme;11x;Funda;Transparente;2,95;;;
RL-11X-FUN-LIB;realme;11x;Funda;Libro;3,70;;;
RL-11X-FUN-ANT;realme;11x;Funda;Antigolpes;3,10;;;
RL-11X-PCA-NA;realme;11x;Protector de cámara;Cristal;2,90;;;
RL-GT52-PRO-NA;realme;GT5;Cristal templado;Estándar;1,30;;;
RL-GT52-PRO-PRI;realme;GT5;Cristal templado;Privacidad;4,00;;;
RL-GT52-FUN-SIL;realme;GT5;Funda;Silicona;2,50;;;
RL-GT52-FUN-TPU;realme;GT5;Funda;Transparente;2,95;;;
RL-GT52-FUN-LIB;realme;GT5;Funda;Libro;3,70;;;
RL-GT52-FUN-ANT;realme;GT5;Funda;Antigolpes;3,10;;;
RL-GT52-PCA-NA;realme;GT5;Protector de cámara;Cristal;2,90;;;
RL-GT5240W-PRO-NA;realme;GT5 240W;Cristal templado;Estándar;1,30;;;
RL-GT5240W-PRO-PRI;realme;GT5 240W;Cristal templado;Privacidad;4,00;;;
RL-GT5240W-FUN-SIL;realme;GT5 240W;Funda;Silicona;2,50;;;
RL-GT5240W-FUN-TPU;realme;GT5 240W;Funda;Transparente;2,95;;;
RL-GT5240W-FUN-LIB;realme;GT5 240W;Funda;Libro;3,70;;;
RL-GT5240W-FUN-ANT;realme;GT5 240W;Funda;Antigolpes;3,10;;;
RL-GT5240W-PCA-NA;realme;GT5 240W;Protector de cámara;Cristal;2,90;;;
RL-GT5P-PRO-NA;realme;GT5 Pro;Cristal templado;Estándar;1,30;;;
RL-GT5P-PRO-NA-FG;realme;GT5 Pro;Cristal templado;UV full glue;4,15;;;
RL-GT5P-PRO-PRI;realme;GT5 Pro;Cristal templado;Privacidad;4,00;;;
RL-GT5P-FUN-SIL;realme;GT5 Pro;Funda;Silicona;2,50;;;
RL-GT5P-FUN-TPU;realme;GT5 Pro;Funda;Transparente;2,95;;;
RL-GT5P-FUN-LIB;realme;GT5 Pro;Funda;Libro;3,70;;;
RL-GT5P-FUN-ANT;realme;GT5 Pro;Funda;Antigolpes;3,10;;;
RL-GT5P-PCA-NA;realme;GT5 Pro;Protector de cámara;Cristal;2,90;;;
RL-NARZO60-PRO-NA;realme;narzo 60;Cristal templado;Estándar;1,30;;;
RL-NARZO60-PRO-PRI;realme;narzo 60;Cristal templado;Privacidad;4,00;;;
RL-NARZO60-FUN-SIL;realme;narzo 60;Funda;Silicona;2,50;;;
RL-NARZO60-FUN-TPU;realme;narzo 60;Funda;Transparente;2,95;;;
RL-NARZO60-FUN-LIB;realme;narzo 60;Funda;Libro;3,70;;;
RL-NARZO60-FUN-ANT;realme;narzo 60;Funda;Antigolpes;3,10;;;
RL-NARZO60-PCA-NA;realme;narzo 60;Protector de cámara;Cristal;2,90;;;
RL-GTNEO5SE-PRO-NA;realme;GT Neo5 SE;Cristal templado;Estándar;1,30;;;
RL-GTNEO5SE-PRO-PRI;realme;GT Neo5 SE;Cristal templado;Privacidad;4,00;;;
RL-GTNEO5SE-FUN-SIL;realme;GT Neo5 SE;Funda;Silicona;2,50;;;
RL-GTNEO5SE-FUN-TPU;realme;GT Neo5 SE;Funda;Transparente;2,95;;;
RL-GTNEO5SE-FUN-LIB;realme;GT Neo5 SE;Funda;Libro;3,70;;;
RL-GTNEO5SE-FUN-ANT;realme;GT Neo5 SE;Funda;Antigolpes;3,10;;;
RL-GTNEO5SE-PCA-NA;realme;GT Neo5 SE;Protector de cámara;Cristal;2,90;;;
RL-10T-PRO-NA;realme;10T;Cristal templado;Estándar;1,30;;;
RL-10T-PRO-PRI;realme;10T;Cristal templado;Privacidad;4,00;;;
RL-10T-FUN-SIL;realme;10T;Funda;Silicona;2,50;;;
RL-10T-FUN-TPU;realme;10T;Funda;Transparente;2,95;;;
RL-10T-FUN-LIB;realme;10T;Funda;Libro;3,70;;;
RL-10T-FUN-ANT;realme;10T;Funda;Antigolpes;3,10;;;
RL-C3323-PRO-NA;realme;C33 2023;Cristal templado;Estándar;1,30;;;
RL-C3323-PRO-PRI;realme;C33 2023;Cristal templado;Privacidad;4,00;;;
RL-C3323-FUN-SIL;realme;C33 2023;Funda;Silicona;2,50;;;
RL-C3323-FUN-TPU;realme;C33 2023;Funda;Transparente;2,95;;;
RL-C3323-FUN-LIB;realme;C33 2023;Funda;Libro;3,70;;;
RL-C3323-FUN-ANT;realme;C33 2023;Funda;Antigolpes;3,10;;;
RL-C3323-PCA-NA;realme;C33 2023;Protector de cámara;Cristal;2,90;;;
RL-C51S-PRO-NA;realme;C51s;Cristal templado;Estándar;1,30;;;
RL-C51S-PRO-PRI;realme;C51s;Cristal templado;Privacidad;4,00;;;
RL-C51S-FUN-SIL;realme;C51s;Funda;Silicona;2,50;;;
RL-C51S-FUN-TPU;realme;C51s;Funda;Transparente;2,95;;;
RL-C51S-FUN-LIB;realme;C51s;Funda;Libro;3,70;;;
RL-C51S-FUN-ANT;realme;C51s;Funda;Antigolpes;3,10;;;
RL-C51S-PCA-NA;realme;C51s;Protector de cámara;Cristal;2,90;;;
RL-GTNEO524-PRO-NA;realme;GT Neo5 240 W;Cristal templado;Estándar;1,30;;;
RL-GTNEO524-PRO-PRI;realme;GT Neo5 240 W;Cristal templado;Privacidad;4,00;;;
RL-GTNEO524-FUN-SIL;realme;GT Neo5 240 W;Funda;Silicona;2,50;;;
RL-GTNEO524-FUN-TPU;realme;GT Neo5 240 W;Funda;Transparente;2,95;;;
RL-GTNEO524-FUN-LIB;realme;GT Neo5 240 W;Funda;Libro;3,70;;;
RL-GTNEO524-FUN-ANT;realme;GT Neo5 240 W;Funda;Antigolpes;3,10;;;
RL-GTNEO524-PCA-NA;realme;GT Neo5 240 W;Protector de cámara;Cristal;2,90;;;
RL-V30-PRO-NA;realme;V30;Cristal templado;Estándar;1,30;;;
RL-V30-PRO-PRI;realme;V30;Cristal templado;Privacidad;4,00;;;
RL-V30-FUN-SIL;realme;V30;Funda;Silicona;2,50;;;
RL-V30-FUN-TPU;realme;V30;Funda;Transparente;2,95;;;
RL-V30-FUN-LIB;realme;V30;Funda;Libro;3,70;;;
RL-V30-FUN-ANT;realme;V30;Funda;Antigolpes;3,10;;;
RL-V30-PCA-NA;realme;V30;Protector de cámara;Cristal;2,90;;;
RL-V30T-PRO-NA;realme;V30t;Cristal templado;Estándar;1,30;;;
RL-V30T-PRO-PRI;realme;V30t;Cristal templado;Privacidad;4,00;;;
RL-V30T-FUN-SIL;realme;V30t;Funda;Silicona;2,50;;;
RL-V30T-FUN-TPU;realme;V30t;Funda;Transparente;2,95;;;
RL-V30T-FUN-LIB;realme;V30t;Funda;Libro;3,70;;;
RL-V30T-FUN-ANT;realme;V30t;Funda;Antigolpes;3,10;;;
RL-V30T-PCA-NA;realme;V30t;Protector de cámara;Cristal;2,90;;;
RL-10S-PRO-NA;realme;10s;Cristal templado;Estándar;1,30;;;
RL-10S-PRO-PRI;realme;10s;Cristal templado;Privacidad;4,00;;;
RL-10S-FUN-SIL;realme;10s;Funda;Silicona;2,50;;;
RL-10S-FUN-TPU;realme;10s;Funda;Transparente;2,95;;;
RL-10S-FUN-LIB;realme;10s;Funda;Libro;3,70;;;
RL-10S-FUN-ANT;realme;10s;Funda;Antigolpes;3,10;;;
RL-10S-PCA-NA;realme;10s;Protector de cámara;Cristal;2,90;;;
RL-10P-PRO-NA;realme;10 Pro;Cristal templado;Estándar;1,30;;;
RL-10P-PRO-PRI;realme;10 Pro;Cristal templado;Privacidad;4,00;;;
RL-10P-FUN-SIL;realme;10 Pro;Funda;Silicona;2,50;;;
RL-10P-FUN-TPU;realme;10 Pro;Funda;Transparente;2,95;;;
RL-10P-FUN-LIB;realme;10 Pro;Funda;Libro;3,70;;;
RL-10P-FUN-ANT;realme;10 Pro;Funda;Antigolpes;3,10;;;
RL-10P-PCA-NA;realme;10 Pro;Protector de cámara;Cristal;2,90;;;
RL-10PPL-PRO-NA;realme;10 Pro+;Cristal templado;Estándar;1,30;;;
RL-10PPL-PRO-PRI;realme;10 Pro+;Cristal templado;Privacidad;4,00;;;
RL-10PPL-FUN-SIL;realme;10 Pro+;Funda;Silicona;2,50;;;
RL-10PPL-FUN-TPU;realme;10 Pro+;Funda;Transparente;2,95;;;
RL-10PPL-FUN-LIB;realme;10 Pro+;Funda;Libro;3,70;;;
RL-10PPL-FUN-ANT;realme;10 Pro+;Funda;Antigolpes;3,10;;;
RL-10PPL-PCA-NA;realme;10 Pro+;Protector de cámara;Cristal;2,90;;;
RL-C30S-PRO-NA;realme;C30s;Cristal templado;Estándar;1,30;;;
RL-C30S-PRO-PRI;realme;C30s;Cristal templado;Privacidad;4,00;;;
RL-C30S-FUN-SIL;realme;C30s;Funda;Silicona;2,50;;;
RL-C30S-FUN-TPU;realme;C30s;Funda;Transparente;2,95;;;
RL-C30S-FUN-LIB;realme;C30s;Funda;Libro;3,70;;;
RL-C30S-FUN-ANT;realme;C30s;Funda;Antigolpes;3,10;;;
RL-GT2EME-PRO-NA;realme;GT2 Explorer Master Edition;Cristal templado;Estándar;1,30;;;
RL-GT2EME-PRO-PRI;realme;GT2 Explorer Master Edition;Cristal templado;Privacidad;4,00;;;
RL-GT2EME-FUN-SIL;realme;GT2 Explorer Master Edition;Funda;Silicona;2,50;;;
RL-GT2EME-FUN-TPU;realme;GT2 Explorer Master Edition;Funda;Transparente;2,95;;;
RL-GT2EME-FUN-LIB;realme;GT2 Explorer Master Edition;Funda;Libro;3,70;;;
RL-GT2EME-FUN-ANT;realme;GT2 Explorer Master Edition;Funda;Antigolpes;3,10;;;
RL-GT2EME-PCA-NA;realme;GT2 Explorer Master Edition;Protector de cámara;Cristal;2,90;;;
RL-Q5X-PRO-NA;realme;Q5x;Cristal templado;Estándar;1,30;;;
RL-Q5X-PRO-PRI;realme;Q5x;Cristal templado;Privacidad;4,00;;;
RL-Q5X-FUN-SIL;realme;Q5x;Funda;Silicona;2,50;;;
RL-Q5X-FUN-TPU;realme;Q5x;Funda;Transparente;2,95;;;
RL-Q5X-FUN-LIB;realme;Q5x;Funda;Libro;3,70;;;
RL-Q5X-FUN-ANT;realme;Q5x;Funda;Antigolpes;3,10;;;
RL-Q5X-PCA-NA;realme;Q5x;Protector de cámara;Cristal;2,90;;;
RL-V20-PRO-NA;realme;V20;Cristal templado;Estándar;1,30;;;
RL-V20-PRO-PRI;realme;V20;Cristal templado;Privacidad;4,00;;;
RL-V20-FUN-SIL;realme;V20;Funda;Silicona;2,50;;;
RL-V20-FUN-TPU;realme;V20;Funda;Transparente;2,95;;;
RL-V20-FUN-LIB;realme;V20;Funda;Libro;3,70;;;
RL-V20-FUN-ANT;realme;V20;Funda;Antigolpes;3,10;;;
RL-V20-PCA-NA;realme;V20;Protector de cámara;Cristal;2,90;;;
RL-N50P-PRO-NA;realme;narzo 50 Pro;Cristal templado;Estándar;1,30;;;
RL-N50P-PRO-PRI;realme;narzo 50 Pro;Cristal templado;Privacidad;4,00;;;
RL-N50P-FUN-SIL;realme;narzo 50 Pro;Funda;Silicona;2,50;;;
RL-N50P-FUN-TPU;realme;narzo 50 Pro;Funda;Transparente;2,95;;;
RL-N50P-FUN-LIB;realme;narzo 50 Pro;Funda;Libro;3,70;;;
RL-N50P-FUN-ANT;realme;narzo 50 Pro;Funda;Antigolpes;3,10;;;
RL-N50P-PCA-NA;realme;narzo 50 Pro;Protector de cámara;Cristal;2,90;;;
RL-V23I-PRO-NA;realme;V23i;Cristal templado;Estándar;1,30;;;
RL-V23I-PRO-PRI;realme;V23i;Cristal templado;Privacidad;4,00;;;
RL-V23I-FUN-SIL;realme;V23i;Funda;Silicona;2,50;;;
RL-V23I-FUN-TPU;realme;V23i;Funda;Transparente;2,95;;;
RL-V23I-FUN-LIB;realme;V23i;Funda;Libro;3,70;;;
RL-V23I-FUN-ANT;realme;V23i;Funda;Antigolpes;3,10;;;
RL-V23I-PCA-NA;realme;V23i;Protector de cámara;Cristal;2,90;;;
RL-Q5-PRO-NA;realme;Q5;Cristal templado;Estándar;1,30;;;
RL-Q5-PRO-PRI;realme;Q5;Cristal templado;Privacidad;4,00;;;
RL-Q5-FUN-SIL;realme;Q5;Funda;Silicona;2,50;;;
RL-Q5-FUN-TPU;realme;Q5;Funda;Transparente;2,95;;;
RL-Q5-FUN-LIB;realme;Q5;Funda;Libro;3,70;;;
RL-Q5-FUN-ANT;realme;Q5;Funda;Antigolpes;3,10;;;
RL-Q5P-PRO-NA;realme;Q5 Pro;Cristal templado;Estándar;1,30;;;
RL-Q5P-PRO-PRI;realme;Q5 Pro;Cristal templado;Privacidad;4,00;;;
RL-Q5P-FUN-SIL;realme;Q5 Pro;Funda;Silicona;2,50;;;
RL-Q5P-FUN-TPU;realme;Q5 Pro;Funda;Transparente;2,95;;;
RL-Q5P-FUN-LIB;realme;Q5 Pro;Funda;Libro;3,70;;;
RL-Q5P-FUN-ANT;realme;Q5 Pro;Funda;Antigolpes;3,10;;;
RL-Q5I-PRO-NA;realme;Q5i;Cristal templado;Estándar;1,30;;;
RL-Q5I-PRO-PRI;realme;Q5i;Cristal templado;Privacidad;4,00;;;
RL-Q5I-FUN-SIL;realme;Q5i;Funda;Silicona;2,50;;;
RL-Q5I-FUN-TPU;realme;Q5i;Funda;Transparente;2,95;;;
RL-Q5I-FUN-LIB;realme;Q5i;Funda;Libro;3,70;;;
RL-Q5I-FUN-ANT;realme;Q5i;Funda;Antigolpes;3,10;;;
RL-Q5I-PCA-NA;realme;Q5i;Protector de cámara;Cristal;2,90;;;
RL-V23-PRO-NA;realme;V23;Cristal templado;Estándar;1,30;;;
RL-V23-PRO-PRI;realme;V23;Cristal templado;Privacidad;4,00;;;
RL-V23-FUN-SIL;realme;V23;Funda;Silicona;2,50;;;
RL-V23-FUN-TPU;realme;V23;Funda;Transparente;2,95;;;
RL-V23-FUN-LIB;realme;V23;Funda;Libro;3,70;;;
RL-V23-FUN-ANT;realme;V23;Funda;Antigolpes;3,10;;;
RL-95SE-PRO-NA;realme;9 5G Speed Edition;Cristal templado;Estándar;1,30;;;
RL-95SE-PRO-PRI;realme;9 5G Speed Edition;Cristal templado;Privacidad;4,00;;;
RL-95SE-FUN-SIL;realme;9 5G Speed Edition;Funda;Silicona;2,50;;;
RL-95SE-FUN-TPU;realme;9 5G Speed Edition;Funda;Transparente;2,95;;;
RL-95SE-FUN-LIB;realme;9 5G Speed Edition;Funda;Libro;3,70;;;
RL-95SE-FUN-ANT;realme;9 5G Speed Edition;Funda;Antigolpes;3,10;;;
RL-95SE-PCA-NA;realme;9 5G Speed Edition;Protector de cámara;Cristal;2,90;;;
RL-V25-PRO-NA;realme;V25;Cristal templado;Estándar;1,30;;;
RL-V25-PRO-PRI;realme;V25;Cristal templado;Privacidad;4,00;;;
RL-V25-FUN-SIL;realme;V25;Funda;Silicona;2,50;;;
RL-V25-FUN-TPU;realme;V25;Funda;Transparente;2,95;;;
RL-V25-FUN-LIB;realme;V25;Funda;Libro;3,70;;;
RL-V25-FUN-ANT;realme;V25;Funda;Antigolpes;3,10;;;
RL-V25-PCA-NA;realme;V25;Protector de cámara;Cristal;2,90;;;
RL-Q3S-PRO-NA;realme;Q3s;Cristal templado;Estándar;1,30;;;
RL-Q3S-PRO-PRI;realme;Q3s;Cristal templado;Privacidad;4,00;;;
RL-Q3S-FUN-SIL;realme;Q3s;Funda;Silicona;2,50;;;
RL-Q3S-FUN-TPU;realme;Q3s;Funda;Transparente;2,95;;;
RL-Q3S-FUN-LIB;realme;Q3s;Funda;Libro;3,70;;;
RL-Q3S-FUN-ANT;realme;Q3s;Funda;Antigolpes;3,10;;;
RL-Q3S-PCA-NA;realme;Q3s;Protector de cámara;Cristal;2,90;;;
RL-Q3T-PRO-NA;realme;Q3t;Cristal templado;Estándar;1,30;;;
RL-Q3T-PRO-PRI;realme;Q3t;Cristal templado;Privacidad;4,00;;;
RL-Q3T-FUN-SIL;realme;Q3t;Funda;Silicona;2,50;;;
RL-Q3T-FUN-TPU;realme;Q3t;Funda;Transparente;2,95;;;
RL-Q3T-FUN-LIB;realme;Q3t;Funda;Libro;3,70;;;
RL-Q3T-FUN-ANT;realme;Q3t;Funda;Antigolpes;3,10;;;
RL-Q3T-PCA-NA;realme;Q3t;Protector de cámara;Cristal;2,90;;;
RL-GTNEO2T-PRO-NA;realme;GT Neo2T;Cristal templado;Estándar;1,30;;;
RL-GTNEO2T-PRO-PRI;realme;GT Neo2T;Cristal templado;Privacidad;4,00;;;
RL-GTNEO2T-FUN-SIL;realme;GT Neo2T;Funda;Silicona;2,50;;;
RL-GTNEO2T-FUN-TPU;realme;GT Neo2T;Funda;Transparente;2,95;;;
RL-GTNEO2T-FUN-LIB;realme;GT Neo2T;Funda;Libro;3,70;;;
RL-GTNEO2T-FUN-ANT;realme;GT Neo2T;Funda;Antigolpes;3,10;;;
RL-GTNEO2T-PCA-NA;realme;GT Neo2T;Protector de cámara;Cristal;2,90;;;
RL-N50A-PRO-NA;realme;narzo 50A;Cristal templado;Estándar;1,30;;;
RL-N50A-PRO-PRI;realme;narzo 50A;Cristal templado;Privacidad;4,00;;;
RL-N50A-FUN-SIL;realme;narzo 50A;Funda;Silicona;2,50;;;
RL-N50A-FUN-TPU;realme;narzo 50A;Funda;Transparente;2,95;;;
RL-N50A-FUN-LIB;realme;narzo 50A;Funda;Libro;3,70;;;
RL-N50A-FUN-ANT;realme;narzo 50A;Funda;Antigolpes;3,10;;;
RL-N50A-PCA-NA;realme;narzo 50A;Protector de cámara;Cristal;2,90;;;
RL-V11S-PRO-NA;realme;V11s;Cristal templado;Estándar;1,30;;;
RL-V11S-PRO-PRI;realme;V11s;Cristal templado;Privacidad;4,00;;;
RL-V11S-FUN-SIL;realme;V11s;Funda;Silicona;2,50;;;
RL-V11S-FUN-TPU;realme;V11s;Funda;Transparente;2,95;;;
RL-V11S-FUN-LIB;realme;V11s;Funda;Libro;3,70;;;
RL-V11S-FUN-ANT;realme;V11s;Funda;Antigolpes;3,10;;;
RL-V11S-PCA-NA;realme;V11s;Protector de cámara;Cristal;2,90;;;
RL-GTEME-PRO-NA;realme;GT Explorer Master Edition;Cristal templado;Estándar;1,30;;;
RL-GTEME-PRO-PRI;realme;GT Explorer Master Edition;Cristal templado;Privacidad;4,00;;;
RL-GTEME-FUN-SIL;realme;GT Explorer Master Edition;Funda;Silicona;2,50;;;
RL-GTEME-FUN-TPU;realme;GT Explorer Master Edition;Funda;Transparente;2,95;;;
RL-GTEME-FUN-LIB;realme;GT Explorer Master Edition;Funda;Libro;3,70;;;
RL-GTEME-FUN-ANT;realme;GT Explorer Master Edition;Funda;Antigolpes;3,10;;;
RL-GTEME-PCA-NA;realme;GT Explorer Master Edition;Protector de cámara;Cristal;2,90;;;
RL-C25S-PRO-NA;realme;C25s;Cristal templado;Estándar;1,30;;;
RL-C25S-PRO-PRI;realme;C25s;Cristal templado;Privacidad;4,00;;;
RL-C25S-FUN-SIL;realme;C25s;Funda;Silicona;2,50;;;
RL-C25S-FUN-TPU;realme;C25s;Funda;Transparente;2,95;;;
RL-C25S-FUN-LIB;realme;C25s;Funda;Libro;3,70;;;
RL-C25S-FUN-ANT;realme;C25s;Funda;Antigolpes;3,10;;;
RL-C25S-PCA-NA;realme;C25s;Protector de cámara;Cristal;2,90;;;
RL-GTNEOF-PRO-NA;realme;GT Neo Flash;Cristal templado;Estándar;1,30;;;
RL-GTNEOF-PRO-PRI;realme;GT Neo Flash;Cristal templado;Privacidad;4,00;;;
RL-GTNEOF-FUN-SIL;realme;GT Neo Flash;Funda;Silicona;2,50;;;
RL-GTNEOF-FUN-TPU;realme;GT Neo Flash;Funda;Transparente;2,95;;;
RL-GTNEOF-FUN-LIB;realme;GT Neo Flash;Funda;Libro;3,70;;;
RL-GTNEOF-FUN-ANT;realme;GT Neo Flash;Funda;Antigolpes;3,10;;;
RL-GTNEOF-PCA-NA;realme;GT Neo Flash;Protector de cámara;Cristal;2,90;;;
RL-Q3PC-PRO-NA;realme;Q3 Pro Carnival;Cristal templado;Estándar;1,30;;;
RL-Q3PC-PRO-PRI;realme;Q3 Pro Carnival;Cristal templado;Privacidad;4,00;;;
RL-Q3PC-FUN-SIL;realme;Q3 Pro Carnival;Funda;Silicona;2,50;;;
RL-Q3PC-FUN-TPU;realme;Q3 Pro Carnival;Funda;Transparente;2,95;;;
RL-Q3PC-FUN-LIB;realme;Q3 Pro Carnival;Funda;Libro;3,70;;;
RL-Q3PC-FUN-ANT;realme;Q3 Pro Carnival;Funda;Antigolpes;3,10;;;
RL-Q3PS-PRO-NA;realme;Q3 Pro Special;Cristal templado;Estándar;1,30;;;
RL-Q3PS-PRO-PRI;realme;Q3 Pro Special;Cristal templado;Privacidad;4,00;;;
RL-Q3PS-FUN-SIL;realme;Q3 Pro Special;Funda;Silicona;2,50;;;
RL-Q3PS-FUN-TPU;realme;Q3 Pro Special;Funda;Transparente;2,95;;;
RL-Q3PS-FUN-LIB;realme;Q3 Pro Special;Funda;Libro;3,70;;;
RL-Q3PS-FUN-ANT;realme;Q3 Pro Special;Funda;Antigolpes;3,10;;;
RL-Q3PS-PCA-NA;realme;Q3 Pro Special;Protector de cámara;Cristal;2,90;;;
RL-C20A-PRO-NA;realme;C20A;Cristal templado;Estándar;1,30;;;
RL-C20A-PRO-PRI;realme;C20A;Cristal templado;Privacidad;4,00;;;
RL-C20A-FUN-SIL;realme;C20A;Funda;Silicona;2,50;;;
RL-C20A-FUN-TPU;realme;C20A;Funda;Transparente;2,95;;;
RL-C20A-FUN-LIB;realme;C20A;Funda;Libro;3,70;;;
RL-C20A-FUN-ANT;realme;C20A;Funda;Antigolpes;3,10;;;
RL-N30-PRO-NA;realme;narzo 30;Cristal templado;Estándar;1,30;;;
RL-N30-PRO-PRI;realme;narzo 30;Cristal templado;Privacidad;4,00;;;
RL-N30-FUN-SIL;realme;narzo 30;Funda;Silicona;2,50;;;
RL-N30-FUN-TPU;realme;narzo 30;Funda;Transparente;2,95;;;
RL-N30-FUN-LIB;realme;narzo 30;Funda;Libro;3,70;;;
RL-N30-FUN-ANT;realme;narzo 30;Funda;Antigolpes;3,10;;;
RL-N30-PCA-NA;realme;narzo 30;Protector de cámara;Cristal;2,90;;;
RL-Q3-PRO-NA;realme;Q3;Cristal templado;Estándar;1,30;;;
RL-Q3-PRO-PRI;realme;Q3;Cristal templado;Privacidad;4,00;;;
RL-Q3-FUN-SIL;realme;Q3;Funda;Silicona;2,50;;;
RL-Q3-FUN-TPU;realme;Q3;Funda;Transparente;2,95;;;
RL-Q3-FUN-LIB;realme;Q3;Funda;Libro;3,70;;;
RL-Q3-FUN-ANT;realme;Q3;Funda;Antigolpes;3,10;;;
RL-Q3-PCA-NA;realme;Q3;Protector de cámara;Cristal;2,90;;;
RL-Q3P-PRO-NA;realme;Q3 Pro;Cristal templado;Estándar;1,30;;;
RL-Q3P-PRO-PRI;realme;Q3 Pro;Cristal templado;Privacidad;4,00;;;
RL-Q3P-FUN-SIL;realme;Q3 Pro;Funda;Silicona;2,50;;;
RL-Q3P-FUN-TPU;realme;Q3 Pro;Funda;Transparente;2,95;;;
RL-Q3P-FUN-LIB;realme;Q3 Pro;Funda;Libro;3,70;;;
RL-Q3P-FUN-ANT;realme;Q3 Pro;Funda;Antigolpes;3,10;;;
RL-Q3P-PCA-NA;realme;Q3 Pro;Protector de cámara;Cristal;2,90;;;
RL-V13-PRO-NA;realme;V13;Cristal templado;Estándar;1,30;;;
RL-V13-PRO-PRI;realme;V13;Cristal templado;Privacidad;4,00;;;
RL-V13-FUN-SIL;realme;V13;Funda;Silicona;2,50;;;
RL-V13-FUN-TPU;realme;V13;Funda;Transparente;2,95;;;
RL-V13-FUN-LIB;realme;V13;Funda;Libro;3,70;;;
RL-V13-FUN-ANT;realme;V13;Funda;Antigolpes;3,10;;;
RL-V13-PCA-NA;realme;V13;Protector de cámara;Cristal;2,90;;;
RL-X7PU-PRO-NA;realme;X7 Pro Ultra;Cristal templado;Estándar;1,30;;;
RL-X7PU-PRO-PRI;realme;X7 Pro Ultra;Cristal templado;Privacidad;4,00;;;
RL-X7PU-FUN-SIL;realme;X7 Pro Ultra;Funda;Silicona;2,50;;;
RL-X7PU-FUN-TPU;realme;X7 Pro Ultra;Funda;Transparente;2,95;;;
RL-X7PU-FUN-LIB;realme;X7 Pro Ultra;Funda;Libro;3,70;;;
RL-X7PU-FUN-ANT;realme;X7 Pro Ultra;Funda;Antigolpes;3,10;;;
RL-X7PU-PCA-NA;realme;X7 Pro Ultra;Protector de cámara;Cristal;2,90;;;
RL-GTNEO-PRO-NA;realme;GT Neo;Cristal templado;Estándar;1,30;;;
RL-GTNEO-PRO-PRI;realme;GT Neo;Cristal templado;Privacidad;4,00;;;
RL-GTNEO-FUN-SIL;realme;GT Neo;Funda;Silicona;2,50;;;
RL-GTNEO-FUN-TPU;realme;GT Neo;Funda;Transparente;2,95;;;
RL-GTNEO-FUN-LIB;realme;GT Neo;Funda;Libro;3,70;;;
RL-GTNEO-FUN-ANT;realme;GT Neo;Funda;Antigolpes;3,10;;;
RL-GTNEO-PCA-NA;realme;GT Neo;Protector de cámara;Cristal;2,90;;;
RL-N30P-PRO-NA;realme;narzo 30 Pro;Cristal templado;Estándar;1,30;;;
RL-N30P-PRO-PRI;realme;narzo 30 Pro;Cristal templado;Privacidad;4,00;;;
RL-N30P-FUN-SIL;realme;narzo 30 Pro;Funda;Silicona;2,50;;;
RL-N30P-FUN-TPU;realme;narzo 30 Pro;Funda;Transparente;2,95;;;
RL-N30P-FUN-LIB;realme;narzo 30 Pro;Funda;Libro;3,70;;;
RL-N30P-FUN-ANT;realme;narzo 30 Pro;Funda;Antigolpes;3,10;;;
RL-N30P-PCA-NA;realme;narzo 30 Pro;Protector de cámara;Cristal;2,90;;;
RL-V11-PRO-NA;realme;V11;Cristal templado;Estándar;1,30;;;
RL-V11-PRO-PRI;realme;V11;Cristal templado;Privacidad;4,00;;;
RL-V11-FUN-SIL;realme;V11;Funda;Silicona;2,50;;;
RL-V11-FUN-TPU;realme;V11;Funda;Transparente;2,95;;;
RL-V11-FUN-LIB;realme;V11;Funda;Libro;3,70;;;
RL-V11-FUN-ANT;realme;V11;Funda;Antigolpes;3,10;;;
RL-V11-PCA-NA;realme;V11;Protector de cámara;Cristal;2,90;;;
RL-C20-PRO-NA;realme;C20;Cristal templado;Estándar;1,30;;;
RL-C20-PRO-PRI;realme;C20;Cristal templado;Privacidad;4,00;;;
RL-C20-FUN-SIL;realme;C20;Funda;Silicona;2,50;;;
RL-C20-FUN-TPU;realme;C20;Funda;Transparente;2,95;;;
RL-C20-FUN-LIB;realme;C20;Funda;Libro;3,70;;;
RL-C20-FUN-ANT;realme;C20;Funda;Antigolpes;3,10;;;
RL-V15-PRO-NA;realme;V15;Cristal templado;Estándar;1,30;;;
RL-V15-PRO-PRI;realme;V15;Cristal templado;Privacidad;4,00;;;
RL-V15-FUN-SIL;realme;V15;Funda;Silicona;2,50;;;
RL-V15-FUN-TPU;realme;V15;Funda;Transparente;2,95;;;
RL-V15-FUN-LIB;realme;V15;Funda;Libro;3,70;;;
RL-V15-FUN-ANT;realme;V15;Funda;Antigolpes;3,10;;;
RL-V15-PCA-NA;realme;V15;Protector de cámara;Cristal;2,90;;;
RL-C15QE-PRO-NA;realme;C15 Qualcomm Edititon;Cristal templado;Estándar;1,30;;;
RL-C15QE-PRO-PRI;realme;C15 Qualcomm Edititon;Cristal templado;Privacidad;4,00;;;
RL-C15QE-FUN-SIL;realme;C15 Qualcomm Edititon;Funda;Silicona;2,50;;;
RL-C15QE-FUN-TPU;realme;C15 Qualcomm Edititon;Funda;Transparente;2,95;;;
RL-C15QE-FUN-LIB;realme;C15 Qualcomm Edititon;Funda;Libro;3,70;;;
RL-C15QE-FUN-ANT;realme;C15 Qualcomm Edititon;Funda;Antigolpes;3,10;;;
RL-C15QE-PCA-NA;realme;C15 Qualcomm Edititon;Protector de cámara;Cristal;2,90;;;
RL-Q2-PRO-NA;realme;Q2;Cristal templado;Estándar;1,30;;;
RL-Q2-PRO-PRI;realme;Q2;Cristal templado;Privacidad;4,00;;;
RL-Q2-FUN-SIL;realme;Q2;Funda;Silicona;2,50;;;
RL-Q2-FUN-TPU;realme;Q2;Funda;Transparente;2,95;;;
RL-Q2-FUN-LIB;realme;Q2;Funda;Libro;3,70;;;
RL-Q2-FUN-ANT;realme;Q2;Funda;Antigolpes;3,10;;;
RL-Q2-PCA-NA;realme;Q2;Protector de cámara;Cristal;2,90;;;
RL-Q2P-PRO-NA;realme;Q2 Pro;Cristal templado;Estándar;1,30;;;
RL-Q2P-PRO-PRI;realme;Q2 Pro;Cristal templado;Privacidad;4,00;;;
RL-Q2P-FUN-SIL;realme;Q2 Pro;Funda;Silicona;2,50;;;
RL-Q2P-FUN-TPU;realme;Q2 Pro;Funda;Transparente;2,95;;;
RL-Q2P-FUN-LIB;realme;Q2 Pro;Funda;Libro;3,70;;;
RL-Q2P-FUN-ANT;realme;Q2 Pro;Funda;Antigolpes;3,10;;;
RL-Q2P-PCA-NA;realme;Q2 Pro;Protector de cámara;Cristal;2,90;;;
RL-C17-PRO-NA;realme;C17;Cristal templado;Estándar;1,30;;;
RL-C17-PRO-PRI;realme;C17;Cristal templado;Privacidad;4,00;;;
RL-C17-FUN-SIL;realme;C17;Funda;Silicona;2,50;;;
RL-C17-FUN-TPU;realme;C17;Funda;Transparente;2,95;;;
RL-C17-FUN-LIB;realme;C17;Funda;Libro;3,70;;;
RL-C17-FUN-ANT;realme;C17;Funda;Antigolpes;3,10;;;
RL-C17-PCA-NA;realme;C17;Protector de cámara;Cristal;2,90;;;
RL-N20-PRO-NA;realme;narzo 20;Cristal templado;Estándar;1,30;;;
RL-N20-PRO-PRI;realme;narzo 20;Cristal templado;Privacidad;4,00;;;
RL-N20-FUN-SIL;realme;narzo 20;Funda;Silicona;2,50;;;
RL-N20-FUN-TPU;realme;narzo 20;Funda;Transparente;2,95;;;
RL-N20-FUN-LIB;realme;narzo 20;Funda;Libro;3,70;;;
RL-N20-FUN-ANT;realme;narzo 20;Funda;Antigolpes;3,10;;;
RL-N20P-PRO-NA;realme;narzo 20 Pro;Cristal templado;Estándar;1,30;;;
RL-N20P-PRO-PRI;realme;narzo 20 Pro;Cristal templado;Privacidad;4,00;;;
RL-N20P-FUN-SIL;realme;narzo 20 Pro;Funda;Silicona;2,50;;;
RL-N20P-FUN-TPU;realme;narzo 20 Pro;Funda;Transparente;2,95;;;
RL-N20P-FUN-LIB;realme;narzo 20 Pro;Funda;Libro;3,70;;;
RL-N20P-FUN-ANT;realme;narzo 20 Pro;Funda;Antigolpes;3,10;;;
RL-N20P-PCA-NA;realme;narzo 20 Pro;Protector de cámara;Cristal;2,90;;;
RL-N20A-PRO-NA;realme;narzo 20A;Cristal templado;Estándar;1,30;;;
RL-N20A-PRO-PRI;realme;narzo 20A;Cristal templado;Privacidad;4,00;;;
RL-N20A-FUN-SIL;realme;narzo 20A;Funda;Silicona;2,50;;;
RL-N20A-FUN-TPU;realme;narzo 20A;Funda;Transparente;2,95;;;
RL-N20A-FUN-LIB;realme;narzo 20A;Funda;Libro;3,70;;;
RL-N20A-FUN-ANT;realme;narzo 20A;Funda;Antigolpes;3,10;;;
RL-N20A-PCA-NA;realme;narzo 20A;Protector de cámara;Cristal;2,90;;;
RL-V3-PRO-NA;realme;V3;Cristal templado;Estándar;1,30;;;
RL-V3-PRO-PRI;realme;V3;Cristal templado;Privacidad;4,00;;;
RL-V3-FUN-SIL;realme;V3;Funda;Silicona;2,50;;;
RL-V3-FUN-TPU;realme;V3;Funda;Transparente;2,95;;;
RL-V3-FUN-LIB;realme;V3;Funda;Libro;3,70;;;
RL-V3-FUN-ANT;realme;V3;Funda;Antigolpes;3,10;;;
RL-V3-PCA-NA;realme;V3;Protector de cámara;Cristal;2,90;;;
RL-X7-PRO-NA;realme;X7;Cristal templado;Estándar;1,30;;;
RL-X7-PRO-PRI;realme;X7;Cristal templado;Privacidad;4,00;;;
RL-X7-FUN-SIL;realme;X7;Funda;Silicona;2,50;;;
RL-X7-FUN-TPU;realme;X7;Funda;Transparente;2,95;;;
RL-X7-FUN-LIB;realme;X7;Funda;Libro;3,70;;;
RL-X7-FUN-ANT;realme;X7;Funda;Antigolpes;3,10;;;
RL-X7-PCA-NA;realme;X7;Protector de cámara;Cristal;2,90;;;
RL-X7P-PRO-NA;realme;X7 Pro;Cristal templado;Estándar;1,30;;;
RL-X7P-PRO-PRI;realme;X7 Pro;Cristal templado;Privacidad;4,00;;;
RL-X7P-FUN-SIL;realme;X7 Pro;Funda;Silicona;2,50;;;
RL-X7P-FUN-TPU;realme;X7 Pro;Funda;Transparente;2,95;;;
RL-X7P-FUN-LIB;realme;X7 Pro;Funda;Libro;3,70;;;
RL-X7P-FUN-ANT;realme;X7 Pro;Funda;Antigolpes;3,10;;;
RL-C12-PRO-NA;realme;C12;Cristal templado;Estándar;1,30;;;
RL-C12-PRO-PRI;realme;C12;Cristal templado;Privacidad;4,00;;;
RL-C12-FUN-SIL;realme;C12;Funda;Silicona;2,50;;;
RL-C12-FUN-TPU;realme;C12;Funda;Transparente;2,95;;;
RL-C12-FUN-LIB;realme;C12;Funda;Libro;3,70;;;
RL-C12-FUN-ANT;realme;C12;Funda;Antigolpes;3,10;;;
RL-C12-PCA-NA;realme;C12;Protector de cámara;Cristal;2,90;;;
RL-V5-PRO-NA;realme;V5;Cristal templado;Estándar;1,30;;;
RL-V5-PRO-PRI;realme;V5;Cristal templado;Privacidad;4,00;;;
RL-V5-FUN-SIL;realme;V5;Funda;Silicona;2,50;;;
RL-V5-FUN-TPU;realme;V5;Funda;Transparente;2,95;;;
RL-V5-FUN-LIB;realme;V5;Funda;Libro;3,70;;;
RL-V5-FUN-ANT;realme;V5;Funda;Antigolpes;3,10;;;
RL-C15-PRO-NA;realme;C15;Cristal templado;Estándar;1,30;;;
RL-C15-PRO-PRI;realme;C15;Cristal templado;Privacidad;4,00;;;
RL-C15-FUN-SIL;realme;C15;Funda;Silicona;2,50;;;
RL-C15-FUN-TPU;realme;C15;Funda;Transparente;2,95;;;
RL-C15-FUN-LIB;realme;C15;Funda;Libro;3,70;;;
RL-C15-FUN-ANT;realme;C15;Funda;Antigolpes;3,10;;;
RL-C15-PCA-NA;realme;C15;Protector de cámara;Cristal;2,90;;;
RL-C3I-PRO-NA;realme;C3i;Cristal templado;Estándar;1,30;;;
RL-C3I-PRO-PRI;realme;C3i;Cristal templado;Privacidad;4,00;;;
RL-C3I-FUN-SIL;realme;C3i;Funda;Silicona;2,50;;;
RL-C3I-FUN-TPU;realme;C3i;Funda;Transparente;2,95;;;
RL-C3I-FUN-LIB;realme;C3i;Funda;Libro;3,70;;;
RL-C3I-FUN-ANT;realme;C3i;Funda;Antigolpes;3,10;;;
RL-N-PRO-NA;realme;narzo;Cristal templado;Estándar;1,30;;;
RL-N-PRO-PRI;realme;narzo;Cristal templado;Privacidad;4,00;;;
RL-N-FUN-SIL;realme;narzo;Funda;Silicona;2,50;;;
RL-N-FUN-TPU;realme;narzo;Funda;Transparente;2,95;;;
RL-N-FUN-LIB;realme;narzo;Funda;Libro;3,70;;;
RL-N-FUN-ANT;realme;narzo;Funda;Antigolpes;3,10;;;
RL-X3-PRO-NA;realme;X3;Cristal templado;Estándar;1,30;;;
RL-X3-PRO-PRI;realme;X3;Cristal templado;Privacidad;4,00;;;
RL-X3-FUN-SIL;realme;X3;Funda;Silicona;2,50;;;
RL-X3-FUN-TPU;realme;X3;Funda;Transparente;2,95;;;
RL-X3-FUN-LIB;realme;X3;Funda;Libro;3,70;;;
RL-X3-FUN-ANT;realme;X3;Funda;Antigolpes;3,10;;;
RL-X3-PCA-NA;realme;X3;Protector de cámara;Cristal;2,90;;;
RL-X50PPY-PRO-NA;realme;X50 Pro Play;Cristal templado;Estándar;1,30;;;
RL-X50PPY-PRO-PRI;realme;X50 Pro Play;Cristal templado;Privacidad;4,00;;;
RL-X50PPY-FUN-SIL;realme;X50 Pro Play;Funda;Silicona;2,50;;;
RL-X50PPY-FUN-TPU;realme;X50 Pro Play;Funda;Transparente;2,95;;;
RL-X50PPY-FUN-LIB;realme;X50 Pro Play;Funda;Libro;3,70;;;
RL-X50PPY-FUN-ANT;realme;X50 Pro Play;Funda;Antigolpes;3,10;;;
RL-X50PPY-PCA-NA;realme;X50 Pro Play;Protector de cámara;Cristal;2,90;;;
RL-X50PP-PRO-NA;realme;X50 Pro Player;Cristal templado;Estándar;1,30;;;
RL-X50PP-PRO-PRI;realme;X50 Pro Player;Cristal templado;Privacidad;4,00;;;
RL-X50PP-FUN-SIL;realme;X50 Pro Player;Funda;Silicona;2,50;;;
RL-X50PP-FUN-TPU;realme;X50 Pro Player;Funda;Transparente;2,95;;;
RL-X50PP-FUN-LIB;realme;X50 Pro Player;Funda;Libro;3,70;;;
RL-X50PP-FUN-ANT;realme;X50 Pro Player;Funda;Antigolpes;3,10;;;
RL-X50M-PRO-NA;realme;X50m;Cristal templado;Estándar;1,30;;;
RL-X50M-PRO-PRI;realme;X50m;Cristal templado;Privacidad;4,00;;;
RL-X50M-FUN-SIL;realme;X50m;Funda;Silicona;2,50;;;
RL-X50M-FUN-TPU;realme;X50m;Funda;Transparente;2,95;;;
RL-X50M-FUN-LIB;realme;X50m;Funda;Libro;3,70;;;
RL-X50M-FUN-ANT;realme;X50m;Funda;Antigolpes;3,10;;;
RL-X50M-PCA-NA;realme;X50m;Protector de cámara;Cristal;2,90;;;
RL-X50T-PRO-NA;realme;X50t;Cristal templado;Estándar;1,30;;;
RL-X50T-PRO-PRI;realme;X50t;Cristal templado;Privacidad;4,00;;;
RL-X50T-FUN-SIL;realme;X50t;Funda;Silicona;2,50;;;
RL-X50T-FUN-TPU;realme;X50t;Funda;Transparente;2,95;;;
RL-X50T-FUN-LIB;realme;X50t;Funda;Libro;3,70;;;
RL-X50T-FUN-ANT;realme;X50t;Funda;Antigolpes;3,10;;;
RL-X50T-PCA-NA;realme;X50t;Protector de cámara;Cristal;2,90;;;
RL-C2S-PRO-NA;realme;C2s;Cristal templado;Estándar;1,30;;;
RL-C2S-PRO-PRI;realme;C2s;Cristal templado;Privacidad;4,00;;;
RL-C2S-FUN-SIL;realme;C2s;Funda;Silicona;2,50;;;
RL-C2S-FUN-TPU;realme;C2s;Funda;Transparente;2,95;;;
RL-C2S-FUN-LIB;realme;C2s;Funda;Libro;3,70;;;
RL-C2S-FUN-ANT;realme;C2s;Funda;Antigolpes;3,10;;;
RL-C2S-PCA-NA;realme;C2s;Protector de cámara;Cristal;2,90;;;
RL-5S-PRO-NA;realme;5s;Cristal templado;Estándar;1,30;;;
RL-5S-PRO-PRI;realme;5s;Cristal templado;Privacidad;4,00;;;
RL-5S-FUN-SIL;realme;5s;Funda;Silicona;2,50;;;
RL-5S-FUN-TPU;realme;5s;Funda;Transparente;2,95;;;
RL-5S-FUN-LIB;realme;5s;Funda;Libro;3,70;;;
RL-5S-FUN-ANT;realme;5s;Funda;Antigolpes;3,10;;;
RL-5S-PCA-NA;realme;5s;Protector de cámara;Cristal;2,90;;;
RL-C220-PRO-NA;realme;C2 2020;Cristal templado;Estándar;1,30;;;
RL-C220-PRO-PRI;realme;C2 2020;Cristal templado;Privacidad;4,00;;;
RL-C220-FUN-SIL;realme;C2 2020;Funda;Silicona;2,50;;;
RL-C220-FUN-TPU;realme;C2 2020;Funda;Transparente;2,95;;;
RL-C220-FUN-LIB;realme;C2 2020;Funda;Libro;3,70;;;
RL-C220-FUN-ANT;realme;C2 2020;Funda;Antigolpes;3,10;;;
RL-C220-PCA-NA;realme;C2 2020;Protector de cámara;Cristal;2,90;;;
RL-XT-PRO-NA;realme;XT;Cristal templado;Estándar;1,30;;;
RL-XT-PRO-PRI;realme;XT;Cristal templado;Privacidad;4,00;;;
RL-XT-FUN-SIL;realme;XT;Funda;Silicona;2,50;;;
RL-XT-FUN-TPU;realme;XT;Funda;Transparente;2,95;;;
RL-XT-FUN-LIB;realme;XT;Funda;Libro;3,70;;;
RL-XT-FUN-ANT;realme;XT;Funda;Antigolpes;3,10;;;
RL-XT-PCA-NA;realme;XT;Protector de cámara;Cristal;2,90;;;
RL-3I-PRO-NA;realme;3i;Cristal templado;Estándar;1,30;;;
RL-3I-PRO-PRI;realme;3i;Cristal templado;Privacidad;4,00;;;
RL-3I-FUN-SIL;realme;3i;Funda;Silicona;2,50;;;
RL-3I-FUN-TPU;realme;3i;Funda;Transparente;2,95;;;
RL-3I-FUN-LIB;realme;3i;Funda;Libro;3,70;;;
RL-3I-FUN-ANT;realme;3i;Funda;Antigolpes;3,10;;;
RL-3I-PCA-NA;realme;3i;Protector de cámara;Cristal;2,90;;;
RL-X-PRO-NA;realme;X;Cristal templado;Estándar;1,30;;;
RL-X-PRO-PRI;realme;X;Cristal templado;Privacidad;4,00;;;
RL-X-FUN-SIL;realme;X;Funda;Silicona;2,50;;;
RL-X-FUN-TPU;realme;X;Funda;Transparente;2,95;;;
RL-X-FUN-LIB;realme;X;Funda;Libro;3,70;;;
RL-X-FUN-ANT;realme;X;Funda;Antigolpes;3,10;;;
RL-X-PCA-NA;realme;X;Protector de cámara;Cristal;2,90;;;
RL-C2-PRO-NA;realme;C2;Cristal templado;Estándar;1,30;;;
RL-C2-PRO-PRI;realme;C2;Cristal templado;Privacidad;4,00;;;
RL-C2-FUN-SIL;realme;C2;Funda;Silicona;2,50;;;
RL-C2-FUN-TPU;realme;C2;Funda;Transparente;2,95;;;
RL-C2-FUN-LIB;realme;C2;Funda;Libro;3,70;;;
RL-C2-FUN-ANT;realme;C2;Funda;Antigolpes;3,10;;;
RL-C2-PCA-NA;realme;C2;Protector de cámara;Cristal;2,90;;;
RL-3-PRO-NA;realme;3;Cristal templado;Estándar;1,30;;;
RL-3-PRO-PRI;realme;3;Cristal templado;Privacidad;4,00;;;
RL-3-FUN-SIL;realme;3;Funda;Silicona;2,50;;;
RL-3-FUN-TPU;realme;3;Funda;Transparente;2,95;;;
RL-3-FUN-LIB;realme;3;Funda;Libro;3,70;;;
RL-3-FUN-ANT;realme;3;Funda;Antigolpes;3,10;;;
RL-3-PCA-NA;realme;3;Protector de cámara;Cristal;2,90;;;
RL-C119-PRO-NA;realme;C1 2019;Cristal templado;Estándar;1,30;;;
RL-C119-PRO-PRI;realme;C1 2019;Cristal templado;Privacidad;4,00;;;
RL-C119-FUN-SIL;realme;C1 2019;Funda;Silicona;2,50;;;
RL-C119-FUN-TPU;realme;C1 2019;Funda;Transparente;2,95;;;
RL-C119-FUN-LIB;realme;C1 2019;Funda;Libro;3,70;;;
RL-C119-FUN-ANT;realme;C1 2019;Funda;Antigolpes;3,10;;;
RL-C119-PCA-NA;realme;C1 2019;Protector de cámara;Cristal;2,90;;;
RL-U1-PRO-NA;realme;U1;Cristal templado;Estándar;1,30;;;
RL-U1-PRO-PRI;realme;U1;Cristal templado;Privacidad;4,00;;;
RL-U1-FUN-SIL;realme;U1;Funda;Silicona;2,50;;;
RL-U1-FUN-TPU;realme;U1;Funda;Transparente;2,95;;;
RL-U1-FUN-LIB;realme;U1;Funda;Libro;3,70;;;
RL-U1-FUN-ANT;realme;U1;Funda;Antigolpes;3,10;;;
RL-2P-PRO-NA;realme;2 Pro;Cristal templado;Estándar;1,30;;;
RL-2P-PRO-PRI;realme;2 Pro;Cristal templado;Privacidad;4,00;;;
RL-2P-FUN-SIL;realme;2 Pro;Funda;Silicona;2,50;;;
RL-2P-FUN-TPU;realme;2 Pro;Funda;Transparente;2,95;;;
RL-2P-FUN-LIB;realme;2 Pro;Funda;Libro;3,70;;;
RL-2P-FUN-ANT;realme;2 Pro;Funda;Antigolpes;3,10;;;
RL-C1-PRO-NA;realme;C1;Cristal templado;Estándar;1,30;;;
RL-C1-PRO-PRI;realme;C1;Cristal templado;Privacidad;4,00;;;
RL-C1-FUN-SIL;realme;C1;Funda;Silicona;2,50;;;
RL-C1-FUN-TPU;realme;C1;Funda;Transparente;2,95;;;
RL-C1-FUN-LIB;realme;C1;Funda;Libro;3,70;;;
RL-C1-FUN-ANT;realme;C1;Funda;Antigolpes;3,10;;;
RL-2-PRO-NA;realme;2;Cristal templado;Estándar;1,30;;;
RL-2-PRO-PRI;realme;2;Cristal templado;Privacidad;4,00;;;
RL-2-FUN-SIL;realme;2;Funda;Silicona;2,50;;;
RL-2-FUN-TPU;realme;2;Funda;Transparente;2,95;;;
RL-2-FUN-LIB;realme;2;Funda;Libro;3,70;;;
RL-2-FUN-ANT;realme;2;Funda;Antigolpes;3,10;;;
RL-1-PRO-NA;realme;1;Cristal templado;Estándar;1,30;;;
RL-1-PRO-PRI;realme;1;Cristal templado;Privacidad;4,00;;;
RL-1-FUN-SIL;realme;1;Funda;Silicona;2,50;;;
RL-1-FUN-TPU;realme;1;Funda;Transparente;2,95;;;
RL-1-FUN-LIB;realme;1;Funda;Libro;3,70;;;
RL-1-FUN-ANT;realme;1;Funda;Antigolpes;3,10;;;
RL-12L-PRO-NA;realme;12 Lite;Cristal templado;Estándar;1,30;;;
RL-12L-PRO-PRI;realme;12 Lite;Cristal templado;Privacidad;4,00;;;
RL-12L-FUN-SIL;realme;12 Lite;Funda;Silicona;2,50;;;
RL-12L-FUN-TPU;realme;12 Lite;Funda;Transparente;2,95;;;
RL-12L-FUN-LIB;realme;12 Lite;Funda;Libro;3,70;;;
RL-12L-FUN-ANT;realme;12 Lite;Funda;Antigolpes;3,10;;;
RL-N70P5-PRO-NA;realme;narzo 70 Pro 5G;Cristal templado;Estándar;1,30;;;
RL-N70P5-PRO-PRI;realme;narzo 70 Pro 5G;Cristal templado;Privacidad;4,00;;;
RL-N70P5-FUN-SIL;realme;narzo 70 Pro 5G;Funda;Silicona;2,50;;;
RL-N70P5-FUN-TPU;realme;narzo 70 Pro 5G;Funda;Transparente;2,95;;;
RL-N70P5-FUN-LIB;realme;narzo 70 Pro 5G;Funda;Libro;3,70;;;
RL-N70P5-FUN-ANT;realme;narzo 70 Pro 5G;Funda;Antigolpes;3,10;;;
RL-P45-PRO-NA;realme;P4 5G;Cristal templado;Estándar;1,30;;;
RL-P45-PRO-PRI;realme;P4 5G;Cristal templado;Privacidad;4,00;;;
RL-P45-FUN-SIL;realme;P4 5G;Funda;Silicona;2,50;;;
RL-P45-FUN-TPU;realme;P4 5G;Funda;Transparente;2,95;;;
RL-P45-FUN-LIB;realme;P4 5G;Funda;Libro;3,70;;;
RL-P45-FUN-ANT;realme;P4 5G;Funda;Antigolpes;3,10;;;
RL-Q3PPY-PRO-NA;realme;Q3 Pro Play;Cristal templado;Estándar;1,30;;;
RL-Q3PPY-PRO-PRI;realme;Q3 Pro Play;Cristal templado;Privacidad;4,00;;;
RL-Q3PPY-FUN-SIL;realme;Q3 Pro Play;Funda;Silicona;2,50;;;
RL-Q3PPY-FUN-TPU;realme;Q3 Pro Play;Funda;Transparente;2,95;;;
RL-Q3PPY-FUN-LIB;realme;Q3 Pro Play;Funda;Libro;3,70;;;
RL-Q3PPY-FUN-ANT;realme;Q3 Pro Play;Funda;Antigolpes;3,10;;;
RL-N30A-PRO-NA;realme;narzo 30A;Cristal templado;Estándar;1,30;;;
RL-N30A-PRO-PRI;realme;narzo 30A;Cristal templado;Privacidad;4,00;;;
RL-N30A-FUN-SIL;realme;narzo 30A;Funda;Silicona;2,50;;;
RL-N30A-FUN-TPU;realme;narzo 30A;Funda;Transparente;2,95;;;
RL-N30A-FUN-LIB;realme;narzo 30A;Funda;Libro;3,70;;;
RL-N30A-FUN-ANT;realme;narzo 30A;Funda;Antigolpes;3,10;;;
RL-N30A-PCA-NA;realme;narzo 30A;Protector de cámara;Cristal;2,90;;;
RL-C21Y-PRO-NA;realme;C21Y;Cristal templado;Estándar;1,30;;;
RL-C21Y-PRO-PRI;realme;C21Y;Cristal templado;Privacidad;4,00;;;
RL-C21Y-FUN-SIL;realme;C21Y;Funda;Silicona;2,50;;;
RL-C21Y-FUN-TPU;realme;C21Y;Funda;Transparente;2,95;;;
RL-C21Y-FUN-LIB;realme;C21Y;Funda;Libro;3,70;;;
RL-C21Y-FUN-ANT;realme;C21Y;Funda;Antigolpes;3,10;;;
RL-C21Y-PCA-NA;realme;C21Y;Protector de cámara;Cristal;2,90;;;
RL-8S5-PRO-NA;realme;8s 5G;Cristal templado;Estándar;1,30;;;
RL-8S5-PRO-PRI;realme;8s 5G;Cristal templado;Privacidad;4,00;;;
RL-8S5-FUN-SIL;realme;8s 5G;Funda;Silicona;2,50;;;
RL-8S5-FUN-TPU;realme;8s 5G;Funda;Transparente;2,95;;;
RL-8S5-FUN-LIB;realme;8s 5G;Funda;Libro;3,70;;;
RL-8S5-FUN-ANT;realme;8s 5G;Funda;Antigolpes;3,10;;;
RL-8S5-PCA-NA;realme;8s 5G;Protector de cámara;Cristal;2,90;;;
RL-N50AP-PRO-NA;realme;narzo 50A Prime;Cristal templado;Estándar;1,30;;;
RL-N50AP-PRO-PRI;realme;narzo 50A Prime;Cristal templado;Privacidad;4,00;;;
RL-N50AP-FUN-SIL;realme;narzo 50A Prime;Funda;Silicona;2,50;;;
RL-N50AP-FUN-TPU;realme;narzo 50A Prime;Funda;Transparente;2,95;;;
RL-N50AP-FUN-LIB;realme;narzo 50A Prime;Funda;Libro;3,70;;;
RL-N50AP-FUN-ANT;realme;narzo 50A Prime;Funda;Antigolpes;3,10;;;
RL-N50AP-PCA-NA;realme;narzo 50A Prime;Protector de cámara;Cristal;2,90;;;
RL-N505-PRO-NA;realme;narzo 50 5G;Cristal templado;Estándar;1,30;;;
RL-N505-PRO-PRI;realme;narzo 50 5G;Cristal templado;Privacidad;4,00;;;
RL-N505-FUN-SIL;realme;narzo 50 5G;Funda;Silicona;2,50;;;
RL-N505-FUN-TPU;realme;narzo 50 5G;Funda;Transparente;2,95;;;
RL-N505-FUN-LIB;realme;narzo 50 5G;Funda;Libro;3,70;;;
RL-N505-FUN-ANT;realme;narzo 50 5G;Funda;Antigolpes;3,10;;;
RL-N505-PCA-NA;realme;narzo 50 5G;Protector de cámara;Cristal;2,90;;;
RL-9I5-PRO-NA;realme;9i 5G;Cristal templado;Estándar;1,30;;;
RL-9I5-PRO-PRI;realme;9i 5G;Cristal templado;Privacidad;4,00;;;
RL-9I5-FUN-SIL;realme;9i 5G;Funda;Silicona;2,50;;;
RL-9I5-FUN-TPU;realme;9i 5G;Funda;Transparente;2,95;;;
RL-9I5-FUN-LIB;realme;9i 5G;Funda;Libro;3,70;;;
RL-9I5-FUN-ANT;realme;9i 5G;Funda;Antigolpes;3,10;;;
RL-9I5-PCA-NA;realme;9i 5G;Protector de cámara;Cristal;2,90;;;
RL-115-PRO-NA;realme;11 5G;Cristal templado;Estándar;1,30;;;
RL-115-PRO-PRI;realme;11 5G;Cristal templado;Privacidad;4,00;;;
RL-115-FUN-SIL;realme;11 5G;Funda;Silicona;2,50;;;
RL-115-FUN-TPU;realme;11 5G;Funda;Transparente;2,95;;;
RL-115-FUN-LIB;realme;11 5G;Funda;Libro;3,70;;;
RL-115-FUN-ANT;realme;11 5G;Funda;Antigolpes;3,10;;;
RL-115-PCA-NA;realme;11 5G;Protector de cámara;Cristal;2,90;;;
RL-C855-PRO-NA;realme;C85 5G;Cristal templado;Estándar;1,30;;;
RL-C855-PRO-PRI;realme;C85 5G;Cristal templado;Privacidad;4,00;;;
RL-C855-FUN-SIL;realme;C85 5G;Funda;Silicona;2,50;;;
RL-C855-FUN-TPU;realme;C85 5G;Funda;Transparente;2,95;;;
RL-C855-FUN-LIB;realme;C85 5G;Funda;Libro;3,70;;;
RL-C855-FUN-ANT;realme;C85 5G;Funda;Antigolpes;3,10;;;
RL-3P-MAR-COM;realme;3 Pro;Marco / chasis;Compatible;7,40;;;6
RL-3P-BOT-COM;realme;3 Pro;Botones laterales;Compatible;3,80;;;6
RL-3P-CRI-COM;realme;3 Pro;Cristal de pantalla;Compatible;3,79;;;6
RL-3P-FPR-COM;realme;3 Pro;Flex principal;Compatible;3,10;;;6
RL-3P-VIB-COM;realme;3 Pro;Vibrador;Compatible;3,65;;;6
RL-3P-ANT-COM;realme;3 Pro;Antena / coaxial;Compatible;3,29;;;6
RL-3P-HUE-COM;realme;3 Pro;Botón home / huella;Compatible;5,45;;;6
RL-5-MAR-COM;realme;5;Marco / chasis;Compatible;6,49;;;6
RL-5-BOT-COM;realme;5;Botones laterales;Compatible;3,35;;;6
RL-5-CRI-COM;realme;5;Cristal de pantalla;Compatible;3,30;;;6
RL-5-FPR-COM;realme;5;Flex principal;Compatible;2,75;;;6
RL-5-VIB-COM;realme;5;Vibrador;Compatible;3,20;;;6
RL-5-ANT-COM;realme;5;Antena / coaxial;Compatible;2,89;;;6
RL-5-HUE-COM;realme;5;Botón home / huella;Compatible;4,79;;;6
RL-5P-MAR-COM;realme;5 Pro;Marco / chasis;Compatible;7,40;;;6
RL-5P-BOT-COM;realme;5 Pro;Botones laterales;Compatible;3,80;;;6
RL-5P-CRI-COM;realme;5 Pro;Cristal de pantalla;Compatible;3,79;;;6
RL-5P-FPR-COM;realme;5 Pro;Flex principal;Compatible;3,10;;;6
RL-5P-VIB-COM;realme;5 Pro;Vibrador;Compatible;3,65;;;6
RL-5P-ANT-COM;realme;5 Pro;Antena / coaxial;Compatible;3,29;;;6
RL-5P-HUE-COM;realme;5 Pro;Botón home / huella;Compatible;5,45;;;6
RL-5I-MAR-COM;realme;5i;Marco / chasis;Compatible;7,20;;;6
RL-5I-BOT-COM;realme;5i;Botones laterales;Compatible;3,70;;;6
RL-5I-CRI-COM;realme;5i;Cristal de pantalla;Compatible;3,69;;;6
RL-5I-FPR-COM;realme;5i;Flex principal;Compatible;3,05;;;6
RL-5I-VIB-COM;realme;5i;Vibrador;Compatible;3,55;;;6
RL-5I-ANT-COM;realme;5i;Antena / coaxial;Compatible;3,20;;;6
RL-5I-HUE-COM;realme;5i;Botón home / huella;Compatible;5,30;;;6
RL-6-MAR-COM;realme;6;Marco / chasis;Compatible;7,20;;;6
RL-6-BOT-COM;realme;6;Botones laterales;Compatible;3,70;;;6
RL-6-CRI-COM;realme;6;Cristal de pantalla;Compatible;3,69;;;6
RL-6-FPR-COM;realme;6;Flex principal;Compatible;3,05;;;6
RL-6-VIB-COM;realme;6;Vibrador;Compatible;3,55;;;6
RL-6-ANT-COM;realme;6;Antena / coaxial;Compatible;3,20;;;6
RL-6-HUE-COM;realme;6;Botón home / huella;Compatible;5,30;;;6
RL-6P-MAR-COM;realme;6 Pro;Marco / chasis;Compatible;8,20;;;6
RL-6P-BOT-COM;realme;6 Pro;Botones laterales;Compatible;4,20;;;6
RL-6P-CRI-COM;realme;6 Pro;Cristal de pantalla;Compatible;4,20;;;6
RL-6P-FPR-COM;realme;6 Pro;Flex principal;Compatible;3,45;;;6
RL-6P-VIB-COM;realme;6 Pro;Vibrador;Compatible;4,05;;;6
RL-6P-ANT-COM;realme;6 Pro;Antena / coaxial;Compatible;3,65;;;6
RL-6P-HUE-COM;realme;6 Pro;Botón home / huella;Compatible;6,05;;;6
RL-6I-MAR-COM;realme;6i;Marco / chasis;Compatible;7,20;;;6
RL-6I-BOT-COM;realme;6i;Botones laterales;Compatible;3,70;;;6
RL-6I-CRI-COM;realme;6i;Cristal de pantalla;Compatible;3,69;;;6
RL-6I-FPR-COM;realme;6i;Flex principal;Compatible;3,05;;;6
RL-6I-VIB-COM;realme;6i;Vibrador;Compatible;3,55;;;6
RL-6I-ANT-COM;realme;6i;Antena / coaxial;Compatible;3,20;;;6
RL-6I-HUE-COM;realme;6i;Botón home / huella;Compatible;5,30;;;6
RL-6S-MAR-COM;realme;6s;Marco / chasis;Compatible;7,20;;;6
RL-6S-BOT-COM;realme;6s;Botones laterales;Compatible;3,70;;;6
RL-6S-CRI-COM;realme;6s;Cristal de pantalla;Compatible;3,69;;;6
RL-6S-FPR-COM;realme;6s;Flex principal;Compatible;3,05;;;6
RL-6S-VIB-COM;realme;6s;Vibrador;Compatible;3,55;;;6
RL-6S-ANT-COM;realme;6s;Antena / coaxial;Compatible;3,20;;;6
RL-6S-HUE-COM;realme;6s;Botón home / huella;Compatible;5,30;;;6
RL-7-MAR-COM;realme;7;Marco / chasis;Compatible;7,20;;;6
RL-7-BOT-COM;realme;7;Botones laterales;Compatible;3,70;;;6
RL-7-CRI-COM;realme;7;Cristal de pantalla;Compatible;3,69;;;6
RL-7-FPR-COM;realme;7;Flex principal;Compatible;3,05;;;6
RL-7-VIB-COM;realme;7;Vibrador;Compatible;3,55;;;6
RL-7-ANT-COM;realme;7;Antena / coaxial;Compatible;3,20;;;6
RL-7-HUE-COM;realme;7;Botón home / huella;Compatible;5,30;;;6
RL-7P-MAR-COM;realme;7 Pro;Marco / chasis;Compatible;8,20;;;6
RL-7P-BOT-COM;realme;7 Pro;Botones laterales;Compatible;4,20;;;6
RL-7P-CRI-COM;realme;7 Pro;Cristal de pantalla;Compatible;4,20;;;6
RL-7P-FPR-COM;realme;7 Pro;Flex principal;Compatible;3,45;;;6
RL-7P-VIB-COM;realme;7 Pro;Vibrador;Compatible;4,05;;;6
RL-7P-ANT-COM;realme;7 Pro;Antena / coaxial;Compatible;3,65;;;6
RL-7P-HUE-COM;realme;7 Pro;Botón home / huella;Compatible;6,05;;;6
RL-75-MAR-COM;realme;7 5G;Marco / chasis;Compatible;7,20;;;6
RL-75-BOT-COM;realme;7 5G;Botones laterales;Compatible;3,70;;;6
RL-75-CRI-COM;realme;7 5G;Cristal de pantalla;Compatible;3,69;;;6
RL-75-FPR-COM;realme;7 5G;Flex principal;Compatible;3,05;;;6
RL-75-VIB-COM;realme;7 5G;Vibrador;Compatible;3,55;;;6
RL-75-ANT-COM;realme;7 5G;Antena / coaxial;Compatible;3,20;;;6
RL-75-HUE-COM;realme;7 5G;Botón home / huella;Compatible;5,30;;;6
RL-7I-MAR-COM;realme;7i;Marco / chasis;Compatible;7,20;;;6
RL-7I-BOT-COM;realme;7i;Botones laterales;Compatible;3,70;;;6
RL-7I-CRI-COM;realme;7i;Cristal de pantalla;Compatible;3,69;;;6
RL-7I-FPR-COM;realme;7i;Flex principal;Compatible;3,05;;;6
RL-7I-VIB-COM;realme;7i;Vibrador;Compatible;3,55;;;6
RL-7I-ANT-COM;realme;7i;Antena / coaxial;Compatible;3,20;;;6
RL-7I-HUE-COM;realme;7i;Botón home / huella;Compatible;5,30;;;6
RL-8-MAR-COM;realme;8;Marco / chasis;Compatible;7,20;;;6
RL-8-BOT-COM;realme;8;Botones laterales;Compatible;3,70;;;6
RL-8-CRI-COM;realme;8;Cristal de pantalla;Compatible;3,69;;;6
RL-8-FPR-COM;realme;8;Flex principal;Compatible;3,05;;;6
RL-8-VIB-COM;realme;8;Vibrador;Compatible;3,55;;;6
RL-8-ANT-COM;realme;8;Antena / coaxial;Compatible;3,20;;;6
RL-8-HUE-COM;realme;8;Botón home / huella;Compatible;5,30;;;6
RL-8P-MAR-COM;realme;8 Pro;Marco / chasis;Compatible;8,20;;;6
RL-8P-BOT-COM;realme;8 Pro;Botones laterales;Compatible;4,20;;;6
RL-8P-CRI-COM;realme;8 Pro;Cristal de pantalla;Compatible;4,20;;;6
RL-8P-FPR-COM;realme;8 Pro;Flex principal;Compatible;3,45;;;6
RL-8P-VIB-COM;realme;8 Pro;Vibrador;Compatible;4,05;;;6
RL-8P-ANT-COM;realme;8 Pro;Antena / coaxial;Compatible;3,65;;;6
RL-8P-HUE-COM;realme;8 Pro;Botón home / huella;Compatible;6,05;;;6
RL-85-MAR-COM;realme;8 5G;Marco / chasis;Compatible;7,20;;;6
RL-85-BOT-COM;realme;8 5G;Botones laterales;Compatible;3,70;;;6
RL-85-CRI-COM;realme;8 5G;Cristal de pantalla;Compatible;3,69;;;6
RL-85-FPR-COM;realme;8 5G;Flex principal;Compatible;3,05;;;6
RL-85-VIB-COM;realme;8 5G;Vibrador;Compatible;3,55;;;6
RL-85-ANT-COM;realme;8 5G;Antena / coaxial;Compatible;3,20;;;6
RL-85-HUE-COM;realme;8 5G;Botón home / huella;Compatible;5,30;;;6
RL-8I-MAR-COM;realme;8i;Marco / chasis;Compatible;7,20;;;6
RL-8I-BOT-COM;realme;8i;Botones laterales;Compatible;3,70;;;6
RL-8I-CRI-COM;realme;8i;Cristal de pantalla;Compatible;3,69;;;6
RL-8I-FPR-COM;realme;8i;Flex principal;Compatible;3,05;;;6
RL-8I-VIB-COM;realme;8i;Vibrador;Compatible;3,55;;;6
RL-8I-ANT-COM;realme;8i;Antena / coaxial;Compatible;3,20;;;6
RL-8I-HUE-COM;realme;8i;Botón home / huella;Compatible;5,30;;;6
RL-9-MAR-COM;realme;9;Marco / chasis;Compatible;7,20;;;6
RL-9-BOT-COM;realme;9;Botones laterales;Compatible;3,70;;;6
RL-9-CRI-COM;realme;9;Cristal de pantalla;Compatible;3,69;;;6
RL-9-FPR-COM;realme;9;Flex principal;Compatible;3,05;;;6
RL-9-VIB-COM;realme;9;Vibrador;Compatible;3,55;;;6
RL-9-ANT-COM;realme;9;Antena / coaxial;Compatible;3,20;;;6
RL-9-HUE-COM;realme;9;Botón home / huella;Compatible;5,30;;;6
RL-95-MAR-COM;realme;9 5G;Marco / chasis;Compatible;7,20;;;6
RL-95-BOT-COM;realme;9 5G;Botones laterales;Compatible;3,70;;;6
RL-95-CRI-COM;realme;9 5G;Cristal de pantalla;Compatible;3,69;;;6
RL-95-FPR-COM;realme;9 5G;Flex principal;Compatible;3,05;;;6
RL-95-VIB-COM;realme;9 5G;Vibrador;Compatible;3,55;;;6
RL-95-ANT-COM;realme;9 5G;Antena / coaxial;Compatible;3,20;;;6
RL-95-HUE-COM;realme;9 5G;Botón home / huella;Compatible;5,30;;;6
RL-9P5-MAR-COM;realme;9 Pro 5G;Marco / chasis;Compatible;8,20;;;6
RL-9P5-BOT-COM;realme;9 Pro 5G;Botones laterales;Compatible;4,20;;;6
RL-9P5-CRI-COM;realme;9 Pro 5G;Cristal de pantalla;Compatible;4,20;;;6
RL-9P5-FPR-COM;realme;9 Pro 5G;Flex principal;Compatible;3,45;;;6
RL-9P5-VIB-COM;realme;9 Pro 5G;Vibrador;Compatible;4,05;;;6
RL-9P5-ANT-COM;realme;9 Pro 5G;Antena / coaxial;Compatible;3,65;;;6
RL-9P5-HUE-COM;realme;9 Pro 5G;Botón home / huella;Compatible;6,05;;;6
RL-9PPL5-MAR-COM;realme;9 Pro+ 5G;Marco / chasis;Compatible;8,20;;;6
RL-9PPL5-BOT-COM;realme;9 Pro+ 5G;Botones laterales;Compatible;4,20;;;6
RL-9PPL5-CRI-COM;realme;9 Pro+ 5G;Cristal de pantalla;Compatible;4,20;;;6
RL-9PPL5-FPR-COM;realme;9 Pro+ 5G;Flex principal;Compatible;3,45;;;6
RL-9PPL5-VIB-COM;realme;9 Pro+ 5G;Vibrador;Compatible;4,05;;;6
RL-9PPL5-ANT-COM;realme;9 Pro+ 5G;Antena / coaxial;Compatible;3,65;;;6
RL-9PPL5-HUE-COM;realme;9 Pro+ 5G;Botón home / huella;Compatible;6,05;;;6
RL-9I-MAR-COM;realme;9i;Marco / chasis;Compatible;7,20;;;6
RL-9I-BOT-COM;realme;9i;Botones laterales;Compatible;3,70;;;6
RL-9I-CRI-COM;realme;9i;Cristal de pantalla;Compatible;3,69;;;6
RL-9I-FPR-COM;realme;9i;Flex principal;Compatible;3,05;;;6
RL-9I-VIB-COM;realme;9i;Vibrador;Compatible;3,55;;;6
RL-9I-ANT-COM;realme;9i;Antena / coaxial;Compatible;3,20;;;6
RL-9I-HUE-COM;realme;9i;Botón home / huella;Compatible;5,30;;;6
RL-10-MAR-COM;realme;10;Marco / chasis;Compatible;7,20;;;6
RL-10-BOT-COM;realme;10;Botones laterales;Compatible;3,70;;;6
RL-10-CRI-COM;realme;10;Cristal de pantalla;Compatible;3,69;;;6
RL-10-FPR-COM;realme;10;Flex principal;Compatible;3,05;;;6
RL-10-VIB-COM;realme;10;Vibrador;Compatible;3,55;;;6
RL-10-ANT-COM;realme;10;Antena / coaxial;Compatible;3,20;;;6
RL-10-HUE-COM;realme;10;Botón home / huella;Compatible;5,30;;;6
RL-11P5-MAR-COM;realme;11 Pro 5G;Marco / chasis;Compatible;8,20;;;6
RL-11P5-BOT-COM;realme;11 Pro 5G;Botones laterales;Compatible;4,20;;;6
RL-11P5-CRI-COM;realme;11 Pro 5G;Cristal de pantalla;Compatible;4,20;;;6
RL-11P5-FPR-COM;realme;11 Pro 5G;Flex principal;Compatible;3,45;;;6
RL-11P5-VIB-COM;realme;11 Pro 5G;Vibrador;Compatible;4,05;;;6
RL-11P5-ANT-COM;realme;11 Pro 5G;Antena / coaxial;Compatible;3,65;;;6
RL-11P5-HUE-COM;realme;11 Pro 5G;Botón home / huella;Compatible;6,05;;;6
RL-11PPL5-MAR-COM;realme;11 Pro+ 5G;Marco / chasis;Compatible;8,20;;;6
RL-11PPL5-BOT-COM;realme;11 Pro+ 5G;Botones laterales;Compatible;4,20;;;6
RL-11PPL5-CRI-COM;realme;11 Pro+ 5G;Cristal de pantalla;Compatible;4,20;;;6
RL-11PPL5-FPR-COM;realme;11 Pro+ 5G;Flex principal;Compatible;3,45;;;6
RL-11PPL5-VIB-COM;realme;11 Pro+ 5G;Vibrador;Compatible;4,05;;;6
RL-11PPL5-ANT-COM;realme;11 Pro+ 5G;Antena / coaxial;Compatible;3,65;;;6
RL-11PPL5-HUE-COM;realme;11 Pro+ 5G;Botón home / huella;Compatible;6,05;;;6
RL-12-MAR-COM;realme;12;Marco / chasis;Compatible;7,90;;;6
RL-12-BOT-COM;realme;12;Botones laterales;Compatible;4,05;;;6
RL-12-CRI-COM;realme;12;Cristal de pantalla;Compatible;4,05;;;6
RL-12-FPR-COM;realme;12;Flex principal;Compatible;3,35;;;6
RL-12-VIB-COM;realme;12;Vibrador;Compatible;3,95;;;6
RL-12-ANT-COM;realme;12;Antena / coaxial;Compatible;3,50;;;6
RL-12-HUE-COM;realme;12;Botón home / huella;Compatible;5,85;;;6
RL-125-MAR-COM;realme;12 5G;Marco / chasis;Compatible;7,90;;;6
RL-125-BOT-COM;realme;12 5G;Botones laterales;Compatible;4,05;;;6
RL-125-CRI-COM;realme;12 5G;Cristal de pantalla;Compatible;4,05;;;6
RL-125-FPR-COM;realme;12 5G;Flex principal;Compatible;3,35;;;6
RL-125-VIB-COM;realme;12 5G;Vibrador;Compatible;3,95;;;6
RL-125-ANT-COM;realme;12 5G;Antena / coaxial;Compatible;3,50;;;6
RL-125-HUE-COM;realme;12 5G;Botón home / huella;Compatible;5,85;;;6
RL-12PL5-MAR-COM;realme;12+ 5G;Marco / chasis;Compatible;7,90;;;6
RL-12PL5-BOT-COM;realme;12+ 5G;Botones laterales;Compatible;4,05;;;6
RL-12PL5-CRI-COM;realme;12+ 5G;Cristal de pantalla;Compatible;4,05;;;6
RL-12PL5-FPR-COM;realme;12+ 5G;Flex principal;Compatible;3,35;;;6
RL-12PL5-VIB-COM;realme;12+ 5G;Vibrador;Compatible;3,95;;;6
RL-12PL5-ANT-COM;realme;12+ 5G;Antena / coaxial;Compatible;3,50;;;6
RL-12PL5-HUE-COM;realme;12+ 5G;Botón home / huella;Compatible;5,85;;;6
RL-12P5-MAR-COM;realme;12 Pro 5G;Marco / chasis;Compatible;9,05;;;6
RL-12P5-BOT-COM;realme;12 Pro 5G;Botones laterales;Compatible;4,65;;;6
RL-12P5-CRI-COM;realme;12 Pro 5G;Cristal de pantalla;Compatible;4,60;;;6
RL-12P5-FPR-COM;realme;12 Pro 5G;Flex principal;Compatible;3,80;;;6
RL-12P5-VIB-COM;realme;12 Pro 5G;Vibrador;Compatible;4,49;;;6
RL-12P5-ANT-COM;realme;12 Pro 5G;Antena / coaxial;Compatible;4,00;;;6
RL-12P5-HUE-COM;realme;12 Pro 5G;Botón home / huella;Compatible;6,69;;;6
RL-12PPL5-MAR-COM;realme;12 Pro+ 5G;Marco / chasis;Compatible;9,05;;;6
RL-12PPL5-BOT-COM;realme;12 Pro+ 5G;Botones laterales;Compatible;4,65;;;6
RL-12PPL5-CRI-COM;realme;12 Pro+ 5G;Cristal de pantalla;Compatible;4,60;;;6
RL-12PPL5-FPR-COM;realme;12 Pro+ 5G;Flex principal;Compatible;3,80;;;6
RL-12PPL5-VIB-COM;realme;12 Pro+ 5G;Vibrador;Compatible;4,49;;;6
RL-12PPL5-ANT-COM;realme;12 Pro+ 5G;Antena / coaxial;Compatible;4,00;;;6
RL-12PPL5-HUE-COM;realme;12 Pro+ 5G;Botón home / huella;Compatible;6,69;;;6
RL-12X5-MAR-COM;realme;12x 5G;Marco / chasis;Compatible;7,90;;;6
RL-12X5-BOT-COM;realme;12x 5G;Botones laterales;Compatible;4,05;;;6
RL-12X5-CRI-COM;realme;12x 5G;Cristal de pantalla;Compatible;4,05;;;6
RL-12X5-FPR-COM;realme;12x 5G;Flex principal;Compatible;3,35;;;6
RL-12X5-VIB-COM;realme;12x 5G;Vibrador;Compatible;3,95;;;6
RL-12X5-ANT-COM;realme;12x 5G;Antena / coaxial;Compatible;3,50;;;6
RL-12X5-HUE-COM;realme;12x 5G;Botón home / huella;Compatible;5,85;;;6
RL-145-MAR-COM;realme;14 5G;Marco / chasis;Compatible;7,90;;;6
RL-145-BOT-COM;realme;14 5G;Botones laterales;Compatible;4,05;;;6
RL-145-CRI-COM;realme;14 5G;Cristal de pantalla;Compatible;4,05;;;6
RL-145-FPR-COM;realme;14 5G;Flex principal;Compatible;3,35;;;6
RL-145-VIB-COM;realme;14 5G;Vibrador;Compatible;3,95;;;6
RL-145-ANT-COM;realme;14 5G;Antena / coaxial;Compatible;3,50;;;6
RL-145-HUE-COM;realme;14 5G;Botón home / huella;Compatible;5,85;;;6
RL-14P5-MAR-COM;realme;14 Pro 5G;Marco / chasis;Compatible;9,05;;;6
RL-14P5-BOT-COM;realme;14 Pro 5G;Botones laterales;Compatible;4,65;;;6
RL-14P5-CRI-COM;realme;14 Pro 5G;Cristal de pantalla;Compatible;4,60;;;6
RL-14P5-FPR-COM;realme;14 Pro 5G;Flex principal;Compatible;3,80;;;6
RL-14P5-VIB-COM;realme;14 Pro 5G;Vibrador;Compatible;4,49;;;6
RL-14P5-ANT-COM;realme;14 Pro 5G;Antena / coaxial;Compatible;4,00;;;6
RL-14P5-HUE-COM;realme;14 Pro 5G;Botón home / huella;Compatible;6,69;;;6
RL-14PPL5-MAR-COM;realme;14 Pro+ 5G;Marco / chasis;Compatible;9,05;;;6
RL-14PPL5-BOT-COM;realme;14 Pro+ 5G;Botones laterales;Compatible;4,65;;;6
RL-14PPL5-CRI-COM;realme;14 Pro+ 5G;Cristal de pantalla;Compatible;4,60;;;6
RL-14PPL5-FPR-COM;realme;14 Pro+ 5G;Flex principal;Compatible;3,80;;;6
RL-14PPL5-VIB-COM;realme;14 Pro+ 5G;Vibrador;Compatible;4,49;;;6
RL-14PPL5-ANT-COM;realme;14 Pro+ 5G;Antena / coaxial;Compatible;4,00;;;6
RL-14PPL5-HUE-COM;realme;14 Pro+ 5G;Botón home / huella;Compatible;6,69;;;6
RL-14T5-MAR-COM;realme;14T 5G;Marco / chasis;Compatible;7,90;;;6
RL-14T5-BOT-COM;realme;14T 5G;Botones laterales;Compatible;4,05;;;6
RL-14T5-CRI-COM;realme;14T 5G;Cristal de pantalla;Compatible;4,05;;;6
RL-14T5-FPR-COM;realme;14T 5G;Flex principal;Compatible;3,35;;;6
RL-14T5-VIB-COM;realme;14T 5G;Vibrador;Compatible;3,95;;;6
RL-14T5-ANT-COM;realme;14T 5G;Antena / coaxial;Compatible;3,50;;;6
RL-14T5-HUE-COM;realme;14T 5G;Botón home / huella;Compatible;5,85;;;6
RL-14X5-MAR-COM;realme;14x 5G;Marco / chasis;Compatible;7,90;;;6
RL-14X5-BOT-COM;realme;14x 5G;Botones laterales;Compatible;4,05;;;6
RL-14X5-CRI-COM;realme;14x 5G;Cristal de pantalla;Compatible;4,05;;;6
RL-14X5-FPR-COM;realme;14x 5G;Flex principal;Compatible;3,35;;;6
RL-14X5-VIB-COM;realme;14x 5G;Vibrador;Compatible;3,95;;;6
RL-14X5-ANT-COM;realme;14x 5G;Antena / coaxial;Compatible;3,50;;;6
RL-14X5-HUE-COM;realme;14x 5G;Botón home / huella;Compatible;5,85;;;6
RL-165-MAR-COM;realme;16 5G;Marco / chasis;Compatible;7,90;;;6
RL-165-BOT-COM;realme;16 5G;Botones laterales;Compatible;4,05;;;6
RL-165-CRI-COM;realme;16 5G;Cristal de pantalla;Compatible;4,05;;;6
RL-165-FPR-COM;realme;16 5G;Flex principal;Compatible;3,35;;;6
RL-165-VIB-COM;realme;16 5G;Vibrador;Compatible;3,95;;;6
RL-165-ANT-COM;realme;16 5G;Antena / coaxial;Compatible;3,50;;;6
RL-165-HUE-COM;realme;16 5G;Botón home / huella;Compatible;5,85;;;6
RL-16P5-MAR-COM;realme;16 Pro 5G;Marco / chasis;Compatible;9,05;;;6
RL-16P5-BOT-COM;realme;16 Pro 5G;Botones laterales;Compatible;4,65;;;6
RL-16P5-CRI-COM;realme;16 Pro 5G;Cristal de pantalla;Compatible;4,60;;;6
RL-16P5-FPR-COM;realme;16 Pro 5G;Flex principal;Compatible;3,80;;;6
RL-16P5-VIB-COM;realme;16 Pro 5G;Vibrador;Compatible;4,49;;;6
RL-16P5-ANT-COM;realme;16 Pro 5G;Antena / coaxial;Compatible;4,00;;;6
RL-16P5-HUE-COM;realme;16 Pro 5G;Botón home / huella;Compatible;6,69;;;6
RL-16PPL5-MAR-COM;realme;16 Pro+ 5G;Marco / chasis;Compatible;9,05;;;6
RL-16PPL5-BOT-COM;realme;16 Pro+ 5G;Botones laterales;Compatible;4,65;;;6
RL-16PPL5-CRI-COM;realme;16 Pro+ 5G;Cristal de pantalla;Compatible;4,60;;;6
RL-16PPL5-FPR-COM;realme;16 Pro+ 5G;Flex principal;Compatible;3,80;;;6
RL-16PPL5-VIB-COM;realme;16 Pro+ 5G;Vibrador;Compatible;4,49;;;6
RL-16PPL5-ANT-COM;realme;16 Pro+ 5G;Antena / coaxial;Compatible;4,00;;;6
RL-16PPL5-HUE-COM;realme;16 Pro+ 5G;Botón home / huella;Compatible;6,69;;;6
RL-C3-MAR-COM;realme;C3;Marco / chasis;Compatible;6,25;;;6
RL-C3-BOT-COM;realme;C3;Botones laterales;Compatible;3,20;;;6
RL-C3-CRI-COM;realme;C3;Cristal de pantalla;Compatible;3,20;;;6
RL-C3-FPR-COM;realme;C3;Flex principal;Compatible;2,65;;;6
RL-C3-VIB-COM;realme;C3;Vibrador;Compatible;3,10;;;6
RL-C3-ANT-COM;realme;C3;Antena / coaxial;Compatible;2,79;;;6
RL-C3-HUE-COM;realme;C3;Botón home / huella;Compatible;4,60;;;6
RL-C11-MAR-COM;realme;C11;Marco / chasis;Compatible;6,25;;;6
RL-C11-BOT-COM;realme;C11;Botones laterales;Compatible;3,20;;;6
RL-C11-CRI-COM;realme;C11;Cristal de pantalla;Compatible;3,20;;;6
RL-C11-FPR-COM;realme;C11;Flex principal;Compatible;2,65;;;6
RL-C11-VIB-COM;realme;C11;Vibrador;Compatible;3,10;;;6
RL-C11-ANT-COM;realme;C11;Antena / coaxial;Compatible;2,79;;;6
RL-C11-HUE-COM;realme;C11;Botón home / huella;Compatible;4,60;;;6
RL-C1121-MAR-COM;realme;C11 2021;Marco / chasis;Compatible;6,25;;;6
RL-C1121-BOT-COM;realme;C11 2021;Botones laterales;Compatible;3,20;;;6
RL-C1121-CRI-COM;realme;C11 2021;Cristal de pantalla;Compatible;3,20;;;6
RL-C1121-FPR-COM;realme;C11 2021;Flex principal;Compatible;2,65;;;6
RL-C1121-VIB-COM;realme;C11 2021;Vibrador;Compatible;3,10;;;6
RL-C1121-ANT-COM;realme;C11 2021;Antena / coaxial;Compatible;2,79;;;6
RL-C1121-HUE-COM;realme;C11 2021;Botón home / huella;Compatible;4,60;;;6
RL-C21-MAR-COM;realme;C21;Marco / chasis;Compatible;6,25;;;6
RL-C21-BOT-COM;realme;C21;Botones laterales;Compatible;3,20;;;6
RL-C21-CRI-COM;realme;C21;Cristal de pantalla;Compatible;3,20;;;6
RL-C21-FPR-COM;realme;C21;Flex principal;Compatible;2,65;;;6
RL-C21-VIB-COM;realme;C21;Vibrador;Compatible;3,10;;;6
RL-C21-ANT-COM;realme;C21;Antena / coaxial;Compatible;2,79;;;6
RL-C21-HUE-COM;realme;C21;Botón home / huella;Compatible;4,60;;;6
RL-C25-MAR-COM;realme;C25;Marco / chasis;Compatible;6,25;;;6
RL-C25-BOT-COM;realme;C25;Botones laterales;Compatible;3,20;;;6
RL-C25-CRI-COM;realme;C25;Cristal de pantalla;Compatible;3,20;;;6
RL-C25-FPR-COM;realme;C25;Flex principal;Compatible;2,65;;;6
RL-C25-VIB-COM;realme;C25;Vibrador;Compatible;3,10;;;6
RL-C25-ANT-COM;realme;C25;Antena / coaxial;Compatible;2,79;;;6
RL-C25-HUE-COM;realme;C25;Botón home / huella;Compatible;4,60;;;6
RL-C25Y-MAR-COM;realme;C25Y;Marco / chasis;Compatible;6,25;;;6
RL-C25Y-BOT-COM;realme;C25Y;Botones laterales;Compatible;3,20;;;6
RL-C25Y-CRI-COM;realme;C25Y;Cristal de pantalla;Compatible;3,20;;;6
RL-C25Y-FPR-COM;realme;C25Y;Flex principal;Compatible;2,65;;;6
RL-C25Y-VIB-COM;realme;C25Y;Vibrador;Compatible;3,10;;;6
RL-C25Y-ANT-COM;realme;C25Y;Antena / coaxial;Compatible;2,79;;;6
RL-C25Y-HUE-COM;realme;C25Y;Botón home / huella;Compatible;4,60;;;6
RL-C31-MAR-COM;realme;C31;Marco / chasis;Compatible;6,25;;;6
RL-C31-BOT-COM;realme;C31;Botones laterales;Compatible;3,20;;;6
RL-C31-CRI-COM;realme;C31;Cristal de pantalla;Compatible;3,20;;;6
RL-C31-FPR-COM;realme;C31;Flex principal;Compatible;2,65;;;6
RL-C31-VIB-COM;realme;C31;Vibrador;Compatible;3,10;;;6
RL-C31-ANT-COM;realme;C31;Antena / coaxial;Compatible;2,79;;;6
RL-C31-HUE-COM;realme;C31;Botón home / huella;Compatible;4,60;;;6
RL-C35-MAR-COM;realme;C35;Marco / chasis;Compatible;6,25;;;6
RL-C35-BOT-COM;realme;C35;Botones laterales;Compatible;3,20;;;6
RL-C35-CRI-COM;realme;C35;Cristal de pantalla;Compatible;3,20;;;6
RL-C35-FPR-COM;realme;C35;Flex principal;Compatible;2,65;;;6
RL-C35-VIB-COM;realme;C35;Vibrador;Compatible;3,10;;;6
RL-C35-ANT-COM;realme;C35;Antena / coaxial;Compatible;2,79;;;6
RL-C35-HUE-COM;realme;C35;Botón home / huella;Compatible;4,60;;;6
RL-C30-MAR-COM;realme;C30;Marco / chasis;Compatible;6,25;;;6
RL-C30-BOT-COM;realme;C30;Botones laterales;Compatible;3,20;;;6
RL-C30-CRI-COM;realme;C30;Cristal de pantalla;Compatible;3,20;;;6
RL-C30-FPR-COM;realme;C30;Flex principal;Compatible;2,65;;;6
RL-C30-VIB-COM;realme;C30;Vibrador;Compatible;3,10;;;6
RL-C30-ANT-COM;realme;C30;Antena / coaxial;Compatible;2,79;;;6
RL-C30-HUE-COM;realme;C30;Botón home / huella;Compatible;4,60;;;6
RL-C33-MAR-COM;realme;C33;Marco / chasis;Compatible;6,25;;;6
RL-C33-BOT-COM;realme;C33;Botones laterales;Compatible;3,20;;;6
RL-C33-CRI-COM;realme;C33;Cristal de pantalla;Compatible;3,20;;;6
RL-C33-FPR-COM;realme;C33;Flex principal;Compatible;2,65;;;6
RL-C33-VIB-COM;realme;C33;Vibrador;Compatible;3,10;;;6
RL-C33-ANT-COM;realme;C33;Antena / coaxial;Compatible;2,79;;;6
RL-C33-HUE-COM;realme;C33;Botón home / huella;Compatible;4,60;;;6
RL-C55-MAR-COM;realme;C55;Marco / chasis;Compatible;6,25;;;6
RL-C55-BOT-COM;realme;C55;Botones laterales;Compatible;3,20;;;6
RL-C55-CRI-COM;realme;C55;Cristal de pantalla;Compatible;3,20;;;6
RL-C55-FPR-COM;realme;C55;Flex principal;Compatible;2,65;;;6
RL-C55-VIB-COM;realme;C55;Vibrador;Compatible;3,10;;;6
RL-C55-ANT-COM;realme;C55;Antena / coaxial;Compatible;2,79;;;6
RL-C55-HUE-COM;realme;C55;Botón home / huella;Compatible;4,60;;;6
RL-C51-MAR-COM;realme;C51;Marco / chasis;Compatible;6,25;;;6
RL-C51-BOT-COM;realme;C51;Botones laterales;Compatible;3,20;;;6
RL-C51-CRI-COM;realme;C51;Cristal de pantalla;Compatible;3,20;;;6
RL-C51-FPR-COM;realme;C51;Flex principal;Compatible;2,65;;;6
RL-C51-VIB-COM;realme;C51;Vibrador;Compatible;3,10;;;6
RL-C51-ANT-COM;realme;C51;Antena / coaxial;Compatible;2,79;;;6
RL-C51-HUE-COM;realme;C51;Botón home / huella;Compatible;4,60;;;6
RL-C53-MAR-COM;realme;C53;Marco / chasis;Compatible;6,25;;;6
RL-C53-BOT-COM;realme;C53;Botones laterales;Compatible;3,20;;;6
RL-C53-CRI-COM;realme;C53;Cristal de pantalla;Compatible;3,20;;;6
RL-C53-FPR-COM;realme;C53;Flex principal;Compatible;2,65;;;6
RL-C53-VIB-COM;realme;C53;Vibrador;Compatible;3,10;;;6
RL-C53-ANT-COM;realme;C53;Antena / coaxial;Compatible;2,79;;;6
RL-C53-HUE-COM;realme;C53;Botón home / huella;Compatible;4,60;;;6
RL-C67-MAR-COM;realme;C67;Marco / chasis;Compatible;6,25;;;6
RL-C67-BOT-COM;realme;C67;Botones laterales;Compatible;3,20;;;6
RL-C67-CRI-COM;realme;C67;Cristal de pantalla;Compatible;3,20;;;6
RL-C67-FPR-COM;realme;C67;Flex principal;Compatible;2,65;;;6
RL-C67-VIB-COM;realme;C67;Vibrador;Compatible;3,10;;;6
RL-C67-ANT-COM;realme;C67;Antena / coaxial;Compatible;2,79;;;6
RL-C67-HUE-COM;realme;C67;Botón home / huella;Compatible;4,60;;;6
RL-C65-MAR-COM;realme;C65;Marco / chasis;Compatible;6,89;;;6
RL-C65-BOT-COM;realme;C65;Botones laterales;Compatible;3,55;;;6
RL-C65-CRI-COM;realme;C65;Cristal de pantalla;Compatible;3,50;;;6
RL-C65-FPR-COM;realme;C65;Flex principal;Compatible;2,90;;;6
RL-C65-VIB-COM;realme;C65;Vibrador;Compatible;3,40;;;6
RL-C65-ANT-COM;realme;C65;Antena / coaxial;Compatible;3,05;;;6
RL-C65-HUE-COM;realme;C65;Botón home / huella;Compatible;5,09;;;6
RL-C61-MAR-COM;realme;C61;Marco / chasis;Compatible;6,89;;;6
RL-C61-BOT-COM;realme;C61;Botones laterales;Compatible;3,55;;;6
RL-C61-CRI-COM;realme;C61;Cristal de pantalla;Compatible;3,50;;;6
RL-C61-FPR-COM;realme;C61;Flex principal;Compatible;2,90;;;6
RL-C61-VIB-COM;realme;C61;Vibrador;Compatible;3,40;;;6
RL-C61-ANT-COM;realme;C61;Antena / coaxial;Compatible;3,05;;;6
RL-C61-HUE-COM;realme;C61;Botón home / huella;Compatible;5,09;;;6
RL-C63-MAR-COM;realme;C63;Marco / chasis;Compatible;6,89;;;6
RL-C63-BOT-COM;realme;C63;Botones laterales;Compatible;3,55;;;6
RL-C63-CRI-COM;realme;C63;Cristal de pantalla;Compatible;3,50;;;6
RL-C63-FPR-COM;realme;C63;Flex principal;Compatible;2,90;;;6
RL-C63-VIB-COM;realme;C63;Vibrador;Compatible;3,40;;;6
RL-C63-ANT-COM;realme;C63;Antena / coaxial;Compatible;3,05;;;6
RL-C63-HUE-COM;realme;C63;Botón home / huella;Compatible;5,09;;;6
RL-C75-MAR-COM;realme;C75;Marco / chasis;Compatible;6,89;;;6
RL-C75-BOT-COM;realme;C75;Botones laterales;Compatible;3,55;;;6
RL-C75-CRI-COM;realme;C75;Cristal de pantalla;Compatible;3,50;;;6
RL-C75-FPR-COM;realme;C75;Flex principal;Compatible;2,90;;;6
RL-C75-VIB-COM;realme;C75;Vibrador;Compatible;3,40;;;6
RL-C75-ANT-COM;realme;C75;Antena / coaxial;Compatible;3,05;;;6
RL-C75-HUE-COM;realme;C75;Botón home / huella;Compatible;5,09;;;6
RL-C71-MAR-COM;realme;C71;Marco / chasis;Compatible;6,89;;;6
RL-C71-BOT-COM;realme;C71;Botones laterales;Compatible;3,55;;;6
RL-C71-CRI-COM;realme;C71;Cristal de pantalla;Compatible;3,50;;;6
RL-C71-FPR-COM;realme;C71;Flex principal;Compatible;2,90;;;6
RL-C71-VIB-COM;realme;C71;Vibrador;Compatible;3,40;;;6
RL-C71-ANT-COM;realme;C71;Antena / coaxial;Compatible;3,05;;;6
RL-C71-HUE-COM;realme;C71;Botón home / huella;Compatible;5,09;;;6
RL-C1005-MAR-COM;realme;C100 5G;Marco / chasis;Compatible;6,89;;;6
RL-C1005-BOT-COM;realme;C100 5G;Botones laterales;Compatible;3,55;;;6
RL-C1005-CRI-COM;realme;C100 5G;Cristal de pantalla;Compatible;3,50;;;6
RL-C1005-FPR-COM;realme;C100 5G;Flex principal;Compatible;2,90;;;6
RL-C1005-VIB-COM;realme;C100 5G;Vibrador;Compatible;3,40;;;6
RL-C1005-ANT-COM;realme;C100 5G;Antena / coaxial;Compatible;3,05;;;6
RL-C1005-HUE-COM;realme;C100 5G;Botón home / huella;Compatible;5,09;;;6
RL-N50-MAR-COM;realme;Note 50;Marco / chasis;Compatible;6,89;;;6
RL-N50-BOT-COM;realme;Note 50;Botones laterales;Compatible;3,55;;;6
RL-N50-CRI-COM;realme;Note 50;Cristal de pantalla;Compatible;3,50;;;6
RL-N50-FPR-COM;realme;Note 50;Flex principal;Compatible;2,90;;;6
RL-N50-VIB-COM;realme;Note 50;Vibrador;Compatible;3,40;;;6
RL-N50-ANT-COM;realme;Note 50;Antena / coaxial;Compatible;3,05;;;6
RL-N50-HUE-COM;realme;Note 50;Botón home / huella;Compatible;5,09;;;6
RL-N60-MAR-COM;realme;Note 60;Marco / chasis;Compatible;6,89;;;6
RL-N60-BOT-COM;realme;Note 60;Botones laterales;Compatible;3,55;;;6
RL-N60-CRI-COM;realme;Note 60;Cristal de pantalla;Compatible;3,50;;;6
RL-N60-FPR-COM;realme;Note 60;Flex principal;Compatible;2,90;;;6
RL-N60-VIB-COM;realme;Note 60;Vibrador;Compatible;3,40;;;6
RL-N60-ANT-COM;realme;Note 60;Antena / coaxial;Compatible;3,05;;;6
RL-N60-HUE-COM;realme;Note 60;Botón home / huella;Compatible;5,09;;;6
RL-N70T-MAR-COM;realme;Note 70T;Marco / chasis;Compatible;6,89;;;6
RL-N70T-BOT-COM;realme;Note 70T;Botones laterales;Compatible;3,55;;;6
RL-N70T-CRI-COM;realme;Note 70T;Cristal de pantalla;Compatible;3,50;;;6
RL-N70T-FPR-COM;realme;Note 70T;Flex principal;Compatible;2,90;;;6
RL-N70T-VIB-COM;realme;Note 70T;Vibrador;Compatible;3,40;;;6
RL-N70T-ANT-COM;realme;Note 70T;Antena / coaxial;Compatible;3,05;;;6
RL-N70T-HUE-COM;realme;Note 70T;Botón home / huella;Compatible;5,09;;;6
RL-GT5-MAR-COM;realme;GT 5G;Marco / chasis;Compatible;8,20;;;6
RL-GT5-BOT-COM;realme;GT 5G;Botones laterales;Compatible;4,20;;;6
RL-GT5-CRI-COM;realme;GT 5G;Cristal de pantalla;Compatible;4,20;;;6
RL-GT5-FPR-COM;realme;GT 5G;Flex principal;Compatible;3,45;;;6
RL-GT5-VIB-COM;realme;GT 5G;Vibrador;Compatible;4,05;;;6
RL-GT5-ANT-COM;realme;GT 5G;Antena / coaxial;Compatible;3,65;;;6
RL-GT5-HUE-COM;realme;GT 5G;Botón home / huella;Compatible;6,05;;;6
RL-GTME-MAR-COM;realme;GT Master Edition;Marco / chasis;Compatible;8,20;;;6
RL-GTME-BOT-COM;realme;GT Master Edition;Botones laterales;Compatible;4,20;;;6
RL-GTME-CRI-COM;realme;GT Master Edition;Cristal de pantalla;Compatible;4,20;;;6
RL-GTME-FPR-COM;realme;GT Master Edition;Flex principal;Compatible;3,45;;;6
RL-GTME-VIB-COM;realme;GT Master Edition;Vibrador;Compatible;4,05;;;6
RL-GTME-ANT-COM;realme;GT Master Edition;Antena / coaxial;Compatible;3,65;;;6
RL-GTME-HUE-COM;realme;GT Master Edition;Botón home / huella;Compatible;6,05;;;6
RL-GTNEO2-MAR-COM;realme;GT Neo 2;Marco / chasis;Compatible;8,20;;;6
RL-GTNEO2-BOT-COM;realme;GT Neo 2;Botones laterales;Compatible;4,20;;;6
RL-GTNEO2-CRI-COM;realme;GT Neo 2;Cristal de pantalla;Compatible;4,20;;;6
RL-GTNEO2-FPR-COM;realme;GT Neo 2;Flex principal;Compatible;3,45;;;6
RL-GTNEO2-VIB-COM;realme;GT Neo 2;Vibrador;Compatible;4,05;;;6
RL-GTNEO2-ANT-COM;realme;GT Neo 2;Antena / coaxial;Compatible;3,65;;;6
RL-GTNEO2-HUE-COM;realme;GT Neo 2;Botón home / huella;Compatible;6,05;;;6
RL-GT2-MAR-COM;realme;GT 2;Marco / chasis;Compatible;8,20;;;6
RL-GT2-BOT-COM;realme;GT 2;Botones laterales;Compatible;4,20;;;6
RL-GT2-CRI-COM;realme;GT 2;Cristal de pantalla;Compatible;4,20;;;6
RL-GT2-FPR-COM;realme;GT 2;Flex principal;Compatible;3,45;;;6
RL-GT2-VIB-COM;realme;GT 2;Vibrador;Compatible;4,05;;;6
RL-GT2-ANT-COM;realme;GT 2;Antena / coaxial;Compatible;3,65;;;6
RL-GT2-HUE-COM;realme;GT 2;Botón home / huella;Compatible;6,05;;;6
RL-GT2P-MAR-COM;realme;GT 2 Pro;Marco / chasis;Compatible;9,79;;;6
RL-GT2P-BOT-COM;realme;GT 2 Pro;Botones laterales;Compatible;5,00;;;6
RL-GT2P-CRI-COM;realme;GT 2 Pro;Cristal de pantalla;Compatible;5,00;;;6
RL-GT2P-FPR-COM;realme;GT 2 Pro;Flex principal;Compatible;4,15;;;6
RL-GT2P-VIB-COM;realme;GT 2 Pro;Vibrador;Compatible;4,85;;;6
RL-GT2P-ANT-COM;realme;GT 2 Pro;Antena / coaxial;Compatible;4,35;;;6
RL-GT2P-HUE-COM;realme;GT 2 Pro;Botón home / huella;Compatible;7,25;;;6
RL-GT2P-NFC-COM;realme;GT 2 Pro;NFC y carga inalámbrica;Compatible;9,70;;;6
RL-GTNEO3-MAR-COM;realme;GT Neo 3;Marco / chasis;Compatible;8,20;;;6
RL-GTNEO3-BOT-COM;realme;GT Neo 3;Botones laterales;Compatible;4,20;;;6
RL-GTNEO3-CRI-COM;realme;GT Neo 3;Cristal de pantalla;Compatible;4,20;;;6
RL-GTNEO3-FPR-COM;realme;GT Neo 3;Flex principal;Compatible;3,45;;;6
RL-GTNEO3-VIB-COM;realme;GT Neo 3;Vibrador;Compatible;4,05;;;6
RL-GTNEO3-ANT-COM;realme;GT Neo 3;Antena / coaxial;Compatible;3,65;;;6
RL-GTNEO3-HUE-COM;realme;GT Neo 3;Botón home / huella;Compatible;6,05;;;6
RL-GTNEO3T-MAR-COM;realme;GT Neo 3T;Marco / chasis;Compatible;8,20;;;6
RL-GTNEO3T-BOT-COM;realme;GT Neo 3T;Botones laterales;Compatible;4,20;;;6
RL-GTNEO3T-CRI-COM;realme;GT Neo 3T;Cristal de pantalla;Compatible;4,20;;;6
RL-GTNEO3T-FPR-COM;realme;GT Neo 3T;Flex principal;Compatible;3,45;;;6
RL-GTNEO3T-VIB-COM;realme;GT Neo 3T;Vibrador;Compatible;4,05;;;6
RL-GTNEO3T-ANT-COM;realme;GT Neo 3T;Antena / coaxial;Compatible;3,65;;;6
RL-GTNEO3T-HUE-COM;realme;GT Neo 3T;Botón home / huella;Compatible;6,05;;;6
RL-GT6-MAR-COM;realme;GT 6;Marco / chasis;Compatible;9,05;;;6
RL-GT6-BOT-COM;realme;GT 6;Botones laterales;Compatible;4,65;;;6
RL-GT6-CRI-COM;realme;GT 6;Cristal de pantalla;Compatible;4,60;;;6
RL-GT6-FPR-COM;realme;GT 6;Flex principal;Compatible;3,80;;;6
RL-GT6-VIB-COM;realme;GT 6;Vibrador;Compatible;4,49;;;6
RL-GT6-ANT-COM;realme;GT 6;Antena / coaxial;Compatible;4,00;;;6
RL-GT6-HUE-COM;realme;GT 6;Botón home / huella;Compatible;6,69;;;6
RL-GT6T-MAR-COM;realme;GT 6T;Marco / chasis;Compatible;9,05;;;6
RL-GT6T-BOT-COM;realme;GT 6T;Botones laterales;Compatible;4,65;;;6
RL-GT6T-CRI-COM;realme;GT 6T;Cristal de pantalla;Compatible;4,60;;;6
RL-GT6T-FPR-COM;realme;GT 6T;Flex principal;Compatible;3,80;;;6
RL-GT6T-VIB-COM;realme;GT 6T;Vibrador;Compatible;4,49;;;6
RL-GT6T-ANT-COM;realme;GT 6T;Antena / coaxial;Compatible;4,00;;;6
RL-GT6T-HUE-COM;realme;GT 6T;Botón home / huella;Compatible;6,69;;;6
RL-GT7P-MAR-COM;realme;GT 7 Pro;Marco / chasis;Compatible;10,75;10,43;10,10;6
RL-GT7P-BOT-COM;realme;GT 7 Pro;Botones laterales;Compatible;5,55;;;6
RL-GT7P-CRI-COM;realme;GT 7 Pro;Cristal de pantalla;Compatible;5,50;;;6
RL-GT7P-FPR-COM;realme;GT 7 Pro;Flex principal;Compatible;4,55;;;6
RL-GT7P-VIB-COM;realme;GT 7 Pro;Vibrador;Compatible;5,35;;;6
RL-GT7P-ANT-COM;realme;GT 7 Pro;Antena / coaxial;Compatible;4,79;;;6
RL-GT7P-HUE-COM;realme;GT 7 Pro;Botón home / huella;Compatible;7,95;;;6
RL-GT7P-NFC-COM;realme;GT 7 Pro;NFC y carga inalámbrica;Compatible;10,69;10,37;10,05;6
RL-GT7-MAR-COM;realme;GT 7;Marco / chasis;Compatible;9,05;;;6
RL-GT7-BOT-COM;realme;GT 7;Botones laterales;Compatible;4,65;;;6
RL-GT7-CRI-COM;realme;GT 7;Cristal de pantalla;Compatible;4,60;;;6
RL-GT7-FPR-COM;realme;GT 7;Flex principal;Compatible;3,80;;;6
RL-GT7-VIB-COM;realme;GT 7;Vibrador;Compatible;4,49;;;6
RL-GT7-ANT-COM;realme;GT 7;Antena / coaxial;Compatible;4,00;;;6
RL-GT7-HUE-COM;realme;GT 7;Botón home / huella;Compatible;6,69;;;6
RL-GT7T-MAR-COM;realme;GT 7T;Marco / chasis;Compatible;9,05;;;6
RL-GT7T-BOT-COM;realme;GT 7T;Botones laterales;Compatible;4,65;;;6
RL-GT7T-CRI-COM;realme;GT 7T;Cristal de pantalla;Compatible;4,60;;;6
RL-GT7T-FPR-COM;realme;GT 7T;Flex principal;Compatible;3,80;;;6
RL-GT7T-VIB-COM;realme;GT 7T;Vibrador;Compatible;4,49;;;6
RL-GT7T-ANT-COM;realme;GT 7T;Antena / coaxial;Compatible;4,00;;;6
RL-GT7T-HUE-COM;realme;GT 7T;Botón home / huella;Compatible;6,69;;;6
RL-GT8P-MAR-COM;realme;GT 8 Pro;Marco / chasis;Compatible;10,75;10,43;10,10;6
RL-GT8P-BOT-COM;realme;GT 8 Pro;Botones laterales;Compatible;5,55;;;6
RL-GT8P-CRI-COM;realme;GT 8 Pro;Cristal de pantalla;Compatible;5,50;;;6
RL-GT8P-FPR-COM;realme;GT 8 Pro;Flex principal;Compatible;4,55;;;6
RL-GT8P-VIB-COM;realme;GT 8 Pro;Vibrador;Compatible;5,35;;;6
RL-GT8P-ANT-COM;realme;GT 8 Pro;Antena / coaxial;Compatible;4,79;;;6
RL-GT8P-HUE-COM;realme;GT 8 Pro;Botón home / huella;Compatible;7,95;;;6
RL-GT8P-NFC-COM;realme;GT 8 Pro;NFC y carga inalámbrica;Compatible;10,69;10,37;10,05;6
RL-P35-MAR-COM;realme;P3 5G;Marco / chasis;Compatible;6,89;;;6
RL-P35-BOT-COM;realme;P3 5G;Botones laterales;Compatible;3,55;;;6
RL-P35-CRI-COM;realme;P3 5G;Cristal de pantalla;Compatible;3,50;;;6
RL-P35-FPR-COM;realme;P3 5G;Flex principal;Compatible;2,90;;;6
RL-P35-VIB-COM;realme;P3 5G;Vibrador;Compatible;3,40;;;6
RL-P35-ANT-COM;realme;P3 5G;Antena / coaxial;Compatible;3,05;;;6
RL-P35-HUE-COM;realme;P3 5G;Botón home / huella;Compatible;5,09;;;6
RL-P3L-MAR-COM;realme;P3 Lite;Marco / chasis;Compatible;6,89;;;6
RL-P3L-BOT-COM;realme;P3 Lite;Botones laterales;Compatible;3,55;;;6
RL-P3L-CRI-COM;realme;P3 Lite;Cristal de pantalla;Compatible;3,50;;;6
RL-P3L-FPR-COM;realme;P3 Lite;Flex principal;Compatible;2,90;;;6
RL-P3L-VIB-COM;realme;P3 Lite;Vibrador;Compatible;3,40;;;6
RL-P3L-ANT-COM;realme;P3 Lite;Antena / coaxial;Compatible;3,05;;;6
RL-P3L-HUE-COM;realme;P3 Lite;Botón home / huella;Compatible;5,09;;;6
RL-P4X-MAR-COM;realme;P4x;Marco / chasis;Compatible;6,89;;;6
RL-P4X-BOT-COM;realme;P4x;Botones laterales;Compatible;3,55;;;6
RL-P4X-CRI-COM;realme;P4x;Cristal de pantalla;Compatible;3,50;;;6
RL-P4X-FPR-COM;realme;P4x;Flex principal;Compatible;2,90;;;6
RL-P4X-VIB-COM;realme;P4x;Vibrador;Compatible;3,40;;;6
RL-P4X-ANT-COM;realme;P4x;Antena / coaxial;Compatible;3,05;;;6
RL-P4X-HUE-COM;realme;P4x;Botón home / huella;Compatible;5,09;;;6
RL-P4L-MAR-COM;realme;P4 Lite;Marco / chasis;Compatible;6,89;;;6
RL-P4L-BOT-COM;realme;P4 Lite;Botones laterales;Compatible;3,55;;;6
RL-P4L-CRI-COM;realme;P4 Lite;Cristal de pantalla;Compatible;3,50;;;6
RL-P4L-FPR-COM;realme;P4 Lite;Flex principal;Compatible;2,90;;;6
RL-P4L-VIB-COM;realme;P4 Lite;Vibrador;Compatible;3,40;;;6
RL-P4L-ANT-COM;realme;P4 Lite;Antena / coaxial;Compatible;3,05;;;6
RL-P4L-HUE-COM;realme;P4 Lite;Botón home / huella;Compatible;5,09;;;6
RL-X2-MAR-COM;realme;X2;Marco / chasis;Compatible;7,40;;;6
RL-X2-BOT-COM;realme;X2;Botones laterales;Compatible;3,80;;;6
RL-X2-CRI-COM;realme;X2;Cristal de pantalla;Compatible;3,79;;;6
RL-X2-FPR-COM;realme;X2;Flex principal;Compatible;3,10;;;6
RL-X2-VIB-COM;realme;X2;Vibrador;Compatible;3,65;;;6
RL-X2-ANT-COM;realme;X2;Antena / coaxial;Compatible;3,29;;;6
RL-X2-HUE-COM;realme;X2;Botón home / huella;Compatible;5,45;;;6
RL-X2P-MAR-COM;realme;X2 Pro;Marco / chasis;Compatible;7,40;;;6
RL-X2P-BOT-COM;realme;X2 Pro;Botones laterales;Compatible;3,80;;;6
RL-X2P-CRI-COM;realme;X2 Pro;Cristal de pantalla;Compatible;3,79;;;6
RL-X2P-FPR-COM;realme;X2 Pro;Flex principal;Compatible;3,10;;;6
RL-X2P-VIB-COM;realme;X2 Pro;Vibrador;Compatible;3,65;;;6
RL-X2P-ANT-COM;realme;X2 Pro;Antena / coaxial;Compatible;3,29;;;6
RL-X2P-HUE-COM;realme;X2 Pro;Botón home / huella;Compatible;5,45;;;6
RL-X505-MAR-COM;realme;X50 5G;Marco / chasis;Compatible;8,20;;;6
RL-X505-BOT-COM;realme;X50 5G;Botones laterales;Compatible;4,20;;;6
RL-X505-CRI-COM;realme;X50 5G;Cristal de pantalla;Compatible;4,20;;;6
RL-X505-FPR-COM;realme;X50 5G;Flex principal;Compatible;3,45;;;6
RL-X505-VIB-COM;realme;X50 5G;Vibrador;Compatible;4,05;;;6
RL-X505-ANT-COM;realme;X50 5G;Antena / coaxial;Compatible;3,65;;;6
RL-X505-HUE-COM;realme;X50 5G;Botón home / huella;Compatible;6,05;;;6
RL-X50P5-MAR-COM;realme;X50 Pro 5G;Marco / chasis;Compatible;8,20;;;6
RL-X50P5-BOT-COM;realme;X50 Pro 5G;Botones laterales;Compatible;4,20;;;6
RL-X50P5-CRI-COM;realme;X50 Pro 5G;Cristal de pantalla;Compatible;4,20;;;6
RL-X50P5-FPR-COM;realme;X50 Pro 5G;Flex principal;Compatible;3,45;;;6
RL-X50P5-VIB-COM;realme;X50 Pro 5G;Vibrador;Compatible;4,05;;;6
RL-X50P5-ANT-COM;realme;X50 Pro 5G;Antena / coaxial;Compatible;3,65;;;6
RL-X50P5-HUE-COM;realme;X50 Pro 5G;Botón home / huella;Compatible;6,05;;;6
RL-X3SZ-MAR-COM;realme;X3 SuperZoom;Marco / chasis;Compatible;8,20;;;6
RL-X3SZ-BOT-COM;realme;X3 SuperZoom;Botones laterales;Compatible;4,20;;;6
RL-X3SZ-CRI-COM;realme;X3 SuperZoom;Cristal de pantalla;Compatible;4,20;;;6
RL-X3SZ-FPR-COM;realme;X3 SuperZoom;Flex principal;Compatible;3,45;;;6
RL-X3SZ-VIB-COM;realme;X3 SuperZoom;Vibrador;Compatible;4,05;;;6
RL-X3SZ-ANT-COM;realme;X3 SuperZoom;Antena / coaxial;Compatible;3,65;;;6
RL-X3SZ-HUE-COM;realme;X3 SuperZoom;Botón home / huella;Compatible;6,05;;;6
RL-C85P-MAR-COM;realme;C85 Pro;Marco / chasis;Compatible;6,89;;;6
RL-C85P-BOT-COM;realme;C85 Pro;Botones laterales;Compatible;3,55;;;6
RL-C85P-CRI-COM;realme;C85 Pro;Cristal de pantalla;Compatible;3,50;;;6
RL-C85P-FPR-COM;realme;C85 Pro;Flex principal;Compatible;2,90;;;6
RL-C85P-VIB-COM;realme;C85 Pro;Vibrador;Compatible;3,40;;;6
RL-C85P-ANT-COM;realme;C85 Pro;Antena / coaxial;Compatible;3,05;;;6
RL-C85P-HUE-COM;realme;C85 Pro;Botón home / huella;Compatible;5,09;;;6
RL-15L-MAR-COM;realme;15 Lite;Marco / chasis;Compatible;7,90;;;6
RL-15L-BOT-COM;realme;15 Lite;Botones laterales;Compatible;4,05;;;6
RL-15L-CRI-COM;realme;15 Lite;Cristal de pantalla;Compatible;4,05;;;6
RL-15L-FPR-COM;realme;15 Lite;Flex principal;Compatible;3,35;;;6
RL-15L-VIB-COM;realme;15 Lite;Vibrador;Compatible;3,95;;;6
RL-15L-ANT-COM;realme;15 Lite;Antena / coaxial;Compatible;3,50;;;6
RL-15L-HUE-COM;realme;15 Lite;Botón home / huella;Compatible;5,85;;;6
RL-15X-MAR-COM;realme;15x;Marco / chasis;Compatible;7,90;;;6
RL-15X-BOT-COM;realme;15x;Botones laterales;Compatible;4,05;;;6
RL-15X-CRI-COM;realme;15x;Cristal de pantalla;Compatible;4,05;;;6
RL-15X-FPR-COM;realme;15x;Flex principal;Compatible;3,35;;;6
RL-15X-VIB-COM;realme;15x;Vibrador;Compatible;3,95;;;6
RL-15X-ANT-COM;realme;15x;Antena / coaxial;Compatible;3,50;;;6
RL-15X-HUE-COM;realme;15x;Botón home / huella;Compatible;5,85;;;6
RL-15T-MAR-COM;realme;15T;Marco / chasis;Compatible;7,90;;;6
RL-15T-BOT-COM;realme;15T;Botones laterales;Compatible;4,05;;;6
RL-15T-CRI-COM;realme;15T;Cristal de pantalla;Compatible;4,05;;;6
RL-15T-FPR-COM;realme;15T;Flex principal;Compatible;3,35;;;6
RL-15T-VIB-COM;realme;15T;Vibrador;Compatible;3,95;;;6
RL-15T-ANT-COM;realme;15T;Antena / coaxial;Compatible;3,50;;;6
RL-15T-HUE-COM;realme;15T;Botón home / huella;Compatible;5,85;;;6
RL-15-MAR-COM;realme;15;Marco / chasis;Compatible;7,90;;;6
RL-15-BOT-COM;realme;15;Botones laterales;Compatible;4,05;;;6
RL-15-CRI-COM;realme;15;Cristal de pantalla;Compatible;4,05;;;6
RL-15-FPR-COM;realme;15;Flex principal;Compatible;3,35;;;6
RL-15-VIB-COM;realme;15;Vibrador;Compatible;3,95;;;6
RL-15-ANT-COM;realme;15;Antena / coaxial;Compatible;3,50;;;6
RL-15-HUE-COM;realme;15;Botón home / huella;Compatible;5,85;;;6
RL-15P-MAR-COM;realme;15 Pro;Marco / chasis;Compatible;9,05;;;6
RL-15P-BOT-COM;realme;15 Pro;Botones laterales;Compatible;4,65;;;6
RL-15P-CRI-COM;realme;15 Pro;Cristal de pantalla;Compatible;4,60;;;6
RL-15P-FPR-COM;realme;15 Pro;Flex principal;Compatible;3,80;;;6
RL-15P-VIB-COM;realme;15 Pro;Vibrador;Compatible;4,49;;;6
RL-15P-ANT-COM;realme;15 Pro;Antena / coaxial;Compatible;4,00;;;6
RL-15P-HUE-COM;realme;15 Pro;Botón home / huella;Compatible;6,69;;;6
RL-C73-MAR-COM;realme;C73;Marco / chasis;Compatible;6,89;;;6
RL-C73-BOT-COM;realme;C73;Botones laterales;Compatible;3,55;;;6
RL-C73-CRI-COM;realme;C73;Cristal de pantalla;Compatible;3,50;;;6
RL-C73-FPR-COM;realme;C73;Flex principal;Compatible;2,90;;;6
RL-C73-VIB-COM;realme;C73;Vibrador;Compatible;3,40;;;6
RL-C73-ANT-COM;realme;C73;Antena / coaxial;Compatible;3,05;;;6
RL-C73-HUE-COM;realme;C73;Botón home / huella;Compatible;5,09;;;6
RL-C755-MAR-COM;realme;C75 5G;Marco / chasis;Compatible;6,89;;;6
RL-C755-BOT-COM;realme;C75 5G;Botones laterales;Compatible;3,55;;;6
RL-C755-CRI-COM;realme;C75 5G;Cristal de pantalla;Compatible;3,50;;;6
RL-C755-FPR-COM;realme;C75 5G;Flex principal;Compatible;2,90;;;6
RL-C755-VIB-COM;realme;C75 5G;Vibrador;Compatible;3,40;;;6
RL-C755-ANT-COM;realme;C75 5G;Antena / coaxial;Compatible;3,05;;;6
RL-C755-HUE-COM;realme;C75 5G;Botón home / huella;Compatible;5,09;;;6
RL-14PL-MAR-COM;realme;14 Pro Lite;Marco / chasis;Compatible;9,05;;;6
RL-14PL-BOT-COM;realme;14 Pro Lite;Botones laterales;Compatible;4,65;;;6
RL-14PL-CRI-COM;realme;14 Pro Lite;Cristal de pantalla;Compatible;4,60;;;6
RL-14PL-FPR-COM;realme;14 Pro Lite;Flex principal;Compatible;3,80;;;6
RL-14PL-VIB-COM;realme;14 Pro Lite;Vibrador;Compatible;4,49;;;6
RL-14PL-ANT-COM;realme;14 Pro Lite;Antena / coaxial;Compatible;4,00;;;6
RL-14PL-HUE-COM;realme;14 Pro Lite;Botón home / huella;Compatible;6,69;;;6
RL-C75X-MAR-COM;realme;C75x;Marco / chasis;Compatible;6,89;;;6
RL-C75X-BOT-COM;realme;C75x;Botones laterales;Compatible;3,55;;;6
RL-C75X-CRI-COM;realme;C75x;Cristal de pantalla;Compatible;3,50;;;6
RL-C75X-FPR-COM;realme;C75x;Flex principal;Compatible;2,90;;;6
RL-C75X-VIB-COM;realme;C75x;Vibrador;Compatible;3,40;;;6
RL-C75X-ANT-COM;realme;C75x;Antena / coaxial;Compatible;3,05;;;6
RL-C75X-HUE-COM;realme;C75x;Botón home / huella;Compatible;5,09;;;6
RL-P3U-MAR-COM;realme;P3 Ultra;Marco / chasis;Compatible;6,89;;;6
RL-P3U-BOT-COM;realme;P3 Ultra;Botones laterales;Compatible;3,55;;;6
RL-P3U-CRI-COM;realme;P3 Ultra;Cristal de pantalla;Compatible;3,50;;;6
RL-P3U-FPR-COM;realme;P3 Ultra;Flex principal;Compatible;2,90;;;6
RL-P3U-VIB-COM;realme;P3 Ultra;Vibrador;Compatible;3,40;;;6
RL-P3U-ANT-COM;realme;P3 Ultra;Antena / coaxial;Compatible;3,05;;;6
RL-P3U-HUE-COM;realme;P3 Ultra;Botón home / huella;Compatible;5,09;;;6
RL-V70-MAR-COM;realme;V70;Marco / chasis;Compatible;7,90;;;6
RL-V70-BOT-COM;realme;V70;Botones laterales;Compatible;4,05;;;6
RL-V70-CRI-COM;realme;V70;Cristal de pantalla;Compatible;4,05;;;6
RL-V70-FPR-COM;realme;V70;Flex principal;Compatible;3,35;;;6
RL-V70-VIB-COM;realme;V70;Vibrador;Compatible;3,95;;;6
RL-V70-ANT-COM;realme;V70;Antena / coaxial;Compatible;3,50;;;6
RL-V70-HUE-COM;realme;V70;Botón home / huella;Compatible;5,85;;;6
RL-V70S-MAR-COM;realme;V70s;Marco / chasis;Compatible;7,90;;;6
RL-V70S-BOT-COM;realme;V70s;Botones laterales;Compatible;4,05;;;6
RL-V70S-CRI-COM;realme;V70s;Cristal de pantalla;Compatible;4,05;;;6
RL-V70S-FPR-COM;realme;V70s;Flex principal;Compatible;3,35;;;6
RL-V70S-VIB-COM;realme;V70s;Vibrador;Compatible;3,95;;;6
RL-V70S-ANT-COM;realme;V70s;Antena / coaxial;Compatible;3,50;;;6
RL-V70S-HUE-COM;realme;V70s;Botón home / huella;Compatible;5,85;;;6
RL-P3P-MAR-COM;realme;P3 Pro;Marco / chasis;Compatible;6,89;;;6
RL-P3P-BOT-COM;realme;P3 Pro;Botones laterales;Compatible;3,55;;;6
RL-P3P-CRI-COM;realme;P3 Pro;Cristal de pantalla;Compatible;3,50;;;6
RL-P3P-FPR-COM;realme;P3 Pro;Flex principal;Compatible;2,90;;;6
RL-P3P-VIB-COM;realme;P3 Pro;Vibrador;Compatible;3,40;;;6
RL-P3P-ANT-COM;realme;P3 Pro;Antena / coaxial;Compatible;3,05;;;6
RL-P3P-HUE-COM;realme;P3 Pro;Botón home / huella;Compatible;5,09;;;6
RL-P3X-MAR-COM;realme;P3x;Marco / chasis;Compatible;6,89;;;6
RL-P3X-BOT-COM;realme;P3x;Botones laterales;Compatible;3,55;;;6
RL-P3X-CRI-COM;realme;P3x;Cristal de pantalla;Compatible;3,50;;;6
RL-P3X-FPR-COM;realme;P3x;Flex principal;Compatible;2,90;;;6
RL-P3X-VIB-COM;realme;P3x;Vibrador;Compatible;3,40;;;6
RL-P3X-ANT-COM;realme;P3x;Antena / coaxial;Compatible;3,05;;;6
RL-P3X-HUE-COM;realme;P3x;Botón home / huella;Compatible;5,09;;;6
RL-NOTE60X-MAR-COM;realme;Note 60x;Marco / chasis;Compatible;6,89;;;6
RL-NOTE60X-BOT-COM;realme;Note 60x;Botones laterales;Compatible;3,55;;;6
RL-NOTE60X-CRI-COM;realme;Note 60x;Cristal de pantalla;Compatible;3,50;;;6
RL-NOTE60X-FPR-COM;realme;Note 60x;Flex principal;Compatible;2,90;;;6
RL-NOTE60X-VIB-COM;realme;Note 60x;Vibrador;Compatible;3,40;;;6
RL-NOTE60X-ANT-COM;realme;Note 60x;Antena / coaxial;Compatible;3,05;;;6
RL-NOTE60X-HUE-COM;realme;Note 60x;Botón home / huella;Compatible;5,09;;;6
RL-V60P-MAR-COM;realme;V60 Pro;Marco / chasis;Compatible;9,05;;;6
RL-V60P-BOT-COM;realme;V60 Pro;Botones laterales;Compatible;4,65;;;6
RL-V60P-CRI-COM;realme;V60 Pro;Cristal de pantalla;Compatible;4,60;;;6
RL-V60P-FPR-COM;realme;V60 Pro;Flex principal;Compatible;3,80;;;6
RL-V60P-VIB-COM;realme;V60 Pro;Vibrador;Compatible;4,49;;;6
RL-V60P-ANT-COM;realme;V60 Pro;Antena / coaxial;Compatible;4,00;;;6
RL-V60P-HUE-COM;realme;V60 Pro;Botón home / huella;Compatible;6,69;;;6
RL-135-MAR-COM;realme;13 5G;Marco / chasis;Compatible;7,90;;;6
RL-135-BOT-COM;realme;13 5G;Botones laterales;Compatible;4,05;;;6
RL-135-CRI-COM;realme;13 5G;Cristal de pantalla;Compatible;4,05;;;6
RL-135-FPR-COM;realme;13 5G;Flex principal;Compatible;3,35;;;6
RL-135-VIB-COM;realme;13 5G;Vibrador;Compatible;3,95;;;6
RL-135-ANT-COM;realme;13 5G;Antena / coaxial;Compatible;3,50;;;6
RL-135-HUE-COM;realme;13 5G;Botón home / huella;Compatible;5,85;;;6
RL-13PE-MAR-COM;realme;13 Pro Extreme;Marco / chasis;Compatible;9,05;;;6
RL-13PE-BOT-COM;realme;13 Pro Extreme;Botones laterales;Compatible;4,65;;;6
RL-13PE-CRI-COM;realme;13 Pro Extreme;Cristal de pantalla;Compatible;4,60;;;6
RL-13PE-FPR-COM;realme;13 Pro Extreme;Flex principal;Compatible;3,80;;;6
RL-13PE-VIB-COM;realme;13 Pro Extreme;Vibrador;Compatible;4,49;;;6
RL-13PE-ANT-COM;realme;13 Pro Extreme;Antena / coaxial;Compatible;4,00;;;6
RL-13PE-HUE-COM;realme;13 Pro Extreme;Botón home / huella;Compatible;6,69;;;6
RL-NARZO70T-MAR-COM;realme;narzo 70 Turbo;Marco / chasis;Compatible;7,90;;;6
RL-NARZO70T-BOT-COM;realme;narzo 70 Turbo;Botones laterales;Compatible;4,05;;;6
RL-NARZO70T-CRI-COM;realme;narzo 70 Turbo;Cristal de pantalla;Compatible;4,05;;;6
RL-NARZO70T-FPR-COM;realme;narzo 70 Turbo;Flex principal;Compatible;3,35;;;6
RL-NARZO70T-VIB-COM;realme;narzo 70 Turbo;Vibrador;Compatible;3,95;;;6
RL-NARZO70T-ANT-COM;realme;narzo 70 Turbo;Antena / coaxial;Compatible;3,50;;;6
RL-NARZO70T-HUE-COM;realme;narzo 70 Turbo;Botón home / huella;Compatible;5,85;;;6
RL-P2P-MAR-COM;realme;P2 Pro;Marco / chasis;Compatible;6,89;;;6
RL-P2P-BOT-COM;realme;P2 Pro;Botones laterales;Compatible;3,55;;;6
RL-P2P-CRI-COM;realme;P2 Pro;Cristal de pantalla;Compatible;3,50;;;6
RL-P2P-FPR-COM;realme;P2 Pro;Flex principal;Compatible;2,90;;;6
RL-P2P-VIB-COM;realme;P2 Pro;Vibrador;Compatible;3,40;;;6
RL-P2P-ANT-COM;realme;P2 Pro;Antena / coaxial;Compatible;3,05;;;6
RL-P2P-HUE-COM;realme;P2 Pro;Botón home / huella;Compatible;5,09;;;6
RL-13-MAR-COM;realme;13;Marco / chasis;Compatible;7,90;;;6
RL-13-BOT-COM;realme;13;Botones laterales;Compatible;4,05;;;6
RL-13-CRI-COM;realme;13;Cristal de pantalla;Compatible;4,05;;;6
RL-13-FPR-COM;realme;13;Flex principal;Compatible;3,35;;;6
RL-13-VIB-COM;realme;13;Vibrador;Compatible;3,95;;;6
RL-13-ANT-COM;realme;13;Antena / coaxial;Compatible;3,50;;;6
RL-13-HUE-COM;realme;13;Botón home / huella;Compatible;5,85;;;6
RL-13PPL-MAR-COM;realme;13 Pro+;Marco / chasis;Compatible;9,05;;;6
RL-13PPL-BOT-COM;realme;13 Pro+;Botones laterales;Compatible;4,65;;;6
RL-13PPL-CRI-COM;realme;13 Pro+;Cristal de pantalla;Compatible;4,60;;;6
RL-13PPL-FPR-COM;realme;13 Pro+;Flex principal;Compatible;3,80;;;6
RL-13PPL-VIB-COM;realme;13 Pro+;Vibrador;Compatible;4,49;;;6
RL-13PPL-ANT-COM;realme;13 Pro+;Antena / coaxial;Compatible;4,00;;;6
RL-13PPL-HUE-COM;realme;13 Pro+;Botón home / huella;Compatible;6,69;;;6
RL-C635-MAR-COM;realme;C63 5G;Marco / chasis;Compatible;6,89;;;6
RL-C635-BOT-COM;realme;C63 5G;Botones laterales;Compatible;3,55;;;6
RL-C635-CRI-COM;realme;C63 5G;Cristal de pantalla;Compatible;3,50;;;6
RL-C635-FPR-COM;realme;C63 5G;Flex principal;Compatible;2,90;;;6
RL-C635-VIB-COM;realme;C63 5G;Vibrador;Compatible;3,40;;;6
RL-C635-ANT-COM;realme;C63 5G;Antena / coaxial;Compatible;3,05;;;6
RL-C635-HUE-COM;realme;C63 5G;Botón home / huella;Compatible;5,09;;;6
RL-GTNEO6-MAR-COM;realme;GT Neo 6;Marco / chasis;Compatible;9,05;;;6
RL-GTNEO6-BOT-COM;realme;GT Neo 6;Botones laterales;Compatible;4,65;;;6
RL-GTNEO6-CRI-COM;realme;GT Neo 6;Cristal de pantalla;Compatible;4,60;;;6
RL-GTNEO6-FPR-COM;realme;GT Neo 6;Flex principal;Compatible;3,80;;;6
RL-GTNEO6-VIB-COM;realme;GT Neo 6;Vibrador;Compatible;4,49;;;6
RL-GTNEO6-ANT-COM;realme;GT Neo 6;Antena / coaxial;Compatible;4,00;;;6
RL-GTNEO6-HUE-COM;realme;GT Neo 6;Botón home / huella;Compatible;6,69;;;6
RL-GTNEO6S2-MAR-COM;realme;GT Neo 6 SE;Marco / chasis;Compatible;9,05;;;6
RL-GTNEO6S2-BOT-COM;realme;GT Neo 6 SE;Botones laterales;Compatible;4,65;;;6
RL-GTNEO6S2-CRI-COM;realme;GT Neo 6 SE;Cristal de pantalla;Compatible;4,60;;;6
RL-GTNEO6S2-FPR-COM;realme;GT Neo 6 SE;Flex principal;Compatible;3,80;;;6
RL-GTNEO6S2-VIB-COM;realme;GT Neo 6 SE;Vibrador;Compatible;4,49;;;6
RL-GTNEO6S2-ANT-COM;realme;GT Neo 6 SE;Antena / coaxial;Compatible;4,00;;;6
RL-GTNEO6S2-HUE-COM;realme;GT Neo 6 SE;Botón home / huella;Compatible;6,69;;;6
RL-N70-MAR-COM;realme;narzo 70;Marco / chasis;Compatible;7,90;;;6
RL-N70-BOT-COM;realme;narzo 70;Botones laterales;Compatible;4,05;;;6
RL-N70-CRI-COM;realme;narzo 70;Cristal de pantalla;Compatible;4,05;;;6
RL-N70-FPR-COM;realme;narzo 70;Flex principal;Compatible;3,35;;;6
RL-N70-VIB-COM;realme;narzo 70;Vibrador;Compatible;3,95;;;6
RL-N70-ANT-COM;realme;narzo 70;Antena / coaxial;Compatible;3,50;;;6
RL-N70-HUE-COM;realme;narzo 70;Botón home / huella;Compatible;5,85;;;6
RL-N70X-MAR-COM;realme;narzo 70x;Marco / chasis;Compatible;7,90;;;6
RL-N70X-BOT-COM;realme;narzo 70x;Botones laterales;Compatible;4,05;;;6
RL-N70X-CRI-COM;realme;narzo 70x;Cristal de pantalla;Compatible;4,05;;;6
RL-N70X-FPR-COM;realme;narzo 70x;Flex principal;Compatible;3,35;;;6
RL-N70X-VIB-COM;realme;narzo 70x;Vibrador;Compatible;3,95;;;6
RL-N70X-ANT-COM;realme;narzo 70x;Antena / coaxial;Compatible;3,50;;;6
RL-N70X-HUE-COM;realme;narzo 70x;Botón home / huella;Compatible;5,85;;;6
RL-P1-MAR-COM;realme;P1;Marco / chasis;Compatible;6,89;;;6
RL-P1-BOT-COM;realme;P1;Botones laterales;Compatible;3,55;;;6
RL-P1-CRI-COM;realme;P1;Cristal de pantalla;Compatible;3,50;;;6
RL-P1-FPR-COM;realme;P1;Flex principal;Compatible;2,90;;;6
RL-P1-VIB-COM;realme;P1;Vibrador;Compatible;3,40;;;6
RL-P1-ANT-COM;realme;P1;Antena / coaxial;Compatible;3,05;;;6
RL-P1-HUE-COM;realme;P1;Botón home / huella;Compatible;5,09;;;6
RL-P1P-MAR-COM;realme;P1 Pro;Marco / chasis;Compatible;6,89;;;6
RL-P1P-BOT-COM;realme;P1 Pro;Botones laterales;Compatible;3,55;;;6
RL-P1P-CRI-COM;realme;P1 Pro;Cristal de pantalla;Compatible;3,50;;;6
RL-P1P-FPR-COM;realme;P1 Pro;Flex principal;Compatible;2,90;;;6
RL-P1P-VIB-COM;realme;P1 Pro;Vibrador;Compatible;3,40;;;6
RL-P1P-ANT-COM;realme;P1 Pro;Antena / coaxial;Compatible;3,05;;;6
RL-P1P-HUE-COM;realme;P1 Pro;Botón home / huella;Compatible;5,09;;;6
RL-V50-MAR-COM;realme;V50;Marco / chasis;Compatible;7,20;;;6
RL-V50-BOT-COM;realme;V50;Botones laterales;Compatible;3,70;;;6
RL-V50-CRI-COM;realme;V50;Cristal de pantalla;Compatible;3,69;;;6
RL-V50-FPR-COM;realme;V50;Flex principal;Compatible;3,05;;;6
RL-V50-VIB-COM;realme;V50;Vibrador;Compatible;3,55;;;6
RL-V50-ANT-COM;realme;V50;Antena / coaxial;Compatible;3,20;;;6
RL-V50-HUE-COM;realme;V50;Botón home / huella;Compatible;5,30;;;6
RL-V50S-MAR-COM;realme;V50s;Marco / chasis;Compatible;7,20;;;6
RL-V50S-BOT-COM;realme;V50s;Botones laterales;Compatible;3,70;;;6
RL-V50S-CRI-COM;realme;V50s;Cristal de pantalla;Compatible;3,69;;;6
RL-V50S-FPR-COM;realme;V50s;Flex principal;Compatible;3,05;;;6
RL-V50S-VIB-COM;realme;V50s;Vibrador;Compatible;3,55;;;6
RL-V50S-ANT-COM;realme;V50s;Antena / coaxial;Compatible;3,20;;;6
RL-V50S-HUE-COM;realme;V50s;Botón home / huella;Compatible;5,30;;;6
RL-N60X-MAR-COM;realme;narzo 60x;Marco / chasis;Compatible;7,20;;;6
RL-N60X-BOT-COM;realme;narzo 60x;Botones laterales;Compatible;3,70;;;6
RL-N60X-CRI-COM;realme;narzo 60x;Cristal de pantalla;Compatible;3,69;;;6
RL-N60X-FPR-COM;realme;narzo 60x;Flex principal;Compatible;3,05;;;6
RL-N60X-VIB-COM;realme;narzo 60x;Vibrador;Compatible;3,55;;;6
RL-N60X-ANT-COM;realme;narzo 60x;Antena / coaxial;Compatible;3,20;;;6
RL-N60X-HUE-COM;realme;narzo 60x;Botón home / huella;Compatible;5,30;;;6
RL-11X-MAR-COM;realme;11x;Marco / chasis;Compatible;7,20;;;6
RL-11X-BOT-COM;realme;11x;Botones laterales;Compatible;3,70;;;6
RL-11X-CRI-COM;realme;11x;Cristal de pantalla;Compatible;3,69;;;6
RL-11X-FPR-COM;realme;11x;Flex principal;Compatible;3,05;;;6
RL-11X-VIB-COM;realme;11x;Vibrador;Compatible;3,55;;;6
RL-11X-ANT-COM;realme;11x;Antena / coaxial;Compatible;3,20;;;6
RL-11X-HUE-COM;realme;11x;Botón home / huella;Compatible;5,30;;;6
RL-GT52-MAR-COM;realme;GT5;Marco / chasis;Compatible;8,20;;;6
RL-GT52-BOT-COM;realme;GT5;Botones laterales;Compatible;4,20;;;6
RL-GT52-CRI-COM;realme;GT5;Cristal de pantalla;Compatible;4,20;;;6
RL-GT52-FPR-COM;realme;GT5;Flex principal;Compatible;3,45;;;6
RL-GT52-VIB-COM;realme;GT5;Vibrador;Compatible;4,05;;;6
RL-GT52-ANT-COM;realme;GT5;Antena / coaxial;Compatible;3,65;;;6
RL-GT52-HUE-COM;realme;GT5;Botón home / huella;Compatible;6,05;;;6
RL-GT5240W-MAR-COM;realme;GT5 240W;Marco / chasis;Compatible;8,20;;;6
RL-GT5240W-BOT-COM;realme;GT5 240W;Botones laterales;Compatible;4,20;;;6
RL-GT5240W-CRI-COM;realme;GT5 240W;Cristal de pantalla;Compatible;4,20;;;6
RL-GT5240W-FPR-COM;realme;GT5 240W;Flex principal;Compatible;3,45;;;6
RL-GT5240W-VIB-COM;realme;GT5 240W;Vibrador;Compatible;4,05;;;6
RL-GT5240W-ANT-COM;realme;GT5 240W;Antena / coaxial;Compatible;3,65;;;6
RL-GT5240W-HUE-COM;realme;GT5 240W;Botón home / huella;Compatible;6,05;;;6
RL-GT5P-MAR-COM;realme;GT5 Pro;Marco / chasis;Compatible;9,79;;;6
RL-GT5P-BOT-COM;realme;GT5 Pro;Botones laterales;Compatible;5,00;;;6
RL-GT5P-CRI-COM;realme;GT5 Pro;Cristal de pantalla;Compatible;5,00;;;6
RL-GT5P-FPR-COM;realme;GT5 Pro;Flex principal;Compatible;4,15;;;6
RL-GT5P-VIB-COM;realme;GT5 Pro;Vibrador;Compatible;4,85;;;6
RL-GT5P-ANT-COM;realme;GT5 Pro;Antena / coaxial;Compatible;4,35;;;6
RL-GT5P-HUE-COM;realme;GT5 Pro;Botón home / huella;Compatible;7,25;;;6
RL-GT5P-NFC-COM;realme;GT5 Pro;NFC y carga inalámbrica;Compatible;9,70;;;6
RL-NARZO60-MAR-COM;realme;narzo 60;Marco / chasis;Compatible;7,20;;;6
RL-NARZO60-BOT-COM;realme;narzo 60;Botones laterales;Compatible;3,70;;;6
RL-NARZO60-CRI-COM;realme;narzo 60;Cristal de pantalla;Compatible;3,69;;;6
RL-NARZO60-FPR-COM;realme;narzo 60;Flex principal;Compatible;3,05;;;6
RL-NARZO60-VIB-COM;realme;narzo 60;Vibrador;Compatible;3,55;;;6
RL-NARZO60-ANT-COM;realme;narzo 60;Antena / coaxial;Compatible;3,20;;;6
RL-NARZO60-HUE-COM;realme;narzo 60;Botón home / huella;Compatible;5,30;;;6
RL-GTNEO5SE-MAR-COM;realme;GT Neo5 SE;Marco / chasis;Compatible;8,20;;;6
RL-GTNEO5SE-BOT-COM;realme;GT Neo5 SE;Botones laterales;Compatible;4,20;;;6
RL-GTNEO5SE-CRI-COM;realme;GT Neo5 SE;Cristal de pantalla;Compatible;4,20;;;6
RL-GTNEO5SE-FPR-COM;realme;GT Neo5 SE;Flex principal;Compatible;3,45;;;6
RL-GTNEO5SE-VIB-COM;realme;GT Neo5 SE;Vibrador;Compatible;4,05;;;6
RL-GTNEO5SE-ANT-COM;realme;GT Neo5 SE;Antena / coaxial;Compatible;3,65;;;6
RL-GTNEO5SE-HUE-COM;realme;GT Neo5 SE;Botón home / huella;Compatible;6,05;;;6
RL-10T-MAR-COM;realme;10T;Marco / chasis;Compatible;7,20;;;6
RL-10T-BOT-COM;realme;10T;Botones laterales;Compatible;3,70;;;6
RL-10T-CRI-COM;realme;10T;Cristal de pantalla;Compatible;3,69;;;6
RL-10T-FPR-COM;realme;10T;Flex principal;Compatible;3,05;;;6
RL-10T-VIB-COM;realme;10T;Vibrador;Compatible;3,55;;;6
RL-10T-ANT-COM;realme;10T;Antena / coaxial;Compatible;3,20;;;6
RL-10T-HUE-COM;realme;10T;Botón home / huella;Compatible;5,30;;;6
RL-C3323-MAR-COM;realme;C33 2023;Marco / chasis;Compatible;6,25;;;6
RL-C3323-BOT-COM;realme;C33 2023;Botones laterales;Compatible;3,20;;;6
RL-C3323-CRI-COM;realme;C33 2023;Cristal de pantalla;Compatible;3,20;;;6
RL-C3323-FPR-COM;realme;C33 2023;Flex principal;Compatible;2,65;;;6
RL-C3323-VIB-COM;realme;C33 2023;Vibrador;Compatible;3,10;;;6
RL-C3323-ANT-COM;realme;C33 2023;Antena / coaxial;Compatible;2,79;;;6
RL-C3323-HUE-COM;realme;C33 2023;Botón home / huella;Compatible;4,60;;;6
RL-C51S-MAR-COM;realme;C51s;Marco / chasis;Compatible;6,25;;;6
RL-C51S-BOT-COM;realme;C51s;Botones laterales;Compatible;3,20;;;6
RL-C51S-CRI-COM;realme;C51s;Cristal de pantalla;Compatible;3,20;;;6
RL-C51S-FPR-COM;realme;C51s;Flex principal;Compatible;2,65;;;6
RL-C51S-VIB-COM;realme;C51s;Vibrador;Compatible;3,10;;;6
RL-C51S-ANT-COM;realme;C51s;Antena / coaxial;Compatible;2,79;;;6
RL-C51S-HUE-COM;realme;C51s;Botón home / huella;Compatible;4,60;;;6
RL-GTNEO524-MAR-COM;realme;GT Neo5 240 W;Marco / chasis;Compatible;8,20;;;6
RL-GTNEO524-BOT-COM;realme;GT Neo5 240 W;Botones laterales;Compatible;4,20;;;6
RL-GTNEO524-CRI-COM;realme;GT Neo5 240 W;Cristal de pantalla;Compatible;4,20;;;6
RL-GTNEO524-FPR-COM;realme;GT Neo5 240 W;Flex principal;Compatible;3,45;;;6
RL-GTNEO524-VIB-COM;realme;GT Neo5 240 W;Vibrador;Compatible;4,05;;;6
RL-GTNEO524-ANT-COM;realme;GT Neo5 240 W;Antena / coaxial;Compatible;3,65;;;6
RL-GTNEO524-HUE-COM;realme;GT Neo5 240 W;Botón home / huella;Compatible;6,05;;;6
RL-V30-MAR-COM;realme;V30;Marco / chasis;Compatible;7,20;;;6
RL-V30-BOT-COM;realme;V30;Botones laterales;Compatible;3,70;;;6
RL-V30-CRI-COM;realme;V30;Cristal de pantalla;Compatible;3,69;;;6
RL-V30-FPR-COM;realme;V30;Flex principal;Compatible;3,05;;;6
RL-V30-VIB-COM;realme;V30;Vibrador;Compatible;3,55;;;6
RL-V30-ANT-COM;realme;V30;Antena / coaxial;Compatible;3,20;;;6
RL-V30-HUE-COM;realme;V30;Botón home / huella;Compatible;5,30;;;6
RL-V30T-MAR-COM;realme;V30t;Marco / chasis;Compatible;7,20;;;6
RL-V30T-BOT-COM;realme;V30t;Botones laterales;Compatible;3,70;;;6
RL-V30T-CRI-COM;realme;V30t;Cristal de pantalla;Compatible;3,69;;;6
RL-V30T-FPR-COM;realme;V30t;Flex principal;Compatible;3,05;;;6
RL-V30T-VIB-COM;realme;V30t;Vibrador;Compatible;3,55;;;6
RL-V30T-ANT-COM;realme;V30t;Antena / coaxial;Compatible;3,20;;;6
RL-V30T-HUE-COM;realme;V30t;Botón home / huella;Compatible;5,30;;;6
RL-10S-MAR-COM;realme;10s;Marco / chasis;Compatible;7,20;;;6
RL-10S-BOT-COM;realme;10s;Botones laterales;Compatible;3,70;;;6
RL-10S-CRI-COM;realme;10s;Cristal de pantalla;Compatible;3,69;;;6
RL-10S-FPR-COM;realme;10s;Flex principal;Compatible;3,05;;;6
RL-10S-VIB-COM;realme;10s;Vibrador;Compatible;3,55;;;6
RL-10S-ANT-COM;realme;10s;Antena / coaxial;Compatible;3,20;;;6
RL-10S-HUE-COM;realme;10s;Botón home / huella;Compatible;5,30;;;6
RL-10P-MAR-COM;realme;10 Pro;Marco / chasis;Compatible;8,20;;;6
RL-10P-BOT-COM;realme;10 Pro;Botones laterales;Compatible;4,20;;;6
RL-10P-CRI-COM;realme;10 Pro;Cristal de pantalla;Compatible;4,20;;;6
RL-10P-FPR-COM;realme;10 Pro;Flex principal;Compatible;3,45;;;6
RL-10P-VIB-COM;realme;10 Pro;Vibrador;Compatible;4,05;;;6
RL-10P-ANT-COM;realme;10 Pro;Antena / coaxial;Compatible;3,65;;;6
RL-10P-HUE-COM;realme;10 Pro;Botón home / huella;Compatible;6,05;;;6
RL-10PPL-MAR-COM;realme;10 Pro+;Marco / chasis;Compatible;8,20;;;6
RL-10PPL-BOT-COM;realme;10 Pro+;Botones laterales;Compatible;4,20;;;6
RL-10PPL-CRI-COM;realme;10 Pro+;Cristal de pantalla;Compatible;4,20;;;6
RL-10PPL-FPR-COM;realme;10 Pro+;Flex principal;Compatible;3,45;;;6
RL-10PPL-VIB-COM;realme;10 Pro+;Vibrador;Compatible;4,05;;;6
RL-10PPL-ANT-COM;realme;10 Pro+;Antena / coaxial;Compatible;3,65;;;6
RL-10PPL-HUE-COM;realme;10 Pro+;Botón home / huella;Compatible;6,05;;;6
RL-C30S-MAR-COM;realme;C30s;Marco / chasis;Compatible;6,25;;;6
RL-C30S-BOT-COM;realme;C30s;Botones laterales;Compatible;3,20;;;6
RL-C30S-CRI-COM;realme;C30s;Cristal de pantalla;Compatible;3,20;;;6
RL-C30S-FPR-COM;realme;C30s;Flex principal;Compatible;2,65;;;6
RL-C30S-VIB-COM;realme;C30s;Vibrador;Compatible;3,10;;;6
RL-C30S-ANT-COM;realme;C30s;Antena / coaxial;Compatible;2,79;;;6
RL-C30S-HUE-COM;realme;C30s;Botón home / huella;Compatible;4,60;;;6
RL-GT2EME-MAR-COM;realme;GT2 Explorer Master Edition;Marco / chasis;Compatible;8,20;;;6
RL-GT2EME-BOT-COM;realme;GT2 Explorer Master Edition;Botones laterales;Compatible;4,20;;;6
RL-GT2EME-CRI-COM;realme;GT2 Explorer Master Edition;Cristal de pantalla;Compatible;4,20;;;6
RL-GT2EME-FPR-COM;realme;GT2 Explorer Master Edition;Flex principal;Compatible;3,45;;;6
RL-GT2EME-VIB-COM;realme;GT2 Explorer Master Edition;Vibrador;Compatible;4,05;;;6
RL-GT2EME-ANT-COM;realme;GT2 Explorer Master Edition;Antena / coaxial;Compatible;3,65;;;6
RL-GT2EME-HUE-COM;realme;GT2 Explorer Master Edition;Botón home / huella;Compatible;6,05;;;6
RL-Q5X-MAR-COM;realme;Q5x;Marco / chasis;Compatible;7,20;;;6
RL-Q5X-BOT-COM;realme;Q5x;Botones laterales;Compatible;3,70;;;6
RL-Q5X-CRI-COM;realme;Q5x;Cristal de pantalla;Compatible;3,69;;;6
RL-Q5X-FPR-COM;realme;Q5x;Flex principal;Compatible;3,05;;;6
RL-Q5X-VIB-COM;realme;Q5x;Vibrador;Compatible;3,55;;;6
RL-Q5X-ANT-COM;realme;Q5x;Antena / coaxial;Compatible;3,20;;;6
RL-Q5X-HUE-COM;realme;Q5x;Botón home / huella;Compatible;5,30;;;6
RL-V20-MAR-COM;realme;V20;Marco / chasis;Compatible;7,20;;;6
RL-V20-BOT-COM;realme;V20;Botones laterales;Compatible;3,70;;;6
RL-V20-CRI-COM;realme;V20;Cristal de pantalla;Compatible;3,69;;;6
RL-V20-FPR-COM;realme;V20;Flex principal;Compatible;3,05;;;6
RL-V20-VIB-COM;realme;V20;Vibrador;Compatible;3,55;;;6
RL-V20-ANT-COM;realme;V20;Antena / coaxial;Compatible;3,20;;;6
RL-V20-HUE-COM;realme;V20;Botón home / huella;Compatible;5,30;;;6
RL-N50P-MAR-COM;realme;narzo 50 Pro;Marco / chasis;Compatible;8,20;;;6
RL-N50P-BOT-COM;realme;narzo 50 Pro;Botones laterales;Compatible;4,20;;;6
RL-N50P-CRI-COM;realme;narzo 50 Pro;Cristal de pantalla;Compatible;4,20;;;6
RL-N50P-FPR-COM;realme;narzo 50 Pro;Flex principal;Compatible;3,45;;;6
RL-N50P-VIB-COM;realme;narzo 50 Pro;Vibrador;Compatible;4,05;;;6
RL-N50P-ANT-COM;realme;narzo 50 Pro;Antena / coaxial;Compatible;3,65;;;6
RL-N50P-HUE-COM;realme;narzo 50 Pro;Botón home / huella;Compatible;6,05;;;6
RL-V23I-MAR-COM;realme;V23i;Marco / chasis;Compatible;7,20;;;6
RL-V23I-BOT-COM;realme;V23i;Botones laterales;Compatible;3,70;;;6
RL-V23I-CRI-COM;realme;V23i;Cristal de pantalla;Compatible;3,69;;;6
RL-V23I-FPR-COM;realme;V23i;Flex principal;Compatible;3,05;;;6
RL-V23I-VIB-COM;realme;V23i;Vibrador;Compatible;3,55;;;6
RL-V23I-ANT-COM;realme;V23i;Antena / coaxial;Compatible;3,20;;;6
RL-V23I-HUE-COM;realme;V23i;Botón home / huella;Compatible;5,30;;;6
RL-Q5-MAR-COM;realme;Q5;Marco / chasis;Compatible;7,20;;;6
RL-Q5-BOT-COM;realme;Q5;Botones laterales;Compatible;3,70;;;6
RL-Q5-CRI-COM;realme;Q5;Cristal de pantalla;Compatible;3,69;;;6
RL-Q5-FPR-COM;realme;Q5;Flex principal;Compatible;3,05;;;6
RL-Q5-VIB-COM;realme;Q5;Vibrador;Compatible;3,55;;;6
RL-Q5-ANT-COM;realme;Q5;Antena / coaxial;Compatible;3,20;;;6
RL-Q5-HUE-COM;realme;Q5;Botón home / huella;Compatible;5,30;;;6
RL-Q5P-MAR-COM;realme;Q5 Pro;Marco / chasis;Compatible;8,20;;;6
RL-Q5P-BOT-COM;realme;Q5 Pro;Botones laterales;Compatible;4,20;;;6
RL-Q5P-CRI-COM;realme;Q5 Pro;Cristal de pantalla;Compatible;4,20;;;6
RL-Q5P-FPR-COM;realme;Q5 Pro;Flex principal;Compatible;3,45;;;6
RL-Q5P-VIB-COM;realme;Q5 Pro;Vibrador;Compatible;4,05;;;6
RL-Q5P-ANT-COM;realme;Q5 Pro;Antena / coaxial;Compatible;3,65;;;6
RL-Q5P-HUE-COM;realme;Q5 Pro;Botón home / huella;Compatible;6,05;;;6
RL-Q5I-MAR-COM;realme;Q5i;Marco / chasis;Compatible;7,20;;;6
RL-Q5I-BOT-COM;realme;Q5i;Botones laterales;Compatible;3,70;;;6
RL-Q5I-CRI-COM;realme;Q5i;Cristal de pantalla;Compatible;3,69;;;6
RL-Q5I-FPR-COM;realme;Q5i;Flex principal;Compatible;3,05;;;6
RL-Q5I-VIB-COM;realme;Q5i;Vibrador;Compatible;3,55;;;6
RL-Q5I-ANT-COM;realme;Q5i;Antena / coaxial;Compatible;3,20;;;6
RL-Q5I-HUE-COM;realme;Q5i;Botón home / huella;Compatible;5,30;;;6
RL-V23-MAR-COM;realme;V23;Marco / chasis;Compatible;7,20;;;6
RL-V23-BOT-COM;realme;V23;Botones laterales;Compatible;3,70;;;6
RL-V23-CRI-COM;realme;V23;Cristal de pantalla;Compatible;3,69;;;6
RL-V23-FPR-COM;realme;V23;Flex principal;Compatible;3,05;;;6
RL-V23-VIB-COM;realme;V23;Vibrador;Compatible;3,55;;;6
RL-V23-ANT-COM;realme;V23;Antena / coaxial;Compatible;3,20;;;6
RL-V23-HUE-COM;realme;V23;Botón home / huella;Compatible;5,30;;;6
RL-95SE-MAR-COM;realme;9 5G Speed Edition;Marco / chasis;Compatible;7,20;;;6
RL-95SE-BOT-COM;realme;9 5G Speed Edition;Botones laterales;Compatible;3,70;;;6
RL-95SE-CRI-COM;realme;9 5G Speed Edition;Cristal de pantalla;Compatible;3,69;;;6
RL-95SE-FPR-COM;realme;9 5G Speed Edition;Flex principal;Compatible;3,05;;;6
RL-95SE-VIB-COM;realme;9 5G Speed Edition;Vibrador;Compatible;3,55;;;6
RL-95SE-ANT-COM;realme;9 5G Speed Edition;Antena / coaxial;Compatible;3,20;;;6
RL-95SE-HUE-COM;realme;9 5G Speed Edition;Botón home / huella;Compatible;5,30;;;6
RL-V25-MAR-COM;realme;V25;Marco / chasis;Compatible;7,20;;;6
RL-V25-BOT-COM;realme;V25;Botones laterales;Compatible;3,70;;;6
RL-V25-CRI-COM;realme;V25;Cristal de pantalla;Compatible;3,69;;;6
RL-V25-FPR-COM;realme;V25;Flex principal;Compatible;3,05;;;6
RL-V25-VIB-COM;realme;V25;Vibrador;Compatible;3,55;;;6
RL-V25-ANT-COM;realme;V25;Antena / coaxial;Compatible;3,20;;;6
RL-V25-HUE-COM;realme;V25;Botón home / huella;Compatible;5,30;;;6
RL-Q3S-MAR-COM;realme;Q3s;Marco / chasis;Compatible;7,20;;;6
RL-Q3S-BOT-COM;realme;Q3s;Botones laterales;Compatible;3,70;;;6
RL-Q3S-CRI-COM;realme;Q3s;Cristal de pantalla;Compatible;3,69;;;6
RL-Q3S-FPR-COM;realme;Q3s;Flex principal;Compatible;3,05;;;6
RL-Q3S-VIB-COM;realme;Q3s;Vibrador;Compatible;3,55;;;6
RL-Q3S-ANT-COM;realme;Q3s;Antena / coaxial;Compatible;3,20;;;6
RL-Q3S-HUE-COM;realme;Q3s;Botón home / huella;Compatible;5,30;;;6
RL-Q3T-MAR-COM;realme;Q3t;Marco / chasis;Compatible;7,20;;;6
RL-Q3T-BOT-COM;realme;Q3t;Botones laterales;Compatible;3,70;;;6
RL-Q3T-CRI-COM;realme;Q3t;Cristal de pantalla;Compatible;3,69;;;6
RL-Q3T-FPR-COM;realme;Q3t;Flex principal;Compatible;3,05;;;6
RL-Q3T-VIB-COM;realme;Q3t;Vibrador;Compatible;3,55;;;6
RL-Q3T-ANT-COM;realme;Q3t;Antena / coaxial;Compatible;3,20;;;6
RL-Q3T-HUE-COM;realme;Q3t;Botón home / huella;Compatible;5,30;;;6
RL-GTNEO2T-MAR-COM;realme;GT Neo2T;Marco / chasis;Compatible;8,20;;;6
RL-GTNEO2T-BOT-COM;realme;GT Neo2T;Botones laterales;Compatible;4,20;;;6
RL-GTNEO2T-CRI-COM;realme;GT Neo2T;Cristal de pantalla;Compatible;4,20;;;6
RL-GTNEO2T-FPR-COM;realme;GT Neo2T;Flex principal;Compatible;3,45;;;6
RL-GTNEO2T-VIB-COM;realme;GT Neo2T;Vibrador;Compatible;4,05;;;6
RL-GTNEO2T-ANT-COM;realme;GT Neo2T;Antena / coaxial;Compatible;3,65;;;6
RL-GTNEO2T-HUE-COM;realme;GT Neo2T;Botón home / huella;Compatible;6,05;;;6
RL-N50A-MAR-COM;realme;narzo 50A;Marco / chasis;Compatible;7,20;;;6
RL-N50A-BOT-COM;realme;narzo 50A;Botones laterales;Compatible;3,70;;;6
RL-N50A-CRI-COM;realme;narzo 50A;Cristal de pantalla;Compatible;3,69;;;6
RL-N50A-FPR-COM;realme;narzo 50A;Flex principal;Compatible;3,05;;;6
RL-N50A-VIB-COM;realme;narzo 50A;Vibrador;Compatible;3,55;;;6
RL-N50A-ANT-COM;realme;narzo 50A;Antena / coaxial;Compatible;3,20;;;6
RL-N50A-HUE-COM;realme;narzo 50A;Botón home / huella;Compatible;5,30;;;6
RL-V11S-MAR-COM;realme;V11s;Marco / chasis;Compatible;7,20;;;6
RL-V11S-BOT-COM;realme;V11s;Botones laterales;Compatible;3,70;;;6
RL-V11S-CRI-COM;realme;V11s;Cristal de pantalla;Compatible;3,69;;;6
RL-V11S-FPR-COM;realme;V11s;Flex principal;Compatible;3,05;;;6
RL-V11S-VIB-COM;realme;V11s;Vibrador;Compatible;3,55;;;6
RL-V11S-ANT-COM;realme;V11s;Antena / coaxial;Compatible;3,20;;;6
RL-V11S-HUE-COM;realme;V11s;Botón home / huella;Compatible;5,30;;;6
RL-GTEME-MAR-COM;realme;GT Explorer Master Edition;Marco / chasis;Compatible;8,20;;;6
RL-GTEME-BOT-COM;realme;GT Explorer Master Edition;Botones laterales;Compatible;4,20;;;6
RL-GTEME-CRI-COM;realme;GT Explorer Master Edition;Cristal de pantalla;Compatible;4,20;;;6
RL-GTEME-FPR-COM;realme;GT Explorer Master Edition;Flex principal;Compatible;3,45;;;6
RL-GTEME-VIB-COM;realme;GT Explorer Master Edition;Vibrador;Compatible;4,05;;;6
RL-GTEME-ANT-COM;realme;GT Explorer Master Edition;Antena / coaxial;Compatible;3,65;;;6
RL-GTEME-HUE-COM;realme;GT Explorer Master Edition;Botón home / huella;Compatible;6,05;;;6
RL-C25S-MAR-COM;realme;C25s;Marco / chasis;Compatible;6,25;;;6
RL-C25S-BOT-COM;realme;C25s;Botones laterales;Compatible;3,20;;;6
RL-C25S-CRI-COM;realme;C25s;Cristal de pantalla;Compatible;3,20;;;6
RL-C25S-FPR-COM;realme;C25s;Flex principal;Compatible;2,65;;;6
RL-C25S-VIB-COM;realme;C25s;Vibrador;Compatible;3,10;;;6
RL-C25S-ANT-COM;realme;C25s;Antena / coaxial;Compatible;2,79;;;6
RL-C25S-HUE-COM;realme;C25s;Botón home / huella;Compatible;4,60;;;6
RL-GTNEOF-MAR-COM;realme;GT Neo Flash;Marco / chasis;Compatible;8,20;;;6
RL-GTNEOF-BOT-COM;realme;GT Neo Flash;Botones laterales;Compatible;4,20;;;6
RL-GTNEOF-CRI-COM;realme;GT Neo Flash;Cristal de pantalla;Compatible;4,20;;;6
RL-GTNEOF-FPR-COM;realme;GT Neo Flash;Flex principal;Compatible;3,45;;;6
RL-GTNEOF-VIB-COM;realme;GT Neo Flash;Vibrador;Compatible;4,05;;;6
RL-GTNEOF-ANT-COM;realme;GT Neo Flash;Antena / coaxial;Compatible;3,65;;;6
RL-GTNEOF-HUE-COM;realme;GT Neo Flash;Botón home / huella;Compatible;6,05;;;6
RL-Q3PC-MAR-COM;realme;Q3 Pro Carnival;Marco / chasis;Compatible;8,20;;;6
RL-Q3PC-BOT-COM;realme;Q3 Pro Carnival;Botones laterales;Compatible;4,20;;;6
RL-Q3PC-CRI-COM;realme;Q3 Pro Carnival;Cristal de pantalla;Compatible;4,20;;;6
RL-Q3PC-FPR-COM;realme;Q3 Pro Carnival;Flex principal;Compatible;3,45;;;6
RL-Q3PC-VIB-COM;realme;Q3 Pro Carnival;Vibrador;Compatible;4,05;;;6
RL-Q3PC-ANT-COM;realme;Q3 Pro Carnival;Antena / coaxial;Compatible;3,65;;;6
RL-Q3PC-HUE-COM;realme;Q3 Pro Carnival;Botón home / huella;Compatible;6,05;;;6
RL-Q3PS-MAR-COM;realme;Q3 Pro Special;Marco / chasis;Compatible;8,20;;;6
RL-Q3PS-BOT-COM;realme;Q3 Pro Special;Botones laterales;Compatible;4,20;;;6
RL-Q3PS-CRI-COM;realme;Q3 Pro Special;Cristal de pantalla;Compatible;4,20;;;6
RL-Q3PS-FPR-COM;realme;Q3 Pro Special;Flex principal;Compatible;3,45;;;6
RL-Q3PS-VIB-COM;realme;Q3 Pro Special;Vibrador;Compatible;4,05;;;6
RL-Q3PS-ANT-COM;realme;Q3 Pro Special;Antena / coaxial;Compatible;3,65;;;6
RL-Q3PS-HUE-COM;realme;Q3 Pro Special;Botón home / huella;Compatible;6,05;;;6
RL-C20A-MAR-COM;realme;C20A;Marco / chasis;Compatible;6,25;;;6
RL-C20A-BOT-COM;realme;C20A;Botones laterales;Compatible;3,20;;;6
RL-C20A-CRI-COM;realme;C20A;Cristal de pantalla;Compatible;3,20;;;6
RL-C20A-FPR-COM;realme;C20A;Flex principal;Compatible;2,65;;;6
RL-C20A-VIB-COM;realme;C20A;Vibrador;Compatible;3,10;;;6
RL-C20A-ANT-COM;realme;C20A;Antena / coaxial;Compatible;2,79;;;6
RL-C20A-HUE-COM;realme;C20A;Botón home / huella;Compatible;4,60;;;6
RL-N30-MAR-COM;realme;narzo 30;Marco / chasis;Compatible;7,20;;;6
RL-N30-BOT-COM;realme;narzo 30;Botones laterales;Compatible;3,70;;;6
RL-N30-CRI-COM;realme;narzo 30;Cristal de pantalla;Compatible;3,69;;;6
RL-N30-FPR-COM;realme;narzo 30;Flex principal;Compatible;3,05;;;6
RL-N30-VIB-COM;realme;narzo 30;Vibrador;Compatible;3,55;;;6
RL-N30-ANT-COM;realme;narzo 30;Antena / coaxial;Compatible;3,20;;;6
RL-N30-HUE-COM;realme;narzo 30;Botón home / huella;Compatible;5,30;;;6
RL-Q3-MAR-COM;realme;Q3;Marco / chasis;Compatible;7,20;;;6
RL-Q3-BOT-COM;realme;Q3;Botones laterales;Compatible;3,70;;;6
RL-Q3-CRI-COM;realme;Q3;Cristal de pantalla;Compatible;3,69;;;6
RL-Q3-FPR-COM;realme;Q3;Flex principal;Compatible;3,05;;;6
RL-Q3-VIB-COM;realme;Q3;Vibrador;Compatible;3,55;;;6
RL-Q3-ANT-COM;realme;Q3;Antena / coaxial;Compatible;3,20;;;6
RL-Q3-HUE-COM;realme;Q3;Botón home / huella;Compatible;5,30;;;6
RL-Q3P-MAR-COM;realme;Q3 Pro;Marco / chasis;Compatible;8,20;;;6
RL-Q3P-BOT-COM;realme;Q3 Pro;Botones laterales;Compatible;4,20;;;6
RL-Q3P-CRI-COM;realme;Q3 Pro;Cristal de pantalla;Compatible;4,20;;;6
RL-Q3P-FPR-COM;realme;Q3 Pro;Flex principal;Compatible;3,45;;;6
RL-Q3P-VIB-COM;realme;Q3 Pro;Vibrador;Compatible;4,05;;;6
RL-Q3P-ANT-COM;realme;Q3 Pro;Antena / coaxial;Compatible;3,65;;;6
RL-Q3P-HUE-COM;realme;Q3 Pro;Botón home / huella;Compatible;6,05;;;6
RL-V13-MAR-COM;realme;V13;Marco / chasis;Compatible;7,20;;;6
RL-V13-BOT-COM;realme;V13;Botones laterales;Compatible;3,70;;;6
RL-V13-CRI-COM;realme;V13;Cristal de pantalla;Compatible;3,69;;;6
RL-V13-FPR-COM;realme;V13;Flex principal;Compatible;3,05;;;6
RL-V13-VIB-COM;realme;V13;Vibrador;Compatible;3,55;;;6
RL-V13-ANT-COM;realme;V13;Antena / coaxial;Compatible;3,20;;;6
RL-V13-HUE-COM;realme;V13;Botón home / huella;Compatible;5,30;;;6
RL-X7PU-MAR-COM;realme;X7 Pro Ultra;Marco / chasis;Compatible;8,20;;;6
RL-X7PU-BOT-COM;realme;X7 Pro Ultra;Botones laterales;Compatible;4,20;;;6
RL-X7PU-CRI-COM;realme;X7 Pro Ultra;Cristal de pantalla;Compatible;4,20;;;6
RL-X7PU-FPR-COM;realme;X7 Pro Ultra;Flex principal;Compatible;3,45;;;6
RL-X7PU-VIB-COM;realme;X7 Pro Ultra;Vibrador;Compatible;4,05;;;6
RL-X7PU-ANT-COM;realme;X7 Pro Ultra;Antena / coaxial;Compatible;3,65;;;6
RL-X7PU-HUE-COM;realme;X7 Pro Ultra;Botón home / huella;Compatible;6,05;;;6
RL-GTNEO-MAR-COM;realme;GT Neo;Marco / chasis;Compatible;8,20;;;6
RL-GTNEO-BOT-COM;realme;GT Neo;Botones laterales;Compatible;4,20;;;6
RL-GTNEO-CRI-COM;realme;GT Neo;Cristal de pantalla;Compatible;4,20;;;6
RL-GTNEO-FPR-COM;realme;GT Neo;Flex principal;Compatible;3,45;;;6
RL-GTNEO-VIB-COM;realme;GT Neo;Vibrador;Compatible;4,05;;;6
RL-GTNEO-ANT-COM;realme;GT Neo;Antena / coaxial;Compatible;3,65;;;6
RL-GTNEO-HUE-COM;realme;GT Neo;Botón home / huella;Compatible;6,05;;;6
RL-N30P-MAR-COM;realme;narzo 30 Pro;Marco / chasis;Compatible;8,20;;;6
RL-N30P-BOT-COM;realme;narzo 30 Pro;Botones laterales;Compatible;4,20;;;6
RL-N30P-CRI-COM;realme;narzo 30 Pro;Cristal de pantalla;Compatible;4,20;;;6
RL-N30P-FPR-COM;realme;narzo 30 Pro;Flex principal;Compatible;3,45;;;6
RL-N30P-VIB-COM;realme;narzo 30 Pro;Vibrador;Compatible;4,05;;;6
RL-N30P-ANT-COM;realme;narzo 30 Pro;Antena / coaxial;Compatible;3,65;;;6
RL-N30P-HUE-COM;realme;narzo 30 Pro;Botón home / huella;Compatible;6,05;;;6
RL-V11-MAR-COM;realme;V11;Marco / chasis;Compatible;7,20;;;6
RL-V11-BOT-COM;realme;V11;Botones laterales;Compatible;3,70;;;6
RL-V11-CRI-COM;realme;V11;Cristal de pantalla;Compatible;3,69;;;6
RL-V11-FPR-COM;realme;V11;Flex principal;Compatible;3,05;;;6
RL-V11-VIB-COM;realme;V11;Vibrador;Compatible;3,55;;;6
RL-V11-ANT-COM;realme;V11;Antena / coaxial;Compatible;3,20;;;6
RL-V11-HUE-COM;realme;V11;Botón home / huella;Compatible;5,30;;;6
RL-C20-MAR-COM;realme;C20;Marco / chasis;Compatible;6,25;;;6
RL-C20-BOT-COM;realme;C20;Botones laterales;Compatible;3,20;;;6
RL-C20-CRI-COM;realme;C20;Cristal de pantalla;Compatible;3,20;;;6
RL-C20-FPR-COM;realme;C20;Flex principal;Compatible;2,65;;;6
RL-C20-VIB-COM;realme;C20;Vibrador;Compatible;3,10;;;6
RL-C20-ANT-COM;realme;C20;Antena / coaxial;Compatible;2,79;;;6
RL-C20-HUE-COM;realme;C20;Botón home / huella;Compatible;4,60;;;6
RL-V15-MAR-COM;realme;V15;Marco / chasis;Compatible;7,20;;;6
RL-V15-BOT-COM;realme;V15;Botones laterales;Compatible;3,70;;;6
RL-V15-CRI-COM;realme;V15;Cristal de pantalla;Compatible;3,69;;;6
RL-V15-FPR-COM;realme;V15;Flex principal;Compatible;3,05;;;6
RL-V15-VIB-COM;realme;V15;Vibrador;Compatible;3,55;;;6
RL-V15-ANT-COM;realme;V15;Antena / coaxial;Compatible;3,20;;;6
RL-V15-HUE-COM;realme;V15;Botón home / huella;Compatible;5,30;;;6
RL-C15QE-MAR-COM;realme;C15 Qualcomm Edititon;Marco / chasis;Compatible;6,25;;;6
RL-C15QE-BOT-COM;realme;C15 Qualcomm Edititon;Botones laterales;Compatible;3,20;;;6
RL-C15QE-CRI-COM;realme;C15 Qualcomm Edititon;Cristal de pantalla;Compatible;3,20;;;6
RL-C15QE-FPR-COM;realme;C15 Qualcomm Edititon;Flex principal;Compatible;2,65;;;6
RL-C15QE-VIB-COM;realme;C15 Qualcomm Edititon;Vibrador;Compatible;3,10;;;6
RL-C15QE-ANT-COM;realme;C15 Qualcomm Edititon;Antena / coaxial;Compatible;2,79;;;6
RL-C15QE-HUE-COM;realme;C15 Qualcomm Edititon;Botón home / huella;Compatible;4,60;;;6
RL-Q2-MAR-COM;realme;Q2;Marco / chasis;Compatible;7,20;;;6
RL-Q2-BOT-COM;realme;Q2;Botones laterales;Compatible;3,70;;;6
RL-Q2-CRI-COM;realme;Q2;Cristal de pantalla;Compatible;3,69;;;6
RL-Q2-FPR-COM;realme;Q2;Flex principal;Compatible;3,05;;;6
RL-Q2-VIB-COM;realme;Q2;Vibrador;Compatible;3,55;;;6
RL-Q2-ANT-COM;realme;Q2;Antena / coaxial;Compatible;3,20;;;6
RL-Q2-HUE-COM;realme;Q2;Botón home / huella;Compatible;5,30;;;6
RL-Q2P-MAR-COM;realme;Q2 Pro;Marco / chasis;Compatible;8,20;;;6
RL-Q2P-BOT-COM;realme;Q2 Pro;Botones laterales;Compatible;4,20;;;6
RL-Q2P-CRI-COM;realme;Q2 Pro;Cristal de pantalla;Compatible;4,20;;;6
RL-Q2P-FPR-COM;realme;Q2 Pro;Flex principal;Compatible;3,45;;;6
RL-Q2P-VIB-COM;realme;Q2 Pro;Vibrador;Compatible;4,05;;;6
RL-Q2P-ANT-COM;realme;Q2 Pro;Antena / coaxial;Compatible;3,65;;;6
RL-Q2P-HUE-COM;realme;Q2 Pro;Botón home / huella;Compatible;6,05;;;6
RL-C17-MAR-COM;realme;C17;Marco / chasis;Compatible;6,25;;;6
RL-C17-BOT-COM;realme;C17;Botones laterales;Compatible;3,20;;;6
RL-C17-CRI-COM;realme;C17;Cristal de pantalla;Compatible;3,20;;;6
RL-C17-FPR-COM;realme;C17;Flex principal;Compatible;2,65;;;6
RL-C17-VIB-COM;realme;C17;Vibrador;Compatible;3,10;;;6
RL-C17-ANT-COM;realme;C17;Antena / coaxial;Compatible;2,79;;;6
RL-C17-HUE-COM;realme;C17;Botón home / huella;Compatible;4,60;;;6
RL-N20-MAR-COM;realme;narzo 20;Marco / chasis;Compatible;7,20;;;6
RL-N20-BOT-COM;realme;narzo 20;Botones laterales;Compatible;3,70;;;6
RL-N20-CRI-COM;realme;narzo 20;Cristal de pantalla;Compatible;3,69;;;6
RL-N20-FPR-COM;realme;narzo 20;Flex principal;Compatible;3,05;;;6
RL-N20-VIB-COM;realme;narzo 20;Vibrador;Compatible;3,55;;;6
RL-N20-ANT-COM;realme;narzo 20;Antena / coaxial;Compatible;3,20;;;6
RL-N20-HUE-COM;realme;narzo 20;Botón home / huella;Compatible;5,30;;;6
RL-N20P-MAR-COM;realme;narzo 20 Pro;Marco / chasis;Compatible;8,20;;;6
RL-N20P-BOT-COM;realme;narzo 20 Pro;Botones laterales;Compatible;4,20;;;6
RL-N20P-CRI-COM;realme;narzo 20 Pro;Cristal de pantalla;Compatible;4,20;;;6
RL-N20P-FPR-COM;realme;narzo 20 Pro;Flex principal;Compatible;3,45;;;6
RL-N20P-VIB-COM;realme;narzo 20 Pro;Vibrador;Compatible;4,05;;;6
RL-N20P-ANT-COM;realme;narzo 20 Pro;Antena / coaxial;Compatible;3,65;;;6
RL-N20P-HUE-COM;realme;narzo 20 Pro;Botón home / huella;Compatible;6,05;;;6
RL-N20A-MAR-COM;realme;narzo 20A;Marco / chasis;Compatible;7,20;;;6
RL-N20A-BOT-COM;realme;narzo 20A;Botones laterales;Compatible;3,70;;;6
RL-N20A-CRI-COM;realme;narzo 20A;Cristal de pantalla;Compatible;3,69;;;6
RL-N20A-FPR-COM;realme;narzo 20A;Flex principal;Compatible;3,05;;;6
RL-N20A-VIB-COM;realme;narzo 20A;Vibrador;Compatible;3,55;;;6
RL-N20A-ANT-COM;realme;narzo 20A;Antena / coaxial;Compatible;3,20;;;6
RL-N20A-HUE-COM;realme;narzo 20A;Botón home / huella;Compatible;5,30;;;6
RL-V3-MAR-COM;realme;V3;Marco / chasis;Compatible;7,20;;;6
RL-V3-BOT-COM;realme;V3;Botones laterales;Compatible;3,70;;;6
RL-V3-CRI-COM;realme;V3;Cristal de pantalla;Compatible;3,69;;;6
RL-V3-FPR-COM;realme;V3;Flex principal;Compatible;3,05;;;6
RL-V3-VIB-COM;realme;V3;Vibrador;Compatible;3,55;;;6
RL-V3-ANT-COM;realme;V3;Antena / coaxial;Compatible;3,20;;;6
RL-V3-HUE-COM;realme;V3;Botón home / huella;Compatible;5,30;;;6
RL-X7-MAR-COM;realme;X7;Marco / chasis;Compatible;8,20;;;6
RL-X7-BOT-COM;realme;X7;Botones laterales;Compatible;4,20;;;6
RL-X7-CRI-COM;realme;X7;Cristal de pantalla;Compatible;4,20;;;6
RL-X7-FPR-COM;realme;X7;Flex principal;Compatible;3,45;;;6
RL-X7-VIB-COM;realme;X7;Vibrador;Compatible;4,05;;;6
RL-X7-ANT-COM;realme;X7;Antena / coaxial;Compatible;3,65;;;6
RL-X7-HUE-COM;realme;X7;Botón home / huella;Compatible;6,05;;;6
RL-X7P-MAR-COM;realme;X7 Pro;Marco / chasis;Compatible;8,20;;;6
RL-X7P-BOT-COM;realme;X7 Pro;Botones laterales;Compatible;4,20;;;6
RL-X7P-CRI-COM;realme;X7 Pro;Cristal de pantalla;Compatible;4,20;;;6
RL-X7P-FPR-COM;realme;X7 Pro;Flex principal;Compatible;3,45;;;6
RL-X7P-VIB-COM;realme;X7 Pro;Vibrador;Compatible;4,05;;;6
RL-X7P-ANT-COM;realme;X7 Pro;Antena / coaxial;Compatible;3,65;;;6
RL-X7P-HUE-COM;realme;X7 Pro;Botón home / huella;Compatible;6,05;;;6
RL-C12-MAR-COM;realme;C12;Marco / chasis;Compatible;6,25;;;6
RL-C12-BOT-COM;realme;C12;Botones laterales;Compatible;3,20;;;6
RL-C12-CRI-COM;realme;C12;Cristal de pantalla;Compatible;3,20;;;6
RL-C12-FPR-COM;realme;C12;Flex principal;Compatible;2,65;;;6
RL-C12-VIB-COM;realme;C12;Vibrador;Compatible;3,10;;;6
RL-C12-ANT-COM;realme;C12;Antena / coaxial;Compatible;2,79;;;6
RL-C12-HUE-COM;realme;C12;Botón home / huella;Compatible;4,60;;;6
RL-V5-MAR-COM;realme;V5;Marco / chasis;Compatible;7,20;;;6
RL-V5-BOT-COM;realme;V5;Botones laterales;Compatible;3,70;;;6
RL-V5-CRI-COM;realme;V5;Cristal de pantalla;Compatible;3,69;;;6
RL-V5-FPR-COM;realme;V5;Flex principal;Compatible;3,05;;;6
RL-V5-VIB-COM;realme;V5;Vibrador;Compatible;3,55;;;6
RL-V5-ANT-COM;realme;V5;Antena / coaxial;Compatible;3,20;;;6
RL-V5-HUE-COM;realme;V5;Botón home / huella;Compatible;5,30;;;6
RL-C15-MAR-COM;realme;C15;Marco / chasis;Compatible;6,25;;;6
RL-C15-BOT-COM;realme;C15;Botones laterales;Compatible;3,20;;;6
RL-C15-CRI-COM;realme;C15;Cristal de pantalla;Compatible;3,20;;;6
RL-C15-FPR-COM;realme;C15;Flex principal;Compatible;2,65;;;6
RL-C15-VIB-COM;realme;C15;Vibrador;Compatible;3,10;;;6
RL-C15-ANT-COM;realme;C15;Antena / coaxial;Compatible;2,79;;;6
RL-C15-HUE-COM;realme;C15;Botón home / huella;Compatible;4,60;;;6
RL-C3I-MAR-COM;realme;C3i;Marco / chasis;Compatible;6,25;;;6
RL-C3I-BOT-COM;realme;C3i;Botones laterales;Compatible;3,20;;;6
RL-C3I-CRI-COM;realme;C3i;Cristal de pantalla;Compatible;3,20;;;6
RL-C3I-FPR-COM;realme;C3i;Flex principal;Compatible;2,65;;;6
RL-C3I-VIB-COM;realme;C3i;Vibrador;Compatible;3,10;;;6
RL-C3I-ANT-COM;realme;C3i;Antena / coaxial;Compatible;2,79;;;6
RL-C3I-HUE-COM;realme;C3i;Botón home / huella;Compatible;4,60;;;6
RL-N-MAR-COM;realme;narzo;Marco / chasis;Compatible;7,20;;;6
RL-N-BOT-COM;realme;narzo;Botones laterales;Compatible;3,70;;;6
RL-N-CRI-COM;realme;narzo;Cristal de pantalla;Compatible;3,69;;;6
RL-N-FPR-COM;realme;narzo;Flex principal;Compatible;3,05;;;6
RL-N-VIB-COM;realme;narzo;Vibrador;Compatible;3,55;;;6
RL-N-ANT-COM;realme;narzo;Antena / coaxial;Compatible;3,20;;;6
RL-N-HUE-COM;realme;narzo;Botón home / huella;Compatible;5,30;;;6
RL-X3-MAR-COM;realme;X3;Marco / chasis;Compatible;8,20;;;6
RL-X3-BOT-COM;realme;X3;Botones laterales;Compatible;4,20;;;6
RL-X3-CRI-COM;realme;X3;Cristal de pantalla;Compatible;4,20;;;6
RL-X3-FPR-COM;realme;X3;Flex principal;Compatible;3,45;;;6
RL-X3-VIB-COM;realme;X3;Vibrador;Compatible;4,05;;;6
RL-X3-ANT-COM;realme;X3;Antena / coaxial;Compatible;3,65;;;6
RL-X3-HUE-COM;realme;X3;Botón home / huella;Compatible;6,05;;;6
RL-X50PPY-MAR-COM;realme;X50 Pro Play;Marco / chasis;Compatible;8,20;;;6
RL-X50PPY-BOT-COM;realme;X50 Pro Play;Botones laterales;Compatible;4,20;;;6
RL-X50PPY-CRI-COM;realme;X50 Pro Play;Cristal de pantalla;Compatible;4,20;;;6
RL-X50PPY-FPR-COM;realme;X50 Pro Play;Flex principal;Compatible;3,45;;;6
RL-X50PPY-VIB-COM;realme;X50 Pro Play;Vibrador;Compatible;4,05;;;6
RL-X50PPY-ANT-COM;realme;X50 Pro Play;Antena / coaxial;Compatible;3,65;;;6
RL-X50PPY-HUE-COM;realme;X50 Pro Play;Botón home / huella;Compatible;6,05;;;6
RL-X50PP-MAR-COM;realme;X50 Pro Player;Marco / chasis;Compatible;8,20;;;6
RL-X50PP-BOT-COM;realme;X50 Pro Player;Botones laterales;Compatible;4,20;;;6
RL-X50PP-CRI-COM;realme;X50 Pro Player;Cristal de pantalla;Compatible;4,20;;;6
RL-X50PP-FPR-COM;realme;X50 Pro Player;Flex principal;Compatible;3,45;;;6
RL-X50PP-VIB-COM;realme;X50 Pro Player;Vibrador;Compatible;4,05;;;6
RL-X50PP-ANT-COM;realme;X50 Pro Player;Antena / coaxial;Compatible;3,65;;;6
RL-X50PP-HUE-COM;realme;X50 Pro Player;Botón home / huella;Compatible;6,05;;;6
RL-X50M-MAR-COM;realme;X50m;Marco / chasis;Compatible;8,20;;;6
RL-X50M-BOT-COM;realme;X50m;Botones laterales;Compatible;4,20;;;6
RL-X50M-CRI-COM;realme;X50m;Cristal de pantalla;Compatible;4,20;;;6
RL-X50M-FPR-COM;realme;X50m;Flex principal;Compatible;3,45;;;6
RL-X50M-VIB-COM;realme;X50m;Vibrador;Compatible;4,05;;;6
RL-X50M-ANT-COM;realme;X50m;Antena / coaxial;Compatible;3,65;;;6
RL-X50M-HUE-COM;realme;X50m;Botón home / huella;Compatible;6,05;;;6
RL-X50T-MAR-COM;realme;X50t;Marco / chasis;Compatible;8,20;;;6
RL-X50T-BOT-COM;realme;X50t;Botones laterales;Compatible;4,20;;;6
RL-X50T-CRI-COM;realme;X50t;Cristal de pantalla;Compatible;4,20;;;6
RL-X50T-FPR-COM;realme;X50t;Flex principal;Compatible;3,45;;;6
RL-X50T-VIB-COM;realme;X50t;Vibrador;Compatible;4,05;;;6
RL-X50T-ANT-COM;realme;X50t;Antena / coaxial;Compatible;3,65;;;6
RL-X50T-HUE-COM;realme;X50t;Botón home / huella;Compatible;6,05;;;6
RL-C2S-MAR-COM;realme;C2s;Marco / chasis;Compatible;6,25;;;6
RL-C2S-BOT-COM;realme;C2s;Botones laterales;Compatible;3,20;;;6
RL-C2S-CRI-COM;realme;C2s;Cristal de pantalla;Compatible;3,20;;;6
RL-C2S-FPR-COM;realme;C2s;Flex principal;Compatible;2,65;;;6
RL-C2S-VIB-COM;realme;C2s;Vibrador;Compatible;3,10;;;6
RL-C2S-ANT-COM;realme;C2s;Antena / coaxial;Compatible;2,79;;;6
RL-C2S-HUE-COM;realme;C2s;Botón home / huella;Compatible;4,60;;;6
RL-5S-MAR-COM;realme;5s;Marco / chasis;Compatible;6,49;;;6
RL-5S-BOT-COM;realme;5s;Botones laterales;Compatible;3,35;;;6
RL-5S-CRI-COM;realme;5s;Cristal de pantalla;Compatible;3,30;;;6
RL-5S-FPR-COM;realme;5s;Flex principal;Compatible;2,75;;;6
RL-5S-VIB-COM;realme;5s;Vibrador;Compatible;3,20;;;6
RL-5S-ANT-COM;realme;5s;Antena / coaxial;Compatible;2,89;;;6
RL-5S-HUE-COM;realme;5s;Botón home / huella;Compatible;4,79;;;6
RL-C220-MAR-COM;realme;C2 2020;Marco / chasis;Compatible;5,65;;;6
RL-C220-BOT-COM;realme;C2 2020;Botones laterales;Compatible;2,89;;;6
RL-C220-CRI-COM;realme;C2 2020;Cristal de pantalla;Compatible;2,89;;;6
RL-C220-FPR-COM;realme;C2 2020;Flex principal;Compatible;2,39;;;6
RL-C220-VIB-COM;realme;C2 2020;Vibrador;Compatible;2,79;;;6
RL-C220-ANT-COM;realme;C2 2020;Antena / coaxial;Compatible;2,50;;;6
RL-C220-HUE-COM;realme;C2 2020;Botón home / huella;Compatible;4,15;;;6
RL-XT-MAR-COM;realme;XT;Marco / chasis;Compatible;7,40;;;6
RL-XT-BOT-COM;realme;XT;Botones laterales;Compatible;3,80;;;6
RL-XT-CRI-COM;realme;XT;Cristal de pantalla;Compatible;3,79;;;6
RL-XT-FPR-COM;realme;XT;Flex principal;Compatible;3,10;;;6
RL-XT-VIB-COM;realme;XT;Vibrador;Compatible;3,65;;;6
RL-XT-ANT-COM;realme;XT;Antena / coaxial;Compatible;3,29;;;6
RL-XT-HUE-COM;realme;XT;Botón home / huella;Compatible;5,45;;;6
RL-3I-MAR-COM;realme;3i;Marco / chasis;Compatible;6,49;;;6
RL-3I-BOT-COM;realme;3i;Botones laterales;Compatible;3,35;;;6
RL-3I-CRI-COM;realme;3i;Cristal de pantalla;Compatible;3,30;;;6
RL-3I-FPR-COM;realme;3i;Flex principal;Compatible;2,75;;;6
RL-3I-VIB-COM;realme;3i;Vibrador;Compatible;3,20;;;6
RL-3I-ANT-COM;realme;3i;Antena / coaxial;Compatible;2,89;;;6
RL-3I-HUE-COM;realme;3i;Botón home / huella;Compatible;4,79;;;6
RL-X-MAR-COM;realme;X;Marco / chasis;Compatible;7,40;;;6
RL-X-BOT-COM;realme;X;Botones laterales;Compatible;3,80;;;6
RL-X-CRI-COM;realme;X;Cristal de pantalla;Compatible;3,79;;;6
RL-X-FPR-COM;realme;X;Flex principal;Compatible;3,10;;;6
RL-X-VIB-COM;realme;X;Vibrador;Compatible;3,65;;;6
RL-X-ANT-COM;realme;X;Antena / coaxial;Compatible;3,29;;;6
RL-X-HUE-COM;realme;X;Botón home / huella;Compatible;5,45;;;6
RL-C2-MAR-COM;realme;C2;Marco / chasis;Compatible;5,65;;;6
RL-C2-BOT-COM;realme;C2;Botones laterales;Compatible;2,89;;;6
RL-C2-CRI-COM;realme;C2;Cristal de pantalla;Compatible;2,89;;;6
RL-C2-FPR-COM;realme;C2;Flex principal;Compatible;2,39;;;6
RL-C2-VIB-COM;realme;C2;Vibrador;Compatible;2,79;;;6
RL-C2-ANT-COM;realme;C2;Antena / coaxial;Compatible;2,50;;;6
RL-C2-HUE-COM;realme;C2;Botón home / huella;Compatible;4,15;;;6
RL-3-MAR-COM;realme;3;Marco / chasis;Compatible;6,49;;;6
RL-3-BOT-COM;realme;3;Botones laterales;Compatible;3,35;;;6
RL-3-CRI-COM;realme;3;Cristal de pantalla;Compatible;3,30;;;6
RL-3-FPR-COM;realme;3;Flex principal;Compatible;2,75;;;6
RL-3-VIB-COM;realme;3;Vibrador;Compatible;3,20;;;6
RL-3-ANT-COM;realme;3;Antena / coaxial;Compatible;2,89;;;6
RL-3-HUE-COM;realme;3;Botón home / huella;Compatible;4,79;;;6
RL-C119-MAR-COM;realme;C1 2019;Marco / chasis;Compatible;5,65;;;6
RL-C119-BOT-COM;realme;C1 2019;Botones laterales;Compatible;2,89;;;6
RL-C119-CRI-COM;realme;C1 2019;Cristal de pantalla;Compatible;2,89;;;6
RL-C119-FPR-COM;realme;C1 2019;Flex principal;Compatible;2,39;;;6
RL-C119-VIB-COM;realme;C1 2019;Vibrador;Compatible;2,79;;;6
RL-C119-ANT-COM;realme;C1 2019;Antena / coaxial;Compatible;2,50;;;6
RL-C119-HUE-COM;realme;C1 2019;Botón home / huella;Compatible;4,15;;;6
RL-U1-MAR-COM;realme;U1;Marco / chasis;Compatible;6,49;;;6
RL-U1-BOT-COM;realme;U1;Botones laterales;Compatible;3,35;;;6
RL-U1-CRI-COM;realme;U1;Cristal de pantalla;Compatible;3,30;;;6
RL-U1-FPR-COM;realme;U1;Flex principal;Compatible;2,75;;;6
RL-U1-VIB-COM;realme;U1;Vibrador;Compatible;3,20;;;6
RL-U1-ANT-COM;realme;U1;Antena / coaxial;Compatible;2,89;;;6
RL-U1-HUE-COM;realme;U1;Botón home / huella;Compatible;4,79;;;6
RL-2P-MAR-COM;realme;2 Pro;Marco / chasis;Compatible;7,40;;;6
RL-2P-BOT-COM;realme;2 Pro;Botones laterales;Compatible;3,80;;;6
RL-2P-CRI-COM;realme;2 Pro;Cristal de pantalla;Compatible;3,79;;;6
RL-2P-FPR-COM;realme;2 Pro;Flex principal;Compatible;3,10;;;6
RL-2P-VIB-COM;realme;2 Pro;Vibrador;Compatible;3,65;;;6
RL-2P-ANT-COM;realme;2 Pro;Antena / coaxial;Compatible;3,29;;;6
RL-2P-HUE-COM;realme;2 Pro;Botón home / huella;Compatible;5,45;;;6
RL-C1-MAR-COM;realme;C1;Marco / chasis;Compatible;5,65;;;6
RL-C1-BOT-COM;realme;C1;Botones laterales;Compatible;2,89;;;6
RL-C1-CRI-COM;realme;C1;Cristal de pantalla;Compatible;2,89;;;6
RL-C1-FPR-COM;realme;C1;Flex principal;Compatible;2,39;;;6
RL-C1-VIB-COM;realme;C1;Vibrador;Compatible;2,79;;;6
RL-C1-ANT-COM;realme;C1;Antena / coaxial;Compatible;2,50;;;6
RL-C1-HUE-COM;realme;C1;Botón home / huella;Compatible;4,15;;;6
RL-2-MAR-COM;realme;2;Marco / chasis;Compatible;6,49;;;6
RL-2-BOT-COM;realme;2;Botones laterales;Compatible;3,35;;;6
RL-2-CRI-COM;realme;2;Cristal de pantalla;Compatible;3,30;;;6
RL-2-FPR-COM;realme;2;Flex principal;Compatible;2,75;;;6
RL-2-VIB-COM;realme;2;Vibrador;Compatible;3,20;;;6
RL-2-ANT-COM;realme;2;Antena / coaxial;Compatible;2,89;;;6
RL-2-HUE-COM;realme;2;Botón home / huella;Compatible;4,79;;;6
RL-1-MAR-COM;realme;1;Marco / chasis;Compatible;6,49;;;6
RL-1-BOT-COM;realme;1;Botones laterales;Compatible;3,35;;;6
RL-1-CRI-COM;realme;1;Cristal de pantalla;Compatible;3,30;;;6
RL-1-FPR-COM;realme;1;Flex principal;Compatible;2,75;;;6
RL-1-VIB-COM;realme;1;Vibrador;Compatible;3,20;;;6
RL-1-ANT-COM;realme;1;Antena / coaxial;Compatible;2,89;;;6
RL-1-HUE-COM;realme;1;Botón home / huella;Compatible;4,79;;;6
RL-12L-MAR-COM;realme;12 Lite;Marco / chasis;Compatible;7,90;;;6
RL-12L-BOT-COM;realme;12 Lite;Botones laterales;Compatible;4,05;;;6
RL-12L-CRI-COM;realme;12 Lite;Cristal de pantalla;Compatible;4,05;;;6
RL-12L-FPR-COM;realme;12 Lite;Flex principal;Compatible;3,35;;;6
RL-12L-VIB-COM;realme;12 Lite;Vibrador;Compatible;3,95;;;6
RL-12L-ANT-COM;realme;12 Lite;Antena / coaxial;Compatible;3,50;;;6
RL-12L-HUE-COM;realme;12 Lite;Botón home / huella;Compatible;5,85;;;6
RL-N70P5-MAR-COM;realme;narzo 70 Pro 5G;Marco / chasis;Compatible;9,05;;;6
RL-N70P5-BOT-COM;realme;narzo 70 Pro 5G;Botones laterales;Compatible;4,65;;;6
RL-N70P5-CRI-COM;realme;narzo 70 Pro 5G;Cristal de pantalla;Compatible;4,60;;;6
RL-N70P5-FPR-COM;realme;narzo 70 Pro 5G;Flex principal;Compatible;3,80;;;6
RL-N70P5-VIB-COM;realme;narzo 70 Pro 5G;Vibrador;Compatible;4,49;;;6
RL-N70P5-ANT-COM;realme;narzo 70 Pro 5G;Antena / coaxial;Compatible;4,00;;;6
RL-N70P5-HUE-COM;realme;narzo 70 Pro 5G;Botón home / huella;Compatible;6,69;;;6
RL-P45-MAR-COM;realme;P4 5G;Marco / chasis;Compatible;6,89;;;6
RL-P45-BOT-COM;realme;P4 5G;Botones laterales;Compatible;3,55;;;6
RL-P45-CRI-COM;realme;P4 5G;Cristal de pantalla;Compatible;3,50;;;6
RL-P45-FPR-COM;realme;P4 5G;Flex principal;Compatible;2,90;;;6
RL-P45-VIB-COM;realme;P4 5G;Vibrador;Compatible;3,40;;;6
RL-P45-ANT-COM;realme;P4 5G;Antena / coaxial;Compatible;3,05;;;6
RL-P45-HUE-COM;realme;P4 5G;Botón home / huella;Compatible;5,09;;;6
RL-Q3PPY-MAR-COM;realme;Q3 Pro Play;Marco / chasis;Compatible;8,20;;;6
RL-Q3PPY-BOT-COM;realme;Q3 Pro Play;Botones laterales;Compatible;4,20;;;6
RL-Q3PPY-CRI-COM;realme;Q3 Pro Play;Cristal de pantalla;Compatible;4,20;;;6
RL-Q3PPY-FPR-COM;realme;Q3 Pro Play;Flex principal;Compatible;3,45;;;6
RL-Q3PPY-VIB-COM;realme;Q3 Pro Play;Vibrador;Compatible;4,05;;;6
RL-Q3PPY-ANT-COM;realme;Q3 Pro Play;Antena / coaxial;Compatible;3,65;;;6
RL-Q3PPY-HUE-COM;realme;Q3 Pro Play;Botón home / huella;Compatible;6,05;;;6
RL-N30A-MAR-COM;realme;narzo 30A;Marco / chasis;Compatible;7,20;;;6
RL-N30A-BOT-COM;realme;narzo 30A;Botones laterales;Compatible;3,70;;;6
RL-N30A-CRI-COM;realme;narzo 30A;Cristal de pantalla;Compatible;3,69;;;6
RL-N30A-FPR-COM;realme;narzo 30A;Flex principal;Compatible;3,05;;;6
RL-N30A-VIB-COM;realme;narzo 30A;Vibrador;Compatible;3,55;;;6
RL-N30A-ANT-COM;realme;narzo 30A;Antena / coaxial;Compatible;3,20;;;6
RL-N30A-HUE-COM;realme;narzo 30A;Botón home / huella;Compatible;5,30;;;6
RL-C21Y-MAR-COM;realme;C21Y;Marco / chasis;Compatible;6,25;;;6
RL-C21Y-BOT-COM;realme;C21Y;Botones laterales;Compatible;3,20;;;6
RL-C21Y-CRI-COM;realme;C21Y;Cristal de pantalla;Compatible;3,20;;;6
RL-C21Y-FPR-COM;realme;C21Y;Flex principal;Compatible;2,65;;;6
RL-C21Y-VIB-COM;realme;C21Y;Vibrador;Compatible;3,10;;;6
RL-C21Y-ANT-COM;realme;C21Y;Antena / coaxial;Compatible;2,79;;;6
RL-C21Y-HUE-COM;realme;C21Y;Botón home / huella;Compatible;4,60;;;6
RL-8S5-MAR-COM;realme;8s 5G;Marco / chasis;Compatible;7,20;;;6
RL-8S5-BOT-COM;realme;8s 5G;Botones laterales;Compatible;3,70;;;6
RL-8S5-CRI-COM;realme;8s 5G;Cristal de pantalla;Compatible;3,69;;;6
RL-8S5-FPR-COM;realme;8s 5G;Flex principal;Compatible;3,05;;;6
RL-8S5-VIB-COM;realme;8s 5G;Vibrador;Compatible;3,55;;;6
RL-8S5-ANT-COM;realme;8s 5G;Antena / coaxial;Compatible;3,20;;;6
RL-8S5-HUE-COM;realme;8s 5G;Botón home / huella;Compatible;5,30;;;6
RL-N50AP-MAR-COM;realme;narzo 50A Prime;Marco / chasis;Compatible;7,20;;;6
RL-N50AP-BOT-COM;realme;narzo 50A Prime;Botones laterales;Compatible;3,70;;;6
RL-N50AP-CRI-COM;realme;narzo 50A Prime;Cristal de pantalla;Compatible;3,69;;;6
RL-N50AP-FPR-COM;realme;narzo 50A Prime;Flex principal;Compatible;3,05;;;6
RL-N50AP-VIB-COM;realme;narzo 50A Prime;Vibrador;Compatible;3,55;;;6
RL-N50AP-ANT-COM;realme;narzo 50A Prime;Antena / coaxial;Compatible;3,20;;;6
RL-N50AP-HUE-COM;realme;narzo 50A Prime;Botón home / huella;Compatible;5,30;;;6
RL-N505-MAR-COM;realme;narzo 50 5G;Marco / chasis;Compatible;7,20;;;6
RL-N505-BOT-COM;realme;narzo 50 5G;Botones laterales;Compatible;3,70;;;6
RL-N505-CRI-COM;realme;narzo 50 5G;Cristal de pantalla;Compatible;3,69;;;6
RL-N505-FPR-COM;realme;narzo 50 5G;Flex principal;Compatible;3,05;;;6
RL-N505-VIB-COM;realme;narzo 50 5G;Vibrador;Compatible;3,55;;;6
RL-N505-ANT-COM;realme;narzo 50 5G;Antena / coaxial;Compatible;3,20;;;6
RL-N505-HUE-COM;realme;narzo 50 5G;Botón home / huella;Compatible;5,30;;;6
RL-9I5-MAR-COM;realme;9i 5G;Marco / chasis;Compatible;7,20;;;6
RL-9I5-BOT-COM;realme;9i 5G;Botones laterales;Compatible;3,70;;;6
RL-9I5-CRI-COM;realme;9i 5G;Cristal de pantalla;Compatible;3,69;;;6
RL-9I5-FPR-COM;realme;9i 5G;Flex principal;Compatible;3,05;;;6
RL-9I5-VIB-COM;realme;9i 5G;Vibrador;Compatible;3,55;;;6
RL-9I5-ANT-COM;realme;9i 5G;Antena / coaxial;Compatible;3,20;;;6
RL-9I5-HUE-COM;realme;9i 5G;Botón home / huella;Compatible;5,30;;;6
RL-115-MAR-COM;realme;11 5G;Marco / chasis;Compatible;7,20;;;6
RL-115-BOT-COM;realme;11 5G;Botones laterales;Compatible;3,70;;;6
RL-115-CRI-COM;realme;11 5G;Cristal de pantalla;Compatible;3,69;;;6
RL-115-FPR-COM;realme;11 5G;Flex principal;Compatible;3,05;;;6
RL-115-VIB-COM;realme;11 5G;Vibrador;Compatible;3,55;;;6
RL-115-ANT-COM;realme;11 5G;Antena / coaxial;Compatible;3,20;;;6
RL-115-HUE-COM;realme;11 5G;Botón home / huella;Compatible;5,30;;;6
RL-C855-MAR-COM;realme;C85 5G;Marco / chasis;Compatible;6,89;;;6
RL-C855-BOT-COM;realme;C85 5G;Botones laterales;Compatible;3,55;;;6
RL-C855-CRI-COM;realme;C85 5G;Cristal de pantalla;Compatible;3,50;;;6
RL-C855-FPR-COM;realme;C85 5G;Flex principal;Compatible;2,90;;;6
RL-C855-VIB-COM;realme;C85 5G;Vibrador;Compatible;3,40;;;6
RL-C855-ANT-COM;realme;C85 5G;Antena / coaxial;Compatible;3,05;;;6
RL-C855-HUE-COM;realme;C85 5G;Botón home / huella;Compatible;5,09;;;6
