referencia;marca;modelo;pieza;calidad_o_variante;precio_sin_iva;precio_5_uds;precio_10_uds;garantia_meses
RD-R8-PAN-ORI;Redmi;Redmi 8;Pantalla;Original;20,35;19,74;19,13;12
RD-R8-PAN-COM;Redmi;Redmi 8;Pantalla;Compatible;11,79;11,44;11,08;6
RD-R8-BAT-COM;Redmi;Redmi 8;Batería;Compatible;9,59;;;6
RD-R8-CON-COM;Redmi;Redmi 8;Conector de carga;Compatible;2,90;;;6
RD-R8-TAP-COM-NEG;Redmi;Redmi 8;Tapa trasera;Negro (Onyx Black);4,85;;;6
RD-R8-TAP-COM-ROJ;Redmi;Redmi 8;Tapa trasera;Rojo (Ruby Red);4,85;;;6
RD-R8-TAP-COM-AZU;Redmi;Redmi 8;Tapa trasera;Azul (Sapphire Blue);4,85;;;6
RD-R8-TAP-COM-RPH;Redmi;Redmi 8;Tapa trasera;Rojo (Phantom Red);4,85;;;6
RD-R8-CTR-COM;Redmi;Redmi 8;Cámara trasera;Compatible;6,10;;;6
RD-R8-CFR-COM;Redmi;Redmi 8;Cámara frontal;Compatible;3,90;;;6
RD-R8-LEN-COM;Redmi;Redmi 8;Lente de cámara;Compatible;1,80;;;6
RD-R8-ALT-COM;Redmi;Redmi 8;Altavoz;Compatible;3,35;;;6
RD-R8-AUR-COM;Redmi;Redmi 8;Auricular de llamada;Compatible;2,40;;;6
RD-R8-FLX-COM;Redmi;Redmi 8;Flex de encendido y volumen;Compatible;2,35;;;6
RD-R8-SIM-COM-NEG;Redmi;Redmi 8;Bandeja SIM;Negro (Onyx Black);2,40;;;6
RD-R8-SIM-COM-ROJ;Redmi;Redmi 8;Bandeja SIM;Rojo (Ruby Red);2,40;;;6
RD-R8-SIM-COM-AZU;Redmi;Redmi 8;Bandeja SIM;Azul (Sapphire Blue);2,40;;;6
RD-R8-SIM-COM-RPH;Redmi;Redmi 8;Bandeja SIM;Rojo (Phantom Red);2,40;;;6
RD-R8A-PAN-ORI;Redmi;Redmi 8A;Pantalla;Original;18,95;18,38;17,81;12
RD-R8A-PAN-COM;Redmi;Redmi 8A;Pantalla;Compatible;11,79;11,44;11,08;6
RD-R8A-BAT-COM;Redmi;Redmi 8A;Batería;Compatible;9,59;;;6
RD-R8A-CON-COM;Redmi;Redmi 8A;Conector de carga;Compatible;2,90;;;6
RD-R8A-TAP-COM-NEG;Redmi;Redmi 8A;Tapa trasera;Negro (Midnight Black);4,85;;;6
RD-R8A-TAP-COM-AZU;Redmi;Redmi 8A;Tapa trasera;Azul (Ocean Blue);4,85;;;6
RD-R8A-TAP-COM-ROJ;Redmi;Redmi 8A;Tapa trasera;Rojo (Sunset Red);4,85;;;6
RD-R8A-CTR-COM;Redmi;Redmi 8A;Cámara trasera;Compatible;6,10;;;6
RD-R8A-CFR-COM;Redmi;Redmi 8A;Cámara frontal;Compatible;3,90;;;6
RD-R8A-LEN-COM;Redmi;Redmi 8A;Lente de cámara;Compatible;1,80;;;6
RD-R8A-ALT-COM;Redmi;Redmi 8A;Altavoz;Compatible;3,35;;;6
RD-R8A-AUR-COM;Redmi;Redmi 8A;Auricular de llamada;Compatible;2,40;;;6
RD-R8A-FLX-COM;Redmi;Redmi 8A;Flex de encendido y volumen;Compatible;2,35;;;6
RD-R8A-SIM-COM-NEG;Redmi;Redmi 8A;Bandeja SIM;Negro (Midnight Black);2,40;;;6
RD-R8A-SIM-COM-AZU;Redmi;Redmi 8A;Bandeja SIM;Azul (Ocean Blue);2,40;;;6
RD-R8A-SIM-COM-ROJ;Redmi;Redmi 8A;Bandeja SIM;Rojo (Sunset Red);2,40;;;6
RD-R9-PAN-ORI;Redmi;Redmi 9;Pantalla;Original;22,35;21,68;21,01;12
RD-R9-PAN-COM;Redmi;Redmi 9;Pantalla;Compatible;11,85;11,49;11,14;6
RD-R9-BAT-COM;Redmi;Redmi 9;Batería;Compatible;8,19;;;6
RD-R9-CON-COM;Redmi;Redmi 9;Conector de carga;Compatible;2,75;;;6
RD-R9-TAP-COM-GRI;Redmi;Redmi 9;Tapa trasera;Gris (Carbon Gray);4,95;;;6
RD-R9-TAP-COM-MOR;Redmi;Redmi 9;Tapa trasera;Morado (Sunset Purple);4,95;;;6
RD-R9-TAP-COM-VER;Redmi;Redmi 9;Tapa trasera;Verde (Ocean Green);4,95;;;6
RD-R9-CTR-COM;Redmi;Redmi 9;Cámara trasera;Compatible;4,99;;;6
RD-R9-CFR-COM;Redmi;Redmi 9;Cámara frontal;Compatible;2,85;;;6
RD-R9-LEN-COM;Redmi;Redmi 9;Lente de cámara;Compatible;1,85;;;6
RD-R9-ALT-COM;Redmi;Redmi 9;Altavoz;Compatible;3,05;;;6
RD-R9-AUR-COM;Redmi;Redmi 9;Auricular de llamada;Compatible;2,19;;;6
RD-R9-FLX-COM;Redmi;Redmi 9;Flex de encendido y volumen;Compatible;2,15;;;6
RD-R9-SIM-COM-GRI;Redmi;Redmi 9;Bandeja SIM;Gris (Carbon Gray);2,49;;;6
RD-R9-SIM-COM-MOR;Redmi;Redmi 9;Bandeja SIM;Morado (Sunset Purple);2,49;;;6
RD-R9-SIM-COM-VER;Redmi;Redmi 9;Bandeja SIM;Verde (Ocean Green);2,49;;;6
RD-R9A-PAN-ORI;Redmi;Redmi 9A;Pantalla;Original;18,95;18,38;17,81;12
RD-R9A-PAN-COM;Redmi;Redmi 9A;Pantalla;Compatible;11,55;11,20;10,86;6
RD-R9A-BAT-COM;Redmi;Redmi 9A;Batería;Compatible;8,90;;;6
RD-R9A-CON-COM;Redmi;Redmi 9A;Conector de carga;Compatible;2,99;;;6
RD-R9A-TAP-COM-GRI;Redmi;Redmi 9A;Tapa trasera;Gris (Carbon Gray);4,95;;;6
RD-R9A-TAP-COM-AZU;Redmi;Redmi 9A;Tapa trasera;Azul cielo;4,95;;;6
RD-R9A-TAP-COM-VER;Redmi;Redmi 9A;Tapa trasera;Verde (Ocean Green);4,95;;;6
RD-R9A-CTR-COM;Redmi;Redmi 9A;Cámara trasera;Compatible;3,19;;;6
RD-R9A-CFR-COM;Redmi;Redmi 9A;Cámara frontal;Compatible;2,85;;;6
RD-R9A-LEN-COM;Redmi;Redmi 9A;Lente de cámara;Compatible;1,85;;;6
RD-R9A-ALT-COM;Redmi;Redmi 9A;Altavoz;Compatible;2,90;;;6
RD-R9A-AUR-COM;Redmi;Redmi 9A;Auricular de llamada;Compatible;2,19;;;6
RD-R9A-FLX-COM;Redmi;Redmi 9A;Flex de encendido y volumen;Compatible;2,15;;;6
RD-R9A-SIM-COM-GRI;Redmi;Redmi 9A;Bandeja SIM;Gris (Carbon Gray);2,40;;;6
RD-R9A-SIM-COM-AZU;Redmi;Redmi 9A;Bandeja SIM;Azul cielo;2,40;;;6
RD-R9A-SIM-COM-VER;Redmi;Redmi 9A;Bandeja SIM;Verde (Ocean Green);2,40;;;6
RD-R9C-PAN-ORI;Redmi;Redmi 9C;Pantalla;Original;17,50;16,97;16,45;12
RD-R9C-PAN-COM;Redmi;Redmi 9C;Pantalla;Compatible;11,55;11,20;10,86;6
RD-R9C-BAT-COM;Redmi;Redmi 9C;Batería;Compatible;8,19;;;6
RD-R9C-CON-COM;Redmi;Redmi 9C;Conector de carga;Compatible;2,75;;;6
RD-R9C-TAP-COM-GRI;Redmi;Redmi 9C;Tapa trasera;Gris (Midnight Gray);4,95;;;6
RD-R9C-TAP-COM-NAR;Redmi;Redmi 9C;Tapa trasera;Naranja (Sunrise Orange);4,95;;;6
RD-R9C-TAP-COM-AZU;Redmi;Redmi 9C;Tapa trasera;Azul (Twilight Blue);4,95;;;6
RD-R9C-CTR-COM;Redmi;Redmi 9C;Cámara trasera;Compatible;4,99;;;6
RD-R9C-CFR-COM;Redmi;Redmi 9C;Cámara frontal;Compatible;2,85;;;6
RD-R9C-LEN-COM;Redmi;Redmi 9C;Lente de cámara;Compatible;1,85;;;6
RD-R9C-ALT-COM;Redmi;Redmi 9C;Altavoz;Compatible;3,05;;;6
RD-R9C-AUR-COM;Redmi;Redmi 9C;Auricular de llamada;Compatible;2,19;;;6
RD-R9C-FLX-COM;Redmi;Redmi 9C;Flex de encendido y volumen;Compatible;2,15;;;6
RD-R9C-SIM-COM-GRI;Redmi;Redmi 9C;Bandeja SIM;Gris (Midnight Gray);2,49;;;6
RD-R9C-SIM-COM-NAR;Redmi;Redmi 9C;Bandeja SIM;Naranja (Sunrise Orange);2,49;;;6
RD-R9C-SIM-COM-AZU;Redmi;Redmi 9C;Bandeja SIM;Azul (Twilight Blue);2,49;;;6
RD-R9CNFC-PAN-ORI;Redmi;Redmi 9C NFC;Pantalla;Original;22,35;21,68;21,01;12
RD-R9CNFC-PAN-COM;Redmi;Redmi 9C NFC;Pantalla;Compatible;12,50;12,13;11,75;6
RD-R9CNFC-BAT-COM;Redmi;Redmi 9C NFC;Batería;Compatible;8,19;;;6
RD-R9CNFC-CON-COM;Redmi;Redmi 9C NFC;Conector de carga;Compatible;2,75;;;6
RD-R9CNFC-TAP-COM-GRI;Redmi;Redmi 9C NFC;Tapa trasera;Gris (Midnight Gray);4,95;;;6
RD-R9CNFC-TAP-COM-NAR;Redmi;Redmi 9C NFC;Tapa trasera;Naranja (Sunrise Orange);4,95;;;6
RD-R9CNFC-TAP-COM-AZU;Redmi;Redmi 9C NFC;Tapa trasera;Azul (Twilight Blue);4,95;;;6
RD-R9CNFC-CTR-COM;Redmi;Redmi 9C NFC;Cámara trasera;Compatible;4,99;;;6
RD-R9CNFC-CFR-COM;Redmi;Redmi 9C NFC;Cámara frontal;Compatible;2,85;;;6
RD-R9CNFC-LEN-COM;Redmi;Redmi 9C NFC;Lente de cámara;Compatible;1,85;;;6
RD-R9CNFC-ALT-COM;Redmi;Redmi 9C NFC;Altavoz;Compatible;3,05;;;6
RD-R9CNFC-AUR-COM;Redmi;Redmi 9C NFC;Auricular de llamada;Compatible;2,19;;;6
RD-R9CNFC-FLX-COM;Redmi;Redmi 9C NFC;Flex de encendido y volumen;Compatible;2,15;;;6
RD-R9CNFC-SIM-COM-GRI;Redmi;Redmi 9C NFC;Bandeja SIM;Gris (Midnight Gray);2,49;;;6
RD-R9CNFC-SIM-COM-NAR;Redmi;Redmi 9C NFC;Bandeja SIM;Naranja (Sunrise Orange);2,49;;;6
RD-R9CNFC-SIM-COM-AZU;Redmi;Redmi 9C NFC;Bandeja SIM;Azul (Twilight Blue);2,49;;;6
RD-R9T-PAN-ORI;Redmi;Redmi 9T;Pantalla;Original;22,35;21,68;21,01;12
RD-R9T-PAN-COM;Redmi;Redmi 9T;Pantalla;Compatible;12,50;12,13;11,75;6
RD-R9T-BAT-COM;Redmi;Redmi 9T;Batería;Compatible;8,19;;;6
RD-R9T-CON-COM;Redmi;Redmi 9T;Conector de carga;Compatible;2,75;;;6
RD-R9T-TAP-COM-GRI;Redmi;Redmi 9T;Tapa trasera;Gris Carbono;4,95;;;6
RD-R9T-TAP-COM-AMA;Redmi;Redmi 9T;Tapa trasera;Amanecer Naranja;4,95;;;6
RD-R9T-TAP-COM-AZU;Redmi;Redmi 9T;Tapa trasera;Azul Crepúsculo;4,95;;;6
RD-R9T-TAP-COM-VER;Redmi;Redmi 9T;Tapa trasera;Verde Océano;4,95;;;6
RD-R9T-CTR-COM;Redmi;Redmi 9T;Cámara trasera;Compatible;4,99;;;6
RD-R9T-CFR-COM;Redmi;Redmi 9T;Cámara frontal;Compatible;2,85;;;6
RD-R9T-LEN-COM;Redmi;Redmi 9T;Lente de cámara;Compatible;1,85;;;6
RD-R9T-ALT-COM;Redmi;Redmi 9T;Altavoz;Compatible;3,05;;;6
RD-R9T-AUR-COM;Redmi;Redmi 9T;Auricular de llamada;Compatible;2,19;;;6
RD-R9T-FLX-COM;Redmi;Redmi 9T;Flex de encendido y volumen;Compatible;2,15;;;6
RD-R9T-SIM-COM-GRI;Redmi;Redmi 9T;Bandeja SIM;Gris Carbono;2,49;;;6
RD-R9T-SIM-COM-AMA;Redmi;Redmi 9T;Bandeja SIM;Amanecer Naranja;2,49;;;6
RD-R9T-SIM-COM-AZU;Redmi;Redmi 9T;Bandeja SIM;Azul Crepúsculo;2,49;;;6
RD-R9T-SIM-COM-VER;Redmi;Redmi 9T;Bandeja SIM;Verde Océano;2,49;;;6
RD-R10-PAN-ORI;Redmi;Redmi 10;Pantalla;Original;22,35;21,68;21,01;12
RD-R10-PAN-COM;Redmi;Redmi 10;Pantalla;Compatible;11,85;11,49;11,14;6
RD-R10-BAT-COM;Redmi;Redmi 10;Batería;Compatible;8,19;;;6
RD-R10-CON-COM;Redmi;Redmi 10;Conector de carga;Compatible;2,75;;;6
RD-R10-TAP-COM-BLA;Redmi;Redmi 10;Tapa trasera;Blanco Guijarro;4,95;;;6
RD-R10-TAP-COM-GRI;Redmi;Redmi 10;Tapa trasera;Gris Carbón;4,95;;;6
RD-R10-TAP-COM-AZU;Redmi;Redmi 10;Tapa trasera;Azul Marítimo;4,95;;;6
RD-R10-CTR-COM;Redmi;Redmi 10;Cámara trasera;Compatible;4,99;;;6
RD-R10-CFR-COM;Redmi;Redmi 10;Cámara frontal;Compatible;2,85;;;6
RD-R10-LEN-COM;Redmi;Redmi 10;Lente de cámara;Compatible;1,85;;;6
RD-R10-ALT-COM;Redmi;Redmi 10;Altavoz;Compatible;3,05;;;6
RD-R10-AUR-COM;Redmi;Redmi 10;Auricular de llamada;Compatible;2,19;;;6
RD-R10-FLX-COM;Redmi;Redmi 10;Flex de encendido y volumen;Compatible;2,15;;;6
RD-R10-SIM-COM-BLA;Redmi;Redmi 10;Bandeja SIM;Blanco Guijarro;2,49;;;6
RD-R10-SIM-COM-GRI;Redmi;Redmi 10;Bandeja SIM;Gris Carbón;2,49;;;6
RD-R10-SIM-COM-AZU;Redmi;Redmi 10;Bandeja SIM;Azul Marítimo;2,49;;;6
RD-R1022-PAN-ORI;Redmi;Redmi 10 2022;Pantalla;Original;22,35;21,68;21,01;12
RD-R1022-PAN-COM;Redmi;Redmi 10 2022;Pantalla;Compatible;12,50;12,13;11,75;6
RD-R1022-BAT-COM;Redmi;Redmi 10 2022;Batería;Compatible;8,19;;;6
RD-R1022-CON-COM;Redmi;Redmi 10 2022;Conector de carga;Compatible;2,75;;;6
RD-R1022-TAP-COM-BLA;Redmi;Redmi 10 2022;Tapa trasera;Blanco Guijarro;4,95;;;6
RD-R1022-TAP-COM-GRI;Redmi;Redmi 10 2022;Tapa trasera;Gris Carbón;4,95;;;6
RD-R1022-TAP-COM-AZU;Redmi;Redmi 10 2022;Tapa trasera;Azul Marítimo;4,95;;;6
RD-R1022-CTR-COM;Redmi;Redmi 10 2022;Cámara trasera;Compatible;4,99;;;6
RD-R1022-CFR-COM;Redmi;Redmi 10 2022;Cámara frontal;Compatible;2,85;;;6
RD-R1022-LEN-COM;Redmi;Redmi 10 2022;Lente de cámara;Compatible;1,85;;;6
RD-R1022-ALT-COM;Redmi;Redmi 10 2022;Altavoz;Compatible;3,05;;;6
RD-R1022-AUR-COM;Redmi;Redmi 10 2022;Auricular de llamada;Compatible;2,19;;;6
RD-R1022-FLX-COM;Redmi;Redmi 10 2022;Flex de encendido y volumen;Compatible;2,15;;;6
RD-R1022-SIM-COM-BLA;Redmi;Redmi 10 2022;Bandeja SIM;Blanco Guijarro;2,49;;;6
RD-R1022-SIM-COM-GRI;Redmi;Redmi 10 2022;Bandeja SIM;Gris Carbón;2,49;;;6
RD-R1022-SIM-COM-AZU;Redmi;Redmi 10 2022;Bandeja SIM;Azul Marítimo;2,49;;;6
RD-R10A-PAN-ORI;Redmi;Redmi 10A;Pantalla;Original;22,35;21,68;21,01;12
RD-R10A-PAN-COM;Redmi;Redmi 10A;Pantalla;Compatible;12,50;12,13;11,75;6
RD-R10A-BAT-COM;Redmi;Redmi 10A;Batería;Compatible;8,19;;;6
RD-R10A-CON-COM;Redmi;Redmi 10A;Conector de carga;Compatible;2,75;;;6
RD-R10A-TAP-COM-AZU;Redmi;Redmi 10A;Tapa trasera;Azul Cielo;4,95;;;6
RD-R10A-TAP-COM-PLA;Redmi;Redmi 10A;Tapa trasera;Plata Cromada;4,95;;;6
RD-R10A-TAP-COM-GRI;Redmi;Redmi 10A;Tapa trasera;Gris Grafito;4,95;;;6
RD-R10A-CTR-COM;Redmi;Redmi 10A;Cámara trasera;Compatible;4,99;;;6
RD-R10A-CFR-COM;Redmi;Redmi 10A;Cámara frontal;Compatible;2,85;;;6
RD-R10A-LEN-COM;Redmi;Redmi 10A;Lente de cámara;Compatible;1,85;;;6
RD-R10A-ALT-COM;Redmi;Redmi 10A;Altavoz;Compatible;3,05;;;6
RD-R10A-AUR-COM;Redmi;Redmi 10A;Auricular de llamada;Compatible;2,19;;;6
RD-R10A-FLX-COM;Redmi;Redmi 10A;Flex de encendido y volumen;Compatible;2,15;;;6
RD-R10A-SIM-COM-AZU;Redmi;Redmi 10A;Bandeja SIM;Azul Cielo;2,49;;;6
RD-R10A-SIM-COM-PLA;Redmi;Redmi 10A;Bandeja SIM;Plata Cromada;2,49;;;6
RD-R10A-SIM-COM-GRI;Redmi;Redmi 10A;Bandeja SIM;Gris Grafito;2,49;;;6
RD-R10C-PAN-ORI;Redmi;Redmi 10C;Pantalla;Original;17,50;16,97;16,45;12
RD-R10C-PAN-COM;Redmi;Redmi 10C;Pantalla;Compatible;11,55;11,20;10,86;6
RD-R10C-BAT-COM;Redmi;Redmi 10C;Batería;Compatible;8,19;;;6
RD-R10C-CON-COM;Redmi;Redmi 10C;Conector de carga;Compatible;2,75;;;6
RD-R10C-TAP-COM-GRI;Redmi;Redmi 10C;Tapa trasera;Gris Grafito;4,95;;;6
RD-R10C-TAP-COM-VER;Redmi;Redmi 10C;Tapa trasera;Verde Menta;4,95;;;6
RD-R10C-TAP-COM-AZU;Redmi;Redmi 10C;Tapa trasera;Azul Océano;4,95;;;6
RD-R10C-CTR-COM;Redmi;Redmi 10C;Cámara trasera;Compatible;4,99;;;6
RD-R10C-CFR-COM;Redmi;Redmi 10C;Cámara frontal;Compatible;2,85;;;6
RD-R10C-LEN-COM;Redmi;Redmi 10C;Lente de cámara;Compatible;1,85;;;6
RD-R10C-ALT-COM;Redmi;Redmi 10C;Altavoz;Compatible;3,05;;;6
RD-R10C-AUR-COM;Redmi;Redmi 10C;Auricular de llamada;Compatible;2,19;;;6
RD-R10C-FLX-COM;Redmi;Redmi 10C;Flex de encendido y volumen;Compatible;2,15;;;6
RD-R10C-SIM-COM-GRI;Redmi;Redmi 10C;Bandeja SIM;Gris Grafito;2,49;;;6
RD-R10C-SIM-COM-VER;Redmi;Redmi 10C;Bandeja SIM;Verde Menta;2,49;;;6
RD-R10C-SIM-COM-AZU;Redmi;Redmi 10C;Bandeja SIM;Azul Océano;2,49;;;6
RD-R105-PAN-ORI;Redmi;Redmi 10 5G;Pantalla;Original;22,35;21,68;21,01;12
RD-R105-PAN-COM;Redmi;Redmi 10 5G;Pantalla;Compatible;11,85;11,49;11,14;6
RD-R105-BAT-COM;Redmi;Redmi 10 5G;Batería;Compatible;8,19;;;6
RD-R105-CON-COM;Redmi;Redmi 10 5G;Conector de carga;Compatible;2,75;;;6
RD-R105-TAP-COM-GRI;Redmi;Redmi 10 5G;Tapa trasera;Gris (Graphite Gray);4,95;;;6
RD-R105-TAP-COM-PLA;Redmi;Redmi 10 5G;Tapa trasera;Plata (Chrome Silver);4,95;;;6
RD-R105-TAP-COM-VER;Redmi;Redmi 10 5G;Tapa trasera;Verde (Aurora Green);4,95;;;6
RD-R105-CTR-COM;Redmi;Redmi 10 5G;Cámara trasera;Compatible;4,99;;;6
RD-R105-CFR-COM;Redmi;Redmi 10 5G;Cámara frontal;Compatible;2,85;;;6
RD-R105-LEN-COM;Redmi;Redmi 10 5G;Lente de cámara;Compatible;1,85;;;6
RD-R105-ALT-COM;Redmi;Redmi 10 5G;Altavoz;Compatible;3,05;;;6
RD-R105-AUR-COM;Redmi;Redmi 10 5G;Auricular de llamada;Compatible;2,19;;;6
RD-R105-FLX-COM;Redmi;Redmi 10 5G;Flex de encendido y volumen;Compatible;2,15;;;6
RD-R105-SIM-COM-GRI;Redmi;Redmi 10 5G;Bandeja SIM;Gris (Graphite Gray);2,49;;;6
RD-R105-SIM-COM-PLA;Redmi;Redmi 10 5G;Bandeja SIM;Plata (Chrome Silver);2,49;;;6
RD-R105-SIM-COM-VER;Redmi;Redmi 10 5G;Bandeja SIM;Verde (Aurora Green);2,49;;;6
RD-R12C-PAN-ORI;Redmi;Redmi 12C;Pantalla;Original;17,50;16,97;16,45;12
RD-R12C-PAN-COM;Redmi;Redmi 12C;Pantalla;Compatible;11,55;11,20;10,86;6
RD-R12C-BAT-COM;Redmi;Redmi 12C;Batería;Compatible;9,35;;;6
RD-R12C-CON-COM;Redmi;Redmi 12C;Conector de carga;Compatible;3,15;;;6
RD-R12C-TAP-COM-GRI;Redmi;Redmi 12C;Tapa trasera;Gris Grafito;5,59;;;6
RD-R12C-TAP-COM-AZU;Redmi;Redmi 12C;Tapa trasera;Azul Océano;5,59;;;6
RD-R12C-TAP-COM-VER;Redmi;Redmi 12C;Tapa trasera;Verde Menta;5,59;;;6
RD-R12C-TAP-COM-MOR;Redmi;Redmi 12C;Tapa trasera;Morado Lavanda;5,59;;;6
RD-R12C-CTR-COM;Redmi;Redmi 12C;Cámara trasera;Compatible;6,99;;;6
RD-R12C-CFR-COM;Redmi;Redmi 12C;Cámara frontal;Compatible;4,20;;;6
RD-R12C-LEN-COM;Redmi;Redmi 12C;Lente de cámara;Compatible;1,90;;;6
RD-R12C-ALT-COM;Redmi;Redmi 12C;Altavoz;Compatible;3,29;;;6
RD-R12C-AUR-COM;Redmi;Redmi 12C;Auricular de llamada;Compatible;2,39;;;6
RD-R12C-FLX-COM;Redmi;Redmi 12C;Flex de encendido y volumen;Compatible;2,65;;;6
RD-R12C-SIM-COM-GRI;Redmi;Redmi 12C;Bandeja SIM;Gris Grafito;2,45;;;6
RD-R12C-SIM-COM-AZU;Redmi;Redmi 12C;Bandeja SIM;Azul Océano;2,45;;;6
RD-R12C-SIM-COM-VER;Redmi;Redmi 12C;Bandeja SIM;Verde Menta;2,45;;;6
RD-R12C-SIM-COM-MOR;Redmi;Redmi 12C;Bandeja SIM;Morado Lavanda;2,45;;;6
RD-R12-PAN-ORI;Redmi;Redmi 12;Pantalla;Original;23,09;22,40;21,70;12
RD-R12-PAN-COM;Redmi;Redmi 12;Pantalla;Compatible;11,85;11,49;11,14;6
RD-R12-BAT-COM;Redmi;Redmi 12;Batería;Compatible;9,45;;;6
RD-R12-CON-COM;Redmi;Redmi 12;Conector de carga;Compatible;2,19;;;6
RD-R12-TAP-COM-NEG;Redmi;Redmi 12;Tapa trasera;Negro Medianoche;5,75;;;6
RD-R12-TAP-COM-AZU;Redmi;Redmi 12;Tapa trasera;Azul Cielo;5,75;;;6
RD-R12-TAP-COM-PLA;Redmi;Redmi 12;Tapa trasera;Plata Polar;5,75;;;6
RD-R12-CTR-COM;Redmi;Redmi 12;Cámara trasera;Compatible;6,99;;;6
RD-R12-CFR-COM;Redmi;Redmi 12;Cámara frontal;Compatible;4,20;;;6
RD-R12-LEN-COM;Redmi;Redmi 12;Lente de cámara;Compatible;1,90;;;6
RD-R12-ALT-COM;Redmi;Redmi 12;Altavoz;Compatible;2,55;;;6
RD-R12-AUR-COM;Redmi;Redmi 12;Auricular de llamada;Compatible;2,39;;;6
RD-R12-FLX-COM;Redmi;Redmi 12;Flex de encendido y volumen;Compatible;2,65;;;6
RD-R12-SIM-COM-NEG;Redmi;Redmi 12;Bandeja SIM;Negro Medianoche;2,45;;;6
RD-R12-SIM-COM-AZU;Redmi;Redmi 12;Bandeja SIM;Azul Cielo;2,45;;;6
RD-R12-SIM-COM-PLA;Redmi;Redmi 12;Bandeja SIM;Plata Polar;2,45;;;6
RD-R125-PAN-ORI;Redmi;Redmi 12 5G;Pantalla;Original;23,09;22,40;21,70;12
RD-R125-PAN-COM;Redmi;Redmi 12 5G;Pantalla;Compatible;13,30;12,90;12,50;6
RD-R125-BAT-COM;Redmi;Redmi 12 5G;Batería;Compatible;9,35;;;6
RD-R125-CON-COM;Redmi;Redmi 12 5G;Conector de carga;Compatible;3,15;;;6
RD-R125-TAP-COM-NEG;Redmi;Redmi 12 5G;Tapa trasera;Negro Medianoche;5,59;;;6
RD-R125-TAP-COM-AZU;Redmi;Redmi 12 5G;Tapa trasera;Azul Cielo;5,59;;;6
RD-R125-TAP-COM-PLA;Redmi;Redmi 12 5G;Tapa trasera;Plata Polar;5,59;;;6
RD-R125-CTR-COM;Redmi;Redmi 12 5G;Cámara trasera;Compatible;6,99;;;6
RD-R125-CFR-COM;Redmi;Redmi 12 5G;Cámara frontal;Compatible;4,20;;;6
RD-R125-LEN-COM;Redmi;Redmi 12 5G;Lente de cámara;Compatible;1,90;;;6
RD-R125-ALT-COM;Redmi;Redmi 12 5G;Altavoz;Compatible;3,29;;;6
RD-R125-AUR-COM;Redmi;Redmi 12 5G;Auricular de llamada;Compatible;2,39;;;6
RD-R125-FLX-COM;Redmi;Redmi 12 5G;Flex de encendido y volumen;Compatible;2,65;;;6
RD-R125-SIM-COM-NEG;Redmi;Redmi 12 5G;Bandeja SIM;Negro Medianoche;2,45;;;6
RD-R125-SIM-COM-AZU;Redmi;Redmi 12 5G;Bandeja SIM;Azul Cielo;2,45;;;6
RD-R125-SIM-COM-PLA;Redmi;Redmi 12 5G;Bandeja SIM;Plata Polar;2,45;;;6
RD-R13C-PAN-ORI;Redmi;Redmi 13C;Pantalla;Original;17,49;16,97;16,44;12
RD-R13C-PAN-COM;Redmi;Redmi 13C;Pantalla;Compatible;11,55;11,20;10,86;6
RD-R13C-BAT-COM;Redmi;Redmi 13C;Batería;Compatible;9,35;;;6
RD-R13C-CON-COM;Redmi;Redmi 13C;Conector de carga;Compatible;2,00;;;6
RD-R13C-TAP-COM-NEG;Redmi;Redmi 13C;Tapa trasera;Negro medianoche;5,59;;;6
RD-R13C-TAP-COM-AZU;Redmi;Redmi 13C;Tapa trasera;Azul marino;5,59;;;6
RD-R13C-TAP-COM-BLA;Redmi;Redmi 13C;Tapa trasera;Blanco glaciar;5,59;;;6
RD-R13C-TAP-COM-VER;Redmi;Redmi 13C;Tapa trasera;Verde trébol;5,59;;;6
RD-R13C-CTR-COM;Redmi;Redmi 13C;Cámara trasera;Compatible;8,19;;;6
RD-R13C-CFR-COM;Redmi;Redmi 13C;Cámara frontal;Compatible;4,20;;;6
RD-R13C-LEN-COM;Redmi;Redmi 13C;Lente de cámara;Compatible;1,20;;;6
RD-R13C-ALT-COM;Redmi;Redmi 13C;Altavoz;Compatible;3,29;;;6
RD-R13C-AUR-COM;Redmi;Redmi 13C;Auricular de llamada;Compatible;2,39;;;6
RD-R13C-FLX-COM;Redmi;Redmi 13C;Flex de encendido y volumen;Compatible;2,75;;;6
RD-R13C-SIM-COM-NEG;Redmi;Redmi 13C;Bandeja SIM;Negro medianoche;2,15;;;6
RD-R13C-SIM-COM-AZU;Redmi;Redmi 13C;Bandeja SIM;Azul marino;2,15;;;6
RD-R13C-SIM-COM-BLA;Redmi;Redmi 13C;Bandeja SIM;Blanco glaciar;2,15;;;6
RD-R13C-SIM-COM-VER;Redmi;Redmi 13C;Bandeja SIM;Verde trébol;2,15;;;6
RD-R13-PAN-ORI;Redmi;Redmi 13;Pantalla;Original;23,09;22,40;21,70;12
RD-R13-PAN-COM;Redmi;Redmi 13;Pantalla;Compatible;17,40;16,88;16,36;6
RD-R13-BAT-COM;Redmi;Redmi 13;Batería;Compatible;8,69;;;6
RD-R13-CON-COM;Redmi;Redmi 13;Conector de carga;Compatible;5,25;;;6
RD-R13-TAP-COM-NEG;Redmi;Redmi 13;Tapa trasera;Negro Medianoche;5,59;;;6
RD-R13-TAP-COM-ARE;Redmi;Redmi 13;Tapa trasera;Arena Dorada;5,59;;;6
RD-R13-TAP-COM-ROS;Redmi;Redmi 13;Tapa trasera;Rosa Perla;5,59;;;6
RD-R13-TAP-COM-AZU;Redmi;Redmi 13;Tapa trasera;Azul Océano;5,59;;;6
RD-R13-CTR-COM;Redmi;Redmi 13;Cámara trasera;Compatible;10,85;10,52;10,20;6
RD-R13-CFR-COM;Redmi;Redmi 13;Cámara frontal;Compatible;5,85;;;6
RD-R13-LEN-COM;Redmi;Redmi 13;Lente de cámara;Compatible;1,90;;;6
RD-R13-ALT-COM;Redmi;Redmi 13;Altavoz;Compatible;5,79;;;6
RD-R13-AUR-COM;Redmi;Redmi 13;Auricular de llamada;Compatible;2,39;;;6
RD-R13-FLX-COM;Redmi;Redmi 13;Flex de encendido y volumen;Compatible;2,65;;;6
RD-R13-SIM-COM-NEG;Redmi;Redmi 13;Bandeja SIM;Negro Medianoche;3,65;;;6
RD-R13-SIM-COM-ARE;Redmi;Redmi 13;Bandeja SIM;Arena Dorada;3,65;;;6
RD-R13-SIM-COM-ROS;Redmi;Redmi 13;Bandeja SIM;Rosa Perla;3,65;;;6
RD-R13-SIM-COM-AZU;Redmi;Redmi 13;Bandeja SIM;Azul Océano;3,65;;;6
RD-R14C-PAN-ORI;Redmi;Redmi 14C;Pantalla;Original;23,09;22,40;21,70;12
RD-R14C-PAN-COM;Redmi;Redmi 14C;Pantalla;Compatible;14,65;14,21;13,77;6
RD-R14C-BAT-COM;Redmi;Redmi 14C;Batería;Compatible;9,35;;;6
RD-R14C-CON-COM;Redmi;Redmi 14C;Conector de carga;Compatible;3,15;;;6
RD-R14C-TAP-COM-NEG;Redmi;Redmi 14C;Tapa trasera;Negro medianoche;5,59;;;6
RD-R14C-TAP-COM-VER;Redmi;Redmi 14C;Tapa trasera;Verde;5,59;;;6
RD-R14C-TAP-COM-MOR;Redmi;Redmi 14C;Tapa trasera;Morado;5,59;;;6
RD-R14C-TAP-COM-AZU;Redmi;Redmi 14C;Tapa trasera;Azul;5,59;;;6
RD-R14C-CTR-COM;Redmi;Redmi 14C;Cámara trasera;Compatible;6,99;;;6
RD-R14C-CFR-COM;Redmi;Redmi 14C;Cámara frontal;Compatible;4,20;;;6
RD-R14C-LEN-COM;Redmi;Redmi 14C;Lente de cámara;Compatible;1,90;;;6
RD-R14C-ALT-COM;Redmi;Redmi 14C;Altavoz;Compatible;3,29;;;6
RD-R14C-AUR-COM;Redmi;Redmi 14C;Auricular de llamada;Compatible;2,39;;;6
RD-R14C-FLX-COM;Redmi;Redmi 14C;Flex de encendido y volumen;Compatible;2,65;;;6
RD-R14C-SIM-COM-NEG;Redmi;Redmi 14C;Bandeja SIM;Negro medianoche;2,45;;;6
RD-R14C-SIM-COM-VER;Redmi;Redmi 14C;Bandeja SIM;Verde;2,45;;;6
RD-R14C-SIM-COM-MOR;Redmi;Redmi 14C;Bandeja SIM;Morado;2,45;;;6
RD-R14C-SIM-COM-AZU;Redmi;Redmi 14C;Bandeja SIM;Azul;2,45;;;6
RD-R15-PAN-ORI;Redmi;Redmi 15;Pantalla;Original;24,00;23,28;22,56;12
RD-R15-PAN-COM;Redmi;Redmi 15;Pantalla;Compatible;17,40;16,88;16,36;6
RD-R15-BAT-COM;Redmi;Redmi 15;Batería;Compatible;8,80;;;6
RD-R15-CON-COM;Redmi;Redmi 15;Conector de carga;Compatible;3,79;;;6
RD-R15-TAP-COM-MOR;Redmi;Redmi 15;Tapa trasera;Morado Arena;5,95;;;6
RD-R15-TAP-COM-GRI;Redmi;Redmi 15;Tapa trasera;Gris (Titan Gray);5,95;;;6
RD-R15-TAP-COM-NEG;Redmi;Redmi 15;Tapa trasera;Negro Medianoche;5,95;;;6
RD-R15-CTR-COM;Redmi;Redmi 15;Cámara trasera;Compatible;9,55;;;6
RD-R15-CFR-COM;Redmi;Redmi 15;Cámara frontal;Compatible;5,85;;;6
RD-R15-LEN-COM;Redmi;Redmi 15;Lente de cámara;Compatible;2,45;;;6
RD-R15-ALT-COM;Redmi;Redmi 15;Altavoz;Compatible;4,35;;;6
RD-R15-AUR-COM;Redmi;Redmi 15;Auricular de llamada;Compatible;3,35;;;6
RD-R15-FLX-COM;Redmi;Redmi 15;Flex de encendido y volumen;Compatible;2,89;;;6
RD-R15-SIM-COM-MOR;Redmi;Redmi 15;Bandeja SIM;Morado Arena;2,89;;;6
RD-R15-SIM-COM-GRI;Redmi;Redmi 15;Bandeja SIM;Gris (Titan Gray);2,89;;;6
RD-R15-SIM-COM-NEG;Redmi;Redmi 15;Bandeja SIM;Negro Medianoche;2,89;;;6
RD-R155-PAN-ORI;Redmi;Redmi 15 5G;Pantalla;Original;24,00;23,28;22,56;12
RD-R155-PAN-COM;Redmi;Redmi 15 5G;Pantalla;Compatible;17,40;16,88;16,36;6
RD-R155-BAT-COM;Redmi;Redmi 15 5G;Batería;Compatible;8,80;;;6
RD-R155-CON-COM;Redmi;Redmi 15 5G;Conector de carga;Compatible;3,79;;;6
RD-R155-TAP-COM-VER;Redmi;Redmi 15 5G;Tapa trasera;Verde Ondulado;5,95;;;6
RD-R155-TAP-COM-GRI;Redmi;Redmi 15 5G;Tapa trasera;Gris Titanio;5,95;;;6
RD-R155-TAP-COM-NEG;Redmi;Redmi 15 5G;Tapa trasera;Negro Medianoche;5,95;;;6
RD-R155-CTR-COM;Redmi;Redmi 15 5G;Cámara trasera;Compatible;9,55;;;6
RD-R155-CFR-COM;Redmi;Redmi 15 5G;Cámara frontal;Compatible;5,85;;;6
RD-R155-LEN-COM;Redmi;Redmi 15 5G;Lente de cámara;Compatible;2,45;;;6
RD-R155-ALT-COM;Redmi;Redmi 15 5G;Altavoz;Compatible;4,35;;;6
RD-R155-AUR-COM;Redmi;Redmi 15 5G;Auricular de llamada;Compatible;3,35;;;6
RD-R155-FLX-COM;Redmi;Redmi 15 5G;Flex de encendido y volumen;Compatible;2,89;;;6
RD-R155-SIM-COM-VER;Redmi;Redmi 15 5G;Bandeja SIM;Verde Ondulado;2,89;;;6
RD-R155-SIM-COM-GRI;Redmi;Redmi 15 5G;Bandeja SIM;Gris Titanio;2,89;;;6
RD-R155-SIM-COM-NEG;Redmi;Redmi 15 5G;Bandeja SIM;Negro Medianoche;2,89;;;6
RD-R15C-PAN-ORI;Redmi;Redmi 15C;Pantalla;Original;24,00;23,28;22,56;12
RD-R15C-PAN-COM;Redmi;Redmi 15C;Pantalla;Compatible;14,65;14,21;13,77;6
RD-R15C-BAT-COM;Redmi;Redmi 15C;Batería;Compatible;8,80;;;6
RD-R15C-CON-COM;Redmi;Redmi 15C;Conector de carga;Compatible;3,79;;;6
RD-R15C-TAP-COM-AZU;Redmi;Redmi 15C;Tapa trasera;Azul Nocturno;5,95;;;6
RD-R15C-TAP-COM-NEG;Redmi;Redmi 15C;Tapa trasera;Negro Medianoche;5,95;;;6
RD-R15C-TAP-COM-VER;Redmi;Redmi 15C;Tapa trasera;Verde Menta;5,95;;;6
RD-R15C-TAP-COM-NAR;Redmi;Redmi 15C;Tapa trasera;Naranja Crepúsculo;5,95;;;6
RD-R15C-CTR-COM;Redmi;Redmi 15C;Cámara trasera;Compatible;9,55;;;6
RD-R15C-CFR-COM;Redmi;Redmi 15C;Cámara frontal;Compatible;5,85;;;6
RD-R15C-LEN-COM;Redmi;Redmi 15C;Lente de cámara;Compatible;2,45;;;6
RD-R15C-ALT-COM;Redmi;Redmi 15C;Altavoz;Compatible;4,35;;;6
RD-R15C-AUR-COM;Redmi;Redmi 15C;Auricular de llamada;Compatible;3,35;;;6
RD-R15C-FLX-COM;Redmi;Redmi 15C;Flex de encendido y volumen;Compatible;2,89;;;6
RD-R15C-SIM-COM-AZU;Redmi;Redmi 15C;Bandeja SIM;Azul Nocturno;2,89;;;6
RD-R15C-SIM-COM-NEG;Redmi;Redmi 15C;Bandeja SIM;Negro Medianoche;2,89;;;6
RD-R15C-SIM-COM-VER;Redmi;Redmi 15C;Bandeja SIM;Verde Menta;2,89;;;6
RD-R15C-SIM-COM-NAR;Redmi;Redmi 15C;Bandeja SIM;Naranja Crepúsculo;2,89;;;6
RD-R15C5-PAN-ORI;Redmi;Redmi 15C 5G;Pantalla;Original;24,00;23,28;22,56;12
RD-R15C5-PAN-COM;Redmi;Redmi 15C 5G;Pantalla;Compatible;14,65;14,21;13,77;6
RD-R15C5-BAT-COM;Redmi;Redmi 15C 5G;Batería;Compatible;8,80;;;6
RD-R15C5-CON-COM;Redmi;Redmi 15C 5G;Conector de carga;Compatible;3,79;;;6
RD-R15C5-TAP-COM-NEG;Redmi;Redmi 15C 5G;Tapa trasera;Negro medianoche;5,95;;;6
RD-R15C5-TAP-COM-VER;Redmi;Redmi 15C 5G;Tapa trasera;Verde menta;5,95;;;6
RD-R15C5-TAP-COM-MOR;Redmi;Redmi 15C 5G;Tapa trasera;Morado Lavanda;5,95;;;6
RD-R15C5-CTR-COM;Redmi;Redmi 15C 5G;Cámara trasera;Compatible;9,55;;;6
RD-R15C5-CFR-COM;Redmi;Redmi 15C 5G;Cámara frontal;Compatible;5,85;;;6
RD-R15C5-LEN-COM;Redmi;Redmi 15C 5G;Lente de cámara;Compatible;2,45;;;6
RD-R15C5-ALT-COM;Redmi;Redmi 15C 5G;Altavoz;Compatible;4,35;;;6
RD-R15C5-AUR-COM;Redmi;Redmi 15C 5G;Auricular de llamada;Compatible;3,35;;;6
RD-R15C5-FLX-COM;Redmi;Redmi 15C 5G;Flex de encendido y volumen;Compatible;2,89;;;6
RD-R15C5-SIM-COM-NEG;Redmi;Redmi 15C 5G;Bandeja SIM;Negro medianoche;2,89;;;6
RD-R15C5-SIM-COM-VER;Redmi;Redmi 15C 5G;Bandeja SIM;Verde menta;2,89;;;6
RD-R15C5-SIM-COM-MOR;Redmi;Redmi 15C 5G;Bandeja SIM;Morado Lavanda;2,89;;;6
RD-R17-PAN-COM;Redmi;Redmi 17;Pantalla;Compatible;17,40;16,88;16,36;6
RD-R17-BAT-COM;Redmi;Redmi 17;Batería;Compatible;8,80;;;6
RD-R17-CON-COM;Redmi;Redmi 17;Conector de carga;Compatible;3,79;;;6
RD-R17-TAP-COM-NEG;Redmi;Redmi 17;Tapa trasera;Negro;5,95;;;6
RD-R17-TAP-COM-AZU;Redmi;Redmi 17;Tapa trasera;Azul profundo;5,95;;;6
RD-R17-TAP-COM-MOR;Redmi;Redmi 17;Tapa trasera;Morado loto;5,95;;;6
RD-R17-TAP-COM-VER;Redmi;Redmi 17;Tapa trasera;Verde roble;5,95;;;6
RD-R17-CTR-COM;Redmi;Redmi 17;Cámara trasera;Compatible;9,55;;;6
RD-R17-CFR-COM;Redmi;Redmi 17;Cámara frontal;Compatible;5,85;;;6
RD-R17-LEN-COM;Redmi;Redmi 17;Lente de cámara;Compatible;2,45;;;6
RD-R17-ALT-COM;Redmi;Redmi 17;Altavoz;Compatible;4,35;;;6
RD-R17-AUR-COM;Redmi;Redmi 17;Auricular de llamada;Compatible;3,35;;;6
RD-R17-FLX-COM;Redmi;Redmi 17;Flex de encendido y volumen;Compatible;2,89;;;6
RD-R17-SIM-COM-NEG;Redmi;Redmi 17;Bandeja SIM;Negro;2,89;;;6
RD-R17-SIM-COM-AZU;Redmi;Redmi 17;Bandeja SIM;Azul profundo;2,89;;;6
RD-R17-SIM-COM-MOR;Redmi;Redmi 17;Bandeja SIM;Morado loto;2,89;;;6
RD-R17-SIM-COM-VER;Redmi;Redmi 17;Bandeja SIM;Verde roble;2,89;;;6
RD-R175-PAN-COM;Redmi;Redmi 17 5G;Pantalla;Compatible;17,40;16,88;16,36;6
RD-R175-BAT-COM;Redmi;Redmi 17 5G;Batería;Compatible;8,80;;;6
RD-R175-CON-COM;Redmi;Redmi 17 5G;Conector de carga;Compatible;3,79;;;6
RD-R175-TAP-COM-NEG;Redmi;Redmi 17 5G;Tapa trasera;Negro;5,95;;;6
RD-R175-TAP-COM-AZU;Redmi;Redmi 17 5G;Tapa trasera;Azul;5,95;;;6
RD-R175-TAP-COM-NAR;Redmi;Redmi 17 5G;Tapa trasera;Naranja;5,95;;;6
RD-R175-CTR-COM;Redmi;Redmi 17 5G;Cámara trasera;Compatible;9,55;;;6
RD-R175-CFR-COM;Redmi;Redmi 17 5G;Cámara frontal;Compatible;5,85;;;6
RD-R175-LEN-COM;Redmi;Redmi 17 5G;Lente de cámara;Compatible;2,45;;;6
RD-R175-ALT-COM;Redmi;Redmi 17 5G;Altavoz;Compatible;4,35;;;6
RD-R175-AUR-COM;Redmi;Redmi 17 5G;Auricular de llamada;Compatible;3,35;;;6
RD-R175-FLX-COM;Redmi;Redmi 17 5G;Flex de encendido y volumen;Compatible;2,89;;;6
RD-R175-SIM-COM-NEG;Redmi;Redmi 17 5G;Bandeja SIM;Negro;2,89;;;6
RD-R175-SIM-COM-AZU;Redmi;Redmi 17 5G;Bandeja SIM;Azul;2,89;;;6
RD-R175-SIM-COM-NAR;Redmi;Redmi 17 5G;Bandeja SIM;Naranja;2,89;;;6
RD-R17C5-PAN-COM;Redmi;Redmi 17C 5G;Pantalla;Compatible;14,65;14,21;13,77;6
RD-R17C5-BAT-COM;Redmi;Redmi 17C 5G;Batería;Compatible;8,80;;;6
RD-R17C5-CON-COM;Redmi;Redmi 17C 5G;Conector de carga;Compatible;3,79;;;6
RD-R17C5-TAP-COM-NEG;Redmi;Redmi 17C 5G;Tapa trasera;Negro;5,95;;;6
RD-R17C5-TAP-COM-MAR;Redmi;Redmi 17C 5G;Tapa trasera;Marrón;5,95;;;6
RD-R17C5-TAP-COM-MOR;Redmi;Redmi 17C 5G;Tapa trasera;Morado;5,95;;;6
RD-R17C5-CTR-COM;Redmi;Redmi 17C 5G;Cámara trasera;Compatible;9,55;;;6
RD-R17C5-CFR-COM;Redmi;Redmi 17C 5G;Cámara frontal;Compatible;5,85;;;6
RD-R17C5-LEN-COM;Redmi;Redmi 17C 5G;Lente de cámara;Compatible;2,45;;;6
RD-R17C5-ALT-COM;Redmi;Redmi 17C 5G;Altavoz;Compatible;4,35;;;6
RD-R17C5-AUR-COM;Redmi;Redmi 17C 5G;Auricular de llamada;Compatible;3,35;;;6
RD-R17C5-FLX-COM;Redmi;Redmi 17C 5G;Flex de encendido y volumen;Compatible;2,89;;;6
RD-R17C5-SIM-COM-NEG;Redmi;Redmi 17C 5G;Bandeja SIM;Negro;2,89;;;6
RD-R17C5-SIM-COM-MAR;Redmi;Redmi 17C 5G;Bandeja SIM;Marrón;2,89;;;6
RD-R17C5-SIM-COM-MOR;Redmi;Redmi 17C 5G;Bandeja SIM;Morado;2,89;;;6
RD-RA1-PAN-ORI;Redmi;Redmi A1;Pantalla;Original;23,75;23,04;22,33;12
RD-RA1-PAN-COM;Redmi;Redmi A1;Pantalla;Compatible;12,50;12,13;11,75;6
RD-RA1-BAT-COM;Redmi;Redmi A1;Batería;Compatible;8,15;;;6
RD-RA1-CON-COM;Redmi;Redmi A1;Conector de carga;Compatible;2,90;;;6
RD-RA1-TAP-COM-AZU;Redmi;Redmi A1;Tapa trasera;Azul claro;4,90;;;6
RD-RA1-TAP-COM-VER;Redmi;Redmi A1;Tapa trasera;Verde claro;4,90;;;6
RD-RA1-TAP-COM-NEG;Redmi;Redmi A1;Tapa trasera;Negro;4,90;;;6
RD-RA1-CTR-COM;Redmi;Redmi A1;Cámara trasera;Compatible;5,09;;;6
RD-RA1-CFR-COM;Redmi;Redmi A1;Cámara frontal;Compatible;2,89;;;6
RD-RA1-LEN-COM;Redmi;Redmi A1;Lente de cámara;Compatible;1,95;;;6
RD-RA1-ALT-COM;Redmi;Redmi A1;Altavoz;Compatible;3,05;;;6
RD-RA1-AUR-COM;Redmi;Redmi A1;Auricular de llamada;Compatible;2,19;;;6
RD-RA1-FLX-COM;Redmi;Redmi A1;Flex de encendido y volumen;Compatible;2,15;;;6
RD-RA1-SIM-COM-AZU;Redmi;Redmi A1;Bandeja SIM;Azul claro;2,49;;;6
RD-RA1-SIM-COM-VER;Redmi;Redmi A1;Bandeja SIM;Verde claro;2,49;;;6
RD-RA1-SIM-COM-NEG;Redmi;Redmi A1;Bandeja SIM;Negro;2,49;;;6
RD-RA2-PAN-ORI;Redmi;Redmi A2;Pantalla;Original;24,55;23,81;23,08;12
RD-RA2-PAN-COM;Redmi;Redmi A2;Pantalla;Compatible;13,30;12,90;12,50;6
RD-RA2-BAT-COM;Redmi;Redmi A2;Batería;Compatible;9,30;;;6
RD-RA2-CON-COM;Redmi;Redmi A2;Conector de carga;Compatible;3,35;;;6
RD-RA2-TAP-COM-AZU;Redmi;Redmi A2;Tapa trasera;Azul claro;5,50;;;6
RD-RA2-TAP-COM-VER;Redmi;Redmi A2;Tapa trasera;Verde claro;5,50;;;6
RD-RA2-TAP-COM-NEG;Redmi;Redmi A2;Tapa trasera;Negro;5,50;;;6
RD-RA2-CTR-COM;Redmi;Redmi A2;Cámara trasera;Compatible;7,10;;;6
RD-RA2-CFR-COM;Redmi;Redmi A2;Cámara frontal;Compatible;4,20;;;6
RD-RA2-LEN-COM;Redmi;Redmi A2;Lente de cámara;Compatible;2,05;;;6
RD-RA2-ALT-COM;Redmi;Redmi A2;Altavoz;Compatible;3,30;;;6
RD-RA2-AUR-COM;Redmi;Redmi A2;Auricular de llamada;Compatible;2,39;;;6
RD-RA2-FLX-COM;Redmi;Redmi A2;Flex de encendido y volumen;Compatible;2,60;;;6
RD-RA2-SIM-COM-AZU;Redmi;Redmi A2;Bandeja SIM;Azul claro;2,45;;;6
RD-RA2-SIM-COM-VER;Redmi;Redmi A2;Bandeja SIM;Verde claro;2,45;;;6
RD-RA2-SIM-COM-NEG;Redmi;Redmi A2;Bandeja SIM;Negro;2,45;;;6
RD-RA3-PAN-ORI;Redmi;Redmi A3;Pantalla;Original;24,55;23,81;23,08;12
RD-RA3-PAN-COM;Redmi;Redmi A3;Pantalla;Compatible;13,15;12,76;12,36;6
RD-RA3-BAT-COM;Redmi;Redmi A3;Batería;Compatible;9,30;;;6
RD-RA3-CON-COM;Redmi;Redmi A3;Conector de carga;Compatible;3,35;;;6
RD-RA3-TAP-COM-NEG;Redmi;Redmi A3;Tapa trasera;Negro Medianoche;5,50;;;6
RD-RA3-TAP-COM-VER;Redmi;Redmi A3;Tapa trasera;Verde Bosque;5,50;;;6
RD-RA3-TAP-COM-AZU;Redmi;Redmi A3;Tapa trasera;Azul Estelar;5,50;;;6
RD-RA3-CTR-COM;Redmi;Redmi A3;Cámara trasera;Compatible;7,10;;;6
RD-RA3-CFR-COM;Redmi;Redmi A3;Cámara frontal;Compatible;4,20;;;6
RD-RA3-LEN-COM;Redmi;Redmi A3;Lente de cámara;Compatible;2,05;;;6
RD-RA3-ALT-COM;Redmi;Redmi A3;Altavoz;Compatible;3,30;;;6
RD-RA3-AUR-COM;Redmi;Redmi A3;Auricular de llamada;Compatible;2,39;;;6
RD-RA3-FLX-COM;Redmi;Redmi A3;Flex de encendido y volumen;Compatible;2,60;;;6
RD-RA3-SIM-COM-NEG;Redmi;Redmi A3;Bandeja SIM;Negro Medianoche;2,45;;;6
RD-RA3-SIM-COM-VER;Redmi;Redmi A3;Bandeja SIM;Verde Bosque;2,45;;;6
RD-RA3-SIM-COM-AZU;Redmi;Redmi A3;Bandeja SIM;Azul Estelar;2,45;;;6
RD-RA5-PAN-ORI;Redmi;Redmi A5;Pantalla;Original;25,50;24,74;23,97;12
RD-RA5-PAN-COM;Redmi;Redmi A5;Pantalla;Compatible;14,00;13,58;13,16;6
RD-RA5-BAT-COM;Redmi;Redmi A5;Batería;Compatible;8,80;;;6
RD-RA5-CON-COM;Redmi;Redmi A5;Conector de carga;Compatible;3,95;;;6
RD-RA5-TAP-COM-AZU;Redmi;Redmi A5;Tapa trasera;Azul Océano;5,90;;;6
RD-RA5-TAP-COM-VER;Redmi;Redmi A5;Tapa trasera;Verde Lago;5,90;;;6
RD-RA5-TAP-COM-DOR;Redmi;Redmi A5;Tapa trasera;Dorado (Sandy Gold);5,90;;;6
RD-RA5-TAP-COM-NEG;Redmi;Redmi A5;Tapa trasera;Negro Medianoche;5,90;;;6
RD-RA5-CTR-COM;Redmi;Redmi A5;Cámara trasera;Compatible;9,75;;;6
RD-RA5-CFR-COM;Redmi;Redmi A5;Cámara frontal;Compatible;5,89;;;6
RD-RA5-LEN-COM;Redmi;Redmi A5;Lente de cámara;Compatible;2,65;;;6
RD-RA5-ALT-COM;Redmi;Redmi A5;Altavoz;Compatible;4,35;;;6
RD-RA5-AUR-COM;Redmi;Redmi A5;Auricular de llamada;Compatible;3,35;;;6
RD-RA5-FLX-COM;Redmi;Redmi A5;Flex de encendido y volumen;Compatible;2,85;;;6
RD-RA5-SIM-COM-AZU;Redmi;Redmi A5;Bandeja SIM;Azul Océano;2,89;;;6
RD-RA5-SIM-COM-VER;Redmi;Redmi A5;Bandeja SIM;Verde Lago;2,89;;;6
RD-RA5-SIM-COM-DOR;Redmi;Redmi A5;Bandeja SIM;Dorado (Sandy Gold);2,89;;;6
RD-RA5-SIM-COM-NEG;Redmi;Redmi A5;Bandeja SIM;Negro Medianoche;2,89;;;6
RD-RA7P-PAN-ORI;Redmi;Redmi A7 Pro;Pantalla;Original;25,50;24,74;23,97;12
RD-RA7P-PAN-COM;Redmi;Redmi A7 Pro;Pantalla;Compatible;14,00;13,58;13,16;6
RD-RA7P-BAT-COM;Redmi;Redmi A7 Pro;Batería;Compatible;8,80;;;6
RD-RA7P-CON-COM;Redmi;Redmi A7 Pro;Conector de carga;Compatible;3,95;;;6
RD-RA7P-TAP-COM-AZU;Redmi;Redmi A7 Pro;Tapa trasera;Azul Niebla;5,90;;;6
RD-RA7P-TAP-COM-NEG;Redmi;Redmi A7 Pro;Tapa trasera;Negro;5,90;;;6
RD-RA7P-TAP-COM-VER;Redmi;Redmi A7 Pro;Tapa trasera;Verde Palmera;5,90;;;6
RD-RA7P-CTR-COM;Redmi;Redmi A7 Pro;Cámara trasera;Compatible;9,75;;;6
RD-RA7P-CFR-COM;Redmi;Redmi A7 Pro;Cámara frontal;Compatible;5,89;;;6
RD-RA7P-LEN-COM;Redmi;Redmi A7 Pro;Lente de cámara;Compatible;2,65;;;6
RD-RA7P-ALT-COM;Redmi;Redmi A7 Pro;Altavoz;Compatible;4,35;;;6
RD-RA7P-AUR-COM;Redmi;Redmi A7 Pro;Auricular de llamada;Compatible;3,35;;;6
RD-RA7P-FLX-COM;Redmi;Redmi A7 Pro;Flex de encendido y volumen;Compatible;2,85;;;6
RD-RA7P-SIM-COM-AZU;Redmi;Redmi A7 Pro;Bandeja SIM;Azul Niebla;2,89;;;6
RD-RA7P-SIM-COM-NEG;Redmi;Redmi A7 Pro;Bandeja SIM;Negro;2,89;;;6
RD-RA7P-SIM-COM-VER;Redmi;Redmi A7 Pro;Bandeja SIM;Verde Palmera;2,89;;;6
RD-RN8-PAN-ORI;Redmi;Redmi Note 8;Pantalla;Original;28,60;27,74;26,88;12
RD-RN8-PAN-COM;Redmi;Redmi Note 8;Pantalla;Compatible;13,55;13,14;12,74;6
RD-RN8-BAT-COM;Redmi;Redmi Note 8;Batería;Compatible;9,99;;;6
RD-RN8-CON-COM;Redmi;Redmi Note 8;Conector de carga;Compatible;3,95;;;6
RD-RN8-TAP-COM-AZU;Redmi;Redmi Note 8;Tapa trasera;Azul (Neptune Blue);5,55;;;6
RD-RN8-TAP-COM-BLA;Redmi;Redmi Note 8;Tapa trasera;Blanco (Moonlight White);5,55;;;6
RD-RN8-TAP-COM-NEG;Redmi;Redmi Note 8;Tapa trasera;Negro espacial;5,55;;;6
RD-RN8-CTR-COM;Redmi;Redmi Note 8;Cámara trasera;Compatible;7,45;;;6
RD-RN8-CFR-COM;Redmi;Redmi Note 8;Cámara frontal;Compatible;4,20;;;6
RD-RN8-LEN-COM;Redmi;Redmi Note 8;Lente de cámara;Compatible;1,95;;;6
RD-RN8-ALT-COM;Redmi;Redmi Note 8;Altavoz;Compatible;3,55;;;6
RD-RN8-AUR-COM;Redmi;Redmi Note 8;Auricular de llamada;Compatible;2,39;;;6
RD-RN8-FLX-COM;Redmi;Redmi Note 8;Flex de encendido y volumen;Compatible;2,25;;;6
RD-RN8-SIM-COM-AZU;Redmi;Redmi Note 8;Bandeja SIM;Azul (Neptune Blue);2,25;;;6
RD-RN8-SIM-COM-BLA;Redmi;Redmi Note 8;Bandeja SIM;Blanco (Moonlight White);2,25;;;6
RD-RN8-SIM-COM-NEG;Redmi;Redmi Note 8;Bandeja SIM;Negro espacial;2,25;;;6
RD-RN8P-PAN-ORI;Redmi;Redmi Note 8 Pro;Pantalla;Original;32,89;31,90;30,92;12
RD-RN8P-PAN-COM;Redmi;Redmi Note 8 Pro;Pantalla;Compatible;13,85;13,43;13,02;6
RD-RN8P-BAT-COM;Redmi;Redmi Note 8 Pro;Batería;Compatible;10,75;10,43;10,10;6
RD-RN8P-CON-COM;Redmi;Redmi Note 8 Pro;Conector de carga;Compatible;3,65;;;6
RD-RN8P-TAP-COM-GRI;Redmi;Redmi Note 8 Pro;Tapa trasera;Gris (Mineral Grey);5,60;;;6
RD-RN8P-TAP-COM-BLA;Redmi;Redmi Note 8 Pro;Tapa trasera;Blanco (Pearl White);5,60;;;6
RD-RN8P-TAP-COM-VER;Redmi;Redmi Note 8 Pro;Tapa trasera;Verde (Forest Green);5,60;;;6
RD-RN8P-CTR-COM;Redmi;Redmi Note 8 Pro;Cámara trasera;Compatible;9,05;;;6
RD-RN8P-CFR-COM;Redmi;Redmi Note 8 Pro;Cámara frontal;Compatible;4,45;;;6
RD-RN8P-LEN-COM;Redmi;Redmi Note 8 Pro;Lente de cámara;Compatible;2,35;;;6
RD-RN8P-ALT-COM;Redmi;Redmi Note 8 Pro;Altavoz;Compatible;3,89;;;6
RD-RN8P-AUR-COM;Redmi;Redmi Note 8 Pro;Auricular de llamada;Compatible;2,95;;;6
RD-RN8P-FLX-COM;Redmi;Redmi Note 8 Pro;Flex de encendido y volumen;Compatible;2,95;;;6
RD-RN8P-SIM-COM-GRI;Redmi;Redmi Note 8 Pro;Bandeja SIM;Gris (Mineral Grey);2,60;;;6
RD-RN8P-SIM-COM-BLA;Redmi;Redmi Note 8 Pro;Bandeja SIM;Blanco (Pearl White);2,60;;;6
RD-RN8P-SIM-COM-VER;Redmi;Redmi Note 8 Pro;Bandeja SIM;Verde (Forest Green);2,60;;;6
RD-RN8T-PAN-ORI;Redmi;Redmi Note 8T;Pantalla;Original;28,60;27,74;26,88;12
RD-RN8T-PAN-COM;Redmi;Redmi Note 8T;Pantalla;Compatible;13,55;13,14;12,74;6
RD-RN8T-BAT-COM;Redmi;Redmi Note 8T;Batería;Compatible;9,99;;;6
RD-RN8T-CON-COM;Redmi;Redmi Note 8T;Conector de carga;Compatible;3,95;;;6
RD-RN8T-TAP-COM-AZU;Redmi;Redmi Note 8T;Tapa trasera;Azul (Starscape Blue);5,55;;;6
RD-RN8T-TAP-COM-BLA;Redmi;Redmi Note 8T;Tapa trasera;Blanco (Moonlight White);5,55;;;6
RD-RN8T-TAP-COM-GRI;Redmi;Redmi Note 8T;Tapa trasera;Gris (Moonshadow Grey);5,55;;;6
RD-RN8T-CTR-COM;Redmi;Redmi Note 8T;Cámara trasera;Compatible;7,45;;;6
RD-RN8T-CFR-COM;Redmi;Redmi Note 8T;Cámara frontal;Compatible;4,20;;;6
RD-RN8T-LEN-COM;Redmi;Redmi Note 8T;Lente de cámara;Compatible;1,95;;;6
RD-RN8T-ALT-COM;Redmi;Redmi Note 8T;Altavoz;Compatible;3,55;;;6
RD-RN8T-AUR-COM;Redmi;Redmi Note 8T;Auricular de llamada;Compatible;2,39;;;6
RD-RN8T-FLX-COM;Redmi;Redmi Note 8T;Flex de encendido y volumen;Compatible;2,25;;;6
RD-RN8T-SIM-COM-AZU;Redmi;Redmi Note 8T;Bandeja SIM;Azul (Starscape Blue);2,25;;;6
RD-RN8T-SIM-COM-BLA;Redmi;Redmi Note 8T;Bandeja SIM;Blanco (Moonlight White);2,25;;;6
RD-RN8T-SIM-COM-GRI;Redmi;Redmi Note 8T;Bandeja SIM;Gris (Moonshadow Grey);2,25;;;6
RD-RN821-PAN-ORI;Redmi;Redmi Note 8 2021;Pantalla;Original;31,45;30,51;29,56;12
RD-RN821-PAN-COM;Redmi;Redmi Note 8 2021;Pantalla;Compatible;14,35;13,92;13,49;6
RD-RN821-BAT-COM;Redmi;Redmi Note 8 2021;Batería;Compatible;8,55;;;6
RD-RN821-CON-COM;Redmi;Redmi Note 8 2021;Conector de carga;Compatible;3,75;;;6
RD-RN821-TAP-COM-NEP;Redmi;Redmi Note 8 2021;Tapa trasera;Neptuno Azul;5,65;;;6
RD-RN821-TAP-COM-LUZ;Redmi;Redmi Note 8 2021;Tapa trasera;Luz Lunar Blanca;5,65;;;6
RD-RN821-TAP-COM-NEG;Redmi;Redmi Note 8 2021;Tapa trasera;Negro Espacial;5,65;;;6
RD-RN821-CTR-COM;Redmi;Redmi Note 8 2021;Cámara trasera;Compatible;6,05;;;6
RD-RN821-CFR-COM;Redmi;Redmi Note 8 2021;Cámara frontal;Compatible;3,10;;;6
RD-RN821-LEN-COM;Redmi;Redmi Note 8 2021;Lente de cámara;Compatible;1,99;;;6
RD-RN821-ALT-COM;Redmi;Redmi Note 8 2021;Altavoz;Compatible;3,25;;;6
RD-RN821-AUR-COM;Redmi;Redmi Note 8 2021;Auricular de llamada;Compatible;2,15;;;6
RD-RN821-FLX-COM;Redmi;Redmi Note 8 2021;Flex de encendido y volumen;Compatible;2,09;;;6
RD-RN821-SIM-COM-NEP;Redmi;Redmi Note 8 2021;Bandeja SIM;Neptuno Azul;2,30;;;6
RD-RN821-SIM-COM-LUZ;Redmi;Redmi Note 8 2021;Bandeja SIM;Luz Lunar Blanca;2,30;;;6
RD-RN821-SIM-COM-NEG;Redmi;Redmi Note 8 2021;Bandeja SIM;Negro Espacial;2,30;;;6
RD-RN9S-PAN-ORI;Redmi;Redmi Note 9S;Pantalla;Original;31,45;30,51;29,56;12
RD-RN9S-PAN-COM;Redmi;Redmi Note 9S;Pantalla;Compatible;14,35;13,92;13,49;6
RD-RN9S-BAT-COM;Redmi;Redmi Note 9S;Batería;Compatible;8,55;;;6
RD-RN9S-CON-COM;Redmi;Redmi Note 9S;Conector de carga;Compatible;3,75;;;6
RD-RN9S-TAP-COM-AZU;Redmi;Redmi Note 9S;Tapa trasera;Azul (Aurora Blue);5,65;;;6
RD-RN9S-TAP-COM-BLA;Redmi;Redmi Note 9S;Tapa trasera;Blanco (Glacier White);5,65;;;6
RD-RN9S-TAP-COM-GRI;Redmi;Redmi Note 9S;Tapa trasera;Gris (Interstellar Grey);5,65;;;6
RD-RN9S-CTR-COM;Redmi;Redmi Note 9S;Cámara trasera;Compatible;6,05;;;6
RD-RN9S-CFR-COM;Redmi;Redmi Note 9S;Cámara frontal;Compatible;3,10;;;6
RD-RN9S-LEN-COM;Redmi;Redmi Note 9S;Lente de cámara;Compatible;1,99;;;6
RD-RN9S-ALT-COM;Redmi;Redmi Note 9S;Altavoz;Compatible;3,25;;;6
RD-RN9S-AUR-COM;Redmi;Redmi Note 9S;Auricular de llamada;Compatible;2,15;;;6
RD-RN9S-FLX-COM;Redmi;Redmi Note 9S;Flex de encendido y volumen;Compatible;2,09;;;6
RD-RN9S-SIM-COM-AZU;Redmi;Redmi Note 9S;Bandeja SIM;Azul (Aurora Blue);2,30;;;6
RD-RN9S-SIM-COM-BLA;Redmi;Redmi Note 9S;Bandeja SIM;Blanco (Glacier White);2,30;;;6
RD-RN9S-SIM-COM-GRI;Redmi;Redmi Note 9S;Bandeja SIM;Gris (Interstellar Grey);2,30;;;6
RD-RN9-PAN-ORI;Redmi;Redmi Note 9;Pantalla;Original;31,45;30,51;29,56;12
RD-RN9-PAN-COM;Redmi;Redmi Note 9;Pantalla;Compatible;14,35;13,92;13,49;6
RD-RN9-BAT-COM;Redmi;Redmi Note 9;Batería;Compatible;8,55;;;6
RD-RN9-CON-COM;Redmi;Redmi Note 9;Conector de carga;Compatible;3,75;;;6
RD-RN9-TAP-COM-VER;Redmi;Redmi Note 9;Tapa trasera;Verde (Forest Green);5,65;;;6
RD-RN9-TAP-COM-GRI;Redmi;Redmi Note 9;Tapa trasera;Gris (Midnight Grey);5,65;;;6
RD-RN9-TAP-COM-BLA;Redmi;Redmi Note 9;Tapa trasera;Blanco (Polar White);5,65;;;6
RD-RN9-CTR-COM;Redmi;Redmi Note 9;Cámara trasera;Compatible;6,05;;;6
RD-RN9-CFR-COM;Redmi;Redmi Note 9;Cámara frontal;Compatible;3,10;;;6
RD-RN9-LEN-COM;Redmi;Redmi Note 9;Lente de cámara;Compatible;1,99;;;6
RD-RN9-ALT-COM;Redmi;Redmi Note 9;Altavoz;Compatible;3,25;;;6
RD-RN9-AUR-COM;Redmi;Redmi Note 9;Auricular de llamada;Compatible;2,15;;;6
RD-RN9-FLX-COM;Redmi;Redmi Note 9;Flex de encendido y volumen;Compatible;2,09;;;6
RD-RN9-SIM-COM-VER;Redmi;Redmi Note 9;Bandeja SIM;Verde (Forest Green);2,30;;;6
RD-RN9-SIM-COM-GRI;Redmi;Redmi Note 9;Bandeja SIM;Gris (Midnight Grey);2,30;;;6
RD-RN9-SIM-COM-BLA;Redmi;Redmi Note 9;Bandeja SIM;Blanco (Polar White);2,30;;;6
RD-RN9P-PAN-ORI;Redmi;Redmi Note 9 Pro;Pantalla;Original;36,19;35,10;34,02;12
RD-RN9P-PAN-COM;Redmi;Redmi Note 9 Pro;Pantalla;Compatible;14,50;14,07;13,63;6
RD-RN9P-BAT-COM;Redmi;Redmi Note 9 Pro;Batería;Compatible;9,20;;;6
RD-RN9P-CON-COM;Redmi;Redmi Note 9 Pro;Conector de carga;Compatible;3,50;;;6
RD-RN9P-TAP-COM-VER;Redmi;Redmi Note 9 Pro;Tapa trasera;Verde (Tropical Green);5,75;;;6
RD-RN9P-TAP-COM-BLA;Redmi;Redmi Note 9 Pro;Tapa trasera;Blanco (Glacier White);5,75;;;6
RD-RN9P-TAP-COM-GRI;Redmi;Redmi Note 9 Pro;Tapa trasera;Gris (Interstellar Grey);5,75;;;6
RD-RN9P-CTR-COM;Redmi;Redmi Note 9 Pro;Cámara trasera;Compatible;7,35;;;6
RD-RN9P-CFR-COM;Redmi;Redmi Note 9 Pro;Cámara frontal;Compatible;3,29;;;6
RD-RN9P-LEN-COM;Redmi;Redmi Note 9 Pro;Lente de cámara;Compatible;2,35;;;6
RD-RN9P-ALT-COM;Redmi;Redmi Note 9 Pro;Altavoz;Compatible;3,55;;;6
RD-RN9P-AUR-COM;Redmi;Redmi Note 9 Pro;Auricular de llamada;Compatible;2,69;;;6
RD-RN9P-FLX-COM;Redmi;Redmi Note 9 Pro;Flex de encendido y volumen;Compatible;2,70;;;6
RD-RN9P-SIM-COM-VER;Redmi;Redmi Note 9 Pro;Bandeja SIM;Verde (Tropical Green);2,65;;;6
RD-RN9P-SIM-COM-BLA;Redmi;Redmi Note 9 Pro;Bandeja SIM;Blanco (Glacier White);2,65;;;6
RD-RN9P-SIM-COM-GRI;Redmi;Redmi Note 9 Pro;Bandeja SIM;Gris (Interstellar Grey);2,65;;;6
RD-RN9T-PAN-ORI;Redmi;Redmi Note 9T;Pantalla;Original;31,45;30,51;29,56;12
RD-RN9T-PAN-COM;Redmi;Redmi Note 9T;Pantalla;Compatible;14,35;13,92;13,49;6
RD-RN9T-BAT-COM;Redmi;Redmi Note 9T;Batería;Compatible;8,55;;;6
RD-RN9T-CON-COM;Redmi;Redmi Note 9T;Conector de carga;Compatible;3,75;;;6
RD-RN9T-TAP-COM-ANO;Redmi;Redmi Note 9T;Tapa trasera;Anochecer Negro;5,65;;;6
RD-RN9T-TAP-COM-AMA;Redmi;Redmi Note 9T;Tapa trasera;Amanecer Morado;5,65;;;6
RD-RN9T-CTR-COM;Redmi;Redmi Note 9T;Cámara trasera;Compatible;6,05;;;6
RD-RN9T-CFR-COM;Redmi;Redmi Note 9T;Cámara frontal;Compatible;3,10;;;6
RD-RN9T-LEN-COM;Redmi;Redmi Note 9T;Lente de cámara;Compatible;1,99;;;6
RD-RN9T-ALT-COM;Redmi;Redmi Note 9T;Altavoz;Compatible;3,25;;;6
RD-RN9T-AUR-COM;Redmi;Redmi Note 9T;Auricular de llamada;Compatible;2,15;;;6
RD-RN9T-FLX-COM;Redmi;Redmi Note 9T;Flex de encendido y volumen;Compatible;2,09;;;6
RD-RN9T-SIM-COM-ANO;Redmi;Redmi Note 9T;Bandeja SIM;Anochecer Negro;2,30;;;6
RD-RN9T-SIM-COM-AMA;Redmi;Redmi Note 9T;Bandeja SIM;Amanecer Morado;2,30;;;6
RD-RN10-PAN-ORI;Redmi;Redmi Note 10;Pantalla;Original;38,15;37,01;35,86;12
RD-RN10-PAN-OLS;Redmi;Redmi Note 10;Pantalla;OLED Soft;36,50;35,41;34,31;6
RD-RN10-PAN-OLH;Redmi;Redmi Note 10;Pantalla;OLED Hard;28,35;27,50;26,65;6
RD-RN10-PAN-INC;Redmi;Redmi Note 10;Pantalla;Incell;15,45;14,99;14,52;6
RD-RN10-BAT-COM;Redmi;Redmi Note 10;Batería;Compatible;8,55;;;6
RD-RN10-CON-COM;Redmi;Redmi Note 10;Conector de carga;Compatible;3,75;;;6
RD-RN10-TAP-COM-GRI;Redmi;Redmi Note 10;Tapa trasera;Gris Ónix;5,65;;;6
RD-RN10-TAP-COM-BLA;Redmi;Redmi Note 10;Tapa trasera;Blanco Gijarro;5,65;;;6
RD-RN10-TAP-COM-VER;Redmi;Redmi Note 10;Tapa trasera;Verde Lago;5,65;;;6
RD-RN10-CTR-COM;Redmi;Redmi Note 10;Cámara trasera;Compatible;6,05;;;6
RD-RN10-CFR-COM;Redmi;Redmi Note 10;Cámara frontal;Compatible;3,10;;;6
RD-RN10-LEN-COM;Redmi;Redmi Note 10;Lente de cámara;Compatible;1,99;;;6
RD-RN10-ALT-COM;Redmi;Redmi Note 10;Altavoz;Compatible;3,25;;;6
RD-RN10-AUR-COM;Redmi;Redmi Note 10;Auricular de llamada;Compatible;2,15;;;6
RD-RN10-FLX-COM;Redmi;Redmi Note 10;Flex de encendido y volumen;Compatible;2,09;;;6
RD-RN10-SIM-COM-GRI;Redmi;Redmi Note 10;Bandeja SIM;Gris Ónix;2,30;;;6
RD-RN10-SIM-COM-BLA;Redmi;Redmi Note 10;Bandeja SIM;Blanco Gijarro;2,30;;;6
RD-RN10-SIM-COM-VER;Redmi;Redmi Note 10;Bandeja SIM;Verde Lago;2,30;;;6
RD-RN10P-PAN-ORI;Redmi;Redmi Note 10 Pro;Pantalla;Original;68,15;66,11;64,06;12
RD-RN10P-PAN-OLS;Redmi;Redmi Note 10 Pro;Pantalla;OLED Soft;36,20;35,11;34,03;6
RD-RN10P-PAN-OLH;Redmi;Redmi Note 10 Pro;Pantalla;OLED Hard;32,69;31,71;30,73;6
RD-RN10P-PAN-INC;Redmi;Redmi Note 10 Pro;Pantalla;Incell;15,50;15,04;14,57;6
RD-RN10P-BAT-COM;Redmi;Redmi Note 10 Pro;Batería;Compatible;8,69;;;6
RD-RN10P-CON-COM;Redmi;Redmi Note 10 Pro;Conector de carga;Compatible;3,50;;;6
RD-RN10P-TAP-COM-PUR;Redmi;Redmi Note 10 Pro;Tapa trasera;Púrpura Nebula;5,75;;;6
RD-RN10P-TAP-COM-VER;Redmi;Redmi Note 10 Pro;Tapa trasera;Verde Aurora;5,75;;;6
RD-RN10P-TAP-COM-AZU;Redmi;Redmi Note 10 Pro;Tapa trasera;Azul Glaciar;5,75;;;6
RD-RN10P-TAP-COM-BRO;Redmi;Redmi Note 10 Pro;Tapa trasera;Bronce Gradiente;5,75;;;6
RD-RN10P-TAP-COM-GRI;Redmi;Redmi Note 10 Pro;Tapa trasera;Gris Ónix;5,75;;;6
RD-RN10P-CTR-COM;Redmi;Redmi Note 10 Pro;Cámara trasera;Compatible;7,35;;;6
RD-RN10P-CFR-COM;Redmi;Redmi Note 10 Pro;Cámara frontal;Compatible;3,29;;;6
RD-RN10P-LEN-COM;Redmi;Redmi Note 10 Pro;Lente de cámara;Compatible;2,35;;;6
RD-RN10P-ALT-COM;Redmi;Redmi Note 10 Pro;Altavoz;Compatible;3,55;;;6
RD-RN10P-AUR-COM;Redmi;Redmi Note 10 Pro;Auricular de llamada;Compatible;2,69;;;6
RD-RN10P-FLX-COM;Redmi;Redmi Note 10 Pro;Flex de encendido y volumen;Compatible;2,70;;;6
RD-RN10P-SIM-COM-PUR;Redmi;Redmi Note 10 Pro;Bandeja SIM;Púrpura Nebula;2,65;;;6
RD-RN10P-SIM-COM-VER;Redmi;Redmi Note 10 Pro;Bandeja SIM;Verde Aurora;2,65;;;6
RD-RN10P-SIM-COM-AZU;Redmi;Redmi Note 10 Pro;Bandeja SIM;Azul Glaciar;2,65;;;6
RD-RN10P-SIM-COM-BRO;Redmi;Redmi Note 10 Pro;Bandeja SIM;Bronce Gradiente;2,65;;;6
RD-RN10P-SIM-COM-GRI;Redmi;Redmi Note 10 Pro;Bandeja SIM;Gris Ónix;2,65;;;6
RD-RN10S-PAN-ORI;Redmi;Redmi Note 10S;Pantalla;Original;43,19;41,89;40,60;12
RD-RN10S-PAN-OLS;Redmi;Redmi Note 10S;Pantalla;OLED Soft;36,50;35,41;34,31;6
RD-RN10S-PAN-OLH;Redmi;Redmi Note 10S;Pantalla;OLED Hard;32,95;31,96;30,97;6
RD-RN10S-PAN-INC;Redmi;Redmi Note 10S;Pantalla;Incell;16,39;15,90;15,41;6
RD-RN10S-BAT-COM;Redmi;Redmi Note 10S;Batería;Compatible;8,55;;;6
RD-RN10S-CON-COM;Redmi;Redmi Note 10S;Conector de carga;Compatible;3,75;;;6
RD-RN10S-TAP-COM-PUR;Redmi;Redmi Note 10S;Tapa trasera;Púrpura Estelar;5,65;;;6
RD-RN10S-TAP-COM-GRI;Redmi;Redmi Note 10S;Tapa trasera;Gris Ónix;5,65;;;6
RD-RN10S-TAP-COM-BLA;Redmi;Redmi Note 10S;Tapa trasera;Blanco Piedra;5,65;;;6
RD-RN10S-TAP-COM-AZU;Redmi;Redmi Note 10S;Tapa trasera;Azul Océano;5,65;;;6
RD-RN10S-CTR-COM;Redmi;Redmi Note 10S;Cámara trasera;Compatible;6,05;;;6
RD-RN10S-CFR-COM;Redmi;Redmi Note 10S;Cámara frontal;Compatible;3,10;;;6
RD-RN10S-LEN-COM;Redmi;Redmi Note 10S;Lente de cámara;Compatible;1,99;;;6
RD-RN10S-ALT-COM;Redmi;Redmi Note 10S;Altavoz;Compatible;3,25;;;6
RD-RN10S-AUR-COM;Redmi;Redmi Note 10S;Auricular de llamada;Compatible;2,15;;;6
RD-RN10S-FLX-COM;Redmi;Redmi Note 10S;Flex de encendido y volumen;Compatible;2,09;;;6
RD-RN10S-SIM-COM-PUR;Redmi;Redmi Note 10S;Bandeja SIM;Púrpura Estelar;2,30;;;6
RD-RN10S-SIM-COM-GRI;Redmi;Redmi Note 10S;Bandeja SIM;Gris Ónix;2,30;;;6
RD-RN10S-SIM-COM-BLA;Redmi;Redmi Note 10S;Bandeja SIM;Blanco Piedra;2,30;;;6
RD-RN10S-SIM-COM-AZU;Redmi;Redmi Note 10S;Bandeja SIM;Azul Océano;2,30;;;6
RD-RN105-PAN-ORI;Redmi;Redmi Note 10 5G;Pantalla;Original;31,45;30,51;29,56;12
RD-RN105-PAN-COM;Redmi;Redmi Note 10 5G;Pantalla;Compatible;14,35;13,92;13,49;6
RD-RN105-BAT-COM;Redmi;Redmi Note 10 5G;Batería;Compatible;8,55;;;6
RD-RN105-CON-COM;Redmi;Redmi Note 10 5G;Conector de carga;Compatible;3,75;;;6
RD-RN105-TAP-COM-VER;Redmi;Redmi Note 10 5G;Tapa trasera;Verde Aurora;5,65;;;6
RD-RN105-TAP-COM-AZU;Redmi;Redmi Note 10 5G;Tapa trasera;Azul Nocturno;5,65;;;6
RD-RN105-TAP-COM-PLA;Redmi;Redmi Note 10 5G;Tapa trasera;Plata Cromada;5,65;;;6
RD-RN105-TAP-COM-GRI;Redmi;Redmi Note 10 5G;Tapa trasera;Gris Grafito;5,65;;;6
RD-RN105-CTR-COM;Redmi;Redmi Note 10 5G;Cámara trasera;Compatible;6,05;;;6
RD-RN105-CFR-COM;Redmi;Redmi Note 10 5G;Cámara frontal;Compatible;3,10;;;6
RD-RN105-LEN-COM;Redmi;Redmi Note 10 5G;Lente de cámara;Compatible;1,99;;;6
RD-RN105-ALT-COM;Redmi;Redmi Note 10 5G;Altavoz;Compatible;3,25;;;6
RD-RN105-AUR-COM;Redmi;Redmi Note 10 5G;Auricular de llamada;Compatible;2,15;;;6
RD-RN105-FLX-COM;Redmi;Redmi Note 10 5G;Flex de encendido y volumen;Compatible;2,09;;;6
RD-RN105-SIM-COM-VER;Redmi;Redmi Note 10 5G;Bandeja SIM;Verde Aurora;2,30;;;6
RD-RN105-SIM-COM-AZU;Redmi;Redmi Note 10 5G;Bandeja SIM;Azul Nocturno;2,30;;;6
RD-RN105-SIM-COM-PLA;Redmi;Redmi Note 10 5G;Bandeja SIM;Plata Cromada;2,30;;;6
RD-RN105-SIM-COM-GRI;Redmi;Redmi Note 10 5G;Bandeja SIM;Gris Grafito;2,30;;;6
RD-RN11-PAN-ORI;Redmi;Redmi Note 11;Pantalla;Original;59,25;57,47;55,70;12
RD-RN11-PAN-OLS;Redmi;Redmi Note 11;Pantalla;OLED Soft;35,45;34,39;33,32;6
RD-RN11-PAN-OLH;Redmi;Redmi Note 11;Pantalla;OLED Hard;28,35;27,50;26,65;6
RD-RN11-PAN-INC;Redmi;Redmi Note 11;Pantalla;Incell;15,45;14,99;14,52;6
RD-RN11-BAT-COM;Redmi;Redmi Note 11;Batería;Compatible;9,70;;;6
RD-RN11-CON-COM;Redmi;Redmi Note 11;Conector de carga;Compatible;3,75;;;6
RD-RN11-TAP-COM-AZU;Redmi;Redmi Note 11;Tapa trasera;Azul Estelar;5,65;;;6
RD-RN11-TAP-COM-AOC;Redmi;Redmi Note 11;Tapa trasera;Azul Ocaso;5,65;;;6
RD-RN11-TAP-COM-GRI;Redmi;Redmi Note 11;Tapa trasera;Gris Grafito;5,65;;;6
RD-RN11-CTR-COM;Redmi;Redmi Note 11;Cámara trasera;Compatible;6,05;;;6
RD-RN11-CFR-COM;Redmi;Redmi Note 11;Cámara frontal;Compatible;3,10;;;6
RD-RN11-LEN-COM;Redmi;Redmi Note 11;Lente de cámara;Compatible;1,99;;;6
RD-RN11-ALT-COM;Redmi;Redmi Note 11;Altavoz;Compatible;3,25;;;6
RD-RN11-AUR-COM;Redmi;Redmi Note 11;Auricular de llamada;Compatible;2,15;;;6
RD-RN11-FLX-COM;Redmi;Redmi Note 11;Flex de encendido y volumen;Compatible;2,09;;;6
RD-RN11-SIM-COM-AZU;Redmi;Redmi Note 11;Bandeja SIM;Azul Estelar;2,30;;;6
RD-RN11-SIM-COM-AOC;Redmi;Redmi Note 11;Bandeja SIM;Azul Ocaso;2,30;;;6
RD-RN11-SIM-COM-GRI;Redmi;Redmi Note 11;Bandeja SIM;Gris Grafito;2,30;;;6
RD-RN11S-PAN-ORI;Redmi;Redmi Note 11S;Pantalla;Original;59,25;57,47;55,70;12
RD-RN11S-PAN-OLS;Redmi;Redmi Note 11S;Pantalla;OLED Soft;36,50;35,41;34,31;6
RD-RN11S-PAN-OLH;Redmi;Redmi Note 11S;Pantalla;OLED Hard;32,95;31,96;30,97;6
RD-RN11S-PAN-INC;Redmi;Redmi Note 11S;Pantalla;Incell;16,39;15,90;15,41;6
RD-RN11S-BAT-COM;Redmi;Redmi Note 11S;Batería;Compatible;8,55;;;6
RD-RN11S-CON-COM;Redmi;Redmi Note 11S;Conector de carga;Compatible;3,75;;;6
RD-RN11S-TAP-COM-BLA;Redmi;Redmi Note 11S;Tapa trasera;Blanco Perla;5,65;;;6
RD-RN11S-TAP-COM-AZU;Redmi;Redmi Note 11S;Tapa trasera;Azul Ocaso;5,65;;;6
RD-RN11S-TAP-COM-GRI;Redmi;Redmi Note 11S;Tapa trasera;Gris Grafito;5,65;;;6
RD-RN11S-CTR-COM;Redmi;Redmi Note 11S;Cámara trasera;Compatible;6,05;;;6
RD-RN11S-CFR-COM;Redmi;Redmi Note 11S;Cámara frontal;Compatible;3,10;;;6
RD-RN11S-LEN-COM;Redmi;Redmi Note 11S;Lente de cámara;Compatible;1,99;;;6
RD-RN11S-ALT-COM;Redmi;Redmi Note 11S;Altavoz;Compatible;3,25;;;6
RD-RN11S-AUR-COM;Redmi;Redmi Note 11S;Auricular de llamada;Compatible;2,15;;;6
RD-RN11S-FLX-COM;Redmi;Redmi Note 11S;Flex de encendido y volumen;Compatible;2,09;;;6
RD-RN11S-SIM-COM-BLA;Redmi;Redmi Note 11S;Bandeja SIM;Blanco Perla;2,30;;;6
RD-RN11S-SIM-COM-AZU;Redmi;Redmi Note 11S;Bandeja SIM;Azul Ocaso;2,30;;;6
RD-RN11S-SIM-COM-GRI;Redmi;Redmi Note 11S;Bandeja SIM;Gris Grafito;2,30;;;6
RD-RN11P-PAN-ORI;Redmi;Redmi Note 11 Pro;Pantalla;Original;68,15;66,11;64,06;12
RD-RN11P-PAN-OLS;Redmi;Redmi Note 11 Pro;Pantalla;OLED Soft;35,45;34,39;33,32;6
RD-RN11P-PAN-OLH;Redmi;Redmi Note 11 Pro;Pantalla;OLED Hard;31,79;30,84;29,88;6
RD-RN11P-PAN-INC;Redmi;Redmi Note 11 Pro;Pantalla;Incell;15,45;14,99;14,52;6
RD-RN11P-BAT-COM;Redmi;Redmi Note 11 Pro;Batería;Compatible;9,70;;;6
RD-RN11P-CON-COM;Redmi;Redmi Note 11 Pro;Conector de carga;Compatible;3,50;;;6
RD-RN11P-TAP-COM-GRI;Redmi;Redmi Note 11 Pro;Tapa trasera;Gris Grafito;5,75;;;6
RD-RN11P-TAP-COM-BLA;Redmi;Redmi Note 11 Pro;Tapa trasera;Blanco Polar;5,75;;;6
RD-RN11P-TAP-COM-AZU;Redmi;Redmi Note 11 Pro;Tapa trasera;Azul Estelar;5,75;;;6
RD-RN11P-CTR-COM;Redmi;Redmi Note 11 Pro;Cámara trasera;Compatible;7,35;;;6
RD-RN11P-CFR-COM;Redmi;Redmi Note 11 Pro;Cámara frontal;Compatible;3,29;;;6
RD-RN11P-LEN-COM;Redmi;Redmi Note 11 Pro;Lente de cámara;Compatible;2,35;;;6
RD-RN11P-ALT-COM;Redmi;Redmi Note 11 Pro;Altavoz;Compatible;3,55;;;6
RD-RN11P-AUR-COM;Redmi;Redmi Note 11 Pro;Auricular de llamada;Compatible;2,69;;;6
RD-RN11P-FLX-COM;Redmi;Redmi Note 11 Pro;Flex de encendido y volumen;Compatible;2,70;;;6
RD-RN11P-SIM-COM-GRI;Redmi;Redmi Note 11 Pro;Bandeja SIM;Gris Grafito;2,65;;;6
RD-RN11P-SIM-COM-BLA;Redmi;Redmi Note 11 Pro;Bandeja SIM;Blanco Polar;2,65;;;6
RD-RN11P-SIM-COM-AZU;Redmi;Redmi Note 11 Pro;Bandeja SIM;Azul Estelar;2,65;;;6
RD-RN11P5-PAN-ORI;Redmi;Redmi Note 11 Pro 5G;Pantalla;Original;68,15;66,11;64,06;12
RD-RN11P5-PAN-OLS;Redmi;Redmi Note 11 Pro 5G;Pantalla;OLED Soft;36,90;35,79;34,69;6
RD-RN11P5-PAN-OLH;Redmi;Redmi Note 11 Pro 5G;Pantalla;OLED Hard;33,30;32,30;31,30;6
RD-RN11P5-PAN-INC;Redmi;Redmi Note 11 Pro 5G;Pantalla;Incell;15,65;15,18;14,71;6
RD-RN11P5-BAT-COM;Redmi;Redmi Note 11 Pro 5G;Batería;Compatible;9,70;;;6
RD-RN11P5-CON-COM;Redmi;Redmi Note 11 Pro 5G;Conector de carga;Compatible;3,50;;;6
RD-RN11P5-TAP-COM-BLA;Redmi;Redmi Note 11 Pro 5G;Tapa trasera;Blanco Polar;5,75;;;6
RD-RN11P5-TAP-COM-GRI;Redmi;Redmi Note 11 Pro 5G;Tapa trasera;Gris Grafito;5,75;;;6
RD-RN11P5-TAP-COM-AZU;Redmi;Redmi Note 11 Pro 5G;Tapa trasera;Azul Atlántico;5,75;;;6
RD-RN11P5-CTR-COM;Redmi;Redmi Note 11 Pro 5G;Cámara trasera;Compatible;7,35;;;6
RD-RN11P5-CFR-COM;Redmi;Redmi Note 11 Pro 5G;Cámara frontal;Compatible;3,29;;;6
RD-RN11P5-LEN-COM;Redmi;Redmi Note 11 Pro 5G;Lente de cámara;Compatible;2,35;;;6
RD-RN11P5-ALT-COM;Redmi;Redmi Note 11 Pro 5G;Altavoz;Compatible;3,55;;;6
RD-RN11P5-AUR-COM;Redmi;Redmi Note 11 Pro 5G;Auricular de llamada;Compatible;2,69;;;6
RD-RN11P5-FLX-COM;Redmi;Redmi Note 11 Pro 5G;Flex de encendido y volumen;Compatible;2,70;;;6
RD-RN11P5-SIM-COM-BLA;Redmi;Redmi Note 11 Pro 5G;Bandeja SIM;Blanco Polar;2,65;;;6
RD-RN11P5-SIM-COM-GRI;Redmi;Redmi Note 11 Pro 5G;Bandeja SIM;Gris Grafito;2,65;;;6
RD-RN11P5-SIM-COM-AZU;Redmi;Redmi Note 11 Pro 5G;Bandeja SIM;Azul Atlántico;2,65;;;6
RD-RN11S5-PAN-ORI;Redmi;Redmi Note 11S 5G;Pantalla;Original;43,19;41,89;40,60;12
RD-RN11S5-PAN-COM;Redmi;Redmi Note 11S 5G;Pantalla;Compatible;14,35;13,92;13,49;6
RD-RN11S5-BAT-COM;Redmi;Redmi Note 11S 5G;Batería;Compatible;8,55;;;6
RD-RN11S5-CON-COM;Redmi;Redmi Note 11S 5G;Conector de carga;Compatible;3,75;;;6
RD-RN11S5-TAP-COM-NEG;Redmi;Redmi Note 11S 5G;Tapa trasera;Negro Medianoche;5,65;;;6
RD-RN11S5-TAP-COM-AZU;Redmi;Redmi Note 11S 5G;Tapa trasera;Azul Crepúsculo;5,65;;;6
RD-RN11S5-TAP-COM-AES;Redmi;Redmi Note 11S 5G;Tapa trasera;Azul Estelar;5,65;;;6
RD-RN11S5-CTR-COM;Redmi;Redmi Note 11S 5G;Cámara trasera;Compatible;6,05;;;6
RD-RN11S5-CFR-COM;Redmi;Redmi Note 11S 5G;Cámara frontal;Compatible;3,10;;;6
RD-RN11S5-LEN-COM;Redmi;Redmi Note 11S 5G;Lente de cámara;Compatible;1,99;;;6
RD-RN11S5-ALT-COM;Redmi;Redmi Note 11S 5G;Altavoz;Compatible;3,25;;;6
RD-RN11S5-AUR-COM;Redmi;Redmi Note 11S 5G;Auricular de llamada;Compatible;2,15;;;6
RD-RN11S5-FLX-COM;Redmi;Redmi Note 11S 5G;Flex de encendido y volumen;Compatible;2,09;;;6
RD-RN11S5-SIM-COM-NEG;Redmi;Redmi Note 11S 5G;Bandeja SIM;Negro Medianoche;2,30;;;6
RD-RN11S5-SIM-COM-AZU;Redmi;Redmi Note 11S 5G;Bandeja SIM;Azul Crepúsculo;2,30;;;6
RD-RN11S5-SIM-COM-AES;Redmi;Redmi Note 11S 5G;Bandeja SIM;Azul Estelar;2,30;;;6
RD-RN11PPL5-PAN-ORI;Redmi;Redmi Note 11 Pro+ 5G;Pantalla;Original;68,15;66,11;64,06;12
RD-RN11PPL5-PAN-OLS;Redmi;Redmi Note 11 Pro+ 5G;Pantalla;OLED Soft;36,90;35,79;34,69;6
RD-RN11PPL5-PAN-OLH;Redmi;Redmi Note 11 Pro+ 5G;Pantalla;OLED Hard;33,30;32,30;31,30;6
RD-RN11PPL5-PAN-INC;Redmi;Redmi Note 11 Pro+ 5G;Pantalla;Incell;16,55;16,05;15,56;6
RD-RN11PPL5-BAT-COM;Redmi;Redmi Note 11 Pro+ 5G;Batería;Compatible;9,70;;;6
RD-RN11PPL5-CON-COM;Redmi;Redmi Note 11 Pro+ 5G;Conector de carga;Compatible;3,50;;;6
RD-RN11PPL5-TAP-COM-GRI;Redmi;Redmi Note 11 Pro+ 5G;Tapa trasera;Gris Grafito;5,75;;;6
RD-RN11PPL5-TAP-COM-AZU;Redmi;Redmi Note 11 Pro+ 5G;Tapa trasera;Azul Estelar;5,75;;;6
RD-RN11PPL5-TAP-COM-VER;Redmi;Redmi Note 11 Pro+ 5G;Tapa trasera;Verde bosque;5,75;;;6
RD-RN11PPL5-CTR-COM;Redmi;Redmi Note 11 Pro+ 5G;Cámara trasera;Compatible;7,35;;;6
RD-RN11PPL5-CFR-COM;Redmi;Redmi Note 11 Pro+ 5G;Cámara frontal;Compatible;3,29;;;6
RD-RN11PPL5-LEN-COM;Redmi;Redmi Note 11 Pro+ 5G;Lente de cámara;Compatible;2,35;;;6
RD-RN11PPL5-ALT-COM;Redmi;Redmi Note 11 Pro+ 5G;Altavoz;Compatible;3,55;;;6
RD-RN11PPL5-AUR-COM;Redmi;Redmi Note 11 Pro+ 5G;Auricular de llamada;Compatible;2,69;;;6
RD-RN11PPL5-FLX-COM;Redmi;Redmi Note 11 Pro+ 5G;Flex de encendido y volumen;Compatible;2,70;;;6
RD-RN11PPL5-SIM-COM-GRI;Redmi;Redmi Note 11 Pro+ 5G;Bandeja SIM;Gris Grafito;2,65;;;6
RD-RN11PPL5-SIM-COM-AZU;Redmi;Redmi Note 11 Pro+ 5G;Bandeja SIM;Azul Estelar;2,65;;;6
RD-RN11PPL5-SIM-COM-VER;Redmi;Redmi Note 11 Pro+ 5G;Bandeja SIM;Verde bosque;2,65;;;6
RD-RN12-PAN-ORI;Redmi;Redmi Note 12;Pantalla;Original;67,25;65,23;63,22;12
RD-RN12-PAN-OLS;Redmi;Redmi Note 12;Pantalla;OLED Soft;35,45;34,39;33,32;6
RD-RN12-PAN-OLH;Redmi;Redmi Note 12;Pantalla;OLED Hard;28,35;27,50;26,65;6
RD-RN12-PAN-INC;Redmi;Redmi Note 12;Pantalla;Incell;15,45;14,99;14,52;6
RD-RN12-BAT-COM;Redmi;Redmi Note 12;Batería;Compatible;9,75;;;6
RD-RN12-CON-COM;Redmi;Redmi Note 12;Conector de carga;Compatible;5,20;;;6
RD-RN12-TAP-COM-DOR;Redmi;Redmi Note 12;Tapa trasera;Dorado (Sunrise Gold);6,25;;;6
RD-RN12-TAP-COM-GRI;Redmi;Redmi Note 12;Tapa trasera;Gris Ónix;6,25;;;6
RD-RN12-TAP-COM-AZU;Redmi;Redmi Note 12;Tapa trasera;Azul Hielo;6,25;;;6
RD-RN12-TAP-COM-VER;Redmi;Redmi Note 12;Tapa trasera;Verde Menta;6,25;;;6
RD-RN12-CTR-COM;Redmi;Redmi Note 12;Cámara trasera;Compatible;8,50;;;6
RD-RN12-CFR-COM;Redmi;Redmi Note 12;Cámara frontal;Compatible;4,55;;;6
RD-RN12-LEN-COM;Redmi;Redmi Note 12;Lente de cámara;Compatible;2,35;;;6
RD-RN12-ALT-COM;Redmi;Redmi Note 12;Altavoz;Compatible;3,49;;;6
RD-RN12-AUR-COM;Redmi;Redmi Note 12;Auricular de llamada;Compatible;2,35;;;6
RD-RN12-FLX-COM;Redmi;Redmi Note 12;Flex de encendido y volumen;Compatible;1,85;;;6
RD-RN12-SIM-COM-DOR;Redmi;Redmi Note 12;Bandeja SIM;Dorado (Sunrise Gold);2,20;;;6
RD-RN12-SIM-COM-GRI;Redmi;Redmi Note 12;Bandeja SIM;Gris Ónix;2,20;;;6
RD-RN12-SIM-COM-AZU;Redmi;Redmi Note 12;Bandeja SIM;Azul Hielo;2,20;;;6
RD-RN12-SIM-COM-VER;Redmi;Redmi Note 12;Bandeja SIM;Verde Menta;2,20;;;6
RD-RN125-PAN-ORI;Redmi;Redmi Note 12 5G;Pantalla;Original;61,15;59,32;57,48;12
RD-RN125-PAN-OLS;Redmi;Redmi Note 12 5G;Pantalla;OLED Soft;36,49;35,40;34,30;6
RD-RN125-PAN-OLH;Redmi;Redmi Note 12 5G;Pantalla;OLED Hard;28,35;27,50;26,65;6
RD-RN125-PAN-INC;Redmi;Redmi Note 12 5G;Pantalla;Incell;15,65;15,18;14,71;6
RD-RN125-BAT-COM;Redmi;Redmi Note 12 5G;Batería;Compatible;9,75;;;6
RD-RN125-CON-COM;Redmi;Redmi Note 12 5G;Conector de carga;Compatible;4,29;;;6
RD-RN125-TAP-COM-GRI;Redmi;Redmi Note 12 5G;Tapa trasera;Gris ónix;6,25;;;6
RD-RN125-TAP-COM-AZU;Redmi;Redmi Note 12 5G;Tapa trasera;Azul hielo;6,25;;;6
RD-RN125-TAP-COM-VER;Redmi;Redmi Note 12 5G;Tapa trasera;Verde bosque;6,25;;;6
RD-RN125-CTR-COM;Redmi;Redmi Note 12 5G;Cámara trasera;Compatible;8,50;;;6
RD-RN125-CFR-COM;Redmi;Redmi Note 12 5G;Cámara frontal;Compatible;4,55;;;6
RD-RN125-LEN-COM;Redmi;Redmi Note 12 5G;Lente de cámara;Compatible;2,05;;;6
RD-RN125-ALT-COM;Redmi;Redmi Note 12 5G;Altavoz;Compatible;3,49;;;6
RD-RN125-AUR-COM;Redmi;Redmi Note 12 5G;Auricular de llamada;Compatible;2,35;;;6
RD-RN125-FLX-COM;Redmi;Redmi Note 12 5G;Flex de encendido y volumen;Compatible;2,55;;;6
RD-RN125-SIM-COM-GRI;Redmi;Redmi Note 12 5G;Bandeja SIM;Gris ónix;2,29;;;6
RD-RN125-SIM-COM-AZU;Redmi;Redmi Note 12 5G;Bandeja SIM;Azul hielo;2,29;;;6
RD-RN125-SIM-COM-VER;Redmi;Redmi Note 12 5G;Bandeja SIM;Verde bosque;2,29;;;6
RD-RN12P-PAN-ORI;Redmi;Redmi Note 12 Pro;Pantalla;Original;67,25;65,23;63,22;12
RD-RN12P-PAN-OLS;Redmi;Redmi Note 12 Pro;Pantalla;OLED Soft;38,09;36,95;35,80;6
RD-RN12P-PAN-OLH;Redmi;Redmi Note 12 Pro;Pantalla;OLED Hard;33,75;32,74;31,73;6
RD-RN12P-PAN-INC;Redmi;Redmi Note 12 Pro;Pantalla;Incell;17,09;16,58;16,06;6
RD-RN12P-BAT-COM;Redmi;Redmi Note 12 Pro;Batería;Compatible;10,05;9,75;9,45;6
RD-RN12P-CON-COM;Redmi;Redmi Note 12 Pro;Conector de carga;Compatible;4,00;;;6
RD-RN12P-TAP-COM-AZU;Redmi;Redmi Note 12 Pro;Tapa trasera;Azul Estelar;6,25;;;6
RD-RN12P-TAP-COM-GRI;Redmi;Redmi Note 12 Pro;Tapa trasera;Gris Grafito;6,25;;;6
RD-RN12P-TAP-COM-BLA;Redmi;Redmi Note 12 Pro;Tapa trasera;Blanco Polar;6,25;;;6
RD-RN12P-TAP-COM-AGL;Redmi;Redmi Note 12 Pro;Tapa trasera;Azul Glaciar;6,25;;;6
RD-RN12P-CTR-COM;Redmi;Redmi Note 12 Pro;Cámara trasera;Compatible;9,25;;;6
RD-RN12P-CFR-COM;Redmi;Redmi Note 12 Pro;Cámara frontal;Compatible;4,80;;;6
RD-RN12P-LEN-COM;Redmi;Redmi Note 12 Pro;Lente de cámara;Compatible;2,49;;;6
RD-RN12P-ALT-COM;Redmi;Redmi Note 12 Pro;Altavoz;Compatible;3,85;;;6
RD-RN12P-AUR-COM;Redmi;Redmi Note 12 Pro;Auricular de llamada;Compatible;2,95;;;6
RD-RN12P-FLX-COM;Redmi;Redmi Note 12 Pro;Flex de encendido y volumen;Compatible;3,29;;;6
RD-RN12P-SIM-COM-AZU;Redmi;Redmi Note 12 Pro;Bandeja SIM;Azul Estelar;2,60;;;6
RD-RN12P-SIM-COM-GRI;Redmi;Redmi Note 12 Pro;Bandeja SIM;Gris Grafito;2,60;;;6
RD-RN12P-SIM-COM-BLA;Redmi;Redmi Note 12 Pro;Bandeja SIM;Blanco Polar;2,60;;;6
RD-RN12P-SIM-COM-AGL;Redmi;Redmi Note 12 Pro;Bandeja SIM;Azul Glaciar;2,60;;;6
RD-RN12P5-PAN-ORI;Redmi;Redmi Note 12 Pro 5G;Pantalla;Original;67,25;65,23;63,22;12
RD-RN12P5-PAN-OLS;Redmi;Redmi Note 12 Pro 5G;Pantalla;OLED Soft;37,89;36,75;35,62;6
RD-RN12P5-PAN-OLH;Redmi;Redmi Note 12 Pro 5G;Pantalla;OLED Hard;34,19;33,16;32,14;6
RD-RN12P5-PAN-INC;Redmi;Redmi Note 12 Pro 5G;Pantalla;Incell;15,65;15,18;14,71;6
RD-RN12P5-BAT-COM;Redmi;Redmi Note 12 Pro 5G;Batería;Compatible;10,05;9,75;9,45;6
RD-RN12P5-CON-COM;Redmi;Redmi Note 12 Pro 5G;Conector de carga;Compatible;4,00;;;6
RD-RN12P5-TAP-COM-BLA;Redmi;Redmi Note 12 Pro 5G;Tapa trasera;Blanco Polar;6,25;;;6
RD-RN12P5-TAP-COM-NEG;Redmi;Redmi Note 12 Pro 5G;Tapa trasera;Negro Medianoche;6,25;;;6
RD-RN12P5-TAP-COM-AZU;Redmi;Redmi Note 12 Pro 5G;Tapa trasera;Azul Cielo;6,25;;;6
RD-RN12P5-CTR-COM;Redmi;Redmi Note 12 Pro 5G;Cámara trasera;Compatible;9,25;;;6
RD-RN12P5-CFR-COM;Redmi;Redmi Note 12 Pro 5G;Cámara frontal;Compatible;4,80;;;6
RD-RN12P5-LEN-COM;Redmi;Redmi Note 12 Pro 5G;Lente de cámara;Compatible;2,49;;;6
RD-RN12P5-ALT-COM;Redmi;Redmi Note 12 Pro 5G;Altavoz;Compatible;3,85;;;6
RD-RN12P5-AUR-COM;Redmi;Redmi Note 12 Pro 5G;Auricular de llamada;Compatible;2,95;;;6
RD-RN12P5-FLX-COM;Redmi;Redmi Note 12 Pro 5G;Flex de encendido y volumen;Compatible;3,29;;;6
RD-RN12P5-SIM-COM-BLA;Redmi;Redmi Note 12 Pro 5G;Bandeja SIM;Blanco Polar;2,60;;;6
RD-RN12P5-SIM-COM-NEG;Redmi;Redmi Note 12 Pro 5G;Bandeja SIM;Negro Medianoche;2,60;;;6
RD-RN12P5-SIM-COM-AZU;Redmi;Redmi Note 12 Pro 5G;Bandeja SIM;Azul Cielo;2,60;;;6
RD-RN12PPL5-PAN-ORI;Redmi;Redmi Note 12 Pro+ 5G;Pantalla;Original;70,30;68,19;66,08;12
RD-RN12PPL5-PAN-OLS;Redmi;Redmi Note 12 Pro+ 5G;Pantalla;OLED Soft;39,29;38,11;36,93;6
RD-RN12PPL5-PAN-OLH;Redmi;Redmi Note 12 Pro+ 5G;Pantalla;OLED Hard;35,45;34,39;33,32;6
RD-RN12PPL5-PAN-INC;Redmi;Redmi Note 12 Pro+ 5G;Pantalla;Incell;17,60;17,07;16,54;6
RD-RN12PPL5-BAT-COM;Redmi;Redmi Note 12 Pro+ 5G;Batería;Compatible;10,49;10,18;9,86;6
RD-RN12PPL5-CON-COM;Redmi;Redmi Note 12 Pro+ 5G;Conector de carga;Compatible;4,00;;;6
RD-RN12PPL5-TAP-COM-BLA;Redmi;Redmi Note 12 Pro+ 5G;Tapa trasera;Blanco Polar;6,45;;;6
RD-RN12PPL5-TAP-COM-NEG;Redmi;Redmi Note 12 Pro+ 5G;Tapa trasera;Negro Medianoche;6,45;;;6
RD-RN12PPL5-TAP-COM-AZU;Redmi;Redmi Note 12 Pro+ 5G;Tapa trasera;Azul Cielo;6,45;;;6
RD-RN12PPL5-CTR-COM;Redmi;Redmi Note 12 Pro+ 5G;Cámara trasera;Compatible;10,35;10,04;9,73;6
RD-RN12PPL5-CFR-COM;Redmi;Redmi Note 12 Pro+ 5G;Cámara frontal;Compatible;4,80;;;6
RD-RN12PPL5-LEN-COM;Redmi;Redmi Note 12 Pro+ 5G;Lente de cámara;Compatible;2,49;;;6
RD-RN12PPL5-ALT-COM;Redmi;Redmi Note 12 Pro+ 5G;Altavoz;Compatible;3,85;;;6
RD-RN12PPL5-AUR-COM;Redmi;Redmi Note 12 Pro+ 5G;Auricular de llamada;Compatible;2,95;;;6
RD-RN12PPL5-FLX-COM;Redmi;Redmi Note 12 Pro+ 5G;Flex de encendido y volumen;Compatible;3,29;;;6
RD-RN12PPL5-SIM-COM-BLA;Redmi;Redmi Note 12 Pro+ 5G;Bandeja SIM;Blanco Polar;2,60;;;6
RD-RN12PPL5-SIM-COM-NEG;Redmi;Redmi Note 12 Pro+ 5G;Bandeja SIM;Negro Medianoche;2,60;;;6
RD-RN12PPL5-SIM-COM-AZU;Redmi;Redmi Note 12 Pro+ 5G;Bandeja SIM;Azul Cielo;2,60;;;6
RD-RN12S-PAN-ORI;Redmi;Redmi Note 12S;Pantalla;Original;61,15;59,32;57,48;12
RD-RN12S-PAN-OLS;Redmi;Redmi Note 12S;Pantalla;OLED Soft;38,85;37,68;36,52;6
RD-RN12S-PAN-OLH;Redmi;Redmi Note 12S;Pantalla;OLED Hard;35,05;34,00;32,95;6
RD-RN12S-PAN-INC;Redmi;Redmi Note 12S;Pantalla;Incell;17,45;16,93;16,40;6
RD-RN12S-BAT-COM;Redmi;Redmi Note 12S;Batería;Compatible;9,75;;;6
RD-RN12S-CON-COM;Redmi;Redmi Note 12S;Conector de carga;Compatible;4,29;;;6
RD-RN12S-TAP-COM-AZU;Redmi;Redmi Note 12S;Tapa trasera;Azul hielo;6,35;;;6
RD-RN12S-TAP-COM-VER;Redmi;Redmi Note 12S;Tapa trasera;Verde (Pearl Green);6,35;;;6
RD-RN12S-TAP-COM-NEG;Redmi;Redmi Note 12S;Tapa trasera;Negro (Onyx Black);6,35;;;6
RD-RN12S-CTR-COM;Redmi;Redmi Note 12S;Cámara trasera;Compatible;8,50;;;6
RD-RN12S-CFR-COM;Redmi;Redmi Note 12S;Cámara frontal;Compatible;4,55;;;6
RD-RN12S-LEN-COM;Redmi;Redmi Note 12S;Lente de cámara;Compatible;2,05;;;6
RD-RN12S-ALT-COM;Redmi;Redmi Note 12S;Altavoz;Compatible;3,49;;;6
RD-RN12S-AUR-COM;Redmi;Redmi Note 12S;Auricular de llamada;Compatible;2,35;;;6
RD-RN12S-FLX-COM;Redmi;Redmi Note 12S;Flex de encendido y volumen;Compatible;2,55;;;6
RD-RN12S-SIM-COM-AZU;Redmi;Redmi Note 12S;Bandeja SIM;Azul hielo;2,29;;;6
RD-RN12S-SIM-COM-VER;Redmi;Redmi Note 12S;Bandeja SIM;Verde (Pearl Green);2,29;;;6
RD-RN12S-SIM-COM-NEG;Redmi;Redmi Note 12S;Bandeja SIM;Negro (Onyx Black);2,29;;;6
RD-RN13-PAN-ORI;Redmi;Redmi Note 13;Pantalla;Original;67,25;65,23;63,22;12
RD-RN13-PAN-OLS;Redmi;Redmi Note 13;Pantalla;OLED Soft;38,25;37,10;35,96;6
RD-RN13-PAN-OLH;Redmi;Redmi Note 13;Pantalla;OLED Hard;34,55;33,51;32,48;6
RD-RN13-PAN-INC;Redmi;Redmi Note 13;Pantalla;Incell;16,49;16,00;15,50;6
RD-RN13-BAT-COM;Redmi;Redmi Note 13;Batería;Compatible;9,75;;;6
RD-RN13-CON-COM;Redmi;Redmi Note 13;Conector de carga;Compatible;4,29;;;6
RD-RN13-TAP-COM-NEG;Redmi;Redmi Note 13;Tapa trasera;Negro Medianoche;6,35;;;6
RD-RN13-TAP-COM-VER;Redmi;Redmi Note 13;Tapa trasera;Verde menta;6,35;;;6
RD-RN13-TAP-COM-AZU;Redmi;Redmi Note 13;Tapa trasera;Azul Hielo;6,35;;;6
RD-RN13-TAP-COM-OCE;Redmi;Redmi Note 13;Tapa trasera;Ocean Sunset;6,35;;;6
RD-RN13-CTR-COM;Redmi;Redmi Note 13;Cámara trasera;Compatible;8,50;;;6
RD-RN13-CFR-COM;Redmi;Redmi Note 13;Cámara frontal;Compatible;4,55;;;6
RD-RN13-LEN-COM;Redmi;Redmi Note 13;Lente de cámara;Compatible;2,05;;;6
RD-RN13-ALT-COM;Redmi;Redmi Note 13;Altavoz;Compatible;3,49;;;6
RD-RN13-AUR-COM;Redmi;Redmi Note 13;Auricular de llamada;Compatible;2,35;;;6
RD-RN13-FLX-COM;Redmi;Redmi Note 13;Flex de encendido y volumen;Compatible;2,55;;;6
RD-RN13-SIM-COM-NEG;Redmi;Redmi Note 13;Bandeja SIM;Negro Medianoche;2,29;;;6
RD-RN13-SIM-COM-VER;Redmi;Redmi Note 13;Bandeja SIM;Verde menta;2,29;;;6
RD-RN13-SIM-COM-AZU;Redmi;Redmi Note 13;Bandeja SIM;Azul Hielo;2,29;;;6
RD-RN13-SIM-COM-OCE;Redmi;Redmi Note 13;Bandeja SIM;Ocean Sunset;2,29;;;6
RD-RN135-PAN-ORI;Redmi;Redmi Note 13 5G;Pantalla;Original;67,25;65,23;63,22;12
RD-RN135-PAN-OLS;Redmi;Redmi Note 13 5G;Pantalla;OLED Soft;36,49;35,40;34,30;6
RD-RN135-PAN-OLH;Redmi;Redmi Note 13 5G;Pantalla;OLED Hard;28,35;27,50;26,65;6
RD-RN135-PAN-INC;Redmi;Redmi Note 13 5G;Pantalla;Incell;17,15;16,64;16,12;6
RD-RN135-BAT-COM;Redmi;Redmi Note 13 5G;Batería;Compatible;8,95;;;6
RD-RN135-CON-COM;Redmi;Redmi Note 13 5G;Conector de carga;Compatible;4,69;;;6
RD-RN135-TAP-COM-NEG;Redmi;Redmi Note 13 5G;Tapa trasera;Negro grafito;6,35;;;6
RD-RN135-TAP-COM-BLA;Redmi;Redmi Note 13 5G;Tapa trasera;Blanco ártico;6,35;;;6
RD-RN135-TAP-COM-VER;Redmi;Redmi Note 13 5G;Tapa trasera;Verde Turquesa;6,35;;;6
RD-RN135-CTR-COM;Redmi;Redmi Note 13 5G;Cámara trasera;Compatible;11,95;11,59;11,23;6
RD-RN135-CFR-COM;Redmi;Redmi Note 13 5G;Cámara frontal;Compatible;6,80;;;6
RD-RN135-LEN-COM;Redmi;Redmi Note 13 5G;Lente de cámara;Compatible;2,75;;;6
RD-RN135-ALT-COM;Redmi;Redmi Note 13 5G;Altavoz;Compatible;4,80;;;6
RD-RN135-AUR-COM;Redmi;Redmi Note 13 5G;Auricular de llamada;Compatible;2,35;;;6
RD-RN135-FLX-COM;Redmi;Redmi Note 13 5G;Flex de encendido y volumen;Compatible;4,45;;;6
RD-RN135-SIM-COM-NEG;Redmi;Redmi Note 13 5G;Bandeja SIM;Negro grafito;3,00;;;6
RD-RN135-SIM-COM-BLA;Redmi;Redmi Note 13 5G;Bandeja SIM;Blanco ártico;3,00;;;6
RD-RN135-SIM-COM-VER;Redmi;Redmi Note 13 5G;Bandeja SIM;Verde Turquesa;3,00;;;6
RD-RN13P-PAN-ORI;Redmi;Redmi Note 13 Pro;Pantalla;Original;70,30;68,19;66,08;12
RD-RN13P-PAN-OLS;Redmi;Redmi Note 13 Pro;Pantalla;OLED Soft;39,29;38,11;36,93;6
RD-RN13P-PAN-OLH;Redmi;Redmi Note 13 Pro;Pantalla;OLED Hard;35,45;34,39;33,32;6
RD-RN13P-PAN-INC;Redmi;Redmi Note 13 Pro;Pantalla;Incell;17,60;17,07;16,54;6
RD-RN13P-BAT-COM;Redmi;Redmi Note 13 Pro;Batería;Compatible;10,49;10,18;9,86;6
RD-RN13P-CON-COM;Redmi;Redmi Note 13 Pro;Conector de carga;Compatible;4,00;;;6
RD-RN13P-TAP-COM-NEG;Redmi;Redmi Note 13 Pro;Tapa trasera;Negro Medianoche;6,45;;;6
RD-RN13P-TAP-COM-VER;Redmi;Redmi Note 13 Pro;Tapa trasera;Verde Bosque;6,45;;;6
RD-RN13P-TAP-COM-MOR;Redmi;Redmi Note 13 Pro;Tapa trasera;Morado Lavanda;6,45;;;6
RD-RN13P-CTR-COM;Redmi;Redmi Note 13 Pro;Cámara trasera;Compatible;11,95;11,59;11,23;6
RD-RN13P-CFR-COM;Redmi;Redmi Note 13 Pro;Cámara frontal;Compatible;4,80;;;6
RD-RN13P-LEN-COM;Redmi;Redmi Note 13 Pro;Lente de cámara;Compatible;2,49;;;6
RD-RN13P-ALT-COM;Redmi;Redmi Note 13 Pro;Altavoz;Compatible;3,85;;;6
RD-RN13P-AUR-COM;Redmi;Redmi Note 13 Pro;Auricular de llamada;Compatible;2,95;;;6
RD-RN13P-FLX-COM;Redmi;Redmi Note 13 Pro;Flex de encendido y volumen;Compatible;3,29;;;6
RD-RN13P-SIM-COM-NEG;Redmi;Redmi Note 13 Pro;Bandeja SIM;Negro Medianoche;2,60;;;6
RD-RN13P-SIM-COM-VER;Redmi;Redmi Note 13 Pro;Bandeja SIM;Verde Bosque;2,60;;;6
RD-RN13P-SIM-COM-MOR;Redmi;Redmi Note 13 Pro;Bandeja SIM;Morado Lavanda;2,60;;;6
RD-RN13P5-PAN-ORI;Redmi;Redmi Note 13 Pro 5G;Pantalla;Original;67,25;65,23;63,22;12
RD-RN13P5-PAN-OLS;Redmi;Redmi Note 13 Pro 5G;Pantalla;OLED Soft;39,05;37,88;36,71;6
RD-RN13P5-PAN-OLH;Redmi;Redmi Note 13 Pro 5G;Pantalla;OLED Hard;33,75;32,74;31,73;6
RD-RN13P5-PAN-INC;Redmi;Redmi Note 13 Pro 5G;Pantalla;Incell;17,15;16,64;16,12;6
RD-RN13P5-BAT-COM;Redmi;Redmi Note 13 Pro 5G;Batería;Compatible;10,49;10,18;9,86;6
RD-RN13P5-CON-COM;Redmi;Redmi Note 13 Pro 5G;Conector de carga;Compatible;3,35;;;6
RD-RN13P5-TAP-COM-NEG;Redmi;Redmi Note 13 Pro 5G;Tapa trasera;Negro Medianoche;7,29;;;6
RD-RN13P5-TAP-COM-MOR;Redmi;Redmi Note 13 Pro 5G;Tapa trasera;Morado Aurora;7,29;;;6
RD-RN13P5-TAP-COM-VER;Redmi;Redmi Note 13 Pro 5G;Tapa trasera;Verde Océano;7,29;;;6
RD-RN13P5-TAP-COM-VOL;Redmi;Redmi Note 13 Pro 5G;Tapa trasera;Verde Oliva;7,29;;;6
RD-RN13P5-CTR-COM;Redmi;Redmi Note 13 Pro 5G;Cámara trasera;Compatible;11,95;11,59;11,23;6
RD-RN13P5-CFR-COM;Redmi;Redmi Note 13 Pro 5G;Cámara frontal;Compatible;4,80;;;6
RD-RN13P5-LEN-COM;Redmi;Redmi Note 13 Pro 5G;Lente de cámara;Compatible;2,35;;;6
RD-RN13P5-ALT-COM;Redmi;Redmi Note 13 Pro 5G;Altavoz;Compatible;3,85;;;6
RD-RN13P5-AUR-COM;Redmi;Redmi Note 13 Pro 5G;Auricular de llamada;Compatible;2,95;;;6
RD-RN13P5-FLX-COM;Redmi;Redmi Note 13 Pro 5G;Flex de encendido y volumen;Compatible;3,29;;;6
RD-RN13P5-SIM-COM-NEG;Redmi;Redmi Note 13 Pro 5G;Bandeja SIM;Negro Medianoche;2,15;;;6
RD-RN13P5-SIM-COM-MOR;Redmi;Redmi Note 13 Pro 5G;Bandeja SIM;Morado Aurora;2,15;;;6
RD-RN13P5-SIM-COM-VER;Redmi;Redmi Note 13 Pro 5G;Bandeja SIM;Verde Océano;2,15;;;6
RD-RN13P5-SIM-COM-VOL;Redmi;Redmi Note 13 Pro 5G;Bandeja SIM;Verde Oliva;2,15;;;6
RD-RN13PPL5-PAN-ORI;Redmi;Redmi Note 13 Pro+ 5G;Pantalla;Original;70,30;68,19;66,08;12
RD-RN13PPL5-PAN-OLS;Redmi;Redmi Note 13 Pro+ 5G;Pantalla;OLED Soft;39,29;38,11;36,93;6
RD-RN13PPL5-PAN-OLH;Redmi;Redmi Note 13 Pro+ 5G;Pantalla;OLED Hard;35,45;34,39;33,32;6
RD-RN13PPL5-PAN-INC;Redmi;Redmi Note 13 Pro+ 5G;Pantalla;Incell;17,60;17,07;16,54;6
RD-RN13PPL5-BAT-COM;Redmi;Redmi Note 13 Pro+ 5G;Batería;Compatible;10,49;10,18;9,86;6
RD-RN13PPL5-CON-COM;Redmi;Redmi Note 13 Pro+ 5G;Conector de carga;Compatible;4,00;;;6
RD-RN13PPL5-TAP-COM-NEG;Redmi;Redmi Note 13 Pro+ 5G;Tapa trasera;Negro Medianoche;7,29;;;6
RD-RN13PPL5-TAP-COM-BLA;Redmi;Redmi Note 13 Pro+ 5G;Tapa trasera;Blanco Lunar;7,29;;;6
RD-RN13PPL5-TAP-COM-MOR;Redmi;Redmi Note 13 Pro+ 5G;Tapa trasera;Morado Aurora;7,29;;;6
RD-RN13PPL5-CTR-COM;Redmi;Redmi Note 13 Pro+ 5G;Cámara trasera;Compatible;11,95;11,59;11,23;6
RD-RN13PPL5-CFR-COM;Redmi;Redmi Note 13 Pro+ 5G;Cámara frontal;Compatible;4,80;;;6
RD-RN13PPL5-LEN-COM;Redmi;Redmi Note 13 Pro+ 5G;Lente de cámara;Compatible;2,49;;;6
RD-RN13PPL5-ALT-COM;Redmi;Redmi Note 13 Pro+ 5G;Altavoz;Compatible;3,85;;;6
RD-RN13PPL5-AUR-COM;Redmi;Redmi Note 13 Pro+ 5G;Auricular de llamada;Compatible;2,95;;;6
RD-RN13PPL5-FLX-COM;Redmi;Redmi Note 13 Pro+ 5G;Flex de encendido y volumen;Compatible;3,29;;;6
RD-RN13PPL5-SIM-COM-NEG;Redmi;Redmi Note 13 Pro+ 5G;Bandeja SIM;Negro Medianoche;2,60;;;6
RD-RN13PPL5-SIM-COM-BLA;Redmi;Redmi Note 13 Pro+ 5G;Bandeja SIM;Blanco Lunar;2,60;;;6
RD-RN13PPL5-SIM-COM-MOR;Redmi;Redmi Note 13 Pro+ 5G;Bandeja SIM;Morado Aurora;2,60;;;6
RD-RN14-PAN-ORI;Redmi;Redmi Note 14;Pantalla;Original;67,25;65,23;63,22;12
RD-RN14-PAN-OLS;Redmi;Redmi Note 14;Pantalla;OLED Soft;41,49;40,25;39,00;6
RD-RN14-PAN-OLH;Redmi;Redmi Note 14;Pantalla;OLED Hard;37,45;36,33;35,20;6
RD-RN14-PAN-INC;Redmi;Redmi Note 14;Pantalla;Incell;20,45;19,84;19,22;6
RD-RN14-BAT-COM;Redmi;Redmi Note 14;Batería;Compatible;9,19;;;6
RD-RN14-CON-COM;Redmi;Redmi Note 14;Conector de carga;Compatible;5,10;;;6
RD-RN14-TAP-COM-NIE;Redmi;Redmi Note 14;Tapa trasera;Niebla Púrpura;6,80;;;6
RD-RN14-TAP-COM-VER;Redmi;Redmi Note 14;Tapa trasera;Verde Lima;6,80;;;6
RD-RN14-TAP-COM-NEG;Redmi;Redmi Note 14;Tapa trasera;Negro Medianoche;6,80;;;6
RD-RN14-TAP-COM-AZU;Redmi;Redmi Note 14;Tapa trasera;Azul Océano;6,80;;;6
RD-RN14-TAP-COM-DOR;Redmi;Redmi Note 14;Tapa trasera;Dorado (Sand Gold);6,80;;;6
RD-RN14-CTR-COM;Redmi;Redmi Note 14;Cámara trasera;Compatible;11,65;11,30;10,95;6
RD-RN14-CFR-COM;Redmi;Redmi Note 14;Cámara frontal;Compatible;6,35;;;6
RD-RN14-LEN-COM;Redmi;Redmi Note 14;Lente de cámara;Compatible;2,65;;;6
RD-RN14-ALT-COM;Redmi;Redmi Note 14;Altavoz;Compatible;4,60;;;6
RD-RN14-AUR-COM;Redmi;Redmi Note 14;Auricular de llamada;Compatible;3,35;;;6
RD-RN14-FLX-COM;Redmi;Redmi Note 14;Flex de encendido y volumen;Compatible;2,75;;;6
RD-RN14-SIM-COM-NIE;Redmi;Redmi Note 14;Bandeja SIM;Niebla Púrpura;2,70;;;6
RD-RN14-SIM-COM-VER;Redmi;Redmi Note 14;Bandeja SIM;Verde Lima;2,70;;;6
RD-RN14-SIM-COM-NEG;Redmi;Redmi Note 14;Bandeja SIM;Negro Medianoche;2,70;;;6
RD-RN14-SIM-COM-AZU;Redmi;Redmi Note 14;Bandeja SIM;Azul Océano;2,70;;;6
RD-RN14-SIM-COM-DOR;Redmi;Redmi Note 14;Bandeja SIM;Dorado (Sand Gold);2,70;;;6
RD-RN145-PAN-ORI;Redmi;Redmi Note 14 5G;Pantalla;Original;67,25;65,23;63,22;12
RD-RN145-PAN-OLS;Redmi;Redmi Note 14 5G;Pantalla;OLED Soft;40,95;39,72;38,49;6
RD-RN145-PAN-OLH;Redmi;Redmi Note 14 5G;Pantalla;OLED Hard;36,95;35,84;34,73;6
RD-RN145-PAN-INC;Redmi;Redmi Note 14 5G;Pantalla;Incell;18,35;17,80;17,25;6
RD-RN145-BAT-COM;Redmi;Redmi Note 14 5G;Batería;Compatible;9,19;;;6
RD-RN145-CON-COM;Redmi;Redmi Note 14 5G;Conector de carga;Compatible;5,10;;;6
RD-RN145-TAP-COM-NEG;Redmi;Redmi Note 14 5G;Tapa trasera;Negro Medianoche;6,80;;;6
RD-RN145-TAP-COM-VER;Redmi;Redmi Note 14 5G;Tapa trasera;Verde Coral;6,80;;;6
RD-RN145-TAP-COM-VIO;Redmi;Redmi Note 14 5G;Tapa trasera;Violeta Lavanda;6,80;;;6
RD-RN145-CTR-COM;Redmi;Redmi Note 14 5G;Cámara trasera;Compatible;11,65;11,30;10,95;6
RD-RN145-CFR-COM;Redmi;Redmi Note 14 5G;Cámara frontal;Compatible;6,35;;;6
RD-RN145-LEN-COM;Redmi;Redmi Note 14 5G;Lente de cámara;Compatible;2,65;;;6
RD-RN145-ALT-COM;Redmi;Redmi Note 14 5G;Altavoz;Compatible;4,60;;;6
RD-RN145-AUR-COM;Redmi;Redmi Note 14 5G;Auricular de llamada;Compatible;3,35;;;6
RD-RN145-FLX-COM;Redmi;Redmi Note 14 5G;Flex de encendido y volumen;Compatible;2,75;;;6
RD-RN145-SIM-COM-NEG;Redmi;Redmi Note 14 5G;Bandeja SIM;Negro Medianoche;2,70;;;6
RD-RN145-SIM-COM-VER;Redmi;Redmi Note 14 5G;Bandeja SIM;Verde Coral;2,70;;;6
RD-RN145-SIM-COM-VIO;Redmi;Redmi Note 14 5G;Bandeja SIM;Violeta Lavanda;2,70;;;6
RD-RN14P-PAN-ORI;Redmi;Redmi Note 14 Pro;Pantalla;Original;73,10;70,91;68,71;12
RD-RN14P-PAN-OLS;Redmi;Redmi Note 14 Pro;Pantalla;OLED Soft;41,39;40,15;38,91;6
RD-RN14P-PAN-OLH;Redmi;Redmi Note 14 Pro;Pantalla;OLED Hard;37,35;36,23;35,11;6
RD-RN14P-PAN-INC;Redmi;Redmi Note 14 Pro;Pantalla;Incell;20,45;19,84;19,22;6
RD-RN14P-BAT-COM;Redmi;Redmi Note 14 Pro;Batería;Compatible;9,90;;;6
RD-RN14P-CON-COM;Redmi;Redmi Note 14 Pro;Conector de carga;Compatible;4,79;;;6
RD-RN14P-TAP-COM-AZU;Redmi;Redmi Note 14 Pro;Tapa trasera;Azul Océano;6,90;;;6
RD-RN14P-TAP-COM-NEG;Redmi;Redmi Note 14 Pro;Tapa trasera;Negro Medianoche;6,90;;;6
RD-RN14P-TAP-COM-MOR;Redmi;Redmi Note 14 Pro;Tapa trasera;Morado Aurora;6,90;;;6
RD-RN14P-TAP-COM-DOR;Redmi;Redmi Note 14 Pro;Tapa trasera;Dorado (Sand Gold);6,90;;;6
RD-RN14P-CTR-COM;Redmi;Redmi Note 14 Pro;Cámara trasera;Compatible;14,15;13,73;13,30;6
RD-RN14P-CFR-COM;Redmi;Redmi Note 14 Pro;Cámara frontal;Compatible;6,70;;;6
RD-RN14P-LEN-COM;Redmi;Redmi Note 14 Pro;Lente de cámara;Compatible;3,19;;;6
RD-RN14P-ALT-COM;Redmi;Redmi Note 14 Pro;Altavoz;Compatible;5,05;;;6
RD-RN14P-AUR-COM;Redmi;Redmi Note 14 Pro;Auricular de llamada;Compatible;4,15;;;6
RD-RN14P-FLX-COM;Redmi;Redmi Note 14 Pro;Flex de encendido y volumen;Compatible;3,59;;;6
RD-RN14P-SIM-COM-AZU;Redmi;Redmi Note 14 Pro;Bandeja SIM;Azul Océano;3,10;;;6
RD-RN14P-SIM-COM-NEG;Redmi;Redmi Note 14 Pro;Bandeja SIM;Negro Medianoche;3,10;;;6
RD-RN14P-SIM-COM-MOR;Redmi;Redmi Note 14 Pro;Bandeja SIM;Morado Aurora;3,10;;;6
RD-RN14P-SIM-COM-DOR;Redmi;Redmi Note 14 Pro;Bandeja SIM;Dorado (Sand Gold);3,10;;;6
RD-RN14P5-PAN-ORI;Redmi;Redmi Note 14 Pro 5G;Pantalla;Original;73,10;70,91;68,71;12
RD-RN14P5-PAN-OLS;Redmi;Redmi Note 14 Pro 5G;Pantalla;OLED Soft;42,05;40,79;39,53;6
RD-RN14P5-PAN-OLH;Redmi;Redmi Note 14 Pro 5G;Pantalla;OLED Hard;37,95;36,81;35,67;6
RD-RN14P5-PAN-INC;Redmi;Redmi Note 14 Pro 5G;Pantalla;Incell;22,25;21,58;20,92;6
RD-RN14P5-BAT-COM;Redmi;Redmi Note 14 Pro 5G;Batería;Compatible;9,90;;;6
RD-RN14P5-CON-COM;Redmi;Redmi Note 14 Pro 5G;Conector de carga;Compatible;4,79;;;6
RD-RN14P5-TAP-COM-NEG;Redmi;Redmi Note 14 Pro 5G;Tapa trasera;Negro Medianoche;6,90;;;6
RD-RN14P5-TAP-COM-VER;Redmi;Redmi Note 14 Pro 5G;Tapa trasera;Verde Coral;6,90;;;6
RD-RN14P5-TAP-COM-VIO;Redmi;Redmi Note 14 Pro 5G;Tapa trasera;Violeta Lavanda;6,90;;;6
RD-RN14P5-TAP-COM-DOR;Redmi;Redmi Note 14 Pro 5G;Tapa trasera;Dorado (Sand Gold);6,90;;;6
RD-RN14P5-CTR-COM;Redmi;Redmi Note 14 Pro 5G;Cámara trasera;Compatible;14,15;13,73;13,30;6
RD-RN14P5-CFR-COM;Redmi;Redmi Note 14 Pro 5G;Cámara frontal;Compatible;6,70;;;6
RD-RN14P5-LEN-COM;Redmi;Redmi Note 14 Pro 5G;Lente de cámara;Compatible;3,19;;;6
RD-RN14P5-ALT-COM;Redmi;Redmi Note 14 Pro 5G;Altavoz;Compatible;5,05;;;6
RD-RN14P5-AUR-COM;Redmi;Redmi Note 14 Pro 5G;Auricular de llamada;Compatible;4,15;;;6
RD-RN14P5-FLX-COM;Redmi;Redmi Note 14 Pro 5G;Flex de encendido y volumen;Compatible;3,59;;;6
RD-RN14P5-SIM-COM-NEG;Redmi;Redmi Note 14 Pro 5G;Bandeja SIM;Negro Medianoche;3,10;;;6
RD-RN14P5-SIM-COM-VER;Redmi;Redmi Note 14 Pro 5G;Bandeja SIM;Verde Coral;3,10;;;6
RD-RN14P5-SIM-COM-VIO;Redmi;Redmi Note 14 Pro 5G;Bandeja SIM;Violeta Lavanda;3,10;;;6
RD-RN14P5-SIM-COM-DOR;Redmi;Redmi Note 14 Pro 5G;Bandeja SIM;Dorado (Sand Gold);3,10;;;6
RD-RN14PPL5-PAN-ORI;Redmi;Redmi Note 14 Pro+ 5G;Pantalla;Original;73,10;70,91;68,71;12
RD-RN14PPL5-PAN-OLS;Redmi;Redmi Note 14 Pro+ 5G;Pantalla;OLED Soft;42,05;40,79;39,53;6
RD-RN14PPL5-PAN-OLH;Redmi;Redmi Note 14 Pro+ 5G;Pantalla;OLED Hard;37,95;36,81;35,67;6
RD-RN14PPL5-PAN-INC;Redmi;Redmi Note 14 Pro+ 5G;Pantalla;Incell;22,20;21,53;20,87;6
RD-RN14PPL5-BAT-COM;Redmi;Redmi Note 14 Pro+ 5G;Batería;Compatible;9,90;;;6
RD-RN14PPL5-CON-COM;Redmi;Redmi Note 14 Pro+ 5G;Conector de carga;Compatible;4,79;;;6
RD-RN14PPL5-TAP-COM-AZU;Redmi;Redmi Note 14 Pro+ 5G;Tapa trasera;Azul Hielo;6,90;;;6
RD-RN14PPL5-TAP-COM-NEG;Redmi;Redmi Note 14 Pro+ 5G;Tapa trasera;Negro Medianoche;6,90;;;6
RD-RN14PPL5-TAP-COM-VIO;Redmi;Redmi Note 14 Pro+ 5G;Tapa trasera;Violeta Lavanda;6,90;;;6
RD-RN14PPL5-TAP-COM-DOR;Redmi;Redmi Note 14 Pro+ 5G;Tapa trasera;Dorado (Sand Gold);6,90;;;6
RD-RN14PPL5-CTR-COM;Redmi;Redmi Note 14 Pro+ 5G;Cámara trasera;Compatible;14,15;13,73;13,30;6
RD-RN14PPL5-CFR-COM;Redmi;Redmi Note 14 Pro+ 5G;Cámara frontal;Compatible;6,70;;;6
RD-RN14PPL5-LEN-COM;Redmi;Redmi Note 14 Pro+ 5G;Lente de cámara;Compatible;3,19;;;6
RD-RN14PPL5-ALT-COM;Redmi;Redmi Note 14 Pro+ 5G;Altavoz;Compatible;5,05;;;6
RD-RN14PPL5-AUR-COM;Redmi;Redmi Note 14 Pro+ 5G;Auricular de llamada;Compatible;4,15;;;6
RD-RN14PPL5-FLX-COM;Redmi;Redmi Note 14 Pro+ 5G;Flex de encendido y volumen;Compatible;3,59;;;6
RD-RN14PPL5-SIM-COM-AZU;Redmi;Redmi Note 14 Pro+ 5G;Bandeja SIM;Azul Hielo;3,10;;;6
RD-RN14PPL5-SIM-COM-NEG;Redmi;Redmi Note 14 Pro+ 5G;Bandeja SIM;Negro Medianoche;3,10;;;6
RD-RN14PPL5-SIM-COM-VIO;Redmi;Redmi Note 14 Pro+ 5G;Bandeja SIM;Violeta Lavanda;3,10;;;6
RD-RN14PPL5-SIM-COM-DOR;Redmi;Redmi Note 14 Pro+ 5G;Bandeja SIM;Dorado (Sand Gold);3,10;;;6
RD-RN14S-PAN-ORI;Redmi;Redmi Note 14S;Pantalla;Original;63,59;61,68;59,77;12
RD-RN14S-PAN-OLS;Redmi;Redmi Note 14S;Pantalla;OLED Soft;40,95;39,72;38,49;6
RD-RN14S-PAN-OLH;Redmi;Redmi Note 14S;Pantalla;OLED Hard;36,95;35,84;34,73;6
RD-RN14S-PAN-INC;Redmi;Redmi Note 14S;Pantalla;Incell;18,35;17,80;17,25;6
RD-RN14S-BAT-COM;Redmi;Redmi Note 14S;Batería;Compatible;9,19;;;6
RD-RN14S-CON-COM;Redmi;Redmi Note 14S;Conector de carga;Compatible;5,10;;;6
RD-RN14S-TAP-COM-NEG;Redmi;Redmi Note 14S;Tapa trasera;Negro (Midnight Black);6,80;;;6
RD-RN14S-TAP-COM-AZU;Redmi;Redmi Note 14S;Tapa trasera;Azul (Ocean Blue);6,80;;;6
RD-RN14S-TAP-COM-MOR;Redmi;Redmi Note 14S;Tapa trasera;Morado (Aurora Purple);6,80;;;6
RD-RN14S-CTR-COM;Redmi;Redmi Note 14S;Cámara trasera;Compatible;11,65;11,30;10,95;6
RD-RN14S-CFR-COM;Redmi;Redmi Note 14S;Cámara frontal;Compatible;6,35;;;6
RD-RN14S-LEN-COM;Redmi;Redmi Note 14S;Lente de cámara;Compatible;2,65;;;6
RD-RN14S-ALT-COM;Redmi;Redmi Note 14S;Altavoz;Compatible;4,60;;;6
RD-RN14S-AUR-COM;Redmi;Redmi Note 14S;Auricular de llamada;Compatible;3,35;;;6
RD-RN14S-FLX-COM;Redmi;Redmi Note 14S;Flex de encendido y volumen;Compatible;2,75;;;6
RD-RN14S-SIM-COM-NEG;Redmi;Redmi Note 14S;Bandeja SIM;Negro (Midnight Black);2,70;;;6
RD-RN14S-SIM-COM-AZU;Redmi;Redmi Note 14S;Bandeja SIM;Azul (Ocean Blue);2,70;;;6
RD-RN14S-SIM-COM-MOR;Redmi;Redmi Note 14S;Bandeja SIM;Morado (Aurora Purple);2,70;;;6
RD-RN15-PAN-ORI;Redmi;Redmi Note 15;Pantalla;Original;67,25;65,23;63,22;12
RD-RN15-PAN-OLS;Redmi;Redmi Note 15;Pantalla;OLED Soft;41,49;40,25;39,00;6
RD-RN15-PAN-OLH;Redmi;Redmi Note 15;Pantalla;OLED Hard;37,45;36,33;35,20;6
RD-RN15-PAN-INC;Redmi;Redmi Note 15;Pantalla;Incell;20,45;19,84;19,22;6
RD-RN15-BAT-COM;Redmi;Redmi Note 15;Batería;Compatible;9,19;;;6
RD-RN15-CON-COM;Redmi;Redmi Note 15;Conector de carga;Compatible;5,10;;;6
RD-RN15-TAP-COM-NEG;Redmi;Redmi Note 15;Tapa trasera;Negro;6,80;;;6
RD-RN15-TAP-COM-AZU;Redmi;Redmi Note 15;Tapa trasera;Azul Glaciar;6,80;;;6
RD-RN15-TAP-COM-MOR;Redmi;Redmi Note 15;Tapa trasera;Morado;6,80;;;6
RD-RN15-TAP-COM-VER;Redmi;Redmi Note 15;Tapa trasera;Verde Bosque;6,80;;;6
RD-RN15-CTR-COM;Redmi;Redmi Note 15;Cámara trasera;Compatible;11,65;11,30;10,95;6
RD-RN15-CFR-COM;Redmi;Redmi Note 15;Cámara frontal;Compatible;6,35;;;6
RD-RN15-LEN-COM;Redmi;Redmi Note 15;Lente de cámara;Compatible;2,65;;;6
RD-RN15-ALT-COM;Redmi;Redmi Note 15;Altavoz;Compatible;4,60;;;6
RD-RN15-AUR-COM;Redmi;Redmi Note 15;Auricular de llamada;Compatible;3,35;;;6
RD-RN15-FLX-COM;Redmi;Redmi Note 15;Flex de encendido y volumen;Compatible;2,75;;;6
RD-RN15-SIM-COM-NEG;Redmi;Redmi Note 15;Bandeja SIM;Negro;2,70;;;6
RD-RN15-SIM-COM-AZU;Redmi;Redmi Note 15;Bandeja SIM;Azul Glaciar;2,70;;;6
RD-RN15-SIM-COM-MOR;Redmi;Redmi Note 15;Bandeja SIM;Morado;2,70;;;6
RD-RN15-SIM-COM-VER;Redmi;Redmi Note 15;Bandeja SIM;Verde Bosque;2,70;;;6
RD-RN155-PAN-ORI;Redmi;Redmi Note 15 5G;Pantalla;Original;67,25;65,23;63,22;12
RD-RN155-PAN-OLS;Redmi;Redmi Note 15 5G;Pantalla;OLED Soft;41,49;40,25;39,00;6
RD-RN155-PAN-OLH;Redmi;Redmi Note 15 5G;Pantalla;OLED Hard;37,45;36,33;35,20;6
RD-RN155-PAN-INC;Redmi;Redmi Note 15 5G;Pantalla;Incell;20,45;19,84;19,22;6
RD-RN155-BAT-COM;Redmi;Redmi Note 15 5G;Batería;Compatible;9,19;;;6
RD-RN155-CON-COM;Redmi;Redmi Note 15 5G;Conector de carga;Compatible;5,10;;;6
RD-RN155-TAP-COM-NEG;Redmi;Redmi Note 15 5G;Tapa trasera;Negro;6,80;;;6
RD-RN155-TAP-COM-AZU;Redmi;Redmi Note 15 5G;Tapa trasera;Azul Glaciar;6,80;;;6
RD-RN155-TAP-COM-MOR;Redmi;Redmi Note 15 5G;Tapa trasera;Morado Claro;6,80;;;6
RD-RN155-CTR-COM;Redmi;Redmi Note 15 5G;Cámara trasera;Compatible;11,65;11,30;10,95;6
RD-RN155-CFR-COM;Redmi;Redmi Note 15 5G;Cámara frontal;Compatible;6,35;;;6
RD-RN155-LEN-COM;Redmi;Redmi Note 15 5G;Lente de cámara;Compatible;2,65;;;6
RD-RN155-ALT-COM;Redmi;Redmi Note 15 5G;Altavoz;Compatible;4,60;;;6
RD-RN155-AUR-COM;Redmi;Redmi Note 15 5G;Auricular de llamada;Compatible;3,35;;;6
RD-RN155-FLX-COM;Redmi;Redmi Note 15 5G;Flex de encendido y volumen;Compatible;2,75;;;6
RD-RN155-SIM-COM-NEG;Redmi;Redmi Note 15 5G;Bandeja SIM;Negro;2,70;;;6
RD-RN155-SIM-COM-AZU;Redmi;Redmi Note 15 5G;Bandeja SIM;Azul Glaciar;2,70;;;6
RD-RN155-SIM-COM-MOR;Redmi;Redmi Note 15 5G;Bandeja SIM;Morado Claro;2,70;;;6
RD-RN15P-PAN-ORI;Redmi;Redmi Note 15 Pro;Pantalla;Original;73,10;70,91;68,71;12
RD-RN15P-PAN-OLS;Redmi;Redmi Note 15 Pro;Pantalla;OLED Soft;42,05;40,79;39,53;6
RD-RN15P-PAN-OLH;Redmi;Redmi Note 15 Pro;Pantalla;OLED Hard;37,95;36,81;35,67;6
RD-RN15P-PAN-INC;Redmi;Redmi Note 15 Pro;Pantalla;Incell;22,20;21,53;20,87;6
RD-RN15P-BAT-COM;Redmi;Redmi Note 15 Pro;Batería;Compatible;9,90;;;6
RD-RN15P-CON-COM;Redmi;Redmi Note 15 Pro;Conector de carga;Compatible;4,79;;;6
RD-RN15P-TAP-COM-NEG;Redmi;Redmi Note 15 Pro;Tapa trasera;Negro;6,90;;;6
RD-RN15P-TAP-COM-AZU;Redmi;Redmi Note 15 Pro;Tapa trasera;Azul Glaciar;6,90;;;6
RD-RN15P-TAP-COM-TIT;Redmi;Redmi Note 15 Pro;Tapa trasera;Titanio;6,90;;;6
RD-RN15P-CTR-COM;Redmi;Redmi Note 15 Pro;Cámara trasera;Compatible;14,15;13,73;13,30;6
RD-RN15P-CFR-COM;Redmi;Redmi Note 15 Pro;Cámara frontal;Compatible;6,70;;;6
RD-RN15P-LEN-COM;Redmi;Redmi Note 15 Pro;Lente de cámara;Compatible;3,19;;;6
RD-RN15P-ALT-COM;Redmi;Redmi Note 15 Pro;Altavoz;Compatible;5,05;;;6
RD-RN15P-AUR-COM;Redmi;Redmi Note 15 Pro;Auricular de llamada;Compatible;4,15;;;6
RD-RN15P-FLX-COM;Redmi;Redmi Note 15 Pro;Flex de encendido y volumen;Compatible;3,59;;;6
RD-RN15P-SIM-COM-NEG;Redmi;Redmi Note 15 Pro;Bandeja SIM;Negro;3,10;;;6
RD-RN15P-SIM-COM-AZU;Redmi;Redmi Note 15 Pro;Bandeja SIM;Azul Glaciar;3,10;;;6
RD-RN15P-SIM-COM-TIT;Redmi;Redmi Note 15 Pro;Bandeja SIM;Titanio;3,10;;;6
RD-RN15P5-PAN-ORI;Redmi;Redmi Note 15 Pro 5G;Pantalla;Original;73,10;70,91;68,71;12
RD-RN15P5-PAN-OLS;Redmi;Redmi Note 15 Pro 5G;Pantalla;OLED Soft;42,05;40,79;39,53;6
RD-RN15P5-PAN-OLH;Redmi;Redmi Note 15 Pro 5G;Pantalla;OLED Hard;37,95;36,81;35,67;6
RD-RN15P5-PAN-INC;Redmi;Redmi Note 15 Pro 5G;Pantalla;Incell;22,20;21,53;20,87;6
RD-RN15P5-BAT-COM;Redmi;Redmi Note 15 Pro 5G;Batería;Compatible;9,90;;;6
RD-RN15P5-CON-COM;Redmi;Redmi Note 15 Pro 5G;Conector de carga;Compatible;4,79;;;6
RD-RN15P5-TAP-COM-NEG;Redmi;Redmi Note 15 Pro 5G;Tapa trasera;Negro;6,90;;;6
RD-RN15P5-TAP-COM-AZU;Redmi;Redmi Note 15 Pro 5G;Tapa trasera;Azul Glaciar;6,90;;;6
RD-RN15P5-TAP-COM-COL;Redmi;Redmi Note 15 Pro 5G;Tapa trasera;Color Titanio;6,90;;;6
RD-RN15P5-TAP-COM-MOR;Redmi;Redmi Note 15 Pro 5G;Tapa trasera;Morado (Mist Purple);6,90;;;6
RD-RN15P5-CTR-COM;Redmi;Redmi Note 15 Pro 5G;Cámara trasera;Compatible;14,15;13,73;13,30;6
RD-RN15P5-CFR-COM;Redmi;Redmi Note 15 Pro 5G;Cámara frontal;Compatible;6,70;;;6
RD-RN15P5-LEN-COM;Redmi;Redmi Note 15 Pro 5G;Lente de cámara;Compatible;3,19;;;6
RD-RN15P5-ALT-COM;Redmi;Redmi Note 15 Pro 5G;Altavoz;Compatible;5,05;;;6
RD-RN15P5-AUR-COM;Redmi;Redmi Note 15 Pro 5G;Auricular de llamada;Compatible;4,15;;;6
RD-RN15P5-FLX-COM;Redmi;Redmi Note 15 Pro 5G;Flex de encendido y volumen;Compatible;3,59;;;6
RD-RN15P5-SIM-COM-NEG;Redmi;Redmi Note 15 Pro 5G;Bandeja SIM;Negro;3,10;;;6
RD-RN15P5-SIM-COM-AZU;Redmi;Redmi Note 15 Pro 5G;Bandeja SIM;Azul Glaciar;3,10;;;6
RD-RN15P5-SIM-COM-COL;Redmi;Redmi Note 15 Pro 5G;Bandeja SIM;Color Titanio;3,10;;;6
RD-RN15P5-SIM-COM-MOR;Redmi;Redmi Note 15 Pro 5G;Bandeja SIM;Morado (Mist Purple);3,10;;;6
RD-RN15PPL5-PAN-ORI;Redmi;Redmi Note 15 Pro+ 5G;Pantalla;Original;73,10;70,91;68,71;12
RD-RN15PPL5-PAN-OLS;Redmi;Redmi Note 15 Pro+ 5G;Pantalla;OLED Soft;41,39;40,15;38,91;6
RD-RN15PPL5-PAN-OLH;Redmi;Redmi Note 15 Pro+ 5G;Pantalla;OLED Hard;37,35;36,23;35,11;6
RD-RN15PPL5-PAN-INC;Redmi;Redmi Note 15 Pro+ 5G;Pantalla;Incell;22,20;21,53;20,87;6
RD-RN15PPL5-BAT-COM;Redmi;Redmi Note 15 Pro+ 5G;Batería;Compatible;9,90;;;6
RD-RN15PPL5-CON-COM;Redmi;Redmi Note 15 Pro+ 5G;Conector de carga;Compatible;4,79;;;6
RD-RN15PPL5-TAP-COM-NEG;Redmi;Redmi Note 15 Pro+ 5G;Tapa trasera;Negro;6,90;;;6
RD-RN15PPL5-TAP-COM-AZU;Redmi;Redmi Note 15 Pro+ 5G;Tapa trasera;Azul Glaciar;6,90;;;6
RD-RN15PPL5-TAP-COM-CAF;Redmi;Redmi Note 15 Pro+ 5G;Tapa trasera;Café Moca;6,90;;;6
RD-RN15PPL5-CTR-COM;Redmi;Redmi Note 15 Pro+ 5G;Cámara trasera;Compatible;14,15;13,73;13,30;6
RD-RN15PPL5-CFR-COM;Redmi;Redmi Note 15 Pro+ 5G;Cámara frontal;Compatible;6,70;;;6
RD-RN15PPL5-LEN-COM;Redmi;Redmi Note 15 Pro+ 5G;Lente de cámara;Compatible;3,19;;;6
RD-RN15PPL5-ALT-COM;Redmi;Redmi Note 15 Pro+ 5G;Altavoz;Compatible;5,05;;;6
RD-RN15PPL5-AUR-COM;Redmi;Redmi Note 15 Pro+ 5G;Auricular de llamada;Compatible;4,15;;;6
RD-RN15PPL5-FLX-COM;Redmi;Redmi Note 15 Pro+ 5G;Flex de encendido y volumen;Compatible;3,59;;;6
RD-RN15PPL5-SIM-COM-NEG;Redmi;Redmi Note 15 Pro+ 5G;Bandeja SIM;Negro;3,10;;;6
RD-RN15PPL5-SIM-COM-AZU;Redmi;Redmi Note 15 Pro+ 5G;Bandeja SIM;Azul Glaciar;3,10;;;6
RD-RN15PPL5-SIM-COM-CAF;Redmi;Redmi Note 15 Pro+ 5G;Bandeja SIM;Café Moca;3,10;;;6
RD-RN17-PAN-ORI;Redmi;Redmi Note 17;Pantalla;Original;67,25;65,23;63,22;12
RD-RN17-PAN-OLS;Redmi;Redmi Note 17;Pantalla;OLED Soft;40,95;39,72;38,49;6
RD-RN17-PAN-OLH;Redmi;Redmi Note 17;Pantalla;OLED Hard;36,95;35,84;34,73;6
RD-RN17-PAN-INC;Redmi;Redmi Note 17;Pantalla;Incell;20,45;19,84;19,22;6
RD-RN17-BAT-COM;Redmi;Redmi Note 17;Batería;Compatible;9,19;;;6
RD-RN17-CON-COM;Redmi;Redmi Note 17;Conector de carga;Compatible;5,10;;;6
RD-RN17-TAP-COM-NEG;Redmi;Redmi Note 17;Tapa trasera;Negro;6,80;;;6
RD-RN17-TAP-COM-TUR;Redmi;Redmi Note 17;Tapa trasera;Turquesa Cielo;6,80;;;6
RD-RN17-TAP-COM-MOR;Redmi;Redmi Note 17;Tapa trasera;Morado Celestial;6,80;;;6
RD-RN17-CTR-COM;Redmi;Redmi Note 17;Cámara trasera;Compatible;11,65;11,30;10,95;6
RD-RN17-CFR-COM;Redmi;Redmi Note 17;Cámara frontal;Compatible;6,35;;;6
RD-RN17-LEN-COM;Redmi;Redmi Note 17;Lente de cámara;Compatible;2,65;;;6
RD-RN17-ALT-COM;Redmi;Redmi Note 17;Altavoz;Compatible;4,60;;;6
RD-RN17-AUR-COM;Redmi;Redmi Note 17;Auricular de llamada;Compatible;3,35;;;6
RD-RN17-FLX-COM;Redmi;Redmi Note 17;Flex de encendido y volumen;Compatible;2,75;;;6
RD-RN17-SIM-COM-NEG;Redmi;Redmi Note 17;Bandeja SIM;Negro;2,70;;;6
RD-RN17-SIM-COM-TUR;Redmi;Redmi Note 17;Bandeja SIM;Turquesa Cielo;2,70;;;6
RD-RN17-SIM-COM-MOR;Redmi;Redmi Note 17;Bandeja SIM;Morado Celestial;2,70;;;6
RD-RN175-PAN-ORI;Redmi;Redmi Note 17 5G;Pantalla;Original;67,25;65,23;63,22;12
RD-RN175-PAN-OLS;Redmi;Redmi Note 17 5G;Pantalla;OLED Soft;40,95;39,72;38,49;6
RD-RN175-PAN-OLH;Redmi;Redmi Note 17 5G;Pantalla;OLED Hard;36,95;35,84;34,73;6
RD-RN175-PAN-INC;Redmi;Redmi Note 17 5G;Pantalla;Incell;20,45;19,84;19,22;6
RD-RN175-BAT-COM;Redmi;Redmi Note 17 5G;Batería;Compatible;9,19;;;6
RD-RN175-CON-COM;Redmi;Redmi Note 17 5G;Conector de carga;Compatible;5,10;;;6
RD-RN175-TAP-COM-NEG;Redmi;Redmi Note 17 5G;Tapa trasera;Negro;6,80;;;6
RD-RN175-TAP-COM-TUR;Redmi;Redmi Note 17 5G;Tapa trasera;Turquesa Cielo;6,80;;;6
RD-RN175-TAP-COM-MOR;Redmi;Redmi Note 17 5G;Tapa trasera;Morado Celestial;6,80;;;6
RD-RN175-CTR-COM;Redmi;Redmi Note 17 5G;Cámara trasera;Compatible;11,65;11,30;10,95;6
RD-RN175-CFR-COM;Redmi;Redmi Note 17 5G;Cámara frontal;Compatible;6,35;;;6
RD-RN175-LEN-COM;Redmi;Redmi Note 17 5G;Lente de cámara;Compatible;2,65;;;6
RD-RN175-ALT-COM;Redmi;Redmi Note 17 5G;Altavoz;Compatible;4,60;;;6
RD-RN175-AUR-COM;Redmi;Redmi Note 17 5G;Auricular de llamada;Compatible;3,35;;;6
RD-RN175-FLX-COM;Redmi;Redmi Note 17 5G;Flex de encendido y volumen;Compatible;2,75;;;6
RD-RN175-SIM-COM-NEG;Redmi;Redmi Note 17 5G;Bandeja SIM;Negro;2,70;;;6
RD-RN175-SIM-COM-TUR;Redmi;Redmi Note 17 5G;Bandeja SIM;Turquesa Cielo;2,70;;;6
RD-RN175-SIM-COM-MOR;Redmi;Redmi Note 17 5G;Bandeja SIM;Morado Celestial;2,70;;;6
RD-RN17P5-PAN-ORI;Redmi;Redmi Note 17 Pro 5G;Pantalla;Original;73,10;70,91;68,71;12
RD-RN17P5-PAN-OLS;Redmi;Redmi Note 17 Pro 5G;Pantalla;OLED Soft;41,39;40,15;38,91;6
RD-RN17P5-PAN-OLH;Redmi;Redmi Note 17 Pro 5G;Pantalla;OLED Hard;37,35;36,23;35,11;6
RD-RN17P5-PAN-INC;Redmi;Redmi Note 17 Pro 5G;Pantalla;Incell;22,20;21,53;20,87;6
RD-RN17P5-BAT-COM;Redmi;Redmi Note 17 Pro 5G;Batería;Compatible;9,90;;;6
RD-RN17P5-CON-COM;Redmi;Redmi Note 17 Pro 5G;Conector de carga;Compatible;4,79;;;6
RD-RN17P5-TAP-COM-NEG;Redmi;Redmi Note 17 Pro 5G;Tapa trasera;Negro;6,90;;;6
RD-RN17P5-TAP-COM-NAR;Redmi;Redmi Note 17 Pro 5G;Tapa trasera;Naranja (Satin Orange);6,90;;;6
RD-RN17P5-TAP-COM-MOR;Redmi;Redmi Note 17 Pro 5G;Tapa trasera;Morado;6,90;;;6
RD-RN17P5-TAP-COM-AZU;Redmi;Redmi Note 17 Pro 5G;Tapa trasera;Azul Celeste;6,90;;;6
RD-RN17P5-CTR-COM;Redmi;Redmi Note 17 Pro 5G;Cámara trasera;Compatible;14,15;13,73;13,30;6
RD-RN17P5-CFR-COM;Redmi;Redmi Note 17 Pro 5G;Cámara frontal;Compatible;6,70;;;6
RD-RN17P5-LEN-COM;Redmi;Redmi Note 17 Pro 5G;Lente de cámara;Compatible;3,19;;;6
RD-RN17P5-ALT-COM;Redmi;Redmi Note 17 Pro 5G;Altavoz;Compatible;5,05;;;6
RD-RN17P5-AUR-COM;Redmi;Redmi Note 17 Pro 5G;Auricular de llamada;Compatible;4,15;;;6
RD-RN17P5-FLX-COM;Redmi;Redmi Note 17 Pro 5G;Flex de encendido y volumen;Compatible;3,59;;;6
RD-RN17P5-SIM-COM-NEG;Redmi;Redmi Note 17 Pro 5G;Bandeja SIM;Negro;3,10;;;6
RD-RN17P5-SIM-COM-NAR;Redmi;Redmi Note 17 Pro 5G;Bandeja SIM;Naranja (Satin Orange);3,10;;;6
RD-RN17P5-SIM-COM-MOR;Redmi;Redmi Note 17 Pro 5G;Bandeja SIM;Morado;3,10;;;6
RD-RN17P5-SIM-COM-AZU;Redmi;Redmi Note 17 Pro 5G;Bandeja SIM;Azul Celeste;3,10;;;6
RD-RN17PM5-PAN-ORI;Redmi;Redmi Note 17 Pro Max 5G;Pantalla;Original;73,10;70,91;68,71;12
RD-RN17PM5-PAN-OLS;Redmi;Redmi Note 17 Pro Max 5G;Pantalla;OLED Soft;41,39;40,15;38,91;6
RD-RN17PM5-PAN-OLH;Redmi;Redmi Note 17 Pro Max 5G;Pantalla;OLED Hard;37,35;36,23;35,11;6
RD-RN17PM5-PAN-INC;Redmi;Redmi Note 17 Pro Max 5G;Pantalla;Incell;22,20;21,53;20,87;6
RD-RN17PM5-BAT-COM;Redmi;Redmi Note 17 Pro Max 5G;Batería;Compatible;9,90;;;6
RD-RN17PM5-CON-COM;Redmi;Redmi Note 17 Pro Max 5G;Conector de carga;Compatible;4,79;;;6
RD-RN17PM5-TAP-COM-NEG;Redmi;Redmi Note 17 Pro Max 5G;Tapa trasera;Negro;6,90;;;6
RD-RN17PM5-TAP-COM-VER;Redmi;Redmi Note 17 Pro Max 5G;Tapa trasera;Verde;6,90;;;6
RD-RN17PM5-TAP-COM-MOR;Redmi;Redmi Note 17 Pro Max 5G;Tapa trasera;Morado;6,90;;;6
RD-RN17PM5-TAP-COM-BLA;Redmi;Redmi Note 17 Pro Max 5G;Tapa trasera;Blanco Fotoactivo;6,90;;;6
RD-RN17PM5-CTR-COM;Redmi;Redmi Note 17 Pro Max 5G;Cámara trasera;Compatible;14,15;13,73;13,30;6
RD-RN17PM5-CFR-COM;Redmi;Redmi Note 17 Pro Max 5G;Cámara frontal;Compatible;6,70;;;6
RD-RN17PM5-LEN-COM;Redmi;Redmi Note 17 Pro Max 5G;Lente de cámara;Compatible;3,19;;;6
RD-RN17PM5-ALT-COM;Redmi;Redmi Note 17 Pro Max 5G;Altavoz;Compatible;5,05;;;6
RD-RN17PM5-AUR-COM;Redmi;Redmi Note 17 Pro Max 5G;Auricular de llamada;Compatible;4,15;;;6
RD-RN17PM5-FLX-COM;Redmi;Redmi Note 17 Pro Max 5G;Flex de encendido y volumen;Compatible;3,59;;;6
RD-RN17PM5-SIM-COM-NEG;Redmi;Redmi Note 17 Pro Max 5G;Bandeja SIM;Negro;3,10;;;6
RD-RN17PM5-SIM-COM-VER;Redmi;Redmi Note 17 Pro Max 5G;Bandeja SIM;Verde;3,10;;;6
RD-RN17PM5-SIM-COM-MOR;Redmi;Redmi Note 17 Pro Max 5G;Bandeja SIM;Morado;3,10;;;6
RD-RN17PM5-SIM-COM-BLA;Redmi;Redmi Note 17 Pro Max 5G;Bandeja SIM;Blanco Fotoactivo;3,10;;;6
RD-R13X-PAN-COM;Redmi;Redmi 13x;Pantalla;Compatible;13,30;12,90;12,50;6
RD-R13X-BAT-COM;Redmi;Redmi 13x;Batería;Compatible;9,35;;;6
RD-R13X-CON-COM;Redmi;Redmi 13x;Conector de carga;Compatible;3,15;;;6
RD-R13X-TAP-COM;Redmi;Redmi 13x;Tapa trasera;Compatible;5,59;;;6
RD-R13X-CTR-COM;Redmi;Redmi 13x;Cámara trasera;Compatible;6,99;;;6
RD-R13X-CFR-COM;Redmi;Redmi 13x;Cámara frontal;Compatible;4,20;;;6
RD-R13X-LEN-COM;Redmi;Redmi 13x;Lente de cámara;Compatible;1,90;;;6
RD-R13X-ALT-COM;Redmi;Redmi 13x;Altavoz;Compatible;3,29;;;6
RD-R13X-AUR-COM;Redmi;Redmi 13x;Auricular de llamada;Compatible;2,39;;;6
RD-R13X-FLX-COM;Redmi;Redmi 13x;Flex de encendido y volumen;Compatible;2,65;;;6
RD-R13X-SIM-COM;Redmi;Redmi 13x;Bandeja SIM;Compatible;2,45;;;6
RD-R9PW-PAN-COM;Redmi;Redmi 9 Power;Pantalla;Compatible;12,50;12,13;11,75;6
RD-R9PW-BAT-COM;Redmi;Redmi 9 Power;Batería;Compatible;8,19;;;6
RD-R9PW-CON-COM;Redmi;Redmi 9 Power;Conector de carga;Compatible;2,75;;;6
RD-R9PW-TAP-COM;Redmi;Redmi 9 Power;Tapa trasera;Compatible;4,95;;;6
RD-R9PW-CTR-COM;Redmi;Redmi 9 Power;Cámara trasera;Compatible;4,99;;;6
RD-R9PW-CFR-COM;Redmi;Redmi 9 Power;Cámara frontal;Compatible;2,85;;;6
RD-R9PW-LEN-COM;Redmi;Redmi 9 Power;Lente de cámara;Compatible;1,85;;;6
RD-R9PW-ALT-COM;Redmi;Redmi 9 Power;Altavoz;Compatible;3,05;;;6
RD-R9PW-AUR-COM;Redmi;Redmi 9 Power;Auricular de llamada;Compatible;2,19;;;6
RD-R9PW-FLX-COM;Redmi;Redmi 9 Power;Flex de encendido y volumen;Compatible;2,15;;;6
RD-R9PW-SIM-COM;Redmi;Redmi 9 Power;Bandeja SIM;Compatible;2,49;;;6
RD-R9P-PAN-COM;Redmi;Redmi 9 Prime;Pantalla;Compatible;12,50;12,13;11,75;6
RD-R9P-BAT-COM;Redmi;Redmi 9 Prime;Batería;Compatible;8,19;;;6
RD-R9P-CON-COM;Redmi;Redmi 9 Prime;Conector de carga;Compatible;2,75;;;6
RD-R9P-TAP-COM;Redmi;Redmi 9 Prime;Tapa trasera;Compatible;4,95;;;6
RD-R9P-CTR-COM;Redmi;Redmi 9 Prime;Cámara trasera;Compatible;4,99;;;6
RD-R9P-CFR-COM;Redmi;Redmi 9 Prime;Cámara frontal;Compatible;2,85;;;6
RD-R9P-LEN-COM;Redmi;Redmi 9 Prime;Lente de cámara;Compatible;1,85;;;6
RD-R9P-ALT-COM;Redmi;Redmi 9 Prime;Altavoz;Compatible;3,05;;;6
RD-R9P-AUR-COM;Redmi;Redmi 9 Prime;Auricular de llamada;Compatible;2,19;;;6
RD-R9P-FLX-COM;Redmi;Redmi 9 Prime;Flex de encendido y volumen;Compatible;2,15;;;6
RD-R9P-SIM-COM;Redmi;Redmi 9 Prime;Bandeja SIM;Compatible;2,49;;;6
RD-RA3P-PAN-COM;Redmi;Redmi A3 Pro;Pantalla;Compatible;13,30;12,90;12,50;6
RD-RA3P-BAT-COM;Redmi;Redmi A3 Pro;Batería;Compatible;9,30;;;6
RD-RA3P-CON-COM;Redmi;Redmi A3 Pro;Conector de carga;Compatible;3,35;;;6
RD-RA3P-TAP-COM;Redmi;Redmi A3 Pro;Tapa trasera;Compatible;5,50;;;6
RD-RA3P-CTR-COM;Redmi;Redmi A3 Pro;Cámara trasera;Compatible;7,10;;;6
RD-RA3P-CFR-COM;Redmi;Redmi A3 Pro;Cámara frontal;Compatible;4,20;;;6
RD-RA3P-LEN-COM;Redmi;Redmi A3 Pro;Lente de cámara;Compatible;2,05;;;6
RD-RA3P-ALT-COM;Redmi;Redmi A3 Pro;Altavoz;Compatible;3,30;;;6
RD-RA3P-AUR-COM;Redmi;Redmi A3 Pro;Auricular de llamada;Compatible;2,39;;;6
RD-RA3P-FLX-COM;Redmi;Redmi A3 Pro;Flex de encendido y volumen;Compatible;2,60;;;6
RD-RA3P-SIM-COM;Redmi;Redmi A3 Pro;Bandeja SIM;Compatible;2,45;;;6
RD-RK60U-PAN-COM;Redmi;Redmi K60 Ultra;Pantalla;Compatible;14,95;14,50;14,05;6
RD-RK60U-BAT-COM;Redmi;Redmi K60 Ultra;Batería;Compatible;9,35;;;6
RD-RK60U-CON-COM;Redmi;Redmi K60 Ultra;Conector de carga;Compatible;3,35;;;6
RD-RK60U-TAP-COM;Redmi;Redmi K60 Ultra;Tapa trasera;Compatible;5,50;;;6
RD-RK60U-CTR-COM;Redmi;Redmi K60 Ultra;Cámara trasera;Compatible;7,10;;;6
RD-RK60U-CFR-COM;Redmi;Redmi K60 Ultra;Cámara frontal;Compatible;4,20;;;6
RD-RK60U-LEN-COM;Redmi;Redmi K60 Ultra;Lente de cámara;Compatible;2,05;;;6
RD-RK60U-ALT-COM;Redmi;Redmi K60 Ultra;Altavoz;Compatible;3,30;;;6
RD-RK60U-AUR-COM;Redmi;Redmi K60 Ultra;Auricular de llamada;Compatible;2,39;;;6
RD-RK60U-FLX-COM;Redmi;Redmi K60 Ultra;Flex de encendido y volumen;Compatible;2,60;;;6
RD-RK60U-SIM-COM;Redmi;Redmi K60 Ultra;Bandeja SIM;Compatible;2,45;;;6
RD-RK70U-PAN-COM;Redmi;Redmi K70 Ultra;Pantalla;Compatible;14,95;14,50;14,05;6
RD-RK70U-BAT-COM;Redmi;Redmi K70 Ultra;Batería;Compatible;9,35;;;6
RD-RK70U-CON-COM;Redmi;Redmi K70 Ultra;Conector de carga;Compatible;3,35;;;6
RD-RK70U-TAP-COM;Redmi;Redmi K70 Ultra;Tapa trasera;Compatible;5,50;;;6
RD-RK70U-CTR-COM;Redmi;Redmi K70 Ultra;Cámara trasera;Compatible;7,10;;;6
RD-RK70U-CFR-COM;Redmi;Redmi K70 Ultra;Cámara frontal;Compatible;4,20;;;6
RD-RK70U-LEN-COM;Redmi;Redmi K70 Ultra;Lente de cámara;Compatible;2,05;;;6
RD-RK70U-ALT-COM;Redmi;Redmi K70 Ultra;Altavoz;Compatible;3,30;;;6
RD-RK70U-AUR-COM;Redmi;Redmi K70 Ultra;Auricular de llamada;Compatible;2,39;;;6
RD-RK70U-FLX-COM;Redmi;Redmi K70 Ultra;Flex de encendido y volumen;Compatible;2,60;;;6
RD-RK70U-SIM-COM;Redmi;Redmi K70 Ultra;Bandeja SIM;Compatible;2,45;;;6
RD-RN11SE2-PAN-COM;Redmi;Redmi Note 11 SE;Pantalla;Compatible;14,35;13,92;13,49;6
RD-RN11SE2-BAT-COM;Redmi;Redmi Note 11 SE;Batería;Compatible;8,55;;;6
RD-RN11SE2-CON-COM;Redmi;Redmi Note 11 SE;Conector de carga;Compatible;3,75;;;6
RD-RN11SE2-TAP-COM;Redmi;Redmi Note 11 SE;Tapa trasera;Compatible;5,65;;;6
RD-RN11SE2-CTR-COM;Redmi;Redmi Note 11 SE;Cámara trasera;Compatible;6,05;;;6
RD-RN11SE2-CFR-COM;Redmi;Redmi Note 11 SE;Cámara frontal;Compatible;3,10;;;6
RD-RN11SE2-LEN-COM;Redmi;Redmi Note 11 SE;Lente de cámara;Compatible;1,99;;;6
RD-RN11SE2-ALT-COM;Redmi;Redmi Note 11 SE;Altavoz;Compatible;3,25;;;6
RD-RN11SE2-AUR-COM;Redmi;Redmi Note 11 SE;Auricular de llamada;Compatible;2,15;;;6
RD-RN11SE2-FLX-COM;Redmi;Redmi Note 11 SE;Flex de encendido y volumen;Compatible;2,09;;;6
RD-RN11SE2-SIM-COM;Redmi;Redmi Note 11 SE;Bandeja SIM;Compatible;2,30;;;6
RD-RN11E-PAN-COM;Redmi;Redmi Note 11E;Pantalla;Compatible;14,35;13,92;13,49;6
RD-RN11E-BAT-COM;Redmi;Redmi Note 11E;Batería;Compatible;8,55;;;6
RD-RN11E-CON-COM;Redmi;Redmi Note 11E;Conector de carga;Compatible;3,75;;;6
RD-RN11E-TAP-COM;Redmi;Redmi Note 11E;Tapa trasera;Compatible;5,65;;;6
RD-RN11E-CTR-COM;Redmi;Redmi Note 11E;Cámara trasera;Compatible;6,05;;;6
RD-RN11E-CFR-COM;Redmi;Redmi Note 11E;Cámara frontal;Compatible;3,10;;;6
RD-RN11E-LEN-COM;Redmi;Redmi Note 11E;Lente de cámara;Compatible;1,99;;;6
RD-RN11E-ALT-COM;Redmi;Redmi Note 11E;Altavoz;Compatible;3,25;;;6
RD-RN11E-AUR-COM;Redmi;Redmi Note 11E;Auricular de llamada;Compatible;2,15;;;6
RD-RN11E-FLX-COM;Redmi;Redmi Note 11E;Flex de encendido y volumen;Compatible;2,09;;;6
RD-RN11E-SIM-COM;Redmi;Redmi Note 11E;Bandeja SIM;Compatible;2,30;;;6
RD-RN15RP-PAN-COM;Redmi;Redmi Note 15R Pro;Pantalla;Compatible;16,29;15,80;15,31;6
RD-RN15RP-BAT-COM;Redmi;Redmi Note 15R Pro;Batería;Compatible;9,90;;;6
RD-RN15RP-CON-COM;Redmi;Redmi Note 15R Pro;Conector de carga;Compatible;4,79;;;6
RD-RN15RP-TAP-COM;Redmi;Redmi Note 15R Pro;Tapa trasera;Compatible;6,90;;;6
RD-RN15RP-CTR-COM;Redmi;Redmi Note 15R Pro;Cámara trasera;Compatible;14,15;13,73;13,30;6
RD-RN15RP-CFR-COM;Redmi;Redmi Note 15R Pro;Cámara frontal;Compatible;6,70;;;6
RD-RN15RP-LEN-COM;Redmi;Redmi Note 15R Pro;Lente de cámara;Compatible;3,19;;;6
RD-RN15RP-ALT-COM;Redmi;Redmi Note 15R Pro;Altavoz;Compatible;5,05;;;6
RD-RN15RP-AUR-COM;Redmi;Redmi Note 15R Pro;Auricular de llamada;Compatible;4,15;;;6
RD-RN15RP-FLX-COM;Redmi;Redmi Note 15R Pro;Flex de encendido y volumen;Compatible;3,59;;;6
RD-RN15RP-SIM-COM;Redmi;Redmi Note 15R Pro;Bandeja SIM;Compatible;3,10;;;6
RD-RN15S-PAN-ORI;Redmi;Redmi Note 15 Special;Pantalla;Original;63,59;61,68;59,77;12
RD-RN15S-PAN-OLS;Redmi;Redmi Note 15 Special;Pantalla;OLED Soft;40,95;39,72;38,49;6
RD-RN15S-PAN-OLH;Redmi;Redmi Note 15 Special;Pantalla;OLED Hard;36,95;35,84;34,73;6
RD-RN15S-PAN-INC;Redmi;Redmi Note 15 Special;Pantalla;Incell;18,35;17,80;17,25;6
RD-RN15S-BAT-COM;Redmi;Redmi Note 15 Special;Batería;Compatible;9,19;;;6
RD-RN15S-CON-COM;Redmi;Redmi Note 15 Special;Conector de carga;Compatible;5,10;;;6
RD-RN15S-TAP-COM;Redmi;Redmi Note 15 Special;Tapa trasera;Compatible;6,80;;;6
RD-RN15S-CTR-COM;Redmi;Redmi Note 15 Special;Cámara trasera;Compatible;11,65;11,30;10,95;6
RD-RN15S-CFR-COM;Redmi;Redmi Note 15 Special;Cámara frontal;Compatible;6,35;;;6
RD-RN15S-LEN-COM;Redmi;Redmi Note 15 Special;Lente de cámara;Compatible;2,65;;;6
RD-RN15S-ALT-COM;Redmi;Redmi Note 15 Special;Altavoz;Compatible;4,60;;;6
RD-RN15S-AUR-COM;Redmi;Redmi Note 15 Special;Auricular de llamada;Compatible;3,35;;;6
RD-RN15S-FLX-COM;Redmi;Redmi Note 15 Special;Flex de encendido y volumen;Compatible;2,75;;;6
RD-RN15S-SIM-COM;Redmi;Redmi Note 15 Special;Bandeja SIM;Compatible;2,70;;;6
RD-RN15SE-PAN-ORI;Redmi;Redmi Note 15 SE;Pantalla;Original;63,59;61,68;59,77;12
RD-RN15SE-PAN-OLS;Redmi;Redmi Note 15 SE;Pantalla;OLED Soft;40,95;39,72;38,49;6
RD-RN15SE-PAN-OLH;Redmi;Redmi Note 15 SE;Pantalla;OLED Hard;36,95;35,84;34,73;6
RD-RN15SE-PAN-INC;Redmi;Redmi Note 15 SE;Pantalla;Incell;18,35;17,80;17,25;6
RD-RN15SE-BAT-COM;Redmi;Redmi Note 15 SE;Batería;Compatible;9,19;;;6
RD-RN15SE-CON-COM;Redmi;Redmi Note 15 SE;Conector de carga;Compatible;5,10;;;6
RD-RN15SE-TAP-COM;Redmi;Redmi Note 15 SE;Tapa trasera;Compatible;6,80;;;6
RD-RN15SE-CTR-COM;Redmi;Redmi Note 15 SE;Cámara trasera;Compatible;11,65;11,30;10,95;6
RD-RN15SE-CFR-COM;Redmi;Redmi Note 15 SE;Cámara frontal;Compatible;6,35;;;6
RD-RN15SE-LEN-COM;Redmi;Redmi Note 15 SE;Lente de cámara;Compatible;2,65;;;6
RD-RN15SE-ALT-COM;Redmi;Redmi Note 15 SE;Altavoz;Compatible;4,60;;;6
RD-RN15SE-AUR-COM;Redmi;Redmi Note 15 SE;Auricular de llamada;Compatible;3,35;;;6
RD-RN15SE-FLX-COM;Redmi;Redmi Note 15 SE;Flex de encendido y volumen;Compatible;2,75;;;6
RD-RN15SE-SIM-COM;Redmi;Redmi Note 15 SE;Bandeja SIM;Compatible;2,70;;;6
RD-RN15PPL-PAN-ORI;Redmi;Redmi Note 15 Pro+;Pantalla;Original;73,10;70,91;68,71;12
RD-RN15PPL-PAN-OLS;Redmi;Redmi Note 15 Pro+;Pantalla;OLED Soft;41,39;40,15;38,91;6
RD-RN15PPL-PAN-OLH;Redmi;Redmi Note 15 Pro+;Pantalla;OLED Hard;37,35;36,23;35,11;6
RD-RN15PPL-PAN-INC;Redmi;Redmi Note 15 Pro+;Pantalla;Incell;22,20;21,53;20,87;6
RD-RN15PPL-BAT-COM;Redmi;Redmi Note 15 Pro+;Batería;Compatible;9,90;;;6
RD-RN15PPL-CON-COM;Redmi;Redmi Note 15 Pro+;Conector de carga;Compatible;4,79;;;6
RD-RN15PPL-TAP-COM;Redmi;Redmi Note 15 Pro+;Tapa trasera;Compatible;6,90;;;6
RD-RN15PPL-CTR-COM;Redmi;Redmi Note 15 Pro+;Cámara trasera;Compatible;14,15;13,73;13,30;6
RD-RN15PPL-CFR-COM;Redmi;Redmi Note 15 Pro+;Cámara frontal;Compatible;6,70;;;6
RD-RN15PPL-LEN-COM;Redmi;Redmi Note 15 Pro+;Lente de cámara;Compatible;3,19;;;6
RD-RN15PPL-ALT-COM;Redmi;Redmi Note 15 Pro+;Altavoz;Compatible;5,05;;;6
RD-RN15PPL-AUR-COM;Redmi;Redmi Note 15 Pro+;Auricular de llamada;Compatible;4,15;;;6
RD-RN15PPL-FLX-COM;Redmi;Redmi Note 15 Pro+;Flex de encendido y volumen;Compatible;3,59;;;6
RD-RN15PPL-SIM-COM;Redmi;Redmi Note 15 Pro+;Bandeja SIM;Compatible;3,10;;;6
RD-RK90-PAN-ORI;Redmi;Redmi K90;Pantalla;Original;48,05;46,61;45,17;12
RD-RK90-PAN-OLS;Redmi;Redmi K90;Pantalla;OLED Soft;36,35;35,26;34,17;6
RD-RK90-PAN-OLH;Redmi;Redmi K90;Pantalla;OLED Hard;32,79;31,81;30,82;6
RD-RK90-PAN-INC;Redmi;Redmi K90;Pantalla;Incell;16,30;15,81;15,32;6
RD-RK90-BAT-COM;Redmi;Redmi K90;Batería;Compatible;8,80;;;6
RD-RK90-CON-COM;Redmi;Redmi K90;Conector de carga;Compatible;3,95;;;6
RD-RK90-TAP-COM;Redmi;Redmi K90;Tapa trasera;Compatible;5,90;;;6
RD-RK90-CTR-COM;Redmi;Redmi K90;Cámara trasera;Compatible;9,75;;;6
RD-RK90-CFR-COM;Redmi;Redmi K90;Cámara frontal;Compatible;5,89;;;6
RD-RK90-LEN-COM;Redmi;Redmi K90;Lente de cámara;Compatible;2,65;;;6
RD-RK90-ALT-COM;Redmi;Redmi K90;Altavoz;Compatible;4,35;;;6
RD-RK90-AUR-COM;Redmi;Redmi K90;Auricular de llamada;Compatible;3,35;;;6
RD-RK90-FLX-COM;Redmi;Redmi K90;Flex de encendido y volumen;Compatible;2,85;;;6
RD-RK90-SIM-COM;Redmi;Redmi K90;Bandeja SIM;Compatible;2,89;;;6
RD-RK90PM-PAN-ORI;Redmi;Redmi K90 Pro Max;Pantalla;Original;57,20;55,48;53,77;12
RD-RK90PM-PAN-OLS;Redmi;Redmi K90 Pro Max;Pantalla;OLED Soft;38,10;36,96;35,81;6
RD-RK90PM-PAN-OLH;Redmi;Redmi K90 Pro Max;Pantalla;OLED Hard;34,39;33,36;32,33;6
RD-RK90PM-PAN-INC;Redmi;Redmi K90 Pro Max;Pantalla;Incell;17,09;16,58;16,06;6
RD-RK90PM-BAT-COM;Redmi;Redmi K90 Pro Max;Batería;Compatible;8,80;;;6
RD-RK90PM-CON-COM;Redmi;Redmi K90 Pro Max;Conector de carga;Compatible;3,95;;;6
RD-RK90PM-TAP-COM;Redmi;Redmi K90 Pro Max;Tapa trasera;Compatible;5,90;;;6
RD-RK90PM-CTR-COM;Redmi;Redmi K90 Pro Max;Cámara trasera;Compatible;9,75;;;6
RD-RK90PM-CFR-COM;Redmi;Redmi K90 Pro Max;Cámara frontal;Compatible;5,89;;;6
RD-RK90PM-LEN-COM;Redmi;Redmi K90 Pro Max;Lente de cámara;Compatible;2,65;;;6
RD-RK90PM-ALT-COM;Redmi;Redmi K90 Pro Max;Altavoz;Compatible;4,35;;;6
RD-RK90PM-AUR-COM;Redmi;Redmi K90 Pro Max;Auricular de llamada;Compatible;3,35;;;6
RD-RK90PM-FLX-COM;Redmi;Redmi K90 Pro Max;Flex de encendido y volumen;Compatible;2,85;;;6
RD-RK90PM-SIM-COM;Redmi;Redmi K90 Pro Max;Bandeja SIM;Compatible;2,89;;;6
RD-R15R-PAN-ORI;Redmi;Redmi 15R;Pantalla;Original;24,00;23,28;22,56;12
RD-R15R-PAN-COM;Redmi;Redmi 15R;Pantalla;Compatible;14,05;13,63;13,21;6
RD-R15R-BAT-COM;Redmi;Redmi 15R;Batería;Compatible;8,80;;;6
RD-R15R-CON-COM;Redmi;Redmi 15R;Conector de carga;Compatible;3,79;;;6
RD-R15R-TAP-COM;Redmi;Redmi 15R;Tapa trasera;Compatible;5,95;;;6
RD-R15R-CTR-COM;Redmi;Redmi 15R;Cámara trasera;Compatible;9,55;;;6
RD-R15R-CFR-COM;Redmi;Redmi 15R;Cámara frontal;Compatible;5,85;;;6
RD-R15R-LEN-COM;Redmi;Redmi 15R;Lente de cámara;Compatible;2,45;;;6
RD-R15R-ALT-COM;Redmi;Redmi 15R;Altavoz;Compatible;4,35;;;6
RD-R15R-AUR-COM;Redmi;Redmi 15R;Auricular de llamada;Compatible;3,35;;;6
RD-R15R-FLX-COM;Redmi;Redmi 15R;Flex de encendido y volumen;Compatible;2,89;;;6
RD-R15R-SIM-COM;Redmi;Redmi 15R;Bandeja SIM;Compatible;2,89;;;6
RD-RN15R-PAN-ORI;Redmi;Redmi Note 15R;Pantalla;Original;33,75;32,74;31,73;12
RD-RN15R-PAN-COM;Redmi;Redmi Note 15R;Pantalla;Compatible;16,10;15,62;15,13;6
RD-RN15R-BAT-COM;Redmi;Redmi Note 15R;Batería;Compatible;9,19;;;6
RD-RN15R-CON-COM;Redmi;Redmi Note 15R;Conector de carga;Compatible;5,10;;;6
RD-RN15R-TAP-COM;Redmi;Redmi Note 15R;Tapa trasera;Compatible;6,80;;;6
RD-RN15R-CTR-COM;Redmi;Redmi Note 15R;Cámara trasera;Compatible;11,65;11,30;10,95;6
RD-RN15R-CFR-COM;Redmi;Redmi Note 15R;Cámara frontal;Compatible;6,35;;;6
RD-RN15R-LEN-COM;Redmi;Redmi Note 15R;Lente de cámara;Compatible;2,65;;;6
RD-RN15R-ALT-COM;Redmi;Redmi Note 15R;Altavoz;Compatible;4,60;;;6
RD-RN15R-AUR-COM;Redmi;Redmi Note 15R;Auricular de llamada;Compatible;3,35;;;6
RD-RN15R-FLX-COM;Redmi;Redmi Note 15R;Flex de encendido y volumen;Compatible;2,75;;;6
RD-RN15R-SIM-COM;Redmi;Redmi Note 15R;Bandeja SIM;Compatible;2,70;;;6
RD-RK80U-PAN-ORI;Redmi;Redmi K80 Ultra;Pantalla;Original;57,20;55,48;53,77;12
RD-RK80U-PAN-OLS;Redmi;Redmi K80 Ultra;Pantalla;OLED Soft;38,10;36,96;35,81;6
RD-RK80U-PAN-OLH;Redmi;Redmi K80 Ultra;Pantalla;OLED Hard;34,39;33,36;32,33;6
RD-RK80U-PAN-INC;Redmi;Redmi K80 Ultra;Pantalla;Incell;17,09;16,58;16,06;6
RD-RK80U-BAT-COM;Redmi;Redmi K80 Ultra;Batería;Compatible;9,15;;;6
RD-RK80U-CON-COM;Redmi;Redmi K80 Ultra;Conector de carga;Compatible;3,95;;;6
RD-RK80U-TAP-COM;Redmi;Redmi K80 Ultra;Tapa trasera;Compatible;5,90;;;6
RD-RK80U-CTR-COM;Redmi;Redmi K80 Ultra;Cámara trasera;Compatible;9,75;;;6
RD-RK80U-CFR-COM;Redmi;Redmi K80 Ultra;Cámara frontal;Compatible;5,89;;;6
RD-RK80U-LEN-COM;Redmi;Redmi K80 Ultra;Lente de cámara;Compatible;2,65;;;6
RD-RK80U-ALT-COM;Redmi;Redmi K80 Ultra;Altavoz;Compatible;4,35;;;6
RD-RK80U-AUR-COM;Redmi;Redmi K80 Ultra;Auricular de llamada;Compatible;3,35;;;6
RD-RK80U-FLX-COM;Redmi;Redmi K80 Ultra;Flex de encendido y volumen;Compatible;2,85;;;6
RD-RK80U-SIM-COM;Redmi;Redmi K80 Ultra;Bandeja SIM;Compatible;2,89;;;6
RD-RT4P-PAN-ORI;Redmi;Redmi Turbo 4 Pro;Pantalla;Original;48,05;46,61;45,17;12
RD-RT4P-PAN-OLS;Redmi;Redmi Turbo 4 Pro;Pantalla;OLED Soft;35,60;34,53;33,46;6
RD-RT4P-PAN-OLH;Redmi;Redmi Turbo 4 Pro;Pantalla;OLED Hard;32,15;31,19;30,22;6
RD-RT4P-PAN-INC;Redmi;Redmi Turbo 4 Pro;Pantalla;Incell;15,99;15,51;15,03;6
RD-RT4P-BAT-COM;Redmi;Redmi Turbo 4 Pro;Batería;Compatible;8,80;;;6
RD-RT4P-CON-COM;Redmi;Redmi Turbo 4 Pro;Conector de carga;Compatible;3,95;;;6
RD-RT4P-TAP-COM;Redmi;Redmi Turbo 4 Pro;Tapa trasera;Compatible;5,90;;;6
RD-RT4P-CTR-COM;Redmi;Redmi Turbo 4 Pro;Cámara trasera;Compatible;9,75;;;6
RD-RT4P-CFR-COM;Redmi;Redmi Turbo 4 Pro;Cámara frontal;Compatible;5,89;;;6
RD-RT4P-LEN-COM;Redmi;Redmi Turbo 4 Pro;Lente de cámara;Compatible;2,65;;;6
RD-RT4P-ALT-COM;Redmi;Redmi Turbo 4 Pro;Altavoz;Compatible;4,35;;;6
RD-RT4P-AUR-COM;Redmi;Redmi Turbo 4 Pro;Auricular de llamada;Compatible;3,35;;;6
RD-RT4P-FLX-COM;Redmi;Redmi Turbo 4 Pro;Flex de encendido y volumen;Compatible;2,85;;;6
RD-RT4P-SIM-COM;Redmi;Redmi Turbo 4 Pro;Bandeja SIM;Compatible;2,89;;;6
RD-R14C5-PAN-ORI;Redmi;Redmi 14C 5G;Pantalla;Original;24,00;23,28;22,56;12
RD-R14C5-PAN-COM;Redmi;Redmi 14C 5G;Pantalla;Compatible;14,05;13,63;13,21;6
RD-R14C5-BAT-COM;Redmi;Redmi 14C 5G;Batería;Compatible;8,80;;;6
RD-R14C5-CON-COM;Redmi;Redmi 14C 5G;Conector de carga;Compatible;3,79;;;6
RD-R14C5-TAP-COM;Redmi;Redmi 14C 5G;Tapa trasera;Compatible;5,95;;;6
RD-R14C5-CTR-COM;Redmi;Redmi 14C 5G;Cámara trasera;Compatible;9,55;;;6
RD-R14C5-CFR-COM;Redmi;Redmi 14C 5G;Cámara frontal;Compatible;5,85;;;6
RD-R14C5-LEN-COM;Redmi;Redmi 14C 5G;Lente de cámara;Compatible;2,45;;;6
RD-R14C5-ALT-COM;Redmi;Redmi 14C 5G;Altavoz;Compatible;4,35;;;6
RD-R14C5-AUR-COM;Redmi;Redmi 14C 5G;Auricular de llamada;Compatible;3,35;;;6
RD-R14C5-FLX-COM;Redmi;Redmi 14C 5G;Flex de encendido y volumen;Compatible;2,89;;;6
RD-R14C5-SIM-COM;Redmi;Redmi 14C 5G;Bandeja SIM;Compatible;2,89;;;6
RD-RT4-PAN-ORI;Redmi;Redmi Turbo 4;Pantalla;Original;48,05;46,61;45,17;12
RD-RT4-PAN-OLS;Redmi;Redmi Turbo 4;Pantalla;OLED Soft;35,60;34,53;33,46;6
RD-RT4-PAN-OLH;Redmi;Redmi Turbo 4;Pantalla;OLED Hard;32,15;31,19;30,22;6
RD-RT4-PAN-INC;Redmi;Redmi Turbo 4;Pantalla;Incell;15,99;15,51;15,03;6
RD-RT4-BAT-COM;Redmi;Redmi Turbo 4;Batería;Compatible;8,80;;;6
RD-RT4-CON-COM;Redmi;Redmi Turbo 4;Conector de carga;Compatible;3,95;;;6
RD-RT4-TAP-COM;Redmi;Redmi Turbo 4;Tapa trasera;Compatible;5,90;;;6
RD-RT4-CTR-COM;Redmi;Redmi Turbo 4;Cámara trasera;Compatible;9,75;;;6
RD-RT4-CFR-COM;Redmi;Redmi Turbo 4;Cámara frontal;Compatible;5,89;;;6
RD-RT4-LEN-COM;Redmi;Redmi Turbo 4;Lente de cámara;Compatible;2,65;;;6
RD-RT4-ALT-COM;Redmi;Redmi Turbo 4;Altavoz;Compatible;4,35;;;6
RD-RT4-AUR-COM;Redmi;Redmi Turbo 4;Auricular de llamada;Compatible;3,35;;;6
RD-RT4-FLX-COM;Redmi;Redmi Turbo 4;Flex de encendido y volumen;Compatible;2,85;;;6
RD-RT4-SIM-COM;Redmi;Redmi Turbo 4;Bandeja SIM;Compatible;2,89;;;6
RD-RA45-PAN-ORI;Redmi;Redmi A4 5G;Pantalla;Original;24,55;23,81;23,08;12
RD-RA45-PAN-COM;Redmi;Redmi A4 5G;Pantalla;Compatible;13,30;12,90;12,50;6
RD-RA45-BAT-COM;Redmi;Redmi A4 5G;Batería;Compatible;9,30;;;6
RD-RA45-CON-COM;Redmi;Redmi A4 5G;Conector de carga;Compatible;3,35;;;6
RD-RA45-TAP-COM;Redmi;Redmi A4 5G;Tapa trasera;Compatible;5,50;;;6
RD-RA45-CTR-COM;Redmi;Redmi A4 5G;Cámara trasera;Compatible;7,10;;;6
RD-RA45-CFR-COM;Redmi;Redmi A4 5G;Cámara frontal;Compatible;4,20;;;6
RD-RA45-LEN-COM;Redmi;Redmi A4 5G;Lente de cámara;Compatible;2,05;;;6
RD-RA45-ALT-COM;Redmi;Redmi A4 5G;Altavoz;Compatible;3,30;;;6
RD-RA45-AUR-COM;Redmi;Redmi A4 5G;Auricular de llamada;Compatible;2,39;;;6
RD-RA45-FLX-COM;Redmi;Redmi A4 5G;Flex de encendido y volumen;Compatible;2,60;;;6
RD-RA45-SIM-COM;Redmi;Redmi A4 5G;Bandeja SIM;Compatible;2,45;;;6
RD-RK80-PAN-ORI;Redmi;Redmi K80;Pantalla;Original;46,19;44,80;43,42;12
RD-RK80-PAN-OLS;Redmi;Redmi K80;Pantalla;OLED Soft;34,50;33,46;32,43;6
RD-RK80-PAN-OLH;Redmi;Redmi K80;Pantalla;OLED Hard;31,15;30,22;29,28;6
RD-RK80-PAN-INC;Redmi;Redmi K80;Pantalla;Incell;15,45;14,99;14,52;6
RD-RK80-BAT-COM;Redmi;Redmi K80;Batería;Compatible;9,15;;;6
RD-RK80-CON-COM;Redmi;Redmi K80;Conector de carga;Compatible;3,35;;;6
RD-RK80-TAP-COM;Redmi;Redmi K80;Tapa trasera;Compatible;5,50;;;6
RD-RK80-CTR-COM;Redmi;Redmi K80;Cámara trasera;Compatible;7,10;;;6
RD-RK80-CFR-COM;Redmi;Redmi K80;Cámara frontal;Compatible;4,20;;;6
RD-RK80-LEN-COM;Redmi;Redmi K80;Lente de cámara;Compatible;2,05;;;6
RD-RK80-ALT-COM;Redmi;Redmi K80;Altavoz;Compatible;3,30;;;6
RD-RK80-AUR-COM;Redmi;Redmi K80;Auricular de llamada;Compatible;2,39;;;6
RD-RK80-FLX-COM;Redmi;Redmi K80;Flex de encendido y volumen;Compatible;2,60;;;6
RD-RK80-SIM-COM;Redmi;Redmi K80;Bandeja SIM;Compatible;2,45;;;6
RD-RK80P-PAN-ORI;Redmi;Redmi K80 Pro;Pantalla;Original;46,19;44,80;43,42;12
RD-RK80P-PAN-OLS;Redmi;Redmi K80 Pro;Pantalla;OLED Soft;34,50;33,46;32,43;6
RD-RK80P-PAN-OLH;Redmi;Redmi K80 Pro;Pantalla;OLED Hard;31,15;30,22;29,28;6
RD-RK80P-PAN-INC;Redmi;Redmi K80 Pro;Pantalla;Incell;15,45;14,99;14,52;6
RD-RK80P-BAT-COM;Redmi;Redmi K80 Pro;Batería;Compatible;9,15;;;6
RD-RK80P-CON-COM;Redmi;Redmi K80 Pro;Conector de carga;Compatible;3,35;;;6
RD-RK80P-TAP-COM;Redmi;Redmi K80 Pro;Tapa trasera;Compatible;5,50;;;6
RD-RK80P-CTR-COM;Redmi;Redmi K80 Pro;Cámara trasera;Compatible;7,10;;;6
RD-RK80P-CFR-COM;Redmi;Redmi K80 Pro;Cámara frontal;Compatible;4,20;;;6
RD-RK80P-LEN-COM;Redmi;Redmi K80 Pro;Lente de cámara;Compatible;2,05;;;6
RD-RK80P-ALT-COM;Redmi;Redmi K80 Pro;Altavoz;Compatible;3,30;;;6
RD-RK80P-AUR-COM;Redmi;Redmi K80 Pro;Auricular de llamada;Compatible;2,39;;;6
RD-RK80P-FLX-COM;Redmi;Redmi K80 Pro;Flex de encendido y volumen;Compatible;2,60;;;6
RD-RK80P-SIM-COM;Redmi;Redmi K80 Pro;Bandeja SIM;Compatible;2,45;;;6
RD-R14R-PAN-ORI;Redmi;Redmi 14R;Pantalla;Original;23,09;22,40;21,70;12
RD-R14R-PAN-COM;Redmi;Redmi 14R;Pantalla;Compatible;13,30;12,90;12,50;6
RD-R14R-BAT-COM;Redmi;Redmi 14R;Batería;Compatible;9,35;;;6
RD-R14R-CON-COM;Redmi;Redmi 14R;Conector de carga;Compatible;3,15;;;6
RD-R14R-TAP-COM;Redmi;Redmi 14R;Tapa trasera;Compatible;5,59;;;6
RD-R14R-CTR-COM;Redmi;Redmi 14R;Cámara trasera;Compatible;6,99;;;6
RD-R14R-CFR-COM;Redmi;Redmi 14R;Cámara frontal;Compatible;4,20;;;6
RD-R14R-LEN-COM;Redmi;Redmi 14R;Lente de cámara;Compatible;1,90;;;6
RD-R14R-ALT-COM;Redmi;Redmi 14R;Altavoz;Compatible;3,29;;;6
RD-R14R-AUR-COM;Redmi;Redmi 14R;Auricular de llamada;Compatible;2,39;;;6
RD-R14R-FLX-COM;Redmi;Redmi 14R;Flex de encendido y volumen;Compatible;2,65;;;6
RD-R14R-SIM-COM;Redmi;Redmi 14R;Bandeja SIM;Compatible;2,45;;;6
RD-RA3X-PAN-ORI;Redmi;Redmi A3x;Pantalla;Original;24,55;23,81;23,08;12
RD-RA3X-PAN-COM;Redmi;Redmi A3x;Pantalla;Compatible;13,30;12,90;12,50;6
RD-RA3X-BAT-COM;Redmi;Redmi A3x;Batería;Compatible;9,30;;;6
RD-RA3X-CON-COM;Redmi;Redmi A3x;Conector de carga;Compatible;3,35;;;6
RD-RA3X-TAP-COM;Redmi;Redmi A3x;Tapa trasera;Compatible;5,50;;;6
RD-RA3X-CTR-COM;Redmi;Redmi A3x;Cámara trasera;Compatible;7,10;;;6
RD-RA3X-CFR-COM;Redmi;Redmi A3x;Cámara frontal;Compatible;4,20;;;6
RD-RA3X-LEN-COM;Redmi;Redmi A3x;Lente de cámara;Compatible;2,05;;;6
RD-RA3X-ALT-COM;Redmi;Redmi A3x;Altavoz;Compatible;3,30;;;6
RD-RA3X-AUR-COM;Redmi;Redmi A3x;Auricular de llamada;Compatible;2,39;;;6
RD-RA3X-FLX-COM;Redmi;Redmi A3x;Flex de encendido y volumen;Compatible;2,60;;;6
RD-RA3X-SIM-COM;Redmi;Redmi A3x;Bandeja SIM;Compatible;2,45;;;6
RD-RN13R-PAN-ORI;Redmi;Redmi Note 13R;Pantalla;Original;32,49;31,52;30,54;12
RD-RN13R-PAN-COM;Redmi;Redmi Note 13R;Pantalla;Compatible;15,29;14,83;14,37;6
RD-RN13R-BAT-COM;Redmi;Redmi Note 13R;Batería;Compatible;9,75;;;6
RD-RN13R-CON-COM;Redmi;Redmi Note 13R;Conector de carga;Compatible;4,29;;;6
RD-RN13R-TAP-COM;Redmi;Redmi Note 13R;Tapa trasera;Compatible;6,35;;;6
RD-RN13R-CTR-COM;Redmi;Redmi Note 13R;Cámara trasera;Compatible;8,50;;;6
RD-RN13R-CFR-COM;Redmi;Redmi Note 13R;Cámara frontal;Compatible;4,55;;;6
RD-RN13R-LEN-COM;Redmi;Redmi Note 13R;Lente de cámara;Compatible;2,05;;;6
RD-RN13R-ALT-COM;Redmi;Redmi Note 13R;Altavoz;Compatible;3,49;;;6
RD-RN13R-AUR-COM;Redmi;Redmi Note 13R;Auricular de llamada;Compatible;2,35;;;6
RD-RN13R-FLX-COM;Redmi;Redmi Note 13R;Flex de encendido y volumen;Compatible;2,55;;;6
RD-RN13R-SIM-COM;Redmi;Redmi Note 13R;Bandeja SIM;Compatible;2,29;;;6
RD-RT3-PAN-ORI;Redmi;Redmi Turbo 3;Pantalla;Original;46,19;44,80;43,42;12
RD-RT3-PAN-OLS;Redmi;Redmi Turbo 3;Pantalla;OLED Soft;33,80;32,79;31,77;6
RD-RT3-PAN-OLH;Redmi;Redmi Turbo 3;Pantalla;OLED Hard;30,50;29,59;28,67;6
RD-RT3-PAN-INC;Redmi;Redmi Turbo 3;Pantalla;Incell;15,15;14,70;14,24;6
RD-RT3-BAT-COM;Redmi;Redmi Turbo 3;Batería;Compatible;9,30;;;6
RD-RT3-CON-COM;Redmi;Redmi Turbo 3;Conector de carga;Compatible;3,35;;;6
RD-RT3-TAP-COM;Redmi;Redmi Turbo 3;Tapa trasera;Compatible;5,50;;;6
RD-RT3-CTR-COM;Redmi;Redmi Turbo 3;Cámara trasera;Compatible;7,10;;;6
RD-RT3-CFR-COM;Redmi;Redmi Turbo 3;Cámara frontal;Compatible;4,20;;;6
RD-RT3-LEN-COM;Redmi;Redmi Turbo 3;Lente de cámara;Compatible;2,05;;;6
RD-RT3-ALT-COM;Redmi;Redmi Turbo 3;Altavoz;Compatible;3,30;;;6
RD-RT3-AUR-COM;Redmi;Redmi Turbo 3;Auricular de llamada;Compatible;2,39;;;6
RD-RT3-FLX-COM;Redmi;Redmi Turbo 3;Flex de encendido y volumen;Compatible;2,60;;;6
RD-RT3-SIM-COM;Redmi;Redmi Turbo 3;Bandeja SIM;Compatible;2,45;;;6
RD-RN13NFC-PAN-ORI;Redmi;Redmi Note 13 NFC;Pantalla;Original;61,15;59,32;57,48;12
RD-RN13NFC-PAN-OLS;Redmi;Redmi Note 13 NFC;Pantalla;OLED Soft;38,85;37,68;36,52;6
RD-RN13NFC-PAN-OLH;Redmi;Redmi Note 13 NFC;Pantalla;OLED Hard;35,05;34,00;32,95;6
RD-RN13NFC-PAN-INC;Redmi;Redmi Note 13 NFC;Pantalla;Incell;17,45;16,93;16,40;6
RD-RN13NFC-BAT-COM;Redmi;Redmi Note 13 NFC;Batería;Compatible;9,75;;;6
RD-RN13NFC-CON-COM;Redmi;Redmi Note 13 NFC;Conector de carga;Compatible;4,29;;;6
RD-RN13NFC-TAP-COM;Redmi;Redmi Note 13 NFC;Tapa trasera;Compatible;6,35;;;6
RD-RN13NFC-CTR-COM;Redmi;Redmi Note 13 NFC;Cámara trasera;Compatible;8,50;;;6
RD-RN13NFC-CFR-COM;Redmi;Redmi Note 13 NFC;Cámara frontal;Compatible;4,55;;;6
RD-RN13NFC-LEN-COM;Redmi;Redmi Note 13 NFC;Lente de cámara;Compatible;2,05;;;6
RD-RN13NFC-ALT-COM;Redmi;Redmi Note 13 NFC;Altavoz;Compatible;3,49;;;6
RD-RN13NFC-AUR-COM;Redmi;Redmi Note 13 NFC;Auricular de llamada;Compatible;2,35;;;6
RD-RN13NFC-FLX-COM;Redmi;Redmi Note 13 NFC;Flex de encendido y volumen;Compatible;2,55;;;6
RD-RN13NFC-SIM-COM;Redmi;Redmi Note 13 NFC;Bandeja SIM;Compatible;2,29;;;6
RD-R12R-PAN-ORI;Redmi;Redmi 12R;Pantalla;Original;23,09;22,40;21,70;12
RD-R12R-PAN-COM;Redmi;Redmi 12R;Pantalla;Compatible;13,30;12,90;12,50;6
RD-R12R-BAT-COM;Redmi;Redmi 12R;Batería;Compatible;9,35;;;6
RD-R12R-CON-COM;Redmi;Redmi 12R;Conector de carga;Compatible;3,15;;;6
RD-R12R-TAP-COM;Redmi;Redmi 12R;Tapa trasera;Compatible;5,59;;;6
RD-R12R-CTR-COM;Redmi;Redmi 12R;Cámara trasera;Compatible;6,99;;;6
RD-R12R-CFR-COM;Redmi;Redmi 12R;Cámara frontal;Compatible;4,20;;;6
RD-R12R-LEN-COM;Redmi;Redmi 12R;Lente de cámara;Compatible;1,90;;;6
RD-R12R-ALT-COM;Redmi;Redmi 12R;Altavoz;Compatible;3,29;;;6
RD-R12R-AUR-COM;Redmi;Redmi 12R;Auricular de llamada;Compatible;2,39;;;6
RD-R12R-FLX-COM;Redmi;Redmi 12R;Flex de encendido y volumen;Compatible;2,65;;;6
RD-R12R-SIM-COM;Redmi;Redmi 12R;Bandeja SIM;Compatible;2,45;;;6
RD-R13R-PAN-ORI;Redmi;Redmi 13R;Pantalla;Original;23,09;22,40;21,70;12
RD-R13R-PAN-COM;Redmi;Redmi 13R;Pantalla;Compatible;13,30;12,90;12,50;6
RD-R13R-BAT-COM;Redmi;Redmi 13R;Batería;Compatible;9,35;;;6
RD-R13R-CON-COM;Redmi;Redmi 13R;Conector de carga;Compatible;3,15;;;6
RD-R13R-TAP-COM;Redmi;Redmi 13R;Tapa trasera;Compatible;5,59;;;6
RD-R13R-CTR-COM;Redmi;Redmi 13R;Cámara trasera;Compatible;6,99;;;6
RD-R13R-CFR-COM;Redmi;Redmi 13R;Cámara frontal;Compatible;4,20;;;6
RD-R13R-LEN-COM;Redmi;Redmi 13R;Lente de cámara;Compatible;1,90;;;6
RD-R13R-ALT-COM;Redmi;Redmi 13R;Altavoz;Compatible;3,29;;;6
RD-R13R-AUR-COM;Redmi;Redmi 13R;Auricular de llamada;Compatible;2,39;;;6
RD-R13R-FLX-COM;Redmi;Redmi 13R;Flex de encendido y volumen;Compatible;2,65;;;6
RD-R13R-SIM-COM;Redmi;Redmi 13R;Bandeja SIM;Compatible;2,45;;;6
RD-RK70-PAN-ORI;Redmi;Redmi K70;Pantalla;Original;46,19;44,80;43,42;12
RD-RK70-PAN-OLS;Redmi;Redmi K70;Pantalla;OLED Soft;34,50;33,46;32,43;6
RD-RK70-PAN-OLH;Redmi;Redmi K70;Pantalla;OLED Hard;31,15;30,22;29,28;6
RD-RK70-PAN-INC;Redmi;Redmi K70;Pantalla;Incell;15,45;14,99;14,52;6
RD-RK70-BAT-COM;Redmi;Redmi K70;Batería;Compatible;9,35;;;6
RD-RK70-CON-COM;Redmi;Redmi K70;Conector de carga;Compatible;3,35;;;6
RD-RK70-TAP-COM;Redmi;Redmi K70;Tapa trasera;Compatible;5,50;;;6
RD-RK70-CTR-COM;Redmi;Redmi K70;Cámara trasera;Compatible;7,10;;;6
RD-RK70-CFR-COM;Redmi;Redmi K70;Cámara frontal;Compatible;4,20;;;6
RD-RK70-LEN-COM;Redmi;Redmi K70;Lente de cámara;Compatible;2,05;;;6
RD-RK70-ALT-COM;Redmi;Redmi K70;Altavoz;Compatible;3,30;;;6
RD-RK70-AUR-COM;Redmi;Redmi K70;Auricular de llamada;Compatible;2,39;;;6
RD-RK70-FLX-COM;Redmi;Redmi K70;Flex de encendido y volumen;Compatible;2,60;;;6
RD-RK70-SIM-COM;Redmi;Redmi K70;Bandeja SIM;Compatible;2,45;;;6
RD-RK70P-PAN-ORI;Redmi;Redmi K70 Pro;Pantalla;Original;46,19;44,80;43,42;12
RD-RK70P-PAN-OLS;Redmi;Redmi K70 Pro;Pantalla;OLED Soft;34,50;33,46;32,43;6
RD-RK70P-PAN-OLH;Redmi;Redmi K70 Pro;Pantalla;OLED Hard;31,15;30,22;29,28;6
RD-RK70P-PAN-INC;Redmi;Redmi K70 Pro;Pantalla;Incell;15,45;14,99;14,52;6
RD-RK70P-BAT-COM;Redmi;Redmi K70 Pro;Batería;Compatible;9,35;;;6
RD-RK70P-CON-COM;Redmi;Redmi K70 Pro;Conector de carga;Compatible;3,35;;;6
RD-RK70P-TAP-COM;Redmi;Redmi K70 Pro;Tapa trasera;Compatible;5,50;;;6
RD-RK70P-CTR-COM;Redmi;Redmi K70 Pro;Cámara trasera;Compatible;7,10;;;6
RD-RK70P-CFR-COM;Redmi;Redmi K70 Pro;Cámara frontal;Compatible;4,20;;;6
RD-RK70P-LEN-COM;Redmi;Redmi K70 Pro;Lente de cámara;Compatible;2,05;;;6
RD-RK70P-ALT-COM;Redmi;Redmi K70 Pro;Altavoz;Compatible;3,30;;;6
RD-RK70P-AUR-COM;Redmi;Redmi K70 Pro;Auricular de llamada;Compatible;2,39;;;6
RD-RK70P-FLX-COM;Redmi;Redmi K70 Pro;Flex de encendido y volumen;Compatible;2,60;;;6
RD-RK70P-SIM-COM;Redmi;Redmi K70 Pro;Bandeja SIM;Compatible;2,45;;;6
RD-RK70E-PAN-ORI;Redmi;Redmi K70E;Pantalla;Original;46,19;44,80;43,42;12
RD-RK70E-PAN-OLS;Redmi;Redmi K70E;Pantalla;OLED Soft;35,90;34,82;33,75;6
RD-RK70E-PAN-OLH;Redmi;Redmi K70E;Pantalla;OLED Hard;32,39;31,42;30,45;6
RD-RK70E-PAN-INC;Redmi;Redmi K70E;Pantalla;Incell;17,25;16,73;16,22;6
RD-RK70E-BAT-COM;Redmi;Redmi K70E;Batería;Compatible;10,70;10,38;10,06;6
RD-RK70E-CON-COM;Redmi;Redmi K70E;Conector de carga;Compatible;3,35;;;6
RD-RK70E-TAP-COM;Redmi;Redmi K70E;Tapa trasera;Compatible;5,50;;;6
RD-RK70E-CTR-COM;Redmi;Redmi K70E;Cámara trasera;Compatible;7,10;;;6
RD-RK70E-CFR-COM;Redmi;Redmi K70E;Cámara frontal;Compatible;4,20;;;6
RD-RK70E-LEN-COM;Redmi;Redmi K70E;Lente de cámara;Compatible;2,05;;;6
RD-RK70E-ALT-COM;Redmi;Redmi K70E;Altavoz;Compatible;3,30;;;6
RD-RK70E-AUR-COM;Redmi;Redmi K70E;Auricular de llamada;Compatible;2,39;;;6
RD-RK70E-FLX-COM;Redmi;Redmi K70E;Flex de encendido y volumen;Compatible;2,60;;;6
RD-RK70E-SIM-COM;Redmi;Redmi K70E;Bandeja SIM;Compatible;2,45;;;6
RD-RN12TP-PAN-COM;Redmi;Redmi Note 12T Pro;Pantalla;Compatible;15,45;14,99;14,52;6
RD-RN12TP-BAT-COM;Redmi;Redmi Note 12T Pro;Batería;Compatible;10,49;10,18;9,86;6
RD-RN12TP-CON-COM;Redmi;Redmi Note 12T Pro;Conector de carga;Compatible;4,00;;;6
RD-RN12TP-TAP-COM;Redmi;Redmi Note 12T Pro;Tapa trasera;Compatible;6,45;;;6
RD-RN12TP-CTR-COM;Redmi;Redmi Note 12T Pro;Cámara trasera;Compatible;10,35;10,04;9,73;6
RD-RN12TP-CFR-COM;Redmi;Redmi Note 12T Pro;Cámara frontal;Compatible;4,80;;;6
RD-RN12TP-LEN-COM;Redmi;Redmi Note 12T Pro;Lente de cámara;Compatible;2,49;;;6
RD-RN12TP-ALT-COM;Redmi;Redmi Note 12T Pro;Altavoz;Compatible;3,85;;;6
RD-RN12TP-AUR-COM;Redmi;Redmi Note 12T Pro;Auricular de llamada;Compatible;2,95;;;6
RD-RN12TP-FLX-COM;Redmi;Redmi Note 12T Pro;Flex de encendido y volumen;Compatible;3,29;;;6
RD-RN12TP-SIM-COM;Redmi;Redmi Note 12T Pro;Bandeja SIM;Compatible;2,60;;;6
RD-RN12RP-PAN-ORI;Redmi;Redmi Note 12R Pro;Pantalla;Original;70,30;68,19;66,08;12
RD-RN12RP-PAN-OLS;Redmi;Redmi Note 12R Pro;Pantalla;OLED Soft;39,29;38,11;36,93;6
RD-RN12RP-PAN-OLH;Redmi;Redmi Note 12R Pro;Pantalla;OLED Hard;35,45;34,39;33,32;6
RD-RN12RP-PAN-INC;Redmi;Redmi Note 12R Pro;Pantalla;Incell;17,60;17,07;16,54;6
RD-RN12RP-BAT-COM;Redmi;Redmi Note 12R Pro;Batería;Compatible;10,49;10,18;9,86;6
RD-RN12RP-CON-COM;Redmi;Redmi Note 12R Pro;Conector de carga;Compatible;4,00;;;6
RD-RN12RP-TAP-COM;Redmi;Redmi Note 12R Pro;Tapa trasera;Compatible;6,45;;;6
RD-RN12RP-CTR-COM;Redmi;Redmi Note 12R Pro;Cámara trasera;Compatible;10,35;10,04;9,73;6
RD-RN12RP-CFR-COM;Redmi;Redmi Note 12R Pro;Cámara frontal;Compatible;4,80;;;6
RD-RN12RP-LEN-COM;Redmi;Redmi Note 12R Pro;Lente de cámara;Compatible;2,49;;;6
RD-RN12RP-ALT-COM;Redmi;Redmi Note 12R Pro;Altavoz;Compatible;3,85;;;6
RD-RN12RP-AUR-COM;Redmi;Redmi Note 12R Pro;Auricular de llamada;Compatible;2,95;;;6
RD-RN12RP-FLX-COM;Redmi;Redmi Note 12R Pro;Flex de encendido y volumen;Compatible;3,29;;;6
RD-RN12RP-SIM-COM;Redmi;Redmi Note 12R Pro;Bandeja SIM;Compatible;2,60;;;6
RD-RA2PL-PAN-ORI;Redmi;Redmi A2+;Pantalla;Original;24,55;23,81;23,08;12
RD-RA2PL-PAN-COM;Redmi;Redmi A2+;Pantalla;Compatible;13,30;12,90;12,50;6
RD-RA2PL-BAT-COM;Redmi;Redmi A2+;Batería;Compatible;9,30;;;6
RD-RA2PL-CON-COM;Redmi;Redmi A2+;Conector de carga;Compatible;3,35;;;6
RD-RA2PL-TAP-COM;Redmi;Redmi A2+;Tapa trasera;Compatible;5,50;;;6
RD-RA2PL-CTR-COM;Redmi;Redmi A2+;Cámara trasera;Compatible;7,10;;;6
RD-RA2PL-CFR-COM;Redmi;Redmi A2+;Cámara frontal;Compatible;4,20;;;6
RD-RA2PL-LEN-COM;Redmi;Redmi A2+;Lente de cámara;Compatible;2,05;;;6
RD-RA2PL-ALT-COM;Redmi;Redmi A2+;Altavoz;Compatible;3,30;;;6
RD-RA2PL-AUR-COM;Redmi;Redmi A2+;Auricular de llamada;Compatible;2,39;;;6
RD-RA2PL-FLX-COM;Redmi;Redmi A2+;Flex de encendido y volumen;Compatible;2,60;;;6
RD-RA2PL-SIM-COM;Redmi;Redmi A2+;Bandeja SIM;Compatible;2,45;;;6
RD-RN12T-PAN-ORI;Redmi;Redmi Note 12 Turbo;Pantalla;Original;61,15;59,32;57,48;12
RD-RN12T-PAN-OLS;Redmi;Redmi Note 12 Turbo;Pantalla;OLED Soft;38,85;37,68;36,52;6
RD-RN12T-PAN-OLH;Redmi;Redmi Note 12 Turbo;Pantalla;OLED Hard;35,05;34,00;32,95;6
RD-RN12T-PAN-INC;Redmi;Redmi Note 12 Turbo;Pantalla;Incell;17,45;16,93;16,40;6
RD-RN12T-BAT-COM;Redmi;Redmi Note 12 Turbo;Batería;Compatible;9,75;;;6
RD-RN12T-CON-COM;Redmi;Redmi Note 12 Turbo;Conector de carga;Compatible;4,29;;;6
RD-RN12T-TAP-COM;Redmi;Redmi Note 12 Turbo;Tapa trasera;Compatible;6,35;;;6
RD-RN12T-CTR-COM;Redmi;Redmi Note 12 Turbo;Cámara trasera;Compatible;8,50;;;6
RD-RN12T-CFR-COM;Redmi;Redmi Note 12 Turbo;Cámara frontal;Compatible;4,55;;;6
RD-RN12T-LEN-COM;Redmi;Redmi Note 12 Turbo;Lente de cámara;Compatible;2,05;;;6
RD-RN12T-ALT-COM;Redmi;Redmi Note 12 Turbo;Altavoz;Compatible;3,49;;;6
RD-RN12T-AUR-COM;Redmi;Redmi Note 12 Turbo;Auricular de llamada;Compatible;2,35;;;6
RD-RN12T-FLX-COM;Redmi;Redmi Note 12 Turbo;Flex de encendido y volumen;Compatible;2,55;;;6
RD-RN12T-SIM-COM;Redmi;Redmi Note 12 Turbo;Bandeja SIM;Compatible;2,29;;;6
RD-RK60-PAN-ORI;Redmi;Redmi K60;Pantalla;Original;46,19;44,80;43,42;12
RD-RK60-PAN-OLS;Redmi;Redmi K60;Pantalla;OLED Soft;34,50;33,46;32,43;6
RD-RK60-PAN-OLH;Redmi;Redmi K60;Pantalla;OLED Hard;31,15;30,22;29,28;6
RD-RK60-PAN-INC;Redmi;Redmi K60;Pantalla;Incell;15,45;14,99;14,52;6
RD-RK60-BAT-COM;Redmi;Redmi K60;Batería;Compatible;9,35;;;6
RD-RK60-CON-COM;Redmi;Redmi K60;Conector de carga;Compatible;3,35;;;6
RD-RK60-TAP-COM;Redmi;Redmi K60;Tapa trasera;Compatible;5,50;;;6
RD-RK60-CTR-COM;Redmi;Redmi K60;Cámara trasera;Compatible;7,10;;;6
RD-RK60-CFR-COM;Redmi;Redmi K60;Cámara frontal;Compatible;4,20;;;6
RD-RK60-LEN-COM;Redmi;Redmi K60;Lente de cámara;Compatible;2,05;;;6
RD-RK60-ALT-COM;Redmi;Redmi K60;Altavoz;Compatible;3,30;;;6
RD-RK60-AUR-COM;Redmi;Redmi K60;Auricular de llamada;Compatible;2,39;;;6
RD-RK60-FLX-COM;Redmi;Redmi K60;Flex de encendido y volumen;Compatible;2,60;;;6
RD-RK60-SIM-COM;Redmi;Redmi K60;Bandeja SIM;Compatible;2,45;;;6
RD-RK60P-PAN-ORI;Redmi;Redmi K60 Pro;Pantalla;Original;46,19;44,80;43,42;12
RD-RK60P-PAN-OLS;Redmi;Redmi K60 Pro;Pantalla;OLED Soft;34,50;33,46;32,43;6
RD-RK60P-PAN-OLH;Redmi;Redmi K60 Pro;Pantalla;OLED Hard;31,15;30,22;29,28;6
RD-RK60P-PAN-INC;Redmi;Redmi K60 Pro;Pantalla;Incell;15,45;14,99;14,52;6
RD-RK60P-BAT-COM;Redmi;Redmi K60 Pro;Batería;Compatible;9,35;;;6
RD-RK60P-CON-COM;Redmi;Redmi K60 Pro;Conector de carga;Compatible;3,35;;;6
RD-RK60P-TAP-COM;Redmi;Redmi K60 Pro;Tapa trasera;Compatible;5,50;;;6
RD-RK60P-CTR-COM;Redmi;Redmi K60 Pro;Cámara trasera;Compatible;7,10;;;6
RD-RK60P-CFR-COM;Redmi;Redmi K60 Pro;Cámara frontal;Compatible;4,20;;;6
RD-RK60P-LEN-COM;Redmi;Redmi K60 Pro;Lente de cámara;Compatible;2,05;;;6
RD-RK60P-ALT-COM;Redmi;Redmi K60 Pro;Altavoz;Compatible;3,30;;;6
RD-RK60P-AUR-COM;Redmi;Redmi K60 Pro;Auricular de llamada;Compatible;2,39;;;6
RD-RK60P-FLX-COM;Redmi;Redmi K60 Pro;Flex de encendido y volumen;Compatible;2,60;;;6
RD-RK60P-SIM-COM;Redmi;Redmi K60 Pro;Bandeja SIM;Compatible;2,45;;;6
RD-RK60E-PAN-ORI;Redmi;Redmi K60E;Pantalla;Original;46,19;44,80;43,42;12
RD-RK60E-PAN-OLS;Redmi;Redmi K60E;Pantalla;OLED Soft;34,50;33,46;32,43;6
RD-RK60E-PAN-OLH;Redmi;Redmi K60E;Pantalla;OLED Hard;31,15;30,22;29,28;6
RD-RK60E-PAN-INC;Redmi;Redmi K60E;Pantalla;Incell;15,45;14,99;14,52;6
RD-RK60E-BAT-COM;Redmi;Redmi K60E;Batería;Compatible;9,35;;;6
RD-RK60E-CON-COM;Redmi;Redmi K60E;Conector de carga;Compatible;3,35;;;6
RD-RK60E-TAP-COM;Redmi;Redmi K60E;Tapa trasera;Compatible;5,50;;;6
RD-RK60E-CTR-COM;Redmi;Redmi K60E;Cámara trasera;Compatible;7,10;;;6
RD-RK60E-CFR-COM;Redmi;Redmi K60E;Cámara frontal;Compatible;4,20;;;6
RD-RK60E-LEN-COM;Redmi;Redmi K60E;Lente de cámara;Compatible;2,05;;;6
RD-RK60E-ALT-COM;Redmi;Redmi K60E;Altavoz;Compatible;3,30;;;6
RD-RK60E-AUR-COM;Redmi;Redmi K60E;Auricular de llamada;Compatible;2,39;;;6
RD-RK60E-FLX-COM;Redmi;Redmi K60E;Flex de encendido y volumen;Compatible;2,60;;;6
RD-RK60E-SIM-COM;Redmi;Redmi K60E;Bandeja SIM;Compatible;2,45;;;6
RD-RN12PS-PAN-ORI;Redmi;Redmi Note 12 Pro Speed;Pantalla;Original;68,15;66,11;64,06;12
RD-RN12PS-PAN-OLS;Redmi;Redmi Note 12 Pro Speed;Pantalla;OLED Soft;36,90;35,79;34,69;6
RD-RN12PS-PAN-OLH;Redmi;Redmi Note 12 Pro Speed;Pantalla;OLED Hard;33,30;32,30;31,30;6
RD-RN12PS-PAN-INC;Redmi;Redmi Note 12 Pro Speed;Pantalla;Incell;16,55;16,05;15,56;6
RD-RN12PS-BAT-COM;Redmi;Redmi Note 12 Pro Speed;Batería;Compatible;9,20;;;6
RD-RN12PS-CON-COM;Redmi;Redmi Note 12 Pro Speed;Conector de carga;Compatible;3,50;;;6
RD-RN12PS-TAP-COM;Redmi;Redmi Note 12 Pro Speed;Tapa trasera;Compatible;5,75;;;6
RD-RN12PS-CTR-COM;Redmi;Redmi Note 12 Pro Speed;Cámara trasera;Compatible;7,35;;;6
RD-RN12PS-CFR-COM;Redmi;Redmi Note 12 Pro Speed;Cámara frontal;Compatible;3,29;;;6
RD-RN12PS-LEN-COM;Redmi;Redmi Note 12 Pro Speed;Lente de cámara;Compatible;2,35;;;6
RD-RN12PS-ALT-COM;Redmi;Redmi Note 12 Pro Speed;Altavoz;Compatible;3,55;;;6
RD-RN12PS-AUR-COM;Redmi;Redmi Note 12 Pro Speed;Auricular de llamada;Compatible;2,69;;;6
RD-RN12PS-FLX-COM;Redmi;Redmi Note 12 Pro Speed;Flex de encendido y volumen;Compatible;2,70;;;6
RD-RN12PS-SIM-COM;Redmi;Redmi Note 12 Pro Speed;Bandeja SIM;Compatible;2,65;;;6
RD-RN12D-PAN-ORI;Redmi;Redmi Note 12 Discovery;Pantalla;Original;59,25;57,47;55,70;12
RD-RN12D-PAN-OLS;Redmi;Redmi Note 12 Discovery;Pantalla;OLED Soft;36,50;35,41;34,31;6
RD-RN12D-PAN-OLH;Redmi;Redmi Note 12 Discovery;Pantalla;OLED Hard;32,95;31,96;30,97;6
RD-RN12D-PAN-INC;Redmi;Redmi Note 12 Discovery;Pantalla;Incell;16,39;15,90;15,41;6
RD-RN12D-BAT-COM;Redmi;Redmi Note 12 Discovery;Batería;Compatible;8,55;;;6
RD-RN12D-CON-COM;Redmi;Redmi Note 12 Discovery;Conector de carga;Compatible;3,75;;;6
RD-RN12D-TAP-COM;Redmi;Redmi Note 12 Discovery;Tapa trasera;Compatible;5,65;;;6
RD-RN12D-CTR-COM;Redmi;Redmi Note 12 Discovery;Cámara trasera;Compatible;6,05;;;6
RD-RN12D-CFR-COM;Redmi;Redmi Note 12 Discovery;Cámara frontal;Compatible;3,10;;;6
RD-RN12D-LEN-COM;Redmi;Redmi Note 12 Discovery;Lente de cámara;Compatible;1,99;;;6
RD-RN12D-ALT-COM;Redmi;Redmi Note 12 Discovery;Altavoz;Compatible;3,25;;;6
RD-RN12D-AUR-COM;Redmi;Redmi Note 12 Discovery;Auricular de llamada;Compatible;2,15;;;6
RD-RN12D-FLX-COM;Redmi;Redmi Note 12 Discovery;Flex de encendido y volumen;Compatible;2,09;;;6
RD-RN12D-SIM-COM;Redmi;Redmi Note 12 Discovery;Bandeja SIM;Compatible;2,30;;;6
RD-RN12PPL-PAN-ORI;Redmi;Redmi Note 12 Pro+;Pantalla;Original;68,15;66,11;64,06;12
RD-RN12PPL-PAN-OLS;Redmi;Redmi Note 12 Pro+;Pantalla;OLED Soft;38,09;36,95;35,80;6
RD-RN12PPL-PAN-OLH;Redmi;Redmi Note 12 Pro+;Pantalla;OLED Hard;33,75;32,74;31,73;6
RD-RN12PPL-PAN-INC;Redmi;Redmi Note 12 Pro+;Pantalla;Incell;17,09;16,58;16,06;6
RD-RN12PPL-BAT-COM;Redmi;Redmi Note 12 Pro+;Batería;Compatible;10,05;9,75;9,45;6
RD-RN12PPL-CON-COM;Redmi;Redmi Note 12 Pro+;Conector de carga;Compatible;3,50;;;6
RD-RN12PPL-TAP-COM;Redmi;Redmi Note 12 Pro+;Tapa trasera;Compatible;6,25;;;6
RD-RN12PPL-CTR-COM;Redmi;Redmi Note 12 Pro+;Cámara trasera;Compatible;9,25;;;6
RD-RN12PPL-CFR-COM;Redmi;Redmi Note 12 Pro+;Cámara frontal;Compatible;3,29;;;6
RD-RN12PPL-LEN-COM;Redmi;Redmi Note 12 Pro+;Lente de cámara;Compatible;2,35;;;6
RD-RN12PPL-ALT-COM;Redmi;Redmi Note 12 Pro+;Altavoz;Compatible;3,55;;;6
RD-RN12PPL-AUR-COM;Redmi;Redmi Note 12 Pro+;Auricular de llamada;Compatible;2,69;;;6
RD-RN12PPL-FLX-COM;Redmi;Redmi Note 12 Pro+;Flex de encendido y volumen;Compatible;2,70;;;6
RD-RN12PPL-SIM-COM;Redmi;Redmi Note 12 Pro+;Bandeja SIM;Compatible;2,65;;;6
RD-R11P-PAN-ORI;Redmi;Redmi 11 Prime;Pantalla;Original;22,35;21,68;21,01;12
RD-R11P-PAN-COM;Redmi;Redmi 11 Prime;Pantalla;Compatible;12,50;12,13;11,75;6
RD-R11P-BAT-COM;Redmi;Redmi 11 Prime;Batería;Compatible;8,19;;;6
RD-R11P-CON-COM;Redmi;Redmi 11 Prime;Conector de carga;Compatible;2,75;;;6
RD-R11P-TAP-COM;Redmi;Redmi 11 Prime;Tapa trasera;Compatible;4,95;;;6
RD-R11P-CTR-COM;Redmi;Redmi 11 Prime;Cámara trasera;Compatible;4,99;;;6
RD-R11P-CFR-COM;Redmi;Redmi 11 Prime;Cámara frontal;Compatible;2,85;;;6
RD-R11P-LEN-COM;Redmi;Redmi 11 Prime;Lente de cámara;Compatible;1,85;;;6
RD-R11P-ALT-COM;Redmi;Redmi 11 Prime;Altavoz;Compatible;3,05;;;6
RD-R11P-AUR-COM;Redmi;Redmi 11 Prime;Auricular de llamada;Compatible;2,19;;;6
RD-R11P-FLX-COM;Redmi;Redmi 11 Prime;Flex de encendido y volumen;Compatible;2,15;;;6
RD-R11P-SIM-COM;Redmi;Redmi 11 Prime;Bandeja SIM;Compatible;2,49;;;6
RD-R11P5-PAN-ORI;Redmi;Redmi 11 Prime 5G;Pantalla;Original;22,35;21,68;21,01;12
RD-R11P5-PAN-COM;Redmi;Redmi 11 Prime 5G;Pantalla;Compatible;12,50;12,13;11,75;6
RD-R11P5-BAT-COM;Redmi;Redmi 11 Prime 5G;Batería;Compatible;8,19;;;6
RD-R11P5-CON-COM;Redmi;Redmi 11 Prime 5G;Conector de carga;Compatible;2,75;;;6
RD-R11P5-TAP-COM;Redmi;Redmi 11 Prime 5G;Tapa trasera;Compatible;4,95;;;6
RD-R11P5-CTR-COM;Redmi;Redmi 11 Prime 5G;Cámara trasera;Compatible;4,99;;;6
RD-R11P5-CFR-COM;Redmi;Redmi 11 Prime 5G;Cámara frontal;Compatible;2,85;;;6
RD-R11P5-LEN-COM;Redmi;Redmi 11 Prime 5G;Lente de cámara;Compatible;1,85;;;6
RD-R11P5-ALT-COM;Redmi;Redmi 11 Prime 5G;Altavoz;Compatible;3,05;;;6
RD-R11P5-AUR-COM;Redmi;Redmi 11 Prime 5G;Auricular de llamada;Compatible;2,19;;;6
RD-R11P5-FLX-COM;Redmi;Redmi 11 Prime 5G;Flex de encendido y volumen;Compatible;2,15;;;6
RD-R11P5-SIM-COM;Redmi;Redmi 11 Prime 5G;Bandeja SIM;Compatible;2,49;;;6
RD-RA1PL-PAN-ORI;Redmi;Redmi A1+;Pantalla;Original;23,75;23,04;22,33;12
RD-RA1PL-PAN-COM;Redmi;Redmi A1+;Pantalla;Compatible;12,50;12,13;11,75;6
RD-RA1PL-BAT-COM;Redmi;Redmi A1+;Batería;Compatible;8,15;;;6
RD-RA1PL-CON-COM;Redmi;Redmi A1+;Conector de carga;Compatible;2,90;;;6
RD-RA1PL-TAP-COM;Redmi;Redmi A1+;Tapa trasera;Compatible;4,90;;;6
RD-RA1PL-CTR-COM;Redmi;Redmi A1+;Cámara trasera;Compatible;5,09;;;6
RD-RA1PL-CFR-COM;Redmi;Redmi A1+;Cámara frontal;Compatible;2,89;;;6
RD-RA1PL-LEN-COM;Redmi;Redmi A1+;Lente de cámara;Compatible;1,95;;;6
RD-RA1PL-ALT-COM;Redmi;Redmi A1+;Altavoz;Compatible;3,05;;;6
RD-RA1PL-AUR-COM;Redmi;Redmi A1+;Auricular de llamada;Compatible;2,19;;;6
RD-RA1PL-FLX-COM;Redmi;Redmi A1+;Flex de encendido y volumen;Compatible;2,15;;;6
RD-RA1PL-SIM-COM;Redmi;Redmi A1+;Bandeja SIM;Compatible;2,49;;;6
RD-RN11R-PAN-ORI;Redmi;Redmi Note 11R;Pantalla;Original;31,45;30,51;29,56;12
RD-RN11R-PAN-COM;Redmi;Redmi Note 11R;Pantalla;Compatible;14,35;13,92;13,49;6
RD-RN11R-BAT-COM;Redmi;Redmi Note 11R;Batería;Compatible;8,55;;;6
RD-RN11R-CON-COM;Redmi;Redmi Note 11R;Conector de carga;Compatible;3,75;;;6
RD-RN11R-TAP-COM;Redmi;Redmi Note 11R;Tapa trasera;Compatible;5,65;;;6
RD-RN11R-CTR-COM;Redmi;Redmi Note 11R;Cámara trasera;Compatible;6,05;;;6
RD-RN11R-CFR-COM;Redmi;Redmi Note 11R;Cámara frontal;Compatible;3,10;;;6
RD-RN11R-LEN-COM;Redmi;Redmi Note 11R;Lente de cámara;Compatible;1,99;;;6
RD-RN11R-ALT-COM;Redmi;Redmi Note 11R;Altavoz;Compatible;3,25;;;6
RD-RN11R-AUR-COM;Redmi;Redmi Note 11R;Auricular de llamada;Compatible;2,15;;;6
RD-RN11R-FLX-COM;Redmi;Redmi Note 11R;Flex de encendido y volumen;Compatible;2,09;;;6
RD-RN11R-SIM-COM;Redmi;Redmi Note 11R;Bandeja SIM;Compatible;2,30;;;6
RD-R10AS-PAN-ORI;Redmi;Redmi 10A Sport;Pantalla;Original;22,35;21,68;21,01;12
RD-R10AS-PAN-COM;Redmi;Redmi 10A Sport;Pantalla;Compatible;12,50;12,13;11,75;6
RD-R10AS-BAT-COM;Redmi;Redmi 10A Sport;Batería;Compatible;8,19;;;6
RD-R10AS-CON-COM;Redmi;Redmi 10A Sport;Conector de carga;Compatible;2,75;;;6
RD-R10AS-TAP-COM;Redmi;Redmi 10A Sport;Tapa trasera;Compatible;4,95;;;6
RD-R10AS-CTR-COM;Redmi;Redmi 10A Sport;Cámara trasera;Compatible;4,99;;;6
RD-R10AS-CFR-COM;Redmi;Redmi 10A Sport;Cámara frontal;Compatible;2,85;;;6
RD-R10AS-LEN-COM;Redmi;Redmi 10A Sport;Lente de cámara;Compatible;1,85;;;6
RD-R10AS-ALT-COM;Redmi;Redmi 10A Sport;Altavoz;Compatible;3,05;;;6
RD-R10AS-AUR-COM;Redmi;Redmi 10A Sport;Auricular de llamada;Compatible;2,19;;;6
RD-R10AS-FLX-COM;Redmi;Redmi 10A Sport;Flex de encendido y volumen;Compatible;2,15;;;6
RD-R10AS-SIM-COM;Redmi;Redmi 10A Sport;Bandeja SIM;Compatible;2,49;;;6
RD-R10P22-PAN-ORI;Redmi;Redmi 10 Prime 2022;Pantalla;Original;22,35;21,68;21,01;12
RD-R10P22-PAN-COM;Redmi;Redmi 10 Prime 2022;Pantalla;Compatible;12,50;12,13;11,75;6
RD-R10P22-BAT-COM;Redmi;Redmi 10 Prime 2022;Batería;Compatible;8,19;;;6
RD-R10P22-CON-COM;Redmi;Redmi 10 Prime 2022;Conector de carga;Compatible;2,75;;;6
RD-R10P22-TAP-COM;Redmi;Redmi 10 Prime 2022;Tapa trasera;Compatible;4,95;;;6
RD-R10P22-CTR-COM;Redmi;Redmi 10 Prime 2022;Cámara trasera;Compatible;4,99;;;6
RD-R10P22-CFR-COM;Redmi;Redmi 10 Prime 2022;Cámara frontal;Compatible;2,85;;;6
RD-R10P22-LEN-COM;Redmi;Redmi 10 Prime 2022;Lente de cámara;Compatible;1,85;;;6
RD-R10P22-ALT-COM;Redmi;Redmi 10 Prime 2022;Altavoz;Compatible;3,05;;;6
RD-R10P22-AUR-COM;Redmi;Redmi 10 Prime 2022;Auricular de llamada;Compatible;2,19;;;6
RD-R10P22-FLX-COM;Redmi;Redmi 10 Prime 2022;Flex de encendido y volumen;Compatible;2,15;;;6
RD-R10P22-SIM-COM;Redmi;Redmi 10 Prime 2022;Bandeja SIM;Compatible;2,49;;;6
RD-RN11TP-PAN-ORI;Redmi;Redmi Note 11T Pro;Pantalla;Original;36,19;35,10;34,02;12
RD-RN11TP-PAN-COM;Redmi;Redmi Note 11T Pro;Pantalla;Compatible;14,50;14,07;13,63;6
RD-RN11TP-BAT-COM;Redmi;Redmi Note 11T Pro;Batería;Compatible;9,20;;;6
RD-RN11TP-CON-COM;Redmi;Redmi Note 11T Pro;Conector de carga;Compatible;3,50;;;6
RD-RN11TP-TAP-COM;Redmi;Redmi Note 11T Pro;Tapa trasera;Compatible;5,75;;;6
RD-RN11TP-CTR-COM;Redmi;Redmi Note 11T Pro;Cámara trasera;Compatible;7,35;;;6
RD-RN11TP-CFR-COM;Redmi;Redmi Note 11T Pro;Cámara frontal;Compatible;3,29;;;6
RD-RN11TP-LEN-COM;Redmi;Redmi Note 11T Pro;Lente de cámara;Compatible;2,35;;;6
RD-RN11TP-ALT-COM;Redmi;Redmi Note 11T Pro;Altavoz;Compatible;3,55;;;6
RD-RN11TP-AUR-COM;Redmi;Redmi Note 11T Pro;Auricular de llamada;Compatible;2,69;;;6
RD-RN11TP-FLX-COM;Redmi;Redmi Note 11T Pro;Flex de encendido y volumen;Compatible;2,70;;;6
RD-RN11TP-SIM-COM;Redmi;Redmi Note 11T Pro;Bandeja SIM;Compatible;2,65;;;6
RD-RN11TPPL-PAN-ORI;Redmi;Redmi Note 11T Pro+;Pantalla;Original;36,19;35,10;34,02;12
RD-RN11TPPL-PAN-COM;Redmi;Redmi Note 11T Pro+;Pantalla;Compatible;14,50;14,07;13,63;6
RD-RN11TPPL-BAT-COM;Redmi;Redmi Note 11T Pro+;Batería;Compatible;9,20;;;6
RD-RN11TPPL-CON-COM;Redmi;Redmi Note 11T Pro+;Conector de carga;Compatible;3,50;;;6
RD-RN11TPPL-TAP-COM;Redmi;Redmi Note 11T Pro+;Tapa trasera;Compatible;5,75;;;6
RD-RN11TPPL-CTR-COM;Redmi;Redmi Note 11T Pro+;Cámara trasera;Compatible;7,35;;;6
RD-RN11TPPL-CFR-COM;Redmi;Redmi Note 11T Pro+;Cámara frontal;Compatible;3,29;;;6
RD-RN11TPPL-LEN-COM;Redmi;Redmi Note 11T Pro+;Lente de cámara;Compatible;2,35;;;6
RD-RN11TPPL-ALT-COM;Redmi;Redmi Note 11T Pro+;Altavoz;Compatible;3,55;;;6
RD-RN11TPPL-AUR-COM;Redmi;Redmi Note 11T Pro+;Auricular de llamada;Compatible;2,69;;;6
RD-RN11TPPL-FLX-COM;Redmi;Redmi Note 11T Pro+;Flex de encendido y volumen;Compatible;2,70;;;6
RD-RN11TPPL-SIM-COM;Redmi;Redmi Note 11T Pro+;Bandeja SIM;Compatible;2,65;;;6
RD-R10PW-PAN-ORI;Redmi;Redmi 10 Power;Pantalla;Original;22,35;21,68;21,01;12
RD-R10PW-PAN-COM;Redmi;Redmi 10 Power;Pantalla;Compatible;12,50;12,13;11,75;6
RD-R10PW-BAT-COM;Redmi;Redmi 10 Power;Batería;Compatible;8,19;;;6
RD-R10PW-CON-COM;Redmi;Redmi 10 Power;Conector de carga;Compatible;2,75;;;6
RD-R10PW-TAP-COM;Redmi;Redmi 10 Power;Tapa trasera;Compatible;4,95;;;6
RD-R10PW-CTR-COM;Redmi;Redmi 10 Power;Cámara trasera;Compatible;4,99;;;6
RD-R10PW-CFR-COM;Redmi;Redmi 10 Power;Cámara frontal;Compatible;2,85;;;6
RD-R10PW-LEN-COM;Redmi;Redmi 10 Power;Lente de cámara;Compatible;1,85;;;6
RD-R10PW-ALT-COM;Redmi;Redmi 10 Power;Altavoz;Compatible;3,05;;;6
RD-R10PW-AUR-COM;Redmi;Redmi 10 Power;Auricular de llamada;Compatible;2,19;;;6
RD-R10PW-FLX-COM;Redmi;Redmi 10 Power;Flex de encendido y volumen;Compatible;2,15;;;6
RD-R10PW-SIM-COM;Redmi;Redmi 10 Power;Bandeja SIM;Compatible;2,49;;;6
RD-RN10T-PAN-ORI;Redmi;Redmi Note 10T;Pantalla;Original;31,45;30,51;29,56;12
RD-RN10T-PAN-COM;Redmi;Redmi Note 10T;Pantalla;Compatible;14,35;13,92;13,49;6
RD-RN10T-BAT-COM;Redmi;Redmi Note 10T;Batería;Compatible;8,55;;;6
RD-RN10T-CON-COM;Redmi;Redmi Note 10T;Conector de carga;Compatible;3,75;;;6
RD-RN10T-TAP-COM;Redmi;Redmi Note 10T;Tapa trasera;Compatible;5,65;;;6
RD-RN10T-CTR-COM;Redmi;Redmi Note 10T;Cámara trasera;Compatible;6,05;;;6
RD-RN10T-CFR-COM;Redmi;Redmi Note 10T;Cámara frontal;Compatible;3,10;;;6
RD-RN10T-LEN-COM;Redmi;Redmi Note 10T;Lente de cámara;Compatible;1,99;;;6
RD-RN10T-ALT-COM;Redmi;Redmi Note 10T;Altavoz;Compatible;3,25;;;6
RD-RN10T-AUR-COM;Redmi;Redmi Note 10T;Auricular de llamada;Compatible;2,15;;;6
RD-RN10T-FLX-COM;Redmi;Redmi Note 10T;Flex de encendido y volumen;Compatible;2,09;;;6
RD-RN10T-SIM-COM;Redmi;Redmi Note 10T;Bandeja SIM;Compatible;2,30;;;6
RD-RK40S-PAN-ORI;Redmi;Redmi K40S;Pantalla;Original;44,75;43,41;42,07;12
RD-RK40S-PAN-OLS;Redmi;Redmi K40S;Pantalla;OLED Soft;32,40;31,43;30,46;6
RD-RK40S-PAN-OLH;Redmi;Redmi K40S;Pantalla;OLED Hard;29,25;28,37;27,49;6
RD-RK40S-PAN-INC;Redmi;Redmi K40S;Pantalla;Incell;14,55;14,11;13,68;6
RD-RK40S-BAT-COM;Redmi;Redmi K40S;Batería;Compatible;8,19;;;6
RD-RK40S-CON-COM;Redmi;Redmi K40S;Conector de carga;Compatible;2,90;;;6
RD-RK40S-TAP-COM;Redmi;Redmi K40S;Tapa trasera;Compatible;4,90;;;6
RD-RK40S-CTR-COM;Redmi;Redmi K40S;Cámara trasera;Compatible;5,09;;;6
RD-RK40S-CFR-COM;Redmi;Redmi K40S;Cámara frontal;Compatible;2,89;;;6
RD-RK40S-LEN-COM;Redmi;Redmi K40S;Lente de cámara;Compatible;1,95;;;6
RD-RK40S-ALT-COM;Redmi;Redmi K40S;Altavoz;Compatible;3,05;;;6
RD-RK40S-AUR-COM;Redmi;Redmi K40S;Auricular de llamada;Compatible;2,19;;;6
RD-RK40S-FLX-COM;Redmi;Redmi K40S;Flex de encendido y volumen;Compatible;2,15;;;6
RD-RK40S-SIM-COM;Redmi;Redmi K40S;Bandeja SIM;Compatible;2,49;;;6
RD-RK50-PAN-ORI;Redmi;Redmi K50;Pantalla;Original;44,75;43,41;42,07;12
RD-RK50-PAN-OLS;Redmi;Redmi K50;Pantalla;OLED Soft;32,40;31,43;30,46;6
RD-RK50-PAN-OLH;Redmi;Redmi K50;Pantalla;OLED Hard;29,25;28,37;27,49;6
RD-RK50-PAN-INC;Redmi;Redmi K50;Pantalla;Incell;14,55;14,11;13,68;6
RD-RK50-BAT-COM;Redmi;Redmi K50;Batería;Compatible;8,19;;;6
RD-RK50-CON-COM;Redmi;Redmi K50;Conector de carga;Compatible;2,90;;;6
RD-RK50-TAP-COM;Redmi;Redmi K50;Tapa trasera;Compatible;4,90;;;6
RD-RK50-CTR-COM;Redmi;Redmi K50;Cámara trasera;Compatible;5,09;;;6
RD-RK50-CFR-COM;Redmi;Redmi K50;Cámara frontal;Compatible;2,89;;;6
RD-RK50-LEN-COM;Redmi;Redmi K50;Lente de cámara;Compatible;1,95;;;6
RD-RK50-ALT-COM;Redmi;Redmi K50;Altavoz;Compatible;3,05;;;6
RD-RK50-AUR-COM;Redmi;Redmi K50;Auricular de llamada;Compatible;2,19;;;6
RD-RK50-FLX-COM;Redmi;Redmi K50;Flex de encendido y volumen;Compatible;2,15;;;6
RD-RK50-SIM-COM;Redmi;Redmi K50;Bandeja SIM;Compatible;2,49;;;6
RD-RK50P-PAN-ORI;Redmi;Redmi K50 Pro;Pantalla;Original;44,75;43,41;42,07;12
RD-RK50P-PAN-OLS;Redmi;Redmi K50 Pro;Pantalla;OLED Soft;32,40;31,43;30,46;6
RD-RK50P-PAN-OLH;Redmi;Redmi K50 Pro;Pantalla;OLED Hard;29,25;28,37;27,49;6
RD-RK50P-PAN-INC;Redmi;Redmi K50 Pro;Pantalla;Incell;14,55;14,11;13,68;6
RD-RK50P-BAT-COM;Redmi;Redmi K50 Pro;Batería;Compatible;8,19;;;6
RD-RK50P-CON-COM;Redmi;Redmi K50 Pro;Conector de carga;Compatible;2,90;;;6
RD-RK50P-TAP-COM;Redmi;Redmi K50 Pro;Tapa trasera;Compatible;4,90;;;6
RD-RK50P-CTR-COM;Redmi;Redmi K50 Pro;Cámara trasera;Compatible;5,09;;;6
RD-RK50P-CFR-COM;Redmi;Redmi K50 Pro;Cámara frontal;Compatible;2,89;;;6
RD-RK50P-LEN-COM;Redmi;Redmi K50 Pro;Lente de cámara;Compatible;1,95;;;6
RD-RK50P-ALT-COM;Redmi;Redmi K50 Pro;Altavoz;Compatible;3,05;;;6
RD-RK50P-AUR-COM;Redmi;Redmi K50 Pro;Auricular de llamada;Compatible;2,19;;;6
RD-RK50P-FLX-COM;Redmi;Redmi K50 Pro;Flex de encendido y volumen;Compatible;2,15;;;6
RD-RK50P-SIM-COM;Redmi;Redmi K50 Pro;Bandeja SIM;Compatible;2,49;;;6
RD-RN11EP-PAN-ORI;Redmi;Redmi Note 11E Pro;Pantalla;Original;68,15;66,11;64,06;12
RD-RN11EP-PAN-OLS;Redmi;Redmi Note 11E Pro;Pantalla;OLED Soft;36,90;35,79;34,69;6
RD-RN11EP-PAN-OLH;Redmi;Redmi Note 11E Pro;Pantalla;OLED Hard;33,30;32,30;31,30;6
RD-RN11EP-PAN-INC;Redmi;Redmi Note 11E Pro;Pantalla;Incell;16,55;16,05;15,56;6
RD-RN11EP-BAT-COM;Redmi;Redmi Note 11E Pro;Batería;Compatible;9,20;;;6
RD-RN11EP-CON-COM;Redmi;Redmi Note 11E Pro;Conector de carga;Compatible;3,50;;;6
RD-RN11EP-TAP-COM;Redmi;Redmi Note 11E Pro;Tapa trasera;Compatible;5,75;;;6
RD-RN11EP-CTR-COM;Redmi;Redmi Note 11E Pro;Cámara trasera;Compatible;7,35;;;6
RD-RN11EP-CFR-COM;Redmi;Redmi Note 11E Pro;Cámara frontal;Compatible;3,29;;;6
RD-RN11EP-LEN-COM;Redmi;Redmi Note 11E Pro;Lente de cámara;Compatible;2,35;;;6
RD-RN11EP-ALT-COM;Redmi;Redmi Note 11E Pro;Altavoz;Compatible;3,55;;;6
RD-RN11EP-AUR-COM;Redmi;Redmi Note 11E Pro;Auricular de llamada;Compatible;2,69;;;6
RD-RN11EP-FLX-COM;Redmi;Redmi Note 11E Pro;Flex de encendido y volumen;Compatible;2,70;;;6
RD-RN11EP-SIM-COM;Redmi;Redmi Note 11E Pro;Bandeja SIM;Compatible;2,65;;;6
RD-RK50G-PAN-ORI;Redmi;Redmi K50G;Pantalla;Original;44,75;43,41;42,07;12
RD-RK50G-PAN-OLS;Redmi;Redmi K50G;Pantalla;OLED Soft;32,40;31,43;30,46;6
RD-RK50G-PAN-OLH;Redmi;Redmi K50G;Pantalla;OLED Hard;29,25;28,37;27,49;6
RD-RK50G-PAN-INC;Redmi;Redmi K50G;Pantalla;Incell;14,55;14,11;13,68;6
RD-RK50G-BAT-COM;Redmi;Redmi K50G;Batería;Compatible;8,19;;;6
RD-RK50G-CON-COM;Redmi;Redmi K50G;Conector de carga;Compatible;2,90;;;6
RD-RK50G-TAP-COM;Redmi;Redmi K50G;Tapa trasera;Compatible;4,90;;;6
RD-RK50G-CTR-COM;Redmi;Redmi K50G;Cámara trasera;Compatible;5,09;;;6
RD-RK50G-CFR-COM;Redmi;Redmi K50G;Cámara frontal;Compatible;2,89;;;6
RD-RK50G-LEN-COM;Redmi;Redmi K50G;Lente de cámara;Compatible;1,95;;;6
RD-RK50G-ALT-COM;Redmi;Redmi K50G;Altavoz;Compatible;3,05;;;6
RD-RK50G-AUR-COM;Redmi;Redmi K50G;Auricular de llamada;Compatible;2,19;;;6
RD-RK50G-FLX-COM;Redmi;Redmi K50G;Flex de encendido y volumen;Compatible;2,15;;;6
RD-RK50G-SIM-COM;Redmi;Redmi K50G;Bandeja SIM;Compatible;2,49;;;6
RD-RN114-PAN-ORI;Redmi;Redmi Note 11 4G;Pantalla;Original;38,15;37,01;35,86;12
RD-RN114-PAN-COM;Redmi;Redmi Note 11 4G;Pantalla;Compatible;14,35;13,92;13,49;6
RD-RN114-BAT-COM;Redmi;Redmi Note 11 4G;Batería;Compatible;8,55;;;6
RD-RN114-CON-COM;Redmi;Redmi Note 11 4G;Conector de carga;Compatible;3,75;;;6
RD-RN114-TAP-COM;Redmi;Redmi Note 11 4G;Tapa trasera;Compatible;5,65;;;6
RD-RN114-CTR-COM;Redmi;Redmi Note 11 4G;Cámara trasera;Compatible;6,05;;;6
RD-RN114-CFR-COM;Redmi;Redmi Note 11 4G;Cámara frontal;Compatible;3,10;;;6
RD-RN114-LEN-COM;Redmi;Redmi Note 11 4G;Lente de cámara;Compatible;1,99;;;6
RD-RN114-ALT-COM;Redmi;Redmi Note 11 4G;Altavoz;Compatible;3,25;;;6
RD-RN114-AUR-COM;Redmi;Redmi Note 11 4G;Auricular de llamada;Compatible;2,15;;;6
RD-RN114-FLX-COM;Redmi;Redmi Note 11 4G;Flex de encendido y volumen;Compatible;2,09;;;6
RD-RN114-SIM-COM;Redmi;Redmi Note 11 4G;Bandeja SIM;Compatible;2,30;;;6
RD-RN10L-PAN-ORI;Redmi;Redmi Note 10 Lite;Pantalla;Original;31,45;30,51;29,56;12
RD-RN10L-PAN-COM;Redmi;Redmi Note 10 Lite;Pantalla;Compatible;14,35;13,92;13,49;6
RD-RN10L-BAT-COM;Redmi;Redmi Note 10 Lite;Batería;Compatible;8,55;;;6
RD-RN10L-CON-COM;Redmi;Redmi Note 10 Lite;Conector de carga;Compatible;3,75;;;6
RD-RN10L-TAP-COM;Redmi;Redmi Note 10 Lite;Tapa trasera;Compatible;5,65;;;6
RD-RN10L-CTR-COM;Redmi;Redmi Note 10 Lite;Cámara trasera;Compatible;6,05;;;6
RD-RN10L-CFR-COM;Redmi;Redmi Note 10 Lite;Cámara frontal;Compatible;3,10;;;6
RD-RN10L-LEN-COM;Redmi;Redmi Note 10 Lite;Lente de cámara;Compatible;1,99;;;6
RD-RN10L-ALT-COM;Redmi;Redmi Note 10 Lite;Altavoz;Compatible;3,25;;;6
RD-RN10L-AUR-COM;Redmi;Redmi Note 10 Lite;Auricular de llamada;Compatible;2,15;;;6
RD-RN10L-FLX-COM;Redmi;Redmi Note 10 Lite;Flex de encendido y volumen;Compatible;2,09;;;6
RD-RN10L-SIM-COM;Redmi;Redmi Note 10 Lite;Bandeja SIM;Compatible;2,30;;;6
RD-RN115-PAN-ORI;Redmi;Redmi Note 11 5G;Pantalla;Original;38,15;37,01;35,86;12
RD-RN115-PAN-COM;Redmi;Redmi Note 11 5G;Pantalla;Compatible;14,35;13,92;13,49;6
RD-RN115-BAT-COM;Redmi;Redmi Note 11 5G;Batería;Compatible;8,55;;;6
RD-RN115-CON-COM;Redmi;Redmi Note 11 5G;Conector de carga;Compatible;3,75;;;6
RD-RN115-TAP-COM;Redmi;Redmi Note 11 5G;Tapa trasera;Compatible;5,65;;;6
RD-RN115-CTR-COM;Redmi;Redmi Note 11 5G;Cámara trasera;Compatible;6,05;;;6
RD-RN115-CFR-COM;Redmi;Redmi Note 11 5G;Cámara frontal;Compatible;3,10;;;6
RD-RN115-LEN-COM;Redmi;Redmi Note 11 5G;Lente de cámara;Compatible;1,99;;;6
RD-RN115-ALT-COM;Redmi;Redmi Note 11 5G;Altavoz;Compatible;3,25;;;6
RD-RN115-AUR-COM;Redmi;Redmi Note 11 5G;Auricular de llamada;Compatible;2,15;;;6
RD-RN115-FLX-COM;Redmi;Redmi Note 11 5G;Flex de encendido y volumen;Compatible;2,09;;;6
RD-RN115-SIM-COM;Redmi;Redmi Note 11 5G;Bandeja SIM;Compatible;2,30;;;6
RD-R10P-PAN-ORI;Redmi;Redmi 10 Prime;Pantalla;Original;22,35;21,68;21,01;12
RD-R10P-PAN-COM;Redmi;Redmi 10 Prime;Pantalla;Compatible;12,50;12,13;11,75;6
RD-R10P-BAT-COM;Redmi;Redmi 10 Prime;Batería;Compatible;8,19;;;6
RD-R10P-CON-COM;Redmi;Redmi 10 Prime;Conector de carga;Compatible;2,75;;;6
RD-R10P-TAP-COM;Redmi;Redmi 10 Prime;Tapa trasera;Compatible;4,95;;;6
RD-R10P-CTR-COM;Redmi;Redmi 10 Prime;Cámara trasera;Compatible;4,99;;;6
RD-R10P-CFR-COM;Redmi;Redmi 10 Prime;Cámara frontal;Compatible;2,85;;;6
RD-R10P-LEN-COM;Redmi;Redmi 10 Prime;Lente de cámara;Compatible;1,85;;;6
RD-R10P-ALT-COM;Redmi;Redmi 10 Prime;Altavoz;Compatible;3,05;;;6
RD-R10P-AUR-COM;Redmi;Redmi 10 Prime;Auricular de llamada;Compatible;2,19;;;6
RD-R10P-FLX-COM;Redmi;Redmi 10 Prime;Flex de encendido y volumen;Compatible;2,15;;;6
RD-R10P-SIM-COM;Redmi;Redmi 10 Prime;Bandeja SIM;Compatible;2,49;;;6
RD-REDMI9AC-PAN-ORI;Redmi;Redmi 9 Activ;Pantalla;Original;22,35;21,68;21,01;12
RD-REDMI9AC-PAN-COM;Redmi;Redmi 9 Activ;Pantalla;Compatible;12,50;12,13;11,75;6
RD-REDMI9AC-BAT-COM;Redmi;Redmi 9 Activ;Batería;Compatible;8,19;;;6
RD-REDMI9AC-CON-COM;Redmi;Redmi 9 Activ;Conector de carga;Compatible;2,75;;;6
RD-REDMI9AC-TAP-COM;Redmi;Redmi 9 Activ;Tapa trasera;Compatible;4,95;;;6
RD-REDMI9AC-CTR-COM;Redmi;Redmi 9 Activ;Cámara trasera;Compatible;4,99;;;6
RD-REDMI9AC-CFR-COM;Redmi;Redmi 9 Activ;Cámara frontal;Compatible;2,85;;;6
RD-REDMI9AC-LEN-COM;Redmi;Redmi 9 Activ;Lente de cámara;Compatible;1,85;;;6
RD-REDMI9AC-ALT-COM;Redmi;Redmi 9 Activ;Altavoz;Compatible;3,05;;;6
RD-REDMI9AC-AUR-COM;Redmi;Redmi 9 Activ;Auricular de llamada;Compatible;2,19;;;6
RD-REDMI9AC-FLX-COM;Redmi;Redmi 9 Activ;Flex de encendido y volumen;Compatible;2,15;;;6
RD-REDMI9AC-SIM-COM;Redmi;Redmi 9 Activ;Bandeja SIM;Compatible;2,49;;;6
RD-R9I-PAN-ORI;Redmi;Redmi 9i;Pantalla;Original;22,35;21,68;21,01;12
RD-R9I-PAN-COM;Redmi;Redmi 9i;Pantalla;Compatible;12,50;12,13;11,75;6
RD-R9I-BAT-COM;Redmi;Redmi 9i;Batería;Compatible;8,19;;;6
RD-R9I-CON-COM;Redmi;Redmi 9i;Conector de carga;Compatible;2,75;;;6
RD-R9I-TAP-COM;Redmi;Redmi 9i;Tapa trasera;Compatible;4,95;;;6
RD-R9I-CTR-COM;Redmi;Redmi 9i;Cámara trasera;Compatible;4,99;;;6
RD-R9I-CFR-COM;Redmi;Redmi 9i;Cámara frontal;Compatible;2,85;;;6
RD-R9I-LEN-COM;Redmi;Redmi 9i;Lente de cámara;Compatible;1,85;;;6
RD-R9I-ALT-COM;Redmi;Redmi 9i;Altavoz;Compatible;3,05;;;6
RD-R9I-AUR-COM;Redmi;Redmi 9i;Auricular de llamada;Compatible;2,19;;;6
RD-R9I-FLX-COM;Redmi;Redmi 9i;Flex de encendido y volumen;Compatible;2,15;;;6
RD-R9I-SIM-COM;Redmi;Redmi 9i;Bandeja SIM;Compatible;2,49;;;6
RD-R9IS-PAN-ORI;Redmi;Redmi 9i Sport;Pantalla;Original;22,35;21,68;21,01;12
RD-R9IS-PAN-COM;Redmi;Redmi 9i Sport;Pantalla;Compatible;12,50;12,13;11,75;6
RD-R9IS-BAT-COM;Redmi;Redmi 9i Sport;Batería;Compatible;8,19;;;6
RD-R9IS-CON-COM;Redmi;Redmi 9i Sport;Conector de carga;Compatible;2,75;;;6
RD-R9IS-TAP-COM;Redmi;Redmi 9i Sport;Tapa trasera;Compatible;4,95;;;6
RD-R9IS-CTR-COM;Redmi;Redmi 9i Sport;Cámara trasera;Compatible;4,99;;;6
RD-R9IS-CFR-COM;Redmi;Redmi 9i Sport;Cámara frontal;Compatible;2,85;;;6
RD-R9IS-LEN-COM;Redmi;Redmi 9i Sport;Lente de cámara;Compatible;1,85;;;6
RD-R9IS-ALT-COM;Redmi;Redmi 9i Sport;Altavoz;Compatible;3,05;;;6
RD-R9IS-AUR-COM;Redmi;Redmi 9i Sport;Auricular de llamada;Compatible;2,19;;;6
RD-R9IS-FLX-COM;Redmi;Redmi 9i Sport;Flex de encendido y volumen;Compatible;2,15;;;6
RD-R9IS-SIM-COM;Redmi;Redmi 9i Sport;Bandeja SIM;Compatible;2,49;;;6
RD-RN10JE-PAN-ORI;Redmi;Redmi Note 10 JE;Pantalla;Original;31,45;30,51;29,56;12
RD-RN10JE-PAN-COM;Redmi;Redmi Note 10 JE;Pantalla;Compatible;14,35;13,92;13,49;6
RD-RN10JE-BAT-COM;Redmi;Redmi Note 10 JE;Batería;Compatible;8,55;;;6
RD-RN10JE-CON-COM;Redmi;Redmi Note 10 JE;Conector de carga;Compatible;3,75;;;6
RD-RN10JE-TAP-COM;Redmi;Redmi Note 10 JE;Tapa trasera;Compatible;5,65;;;6
RD-RN10JE-CTR-COM;Redmi;Redmi Note 10 JE;Cámara trasera;Compatible;6,05;;;6
RD-RN10JE-CFR-COM;Redmi;Redmi Note 10 JE;Cámara frontal;Compatible;3,10;;;6
RD-RN10JE-LEN-COM;Redmi;Redmi Note 10 JE;Lente de cámara;Compatible;1,99;;;6
RD-RN10JE-ALT-COM;Redmi;Redmi Note 10 JE;Altavoz;Compatible;3,25;;;6
RD-RN10JE-AUR-COM;Redmi;Redmi Note 10 JE;Auricular de llamada;Compatible;2,15;;;6
RD-RN10JE-FLX-COM;Redmi;Redmi Note 10 JE;Flex de encendido y volumen;Compatible;2,09;;;6
RD-RN10JE-SIM-COM;Redmi;Redmi Note 10 JE;Bandeja SIM;Compatible;2,30;;;6
RD-RN10T5-PAN-ORI;Redmi;Redmi Note 10T 5G;Pantalla;Original;31,45;30,51;29,56;12
RD-RN10T5-PAN-COM;Redmi;Redmi Note 10T 5G;Pantalla;Compatible;14,35;13,92;13,49;6
RD-RN10T5-BAT-COM;Redmi;Redmi Note 10T 5G;Batería;Compatible;8,55;;;6
RD-RN10T5-CON-COM;Redmi;Redmi Note 10T 5G;Conector de carga;Compatible;3,75;;;6
RD-RN10T5-TAP-COM;Redmi;Redmi Note 10T 5G;Tapa trasera;Compatible;5,65;;;6
RD-RN10T5-CTR-COM;Redmi;Redmi Note 10T 5G;Cámara trasera;Compatible;6,05;;;6
RD-RN10T5-CFR-COM;Redmi;Redmi Note 10T 5G;Cámara frontal;Compatible;3,10;;;6
RD-RN10T5-LEN-COM;Redmi;Redmi Note 10T 5G;Lente de cámara;Compatible;1,99;;;6
RD-RN10T5-ALT-COM;Redmi;Redmi Note 10T 5G;Altavoz;Compatible;3,25;;;6
RD-RN10T5-AUR-COM;Redmi;Redmi Note 10T 5G;Auricular de llamada;Compatible;2,15;;;6
RD-RN10T5-FLX-COM;Redmi;Redmi Note 10T 5G;Flex de encendido y volumen;Compatible;2,09;;;6
RD-RN10T5-SIM-COM;Redmi;Redmi Note 10T 5G;Bandeja SIM;Compatible;2,30;;;6
RD-RN10P5-PAN-ORI;Redmi;Redmi Note 10 Pro 5G;Pantalla;Original;38,15;37,01;35,86;12
RD-RN10P5-PAN-COM;Redmi;Redmi Note 10 Pro 5G;Pantalla;Compatible;14,50;14,07;13,63;6
RD-RN10P5-BAT-COM;Redmi;Redmi Note 10 Pro 5G;Batería;Compatible;9,20;;;6
RD-RN10P5-CON-COM;Redmi;Redmi Note 10 Pro 5G;Conector de carga;Compatible;3,50;;;6
RD-RN10P5-TAP-COM;Redmi;Redmi Note 10 Pro 5G;Tapa trasera;Compatible;5,75;;;6
RD-RN10P5-CTR-COM;Redmi;Redmi Note 10 Pro 5G;Cámara trasera;Compatible;7,35;;;6
RD-RN10P5-CFR-COM;Redmi;Redmi Note 10 Pro 5G;Cámara frontal;Compatible;3,29;;;6
RD-RN10P5-LEN-COM;Redmi;Redmi Note 10 Pro 5G;Lente de cámara;Compatible;2,35;;;6
RD-RN10P5-ALT-COM;Redmi;Redmi Note 10 Pro 5G;Altavoz;Compatible;3,55;;;6
RD-RN10P5-AUR-COM;Redmi;Redmi Note 10 Pro 5G;Auricular de llamada;Compatible;2,69;;;6
RD-RN10P5-FLX-COM;Redmi;Redmi Note 10 Pro 5G;Flex de encendido y volumen;Compatible;2,70;;;6
RD-RN10P5-SIM-COM;Redmi;Redmi Note 10 Pro 5G;Bandeja SIM;Compatible;2,65;;;6
RD-RK40G-PAN-ORI;Redmi;Redmi K40 Gaming;Pantalla;Original;44,75;43,41;42,07;12
RD-RK40G-PAN-OLS;Redmi;Redmi K40 Gaming;Pantalla;OLED Soft;32,40;31,43;30,46;6
RD-RK40G-PAN-OLH;Redmi;Redmi K40 Gaming;Pantalla;OLED Hard;29,25;28,37;27,49;6
RD-RK40G-PAN-INC;Redmi;Redmi K40 Gaming;Pantalla;Incell;14,55;14,11;13,68;6
RD-RK40G-BAT-COM;Redmi;Redmi K40 Gaming;Batería;Compatible;8,19;;;6
RD-RK40G-CON-COM;Redmi;Redmi K40 Gaming;Conector de carga;Compatible;2,90;;;6
RD-RK40G-TAP-COM;Redmi;Redmi K40 Gaming;Tapa trasera;Compatible;4,90;;;6
RD-RK40G-CTR-COM;Redmi;Redmi K40 Gaming;Cámara trasera;Compatible;5,09;;;6
RD-RK40G-CFR-COM;Redmi;Redmi K40 Gaming;Cámara frontal;Compatible;2,89;;;6
RD-RK40G-LEN-COM;Redmi;Redmi K40 Gaming;Lente de cámara;Compatible;1,95;;;6
RD-RK40G-ALT-COM;Redmi;Redmi K40 Gaming;Altavoz;Compatible;3,05;;;6
RD-RK40G-AUR-COM;Redmi;Redmi K40 Gaming;Auricular de llamada;Compatible;2,19;;;6
RD-RK40G-FLX-COM;Redmi;Redmi K40 Gaming;Flex de encendido y volumen;Compatible;2,15;;;6
RD-RK40G-SIM-COM;Redmi;Redmi K40 Gaming;Bandeja SIM;Compatible;2,49;;;6
RD-RK40-PAN-ORI;Redmi;Redmi K40;Pantalla;Original;44,75;43,41;42,07;12
RD-RK40-PAN-OLS;Redmi;Redmi K40;Pantalla;OLED Soft;32,40;31,43;30,46;6
RD-RK40-PAN-OLH;Redmi;Redmi K40;Pantalla;OLED Hard;29,25;28,37;27,49;6
RD-RK40-PAN-INC;Redmi;Redmi K40;Pantalla;Incell;14,55;14,11;13,68;6
RD-RK40-BAT-COM;Redmi;Redmi K40;Batería;Compatible;8,19;;;6
RD-RK40-CON-COM;Redmi;Redmi K40;Conector de carga;Compatible;2,90;;;6
RD-RK40-TAP-COM;Redmi;Redmi K40;Tapa trasera;Compatible;4,90;;;6
RD-RK40-CTR-COM;Redmi;Redmi K40;Cámara trasera;Compatible;5,09;;;6
RD-RK40-CFR-COM;Redmi;Redmi K40;Cámara frontal;Compatible;2,89;;;6
RD-RK40-LEN-COM;Redmi;Redmi K40;Lente de cámara;Compatible;1,95;;;6
RD-RK40-ALT-COM;Redmi;Redmi K40;Altavoz;Compatible;3,05;;;6
RD-RK40-AUR-COM;Redmi;Redmi K40;Auricular de llamada;Compatible;2,19;;;6
RD-RK40-FLX-COM;Redmi;Redmi K40;Flex de encendido y volumen;Compatible;2,15;;;6
RD-RK40-SIM-COM;Redmi;Redmi K40;Bandeja SIM;Compatible;2,49;;;6
RD-RK40P-PAN-ORI;Redmi;Redmi K40 Pro;Pantalla;Original;44,75;43,41;42,07;12
RD-RK40P-PAN-OLS;Redmi;Redmi K40 Pro;Pantalla;OLED Soft;32,40;31,43;30,46;6
RD-RK40P-PAN-OLH;Redmi;Redmi K40 Pro;Pantalla;OLED Hard;29,25;28,37;27,49;6
RD-RK40P-PAN-INC;Redmi;Redmi K40 Pro;Pantalla;Incell;14,55;14,11;13,68;6
RD-RK40P-BAT-COM;Redmi;Redmi K40 Pro;Batería;Compatible;8,19;;;6
RD-RK40P-CON-COM;Redmi;Redmi K40 Pro;Conector de carga;Compatible;2,90;;;6
RD-RK40P-TAP-COM;Redmi;Redmi K40 Pro;Tapa trasera;Compatible;4,90;;;6
RD-RK40P-CTR-COM;Redmi;Redmi K40 Pro;Cámara trasera;Compatible;5,09;;;6
RD-RK40P-CFR-COM;Redmi;Redmi K40 Pro;Cámara frontal;Compatible;2,89;;;6
RD-RK40P-LEN-COM;Redmi;Redmi K40 Pro;Lente de cámara;Compatible;1,95;;;6
RD-RK40P-ALT-COM;Redmi;Redmi K40 Pro;Altavoz;Compatible;3,05;;;6
RD-RK40P-AUR-COM;Redmi;Redmi K40 Pro;Auricular de llamada;Compatible;2,19;;;6
RD-RK40P-FLX-COM;Redmi;Redmi K40 Pro;Flex de encendido y volumen;Compatible;2,15;;;6
RD-RK40P-SIM-COM;Redmi;Redmi K40 Pro;Bandeja SIM;Compatible;2,49;;;6
RD-RN10PM-PAN-ORI;Redmi;Redmi Note 10 Pro Max;Pantalla;Original;68,15;66,11;64,06;12
RD-RN10PM-PAN-OLS;Redmi;Redmi Note 10 Pro Max;Pantalla;OLED Soft;36,90;35,79;34,69;6
RD-RN10PM-PAN-OLH;Redmi;Redmi Note 10 Pro Max;Pantalla;OLED Hard;33,30;32,30;31,30;6
RD-RN10PM-PAN-INC;Redmi;Redmi Note 10 Pro Max;Pantalla;Incell;16,55;16,05;15,56;6
RD-RN10PM-BAT-COM;Redmi;Redmi Note 10 Pro Max;Batería;Compatible;9,20;;;6
RD-RN10PM-CON-COM;Redmi;Redmi Note 10 Pro Max;Conector de carga;Compatible;3,50;;;6
RD-RN10PM-TAP-COM;Redmi;Redmi Note 10 Pro Max;Tapa trasera;Compatible;5,75;;;6
RD-RN10PM-CTR-COM;Redmi;Redmi Note 10 Pro Max;Cámara trasera;Compatible;7,35;;;6
RD-RN10PM-CFR-COM;Redmi;Redmi Note 10 Pro Max;Cámara frontal;Compatible;3,29;;;6
RD-RN10PM-LEN-COM;Redmi;Redmi Note 10 Pro Max;Lente de cámara;Compatible;2,35;;;6
RD-RN10PM-ALT-COM;Redmi;Redmi Note 10 Pro Max;Altavoz;Compatible;3,55;;;6
RD-RN10PM-AUR-COM;Redmi;Redmi Note 10 Pro Max;Auricular de llamada;Compatible;2,69;;;6
RD-RN10PM-FLX-COM;Redmi;Redmi Note 10 Pro Max;Flex de encendido y volumen;Compatible;2,70;;;6
RD-RN10PM-SIM-COM;Redmi;Redmi Note 10 Pro Max;Bandeja SIM;Compatible;2,65;;;6
RD-RN9P5-PAN-ORI;Redmi;Redmi Note 9 Pro 5G;Pantalla;Original;36,19;35,10;34,02;12
RD-RN9P5-PAN-COM;Redmi;Redmi Note 9 Pro 5G;Pantalla;Compatible;14,50;14,07;13,63;6
RD-RN9P5-BAT-COM;Redmi;Redmi Note 9 Pro 5G;Batería;Compatible;9,20;;;6
RD-RN9P5-CON-COM;Redmi;Redmi Note 9 Pro 5G;Conector de carga;Compatible;3,50;;;6
RD-RN9P5-TAP-COM;Redmi;Redmi Note 9 Pro 5G;Tapa trasera;Compatible;5,75;;;6
RD-RN9P5-CTR-COM;Redmi;Redmi Note 9 Pro 5G;Cámara trasera;Compatible;7,35;;;6
RD-RN9P5-CFR-COM;Redmi;Redmi Note 9 Pro 5G;Cámara frontal;Compatible;3,29;;;6
RD-RN9P5-LEN-COM;Redmi;Redmi Note 9 Pro 5G;Lente de cámara;Compatible;2,35;;;6
RD-RN9P5-ALT-COM;Redmi;Redmi Note 9 Pro 5G;Altavoz;Compatible;3,55;;;6
RD-RN9P5-AUR-COM;Redmi;Redmi Note 9 Pro 5G;Auricular de llamada;Compatible;2,69;;;6
RD-RN9P5-FLX-COM;Redmi;Redmi Note 9 Pro 5G;Flex de encendido y volumen;Compatible;2,70;;;6
RD-RN9P5-SIM-COM;Redmi;Redmi Note 9 Pro 5G;Bandeja SIM;Compatible;2,65;;;6
RD-R9AS-PAN-ORI;Redmi;Redmi 9A Sport;Pantalla;Original;22,35;21,68;21,01;12
RD-R9AS-PAN-COM;Redmi;Redmi 9A Sport;Pantalla;Compatible;12,50;12,13;11,75;6
RD-R9AS-BAT-COM;Redmi;Redmi 9A Sport;Batería;Compatible;8,19;;;6
RD-R9AS-CON-COM;Redmi;Redmi 9A Sport;Conector de carga;Compatible;2,75;;;6
RD-R9AS-TAP-COM;Redmi;Redmi 9A Sport;Tapa trasera;Compatible;4,95;;;6
RD-R9AS-CTR-COM;Redmi;Redmi 9A Sport;Cámara trasera;Compatible;4,99;;;6
RD-R9AS-CFR-COM;Redmi;Redmi 9A Sport;Cámara frontal;Compatible;2,85;;;6
RD-R9AS-LEN-COM;Redmi;Redmi 9A Sport;Lente de cámara;Compatible;1,85;;;6
RD-R9AS-ALT-COM;Redmi;Redmi 9A Sport;Altavoz;Compatible;3,05;;;6
RD-R9AS-AUR-COM;Redmi;Redmi 9A Sport;Auricular de llamada;Compatible;2,19;;;6
RD-R9AS-FLX-COM;Redmi;Redmi 9A Sport;Flex de encendido y volumen;Compatible;2,15;;;6
RD-R9AS-SIM-COM;Redmi;Redmi 9A Sport;Bandeja SIM;Compatible;2,49;;;6
RD-RK30U-PAN-ORI;Redmi;Redmi K30 Ultra;Pantalla;Original;57,20;55,48;53,77;12
RD-RK30U-PAN-OLS;Redmi;Redmi K30 Ultra;Pantalla;OLED Soft;35,65;34,58;33,51;6
RD-RK30U-PAN-OLH;Redmi;Redmi K30 Ultra;Pantalla;OLED Hard;32,15;31,19;30,22;6
RD-RK30U-PAN-INC;Redmi;Redmi K30 Ultra;Pantalla;Incell;15,99;15,51;15,03;6
RD-RK30U-BAT-COM;Redmi;Redmi K30 Ultra;Batería;Compatible;8,65;;;6
RD-RK30U-CON-COM;Redmi;Redmi K30 Ultra;Conector de carga;Compatible;2,90;;;6
RD-RK30U-TAP-COM;Redmi;Redmi K30 Ultra;Tapa trasera;Compatible;4,90;;;6
RD-RK30U-CTR-COM;Redmi;Redmi K30 Ultra;Cámara trasera;Compatible;5,45;;;6
RD-RK30U-CFR-COM;Redmi;Redmi K30 Ultra;Cámara frontal;Compatible;2,89;;;6
RD-RK30U-LEN-COM;Redmi;Redmi K30 Ultra;Lente de cámara;Compatible;1,95;;;6
RD-RK30U-ALT-COM;Redmi;Redmi K30 Ultra;Altavoz;Compatible;3,05;;;6
RD-RK30U-AUR-COM;Redmi;Redmi K30 Ultra;Auricular de llamada;Compatible;2,19;;;6
RD-RK30U-FLX-COM;Redmi;Redmi K30 Ultra;Flex de encendido y volumen;Compatible;2,15;;;6
RD-RK30U-SIM-COM;Redmi;Redmi K30 Ultra;Bandeja SIM;Compatible;2,49;;;6
RD-R10X5-PAN-ORI;Redmi;Redmi 10X 5G;Pantalla;Original;42,10;40,84;39,57;12
RD-R10X5-PAN-OLS;Redmi;Redmi 10X 5G;Pantalla;OLED Soft;31,80;30,85;29,89;6
RD-R10X5-PAN-OLH;Redmi;Redmi 10X 5G;Pantalla;OLED Hard;28,70;27,84;26,98;6
RD-R10X5-PAN-INC;Redmi;Redmi 10X 5G;Pantalla;Incell;14,25;13,82;13,40;6
RD-R10X5-BAT-COM;Redmi;Redmi 10X 5G;Batería;Compatible;8,19;;;6
RD-R10X5-CON-COM;Redmi;Redmi 10X 5G;Conector de carga;Compatible;2,75;;;6
RD-R10X5-TAP-COM;Redmi;Redmi 10X 5G;Tapa trasera;Compatible;4,95;;;6
RD-R10X5-CTR-COM;Redmi;Redmi 10X 5G;Cámara trasera;Compatible;4,99;;;6
RD-R10X5-CFR-COM;Redmi;Redmi 10X 5G;Cámara frontal;Compatible;2,85;;;6
RD-R10X5-LEN-COM;Redmi;Redmi 10X 5G;Lente de cámara;Compatible;1,85;;;6
RD-R10X5-ALT-COM;Redmi;Redmi 10X 5G;Altavoz;Compatible;3,05;;;6
RD-R10X5-AUR-COM;Redmi;Redmi 10X 5G;Auricular de llamada;Compatible;2,19;;;6
RD-R10X5-FLX-COM;Redmi;Redmi 10X 5G;Flex de encendido y volumen;Compatible;2,15;;;6
RD-R10X5-SIM-COM;Redmi;Redmi 10X 5G;Bandeja SIM;Compatible;2,49;;;6
RD-R10XP5-PAN-ORI;Redmi;Redmi 10X Pro 5G;Pantalla;Original;42,10;40,84;39,57;12
RD-R10XP5-PAN-OLS;Redmi;Redmi 10X Pro 5G;Pantalla;OLED Soft;31,80;30,85;29,89;6
RD-R10XP5-PAN-OLH;Redmi;Redmi 10X Pro 5G;Pantalla;OLED Hard;28,70;27,84;26,98;6
RD-R10XP5-PAN-INC;Redmi;Redmi 10X Pro 5G;Pantalla;Incell;14,25;13,82;13,40;6
RD-R10XP5-BAT-COM;Redmi;Redmi 10X Pro 5G;Batería;Compatible;8,19;;;6
RD-R10XP5-CON-COM;Redmi;Redmi 10X Pro 5G;Conector de carga;Compatible;2,75;;;6
RD-R10XP5-TAP-COM;Redmi;Redmi 10X Pro 5G;Tapa trasera;Compatible;4,95;;;6
RD-R10XP5-CTR-COM;Redmi;Redmi 10X Pro 5G;Cámara trasera;Compatible;4,99;;;6
RD-R10XP5-CFR-COM;Redmi;Redmi 10X Pro 5G;Cámara frontal;Compatible;2,85;;;6
RD-R10XP5-LEN-COM;Redmi;Redmi 10X Pro 5G;Lente de cámara;Compatible;1,85;;;6
RD-R10XP5-ALT-COM;Redmi;Redmi 10X Pro 5G;Altavoz;Compatible;3,05;;;6
RD-R10XP5-AUR-COM;Redmi;Redmi 10X Pro 5G;Auricular de llamada;Compatible;2,19;;;6
RD-R10XP5-FLX-COM;Redmi;Redmi 10X Pro 5G;Flex de encendido y volumen;Compatible;2,15;;;6
RD-R10XP5-SIM-COM;Redmi;Redmi 10X Pro 5G;Bandeja SIM;Compatible;2,49;;;6
RD-RK30I5-PAN-ORI;Redmi;Redmi K30i 5G;Pantalla;Original;23,75;23,04;22,33;12
RD-RK30I5-PAN-COM;Redmi;Redmi K30i 5G;Pantalla;Compatible;12,75;12,37;11,99;6
RD-RK30I5-BAT-COM;Redmi;Redmi K30i 5G;Batería;Compatible;8,19;;;6
RD-RK30I5-CON-COM;Redmi;Redmi K30i 5G;Conector de carga;Compatible;2,90;;;6
RD-RK30I5-TAP-COM;Redmi;Redmi K30i 5G;Tapa trasera;Compatible;4,90;;;6
RD-RK30I5-CTR-COM;Redmi;Redmi K30i 5G;Cámara trasera;Compatible;5,09;;;6
RD-RK30I5-CFR-COM;Redmi;Redmi K30i 5G;Cámara frontal;Compatible;2,89;;;6
RD-RK30I5-LEN-COM;Redmi;Redmi K30i 5G;Lente de cámara;Compatible;1,95;;;6
RD-RK30I5-ALT-COM;Redmi;Redmi K30i 5G;Altavoz;Compatible;3,05;;;6
RD-RK30I5-AUR-COM;Redmi;Redmi K30i 5G;Auricular de llamada;Compatible;2,19;;;6
RD-RK30I5-FLX-COM;Redmi;Redmi K30i 5G;Flex de encendido y volumen;Compatible;2,15;;;6
RD-RK30I5-SIM-COM;Redmi;Redmi K30i 5G;Bandeja SIM;Compatible;2,49;;;6
RD-RK305S-PAN-ORI;Redmi;Redmi K30 5G Speed;Pantalla;Original;23,75;23,04;22,33;12
RD-RK305S-PAN-COM;Redmi;Redmi K30 5G Speed;Pantalla;Compatible;12,75;12,37;11,99;6
RD-RK305S-BAT-COM;Redmi;Redmi K30 5G Speed;Batería;Compatible;8,19;;;6
RD-RK305S-CON-COM;Redmi;Redmi K30 5G Speed;Conector de carga;Compatible;2,90;;;6
RD-RK305S-TAP-COM;Redmi;Redmi K30 5G Speed;Tapa trasera;Compatible;4,90;;;6
RD-RK305S-CTR-COM;Redmi;Redmi K30 5G Speed;Cámara trasera;Compatible;5,09;;;6
RD-RK305S-CFR-COM;Redmi;Redmi K30 5G Speed;Cámara frontal;Compatible;2,89;;;6
RD-RK305S-LEN-COM;Redmi;Redmi K30 5G Speed;Lente de cámara;Compatible;1,95;;;6
RD-RK305S-ALT-COM;Redmi;Redmi K30 5G Speed;Altavoz;Compatible;3,05;;;6
RD-RK305S-AUR-COM;Redmi;Redmi K30 5G Speed;Auricular de llamada;Compatible;2,19;;;6
RD-RK305S-FLX-COM;Redmi;Redmi K30 5G Speed;Flex de encendido y volumen;Compatible;2,15;;;6
RD-RK305S-SIM-COM;Redmi;Redmi K30 5G Speed;Bandeja SIM;Compatible;2,49;;;6
RD-RN9PM-PAN-ORI;Redmi;Redmi Note 9 Pro Max;Pantalla;Original;36,19;35,10;34,02;12
RD-RN9PM-PAN-COM;Redmi;Redmi Note 9 Pro Max;Pantalla;Compatible;14,50;14,07;13,63;6
RD-RN9PM-BAT-COM;Redmi;Redmi Note 9 Pro Max;Batería;Compatible;9,20;;;6
RD-RN9PM-CON-COM;Redmi;Redmi Note 9 Pro Max;Conector de carga;Compatible;3,50;;;6
RD-RN9PM-TAP-COM;Redmi;Redmi Note 9 Pro Max;Tapa trasera;Compatible;5,75;;;6
RD-RN9PM-CTR-COM;Redmi;Redmi Note 9 Pro Max;Cámara trasera;Compatible;7,35;;;6
RD-RN9PM-CFR-COM;Redmi;Redmi Note 9 Pro Max;Cámara frontal;Compatible;3,29;;;6
RD-RN9PM-LEN-COM;Redmi;Redmi Note 9 Pro Max;Lente de cámara;Compatible;2,35;;;6
RD-RN9PM-ALT-COM;Redmi;Redmi Note 9 Pro Max;Altavoz;Compatible;3,55;;;6
RD-RN9PM-AUR-COM;Redmi;Redmi Note 9 Pro Max;Auricular de llamada;Compatible;2,69;;;6
RD-RN9PM-FLX-COM;Redmi;Redmi Note 9 Pro Max;Flex de encendido y volumen;Compatible;2,70;;;6
RD-RN9PM-SIM-COM;Redmi;Redmi Note 9 Pro Max;Bandeja SIM;Compatible;2,65;;;6
RD-RK30PZ-PAN-ORI;Redmi;Redmi K30 Pro Zoom;Pantalla;Original;44,75;43,41;42,07;12
RD-RK30PZ-PAN-OLS;Redmi;Redmi K30 Pro Zoom;Pantalla;OLED Soft;32,40;31,43;30,46;6
RD-RK30PZ-PAN-OLH;Redmi;Redmi K30 Pro Zoom;Pantalla;OLED Hard;29,25;28,37;27,49;6
RD-RK30PZ-PAN-INC;Redmi;Redmi K30 Pro Zoom;Pantalla;Incell;14,55;14,11;13,68;6
RD-RK30PZ-BAT-COM;Redmi;Redmi K30 Pro Zoom;Batería;Compatible;8,19;;;6
RD-RK30PZ-CON-COM;Redmi;Redmi K30 Pro Zoom;Conector de carga;Compatible;2,90;;;6
RD-RK30PZ-TAP-COM;Redmi;Redmi K30 Pro Zoom;Tapa trasera;Compatible;4,90;;;6
RD-RK30PZ-CTR-COM;Redmi;Redmi K30 Pro Zoom;Cámara trasera;Compatible;5,09;;;6
RD-RK30PZ-CFR-COM;Redmi;Redmi K30 Pro Zoom;Cámara frontal;Compatible;2,89;;;6
RD-RK30PZ-LEN-COM;Redmi;Redmi K30 Pro Zoom;Lente de cámara;Compatible;1,95;;;6
RD-RK30PZ-ALT-COM;Redmi;Redmi K30 Pro Zoom;Altavoz;Compatible;3,05;;;6
RD-RK30PZ-AUR-COM;Redmi;Redmi K30 Pro Zoom;Auricular de llamada;Compatible;2,19;;;6
RD-RK30PZ-FLX-COM;Redmi;Redmi K30 Pro Zoom;Flex de encendido y volumen;Compatible;2,15;;;6
RD-RK30PZ-SIM-COM;Redmi;Redmi K30 Pro Zoom;Bandeja SIM;Compatible;2,49;;;6
RD-RK30P-PAN-ORI;Redmi;Redmi K30 Pro;Pantalla;Original;44,75;43,41;42,07;12
RD-RK30P-PAN-OLS;Redmi;Redmi K30 Pro;Pantalla;OLED Soft;32,40;31,43;30,46;6
RD-RK30P-PAN-OLH;Redmi;Redmi K30 Pro;Pantalla;OLED Hard;29,25;28,37;27,49;6
RD-RK30P-PAN-INC;Redmi;Redmi K30 Pro;Pantalla;Incell;14,55;14,11;13,68;6
RD-RK30P-BAT-COM;Redmi;Redmi K30 Pro;Batería;Compatible;8,65;;;6
RD-RK30P-CON-COM;Redmi;Redmi K30 Pro;Conector de carga;Compatible;2,90;;;6
RD-RK30P-TAP-COM;Redmi;Redmi K30 Pro;Tapa trasera;Compatible;4,90;;;6
RD-RK30P-CTR-COM;Redmi;Redmi K30 Pro;Cámara trasera;Compatible;5,45;;;6
RD-RK30P-CFR-COM;Redmi;Redmi K30 Pro;Cámara frontal;Compatible;2,89;;;6
RD-RK30P-LEN-COM;Redmi;Redmi K30 Pro;Lente de cámara;Compatible;1,95;;;6
RD-RK30P-ALT-COM;Redmi;Redmi K30 Pro;Altavoz;Compatible;3,05;;;6
RD-RK30P-AUR-COM;Redmi;Redmi K30 Pro;Auricular de llamada;Compatible;2,19;;;6
RD-RK30P-FLX-COM;Redmi;Redmi K30 Pro;Flex de encendido y volumen;Compatible;2,15;;;6
RD-RK30P-SIM-COM;Redmi;Redmi K30 Pro;Bandeja SIM;Compatible;2,49;;;6
RD-R8AD-PAN-ORI;Redmi;Redmi 8A Dual;Pantalla;Original;22,35;21,68;21,01;12
RD-R8AD-PAN-COM;Redmi;Redmi 8A Dual;Pantalla;Compatible;12,50;12,13;11,75;6
RD-R8AD-BAT-COM;Redmi;Redmi 8A Dual;Batería;Compatible;8,19;;;6
RD-R8AD-CON-COM;Redmi;Redmi 8A Dual;Conector de carga;Compatible;2,75;;;6
RD-R8AD-TAP-COM;Redmi;Redmi 8A Dual;Tapa trasera;Compatible;4,95;;;6
RD-R8AD-CTR-COM;Redmi;Redmi 8A Dual;Cámara trasera;Compatible;4,99;;;6
RD-R8AD-CFR-COM;Redmi;Redmi 8A Dual;Cámara frontal;Compatible;2,85;;;6
RD-R8AD-LEN-COM;Redmi;Redmi 8A Dual;Lente de cámara;Compatible;1,85;;;6
RD-R8AD-ALT-COM;Redmi;Redmi 8A Dual;Altavoz;Compatible;3,05;;;6
RD-R8AD-AUR-COM;Redmi;Redmi 8A Dual;Auricular de llamada;Compatible;2,19;;;6
RD-R8AD-FLX-COM;Redmi;Redmi 8A Dual;Flex de encendido y volumen;Compatible;2,15;;;6
RD-R8AD-SIM-COM;Redmi;Redmi 8A Dual;Bandeja SIM;Compatible;2,49;;;6
RD-RK305-PAN-ORI;Redmi;Redmi K30 5G;Pantalla;Original;23,75;23,04;22,33;12
RD-RK305-PAN-COM;Redmi;Redmi K30 5G;Pantalla;Compatible;12,75;12,37;11,99;6
RD-RK305-BAT-COM;Redmi;Redmi K30 5G;Batería;Compatible;8,19;;;6
RD-RK305-CON-COM;Redmi;Redmi K30 5G;Conector de carga;Compatible;2,90;;;6
RD-RK305-TAP-COM;Redmi;Redmi K30 5G;Tapa trasera;Compatible;4,90;;;6
RD-RK305-CTR-COM;Redmi;Redmi K30 5G;Cámara trasera;Compatible;5,09;;;6
RD-RK305-CFR-COM;Redmi;Redmi K30 5G;Cámara frontal;Compatible;2,89;;;6
RD-RK305-LEN-COM;Redmi;Redmi K30 5G;Lente de cámara;Compatible;1,95;;;6
RD-RK305-ALT-COM;Redmi;Redmi K30 5G;Altavoz;Compatible;3,05;;;6
RD-RK305-AUR-COM;Redmi;Redmi K30 5G;Auricular de llamada;Compatible;2,19;;;6
RD-RK305-FLX-COM;Redmi;Redmi K30 5G;Flex de encendido y volumen;Compatible;2,15;;;6
RD-RK305-SIM-COM;Redmi;Redmi K30 5G;Bandeja SIM;Compatible;2,49;;;6
RD-RK30-PAN-ORI;Redmi;Redmi K30;Pantalla;Original;21,60;20,95;20,30;12
RD-RK30-PAN-COM;Redmi;Redmi K30;Pantalla;Compatible;12,00;11,64;11,28;6
RD-RK30-BAT-COM;Redmi;Redmi K30;Batería;Compatible;8,65;;;6
RD-RK30-CON-COM;Redmi;Redmi K30;Conector de carga;Compatible;3,05;;;6
RD-RK30-TAP-COM;Redmi;Redmi K30;Tapa trasera;Compatible;4,80;;;6
RD-RK30-CTR-COM;Redmi;Redmi K30;Cámara trasera;Compatible;5,45;;;6
RD-RK30-CFR-COM;Redmi;Redmi K30;Cámara frontal;Compatible;3,90;;;6
RD-RK30-LEN-COM;Redmi;Redmi K30;Lente de cámara;Compatible;1,95;;;6
RD-RK30-ALT-COM;Redmi;Redmi K30;Altavoz;Compatible;3,35;;;6
RD-RK30-AUR-COM;Redmi;Redmi K30;Auricular de llamada;Compatible;2,40;;;6
RD-RK30-FLX-COM;Redmi;Redmi K30;Flex de encendido y volumen;Compatible;2,30;;;6
RD-RK30-SIM-COM;Redmi;Redmi K30;Bandeja SIM;Compatible;2,40;;;6
RD-RK20PP-PAN-ORI;Redmi;Redmi K20 Pro Premium;Pantalla;Original;40,69;39,47;38,25;12
RD-RK20PP-PAN-OLS;Redmi;Redmi K20 Pro Premium;Pantalla;OLED Soft;30,55;29,63;28,72;6
RD-RK20PP-PAN-OLH;Redmi;Redmi K20 Pro Premium;Pantalla;OLED Hard;27,55;26,72;25,90;6
RD-RK20PP-PAN-INC;Redmi;Redmi K20 Pro Premium;Pantalla;Incell;13,69;13,28;12,87;6
RD-RK20PP-BAT-COM;Redmi;Redmi K20 Pro Premium;Batería;Compatible;9,59;;;6
RD-RK20PP-CON-COM;Redmi;Redmi K20 Pro Premium;Conector de carga;Compatible;3,05;;;6
RD-RK20PP-TAP-COM;Redmi;Redmi K20 Pro Premium;Tapa trasera;Compatible;4,80;;;6
RD-RK20PP-CTR-COM;Redmi;Redmi K20 Pro Premium;Cámara trasera;Compatible;6,25;;;6
RD-RK20PP-CFR-COM;Redmi;Redmi K20 Pro Premium;Cámara frontal;Compatible;3,90;;;6
RD-RK20PP-LEN-COM;Redmi;Redmi K20 Pro Premium;Lente de cámara;Compatible;1,95;;;6
RD-RK20PP-ALT-COM;Redmi;Redmi K20 Pro Premium;Altavoz;Compatible;3,35;;;6
RD-RK20PP-AUR-COM;Redmi;Redmi K20 Pro Premium;Auricular de llamada;Compatible;2,40;;;6
RD-RK20PP-FLX-COM;Redmi;Redmi K20 Pro Premium;Flex de encendido y volumen;Compatible;2,30;;;6
RD-RK20PP-SIM-COM;Redmi;Redmi K20 Pro Premium;Bandeja SIM;Compatible;2,40;;;6
RD-RY3-PAN-ORI;Redmi;Redmi Y3;Pantalla;Original;21,60;20,95;20,30;12
RD-RY3-PAN-COM;Redmi;Redmi Y3;Pantalla;Compatible;11,75;11,40;11,05;6
RD-RY3-BAT-COM;Redmi;Redmi Y3;Batería;Compatible;9,55;;;6
RD-RY3-CON-COM;Redmi;Redmi Y3;Conector de carga;Compatible;3,05;;;6
RD-RY3-TAP-COM;Redmi;Redmi Y3;Tapa trasera;Compatible;4,80;;;6
RD-RY3-CTR-COM;Redmi;Redmi Y3;Cámara trasera;Compatible;6,25;;;6
RD-RY3-CFR-COM;Redmi;Redmi Y3;Cámara frontal;Compatible;3,90;;;6
RD-RY3-LEN-COM;Redmi;Redmi Y3;Lente de cámara;Compatible;1,95;;;6
RD-RY3-ALT-COM;Redmi;Redmi Y3;Altavoz;Compatible;3,35;;;6
RD-RY3-AUR-COM;Redmi;Redmi Y3;Auricular de llamada;Compatible;2,40;;;6
RD-RY3-FLX-COM;Redmi;Redmi Y3;Flex de encendido y volumen;Compatible;2,30;;;6
RD-RY3-SIM-COM;Redmi;Redmi Y3;Bandeja SIM;Compatible;2,40;;;6
RD-RN7P-PAN-ORI;Redmi;Redmi Note 7 Pro;Pantalla;Original;32,89;31,90;30,92;12
RD-RN7P-PAN-COM;Redmi;Redmi Note 7 Pro;Pantalla;Compatible;13,69;13,28;12,87;6
RD-RN7P-BAT-COM;Redmi;Redmi Note 7 Pro;Batería;Compatible;10,75;10,43;10,10;6
RD-RN7P-CON-COM;Redmi;Redmi Note 7 Pro;Conector de carga;Compatible;3,65;;;6
RD-RN7P-TAP-COM;Redmi;Redmi Note 7 Pro;Tapa trasera;Compatible;5,60;;;6
RD-RN7P-CTR-COM;Redmi;Redmi Note 7 Pro;Cámara trasera;Compatible;9,05;;;6
RD-RN7P-CFR-COM;Redmi;Redmi Note 7 Pro;Cámara frontal;Compatible;4,45;;;6
RD-RN7P-LEN-COM;Redmi;Redmi Note 7 Pro;Lente de cámara;Compatible;2,35;;;6
RD-RN7P-ALT-COM;Redmi;Redmi Note 7 Pro;Altavoz;Compatible;3,89;;;6
RD-RN7P-AUR-COM;Redmi;Redmi Note 7 Pro;Auricular de llamada;Compatible;2,95;;;6
RD-RN7P-FLX-COM;Redmi;Redmi Note 7 Pro;Flex de encendido y volumen;Compatible;2,95;;;6
RD-RN7P-SIM-COM;Redmi;Redmi Note 7 Pro;Bandeja SIM;Compatible;2,60;;;6
RD-R4-PAN-ORI;Redmi;Redmi 4;Pantalla;Original;20,35;19,74;19,13;12
RD-R4-PAN-COM;Redmi;Redmi 4;Pantalla;Compatible;11,79;11,44;11,08;6
RD-R4-BAT-COM;Redmi;Redmi 4;Batería;Compatible;9,59;;;6
RD-R4-CON-COM;Redmi;Redmi 4;Conector de carga;Compatible;2,90;;;6
RD-R4-TAP-COM;Redmi;Redmi 4;Tapa trasera;Compatible;4,85;;;6
RD-R4-CTR-COM;Redmi;Redmi 4;Cámara trasera;Compatible;6,10;;;6
RD-R4-CFR-COM;Redmi;Redmi 4;Cámara frontal;Compatible;3,90;;;6
RD-R4-LEN-COM;Redmi;Redmi 4;Lente de cámara;Compatible;1,80;;;6
RD-R4-ALT-COM;Redmi;Redmi 4;Altavoz;Compatible;3,35;;;6
RD-R4-AUR-COM;Redmi;Redmi 4;Auricular de llamada;Compatible;2,40;;;6
RD-R4-FLX-COM;Redmi;Redmi 4;Flex de encendido y volumen;Compatible;2,35;;;6
RD-R4-SIM-COM;Redmi;Redmi 4;Bandeja SIM;Compatible;2,40;;;6
RD-REDMI4PR-PAN-ORI;Redmi;Redmi 4 Pro;Pantalla;Original;20,35;19,74;19,13;12
RD-REDMI4PR-PAN-COM;Redmi;Redmi 4 Pro;Pantalla;Compatible;11,79;11,44;11,08;6
RD-REDMI4PR-BAT-COM;Redmi;Redmi 4 Pro;Batería;Compatible;9,59;;;6
RD-REDMI4PR-CON-COM;Redmi;Redmi 4 Pro;Conector de carga;Compatible;2,90;;;6
RD-REDMI4PR-TAP-COM;Redmi;Redmi 4 Pro;Tapa trasera;Compatible;4,85;;;6
RD-REDMI4PR-CTR-COM;Redmi;Redmi 4 Pro;Cámara trasera;Compatible;6,10;;;6
RD-REDMI4PR-CFR-COM;Redmi;Redmi 4 Pro;Cámara frontal;Compatible;3,90;;;6
RD-REDMI4PR-LEN-COM;Redmi;Redmi 4 Pro;Lente de cámara;Compatible;1,80;;;6
RD-REDMI4PR-ALT-COM;Redmi;Redmi 4 Pro;Altavoz;Compatible;3,35;;;6
RD-REDMI4PR-AUR-COM;Redmi;Redmi 4 Pro;Auricular de llamada;Compatible;2,40;;;6
RD-REDMI4PR-FLX-COM;Redmi;Redmi 4 Pro;Flex de encendido y volumen;Compatible;2,35;;;6
RD-REDMI4PR-SIM-COM;Redmi;Redmi 4 Pro;Bandeja SIM;Compatible;2,40;;;6
RD-R4PP-PAN-ORI;Redmi;Redmi 4 Pro Prime;Pantalla;Original;20,35;19,74;19,13;12
RD-R4PP-PAN-COM;Redmi;Redmi 4 Pro Prime;Pantalla;Compatible;11,79;11,44;11,08;6
RD-R4PP-BAT-COM;Redmi;Redmi 4 Pro Prime;Batería;Compatible;9,59;;;6
RD-R4PP-CON-COM;Redmi;Redmi 4 Pro Prime;Conector de carga;Compatible;2,90;;;6
RD-R4PP-TAP-COM;Redmi;Redmi 4 Pro Prime;Tapa trasera;Compatible;4,85;;;6
RD-R4PP-CTR-COM;Redmi;Redmi 4 Pro Prime;Cámara trasera;Compatible;6,10;;;6
RD-R4PP-CFR-COM;Redmi;Redmi 4 Pro Prime;Cámara frontal;Compatible;3,90;;;6
RD-R4PP-LEN-COM;Redmi;Redmi 4 Pro Prime;Lente de cámara;Compatible;1,80;;;6
RD-R4PP-ALT-COM;Redmi;Redmi 4 Pro Prime;Altavoz;Compatible;3,35;;;6
RD-R4PP-AUR-COM;Redmi;Redmi 4 Pro Prime;Auricular de llamada;Compatible;2,40;;;6
RD-R4PP-FLX-COM;Redmi;Redmi 4 Pro Prime;Flex de encendido y volumen;Compatible;2,35;;;6
RD-R4PP-SIM-COM;Redmi;Redmi 4 Pro Prime;Bandeja SIM;Compatible;2,40;;;6
RD-R4P-PAN-COM;Redmi;Redmi 4 Prime;Pantalla;Compatible;11,79;11,44;11,08;6
RD-R4P-BAT-COM;Redmi;Redmi 4 Prime;Batería;Compatible;9,59;;;6
RD-R4P-CON-COM;Redmi;Redmi 4 Prime;Conector de carga;Compatible;2,90;;;6
RD-R4P-TAP-COM;Redmi;Redmi 4 Prime;Tapa trasera;Compatible;4,85;;;6
RD-R4P-CTR-COM;Redmi;Redmi 4 Prime;Cámara trasera;Compatible;6,10;;;6
RD-R4P-CFR-COM;Redmi;Redmi 4 Prime;Cámara frontal;Compatible;3,90;;;6
RD-R4P-LEN-COM;Redmi;Redmi 4 Prime;Lente de cámara;Compatible;1,80;;;6
RD-R4P-ALT-COM;Redmi;Redmi 4 Prime;Altavoz;Compatible;3,35;;;6
RD-R4P-AUR-COM;Redmi;Redmi 4 Prime;Auricular de llamada;Compatible;2,40;;;6
RD-R4P-FLX-COM;Redmi;Redmi 4 Prime;Flex de encendido y volumen;Compatible;2,35;;;6
RD-R4P-SIM-COM;Redmi;Redmi 4 Prime;Bandeja SIM;Compatible;2,40;;;6
RD-RP-PAN-ORI;Redmi;Redmi Pro;Pantalla;Original;38,29;37,14;35,99;12
RD-RP-PAN-OLS;Redmi;Redmi Pro;Pantalla;OLED Soft;29,99;29,09;28,19;6
RD-RP-PAN-OLH;Redmi;Redmi Pro;Pantalla;OLED Hard;27,05;26,24;25,43;6
RD-RP-PAN-INC;Redmi;Redmi Pro;Pantalla;Incell;13,45;13,05;12,64;6
RD-RP-BAT-COM;Redmi;Redmi Pro;Batería;Compatible;9,59;;;6
RD-RP-CON-COM;Redmi;Redmi Pro;Conector de carga;Compatible;2,90;;;6
RD-RP-TAP-COM;Redmi;Redmi Pro;Tapa trasera;Compatible;4,85;;;6
RD-RP-CTR-COM;Redmi;Redmi Pro;Cámara trasera;Compatible;6,10;;;6
RD-RP-CFR-COM;Redmi;Redmi Pro;Cámara frontal;Compatible;3,90;;;6
RD-RP-LEN-COM;Redmi;Redmi Pro;Lente de cámara;Compatible;1,80;;;6
RD-RP-ALT-COM;Redmi;Redmi Pro;Altavoz;Compatible;3,35;;;6
RD-RP-AUR-COM;Redmi;Redmi Pro;Auricular de llamada;Compatible;2,40;;;6
RD-RP-FLX-COM;Redmi;Redmi Pro;Flex de encendido y volumen;Compatible;2,35;;;6
RD-RP-SIM-COM;Redmi;Redmi Pro;Bandeja SIM;Compatible;2,40;;;6
RD-R3X-PAN-ORI;Redmi;Redmi 3X;Pantalla;Original;20,35;19,74;19,13;12
RD-R3X-PAN-COM;Redmi;Redmi 3X;Pantalla;Compatible;11,79;11,44;11,08;6
RD-R3X-BAT-COM;Redmi;Redmi 3X;Batería;Compatible;9,59;;;6
RD-R3X-CON-COM;Redmi;Redmi 3X;Conector de carga;Compatible;2,90;;;6
RD-R3X-TAP-COM;Redmi;Redmi 3X;Tapa trasera;Compatible;4,85;;;6
RD-R3X-CTR-COM;Redmi;Redmi 3X;Cámara trasera;Compatible;6,10;;;6
RD-R3X-CFR-COM;Redmi;Redmi 3X;Cámara frontal;Compatible;3,90;;;6
RD-R3X-LEN-COM;Redmi;Redmi 3X;Lente de cámara;Compatible;1,80;;;6
RD-R3X-ALT-COM;Redmi;Redmi 3X;Altavoz;Compatible;3,35;;;6
RD-R3X-AUR-COM;Redmi;Redmi 3X;Auricular de llamada;Compatible;2,40;;;6
RD-R3X-FLX-COM;Redmi;Redmi 3X;Flex de encendido y volumen;Compatible;2,35;;;6
RD-R3X-SIM-COM;Redmi;Redmi 3X;Bandeja SIM;Compatible;2,40;;;6
RD-RN3HSE-PAN-ORI;Redmi;Redmi Note 3 High Special Edition;Pantalla;Original;28,60;27,74;26,88;12
RD-RN3HSE-PAN-COM;Redmi;Redmi Note 3 High Special Edition;Pantalla;Compatible;13,55;13,14;12,74;6
RD-RN3HSE-BAT-COM;Redmi;Redmi Note 3 High Special Edition;Batería;Compatible;9,99;;;6
RD-RN3HSE-CON-COM;Redmi;Redmi Note 3 High Special Edition;Conector de carga;Compatible;3,95;;;6
RD-RN3HSE-TAP-COM;Redmi;Redmi Note 3 High Special Edition;Tapa trasera;Compatible;5,55;;;6
RD-RN3HSE-CTR-COM;Redmi;Redmi Note 3 High Special Edition;Cámara trasera;Compatible;7,45;;;6
RD-RN3HSE-CFR-COM;Redmi;Redmi Note 3 High Special Edition;Cámara frontal;Compatible;4,20;;;6
RD-RN3HSE-LEN-COM;Redmi;Redmi Note 3 High Special Edition;Lente de cámara;Compatible;1,95;;;6
RD-RN3HSE-ALT-COM;Redmi;Redmi Note 3 High Special Edition;Altavoz;Compatible;3,55;;;6
RD-RN3HSE-AUR-COM;Redmi;Redmi Note 3 High Special Edition;Auricular de llamada;Compatible;2,39;;;6
RD-RN3HSE-FLX-COM;Redmi;Redmi Note 3 High Special Edition;Flex de encendido y volumen;Compatible;2,25;;;6
RD-RN3HSE-SIM-COM;Redmi;Redmi Note 3 High Special Edition;Bandeja SIM;Compatible;2,25;;;6
RD-REDMI3PR-PAN-COM;Redmi;Redmi 3 Pro;Pantalla;Compatible;11,79;11,44;11,08;6
RD-REDMI3PR-BAT-COM;Redmi;Redmi 3 Pro;Batería;Compatible;9,59;;;6
RD-REDMI3PR-CON-COM;Redmi;Redmi 3 Pro;Conector de carga;Compatible;2,90;;;6
RD-REDMI3PR-TAP-COM;Redmi;Redmi 3 Pro;Tapa trasera;Compatible;4,85;;;6
RD-REDMI3PR-CTR-COM;Redmi;Redmi 3 Pro;Cámara trasera;Compatible;6,10;;;6
RD-REDMI3PR-CFR-COM;Redmi;Redmi 3 Pro;Cámara frontal;Compatible;3,90;;;6
RD-REDMI3PR-LEN-COM;Redmi;Redmi 3 Pro;Lente de cámara;Compatible;1,80;;;6
RD-REDMI3PR-ALT-COM;Redmi;Redmi 3 Pro;Altavoz;Compatible;3,35;;;6
RD-REDMI3PR-AUR-COM;Redmi;Redmi 3 Pro;Auricular de llamada;Compatible;2,40;;;6
RD-REDMI3PR-FLX-COM;Redmi;Redmi 3 Pro;Flex de encendido y volumen;Compatible;2,35;;;6
RD-REDMI3PR-SIM-COM;Redmi;Redmi 3 Pro;Bandeja SIM;Compatible;2,40;;;6
RD-RN3P-PAN-ORI;Redmi;Redmi Note 3 Pro;Pantalla;Original;32,89;31,90;30,92;12
RD-RN3P-PAN-COM;Redmi;Redmi Note 3 Pro;Pantalla;Compatible;13,69;13,28;12,87;6
RD-RN3P-BAT-COM;Redmi;Redmi Note 3 Pro;Batería;Compatible;10,75;10,43;10,10;6
RD-RN3P-CON-COM;Redmi;Redmi Note 3 Pro;Conector de carga;Compatible;3,65;;;6
RD-RN3P-TAP-COM;Redmi;Redmi Note 3 Pro;Tapa trasera;Compatible;5,60;;;6
RD-RN3P-CTR-COM;Redmi;Redmi Note 3 Pro;Cámara trasera;Compatible;9,05;;;6
RD-RN3P-CFR-COM;Redmi;Redmi Note 3 Pro;Cámara frontal;Compatible;4,45;;;6
RD-RN3P-LEN-COM;Redmi;Redmi Note 3 Pro;Lente de cámara;Compatible;2,35;;;6
RD-RN3P-ALT-COM;Redmi;Redmi Note 3 Pro;Altavoz;Compatible;3,89;;;6
RD-RN3P-AUR-COM;Redmi;Redmi Note 3 Pro;Auricular de llamada;Compatible;2,95;;;6
RD-RN3P-FLX-COM;Redmi;Redmi Note 3 Pro;Flex de encendido y volumen;Compatible;2,95;;;6
RD-RN3P-SIM-COM;Redmi;Redmi Note 3 Pro;Bandeja SIM;Compatible;2,60;;;6
RD-R3-PAN-ORI;Redmi;Redmi 3;Pantalla;Original;20,35;19,74;19,13;12
RD-R3-PAN-COM;Redmi;Redmi 3;Pantalla;Compatible;11,79;11,44;11,08;6
RD-R3-BAT-COM;Redmi;Redmi 3;Batería;Compatible;9,59;;;6
RD-R3-CON-COM;Redmi;Redmi 3;Conector de carga;Compatible;2,90;;;6
RD-R3-TAP-COM;Redmi;Redmi 3;Tapa trasera;Compatible;4,85;;;6
RD-R3-CTR-COM;Redmi;Redmi 3;Cámara trasera;Compatible;6,10;;;6
RD-R3-CFR-COM;Redmi;Redmi 3;Cámara frontal;Compatible;3,90;;;6
RD-R3-LEN-COM;Redmi;Redmi 3;Lente de cámara;Compatible;1,80;;;6
RD-R3-ALT-COM;Redmi;Redmi 3;Altavoz;Compatible;3,35;;;6
RD-R3-AUR-COM;Redmi;Redmi 3;Auricular de llamada;Compatible;2,40;;;6
RD-R3-FLX-COM;Redmi;Redmi 3;Flex de encendido y volumen;Compatible;2,35;;;6
RD-R3-SIM-COM;Redmi;Redmi 3;Bandeja SIM;Compatible;2,40;;;6
RD-R3P-PAN-ORI;Redmi;Redmi 3 Prime;Pantalla;Original;20,35;19,74;19,13;12
RD-R3P-PAN-COM;Redmi;Redmi 3 Prime;Pantalla;Compatible;11,79;11,44;11,08;6
RD-R3P-BAT-COM;Redmi;Redmi 3 Prime;Batería;Compatible;9,59;;;6
RD-R3P-CON-COM;Redmi;Redmi 3 Prime;Conector de carga;Compatible;2,90;;;6
RD-R3P-TAP-COM;Redmi;Redmi 3 Prime;Tapa trasera;Compatible;4,85;;;6
RD-R3P-CTR-COM;Redmi;Redmi 3 Prime;Cámara trasera;Compatible;6,10;;;6
RD-R3P-CFR-COM;Redmi;Redmi 3 Prime;Cámara frontal;Compatible;3,90;;;6
RD-R3P-LEN-COM;Redmi;Redmi 3 Prime;Lente de cámara;Compatible;1,80;;;6
RD-R3P-ALT-COM;Redmi;Redmi 3 Prime;Altavoz;Compatible;3,35;;;6
RD-R3P-AUR-COM;Redmi;Redmi 3 Prime;Auricular de llamada;Compatible;2,40;;;6
RD-R3P-FLX-COM;Redmi;Redmi 3 Prime;Flex de encendido y volumen;Compatible;2,35;;;6
RD-R3P-SIM-COM;Redmi;Redmi 3 Prime;Bandeja SIM;Compatible;2,40;;;6
RD-RNP-PAN-ORI;Redmi;Redmi Note Prime;Pantalla;Original;28,60;27,74;26,88;12
RD-RNP-PAN-COM;Redmi;Redmi Note Prime;Pantalla;Compatible;13,55;13,14;12,74;6
RD-RNP-BAT-COM;Redmi;Redmi Note Prime;Batería;Compatible;9,99;;;6
RD-RNP-CON-COM;Redmi;Redmi Note Prime;Conector de carga;Compatible;3,95;;;6
RD-RNP-TAP-COM;Redmi;Redmi Note Prime;Tapa trasera;Compatible;5,55;;;6
RD-RNP-CTR-COM;Redmi;Redmi Note Prime;Cámara trasera;Compatible;7,45;;;6
RD-RNP-CFR-COM;Redmi;Redmi Note Prime;Cámara frontal;Compatible;4,20;;;6
RD-RNP-LEN-COM;Redmi;Redmi Note Prime;Lente de cámara;Compatible;1,95;;;6
RD-RNP-ALT-COM;Redmi;Redmi Note Prime;Altavoz;Compatible;3,55;;;6
RD-RNP-AUR-COM;Redmi;Redmi Note Prime;Auricular de llamada;Compatible;2,39;;;6
RD-RNP-FLX-COM;Redmi;Redmi Note Prime;Flex de encendido y volumen;Compatible;2,25;;;6
RD-RNP-SIM-COM;Redmi;Redmi Note Prime;Bandeja SIM;Compatible;2,25;;;6
RD-RN3-PAN-ORI;Redmi;Redmi Note 3;Pantalla;Original;28,60;27,74;26,88;12
RD-RN3-PAN-COM;Redmi;Redmi Note 3;Pantalla;Compatible;13,55;13,14;12,74;6
RD-RN3-BAT-COM;Redmi;Redmi Note 3;Batería;Compatible;9,99;;;6
RD-RN3-CON-COM;Redmi;Redmi Note 3;Conector de carga;Compatible;3,95;;;6
RD-RN3-TAP-COM;Redmi;Redmi Note 3;Tapa trasera;Compatible;5,55;;;6
RD-RN3-CTR-COM;Redmi;Redmi Note 3;Cámara trasera;Compatible;7,45;;;6
RD-RN3-CFR-COM;Redmi;Redmi Note 3;Cámara frontal;Compatible;4,20;;;6
RD-RN3-LEN-COM;Redmi;Redmi Note 3;Lente de cámara;Compatible;1,95;;;6
RD-RN3-ALT-COM;Redmi;Redmi Note 3;Altavoz;Compatible;3,55;;;6
RD-RN3-AUR-COM;Redmi;Redmi Note 3;Auricular de llamada;Compatible;2,39;;;6
RD-RN3-FLX-COM;Redmi;Redmi Note 3;Flex de encendido y volumen;Compatible;2,25;;;6
RD-RN3-SIM-COM;Redmi;Redmi Note 3;Bandeja SIM;Compatible;2,25;;;6
RD-REDMI2PR-PAN-COM;Redmi;Redmi 2 Pro;Pantalla;Compatible;11,79;11,44;11,08;6
RD-REDMI2PR-BAT-COM;Redmi;Redmi 2 Pro;Batería;Compatible;9,59;;;6
RD-REDMI2PR-CON-COM;Redmi;Redmi 2 Pro;Conector de carga;Compatible;2,90;;;6
RD-REDMI2PR-TAP-COM;Redmi;Redmi 2 Pro;Tapa trasera;Compatible;4,85;;;6
RD-REDMI2PR-CTR-COM;Redmi;Redmi 2 Pro;Cámara trasera;Compatible;6,10;;;6
RD-REDMI2PR-CFR-COM;Redmi;Redmi 2 Pro;Cámara frontal;Compatible;3,90;;;6
RD-REDMI2PR-LEN-COM;Redmi;Redmi 2 Pro;Lente de cámara;Compatible;1,80;;;6
RD-REDMI2PR-ALT-COM;Redmi;Redmi 2 Pro;Altavoz;Compatible;3,35;;;6
RD-REDMI2PR-AUR-COM;Redmi;Redmi 2 Pro;Auricular de llamada;Compatible;2,40;;;6
RD-REDMI2PR-FLX-COM;Redmi;Redmi 2 Pro;Flex de encendido y volumen;Compatible;2,35;;;6
RD-REDMI2PR-SIM-COM;Redmi;Redmi 2 Pro;Bandeja SIM;Compatible;2,40;;;6
RD-R2P-PAN-ORI;Redmi;Redmi 2 Prime;Pantalla;Original;20,35;19,74;19,13;12
RD-R2P-PAN-COM;Redmi;Redmi 2 Prime;Pantalla;Compatible;11,79;11,44;11,08;6
RD-R2P-BAT-COM;Redmi;Redmi 2 Prime;Batería;Compatible;9,59;;;6
RD-R2P-CON-COM;Redmi;Redmi 2 Prime;Conector de carga;Compatible;2,90;;;6
RD-R2P-TAP-COM;Redmi;Redmi 2 Prime;Tapa trasera;Compatible;4,85;;;6
RD-R2P-CTR-COM;Redmi;Redmi 2 Prime;Cámara trasera;Compatible;6,10;;;6
RD-R2P-CFR-COM;Redmi;Redmi 2 Prime;Cámara frontal;Compatible;3,90;;;6
RD-R2P-LEN-COM;Redmi;Redmi 2 Prime;Lente de cámara;Compatible;1,80;;;6
RD-R2P-ALT-COM;Redmi;Redmi 2 Prime;Altavoz;Compatible;3,35;;;6
RD-R2P-AUR-COM;Redmi;Redmi 2 Prime;Auricular de llamada;Compatible;2,40;;;6
RD-R2P-FLX-COM;Redmi;Redmi 2 Prime;Flex de encendido y volumen;Compatible;2,35;;;6
RD-R2P-SIM-COM;Redmi;Redmi 2 Prime;Bandeja SIM;Compatible;2,40;;;6
RD-R2AEE-PAN-ORI;Redmi;Redmi 2A Enhanced Edition;Pantalla;Original;20,35;19,74;19,13;12
RD-R2AEE-PAN-COM;Redmi;Redmi 2A Enhanced Edition;Pantalla;Compatible;11,79;11,44;11,08;6
RD-R2AEE-BAT-COM;Redmi;Redmi 2A Enhanced Edition;Batería;Compatible;9,59;;;6
RD-R2AEE-CON-COM;Redmi;Redmi 2A Enhanced Edition;Conector de carga;Compatible;2,90;;;6
RD-R2AEE-TAP-COM;Redmi;Redmi 2A Enhanced Edition;Tapa trasera;Compatible;4,85;;;6
RD-R2AEE-CTR-COM;Redmi;Redmi 2A Enhanced Edition;Cámara trasera;Compatible;6,10;;;6
RD-R2AEE-CFR-COM;Redmi;Redmi 2A Enhanced Edition;Cámara frontal;Compatible;3,90;;;6
RD-R2AEE-LEN-COM;Redmi;Redmi 2A Enhanced Edition;Lente de cámara;Compatible;1,80;;;6
RD-R2AEE-ALT-COM;Redmi;Redmi 2A Enhanced Edition;Altavoz;Compatible;3,35;;;6
RD-R2AEE-AUR-COM;Redmi;Redmi 2A Enhanced Edition;Auricular de llamada;Compatible;2,40;;;6
RD-R2AEE-FLX-COM;Redmi;Redmi 2A Enhanced Edition;Flex de encendido y volumen;Compatible;2,35;;;6
RD-R2AEE-SIM-COM;Redmi;Redmi 2A Enhanced Edition;Bandeja SIM;Compatible;2,40;;;6
RD-RN2-PAN-ORI;Redmi;Redmi Note 2;Pantalla;Original;28,60;27,74;26,88;12
RD-RN2-PAN-COM;Redmi;Redmi Note 2;Pantalla;Compatible;13,55;13,14;12,74;6
RD-RN2-BAT-COM;Redmi;Redmi Note 2;Batería;Compatible;9,99;;;6
RD-RN2-CON-COM;Redmi;Redmi Note 2;Conector de carga;Compatible;3,95;;;6
RD-RN2-TAP-COM;Redmi;Redmi Note 2;Tapa trasera;Compatible;5,55;;;6
RD-RN2-CTR-COM;Redmi;Redmi Note 2;Cámara trasera;Compatible;7,45;;;6
RD-RN2-CFR-COM;Redmi;Redmi Note 2;Cámara frontal;Compatible;4,20;;;6
RD-RN2-LEN-COM;Redmi;Redmi Note 2;Lente de cámara;Compatible;1,95;;;6
RD-RN2-ALT-COM;Redmi;Redmi Note 2;Altavoz;Compatible;3,55;;;6
RD-RN2-AUR-COM;Redmi;Redmi Note 2;Auricular de llamada;Compatible;2,39;;;6
RD-RN2-FLX-COM;Redmi;Redmi Note 2;Flex de encendido y volumen;Compatible;2,25;;;6
RD-RN2-SIM-COM;Redmi;Redmi Note 2;Bandeja SIM;Compatible;2,25;;;6
RD-RN2P-PAN-ORI;Redmi;Redmi Note 2 Prime;Pantalla;Original;28,60;27,74;26,88;12
RD-RN2P-PAN-COM;Redmi;Redmi Note 2 Prime;Pantalla;Compatible;13,55;13,14;12,74;6
RD-RN2P-BAT-COM;Redmi;Redmi Note 2 Prime;Batería;Compatible;9,99;;;6
RD-RN2P-CON-COM;Redmi;Redmi Note 2 Prime;Conector de carga;Compatible;3,95;;;6
RD-RN2P-TAP-COM;Redmi;Redmi Note 2 Prime;Tapa trasera;Compatible;5,55;;;6
RD-RN2P-CTR-COM;Redmi;Redmi Note 2 Prime;Cámara trasera;Compatible;7,45;;;6
RD-RN2P-CFR-COM;Redmi;Redmi Note 2 Prime;Cámara frontal;Compatible;4,20;;;6
RD-RN2P-LEN-COM;Redmi;Redmi Note 2 Prime;Lente de cámara;Compatible;1,95;;;6
RD-RN2P-ALT-COM;Redmi;Redmi Note 2 Prime;Altavoz;Compatible;3,55;;;6
RD-RN2P-AUR-COM;Redmi;Redmi Note 2 Prime;Auricular de llamada;Compatible;2,39;;;6
RD-RN2P-FLX-COM;Redmi;Redmi Note 2 Prime;Flex de encendido y volumen;Compatible;2,25;;;6
RD-RN2P-SIM-COM;Redmi;Redmi Note 2 Prime;Bandeja SIM;Compatible;2,25;;;6
RD-R2A-PAN-ORI;Redmi;Redmi 2A;Pantalla;Original;18,95;18,38;17,81;12
RD-R2A-PAN-COM;Redmi;Redmi 2A;Pantalla;Compatible;11,79;11,44;11,08;6
RD-R2A-BAT-COM;Redmi;Redmi 2A;Batería;Compatible;9,59;;;6
RD-R2A-CON-COM;Redmi;Redmi 2A;Conector de carga;Compatible;2,90;;;6
RD-R2A-TAP-COM;Redmi;Redmi 2A;Tapa trasera;Compatible;4,85;;;6
RD-R2A-CTR-COM;Redmi;Redmi 2A;Cámara trasera;Compatible;6,10;;;6
RD-R2A-CFR-COM;Redmi;Redmi 2A;Cámara frontal;Compatible;3,90;;;6
RD-R2A-LEN-COM;Redmi;Redmi 2A;Lente de cámara;Compatible;1,80;;;6
RD-R2A-ALT-COM;Redmi;Redmi 2A;Altavoz;Compatible;3,35;;;6
RD-R2A-AUR-COM;Redmi;Redmi 2A;Auricular de llamada;Compatible;2,40;;;6
RD-R2A-FLX-COM;Redmi;Redmi 2A;Flex de encendido y volumen;Compatible;2,35;;;6
RD-R2A-SIM-COM;Redmi;Redmi 2A;Bandeja SIM;Compatible;2,40;;;6
RD-R2-PAN-ORI;Redmi;Redmi 2;Pantalla;Original;20,35;19,74;19,13;12
RD-R2-PAN-COM;Redmi;Redmi 2;Pantalla;Compatible;11,79;11,44;11,08;6
RD-R2-BAT-COM;Redmi;Redmi 2;Batería;Compatible;9,59;;;6
RD-R2-CON-COM;Redmi;Redmi 2;Conector de carga;Compatible;2,90;;;6
RD-R2-TAP-COM;Redmi;Redmi 2;Tapa trasera;Compatible;4,85;;;6
RD-R2-CTR-COM;Redmi;Redmi 2;Cámara trasera;Compatible;6,10;;;6
RD-R2-CFR-COM;Redmi;Redmi 2;Cámara frontal;Compatible;3,90;;;6
RD-R2-LEN-COM;Redmi;Redmi 2;Lente de cámara;Compatible;1,80;;;6
RD-R2-ALT-COM;Redmi;Redmi 2;Altavoz;Compatible;3,35;;;6
RD-R2-AUR-COM;Redmi;Redmi 2;Auricular de llamada;Compatible;2,40;;;6
RD-R2-FLX-COM;Redmi;Redmi 2;Flex de encendido y volumen;Compatible;2,35;;;6
RD-R2-SIM-COM;Redmi;Redmi 2;Bandeja SIM;Compatible;2,40;;;6
RD-RN1S4-PAN-ORI;Redmi;Redmi Note 1S 4G;Pantalla;Original;28,60;27,74;26,88;12
RD-RN1S4-PAN-COM;Redmi;Redmi Note 1S 4G;Pantalla;Compatible;13,55;13,14;12,74;6
RD-RN1S4-BAT-COM;Redmi;Redmi Note 1S 4G;Batería;Compatible;9,99;;;6
RD-RN1S4-CON-COM;Redmi;Redmi Note 1S 4G;Conector de carga;Compatible;3,95;;;6
RD-RN1S4-TAP-COM;Redmi;Redmi Note 1S 4G;Tapa trasera;Compatible;5,55;;;6
RD-RN1S4-CTR-COM;Redmi;Redmi Note 1S 4G;Cámara trasera;Compatible;7,45;;;6
RD-RN1S4-CFR-COM;Redmi;Redmi Note 1S 4G;Cámara frontal;Compatible;4,20;;;6
RD-RN1S4-LEN-COM;Redmi;Redmi Note 1S 4G;Lente de cámara;Compatible;1,95;;;6
RD-RN1S4-ALT-COM;Redmi;Redmi Note 1S 4G;Altavoz;Compatible;3,55;;;6
RD-RN1S4-AUR-COM;Redmi;Redmi Note 1S 4G;Auricular de llamada;Compatible;2,39;;;6
RD-RN1S4-FLX-COM;Redmi;Redmi Note 1S 4G;Flex de encendido y volumen;Compatible;2,25;;;6
RD-RN1S4-SIM-COM;Redmi;Redmi Note 1S 4G;Bandeja SIM;Compatible;2,25;;;6
RD-R1S4-PAN-ORI;Redmi;Redmi 1S 4G;Pantalla;Original;20,35;19,74;19,13;12
RD-R1S4-PAN-COM;Redmi;Redmi 1S 4G;Pantalla;Compatible;11,79;11,44;11,08;6
RD-R1S4-BAT-COM;Redmi;Redmi 1S 4G;Batería;Compatible;9,59;;;6
RD-R1S4-CON-COM;Redmi;Redmi 1S 4G;Conector de carga;Compatible;2,90;;;6
RD-R1S4-TAP-COM;Redmi;Redmi 1S 4G;Tapa trasera;Compatible;4,85;;;6
RD-R1S4-CTR-COM;Redmi;Redmi 1S 4G;Cámara trasera;Compatible;6,10;;;6
RD-R1S4-CFR-COM;Redmi;Redmi 1S 4G;Cámara frontal;Compatible;3,90;;;6
RD-R1S4-LEN-COM;Redmi;Redmi 1S 4G;Lente de cámara;Compatible;1,80;;;6
RD-R1S4-ALT-COM;Redmi;Redmi 1S 4G;Altavoz;Compatible;3,35;;;6
RD-R1S4-AUR-COM;Redmi;Redmi 1S 4G;Auricular de llamada;Compatible;2,40;;;6
RD-R1S4-FLX-COM;Redmi;Redmi 1S 4G;Flex de encendido y volumen;Compatible;2,35;;;6
RD-R1S4-SIM-COM;Redmi;Redmi 1S 4G;Bandeja SIM;Compatible;2,40;;;6
RD-RN4-PAN-ORI;Redmi;Redmi Note 4G;Pantalla;Original;28,60;27,74;26,88;12
RD-RN4-PAN-COM;Redmi;Redmi Note 4G;Pantalla;Compatible;13,55;13,14;12,74;6
RD-RN4-BAT-COM;Redmi;Redmi Note 4G;Batería;Compatible;9,99;;;6
RD-RN4-CON-COM;Redmi;Redmi Note 4G;Conector de carga;Compatible;3,95;;;6
RD-RN4-TAP-COM;Redmi;Redmi Note 4G;Tapa trasera;Compatible;5,55;;;6
RD-RN4-CTR-COM;Redmi;Redmi Note 4G;Cámara trasera;Compatible;7,45;;;6
RD-RN4-CFR-COM;Redmi;Redmi Note 4G;Cámara frontal;Compatible;4,20;;;6
RD-RN4-LEN-COM;Redmi;Redmi Note 4G;Lente de cámara;Compatible;1,95;;;6
RD-RN4-ALT-COM;Redmi;Redmi Note 4G;Altavoz;Compatible;3,55;;;6
RD-RN4-AUR-COM;Redmi;Redmi Note 4G;Auricular de llamada;Compatible;2,39;;;6
RD-RN4-FLX-COM;Redmi;Redmi Note 4G;Flex de encendido y volumen;Compatible;2,25;;;6
RD-RN4-SIM-COM;Redmi;Redmi Note 4G;Bandeja SIM;Compatible;2,25;;;6
RD-RN-PAN-ORI;Redmi;Redmi Note;Pantalla;Original;28,60;27,74;26,88;12
RD-RN-PAN-COM;Redmi;Redmi Note;Pantalla;Compatible;13,55;13,14;12,74;6
RD-RN-BAT-COM;Redmi;Redmi Note;Batería;Compatible;9,99;;;6
RD-RN-CON-COM;Redmi;Redmi Note;Conector de carga;Compatible;3,95;;;6
RD-RN-TAP-COM;Redmi;Redmi Note;Tapa trasera;Compatible;5,55;;;6
RD-RN-CTR-COM;Redmi;Redmi Note;Cámara trasera;Compatible;7,45;;;6
RD-RN-CFR-COM;Redmi;Redmi Note;Cámara frontal;Compatible;4,20;;;6
RD-RN-LEN-COM;Redmi;Redmi Note;Lente de cámara;Compatible;1,95;;;6
RD-RN-ALT-COM;Redmi;Redmi Note;Altavoz;Compatible;3,55;;;6
RD-RN-AUR-COM;Redmi;Redmi Note;Auricular de llamada;Compatible;2,39;;;6
RD-RN-FLX-COM;Redmi;Redmi Note;Flex de encendido y volumen;Compatible;2,25;;;6
RD-RN-SIM-COM;Redmi;Redmi Note;Bandeja SIM;Compatible;2,25;;;6
RD-R1S-PAN-ORI;Redmi;Redmi 1S;Pantalla;Original;20,35;19,74;19,13;12
RD-R1S-PAN-COM;Redmi;Redmi 1S;Pantalla;Compatible;11,79;11,44;11,08;6
RD-R1S-BAT-COM;Redmi;Redmi 1S;Batería;Compatible;9,59;;;6
RD-R1S-CON-COM;Redmi;Redmi 1S;Conector de carga;Compatible;2,90;;;6
RD-R1S-TAP-COM;Redmi;Redmi 1S;Tapa trasera;Compatible;4,85;;;6
RD-R1S-CTR-COM;Redmi;Redmi 1S;Cámara trasera;Compatible;6,10;;;6
RD-R1S-CFR-COM;Redmi;Redmi 1S;Cámara frontal;Compatible;3,90;;;6
RD-R1S-LEN-COM;Redmi;Redmi 1S;Lente de cámara;Compatible;1,80;;;6
RD-R1S-ALT-COM;Redmi;Redmi 1S;Altavoz;Compatible;3,35;;;6
RD-R1S-AUR-COM;Redmi;Redmi 1S;Auricular de llamada;Compatible;2,40;;;6
RD-R1S-FLX-COM;Redmi;Redmi 1S;Flex de encendido y volumen;Compatible;2,35;;;6
RD-R1S-SIM-COM;Redmi;Redmi 1S;Bandeja SIM;Compatible;2,40;;;6
RD-R-PAN-ORI;Redmi;Redmi;Pantalla;Original;20,35;19,74;19,13;12
RD-R-PAN-COM;Redmi;Redmi;Pantalla;Compatible;11,79;11,44;11,08;6
RD-R-BAT-COM;Redmi;Redmi;Batería;Compatible;9,59;;;6
RD-R-CON-COM;Redmi;Redmi;Conector de carga;Compatible;2,90;;;6
RD-R-TAP-COM;Redmi;Redmi;Tapa trasera;Compatible;4,85;;;6
RD-R-CTR-COM;Redmi;Redmi;Cámara trasera;Compatible;6,10;;;6
RD-R-CFR-COM;Redmi;Redmi;Cámara frontal;Compatible;3,90;;;6
RD-R-LEN-COM;Redmi;Redmi;Lente de cámara;Compatible;1,80;;;6
RD-R-ALT-COM;Redmi;Redmi;Altavoz;Compatible;3,35;;;6
RD-R-AUR-COM;Redmi;Redmi;Auricular de llamada;Compatible;2,40;;;6
RD-R-FLX-COM;Redmi;Redmi;Flex de encendido y volumen;Compatible;2,35;;;6
RD-R-SIM-COM;Redmi;Redmi;Bandeja SIM;Compatible;2,40;;;6
RD-R3S-PAN-ORI;Redmi;Redmi 3S;Pantalla;Original;20,35;19,74;19,13;12
RD-R3S-PAN-COM;Redmi;Redmi 3S;Pantalla;Compatible;11,79;11,44;11,08;6
RD-R3S-BAT-COM;Redmi;Redmi 3S;Batería;Compatible;9,59;;;6
RD-R3S-CON-COM;Redmi;Redmi 3S;Conector de carga;Compatible;2,90;;;6
RD-R3S-TAP-COM-GRI;Redmi;Redmi 3S;Tapa trasera;Gris (Dark grey);4,85;;;6
RD-R3S-TAP-COM-PLA;Redmi;Redmi 3S;Tapa trasera;Plata;4,85;;;6
RD-R3S-TAP-COM-DOR;Redmi;Redmi 3S;Tapa trasera;Dorado;4,85;;;6
RD-R3S-CTR-COM;Redmi;Redmi 3S;Cámara trasera;Compatible;6,10;;;6
RD-R3S-CFR-COM;Redmi;Redmi 3S;Cámara frontal;Compatible;3,90;;;6
RD-R3S-LEN-COM;Redmi;Redmi 3S;Lente de cámara;Compatible;1,80;;;6
RD-R3S-ALT-COM;Redmi;Redmi 3S;Altavoz;Compatible;3,35;;;6
RD-R3S-AUR-COM;Redmi;Redmi 3S;Auricular de llamada;Compatible;2,40;;;6
RD-R3S-FLX-COM;Redmi;Redmi 3S;Flex de encendido y volumen;Compatible;2,35;;;6
RD-R3S-SIM-COM-GRI;Redmi;Redmi 3S;Bandeja SIM;Gris (Dark grey);2,40;;;6
RD-R3S-SIM-COM-PLA;Redmi;Redmi 3S;Bandeja SIM;Plata;2,40;;;6
RD-R3S-SIM-COM-DOR;Redmi;Redmi 3S;Bandeja SIM;Dorado;2,40;;;6
RD-R4A-PAN-ORI;Redmi;Redmi 4A;Pantalla;Original;18,95;18,38;17,81;12
RD-R4A-PAN-COM;Redmi;Redmi 4A;Pantalla;Compatible;11,79;11,44;11,08;6
RD-R4A-BAT-COM;Redmi;Redmi 4A;Batería;Compatible;9,59;;;6
RD-R4A-CON-COM;Redmi;Redmi 4A;Conector de carga;Compatible;2,90;;;6
RD-R4A-TAP-COM-ORO;Redmi;Redmi 4A;Tapa trasera;Oro;4,85;;;6
RD-R4A-TAP-COM-GRI;Redmi;Redmi 4A;Tapa trasera;Gris oscuro;4,85;;;6
RD-R4A-CTR-COM;Redmi;Redmi 4A;Cámara trasera;Compatible;6,10;;;6
RD-R4A-CFR-COM;Redmi;Redmi 4A;Cámara frontal;Compatible;3,90;;;6
RD-R4A-LEN-COM;Redmi;Redmi 4A;Lente de cámara;Compatible;1,80;;;6
RD-R4A-ALT-COM;Redmi;Redmi 4A;Altavoz;Compatible;3,35;;;6
RD-R4A-AUR-COM;Redmi;Redmi 4A;Auricular de llamada;Compatible;2,40;;;6
RD-R4A-FLX-COM;Redmi;Redmi 4A;Flex de encendido y volumen;Compatible;2,35;;;6
RD-R4A-SIM-COM-ORO;Redmi;Redmi 4A;Bandeja SIM;Oro;2,40;;;6
RD-R4A-SIM-COM-GRI;Redmi;Redmi 4A;Bandeja SIM;Gris oscuro;2,40;;;6
RD-REDMINOT-PAN-ORI;Redmi;Redmi Note 4;Pantalla;Original;28,60;27,74;26,88;12
RD-REDMINOT-PAN-COM;Redmi;Redmi Note 4;Pantalla;Compatible;13,55;13,14;12,74;6
RD-REDMINOT-BAT-COM;Redmi;Redmi Note 4;Batería;Compatible;9,99;;;6
RD-REDMINOT-CON-COM;Redmi;Redmi Note 4;Conector de carga;Compatible;3,95;;;6
RD-REDMINOT-TAP-COM-NEG;Redmi;Redmi Note 4;Tapa trasera;Negro;5,55;;;6
RD-REDMINOT-TAP-COM-ORO;Redmi;Redmi Note 4;Tapa trasera;Oro;5,55;;;6
RD-REDMINOT-TAP-COM-GRI;Redmi;Redmi Note 4;Tapa trasera;Gris;5,55;;;6
RD-REDMINOT-CTR-COM;Redmi;Redmi Note 4;Cámara trasera;Compatible;7,45;;;6
RD-REDMINOT-CFR-COM;Redmi;Redmi Note 4;Cámara frontal;Compatible;4,20;;;6
RD-REDMINOT-LEN-COM;Redmi;Redmi Note 4;Lente de cámara;Compatible;1,95;;;6
RD-REDMINOT-ALT-COM;Redmi;Redmi Note 4;Altavoz;Compatible;3,55;;;6
RD-REDMINOT-AUR-COM;Redmi;Redmi Note 4;Auricular de llamada;Compatible;2,39;;;6
RD-REDMINOT-FLX-COM;Redmi;Redmi Note 4;Flex de encendido y volumen;Compatible;2,25;;;6
RD-REDMINOT-SIM-COM-NEG;Redmi;Redmi Note 4;Bandeja SIM;Negro;2,25;;;6
RD-REDMINOT-SIM-COM-ORO;Redmi;Redmi Note 4;Bandeja SIM;Oro;2,25;;;6
RD-REDMINOT-SIM-COM-GRI;Redmi;Redmi Note 4;Bandeja SIM;Gris;2,25;;;6
RD-R4X-PAN-ORI;Redmi;Redmi 4X;Pantalla;Original;20,35;19,74;19,13;12
RD-R4X-PAN-COM;Redmi;Redmi 4X;Pantalla;Compatible;11,79;11,44;11,08;6
RD-R4X-BAT-COM;Redmi;Redmi 4X;Batería;Compatible;9,59;;;6
RD-R4X-CON-COM;Redmi;Redmi 4X;Conector de carga;Compatible;2,90;;;6
RD-R4X-TAP-COM-NEG;Redmi;Redmi 4X;Tapa trasera;Negro;4,85;;;6
RD-R4X-TAP-COM-ORO;Redmi;Redmi 4X;Tapa trasera;Oro;4,85;;;6
RD-R4X-CTR-COM;Redmi;Redmi 4X;Cámara trasera;Compatible;6,10;;;6
RD-R4X-CFR-COM;Redmi;Redmi 4X;Cámara frontal;Compatible;3,90;;;6
RD-R4X-LEN-COM;Redmi;Redmi 4X;Lente de cámara;Compatible;1,80;;;6
RD-R4X-ALT-COM;Redmi;Redmi 4X;Altavoz;Compatible;3,35;;;6
RD-R4X-AUR-COM;Redmi;Redmi 4X;Auricular de llamada;Compatible;2,40;;;6
RD-R4X-FLX-COM;Redmi;Redmi 4X;Flex de encendido y volumen;Compatible;2,35;;;6
RD-R4X-SIM-COM-NEG;Redmi;Redmi 4X;Bandeja SIM;Negro;2,40;;;6
RD-R4X-SIM-COM-ORO;Redmi;Redmi 4X;Bandeja SIM;Oro;2,40;;;6
RD-RN5AP-PAN-ORI;Redmi;Redmi Note 5A Prime;Pantalla;Original;28,60;27,74;26,88;12
RD-RN5AP-PAN-COM;Redmi;Redmi Note 5A Prime;Pantalla;Compatible;13,55;13,14;12,74;6
RD-RN5AP-BAT-COM;Redmi;Redmi Note 5A Prime;Batería;Compatible;9,99;;;6
RD-RN5AP-CON-COM;Redmi;Redmi Note 5A Prime;Conector de carga;Compatible;3,95;;;6
RD-RN5AP-TAP-COM-ORO;Redmi;Redmi Note 5A Prime;Tapa trasera;Oro;5,55;;;6
RD-RN5AP-TAP-COM-GRI;Redmi;Redmi Note 5A Prime;Tapa trasera;Gris oscuro;5,55;;;6
RD-RN5AP-CTR-COM;Redmi;Redmi Note 5A Prime;Cámara trasera;Compatible;7,45;;;6
RD-RN5AP-CFR-COM;Redmi;Redmi Note 5A Prime;Cámara frontal;Compatible;4,20;;;6
RD-RN5AP-LEN-COM;Redmi;Redmi Note 5A Prime;Lente de cámara;Compatible;1,95;;;6
RD-RN5AP-ALT-COM;Redmi;Redmi Note 5A Prime;Altavoz;Compatible;3,55;;;6
RD-RN5AP-AUR-COM;Redmi;Redmi Note 5A Prime;Auricular de llamada;Compatible;2,39;;;6
RD-RN5AP-FLX-COM;Redmi;Redmi Note 5A Prime;Flex de encendido y volumen;Compatible;2,25;;;6
RD-RN5AP-SIM-COM-ORO;Redmi;Redmi Note 5A Prime;Bandeja SIM;Oro;2,25;;;6
RD-RN5AP-SIM-COM-GRI;Redmi;Redmi Note 5A Prime;Bandeja SIM;Gris oscuro;2,25;;;6
RD-RN5A-PAN-ORI;Redmi;Redmi Note 5A;Pantalla;Original;28,60;27,74;26,88;12
RD-RN5A-PAN-COM;Redmi;Redmi Note 5A;Pantalla;Compatible;13,55;13,14;12,74;6
RD-RN5A-BAT-COM;Redmi;Redmi Note 5A;Batería;Compatible;9,99;;;6
RD-RN5A-CON-COM;Redmi;Redmi Note 5A;Conector de carga;Compatible;3,95;;;6
RD-RN5A-TAP-COM-ORO;Redmi;Redmi Note 5A;Tapa trasera;Oro;5,55;;;6
RD-RN5A-TAP-COM-ROS;Redmi;Redmi Note 5A;Tapa trasera;Oro rosa;5,55;;;6
RD-RN5A-TAP-COM-GRI;Redmi;Redmi Note 5A;Tapa trasera;Gris oscuro;5,55;;;6
RD-RN5A-CTR-COM;Redmi;Redmi Note 5A;Cámara trasera;Compatible;7,45;;;6
RD-RN5A-CFR-COM;Redmi;Redmi Note 5A;Cámara frontal;Compatible;4,20;;;6
RD-RN5A-LEN-COM;Redmi;Redmi Note 5A;Lente de cámara;Compatible;1,95;;;6
RD-RN5A-ALT-COM;Redmi;Redmi Note 5A;Altavoz;Compatible;3,55;;;6
RD-RN5A-AUR-COM;Redmi;Redmi Note 5A;Auricular de llamada;Compatible;2,39;;;6
RD-RN5A-FLX-COM;Redmi;Redmi Note 5A;Flex de encendido y volumen;Compatible;2,25;;;6
RD-RN5A-SIM-COM-ORO;Redmi;Redmi Note 5A;Bandeja SIM;Oro;2,25;;;6
RD-RN5A-SIM-COM-ROS;Redmi;Redmi Note 5A;Bandeja SIM;Oro rosa;2,25;;;6
RD-RN5A-SIM-COM-GRI;Redmi;Redmi Note 5A;Bandeja SIM;Gris oscuro;2,25;;;6
RD-R5-PAN-ORI;Redmi;Redmi 5;Pantalla;Original;20,35;19,74;19,13;12
RD-R5-PAN-COM;Redmi;Redmi 5;Pantalla;Compatible;11,79;11,44;11,08;6
RD-R5-BAT-COM;Redmi;Redmi 5;Batería;Compatible;9,59;;;6
RD-R5-CON-COM;Redmi;Redmi 5;Conector de carga;Compatible;2,90;;;6
RD-R5-TAP-COM-NEG;Redmi;Redmi 5;Tapa trasera;Negro;4,85;;;6
RD-R5-TAP-COM-ORO;Redmi;Redmi 5;Tapa trasera;Oro;4,85;;;6
RD-R5-TAP-COM-AZU;Redmi;Redmi 5;Tapa trasera;Azul;4,85;;;6
RD-R5-CTR-COM;Redmi;Redmi 5;Cámara trasera;Compatible;6,10;;;6
RD-R5-CFR-COM;Redmi;Redmi 5;Cámara frontal;Compatible;3,90;;;6
RD-R5-LEN-COM;Redmi;Redmi 5;Lente de cámara;Compatible;1,80;;;6
RD-R5-ALT-COM;Redmi;Redmi 5;Altavoz;Compatible;3,35;;;6
RD-R5-AUR-COM;Redmi;Redmi 5;Auricular de llamada;Compatible;2,40;;;6
RD-R5-FLX-COM;Redmi;Redmi 5;Flex de encendido y volumen;Compatible;2,35;;;6
RD-R5-SIM-COM-NEG;Redmi;Redmi 5;Bandeja SIM;Negro;2,40;;;6
RD-R5-SIM-COM-ORO;Redmi;Redmi 5;Bandeja SIM;Oro;2,40;;;6
RD-R5-SIM-COM-AZU;Redmi;Redmi 5;Bandeja SIM;Azul;2,40;;;6
RD-R5A-PAN-ORI;Redmi;Redmi 5A;Pantalla;Original;18,95;18,38;17,81;12
RD-R5A-PAN-COM;Redmi;Redmi 5A;Pantalla;Compatible;11,79;11,44;11,08;6
RD-R5A-BAT-COM;Redmi;Redmi 5A;Batería;Compatible;9,59;;;6
RD-R5A-CON-COM;Redmi;Redmi 5A;Conector de carga;Compatible;2,90;;;6
RD-R5A-TAP-COM-ORO;Redmi;Redmi 5A;Tapa trasera;Oro;4,85;;;6
RD-R5A-TAP-COM-ROS;Redmi;Redmi 5A;Tapa trasera;Rosa oro;4,85;;;6
RD-R5A-TAP-COM-GRI;Redmi;Redmi 5A;Tapa trasera;Gris oscuro;4,85;;;6
RD-R5A-CTR-COM;Redmi;Redmi 5A;Cámara trasera;Compatible;6,10;;;6
RD-R5A-CFR-COM;Redmi;Redmi 5A;Cámara frontal;Compatible;3,90;;;6
RD-R5A-LEN-COM;Redmi;Redmi 5A;Lente de cámara;Compatible;1,80;;;6
RD-R5A-ALT-COM;Redmi;Redmi 5A;Altavoz;Compatible;3,35;;;6
RD-R5A-AUR-COM;Redmi;Redmi 5A;Auricular de llamada;Compatible;2,40;;;6
RD-R5A-FLX-COM;Redmi;Redmi 5A;Flex de encendido y volumen;Compatible;2,35;;;6
RD-R5A-SIM-COM-ORO;Redmi;Redmi 5A;Bandeja SIM;Oro;2,40;;;6
RD-R5A-SIM-COM-ROS;Redmi;Redmi 5A;Bandeja SIM;Rosa oro;2,40;;;6
RD-R5A-SIM-COM-GRI;Redmi;Redmi 5A;Bandeja SIM;Gris oscuro;2,40;;;6
RD-R5PL-PAN-ORI;Redmi;Redmi 5 Plus;Pantalla;Original;20,35;19,74;19,13;12
RD-R5PL-PAN-COM;Redmi;Redmi 5 Plus;Pantalla;Compatible;11,79;11,44;11,08;6
RD-R5PL-BAT-COM;Redmi;Redmi 5 Plus;Batería;Compatible;9,59;;;6
RD-R5PL-CON-COM;Redmi;Redmi 5 Plus;Conector de carga;Compatible;2,90;;;6
RD-R5PL-TAP-COM-NEG;Redmi;Redmi 5 Plus;Tapa trasera;Negro;4,85;;;6
RD-R5PL-TAP-COM-ORO;Redmi;Redmi 5 Plus;Tapa trasera;Oro;4,85;;;6
RD-R5PL-TAP-COM-AZU;Redmi;Redmi 5 Plus;Tapa trasera;Azul;4,85;;;6
RD-R5PL-CTR-COM;Redmi;Redmi 5 Plus;Cámara trasera;Compatible;6,10;;;6
RD-R5PL-CFR-COM;Redmi;Redmi 5 Plus;Cámara frontal;Compatible;3,90;;;6
RD-R5PL-LEN-COM;Redmi;Redmi 5 Plus;Lente de cámara;Compatible;1,80;;;6
RD-R5PL-ALT-COM;Redmi;Redmi 5 Plus;Altavoz;Compatible;3,35;;;6
RD-R5PL-AUR-COM;Redmi;Redmi 5 Plus;Auricular de llamada;Compatible;2,40;;;6
RD-R5PL-FLX-COM;Redmi;Redmi 5 Plus;Flex de encendido y volumen;Compatible;2,35;;;6
RD-R5PL-SIM-COM-NEG;Redmi;Redmi 5 Plus;Bandeja SIM;Negro;2,40;;;6
RD-R5PL-SIM-COM-ORO;Redmi;Redmi 5 Plus;Bandeja SIM;Oro;2,40;;;6
RD-R5PL-SIM-COM-AZU;Redmi;Redmi 5 Plus;Bandeja SIM;Azul;2,40;;;6
RD-RN5-PAN-ORI;Redmi;Redmi Note 5;Pantalla;Original;28,60;27,74;26,88;12
RD-RN5-PAN-COM;Redmi;Redmi Note 5;Pantalla;Compatible;13,55;13,14;12,74;6
RD-RN5-BAT-COM;Redmi;Redmi Note 5;Batería;Compatible;9,99;;;6
RD-RN5-CON-COM;Redmi;Redmi Note 5;Conector de carga;Compatible;3,95;;;6
RD-RN5-TAP-COM-NEG;Redmi;Redmi Note 5;Tapa trasera;Negro;5,55;;;6
RD-RN5-TAP-COM-ORO;Redmi;Redmi Note 5;Tapa trasera;Oro;5,55;;;6
RD-RN5-TAP-COM-AZU;Redmi;Redmi Note 5;Tapa trasera;Azul;5,55;;;6
RD-RN5-CTR-COM;Redmi;Redmi Note 5;Cámara trasera;Compatible;7,45;;;6
RD-RN5-CFR-COM;Redmi;Redmi Note 5;Cámara frontal;Compatible;4,20;;;6
RD-RN5-LEN-COM;Redmi;Redmi Note 5;Lente de cámara;Compatible;1,95;;;6
RD-RN5-ALT-COM;Redmi;Redmi Note 5;Altavoz;Compatible;3,55;;;6
RD-RN5-AUR-COM;Redmi;Redmi Note 5;Auricular de llamada;Compatible;2,39;;;6
RD-RN5-FLX-COM;Redmi;Redmi Note 5;Flex de encendido y volumen;Compatible;2,25;;;6
RD-RN5-SIM-COM-NEG;Redmi;Redmi Note 5;Bandeja SIM;Negro;2,25;;;6
RD-RN5-SIM-COM-ORO;Redmi;Redmi Note 5;Bandeja SIM;Oro;2,25;;;6
RD-RN5-SIM-COM-AZU;Redmi;Redmi Note 5;Bandeja SIM;Azul;2,25;;;6
RD-RS2-PAN-ORI;Redmi;Redmi S2;Pantalla;Original;20,35;19,74;19,13;12
RD-RS2-PAN-COM;Redmi;Redmi S2;Pantalla;Compatible;11,79;11,44;11,08;6
RD-RS2-BAT-COM;Redmi;Redmi S2;Batería;Compatible;9,59;;;6
RD-RS2-CON-COM;Redmi;Redmi S2;Conector de carga;Compatible;2,90;;;6
RD-RS2-TAP-COM-GRI;Redmi;Redmi S2;Tapa trasera;Gris;4,85;;;6
RD-RS2-TAP-COM-ORO;Redmi;Redmi S2;Tapa trasera;Oro;4,85;;;6
RD-RS2-TAP-COM-ROS;Redmi;Redmi S2;Tapa trasera;Rosa oro;4,85;;;6
RD-RS2-CTR-COM;Redmi;Redmi S2;Cámara trasera;Compatible;6,10;;;6
RD-RS2-CFR-COM;Redmi;Redmi S2;Cámara frontal;Compatible;3,90;;;6
RD-RS2-LEN-COM;Redmi;Redmi S2;Lente de cámara;Compatible;1,80;;;6
RD-RS2-ALT-COM;Redmi;Redmi S2;Altavoz;Compatible;3,35;;;6
RD-RS2-AUR-COM;Redmi;Redmi S2;Auricular de llamada;Compatible;2,40;;;6
RD-RS2-FLX-COM;Redmi;Redmi S2;Flex de encendido y volumen;Compatible;2,35;;;6
RD-RS2-SIM-COM-GRI;Redmi;Redmi S2;Bandeja SIM;Gris;2,40;;;6
RD-RS2-SIM-COM-ORO;Redmi;Redmi S2;Bandeja SIM;Oro;2,40;;;6
RD-RS2-SIM-COM-ROS;Redmi;Redmi S2;Bandeja SIM;Rosa oro;2,40;;;6
RD-R6-PAN-ORI;Redmi;Redmi 6;Pantalla;Original;20,35;19,74;19,13;12
RD-R6-PAN-COM;Redmi;Redmi 6;Pantalla;Compatible;11,79;11,44;11,08;6
RD-R6-BAT-COM;Redmi;Redmi 6;Batería;Compatible;9,59;;;6
RD-R6-CON-COM;Redmi;Redmi 6;Conector de carga;Compatible;2,90;;;6
RD-R6-TAP-COM-GRI;Redmi;Redmi 6;Tapa trasera;Gris;4,85;;;6
RD-R6-TAP-COM-ORO;Redmi;Redmi 6;Tapa trasera;Oro;4,85;;;6
RD-R6-TAP-COM-AZU;Redmi;Redmi 6;Tapa trasera;Azul;4,85;;;6
RD-R6-TAP-COM-NEG;Redmi;Redmi 6;Tapa trasera;Negro;4,85;;;6
RD-R6-CTR-COM;Redmi;Redmi 6;Cámara trasera;Compatible;6,10;;;6
RD-R6-CFR-COM;Redmi;Redmi 6;Cámara frontal;Compatible;3,90;;;6
RD-R6-LEN-COM;Redmi;Redmi 6;Lente de cámara;Compatible;1,80;;;6
RD-R6-ALT-COM;Redmi;Redmi 6;Altavoz;Compatible;3,35;;;6
RD-R6-AUR-COM;Redmi;Redmi 6;Auricular de llamada;Compatible;2,40;;;6
RD-R6-FLX-COM;Redmi;Redmi 6;Flex de encendido y volumen;Compatible;2,35;;;6
RD-R6-SIM-COM-GRI;Redmi;Redmi 6;Bandeja SIM;Gris;2,40;;;6
RD-R6-SIM-COM-ORO;Redmi;Redmi 6;Bandeja SIM;Oro;2,40;;;6
RD-R6-SIM-COM-AZU;Redmi;Redmi 6;Bandeja SIM;Azul;2,40;;;6
RD-R6-SIM-COM-NEG;Redmi;Redmi 6;Bandeja SIM;Negro;2,40;;;6
RD-R6A-PAN-ORI;Redmi;Redmi 6A;Pantalla;Original;18,95;18,38;17,81;12
RD-R6A-PAN-COM;Redmi;Redmi 6A;Pantalla;Compatible;11,79;11,44;11,08;6
RD-R6A-BAT-COM;Redmi;Redmi 6A;Batería;Compatible;9,59;;;6
RD-R6A-CON-COM;Redmi;Redmi 6A;Conector de carga;Compatible;2,90;;;6
RD-R6A-TAP-COM-NEG;Redmi;Redmi 6A;Tapa trasera;Negro;4,85;;;6
RD-R6A-TAP-COM-ORO;Redmi;Redmi 6A;Tapa trasera;Oro;4,85;;;6
RD-R6A-TAP-COM-AZU;Redmi;Redmi 6A;Tapa trasera;Azul;4,85;;;6
RD-R6A-TAP-COM-GRI;Redmi;Redmi 6A;Tapa trasera;Gris;4,85;;;6
RD-R6A-CTR-COM;Redmi;Redmi 6A;Cámara trasera;Compatible;6,10;;;6
RD-R6A-CFR-COM;Redmi;Redmi 6A;Cámara frontal;Compatible;3,90;;;6
RD-R6A-LEN-COM;Redmi;Redmi 6A;Lente de cámara;Compatible;1,80;;;6
RD-R6A-ALT-COM;Redmi;Redmi 6A;Altavoz;Compatible;3,35;;;6
RD-R6A-AUR-COM;Redmi;Redmi 6A;Auricular de llamada;Compatible;2,40;;;6
RD-R6A-FLX-COM;Redmi;Redmi 6A;Flex de encendido y volumen;Compatible;2,35;;;6
RD-R6A-SIM-COM-NEG;Redmi;Redmi 6A;Bandeja SIM;Negro;2,40;;;6
RD-R6A-SIM-COM-ORO;Redmi;Redmi 6A;Bandeja SIM;Oro;2,40;;;6
RD-R6A-SIM-COM-AZU;Redmi;Redmi 6A;Bandeja SIM;Azul;2,40;;;6
RD-R6A-SIM-COM-GRI;Redmi;Redmi 6A;Bandeja SIM;Gris;2,40;;;6
RD-RN6P-PAN-ORI;Redmi;Redmi Note 6 Pro;Pantalla;Original;32,89;31,90;30,92;12
RD-RN6P-PAN-COM;Redmi;Redmi Note 6 Pro;Pantalla;Compatible;13,69;13,28;12,87;6
RD-RN6P-BAT-COM;Redmi;Redmi Note 6 Pro;Batería;Compatible;10,75;10,43;10,10;6
RD-RN6P-CON-COM;Redmi;Redmi Note 6 Pro;Conector de carga;Compatible;3,65;;;6
RD-RN6P-TAP-COM-NEG;Redmi;Redmi Note 6 Pro;Tapa trasera;Negro;5,60;;;6
RD-RN6P-TAP-COM-AZU;Redmi;Redmi Note 6 Pro;Tapa trasera;Azul;5,60;;;6
RD-RN6P-TAP-COM-ORO;Redmi;Redmi Note 6 Pro;Tapa trasera;Oro rosado;5,60;;;6
RD-RN6P-CTR-COM;Redmi;Redmi Note 6 Pro;Cámara trasera;Compatible;9,05;;;6
RD-RN6P-CFR-COM;Redmi;Redmi Note 6 Pro;Cámara frontal;Compatible;4,45;;;6
RD-RN6P-LEN-COM;Redmi;Redmi Note 6 Pro;Lente de cámara;Compatible;2,35;;;6
RD-RN6P-ALT-COM;Redmi;Redmi Note 6 Pro;Altavoz;Compatible;3,89;;;6
RD-RN6P-AUR-COM;Redmi;Redmi Note 6 Pro;Auricular de llamada;Compatible;2,95;;;6
RD-RN6P-FLX-COM;Redmi;Redmi Note 6 Pro;Flex de encendido y volumen;Compatible;2,95;;;6
RD-RN6P-SIM-COM-NEG;Redmi;Redmi Note 6 Pro;Bandeja SIM;Negro;2,60;;;6
RD-RN6P-SIM-COM-AZU;Redmi;Redmi Note 6 Pro;Bandeja SIM;Azul;2,60;;;6
RD-RN6P-SIM-COM-ORO;Redmi;Redmi Note 6 Pro;Bandeja SIM;Oro rosado;2,60;;;6
RD-RGO-PAN-ORI;Redmi;Redmi Go;Pantalla;Original;20,35;19,74;19,13;12
RD-RGO-PAN-COM;Redmi;Redmi Go;Pantalla;Compatible;11,79;11,44;11,08;6
RD-RGO-BAT-COM;Redmi;Redmi Go;Batería;Compatible;9,59;;;6
RD-RGO-CON-COM;Redmi;Redmi Go;Conector de carga;Compatible;2,90;;;6
RD-RGO-TAP-COM-NEG;Redmi;Redmi Go;Tapa trasera;Negro;4,85;;;6
RD-RGO-TAP-COM-AZU;Redmi;Redmi Go;Tapa trasera;Azul;4,85;;;6
RD-RGO-CTR-COM;Redmi;Redmi Go;Cámara trasera;Compatible;6,10;;;6
RD-RGO-CFR-COM;Redmi;Redmi Go;Cámara frontal;Compatible;3,90;;;6
RD-RGO-LEN-COM;Redmi;Redmi Go;Lente de cámara;Compatible;1,80;;;6
RD-RGO-ALT-COM;Redmi;Redmi Go;Altavoz;Compatible;3,35;;;6
RD-RGO-AUR-COM;Redmi;Redmi Go;Auricular de llamada;Compatible;2,40;;;6
RD-RGO-FLX-COM;Redmi;Redmi Go;Flex de encendido y volumen;Compatible;2,35;;;6
RD-RGO-SIM-COM-NEG;Redmi;Redmi Go;Bandeja SIM;Negro;2,40;;;6
RD-RGO-SIM-COM-AZU;Redmi;Redmi Go;Bandeja SIM;Azul;2,40;;;6
RD-RN7-PAN-ORI;Redmi;Redmi Note 7;Pantalla;Original;28,60;27,74;26,88;12
RD-RN7-PAN-COM;Redmi;Redmi Note 7;Pantalla;Compatible;13,55;13,14;12,74;6
RD-RN7-BAT-COM;Redmi;Redmi Note 7;Batería;Compatible;9,99;;;6
RD-RN7-CON-COM;Redmi;Redmi Note 7;Conector de carga;Compatible;3,95;;;6
RD-RN7-TAP-COM-NEG;Redmi;Redmi Note 7;Tapa trasera;Negro espacial;5,55;;;6
RD-RN7-TAP-COM-AZU;Redmi;Redmi Note 7;Tapa trasera;Azul neptuno;5,55;;;6
RD-RN7-TAP-COM-ROJ;Redmi;Redmi Note 7;Tapa trasera;Rojo (Nebula Red);5,55;;;6
RD-RN7-TAP-COM-BLA;Redmi;Redmi Note 7;Tapa trasera;Blanco;5,55;;;6
RD-RN7-CTR-COM;Redmi;Redmi Note 7;Cámara trasera;Compatible;7,45;;;6
RD-RN7-CFR-COM;Redmi;Redmi Note 7;Cámara frontal;Compatible;4,20;;;6
RD-RN7-LEN-COM;Redmi;Redmi Note 7;Lente de cámara;Compatible;1,95;;;6
RD-RN7-ALT-COM;Redmi;Redmi Note 7;Altavoz;Compatible;3,55;;;6
RD-RN7-AUR-COM;Redmi;Redmi Note 7;Auricular de llamada;Compatible;2,39;;;6
RD-RN7-FLX-COM;Redmi;Redmi Note 7;Flex de encendido y volumen;Compatible;2,25;;;6
RD-RN7-SIM-COM-NEG;Redmi;Redmi Note 7;Bandeja SIM;Negro espacial;2,25;;;6
RD-RN7-SIM-COM-AZU;Redmi;Redmi Note 7;Bandeja SIM;Azul neptuno;2,25;;;6
RD-RN7-SIM-COM-ROJ;Redmi;Redmi Note 7;Bandeja SIM;Rojo (Nebula Red);2,25;;;6
RD-RN7-SIM-COM-BLA;Redmi;Redmi Note 7;Bandeja SIM;Blanco;2,25;;;6
RD-R7-PAN-ORI;Redmi;Redmi 7;Pantalla;Original;20,35;19,74;19,13;12
RD-R7-PAN-COM;Redmi;Redmi 7;Pantalla;Compatible;11,79;11,44;11,08;6
RD-R7-BAT-COM;Redmi;Redmi 7;Batería;Compatible;9,59;;;6
RD-R7-CON-COM;Redmi;Redmi 7;Conector de carga;Compatible;2,90;;;6
RD-R7-TAP-COM-NEG;Redmi;Redmi 7;Tapa trasera;Negro eclipse;4,85;;;6
RD-R7-TAP-COM-AZU;Redmi;Redmi 7;Tapa trasera;Azul cometa;4,85;;;6
RD-R7-TAP-COM-ROJ;Redmi;Redmi 7;Tapa trasera;Rojo lunar;4,85;;;6
RD-R7-CTR-COM;Redmi;Redmi 7;Cámara trasera;Compatible;6,10;;;6
RD-R7-CFR-COM;Redmi;Redmi 7;Cámara frontal;Compatible;3,90;;;6
RD-R7-LEN-COM;Redmi;Redmi 7;Lente de cámara;Compatible;1,80;;;6
RD-R7-ALT-COM;Redmi;Redmi 7;Altavoz;Compatible;3,35;;;6
RD-R7-AUR-COM;Redmi;Redmi 7;Auricular de llamada;Compatible;2,40;;;6
RD-R7-FLX-COM;Redmi;Redmi 7;Flex de encendido y volumen;Compatible;2,35;;;6
RD-R7-SIM-COM-NEG;Redmi;Redmi 7;Bandeja SIM;Negro eclipse;2,40;;;6
RD-R7-SIM-COM-AZU;Redmi;Redmi 7;Bandeja SIM;Azul cometa;2,40;;;6
RD-R7-SIM-COM-ROJ;Redmi;Redmi 7;Bandeja SIM;Rojo lunar;2,40;;;6
RD-R7A-PAN-ORI;Redmi;Redmi 7A;Pantalla;Original;18,95;18,38;17,81;12
RD-R7A-PAN-COM;Redmi;Redmi 7A;Pantalla;Compatible;11,79;11,44;11,08;6
RD-R7A-BAT-COM;Redmi;Redmi 7A;Batería;Compatible;9,59;;;6
RD-R7A-CON-COM;Redmi;Redmi 7A;Conector de carga;Compatible;2,90;;;6
RD-R7A-TAP-COM-NEG;Redmi;Redmi 7A;Tapa trasera;Negro mate;4,85;;;6
RD-R7A-TAP-COM-AZU;Redmi;Redmi 7A;Tapa trasera;Azul mate;4,85;;;6
RD-R7A-TAP-COM-AGE;Redmi;Redmi 7A;Tapa trasera;Azul gema;4,85;;;6
RD-R7A-TAP-COM-ROJ;Redmi;Redmi 7A;Tapa trasera;Rojo gema;4,85;;;6
RD-R7A-CTR-COM;Redmi;Redmi 7A;Cámara trasera;Compatible;6,10;;;6
RD-R7A-CFR-COM;Redmi;Redmi 7A;Cámara frontal;Compatible;3,90;;;6
RD-R7A-LEN-COM;Redmi;Redmi 7A;Lente de cámara;Compatible;1,80;;;6
RD-R7A-ALT-COM;Redmi;Redmi 7A;Altavoz;Compatible;3,35;;;6
RD-R7A-AUR-COM;Redmi;Redmi 7A;Auricular de llamada;Compatible;2,40;;;6
RD-R7A-FLX-COM;Redmi;Redmi 7A;Flex de encendido y volumen;Compatible;2,35;;;6
RD-R7A-SIM-COM-NEG;Redmi;Redmi 7A;Bandeja SIM;Negro mate;2,40;;;6
RD-R7A-SIM-COM-AZU;Redmi;Redmi 7A;Bandeja SIM;Azul mate;2,40;;;6
RD-R7A-SIM-COM-AGE;Redmi;Redmi 7A;Bandeja SIM;Azul gema;2,40;;;6
RD-R7A-SIM-COM-ROJ;Redmi;Redmi 7A;Bandeja SIM;Rojo gema;2,40;;;6
RD-R13C5-PAN-ORI;Redmi;Redmi 13C 5G;Pantalla;Original;23,09;22,40;21,70;12
RD-R13C5-PAN-COM;Redmi;Redmi 13C 5G;Pantalla;Compatible;13,30;12,90;12,50;6
RD-R13C5-BAT-COM;Redmi;Redmi 13C 5G;Batería;Compatible;9,35;;;6
RD-R13C5-CON-COM;Redmi;Redmi 13C 5G;Conector de carga;Compatible;3,15;;;6
RD-R13C5-TAP-COM-NEG;Redmi;Redmi 13C 5G;Tapa trasera;Negro (Starry Black);5,59;;;6
RD-R13C5-TAP-COM-AZU;Redmi;Redmi 13C 5G;Tapa trasera;Azul (Twilight Blue);5,59;;;6
RD-R13C5-TAP-COM-PLA;Redmi;Redmi 13C 5G;Tapa trasera;Plata (Starry Silver);5,59;;;6
RD-R13C5-CTR-COM;Redmi;Redmi 13C 5G;Cámara trasera;Compatible;6,99;;;6
RD-R13C5-CFR-COM;Redmi;Redmi 13C 5G;Cámara frontal;Compatible;4,20;;;6
RD-R13C5-LEN-COM;Redmi;Redmi 13C 5G;Lente de cámara;Compatible;1,90;;;6
RD-R13C5-ALT-COM;Redmi;Redmi 13C 5G;Altavoz;Compatible;3,29;;;6
RD-R13C5-AUR-COM;Redmi;Redmi 13C 5G;Auricular de llamada;Compatible;2,39;;;6
RD-R13C5-FLX-COM;Redmi;Redmi 13C 5G;Flex de encendido y volumen;Compatible;2,65;;;6
RD-R13C5-SIM-COM-NEG;Redmi;Redmi 13C 5G;Bandeja SIM;Negro (Starry Black);2,45;;;6
RD-R13C5-SIM-COM-AZU;Redmi;Redmi 13C 5G;Bandeja SIM;Azul (Twilight Blue);2,45;;;6
RD-R13C5-SIM-COM-PLA;Redmi;Redmi 13C 5G;Bandeja SIM;Plata (Starry Silver);2,45;;;6
RD-R8-PRO-NA;Redmi;Redmi 8;Cristal templado;Estándar;1,30;;;
RD-R8-PRO-PRI;Redmi;Redmi 8;Cristal templado;Privacidad;4,00;;;
RD-R8-FUN-SIL;Redmi;Redmi 8;Funda;Silicona;2,50;;;
RD-R8-FUN-TPU;Redmi;Redmi 8;Funda;Transparente;2,95;;;
RD-R8-FUN-LIB;Redmi;Redmi 8;Funda;Libro;3,70;;;
RD-R8-FUN-ANT;Redmi;Redmi 8;Funda;Antigolpes;3,10;;;
RD-R8-PCA-NA;Redmi;Redmi 8;Protector de cámara;Cristal;2,90;;;
RD-R8A-PRO-NA;Redmi;Redmi 8A;Cristal templado;Estándar;1,30;;;
RD-R8A-PRO-PRI;Redmi;Redmi 8A;Cristal templado;Privacidad;4,00;;;
RD-R8A-FUN-SIL;Redmi;Redmi 8A;Funda;Silicona;2,50;;;
RD-R8A-FUN-TPU;Redmi;Redmi 8A;Funda;Transparente;2,95;;;
RD-R8A-FUN-LIB;Redmi;Redmi 8A;Funda;Libro;3,70;;;
RD-R8A-FUN-ANT;Redmi;Redmi 8A;Funda;Antigolpes;3,10;;;
RD-R8A-PCA-NA;Redmi;Redmi 8A;Protector de cámara;Cristal;2,90;;;
RD-R9-PRO-NA;Redmi;Redmi 9;Cristal templado;Estándar;1,30;;;
RD-R9-PRO-PRI;Redmi;Redmi 9;Cristal templado;Privacidad;4,00;;;
RD-R9-FUN-SIL;Redmi;Redmi 9;Funda;Silicona;2,50;;;
RD-R9-FUN-TPU;Redmi;Redmi 9;Funda;Transparente;2,95;;;
RD-R9-FUN-LIB;Redmi;Redmi 9;Funda;Libro;3,70;;;
RD-R9-FUN-ANT;Redmi;Redmi 9;Funda;Antigolpes;3,10;;;
RD-R9-PCA-NA;Redmi;Redmi 9;Protector de cámara;Cristal;2,90;;;
RD-R9A-PRO-NA;Redmi;Redmi 9A;Cristal templado;Estándar;1,30;;;
RD-R9A-PRO-PRI;Redmi;Redmi 9A;Cristal templado;Privacidad;4,00;;;
RD-R9A-FUN-SIL;Redmi;Redmi 9A;Funda;Silicona;3,05;;;
RD-R9A-FUN-TPU;Redmi;Redmi 9A;Funda;Transparente;2,95;;;
RD-R9A-FUN-LIB;Redmi;Redmi 9A;Funda;Libro;3,70;;;
RD-R9A-FUN-ANT;Redmi;Redmi 9A;Funda;Antigolpes;3,10;;;
RD-R9A-PCA-NA;Redmi;Redmi 9A;Protector de cámara;Cristal;2,90;;;
RD-R9C-PRO-NA;Redmi;Redmi 9C;Cristal templado;Estándar;1,30;;;
RD-R9C-PRO-PRI;Redmi;Redmi 9C;Cristal templado;Privacidad;4,00;;;
RD-R9C-FUN-SIL;Redmi;Redmi 9C;Funda;Silicona;2,50;;;
RD-R9C-FUN-TPU;Redmi;Redmi 9C;Funda;Transparente;2,95;;;
RD-R9C-FUN-LIB;Redmi;Redmi 9C;Funda;Libro;3,70;;;
RD-R9C-FUN-ANT;Redmi;Redmi 9C;Funda;Antigolpes;3,10;;;
RD-R9C-PCA-NA;Redmi;Redmi 9C;Protector de cámara;Cristal;2,90;;;
RD-R9CNFC-PRO-NA;Redmi;Redmi 9C NFC;Cristal templado;Estándar;1,30;;;
RD-R9CNFC-PRO-PRI;Redmi;Redmi 9C NFC;Cristal templado;Privacidad;4,00;;;
RD-R9CNFC-FUN-SIL;Redmi;Redmi 9C NFC;Funda;Silicona;2,50;;;
RD-R9CNFC-FUN-TPU;Redmi;Redmi 9C NFC;Funda;Transparente;2,95;;;
RD-R9CNFC-FUN-LIB;Redmi;Redmi 9C NFC;Funda;Libro;3,70;;;
RD-R9CNFC-FUN-ANT;Redmi;Redmi 9C NFC;Funda;Antigolpes;3,10;;;
RD-R9CNFC-PCA-NA;Redmi;Redmi 9C NFC;Protector de cámara;Cristal;2,90;;;
RD-R9T-PRO-NA;Redmi;Redmi 9T;Cristal templado;Estándar;1,30;;;
RD-R9T-PRO-PRI;Redmi;Redmi 9T;Cristal templado;Privacidad;4,00;;;
RD-R9T-FUN-SIL;Redmi;Redmi 9T;Funda;Silicona;2,50;;;
RD-R9T-FUN-TPU;Redmi;Redmi 9T;Funda;Transparente;2,95;;;
RD-R9T-FUN-LIB;Redmi;Redmi 9T;Funda;Libro;3,70;;;
RD-R9T-FUN-ANT;Redmi;Redmi 9T;Funda;Antigolpes;3,10;;;
RD-R9T-PCA-NA;Redmi;Redmi 9T;Protector de cámara;Cristal;2,90;;;
RD-R10-PRO-NA;Redmi;Redmi 10;Cristal templado;Estándar;1,30;;;
RD-R10-PRO-PRI;Redmi;Redmi 10;Cristal templado;Privacidad;4,00;;;
RD-R10-FUN-SIL;Redmi;Redmi 10;Funda;Silicona;2,50;;;
RD-R10-FUN-TPU;Redmi;Redmi 10;Funda;Transparente;2,95;;;
RD-R10-FUN-LIB;Redmi;Redmi 10;Funda;Libro;3,70;;;
RD-R10-FUN-ANT;Redmi;Redmi 10;Funda;Antigolpes;3,10;;;
RD-R10-PCA-NA;Redmi;Redmi 10;Protector de cámara;Cristal;3,80;;;
RD-R1022-PRO-NA;Redmi;Redmi 10 2022;Cristal templado;Estándar;1,30;;;
RD-R1022-PRO-PRI;Redmi;Redmi 10 2022;Cristal templado;Privacidad;4,00;;;
RD-R1022-FUN-SIL;Redmi;Redmi 10 2022;Funda;Silicona;2,50;;;
RD-R1022-FUN-TPU;Redmi;Redmi 10 2022;Funda;Transparente;2,95;;;
RD-R1022-FUN-LIB;Redmi;Redmi 10 2022;Funda;Libro;3,70;;;
RD-R1022-FUN-ANT;Redmi;Redmi 10 2022;Funda;Antigolpes;3,10;;;
RD-R1022-PCA-NA;Redmi;Redmi 10 2022;Protector de cámara;Cristal;2,90;;;
RD-R10A-PRO-NA;Redmi;Redmi 10A;Cristal templado;Estándar;1,30;;;
RD-R10A-PRO-PRI;Redmi;Redmi 10A;Cristal templado;Privacidad;4,00;;;
RD-R10A-FUN-SIL;Redmi;Redmi 10A;Funda;Silicona;2,50;;;
RD-R10A-FUN-TPU;Redmi;Redmi 10A;Funda;Transparente;2,95;;;
RD-R10A-FUN-LIB;Redmi;Redmi 10A;Funda;Libro;3,70;;;
RD-R10A-FUN-ANT;Redmi;Redmi 10A;Funda;Antigolpes;3,10;;;
RD-R10A-PCA-NA;Redmi;Redmi 10A;Protector de cámara;Cristal;2,90;;;
RD-R10C-PRO-NA;Redmi;Redmi 10C;Cristal templado;Estándar;1,30;;;
RD-R10C-PRO-PRI;Redmi;Redmi 10C;Cristal templado;Privacidad;4,00;;;
RD-R10C-FUN-SIL;Redmi;Redmi 10C;Funda;Silicona;2,50;;;
RD-R10C-FUN-TPU;Redmi;Redmi 10C;Funda;Transparente;2,95;;;
RD-R10C-FUN-LIB;Redmi;Redmi 10C;Funda;Libro;3,70;;;
RD-R10C-FUN-ANT;Redmi;Redmi 10C;Funda;Antigolpes;3,10;;;
RD-R10C-PCA-NA;Redmi;Redmi 10C;Protector de cámara;Cristal;2,90;;;
RD-R105-PRO-NA;Redmi;Redmi 10 5G;Cristal templado;Estándar;1,30;;;
RD-R105-PRO-PRI;Redmi;Redmi 10 5G;Cristal templado;Privacidad;4,00;;;
RD-R105-FUN-SIL;Redmi;Redmi 10 5G;Funda;Silicona;2,50;;;
RD-R105-FUN-TPU;Redmi;Redmi 10 5G;Funda;Transparente;2,95;;;
RD-R105-FUN-LIB;Redmi;Redmi 10 5G;Funda;Libro;3,70;;;
RD-R105-FUN-ANT;Redmi;Redmi 10 5G;Funda;Antigolpes;3,10;;;
RD-R105-PCA-NA;Redmi;Redmi 10 5G;Protector de cámara;Cristal;2,90;;;
RD-R12C-PRO-NA;Redmi;Redmi 12C;Cristal templado;Estándar;1,30;;;
RD-R12C-PRO-PRI;Redmi;Redmi 12C;Cristal templado;Privacidad;4,00;;;
RD-R12C-FUN-SIL;Redmi;Redmi 12C;Funda;Silicona;2,50;;;
RD-R12C-FUN-TPU;Redmi;Redmi 12C;Funda;Transparente;2,95;;;
RD-R12C-FUN-LIB;Redmi;Redmi 12C;Funda;Libro;3,70;;;
RD-R12C-FUN-ANT;Redmi;Redmi 12C;Funda;Antigolpes;3,10;;;
RD-R12C-PCA-NA;Redmi;Redmi 12C;Protector de cámara;Cristal;2,90;;;
RD-R12-PRO-NA;Redmi;Redmi 12;Cristal templado;Estándar;1,30;;;
RD-R12-PRO-PRI;Redmi;Redmi 12;Cristal templado;Privacidad;4,00;;;
RD-R12-FUN-SIL;Redmi;Redmi 12;Funda;Silicona;2,50;;;
RD-R12-FUN-TPU;Redmi;Redmi 12;Funda;Transparente;2,95;;;
RD-R12-FUN-LIB;Redmi;Redmi 12;Funda;Libro;3,70;;;
RD-R12-FUN-ANT;Redmi;Redmi 12;Funda;Antigolpes;3,10;;;
RD-R12-PCA-NA;Redmi;Redmi 12;Protector de cámara;Cristal;2,90;;;
RD-R125-PRO-NA;Redmi;Redmi 12 5G;Cristal templado;Estándar;1,30;;;
RD-R125-PRO-PRI;Redmi;Redmi 12 5G;Cristal templado;Privacidad;4,00;;;
RD-R125-FUN-SIL;Redmi;Redmi 12 5G;Funda;Silicona;2,50;;;
RD-R125-FUN-TPU;Redmi;Redmi 12 5G;Funda;Transparente;2,95;;;
RD-R125-FUN-LIB;Redmi;Redmi 12 5G;Funda;Libro;3,70;;;
RD-R125-FUN-ANT;Redmi;Redmi 12 5G;Funda;Antigolpes;3,10;;;
RD-R125-PCA-NA;Redmi;Redmi 12 5G;Protector de cámara;Cristal;2,90;;;
RD-R13C-PRO-NA;Redmi;Redmi 13C;Cristal templado;Estándar;1,30;;;
RD-R13C-PRO-PRI;Redmi;Redmi 13C;Cristal templado;Privacidad;4,00;;;
RD-R13C-FUN-SIL;Redmi;Redmi 13C;Funda;Silicona;2,50;;;
RD-R13C-FUN-TPU;Redmi;Redmi 13C;Funda;Transparente;3,05;;;
RD-R13C-FUN-LIB;Redmi;Redmi 13C;Funda;Libro;3,70;;;
RD-R13C-FUN-ANT;Redmi;Redmi 13C;Funda;Antigolpes;3,10;;;
RD-R13C-PCA-NA;Redmi;Redmi 13C;Protector de cámara;Cristal;2,90;;;
RD-R13-PRO-NA;Redmi;Redmi 13;Cristal templado;Estándar;1,30;;;
RD-R13-PRO-PRI;Redmi;Redmi 13;Cristal templado;Privacidad;4,00;;;
RD-R13-FUN-SIL;Redmi;Redmi 13;Funda;Silicona;2,50;;;
RD-R13-FUN-TPU;Redmi;Redmi 13;Funda;Transparente;2,95;;;
RD-R13-FUN-LIB;Redmi;Redmi 13;Funda;Libro;3,70;;;
RD-R13-FUN-ANT;Redmi;Redmi 13;Funda;Antigolpes;3,10;;;
RD-R13-PCA-NA;Redmi;Redmi 13;Protector de cámara;Cristal;2,90;;;
RD-R14C-PRO-NA;Redmi;Redmi 14C;Cristal templado;Estándar;1,30;;;
RD-R14C-PRO-PRI;Redmi;Redmi 14C;Cristal templado;Privacidad;4,00;;;
RD-R14C-FUN-SIL;Redmi;Redmi 14C;Funda;Silicona;2,50;;;
RD-R14C-FUN-TPU;Redmi;Redmi 14C;Funda;Transparente;2,95;;;
RD-R14C-FUN-LIB;Redmi;Redmi 14C;Funda;Libro;3,70;;;
RD-R14C-FUN-ANT;Redmi;Redmi 14C;Funda;Antigolpes;3,10;;;
RD-R14C-PCA-NA;Redmi;Redmi 14C;Protector de cámara;Cristal;2,90;;;
RD-R15-PRO-NA;Redmi;Redmi 15;Cristal templado;Estándar;1,30;;;
RD-R15-PRO-PRI;Redmi;Redmi 15;Cristal templado;Privacidad;4,00;;;
RD-R15-FUN-SIL;Redmi;Redmi 15;Funda;Silicona;2,50;;;
RD-R15-FUN-TPU;Redmi;Redmi 15;Funda;Transparente;2,95;;;
RD-R15-FUN-LIB;Redmi;Redmi 15;Funda;Libro;3,70;;;
RD-R15-FUN-ANT;Redmi;Redmi 15;Funda;Antigolpes;3,10;;;
RD-R15-PCA-NA;Redmi;Redmi 15;Protector de cámara;Cristal;2,90;;;
RD-R155-PRO-NA;Redmi;Redmi 15 5G;Cristal templado;Estándar;1,30;;;
RD-R155-PRO-PRI;Redmi;Redmi 15 5G;Cristal templado;Privacidad;4,00;;;
RD-R155-FUN-SIL;Redmi;Redmi 15 5G;Funda;Silicona;2,50;;;
RD-R155-FUN-TPU;Redmi;Redmi 15 5G;Funda;Transparente;2,95;;;
RD-R155-FUN-LIB;Redmi;Redmi 15 5G;Funda;Libro;3,70;;;
RD-R155-FUN-ANT;Redmi;Redmi 15 5G;Funda;Antigolpes;3,10;;;
RD-R155-PCA-NA;Redmi;Redmi 15 5G;Protector de cámara;Cristal;2,90;;;
RD-R15C-PRO-NA;Redmi;Redmi 15C;Cristal templado;Estándar;1,30;;;
RD-R15C-PRO-PRI;Redmi;Redmi 15C;Cristal templado;Privacidad;4,00;;;
RD-R15C-FUN-SIL;Redmi;Redmi 15C;Funda;Silicona;2,50;;;
RD-R15C-FUN-TPU;Redmi;Redmi 15C;Funda;Transparente;2,95;;;
RD-R15C-FUN-LIB;Redmi;Redmi 15C;Funda;Libro;3,70;;;
RD-R15C-FUN-ANT;Redmi;Redmi 15C;Funda;Antigolpes;3,10;;;
RD-R15C-PCA-NA;Redmi;Redmi 15C;Protector de cámara;Cristal;2,90;;;
RD-R15C5-PRO-NA;Redmi;Redmi 15C 5G;Cristal templado;Estándar;1,30;;;
RD-R15C5-PRO-PRI;Redmi;Redmi 15C 5G;Cristal templado;Privacidad;4,00;;;
RD-R15C5-FUN-SIL;Redmi;Redmi 15C 5G;Funda;Silicona;2,50;;;
RD-R15C5-FUN-TPU;Redmi;Redmi 15C 5G;Funda;Transparente;2,95;;;
RD-R15C5-FUN-LIB;Redmi;Redmi 15C 5G;Funda;Libro;3,70;;;
RD-R15C5-FUN-ANT;Redmi;Redmi 15C 5G;Funda;Antigolpes;3,10;;;
RD-R15C5-PCA-NA;Redmi;Redmi 15C 5G;Protector de cámara;Cristal;2,90;;;
RD-R17-PRO-NA;Redmi;Redmi 17;Cristal templado;Estándar;1,30;;;
RD-R17-PRO-PRI;Redmi;Redmi 17;Cristal templado;Privacidad;4,00;;;
RD-R17-FUN-SIL;Redmi;Redmi 17;Funda;Silicona;2,50;;;
RD-R17-FUN-TPU;Redmi;Redmi 17;Funda;Transparente;2,95;;;
RD-R17-FUN-LIB;Redmi;Redmi 17;Funda;Libro;3,70;;;
RD-R17-FUN-ANT;Redmi;Redmi 17;Funda;Antigolpes;3,10;;;
RD-R17-PCA-NA;Redmi;Redmi 17;Protector de cámara;Cristal;2,90;;;
RD-R175-PRO-NA;Redmi;Redmi 17 5G;Cristal templado;Estándar;1,30;;;
RD-R175-PRO-PRI;Redmi;Redmi 17 5G;Cristal templado;Privacidad;4,00;;;
RD-R175-FUN-SIL;Redmi;Redmi 17 5G;Funda;Silicona;2,50;;;
RD-R175-FUN-TPU;Redmi;Redmi 17 5G;Funda;Transparente;2,95;;;
RD-R175-FUN-LIB;Redmi;Redmi 17 5G;Funda;Libro;3,70;;;
RD-R175-FUN-ANT;Redmi;Redmi 17 5G;Funda;Antigolpes;3,10;;;
RD-R175-PCA-NA;Redmi;Redmi 17 5G;Protector de cámara;Cristal;2,90;;;
RD-R17C5-PRO-NA;Redmi;Redmi 17C 5G;Cristal templado;Estándar;1,30;;;
RD-R17C5-PRO-PRI;Redmi;Redmi 17C 5G;Cristal templado;Privacidad;4,00;;;
RD-R17C5-FUN-SIL;Redmi;Redmi 17C 5G;Funda;Silicona;2,50;;;
RD-R17C5-FUN-TPU;Redmi;Redmi 17C 5G;Funda;Transparente;2,95;;;
RD-R17C5-FUN-LIB;Redmi;Redmi 17C 5G;Funda;Libro;3,70;;;
RD-R17C5-FUN-ANT;Redmi;Redmi 17C 5G;Funda;Antigolpes;3,10;;;
RD-R17C5-PCA-NA;Redmi;Redmi 17C 5G;Protector de cámara;Cristal;2,90;;;
RD-RA1-PRO-NA;Redmi;Redmi A1;Cristal templado;Estándar;1,30;;;
RD-RA1-PRO-PRI;Redmi;Redmi A1;Cristal templado;Privacidad;4,00;;;
RD-RA1-FUN-SIL;Redmi;Redmi A1;Funda;Silicona;2,50;;;
RD-RA1-FUN-TPU;Redmi;Redmi A1;Funda;Transparente;2,95;;;
RD-RA1-FUN-LIB;Redmi;Redmi A1;Funda;Libro;3,70;;;
RD-RA1-FUN-ANT;Redmi;Redmi A1;Funda;Antigolpes;3,10;;;
RD-RA1-PCA-NA;Redmi;Redmi A1;Protector de cámara;Cristal;2,90;;;
RD-RA2-PRO-NA;Redmi;Redmi A2;Cristal templado;Estándar;1,30;;;
RD-RA2-PRO-PRI;Redmi;Redmi A2;Cristal templado;Privacidad;4,00;;;
RD-RA2-FUN-SIL;Redmi;Redmi A2;Funda;Silicona;2,50;;;
RD-RA2-FUN-TPU;Redmi;Redmi A2;Funda;Transparente;2,95;;;
RD-RA2-FUN-LIB;Redmi;Redmi A2;Funda;Libro;3,70;;;
RD-RA2-FUN-ANT;Redmi;Redmi A2;Funda;Antigolpes;3,10;;;
RD-RA2-PCA-NA;Redmi;Redmi A2;Protector de cámara;Cristal;2,90;;;
RD-RA3-PRO-NA;Redmi;Redmi A3;Cristal templado;Estándar;1,30;;;
RD-RA3-PRO-PRI;Redmi;Redmi A3;Cristal templado;Privacidad;4,00;;;
RD-RA3-FUN-SIL;Redmi;Redmi A3;Funda;Silicona;2,50;;;
RD-RA3-FUN-TPU;Redmi;Redmi A3;Funda;Transparente;2,95;;;
RD-RA3-FUN-LIB;Redmi;Redmi A3;Funda;Libro;3,70;;;
RD-RA3-FUN-ANT;Redmi;Redmi A3;Funda;Antigolpes;3,10;;;
RD-RA3-PCA-NA;Redmi;Redmi A3;Protector de cámara;Cristal;2,90;;;
RD-RA5-PRO-NA;Redmi;Redmi A5;Cristal templado;Estándar;1,30;;;
RD-RA5-PRO-PRI;Redmi;Redmi A5;Cristal templado;Privacidad;4,00;;;
RD-RA5-FUN-SIL;Redmi;Redmi A5;Funda;Silicona;2,50;;;
RD-RA5-FUN-TPU;Redmi;Redmi A5;Funda;Transparente;2,95;;;
RD-RA5-FUN-LIB;Redmi;Redmi A5;Funda;Libro;3,70;;;
RD-RA5-FUN-ANT;Redmi;Redmi A5;Funda;Antigolpes;3,10;;;
RD-RA5-PCA-NA;Redmi;Redmi A5;Protector de cámara;Cristal;2,90;;;
RD-RA7P-PRO-NA;Redmi;Redmi A7 Pro;Cristal templado;Estándar;1,30;;;
RD-RA7P-PRO-PRI;Redmi;Redmi A7 Pro;Cristal templado;Privacidad;4,00;;;
RD-RA7P-FUN-SIL;Redmi;Redmi A7 Pro;Funda;Silicona;2,50;;;
RD-RA7P-FUN-TPU;Redmi;Redmi A7 Pro;Funda;Transparente;2,95;;;
RD-RA7P-FUN-LIB;Redmi;Redmi A7 Pro;Funda;Libro;3,70;;;
RD-RA7P-FUN-ANT;Redmi;Redmi A7 Pro;Funda;Antigolpes;3,10;;;
RD-RA7P-PCA-NA;Redmi;Redmi A7 Pro;Protector de cámara;Cristal;2,90;;;
RD-RN8-PRO-NA;Redmi;Redmi Note 8;Cristal templado;Estándar;1,30;;;
RD-RN8-PRO-PRI;Redmi;Redmi Note 8;Cristal templado;Privacidad;4,00;;;
RD-RN8-FUN-SIL;Redmi;Redmi Note 8;Funda;Silicona;2,50;;;
RD-RN8-FUN-TPU;Redmi;Redmi Note 8;Funda;Transparente;2,95;;;
RD-RN8-FUN-LIB;Redmi;Redmi Note 8;Funda;Libro;3,70;;;
RD-RN8-FUN-ANT;Redmi;Redmi Note 8;Funda;Antigolpes;3,10;;;
RD-RN8-PCA-NA;Redmi;Redmi Note 8;Protector de cámara;Cristal;2,90;;;
RD-RN8P-PRO-NA;Redmi;Redmi Note 8 Pro;Cristal templado;Estándar;1,30;;;
RD-RN8P-PRO-PRI;Redmi;Redmi Note 8 Pro;Cristal templado;Privacidad;4,00;;;
RD-RN8P-FUN-SIL;Redmi;Redmi Note 8 Pro;Funda;Silicona;2,59;;;
RD-RN8P-FUN-TPU;Redmi;Redmi Note 8 Pro;Funda;Transparente;2,95;;;
RD-RN8P-FUN-LIB;Redmi;Redmi Note 8 Pro;Funda;Libro;3,70;;;
RD-RN8P-FUN-ANT;Redmi;Redmi Note 8 Pro;Funda;Antigolpes;3,10;;;
RD-RN8P-PCA-NA;Redmi;Redmi Note 8 Pro;Protector de cámara;Cristal;2,90;;;
RD-RN8T-PRO-NA;Redmi;Redmi Note 8T;Cristal templado;Estándar;1,30;;;
RD-RN8T-PRO-PRI;Redmi;Redmi Note 8T;Cristal templado;Privacidad;4,00;;;
RD-RN8T-FUN-SIL;Redmi;Redmi Note 8T;Funda;Silicona;2,50;;;
RD-RN8T-FUN-TPU;Redmi;Redmi Note 8T;Funda;Transparente;2,95;;;
RD-RN8T-FUN-LIB;Redmi;Redmi Note 8T;Funda;Libro;3,70;;;
RD-RN8T-FUN-ANT;Redmi;Redmi Note 8T;Funda;Antigolpes;3,10;;;
RD-RN8T-PCA-NA;Redmi;Redmi Note 8T;Protector de cámara;Cristal;2,90;;;
RD-RN821-PRO-NA;Redmi;Redmi Note 8 2021;Cristal templado;Estándar;1,30;;;
RD-RN821-PRO-PRI;Redmi;Redmi Note 8 2021;Cristal templado;Privacidad;4,00;;;
RD-RN821-FUN-SIL;Redmi;Redmi Note 8 2021;Funda;Silicona;2,50;;;
RD-RN821-FUN-TPU;Redmi;Redmi Note 8 2021;Funda;Transparente;2,95;;;
RD-RN821-FUN-LIB;Redmi;Redmi Note 8 2021;Funda;Libro;3,70;;;
RD-RN821-FUN-ANT;Redmi;Redmi Note 8 2021;Funda;Antigolpes;3,10;;;
RD-RN821-PCA-NA;Redmi;Redmi Note 8 2021;Protector de cámara;Cristal;2,90;;;
RD-RN9S-PRO-NA;Redmi;Redmi Note 9S;Cristal templado;Estándar;1,30;;;
RD-RN9S-PRO-PRI;Redmi;Redmi Note 9S;Cristal templado;Privacidad;4,00;;;
RD-RN9S-FUN-SIL;Redmi;Redmi Note 9S;Funda;Silicona;2,50;;;
RD-RN9S-FUN-TPU;Redmi;Redmi Note 9S;Funda;Transparente;2,95;;;
RD-RN9S-FUN-LIB;Redmi;Redmi Note 9S;Funda;Libro;3,70;;;
RD-RN9S-FUN-ANT;Redmi;Redmi Note 9S;Funda;Antigolpes;3,10;;;
RD-RN9S-PCA-NA;Redmi;Redmi Note 9S;Protector de cámara;Cristal;2,90;;;
RD-RN9-PRO-NA;Redmi;Redmi Note 9;Cristal templado;Estándar;1,30;;;
RD-RN9-PRO-PRI;Redmi;Redmi Note 9;Cristal templado;Privacidad;4,00;;;
RD-RN9-FUN-SIL;Redmi;Redmi Note 9;Funda;Silicona;2,50;;;
RD-RN9-FUN-TPU;Redmi;Redmi Note 9;Funda;Transparente;2,95;;;
RD-RN9-FUN-LIB;Redmi;Redmi Note 9;Funda;Libro;3,70;;;
RD-RN9-FUN-ANT;Redmi;Redmi Note 9;Funda;Antigolpes;3,10;;;
RD-RN9-PCA-NA;Redmi;Redmi Note 9;Protector de cámara;Cristal;2,90;;;
RD-RN9P-PRO-NA;Redmi;Redmi Note 9 Pro;Cristal templado;Estándar;1,30;;;
RD-RN9P-PRO-PRI;Redmi;Redmi Note 9 Pro;Cristal templado;Privacidad;4,00;;;
RD-RN9P-FUN-SIL;Redmi;Redmi Note 9 Pro;Funda;Silicona;2,50;;;
RD-RN9P-FUN-TPU;Redmi;Redmi Note 9 Pro;Funda;Transparente;2,95;;;
RD-RN9P-FUN-LIB;Redmi;Redmi Note 9 Pro;Funda;Libro;3,70;;;
RD-RN9P-FUN-ANT;Redmi;Redmi Note 9 Pro;Funda;Antigolpes;3,10;;;
RD-RN9P-PCA-NA;Redmi;Redmi Note 9 Pro;Protector de cámara;Cristal;2,90;;;
RD-RN9T-PRO-NA;Redmi;Redmi Note 9T;Cristal templado;Estándar;1,30;;;
RD-RN9T-PRO-PRI;Redmi;Redmi Note 9T;Cristal templado;Privacidad;4,00;;;
RD-RN9T-FUN-SIL;Redmi;Redmi Note 9T;Funda;Silicona;2,50;;;
RD-RN9T-FUN-TPU;Redmi;Redmi Note 9T;Funda;Transparente;2,95;;;
RD-RN9T-FUN-LIB;Redmi;Redmi Note 9T;Funda;Libro;3,70;;;
RD-RN9T-FUN-ANT;Redmi;Redmi Note 9T;Funda;Antigolpes;3,10;;;
RD-RN9T-PCA-NA;Redmi;Redmi Note 9T;Protector de cámara;Cristal;2,90;;;
RD-RN10-PRO-NA;Redmi;Redmi Note 10;Cristal templado;Estándar;1,30;;;
RD-RN10-PRO-PRI;Redmi;Redmi Note 10;Cristal templado;Privacidad;4,00;;;
RD-RN10-FUN-SIL;Redmi;Redmi Note 10;Funda;Silicona;2,50;;;
RD-RN10-FUN-TPU;Redmi;Redmi Note 10;Funda;Transparente;2,95;;;
RD-RN10-FUN-LIB;Redmi;Redmi Note 10;Funda;Libro;3,70;;;
RD-RN10-FUN-ANT;Redmi;Redmi Note 10;Funda;Antigolpes;3,10;;;
RD-RN10-PCA-NA;Redmi;Redmi Note 10;Protector de cámara;Cristal;2,90;;;
RD-RN10P-PRO-NA;Redmi;Redmi Note 10 Pro;Cristal templado;Estándar;1,30;;;
RD-RN10P-PRO-PRI;Redmi;Redmi Note 10 Pro;Cristal templado;Privacidad;4,00;;;
RD-RN10P-FUN-SIL;Redmi;Redmi Note 10 Pro;Funda;Silicona;2,50;;;
RD-RN10P-FUN-TPU;Redmi;Redmi Note 10 Pro;Funda;Transparente;2,95;;;
RD-RN10P-FUN-LIB;Redmi;Redmi Note 10 Pro;Funda;Libro;3,70;;;
RD-RN10P-FUN-ANT;Redmi;Redmi Note 10 Pro;Funda;Antigolpes;3,10;;;
RD-RN10P-PCA-NA;Redmi;Redmi Note 10 Pro;Protector de cámara;Cristal;2,90;;;
RD-RN10S-PRO-NA;Redmi;Redmi Note 10S;Cristal templado;Estándar;1,30;;;
RD-RN10S-PRO-PRI;Redmi;Redmi Note 10S;Cristal templado;Privacidad;4,00;;;
RD-RN10S-FUN-SIL;Redmi;Redmi Note 10S;Funda;Silicona;2,50;;;
RD-RN10S-FUN-TPU;Redmi;Redmi Note 10S;Funda;Transparente;2,95;;;
RD-RN10S-FUN-LIB;Redmi;Redmi Note 10S;Funda;Libro;3,70;;;
RD-RN10S-FUN-ANT;Redmi;Redmi Note 10S;Funda;Antigolpes;3,10;;;
RD-RN10S-PCA-NA;Redmi;Redmi Note 10S;Protector de cámara;Cristal;2,90;;;
RD-RN105-PRO-NA;Redmi;Redmi Note 10 5G;Cristal templado;Estándar;1,30;;;
RD-RN105-PRO-PRI;Redmi;Redmi Note 10 5G;Cristal templado;Privacidad;4,00;;;
RD-RN105-FUN-SIL;Redmi;Redmi Note 10 5G;Funda;Silicona;2,50;;;
RD-RN105-FUN-TPU;Redmi;Redmi Note 10 5G;Funda;Transparente;2,95;;;
RD-RN105-FUN-LIB;Redmi;Redmi Note 10 5G;Funda;Libro;3,70;;;
RD-RN105-FUN-ANT;Redmi;Redmi Note 10 5G;Funda;Antigolpes;3,10;;;
RD-RN105-PCA-NA;Redmi;Redmi Note 10 5G;Protector de cámara;Cristal;2,90;;;
RD-RN11-PRO-NA;Redmi;Redmi Note 11;Cristal templado;Estándar;1,30;;;
RD-RN11-PRO-PRI;Redmi;Redmi Note 11;Cristal templado;Privacidad;4,00;;;
RD-RN11-FUN-SIL;Redmi;Redmi Note 11;Funda;Silicona;2,50;;;
RD-RN11-FUN-TPU;Redmi;Redmi Note 11;Funda;Transparente;2,95;;;
RD-RN11-FUN-LIB;Redmi;Redmi Note 11;Funda;Libro;3,70;;;
RD-RN11-FUN-ANT;Redmi;Redmi Note 11;Funda;Antigolpes;3,10;;;
RD-RN11-PCA-NA;Redmi;Redmi Note 11;Protector de cámara;Cristal;2,90;;;
RD-RN11S-PRO-NA;Redmi;Redmi Note 11S;Cristal templado;Estándar;1,30;;;
RD-RN11S-PRO-PRI;Redmi;Redmi Note 11S;Cristal templado;Privacidad;4,00;;;
RD-RN11S-FUN-SIL;Redmi;Redmi Note 11S;Funda;Silicona;2,50;;;
RD-RN11S-FUN-TPU;Redmi;Redmi Note 11S;Funda;Transparente;2,95;;;
RD-RN11S-FUN-LIB;Redmi;Redmi Note 11S;Funda;Libro;3,70;;;
RD-RN11S-FUN-ANT;Redmi;Redmi Note 11S;Funda;Antigolpes;3,10;;;
RD-RN11S-PCA-NA;Redmi;Redmi Note 11S;Protector de cámara;Cristal;2,90;;;
RD-RN11P-PRO-NA;Redmi;Redmi Note 11 Pro;Cristal templado;Estándar;1,30;;;
RD-RN11P-PRO-PRI;Redmi;Redmi Note 11 Pro;Cristal templado;Privacidad;4,00;;;
RD-RN11P-FUN-SIL;Redmi;Redmi Note 11 Pro;Funda;Silicona;2,50;;;
RD-RN11P-FUN-TPU;Redmi;Redmi Note 11 Pro;Funda;Transparente;2,95;;;
RD-RN11P-FUN-LIB;Redmi;Redmi Note 11 Pro;Funda;Libro;3,70;;;
RD-RN11P-FUN-ANT;Redmi;Redmi Note 11 Pro;Funda;Antigolpes;3,10;;;
RD-RN11P-PCA-NA;Redmi;Redmi Note 11 Pro;Protector de cámara;Cristal;2,90;;;
RD-RN11P5-PRO-NA;Redmi;Redmi Note 11 Pro 5G;Cristal templado;Estándar;1,30;;;
RD-RN11P5-PRO-PRI;Redmi;Redmi Note 11 Pro 5G;Cristal templado;Privacidad;4,00;;;
RD-RN11P5-FUN-SIL;Redmi;Redmi Note 11 Pro 5G;Funda;Silicona;2,50;;;
RD-RN11P5-FUN-TPU;Redmi;Redmi Note 11 Pro 5G;Funda;Transparente;2,95;;;
RD-RN11P5-FUN-LIB;Redmi;Redmi Note 11 Pro 5G;Funda;Libro;3,70;;;
RD-RN11P5-FUN-ANT;Redmi;Redmi Note 11 Pro 5G;Funda;Antigolpes;3,10;;;
RD-RN11P5-PCA-NA;Redmi;Redmi Note 11 Pro 5G;Protector de cámara;Cristal;2,90;;;
RD-RN11S5-PRO-NA;Redmi;Redmi Note 11S 5G;Cristal templado;Estándar;1,30;;;
RD-RN11S5-PRO-PRI;Redmi;Redmi Note 11S 5G;Cristal templado;Privacidad;4,00;;;
RD-RN11S5-FUN-SIL;Redmi;Redmi Note 11S 5G;Funda;Silicona;2,50;;;
RD-RN11S5-FUN-TPU;Redmi;Redmi Note 11S 5G;Funda;Transparente;2,95;;;
RD-RN11S5-FUN-LIB;Redmi;Redmi Note 11S 5G;Funda;Libro;3,70;;;
RD-RN11S5-FUN-ANT;Redmi;Redmi Note 11S 5G;Funda;Antigolpes;3,10;;;
RD-RN11S5-PCA-NA;Redmi;Redmi Note 11S 5G;Protector de cámara;Cristal;2,90;;;
RD-RN11PPL5-PRO-NA;Redmi;Redmi Note 11 Pro+ 5G;Cristal templado;Estándar;1,30;;;
RD-RN11PPL5-PRO-PRI;Redmi;Redmi Note 11 Pro+ 5G;Cristal templado;Privacidad;4,00;;;
RD-RN11PPL5-FUN-SIL;Redmi;Redmi Note 11 Pro+ 5G;Funda;Silicona;2,50;;;
RD-RN11PPL5-FUN-TPU;Redmi;Redmi Note 11 Pro+ 5G;Funda;Transparente;2,95;;;
RD-RN11PPL5-FUN-LIB;Redmi;Redmi Note 11 Pro+ 5G;Funda;Libro;3,70;;;
RD-RN11PPL5-FUN-ANT;Redmi;Redmi Note 11 Pro+ 5G;Funda;Antigolpes;3,10;;;
RD-RN11PPL5-PCA-NA;Redmi;Redmi Note 11 Pro+ 5G;Protector de cámara;Cristal;2,90;;;
RD-RN12-PRO-NA;Redmi;Redmi Note 12;Cristal templado;Estándar;1,30;;;
RD-RN12-PRO-PRI;Redmi;Redmi Note 12;Cristal templado;Privacidad;4,00;;;
RD-RN12-FUN-SIL;Redmi;Redmi Note 12;Funda;Silicona;2,50;;;
RD-RN12-FUN-TPU;Redmi;Redmi Note 12;Funda;Transparente;2,75;;;
RD-RN12-FUN-LIB;Redmi;Redmi Note 12;Funda;Libro;3,70;;;
RD-RN12-FUN-ANT;Redmi;Redmi Note 12;Funda;Antigolpes;3,10;;;
RD-RN12-PCA-NA;Redmi;Redmi Note 12;Protector de cámara;Cristal;2,90;;;
RD-RN125-PRO-NA;Redmi;Redmi Note 12 5G;Cristal templado;Estándar;1,30;;;
RD-RN125-PRO-PRI;Redmi;Redmi Note 12 5G;Cristal templado;Privacidad;4,00;;;
RD-RN125-FUN-SIL;Redmi;Redmi Note 12 5G;Funda;Silicona;2,50;;;
RD-RN125-FUN-TPU;Redmi;Redmi Note 12 5G;Funda;Transparente;2,95;;;
RD-RN125-FUN-LIB;Redmi;Redmi Note 12 5G;Funda;Libro;3,70;;;
RD-RN125-FUN-ANT;Redmi;Redmi Note 12 5G;Funda;Antigolpes;3,10;;;
RD-RN125-PCA-NA;Redmi;Redmi Note 12 5G;Protector de cámara;Cristal;2,90;;;
RD-RN12P-PRO-NA;Redmi;Redmi Note 12 Pro;Cristal templado;Estándar;1,30;;;
RD-RN12P-PRO-PRI;Redmi;Redmi Note 12 Pro;Cristal templado;Privacidad;4,00;;;
RD-RN12P-FUN-SIL;Redmi;Redmi Note 12 Pro;Funda;Silicona;2,50;;;
RD-RN12P-FUN-TPU;Redmi;Redmi Note 12 Pro;Funda;Transparente;2,95;;;
RD-RN12P-FUN-LIB;Redmi;Redmi Note 12 Pro;Funda;Libro;3,70;;;
RD-RN12P-FUN-ANT;Redmi;Redmi Note 12 Pro;Funda;Antigolpes;3,10;;;
RD-RN12P-PCA-NA;Redmi;Redmi Note 12 Pro;Protector de cámara;Cristal;2,90;;;
RD-RN12P5-PRO-NA;Redmi;Redmi Note 12 Pro 5G;Cristal templado;Estándar;1,30;;;
RD-RN12P5-PRO-PRI;Redmi;Redmi Note 12 Pro 5G;Cristal templado;Privacidad;4,00;;;
RD-RN12P5-FUN-SIL;Redmi;Redmi Note 12 Pro 5G;Funda;Silicona;2,50;;;
RD-RN12P5-FUN-TPU;Redmi;Redmi Note 12 Pro 5G;Funda;Transparente;2,95;;;
RD-RN12P5-FUN-LIB;Redmi;Redmi Note 12 Pro 5G;Funda;Libro;3,70;;;
RD-RN12P5-FUN-ANT;Redmi;Redmi Note 12 Pro 5G;Funda;Antigolpes;3,10;;;
RD-RN12P5-PCA-NA;Redmi;Redmi Note 12 Pro 5G;Protector de cámara;Cristal;2,90;;;
RD-RN12PPL5-PRO-NA;Redmi;Redmi Note 12 Pro+ 5G;Cristal templado;Estándar;1,30;;;
RD-RN12PPL5-PRO-PRI;Redmi;Redmi Note 12 Pro+ 5G;Cristal templado;Privacidad;4,00;;;
RD-RN12PPL5-FUN-SIL;Redmi;Redmi Note 12 Pro+ 5G;Funda;Silicona;2,50;;;
RD-RN12PPL5-FUN-TPU;Redmi;Redmi Note 12 Pro+ 5G;Funda;Transparente;2,95;;;
RD-RN12PPL5-FUN-LIB;Redmi;Redmi Note 12 Pro+ 5G;Funda;Libro;3,70;;;
RD-RN12PPL5-FUN-ANT;Redmi;Redmi Note 12 Pro+ 5G;Funda;Antigolpes;3,10;;;
RD-RN12PPL5-PCA-NA;Redmi;Redmi Note 12 Pro+ 5G;Protector de cámara;Cristal;2,90;;;
RD-RN12S-PRO-NA;Redmi;Redmi Note 12S;Cristal templado;Estándar;1,30;;;
RD-RN12S-PRO-PRI;Redmi;Redmi Note 12S;Cristal templado;Privacidad;4,00;;;
RD-RN12S-FUN-SIL;Redmi;Redmi Note 12S;Funda;Silicona;2,50;;;
RD-RN12S-FUN-TPU;Redmi;Redmi Note 12S;Funda;Transparente;2,95;;;
RD-RN12S-FUN-LIB;Redmi;Redmi Note 12S;Funda;Libro;3,70;;;
RD-RN12S-FUN-ANT;Redmi;Redmi Note 12S;Funda;Antigolpes;3,10;;;
RD-RN12S-PCA-NA;Redmi;Redmi Note 12S;Protector de cámara;Cristal;2,90;;;
RD-RN13-PRO-NA;Redmi;Redmi Note 13;Cristal templado;Estándar;1,30;;;
RD-RN13-PRO-PRI;Redmi;Redmi Note 13;Cristal templado;Privacidad;4,00;;;
RD-RN13-FUN-SIL;Redmi;Redmi Note 13;Funda;Silicona;2,50;;;
RD-RN13-FUN-TPU;Redmi;Redmi Note 13;Funda;Transparente;2,95;;;
RD-RN13-FUN-LIB;Redmi;Redmi Note 13;Funda;Libro;3,70;;;
RD-RN13-FUN-ANT;Redmi;Redmi Note 13;Funda;Antigolpes;3,10;;;
RD-RN13-PCA-NA;Redmi;Redmi Note 13;Protector de cámara;Cristal;2,90;;;
RD-RN135-PRO-NA;Redmi;Redmi Note 13 5G;Cristal templado;Estándar;1,15;;;
RD-RN135-PRO-PRI;Redmi;Redmi Note 13 5G;Cristal templado;Privacidad;4,00;;;
RD-RN135-FUN-SIL;Redmi;Redmi Note 13 5G;Funda;Silicona;2,50;;;
RD-RN135-FUN-TPU;Redmi;Redmi Note 13 5G;Funda;Transparente;2,05;;;
RD-RN135-FUN-LIB;Redmi;Redmi Note 13 5G;Funda;Libro;3,70;;;
RD-RN135-FUN-ANT;Redmi;Redmi Note 13 5G;Funda;Antigolpes;2,89;;;
RD-RN135-PCA-NA;Redmi;Redmi Note 13 5G;Protector de cámara;Cristal;2,90;;;
RD-RN13P-PRO-NA;Redmi;Redmi Note 13 Pro;Cristal templado;Estándar;1,30;;;
RD-RN13P-PRO-PRI;Redmi;Redmi Note 13 Pro;Cristal templado;Privacidad;4,00;;;
RD-RN13P-FUN-SIL;Redmi;Redmi Note 13 Pro;Funda;Silicona;2,50;;;
RD-RN13P-FUN-TPU;Redmi;Redmi Note 13 Pro;Funda;Transparente;2,95;;;
RD-RN13P-FUN-LIB;Redmi;Redmi Note 13 Pro;Funda;Libro;3,70;;;
RD-RN13P-FUN-ANT;Redmi;Redmi Note 13 Pro;Funda;Antigolpes;3,10;;;
RD-RN13P-PCA-NA;Redmi;Redmi Note 13 Pro;Protector de cámara;Cristal;2,90;;;
RD-RN13P5-PRO-NA;Redmi;Redmi Note 13 Pro 5G;Cristal templado;Estándar;1,30;;;
RD-RN13P5-PRO-PRI;Redmi;Redmi Note 13 Pro 5G;Cristal templado;Privacidad;4,00;;;
RD-RN13P5-FUN-SIL;Redmi;Redmi Note 13 Pro 5G;Funda;Silicona;2,50;;;
RD-RN13P5-FUN-TPU;Redmi;Redmi Note 13 Pro 5G;Funda;Transparente;2,95;;;
RD-RN13P5-FUN-LIB;Redmi;Redmi Note 13 Pro 5G;Funda;Libro;3,70;;;
RD-RN13P5-FUN-ANT;Redmi;Redmi Note 13 Pro 5G;Funda;Antigolpes;3,10;;;
RD-RN13P5-PCA-NA;Redmi;Redmi Note 13 Pro 5G;Protector de cámara;Cristal;2,90;;;
RD-RN13PPL5-PRO-NA;Redmi;Redmi Note 13 Pro+ 5G;Cristal templado;Estándar;1,30;;;
RD-RN13PPL5-PRO-PRI;Redmi;Redmi Note 13 Pro+ 5G;Cristal templado;Privacidad;4,00;;;
RD-RN13PPL5-FUN-SIL;Redmi;Redmi Note 13 Pro+ 5G;Funda;Silicona;2,50;;;
RD-RN13PPL5-FUN-TPU;Redmi;Redmi Note 13 Pro+ 5G;Funda;Transparente;2,95;;;
RD-RN13PPL5-FUN-LIB;Redmi;Redmi Note 13 Pro+ 5G;Funda;Libro;3,70;;;
RD-RN13PPL5-FUN-ANT;Redmi;Redmi Note 13 Pro+ 5G;Funda;Antigolpes;3,10;;;
RD-RN13PPL5-PCA-NA;Redmi;Redmi Note 13 Pro+ 5G;Protector de cámara;Cristal;2,90;;;
RD-RN14-PRO-NA;Redmi;Redmi Note 14;Cristal templado;Estándar;1,30;;;
RD-RN14-PRO-PRI;Redmi;Redmi Note 14;Cristal templado;Privacidad;4,00;;;
RD-RN14-FUN-SIL;Redmi;Redmi Note 14;Funda;Silicona;2,50;;;
RD-RN14-FUN-TPU;Redmi;Redmi Note 14;Funda;Transparente;2,95;;;
RD-RN14-FUN-LIB;Redmi;Redmi Note 14;Funda;Libro;3,70;;;
RD-RN14-FUN-ANT;Redmi;Redmi Note 14;Funda;Antigolpes;3,10;;;
RD-RN14-PCA-NA;Redmi;Redmi Note 14;Protector de cámara;Cristal;3,20;;;
RD-RN145-PRO-NA;Redmi;Redmi Note 14 5G;Cristal templado;Estándar;1,30;;;
RD-RN145-PRO-PRI;Redmi;Redmi Note 14 5G;Cristal templado;Privacidad;4,00;;;
RD-RN145-FUN-SIL;Redmi;Redmi Note 14 5G;Funda;Silicona;2,50;;;
RD-RN145-FUN-TPU;Redmi;Redmi Note 14 5G;Funda;Transparente;2,95;;;
RD-RN145-FUN-LIB;Redmi;Redmi Note 14 5G;Funda;Libro;3,70;;;
RD-RN145-FUN-ANT;Redmi;Redmi Note 14 5G;Funda;Antigolpes;3,10;;;
RD-RN145-PCA-NA;Redmi;Redmi Note 14 5G;Protector de cámara;Cristal;3,20;;;
RD-RN14P-PRO-NA;Redmi;Redmi Note 14 Pro;Cristal templado;Estándar;1,30;;;
RD-RN14P-PRO-PRI;Redmi;Redmi Note 14 Pro;Cristal templado;Privacidad;4,00;;;
RD-RN14P-FUN-SIL;Redmi;Redmi Note 14 Pro;Funda;Silicona;2,50;;;
RD-RN14P-FUN-TPU;Redmi;Redmi Note 14 Pro;Funda;Transparente;2,95;;;
RD-RN14P-FUN-LIB;Redmi;Redmi Note 14 Pro;Funda;Libro;3,70;;;
RD-RN14P-FUN-ANT;Redmi;Redmi Note 14 Pro;Funda;Antigolpes;3,10;;;
RD-RN14P-PCA-NA;Redmi;Redmi Note 14 Pro;Protector de cámara;Cristal;2,90;;;
RD-RN14P5-PRO-NA;Redmi;Redmi Note 14 Pro 5G;Cristal templado;Estándar;1,30;;;
RD-RN14P5-PRO-PRI;Redmi;Redmi Note 14 Pro 5G;Cristal templado;Privacidad;4,00;;;
RD-RN14P5-FUN-SIL;Redmi;Redmi Note 14 Pro 5G;Funda;Silicona;2,50;;;
RD-RN14P5-FUN-TPU;Redmi;Redmi Note 14 Pro 5G;Funda;Transparente;2,95;;;
RD-RN14P5-FUN-LIB;Redmi;Redmi Note 14 Pro 5G;Funda;Libro;3,70;;;
RD-RN14P5-FUN-ANT;Redmi;Redmi Note 14 Pro 5G;Funda;Antigolpes;3,10;;;
RD-RN14P5-PCA-NA;Redmi;Redmi Note 14 Pro 5G;Protector de cámara;Cristal;3,20;;;
RD-RN14PPL5-PRO-NA;Redmi;Redmi Note 14 Pro+ 5G;Cristal templado;Estándar;1,30;;;
RD-RN14PPL5-PRO-PRI;Redmi;Redmi Note 14 Pro+ 5G;Cristal templado;Privacidad;4,00;;;
RD-RN14PPL5-FUN-SIL;Redmi;Redmi Note 14 Pro+ 5G;Funda;Silicona;2,50;;;
RD-RN14PPL5-FUN-TPU;Redmi;Redmi Note 14 Pro+ 5G;Funda;Transparente;2,95;;;
RD-RN14PPL5-FUN-LIB;Redmi;Redmi Note 14 Pro+ 5G;Funda;Libro;3,70;;;
RD-RN14PPL5-FUN-ANT;Redmi;Redmi Note 14 Pro+ 5G;Funda;Antigolpes;3,10;;;
RD-RN14PPL5-PCA-NA;Redmi;Redmi Note 14 Pro+ 5G;Protector de cámara;Cristal;2,90;;;
RD-RN14S-PRO-NA;Redmi;Redmi Note 14S;Cristal templado;Estándar;1,30;;;
RD-RN14S-PRO-PRI;Redmi;Redmi Note 14S;Cristal templado;Privacidad;4,00;;;
RD-RN14S-FUN-SIL;Redmi;Redmi Note 14S;Funda;Silicona;2,50;;;
RD-RN14S-FUN-TPU;Redmi;Redmi Note 14S;Funda;Transparente;2,95;;;
RD-RN14S-FUN-LIB;Redmi;Redmi Note 14S;Funda;Libro;3,70;;;
RD-RN14S-FUN-ANT;Redmi;Redmi Note 14S;Funda;Antigolpes;3,10;;;
RD-RN14S-PCA-NA;Redmi;Redmi Note 14S;Protector de cámara;Cristal;2,90;;;
RD-RN15-PRO-NA;Redmi;Redmi Note 15;Cristal templado;Estándar;1,30;;;
RD-RN15-PRO-PRI;Redmi;Redmi Note 15;Cristal templado;Privacidad;4,00;;;
RD-RN15-FUN-SIL;Redmi;Redmi Note 15;Funda;Silicona;2,50;;;
RD-RN15-FUN-TPU;Redmi;Redmi Note 15;Funda;Transparente;2,95;;;
RD-RN15-FUN-LIB;Redmi;Redmi Note 15;Funda;Libro;3,70;;;
RD-RN15-FUN-ANT;Redmi;Redmi Note 15;Funda;Antigolpes;3,10;;;
RD-RN15-PCA-NA;Redmi;Redmi Note 15;Protector de cámara;Cristal;2,90;;;
RD-RN155-PRO-NA;Redmi;Redmi Note 15 5G;Cristal templado;Estándar;1,30;;;
RD-RN155-PRO-PRI;Redmi;Redmi Note 15 5G;Cristal templado;Privacidad;4,00;;;
RD-RN155-FUN-SIL;Redmi;Redmi Note 15 5G;Funda;Silicona;2,50;;;
RD-RN155-FUN-TPU;Redmi;Redmi Note 15 5G;Funda;Transparente;2,95;;;
RD-RN155-FUN-LIB;Redmi;Redmi Note 15 5G;Funda;Libro;3,70;;;
RD-RN155-FUN-ANT;Redmi;Redmi Note 15 5G;Funda;Antigolpes;3,10;;;
RD-RN155-PCA-NA;Redmi;Redmi Note 15 5G;Protector de cámara;Cristal;2,90;;;
RD-RN15P-PRO-NA;Redmi;Redmi Note 15 Pro;Cristal templado;Estándar;1,30;;;
RD-RN15P-PRO-PRI;Redmi;Redmi Note 15 Pro;Cristal templado;Privacidad;4,00;;;
RD-RN15P-FUN-SIL;Redmi;Redmi Note 15 Pro;Funda;Silicona;2,50;;;
RD-RN15P-FUN-TPU;Redmi;Redmi Note 15 Pro;Funda;Transparente;2,95;;;
RD-RN15P-FUN-LIB;Redmi;Redmi Note 15 Pro;Funda;Libro;3,70;;;
RD-RN15P-FUN-ANT;Redmi;Redmi Note 15 Pro;Funda;Antigolpes;3,10;;;
RD-RN15P-PCA-NA;Redmi;Redmi Note 15 Pro;Protector de cámara;Cristal;2,90;;;
RD-RN15P5-PRO-NA;Redmi;Redmi Note 15 Pro 5G;Cristal templado;Estándar;1,30;;;
RD-RN15P5-PRO-PRI;Redmi;Redmi Note 15 Pro 5G;Cristal templado;Privacidad;4,00;;;
RD-RN15P5-FUN-SIL;Redmi;Redmi Note 15 Pro 5G;Funda;Silicona;2,50;;;
RD-RN15P5-FUN-TPU;Redmi;Redmi Note 15 Pro 5G;Funda;Transparente;2,95;;;
RD-RN15P5-FUN-LIB;Redmi;Redmi Note 15 Pro 5G;Funda;Libro;3,70;;;
RD-RN15P5-FUN-ANT;Redmi;Redmi Note 15 Pro 5G;Funda;Antigolpes;3,10;;;
RD-RN15P5-PCA-NA;Redmi;Redmi Note 15 Pro 5G;Protector de cámara;Cristal;2,90;;;
RD-RN15PPL5-PRO-NA;Redmi;Redmi Note 15 Pro+ 5G;Cristal templado;Estándar;1,30;;;
RD-RN15PPL5-PRO-PRI;Redmi;Redmi Note 15 Pro+ 5G;Cristal templado;Privacidad;4,00;;;
RD-RN15PPL5-FUN-SIL;Redmi;Redmi Note 15 Pro+ 5G;Funda;Silicona;2,50;;;
RD-RN15PPL5-FUN-TPU;Redmi;Redmi Note 15 Pro+ 5G;Funda;Transparente;2,95;;;
RD-RN15PPL5-FUN-LIB;Redmi;Redmi Note 15 Pro+ 5G;Funda;Libro;3,70;;;
RD-RN15PPL5-FUN-ANT;Redmi;Redmi Note 15 Pro+ 5G;Funda;Antigolpes;3,10;;;
RD-RN15PPL5-PCA-NA;Redmi;Redmi Note 15 Pro+ 5G;Protector de cámara;Cristal;2,90;;;
RD-RN17-PRO-NA;Redmi;Redmi Note 17;Cristal templado;Estándar;1,30;;;
RD-RN17-PRO-PRI;Redmi;Redmi Note 17;Cristal templado;Privacidad;4,00;;;
RD-RN17-FUN-SIL;Redmi;Redmi Note 17;Funda;Silicona;2,50;;;
RD-RN17-FUN-TPU;Redmi;Redmi Note 17;Funda;Transparente;2,95;;;
RD-RN17-FUN-LIB;Redmi;Redmi Note 17;Funda;Libro;3,70;;;
RD-RN17-FUN-ANT;Redmi;Redmi Note 17;Funda;Antigolpes;3,10;;;
RD-RN175-PRO-NA;Redmi;Redmi Note 17 5G;Cristal templado;Estándar;1,30;;;
RD-RN175-PRO-PRI;Redmi;Redmi Note 17 5G;Cristal templado;Privacidad;4,00;;;
RD-RN175-FUN-SIL;Redmi;Redmi Note 17 5G;Funda;Silicona;2,50;;;
RD-RN175-FUN-TPU;Redmi;Redmi Note 17 5G;Funda;Transparente;2,95;;;
RD-RN175-FUN-LIB;Redmi;Redmi Note 17 5G;Funda;Libro;3,70;;;
RD-RN175-FUN-ANT;Redmi;Redmi Note 17 5G;Funda;Antigolpes;3,10;;;
RD-RN17P5-PRO-NA;Redmi;Redmi Note 17 Pro 5G;Cristal templado;Estándar;1,30;;;
RD-RN17P5-PRO-PRI;Redmi;Redmi Note 17 Pro 5G;Cristal templado;Privacidad;4,00;;;
RD-RN17P5-FUN-SIL;Redmi;Redmi Note 17 Pro 5G;Funda;Silicona;2,50;;;
RD-RN17P5-FUN-TPU;Redmi;Redmi Note 17 Pro 5G;Funda;Transparente;2,95;;;
RD-RN17P5-FUN-LIB;Redmi;Redmi Note 17 Pro 5G;Funda;Libro;3,70;;;
RD-RN17P5-FUN-ANT;Redmi;Redmi Note 17 Pro 5G;Funda;Antigolpes;3,10;;;
RD-RN17P5-PCA-NA;Redmi;Redmi Note 17 Pro 5G;Protector de cámara;Cristal;2,90;;;
RD-RN17PM5-PRO-NA;Redmi;Redmi Note 17 Pro Max 5G;Cristal templado;Estándar;1,30;;;
RD-RN17PM5-PRO-PRI;Redmi;Redmi Note 17 Pro Max 5G;Cristal templado;Privacidad;4,00;;;
RD-RN17PM5-FUN-SIL;Redmi;Redmi Note 17 Pro Max 5G;Funda;Silicona;2,50;;;
RD-RN17PM5-FUN-TPU;Redmi;Redmi Note 17 Pro Max 5G;Funda;Transparente;2,95;;;
RD-RN17PM5-FUN-LIB;Redmi;Redmi Note 17 Pro Max 5G;Funda;Libro;3,70;;;
RD-RN17PM5-FUN-ANT;Redmi;Redmi Note 17 Pro Max 5G;Funda;Antigolpes;3,10;;;
RD-RN17PM5-PCA-NA;Redmi;Redmi Note 17 Pro Max 5G;Protector de cámara;Cristal;2,90;;;
RD-R13X-PRO-NA;Redmi;Redmi 13x;Cristal templado;Estándar;1,30;;;
RD-R13X-PRO-PRI;Redmi;Redmi 13x;Cristal templado;Privacidad;4,00;;;
RD-R13X-FUN-SIL;Redmi;Redmi 13x;Funda;Silicona;2,50;;;
RD-R13X-FUN-TPU;Redmi;Redmi 13x;Funda;Transparente;2,95;;;
RD-R13X-FUN-LIB;Redmi;Redmi 13x;Funda;Libro;3,70;;;
RD-R13X-FUN-ANT;Redmi;Redmi 13x;Funda;Antigolpes;3,10;;;
RD-R9PW-PRO-NA;Redmi;Redmi 9 Power;Cristal templado;Estándar;1,30;;;
RD-R9PW-PRO-PRI;Redmi;Redmi 9 Power;Cristal templado;Privacidad;4,00;;;
RD-R9PW-FUN-SIL;Redmi;Redmi 9 Power;Funda;Silicona;2,50;;;
RD-R9PW-FUN-TPU;Redmi;Redmi 9 Power;Funda;Transparente;2,95;;;
RD-R9PW-FUN-LIB;Redmi;Redmi 9 Power;Funda;Libro;3,70;;;
RD-R9PW-FUN-ANT;Redmi;Redmi 9 Power;Funda;Antigolpes;3,10;;;
RD-R9P-PRO-NA;Redmi;Redmi 9 Prime;Cristal templado;Estándar;1,30;;;
RD-R9P-PRO-PRI;Redmi;Redmi 9 Prime;Cristal templado;Privacidad;4,00;;;
RD-R9P-FUN-SIL;Redmi;Redmi 9 Prime;Funda;Silicona;2,50;;;
RD-R9P-FUN-TPU;Redmi;Redmi 9 Prime;Funda;Transparente;2,95;;;
RD-R9P-FUN-LIB;Redmi;Redmi 9 Prime;Funda;Libro;3,70;;;
RD-R9P-FUN-ANT;Redmi;Redmi 9 Prime;Funda;Antigolpes;3,10;;;
RD-RA3P-PRO-NA;Redmi;Redmi A3 Pro;Cristal templado;Estándar;1,30;;;
RD-RA3P-PRO-PRI;Redmi;Redmi A3 Pro;Cristal templado;Privacidad;4,00;;;
RD-RA3P-FUN-SIL;Redmi;Redmi A3 Pro;Funda;Silicona;2,50;;;
RD-RA3P-FUN-TPU;Redmi;Redmi A3 Pro;Funda;Transparente;2,95;;;
RD-RA3P-FUN-LIB;Redmi;Redmi A3 Pro;Funda;Libro;3,70;;;
RD-RA3P-FUN-ANT;Redmi;Redmi A3 Pro;Funda;Antigolpes;3,10;;;
RD-RK60U-PRO-NA;Redmi;Redmi K60 Ultra;Cristal templado;Estándar;1,30;;;
RD-RK60U-PRO-PRI;Redmi;Redmi K60 Ultra;Cristal templado;Privacidad;4,00;;;
RD-RK60U-FUN-SIL;Redmi;Redmi K60 Ultra;Funda;Silicona;2,50;;;
RD-RK60U-FUN-TPU;Redmi;Redmi K60 Ultra;Funda;Transparente;2,95;;;
RD-RK60U-FUN-LIB;Redmi;Redmi K60 Ultra;Funda;Libro;3,70;;;
RD-RK60U-FUN-ANT;Redmi;Redmi K60 Ultra;Funda;Antigolpes;3,10;;;
RD-RK70U-PRO-NA;Redmi;Redmi K70 Ultra;Cristal templado;Estándar;1,30;;;
RD-RK70U-PRO-PRI;Redmi;Redmi K70 Ultra;Cristal templado;Privacidad;4,00;;;
RD-RK70U-FUN-SIL;Redmi;Redmi K70 Ultra;Funda;Silicona;2,50;;;
RD-RK70U-FUN-TPU;Redmi;Redmi K70 Ultra;Funda;Transparente;2,95;;;
RD-RK70U-FUN-LIB;Redmi;Redmi K70 Ultra;Funda;Libro;3,70;;;
RD-RK70U-FUN-ANT;Redmi;Redmi K70 Ultra;Funda;Antigolpes;3,10;;;
RD-RN11SE2-PRO-NA;Redmi;Redmi Note 11 SE;Cristal templado;Estándar;1,30;;;
RD-RN11SE2-PRO-PRI;Redmi;Redmi Note 11 SE;Cristal templado;Privacidad;4,00;;;
RD-RN11SE2-FUN-SIL;Redmi;Redmi Note 11 SE;Funda;Silicona;2,50;;;
RD-RN11SE2-FUN-TPU;Redmi;Redmi Note 11 SE;Funda;Transparente;2,95;;;
RD-RN11SE2-FUN-LIB;Redmi;Redmi Note 11 SE;Funda;Libro;3,70;;;
RD-RN11SE2-FUN-ANT;Redmi;Redmi Note 11 SE;Funda;Antigolpes;3,10;;;
RD-RN11E-PRO-NA;Redmi;Redmi Note 11E;Cristal templado;Estándar;1,30;;;
RD-RN11E-PRO-PRI;Redmi;Redmi Note 11E;Cristal templado;Privacidad;4,00;;;
RD-RN11E-FUN-SIL;Redmi;Redmi Note 11E;Funda;Silicona;2,50;;;
RD-RN11E-FUN-TPU;Redmi;Redmi Note 11E;Funda;Transparente;2,95;;;
RD-RN11E-FUN-LIB;Redmi;Redmi Note 11E;Funda;Libro;3,70;;;
RD-RN11E-FUN-ANT;Redmi;Redmi Note 11E;Funda;Antigolpes;3,10;;;
RD-RN15RP-PRO-NA;Redmi;Redmi Note 15R Pro;Cristal templado;Estándar;1,30;;;
RD-RN15RP-PRO-PRI;Redmi;Redmi Note 15R Pro;Cristal templado;Privacidad;4,00;;;
RD-RN15RP-FUN-SIL;Redmi;Redmi Note 15R Pro;Funda;Silicona;2,50;;;
RD-RN15RP-FUN-TPU;Redmi;Redmi Note 15R Pro;Funda;Transparente;2,95;;;
RD-RN15RP-FUN-LIB;Redmi;Redmi Note 15R Pro;Funda;Libro;3,70;;;
RD-RN15RP-FUN-ANT;Redmi;Redmi Note 15R Pro;Funda;Antigolpes;3,10;;;
RD-RN15S-PRO-NA;Redmi;Redmi Note 15 Special;Cristal templado;Estándar;1,30;;;
RD-RN15S-PRO-PRI;Redmi;Redmi Note 15 Special;Cristal templado;Privacidad;4,00;;;
RD-RN15S-FUN-SIL;Redmi;Redmi Note 15 Special;Funda;Silicona;2,50;;;
RD-RN15S-FUN-TPU;Redmi;Redmi Note 15 Special;Funda;Transparente;2,95;;;
RD-RN15S-FUN-LIB;Redmi;Redmi Note 15 Special;Funda;Libro;3,70;;;
RD-RN15S-FUN-ANT;Redmi;Redmi Note 15 Special;Funda;Antigolpes;3,10;;;
RD-RN15SE-PRO-NA;Redmi;Redmi Note 15 SE;Cristal templado;Estándar;1,30;;;
RD-RN15SE-PRO-PRI;Redmi;Redmi Note 15 SE;Cristal templado;Privacidad;4,00;;;
RD-RN15SE-FUN-SIL;Redmi;Redmi Note 15 SE;Funda;Silicona;2,50;;;
RD-RN15SE-FUN-TPU;Redmi;Redmi Note 15 SE;Funda;Transparente;2,95;;;
RD-RN15SE-FUN-LIB;Redmi;Redmi Note 15 SE;Funda;Libro;3,70;;;
RD-RN15SE-FUN-ANT;Redmi;Redmi Note 15 SE;Funda;Antigolpes;3,10;;;
RD-RN15PPL-PRO-NA;Redmi;Redmi Note 15 Pro+;Cristal templado;Estándar;1,30;;;
RD-RN15PPL-PRO-PRI;Redmi;Redmi Note 15 Pro+;Cristal templado;Privacidad;4,00;;;
RD-RN15PPL-FUN-SIL;Redmi;Redmi Note 15 Pro+;Funda;Silicona;2,50;;;
RD-RN15PPL-FUN-TPU;Redmi;Redmi Note 15 Pro+;Funda;Transparente;2,95;;;
RD-RN15PPL-FUN-LIB;Redmi;Redmi Note 15 Pro+;Funda;Libro;3,70;;;
RD-RN15PPL-FUN-ANT;Redmi;Redmi Note 15 Pro+;Funda;Antigolpes;3,10;;;
RD-RK90-PRO-NA;Redmi;Redmi K90;Cristal templado;Estándar;1,30;;;
RD-RK90-PRO-PRI;Redmi;Redmi K90;Cristal templado;Privacidad;4,00;;;
RD-RK90-FUN-SIL;Redmi;Redmi K90;Funda;Silicona;2,50;;;
RD-RK90-FUN-TPU;Redmi;Redmi K90;Funda;Transparente;2,95;;;
RD-RK90-FUN-LIB;Redmi;Redmi K90;Funda;Libro;3,70;;;
RD-RK90-FUN-ANT;Redmi;Redmi K90;Funda;Antigolpes;3,10;;;
RD-RK90-PCA-NA;Redmi;Redmi K90;Protector de cámara;Cristal;2,90;;;
RD-RK90PM-PRO-NA;Redmi;Redmi K90 Pro Max;Cristal templado;Estándar;1,30;;;
RD-RK90PM-PRO-PRI;Redmi;Redmi K90 Pro Max;Cristal templado;Privacidad;4,00;;;
RD-RK90PM-FUN-SIL;Redmi;Redmi K90 Pro Max;Funda;Silicona;2,50;;;
RD-RK90PM-FUN-TPU;Redmi;Redmi K90 Pro Max;Funda;Transparente;2,95;;;
RD-RK90PM-FUN-LIB;Redmi;Redmi K90 Pro Max;Funda;Libro;3,70;;;
RD-RK90PM-FUN-ANT;Redmi;Redmi K90 Pro Max;Funda;Antigolpes;3,10;;;
RD-RK90PM-PCA-NA;Redmi;Redmi K90 Pro Max;Protector de cámara;Cristal;2,90;;;
RD-R15R-PRO-NA;Redmi;Redmi 15R;Cristal templado;Estándar;1,30;;;
RD-R15R-PRO-PRI;Redmi;Redmi 15R;Cristal templado;Privacidad;4,00;;;
RD-R15R-FUN-SIL;Redmi;Redmi 15R;Funda;Silicona;2,50;;;
RD-R15R-FUN-TPU;Redmi;Redmi 15R;Funda;Transparente;2,95;;;
RD-R15R-FUN-LIB;Redmi;Redmi 15R;Funda;Libro;3,70;;;
RD-R15R-FUN-ANT;Redmi;Redmi 15R;Funda;Antigolpes;3,10;;;
RD-R15R-PCA-NA;Redmi;Redmi 15R;Protector de cámara;Cristal;2,90;;;
RD-RN15R-PRO-NA;Redmi;Redmi Note 15R;Cristal templado;Estándar;1,30;;;
RD-RN15R-PRO-PRI;Redmi;Redmi Note 15R;Cristal templado;Privacidad;4,00;;;
RD-RN15R-FUN-SIL;Redmi;Redmi Note 15R;Funda;Silicona;2,50;;;
RD-RN15R-FUN-TPU;Redmi;Redmi Note 15R;Funda;Transparente;2,95;;;
RD-RN15R-FUN-LIB;Redmi;Redmi Note 15R;Funda;Libro;3,70;;;
RD-RN15R-FUN-ANT;Redmi;Redmi Note 15R;Funda;Antigolpes;3,10;;;
RD-RK80U-PRO-NA;Redmi;Redmi K80 Ultra;Cristal templado;Estándar;1,30;;;
RD-RK80U-PRO-PRI;Redmi;Redmi K80 Ultra;Cristal templado;Privacidad;4,00;;;
RD-RK80U-FUN-SIL;Redmi;Redmi K80 Ultra;Funda;Silicona;2,50;;;
RD-RK80U-FUN-TPU;Redmi;Redmi K80 Ultra;Funda;Transparente;2,95;;;
RD-RK80U-FUN-LIB;Redmi;Redmi K80 Ultra;Funda;Libro;3,70;;;
RD-RK80U-FUN-ANT;Redmi;Redmi K80 Ultra;Funda;Antigolpes;3,10;;;
RD-RK80U-PCA-NA;Redmi;Redmi K80 Ultra;Protector de cámara;Cristal;2,90;;;
RD-RT4P-PRO-NA;Redmi;Redmi Turbo 4 Pro;Cristal templado;Estándar;1,30;;;
RD-RT4P-PRO-PRI;Redmi;Redmi Turbo 4 Pro;Cristal templado;Privacidad;4,00;;;
RD-RT4P-FUN-SIL;Redmi;Redmi Turbo 4 Pro;Funda;Silicona;2,50;;;
RD-RT4P-FUN-TPU;Redmi;Redmi Turbo 4 Pro;Funda;Transparente;2,95;;;
RD-RT4P-FUN-LIB;Redmi;Redmi Turbo 4 Pro;Funda;Libro;3,70;;;
RD-RT4P-FUN-ANT;Redmi;Redmi Turbo 4 Pro;Funda;Antigolpes;3,10;;;
RD-RT4P-PCA-NA;Redmi;Redmi Turbo 4 Pro;Protector de cámara;Cristal;2,90;;;
RD-R14C5-PRO-NA;Redmi;Redmi 14C 5G;Cristal templado;Estándar;1,30;;;
RD-R14C5-PRO-PRI;Redmi;Redmi 14C 5G;Cristal templado;Privacidad;4,00;;;
RD-R14C5-FUN-SIL;Redmi;Redmi 14C 5G;Funda;Silicona;2,50;;;
RD-R14C5-FUN-TPU;Redmi;Redmi 14C 5G;Funda;Transparente;2,95;;;
RD-R14C5-FUN-LIB;Redmi;Redmi 14C 5G;Funda;Libro;3,70;;;
RD-R14C5-FUN-ANT;Redmi;Redmi 14C 5G;Funda;Antigolpes;3,10;;;
RD-R14C5-PCA-NA;Redmi;Redmi 14C 5G;Protector de cámara;Cristal;2,90;;;
RD-RT4-PRO-NA;Redmi;Redmi Turbo 4;Cristal templado;Estándar;1,30;;;
RD-RT4-PRO-PRI;Redmi;Redmi Turbo 4;Cristal templado;Privacidad;4,00;;;
RD-RT4-FUN-SIL;Redmi;Redmi Turbo 4;Funda;Silicona;2,50;;;
RD-RT4-FUN-TPU;Redmi;Redmi Turbo 4;Funda;Transparente;2,95;;;
RD-RT4-FUN-LIB;Redmi;Redmi Turbo 4;Funda;Libro;3,70;;;
RD-RT4-FUN-ANT;Redmi;Redmi Turbo 4;Funda;Antigolpes;3,10;;;
RD-RT4-PCA-NA;Redmi;Redmi Turbo 4;Protector de cámara;Cristal;2,90;;;
RD-RA45-PRO-NA;Redmi;Redmi A4 5G;Cristal templado;Estándar;1,30;;;
RD-RA45-PRO-PRI;Redmi;Redmi A4 5G;Cristal templado;Privacidad;4,00;;;
RD-RA45-FUN-SIL;Redmi;Redmi A4 5G;Funda;Silicona;2,50;;;
RD-RA45-FUN-TPU;Redmi;Redmi A4 5G;Funda;Transparente;2,95;;;
RD-RA45-FUN-LIB;Redmi;Redmi A4 5G;Funda;Libro;3,70;;;
RD-RA45-FUN-ANT;Redmi;Redmi A4 5G;Funda;Antigolpes;3,10;;;
RD-RA45-PCA-NA;Redmi;Redmi A4 5G;Protector de cámara;Cristal;2,90;;;
RD-RK80-PRO-NA;Redmi;Redmi K80;Cristal templado;Estándar;1,30;;;
RD-RK80-PRO-PRI;Redmi;Redmi K80;Cristal templado;Privacidad;4,00;;;
RD-RK80-FUN-SIL;Redmi;Redmi K80;Funda;Silicona;2,50;;;
RD-RK80-FUN-TPU;Redmi;Redmi K80;Funda;Transparente;2,95;;;
RD-RK80-FUN-LIB;Redmi;Redmi K80;Funda;Libro;3,70;;;
RD-RK80-FUN-ANT;Redmi;Redmi K80;Funda;Antigolpes;3,10;;;
RD-RK80-PCA-NA;Redmi;Redmi K80;Protector de cámara;Cristal;2,90;;;
RD-RK80P-PRO-NA;Redmi;Redmi K80 Pro;Cristal templado;Estándar;1,30;;;
RD-RK80P-PRO-PRI;Redmi;Redmi K80 Pro;Cristal templado;Privacidad;4,00;;;
RD-RK80P-FUN-SIL;Redmi;Redmi K80 Pro;Funda;Silicona;2,50;;;
RD-RK80P-FUN-TPU;Redmi;Redmi K80 Pro;Funda;Transparente;2,95;;;
RD-RK80P-FUN-LIB;Redmi;Redmi K80 Pro;Funda;Libro;3,70;;;
RD-RK80P-FUN-ANT;Redmi;Redmi K80 Pro;Funda;Antigolpes;3,10;;;
RD-RK80P-PCA-NA;Redmi;Redmi K80 Pro;Protector de cámara;Cristal;2,90;;;
RD-R14R-PRO-NA;Redmi;Redmi 14R;Cristal templado;Estándar;1,30;;;
RD-R14R-PRO-PRI;Redmi;Redmi 14R;Cristal templado;Privacidad;4,00;;;
RD-R14R-FUN-SIL;Redmi;Redmi 14R;Funda;Silicona;2,50;;;
RD-R14R-FUN-TPU;Redmi;Redmi 14R;Funda;Transparente;2,95;;;
RD-R14R-FUN-LIB;Redmi;Redmi 14R;Funda;Libro;3,70;;;
RD-R14R-FUN-ANT;Redmi;Redmi 14R;Funda;Antigolpes;3,10;;;
RD-R14R-PCA-NA;Redmi;Redmi 14R;Protector de cámara;Cristal;2,90;;;
RD-RA3X-PRO-NA;Redmi;Redmi A3x;Cristal templado;Estándar;1,30;;;
RD-RA3X-PRO-PRI;Redmi;Redmi A3x;Cristal templado;Privacidad;4,00;;;
RD-RA3X-FUN-SIL;Redmi;Redmi A3x;Funda;Silicona;2,50;;;
RD-RA3X-FUN-TPU;Redmi;Redmi A3x;Funda;Transparente;2,95;;;
RD-RA3X-FUN-LIB;Redmi;Redmi A3x;Funda;Libro;3,70;;;
RD-RA3X-FUN-ANT;Redmi;Redmi A3x;Funda;Antigolpes;3,10;;;
RD-RA3X-PCA-NA;Redmi;Redmi A3x;Protector de cámara;Cristal;2,90;;;
RD-RN13R-PRO-NA;Redmi;Redmi Note 13R;Cristal templado;Estándar;1,30;;;
RD-RN13R-PRO-PRI;Redmi;Redmi Note 13R;Cristal templado;Privacidad;4,00;;;
RD-RN13R-FUN-SIL;Redmi;Redmi Note 13R;Funda;Silicona;2,50;;;
RD-RN13R-FUN-TPU;Redmi;Redmi Note 13R;Funda;Transparente;2,95;;;
RD-RN13R-FUN-LIB;Redmi;Redmi Note 13R;Funda;Libro;3,70;;;
RD-RN13R-FUN-ANT;Redmi;Redmi Note 13R;Funda;Antigolpes;3,10;;;
RD-RN13R-PCA-NA;Redmi;Redmi Note 13R;Protector de cámara;Cristal;2,90;;;
RD-RT3-PRO-NA;Redmi;Redmi Turbo 3;Cristal templado;Estándar;1,30;;;
RD-RT3-PRO-PRI;Redmi;Redmi Turbo 3;Cristal templado;Privacidad;4,00;;;
RD-RT3-FUN-SIL;Redmi;Redmi Turbo 3;Funda;Silicona;2,50;;;
RD-RT3-FUN-TPU;Redmi;Redmi Turbo 3;Funda;Transparente;2,95;;;
RD-RT3-FUN-LIB;Redmi;Redmi Turbo 3;Funda;Libro;3,70;;;
RD-RT3-FUN-ANT;Redmi;Redmi Turbo 3;Funda;Antigolpes;3,10;;;
RD-RT3-PCA-NA;Redmi;Redmi Turbo 3;Protector de cámara;Cristal;2,90;;;
RD-RN13NFC-PRO-NA;Redmi;Redmi Note 13 NFC;Cristal templado;Estándar;1,30;;;
RD-RN13NFC-PRO-PRI;Redmi;Redmi Note 13 NFC;Cristal templado;Privacidad;4,00;;;
RD-RN13NFC-FUN-SIL;Redmi;Redmi Note 13 NFC;Funda;Silicona;2,50;;;
RD-RN13NFC-FUN-TPU;Redmi;Redmi Note 13 NFC;Funda;Transparente;2,95;;;
RD-RN13NFC-FUN-LIB;Redmi;Redmi Note 13 NFC;Funda;Libro;3,70;;;
RD-RN13NFC-FUN-ANT;Redmi;Redmi Note 13 NFC;Funda;Antigolpes;3,10;;;
RD-RN13NFC-PCA-NA;Redmi;Redmi Note 13 NFC;Protector de cámara;Cristal;2,90;;;
RD-R12R-PRO-NA;Redmi;Redmi 12R;Cristal templado;Estándar;1,30;;;
RD-R12R-PRO-PRI;Redmi;Redmi 12R;Cristal templado;Privacidad;4,00;;;
RD-R12R-FUN-SIL;Redmi;Redmi 12R;Funda;Silicona;2,50;;;
RD-R12R-FUN-TPU;Redmi;Redmi 12R;Funda;Transparente;2,95;;;
RD-R12R-FUN-LIB;Redmi;Redmi 12R;Funda;Libro;3,70;;;
RD-R12R-FUN-ANT;Redmi;Redmi 12R;Funda;Antigolpes;3,10;;;
RD-R12R-PCA-NA;Redmi;Redmi 12R;Protector de cámara;Cristal;2,90;;;
RD-R13R-PRO-NA;Redmi;Redmi 13R;Cristal templado;Estándar;1,30;;;
RD-R13R-PRO-PRI;Redmi;Redmi 13R;Cristal templado;Privacidad;4,00;;;
RD-R13R-FUN-SIL;Redmi;Redmi 13R;Funda;Silicona;2,50;;;
RD-R13R-FUN-TPU;Redmi;Redmi 13R;Funda;Transparente;2,95;;;
RD-R13R-FUN-LIB;Redmi;Redmi 13R;Funda;Libro;3,70;;;
RD-R13R-FUN-ANT;Redmi;Redmi 13R;Funda;Antigolpes;3,10;;;
RD-R13R-PCA-NA;Redmi;Redmi 13R;Protector de cámara;Cristal;2,90;;;
RD-RK70-PRO-NA;Redmi;Redmi K70;Cristal templado;Estándar;1,30;;;
RD-RK70-PRO-PRI;Redmi;Redmi K70;Cristal templado;Privacidad;4,00;;;
RD-RK70-FUN-SIL;Redmi;Redmi K70;Funda;Silicona;2,50;;;
RD-RK70-FUN-TPU;Redmi;Redmi K70;Funda;Transparente;2,95;;;
RD-RK70-FUN-LIB;Redmi;Redmi K70;Funda;Libro;3,70;;;
RD-RK70-FUN-ANT;Redmi;Redmi K70;Funda;Antigolpes;3,10;;;
RD-RK70-PCA-NA;Redmi;Redmi K70;Protector de cámara;Cristal;2,90;;;
RD-RK70P-PRO-NA;Redmi;Redmi K70 Pro;Cristal templado;Estándar;1,30;;;
RD-RK70P-PRO-PRI;Redmi;Redmi K70 Pro;Cristal templado;Privacidad;4,00;;;
RD-RK70P-FUN-SIL;Redmi;Redmi K70 Pro;Funda;Silicona;2,50;;;
RD-RK70P-FUN-TPU;Redmi;Redmi K70 Pro;Funda;Transparente;2,95;;;
RD-RK70P-FUN-LIB;Redmi;Redmi K70 Pro;Funda;Libro;3,70;;;
RD-RK70P-FUN-ANT;Redmi;Redmi K70 Pro;Funda;Antigolpes;3,10;;;
RD-RK70P-PCA-NA;Redmi;Redmi K70 Pro;Protector de cámara;Cristal;2,90;;;
RD-RK70E-PRO-NA;Redmi;Redmi K70E;Cristal templado;Estándar;1,30;;;
RD-RK70E-PRO-PRI;Redmi;Redmi K70E;Cristal templado;Privacidad;4,00;;;
RD-RK70E-FUN-SIL;Redmi;Redmi K70E;Funda;Silicona;2,50;;;
RD-RK70E-FUN-TPU;Redmi;Redmi K70E;Funda;Transparente;2,95;;;
RD-RK70E-FUN-LIB;Redmi;Redmi K70E;Funda;Libro;3,70;;;
RD-RK70E-FUN-ANT;Redmi;Redmi K70E;Funda;Antigolpes;3,10;;;
RD-RK70E-PCA-NA;Redmi;Redmi K70E;Protector de cámara;Cristal;2,90;;;
RD-RN12TP-PRO-NA;Redmi;Redmi Note 12T Pro;Cristal templado;Estándar;1,30;;;
RD-RN12TP-PRO-PRI;Redmi;Redmi Note 12T Pro;Cristal templado;Privacidad;4,00;;;
RD-RN12TP-FUN-SIL;Redmi;Redmi Note 12T Pro;Funda;Silicona;2,50;;;
RD-RN12TP-FUN-TPU;Redmi;Redmi Note 12T Pro;Funda;Transparente;2,95;;;
RD-RN12TP-FUN-LIB;Redmi;Redmi Note 12T Pro;Funda;Libro;3,70;;;
RD-RN12TP-FUN-ANT;Redmi;Redmi Note 12T Pro;Funda;Antigolpes;3,10;;;
RD-RN12TP-PCA-NA;Redmi;Redmi Note 12T Pro;Protector de cámara;Cristal;2,90;;;
RD-RN12RP-PRO-NA;Redmi;Redmi Note 12R Pro;Cristal templado;Estándar;1,30;;;
RD-RN12RP-PRO-PRI;Redmi;Redmi Note 12R Pro;Cristal templado;Privacidad;4,00;;;
RD-RN12RP-FUN-SIL;Redmi;Redmi Note 12R Pro;Funda;Silicona;2,50;;;
RD-RN12RP-FUN-TPU;Redmi;Redmi Note 12R Pro;Funda;Transparente;2,95;;;
RD-RN12RP-FUN-LIB;Redmi;Redmi Note 12R Pro;Funda;Libro;3,70;;;
RD-RN12RP-FUN-ANT;Redmi;Redmi Note 12R Pro;Funda;Antigolpes;3,10;;;
RD-RA2PL-PRO-NA;Redmi;Redmi A2+;Cristal templado;Estándar;1,30;;;
RD-RA2PL-PRO-PRI;Redmi;Redmi A2+;Cristal templado;Privacidad;4,00;;;
RD-RA2PL-FUN-SIL;Redmi;Redmi A2+;Funda;Silicona;2,50;;;
RD-RA2PL-FUN-TPU;Redmi;Redmi A2+;Funda;Transparente;2,95;;;
RD-RA2PL-FUN-LIB;Redmi;Redmi A2+;Funda;Libro;3,70;;;
RD-RA2PL-FUN-ANT;Redmi;Redmi A2+;Funda;Antigolpes;3,10;;;
RD-RA2PL-PCA-NA;Redmi;Redmi A2+;Protector de cámara;Cristal;2,90;;;
RD-RN12T-PRO-NA;Redmi;Redmi Note 12 Turbo;Cristal templado;Estándar;1,30;;;
RD-RN12T-PRO-PRI;Redmi;Redmi Note 12 Turbo;Cristal templado;Privacidad;4,00;;;
RD-RN12T-FUN-SIL;Redmi;Redmi Note 12 Turbo;Funda;Silicona;2,50;;;
RD-RN12T-FUN-TPU;Redmi;Redmi Note 12 Turbo;Funda;Transparente;2,95;;;
RD-RN12T-FUN-LIB;Redmi;Redmi Note 12 Turbo;Funda;Libro;3,70;;;
RD-RN12T-FUN-ANT;Redmi;Redmi Note 12 Turbo;Funda;Antigolpes;3,10;;;
RD-RN12T-PCA-NA;Redmi;Redmi Note 12 Turbo;Protector de cámara;Cristal;2,90;;;
RD-RK60-PRO-NA;Redmi;Redmi K60;Cristal templado;Estándar;1,30;;;
RD-RK60-PRO-PRI;Redmi;Redmi K60;Cristal templado;Privacidad;4,00;;;
RD-RK60-FUN-SIL;Redmi;Redmi K60;Funda;Silicona;2,50;;;
RD-RK60-FUN-TPU;Redmi;Redmi K60;Funda;Transparente;2,95;;;
RD-RK60-FUN-LIB;Redmi;Redmi K60;Funda;Libro;3,70;;;
RD-RK60-FUN-ANT;Redmi;Redmi K60;Funda;Antigolpes;3,10;;;
RD-RK60-PCA-NA;Redmi;Redmi K60;Protector de cámara;Cristal;2,90;;;
RD-RK60P-PRO-NA;Redmi;Redmi K60 Pro;Cristal templado;Estándar;1,30;;;
RD-RK60P-PRO-PRI;Redmi;Redmi K60 Pro;Cristal templado;Privacidad;4,00;;;
RD-RK60P-FUN-SIL;Redmi;Redmi K60 Pro;Funda;Silicona;2,50;;;
RD-RK60P-FUN-TPU;Redmi;Redmi K60 Pro;Funda;Transparente;2,95;;;
RD-RK60P-FUN-LIB;Redmi;Redmi K60 Pro;Funda;Libro;3,70;;;
RD-RK60P-FUN-ANT;Redmi;Redmi K60 Pro;Funda;Antigolpes;3,10;;;
RD-RK60P-PCA-NA;Redmi;Redmi K60 Pro;Protector de cámara;Cristal;2,90;;;
RD-RK60E-PRO-NA;Redmi;Redmi K60E;Cristal templado;Estándar;1,30;;;
RD-RK60E-PRO-PRI;Redmi;Redmi K60E;Cristal templado;Privacidad;4,00;;;
RD-RK60E-FUN-SIL;Redmi;Redmi K60E;Funda;Silicona;2,50;;;
RD-RK60E-FUN-TPU;Redmi;Redmi K60E;Funda;Transparente;2,95;;;
RD-RK60E-FUN-LIB;Redmi;Redmi K60E;Funda;Libro;3,70;;;
RD-RK60E-FUN-ANT;Redmi;Redmi K60E;Funda;Antigolpes;3,10;;;
RD-RK60E-PCA-NA;Redmi;Redmi K60E;Protector de cámara;Cristal;2,90;;;
RD-RN12PS-PRO-NA;Redmi;Redmi Note 12 Pro Speed;Cristal templado;Estándar;1,30;;;
RD-RN12PS-PRO-PRI;Redmi;Redmi Note 12 Pro Speed;Cristal templado;Privacidad;4,00;;;
RD-RN12PS-FUN-SIL;Redmi;Redmi Note 12 Pro Speed;Funda;Silicona;2,50;;;
RD-RN12PS-FUN-TPU;Redmi;Redmi Note 12 Pro Speed;Funda;Transparente;2,95;;;
RD-RN12PS-FUN-LIB;Redmi;Redmi Note 12 Pro Speed;Funda;Libro;3,70;;;
RD-RN12PS-FUN-ANT;Redmi;Redmi Note 12 Pro Speed;Funda;Antigolpes;3,10;;;
RD-RN12PS-PCA-NA;Redmi;Redmi Note 12 Pro Speed;Protector de cámara;Cristal;2,90;;;
RD-RN12D-PRO-NA;Redmi;Redmi Note 12 Discovery;Cristal templado;Estándar;1,30;;;
RD-RN12D-PRO-PRI;Redmi;Redmi Note 12 Discovery;Cristal templado;Privacidad;4,00;;;
RD-RN12D-FUN-SIL;Redmi;Redmi Note 12 Discovery;Funda;Silicona;2,50;;;
RD-RN12D-FUN-TPU;Redmi;Redmi Note 12 Discovery;Funda;Transparente;2,95;;;
RD-RN12D-FUN-LIB;Redmi;Redmi Note 12 Discovery;Funda;Libro;3,70;;;
RD-RN12D-FUN-ANT;Redmi;Redmi Note 12 Discovery;Funda;Antigolpes;3,10;;;
RD-RN12D-PCA-NA;Redmi;Redmi Note 12 Discovery;Protector de cámara;Cristal;2,90;;;
RD-RN12PPL-PRO-NA;Redmi;Redmi Note 12 Pro+;Cristal templado;Estándar;1,30;;;
RD-RN12PPL-PRO-PRI;Redmi;Redmi Note 12 Pro+;Cristal templado;Privacidad;4,00;;;
RD-RN12PPL-FUN-SIL;Redmi;Redmi Note 12 Pro+;Funda;Silicona;2,50;;;
RD-RN12PPL-FUN-TPU;Redmi;Redmi Note 12 Pro+;Funda;Transparente;2,95;;;
RD-RN12PPL-FUN-LIB;Redmi;Redmi Note 12 Pro+;Funda;Libro;3,70;;;
RD-RN12PPL-FUN-ANT;Redmi;Redmi Note 12 Pro+;Funda;Antigolpes;3,10;;;
RD-RN12PPL-PCA-NA;Redmi;Redmi Note 12 Pro+;Protector de cámara;Cristal;2,90;;;
RD-R11P-PRO-NA;Redmi;Redmi 11 Prime;Cristal templado;Estándar;1,30;;;
RD-R11P-PRO-PRI;Redmi;Redmi 11 Prime;Cristal templado;Privacidad;4,00;;;
RD-R11P-FUN-SIL;Redmi;Redmi 11 Prime;Funda;Silicona;2,50;;;
RD-R11P-FUN-TPU;Redmi;Redmi 11 Prime;Funda;Transparente;2,95;;;
RD-R11P-FUN-LIB;Redmi;Redmi 11 Prime;Funda;Libro;3,70;;;
RD-R11P-FUN-ANT;Redmi;Redmi 11 Prime;Funda;Antigolpes;3,10;;;
RD-R11P-PCA-NA;Redmi;Redmi 11 Prime;Protector de cámara;Cristal;2,90;;;
RD-R11P5-PRO-NA;Redmi;Redmi 11 Prime 5G;Cristal templado;Estándar;1,30;;;
RD-R11P5-PRO-PRI;Redmi;Redmi 11 Prime 5G;Cristal templado;Privacidad;4,00;;;
RD-R11P5-FUN-SIL;Redmi;Redmi 11 Prime 5G;Funda;Silicona;2,50;;;
RD-R11P5-FUN-TPU;Redmi;Redmi 11 Prime 5G;Funda;Transparente;2,95;;;
RD-R11P5-FUN-LIB;Redmi;Redmi 11 Prime 5G;Funda;Libro;3,70;;;
RD-R11P5-FUN-ANT;Redmi;Redmi 11 Prime 5G;Funda;Antigolpes;3,10;;;
RD-R11P5-PCA-NA;Redmi;Redmi 11 Prime 5G;Protector de cámara;Cristal;2,90;;;
RD-RA1PL-PRO-NA;Redmi;Redmi A1+;Cristal templado;Estándar;1,30;;;
RD-RA1PL-PRO-PRI;Redmi;Redmi A1+;Cristal templado;Privacidad;4,00;;;
RD-RA1PL-FUN-SIL;Redmi;Redmi A1+;Funda;Silicona;2,50;;;
RD-RA1PL-FUN-TPU;Redmi;Redmi A1+;Funda;Transparente;2,95;;;
RD-RA1PL-FUN-LIB;Redmi;Redmi A1+;Funda;Libro;3,70;;;
RD-RA1PL-FUN-ANT;Redmi;Redmi A1+;Funda;Antigolpes;3,10;;;
RD-RA1PL-PCA-NA;Redmi;Redmi A1+;Protector de cámara;Cristal;2,90;;;
RD-RN11R-PRO-NA;Redmi;Redmi Note 11R;Cristal templado;Estándar;1,30;;;
RD-RN11R-PRO-PRI;Redmi;Redmi Note 11R;Cristal templado;Privacidad;4,00;;;
RD-RN11R-FUN-SIL;Redmi;Redmi Note 11R;Funda;Silicona;2,50;;;
RD-RN11R-FUN-TPU;Redmi;Redmi Note 11R;Funda;Transparente;2,95;;;
RD-RN11R-FUN-LIB;Redmi;Redmi Note 11R;Funda;Libro;3,70;;;
RD-RN11R-FUN-ANT;Redmi;Redmi Note 11R;Funda;Antigolpes;3,10;;;
RD-RN11R-PCA-NA;Redmi;Redmi Note 11R;Protector de cámara;Cristal;2,90;;;
RD-R10AS-PRO-NA;Redmi;Redmi 10A Sport;Cristal templado;Estándar;1,30;;;
RD-R10AS-PRO-PRI;Redmi;Redmi 10A Sport;Cristal templado;Privacidad;4,00;;;
RD-R10AS-FUN-SIL;Redmi;Redmi 10A Sport;Funda;Silicona;2,50;;;
RD-R10AS-FUN-TPU;Redmi;Redmi 10A Sport;Funda;Transparente;2,95;;;
RD-R10AS-FUN-LIB;Redmi;Redmi 10A Sport;Funda;Libro;3,70;;;
RD-R10AS-FUN-ANT;Redmi;Redmi 10A Sport;Funda;Antigolpes;3,10;;;
RD-R10P22-PRO-NA;Redmi;Redmi 10 Prime 2022;Cristal templado;Estándar;1,30;;;
RD-R10P22-PRO-PRI;Redmi;Redmi 10 Prime 2022;Cristal templado;Privacidad;4,00;;;
RD-R10P22-FUN-SIL;Redmi;Redmi 10 Prime 2022;Funda;Silicona;2,50;;;
RD-R10P22-FUN-TPU;Redmi;Redmi 10 Prime 2022;Funda;Transparente;2,95;;;
RD-R10P22-FUN-LIB;Redmi;Redmi 10 Prime 2022;Funda;Libro;3,70;;;
RD-R10P22-FUN-ANT;Redmi;Redmi 10 Prime 2022;Funda;Antigolpes;3,10;;;
RD-R10P22-PCA-NA;Redmi;Redmi 10 Prime 2022;Protector de cámara;Cristal;2,90;;;
RD-RN11TP-PRO-NA;Redmi;Redmi Note 11T Pro;Cristal templado;Estándar;1,30;;;
RD-RN11TP-PRO-PRI;Redmi;Redmi Note 11T Pro;Cristal templado;Privacidad;4,00;;;
RD-RN11TP-FUN-SIL;Redmi;Redmi Note 11T Pro;Funda;Silicona;2,50;;;
RD-RN11TP-FUN-TPU;Redmi;Redmi Note 11T Pro;Funda;Transparente;2,95;;;
RD-RN11TP-FUN-LIB;Redmi;Redmi Note 11T Pro;Funda;Libro;3,70;;;
RD-RN11TP-FUN-ANT;Redmi;Redmi Note 11T Pro;Funda;Antigolpes;3,10;;;
RD-RN11TP-PCA-NA;Redmi;Redmi Note 11T Pro;Protector de cámara;Cristal;2,90;;;
RD-RN11TPPL-PRO-NA;Redmi;Redmi Note 11T Pro+;Cristal templado;Estándar;1,30;;;
RD-RN11TPPL-PRO-PRI;Redmi;Redmi Note 11T Pro+;Cristal templado;Privacidad;4,00;;;
RD-RN11TPPL-FUN-SIL;Redmi;Redmi Note 11T Pro+;Funda;Silicona;2,50;;;
RD-RN11TPPL-FUN-TPU;Redmi;Redmi Note 11T Pro+;Funda;Transparente;2,95;;;
RD-RN11TPPL-FUN-LIB;Redmi;Redmi Note 11T Pro+;Funda;Libro;3,70;;;
RD-RN11TPPL-FUN-ANT;Redmi;Redmi Note 11T Pro+;Funda;Antigolpes;3,10;;;
RD-RN11TPPL-PCA-NA;Redmi;Redmi Note 11T Pro+;Protector de cámara;Cristal;2,90;;;
RD-R10PW-PRO-NA;Redmi;Redmi 10 Power;Cristal templado;Estándar;1,30;;;
RD-R10PW-PRO-PRI;Redmi;Redmi 10 Power;Cristal templado;Privacidad;4,00;;;
RD-R10PW-FUN-SIL;Redmi;Redmi 10 Power;Funda;Silicona;2,50;;;
RD-R10PW-FUN-TPU;Redmi;Redmi 10 Power;Funda;Transparente;2,95;;;
RD-R10PW-FUN-LIB;Redmi;Redmi 10 Power;Funda;Libro;3,70;;;
RD-R10PW-FUN-ANT;Redmi;Redmi 10 Power;Funda;Antigolpes;3,10;;;
RD-R10PW-PCA-NA;Redmi;Redmi 10 Power;Protector de cámara;Cristal;2,90;;;
RD-RN10T-PRO-NA;Redmi;Redmi Note 10T;Cristal templado;Estándar;1,30;;;
RD-RN10T-PRO-PRI;Redmi;Redmi Note 10T;Cristal templado;Privacidad;4,00;;;
RD-RN10T-FUN-SIL;Redmi;Redmi Note 10T;Funda;Silicona;2,50;;;
RD-RN10T-FUN-TPU;Redmi;Redmi Note 10T;Funda;Transparente;2,95;;;
RD-RN10T-FUN-LIB;Redmi;Redmi Note 10T;Funda;Libro;3,70;;;
RD-RN10T-FUN-ANT;Redmi;Redmi Note 10T;Funda;Antigolpes;3,10;;;
RD-RK40S-PRO-NA;Redmi;Redmi K40S;Cristal templado;Estándar;1,30;;;
RD-RK40S-PRO-PRI;Redmi;Redmi K40S;Cristal templado;Privacidad;4,00;;;
RD-RK40S-FUN-SIL;Redmi;Redmi K40S;Funda;Silicona;2,50;;;
RD-RK40S-FUN-TPU;Redmi;Redmi K40S;Funda;Transparente;2,95;;;
RD-RK40S-FUN-LIB;Redmi;Redmi K40S;Funda;Libro;3,70;;;
RD-RK40S-FUN-ANT;Redmi;Redmi K40S;Funda;Antigolpes;3,10;;;
RD-RK50-PRO-NA;Redmi;Redmi K50;Cristal templado;Estándar;1,30;;;
RD-RK50-PRO-PRI;Redmi;Redmi K50;Cristal templado;Privacidad;4,00;;;
RD-RK50-FUN-SIL;Redmi;Redmi K50;Funda;Silicona;2,50;;;
RD-RK50-FUN-TPU;Redmi;Redmi K50;Funda;Transparente;2,95;;;
RD-RK50-FUN-LIB;Redmi;Redmi K50;Funda;Libro;3,70;;;
RD-RK50-FUN-ANT;Redmi;Redmi K50;Funda;Antigolpes;3,10;;;
RD-RK50-PCA-NA;Redmi;Redmi K50;Protector de cámara;Cristal;2,90;;;
RD-RK50P-PRO-NA;Redmi;Redmi K50 Pro;Cristal templado;Estándar;1,30;;;
RD-RK50P-PRO-PRI;Redmi;Redmi K50 Pro;Cristal templado;Privacidad;4,00;;;
RD-RK50P-FUN-SIL;Redmi;Redmi K50 Pro;Funda;Silicona;2,50;;;
RD-RK50P-FUN-TPU;Redmi;Redmi K50 Pro;Funda;Transparente;2,95;;;
RD-RK50P-FUN-LIB;Redmi;Redmi K50 Pro;Funda;Libro;3,70;;;
RD-RK50P-FUN-ANT;Redmi;Redmi K50 Pro;Funda;Antigolpes;3,10;;;
RD-RK50P-PCA-NA;Redmi;Redmi K50 Pro;Protector de cámara;Cristal;2,90;;;
RD-RN11EP-PRO-NA;Redmi;Redmi Note 11E Pro;Cristal templado;Estándar;1,30;;;
RD-RN11EP-PRO-PRI;Redmi;Redmi Note 11E Pro;Cristal templado;Privacidad;4,00;;;
RD-RN11EP-FUN-SIL;Redmi;Redmi Note 11E Pro;Funda;Silicona;2,50;;;
RD-RN11EP-FUN-TPU;Redmi;Redmi Note 11E Pro;Funda;Transparente;2,95;;;
RD-RN11EP-FUN-LIB;Redmi;Redmi Note 11E Pro;Funda;Libro;3,70;;;
RD-RN11EP-FUN-ANT;Redmi;Redmi Note 11E Pro;Funda;Antigolpes;3,10;;;
RD-RN11EP-PCA-NA;Redmi;Redmi Note 11E Pro;Protector de cámara;Cristal;2,90;;;
RD-RK50G-PRO-NA;Redmi;Redmi K50G;Cristal templado;Estándar;1,30;;;
RD-RK50G-PRO-PRI;Redmi;Redmi K50G;Cristal templado;Privacidad;4,00;;;
RD-RK50G-FUN-SIL;Redmi;Redmi K50G;Funda;Silicona;2,50;;;
RD-RK50G-FUN-TPU;Redmi;Redmi K50G;Funda;Transparente;2,95;;;
RD-RK50G-FUN-LIB;Redmi;Redmi K50G;Funda;Libro;3,70;;;
RD-RK50G-FUN-ANT;Redmi;Redmi K50G;Funda;Antigolpes;3,10;;;
RD-RK50G-PCA-NA;Redmi;Redmi K50G;Protector de cámara;Cristal;2,90;;;
RD-RN114-PRO-NA;Redmi;Redmi Note 11 4G;Cristal templado;Estándar;1,30;;;
RD-RN114-PRO-PRI;Redmi;Redmi Note 11 4G;Cristal templado;Privacidad;4,00;;;
RD-RN114-FUN-SIL;Redmi;Redmi Note 11 4G;Funda;Silicona;2,50;;;
RD-RN114-FUN-TPU;Redmi;Redmi Note 11 4G;Funda;Transparente;2,95;;;
RD-RN114-FUN-LIB;Redmi;Redmi Note 11 4G;Funda;Libro;3,70;;;
RD-RN114-FUN-ANT;Redmi;Redmi Note 11 4G;Funda;Antigolpes;3,10;;;
RD-RN114-PCA-NA;Redmi;Redmi Note 11 4G;Protector de cámara;Cristal;2,90;;;
RD-RN10L-PRO-NA;Redmi;Redmi Note 10 Lite;Cristal templado;Estándar;1,30;;;
RD-RN10L-PRO-PRI;Redmi;Redmi Note 10 Lite;Cristal templado;Privacidad;4,00;;;
RD-RN10L-FUN-SIL;Redmi;Redmi Note 10 Lite;Funda;Silicona;2,50;;;
RD-RN10L-FUN-TPU;Redmi;Redmi Note 10 Lite;Funda;Transparente;2,95;;;
RD-RN10L-FUN-LIB;Redmi;Redmi Note 10 Lite;Funda;Libro;3,70;;;
RD-RN10L-FUN-ANT;Redmi;Redmi Note 10 Lite;Funda;Antigolpes;3,10;;;
RD-RN10L-PCA-NA;Redmi;Redmi Note 10 Lite;Protector de cámara;Cristal;2,90;;;
RD-RN115-PRO-NA;Redmi;Redmi Note 11 5G;Cristal templado;Estándar;1,30;;;
RD-RN115-PRO-PRI;Redmi;Redmi Note 11 5G;Cristal templado;Privacidad;4,00;;;
RD-RN115-FUN-SIL;Redmi;Redmi Note 11 5G;Funda;Silicona;2,50;;;
RD-RN115-FUN-TPU;Redmi;Redmi Note 11 5G;Funda;Transparente;2,95;;;
RD-RN115-FUN-LIB;Redmi;Redmi Note 11 5G;Funda;Libro;3,70;;;
RD-RN115-FUN-ANT;Redmi;Redmi Note 11 5G;Funda;Antigolpes;3,10;;;
RD-RN115-PCA-NA;Redmi;Redmi Note 11 5G;Protector de cámara;Cristal;2,90;;;
RD-R10P-PRO-NA;Redmi;Redmi 10 Prime;Cristal templado;Estándar;1,30;;;
RD-R10P-PRO-PRI;Redmi;Redmi 10 Prime;Cristal templado;Privacidad;4,00;;;
RD-R10P-FUN-SIL;Redmi;Redmi 10 Prime;Funda;Silicona;2,50;;;
RD-R10P-FUN-TPU;Redmi;Redmi 10 Prime;Funda;Transparente;2,95;;;
RD-R10P-FUN-LIB;Redmi;Redmi 10 Prime;Funda;Libro;3,70;;;
RD-R10P-FUN-ANT;Redmi;Redmi 10 Prime;Funda;Antigolpes;3,10;;;
RD-R10P-PCA-NA;Redmi;Redmi 10 Prime;Protector de cámara;Cristal;2,90;;;
RD-REDMI9AC-PRO-NA;Redmi;Redmi 9 Activ;Cristal templado;Estándar;1,30;;;
RD-REDMI9AC-PRO-PRI;Redmi;Redmi 9 Activ;Cristal templado;Privacidad;4,00;;;
RD-REDMI9AC-FUN-SIL;Redmi;Redmi 9 Activ;Funda;Silicona;2,50;;;
RD-REDMI9AC-FUN-TPU;Redmi;Redmi 9 Activ;Funda;Transparente;2,95;;;
RD-REDMI9AC-FUN-LIB;Redmi;Redmi 9 Activ;Funda;Libro;3,70;;;
RD-REDMI9AC-FUN-ANT;Redmi;Redmi 9 Activ;Funda;Antigolpes;3,10;;;
RD-REDMI9AC-PCA-NA;Redmi;Redmi 9 Activ;Protector de cámara;Cristal;2,90;;;
RD-R9I-PRO-NA;Redmi;Redmi 9i;Cristal templado;Estándar;1,30;;;
RD-R9I-PRO-PRI;Redmi;Redmi 9i;Cristal templado;Privacidad;4,00;;;
RD-R9I-FUN-SIL;Redmi;Redmi 9i;Funda;Silicona;2,50;;;
RD-R9I-FUN-TPU;Redmi;Redmi 9i;Funda;Transparente;2,95;;;
RD-R9I-FUN-LIB;Redmi;Redmi 9i;Funda;Libro;3,70;;;
RD-R9I-FUN-ANT;Redmi;Redmi 9i;Funda;Antigolpes;3,10;;;
RD-R9IS-PRO-NA;Redmi;Redmi 9i Sport;Cristal templado;Estándar;1,30;;;
RD-R9IS-PRO-PRI;Redmi;Redmi 9i Sport;Cristal templado;Privacidad;4,00;;;
RD-R9IS-FUN-SIL;Redmi;Redmi 9i Sport;Funda;Silicona;2,50;;;
RD-R9IS-FUN-TPU;Redmi;Redmi 9i Sport;Funda;Transparente;2,95;;;
RD-R9IS-FUN-LIB;Redmi;Redmi 9i Sport;Funda;Libro;3,70;;;
RD-R9IS-FUN-ANT;Redmi;Redmi 9i Sport;Funda;Antigolpes;3,10;;;
RD-RN10JE-PRO-NA;Redmi;Redmi Note 10 JE;Cristal templado;Estándar;1,30;;;
RD-RN10JE-PRO-PRI;Redmi;Redmi Note 10 JE;Cristal templado;Privacidad;4,00;;;
RD-RN10JE-FUN-SIL;Redmi;Redmi Note 10 JE;Funda;Silicona;2,50;;;
RD-RN10JE-FUN-TPU;Redmi;Redmi Note 10 JE;Funda;Transparente;2,95;;;
RD-RN10JE-FUN-LIB;Redmi;Redmi Note 10 JE;Funda;Libro;3,70;;;
RD-RN10JE-FUN-ANT;Redmi;Redmi Note 10 JE;Funda;Antigolpes;3,10;;;
RD-RN10JE-PCA-NA;Redmi;Redmi Note 10 JE;Protector de cámara;Cristal;2,90;;;
RD-RN10T5-PRO-NA;Redmi;Redmi Note 10T 5G;Cristal templado;Estándar;1,30;;;
RD-RN10T5-PRO-PRI;Redmi;Redmi Note 10T 5G;Cristal templado;Privacidad;4,00;;;
RD-RN10T5-FUN-SIL;Redmi;Redmi Note 10T 5G;Funda;Silicona;2,50;;;
RD-RN10T5-FUN-TPU;Redmi;Redmi Note 10T 5G;Funda;Transparente;2,95;;;
RD-RN10T5-FUN-LIB;Redmi;Redmi Note 10T 5G;Funda;Libro;3,70;;;
RD-RN10T5-FUN-ANT;Redmi;Redmi Note 10T 5G;Funda;Antigolpes;3,10;;;
RD-RN10T5-PCA-NA;Redmi;Redmi Note 10T 5G;Protector de cámara;Cristal;2,90;;;
RD-RN10P5-PRO-NA;Redmi;Redmi Note 10 Pro 5G;Cristal templado;Estándar;1,30;;;
RD-RN10P5-PRO-PRI;Redmi;Redmi Note 10 Pro 5G;Cristal templado;Privacidad;4,00;;;
RD-RN10P5-FUN-SIL;Redmi;Redmi Note 10 Pro 5G;Funda;Silicona;2,50;;;
RD-RN10P5-FUN-TPU;Redmi;Redmi Note 10 Pro 5G;Funda;Transparente;2,95;;;
RD-RN10P5-FUN-LIB;Redmi;Redmi Note 10 Pro 5G;Funda;Libro;3,70;;;
RD-RN10P5-FUN-ANT;Redmi;Redmi Note 10 Pro 5G;Funda;Antigolpes;3,10;;;
RD-RN10P5-PCA-NA;Redmi;Redmi Note 10 Pro 5G;Protector de cámara;Cristal;2,90;;;
RD-RK40G-PRO-NA;Redmi;Redmi K40 Gaming;Cristal templado;Estándar;1,30;;;
RD-RK40G-PRO-PRI;Redmi;Redmi K40 Gaming;Cristal templado;Privacidad;4,00;;;
RD-RK40G-FUN-SIL;Redmi;Redmi K40 Gaming;Funda;Silicona;2,50;;;
RD-RK40G-FUN-TPU;Redmi;Redmi K40 Gaming;Funda;Transparente;2,95;;;
RD-RK40G-FUN-LIB;Redmi;Redmi K40 Gaming;Funda;Libro;3,70;;;
RD-RK40G-FUN-ANT;Redmi;Redmi K40 Gaming;Funda;Antigolpes;3,10;;;
RD-RK40-PRO-NA;Redmi;Redmi K40;Cristal templado;Estándar;1,30;;;
RD-RK40-PRO-PRI;Redmi;Redmi K40;Cristal templado;Privacidad;4,00;;;
RD-RK40-FUN-SIL;Redmi;Redmi K40;Funda;Silicona;2,50;;;
RD-RK40-FUN-TPU;Redmi;Redmi K40;Funda;Transparente;2,95;;;
RD-RK40-FUN-LIB;Redmi;Redmi K40;Funda;Libro;3,70;;;
RD-RK40-FUN-ANT;Redmi;Redmi K40;Funda;Antigolpes;3,10;;;
RD-RK40-PCA-NA;Redmi;Redmi K40;Protector de cámara;Cristal;2,90;;;
RD-RK40P-PRO-NA;Redmi;Redmi K40 Pro;Cristal templado;Estándar;1,30;;;
RD-RK40P-PRO-PRI;Redmi;Redmi K40 Pro;Cristal templado;Privacidad;4,00;;;
RD-RK40P-FUN-SIL;Redmi;Redmi K40 Pro;Funda;Silicona;2,50;;;
RD-RK40P-FUN-TPU;Redmi;Redmi K40 Pro;Funda;Transparente;2,95;;;
RD-RK40P-FUN-LIB;Redmi;Redmi K40 Pro;Funda;Libro;3,70;;;
RD-RK40P-FUN-ANT;Redmi;Redmi K40 Pro;Funda;Antigolpes;3,10;;;
RD-RK40P-PCA-NA;Redmi;Redmi K40 Pro;Protector de cámara;Cristal;2,90;;;
RD-RN10PM-PRO-NA;Redmi;Redmi Note 10 Pro Max;Cristal templado;Estándar;1,30;;;
RD-RN10PM-PRO-PRI;Redmi;Redmi Note 10 Pro Max;Cristal templado;Privacidad;4,00;;;
RD-RN10PM-FUN-SIL;Redmi;Redmi Note 10 Pro Max;Funda;Silicona;2,50;;;
RD-RN10PM-FUN-TPU;Redmi;Redmi Note 10 Pro Max;Funda;Transparente;2,95;;;
RD-RN10PM-FUN-LIB;Redmi;Redmi Note 10 Pro Max;Funda;Libro;3,70;;;
RD-RN10PM-FUN-ANT;Redmi;Redmi Note 10 Pro Max;Funda;Antigolpes;3,10;;;
RD-RN10PM-PCA-NA;Redmi;Redmi Note 10 Pro Max;Protector de cámara;Cristal;2,90;;;
RD-RN9P5-PRO-NA;Redmi;Redmi Note 9 Pro 5G;Cristal templado;Estándar;1,30;;;
RD-RN9P5-PRO-PRI;Redmi;Redmi Note 9 Pro 5G;Cristal templado;Privacidad;4,00;;;
RD-RN9P5-FUN-SIL;Redmi;Redmi Note 9 Pro 5G;Funda;Silicona;2,50;;;
RD-RN9P5-FUN-TPU;Redmi;Redmi Note 9 Pro 5G;Funda;Transparente;2,95;;;
RD-RN9P5-FUN-LIB;Redmi;Redmi Note 9 Pro 5G;Funda;Libro;3,70;;;
RD-RN9P5-FUN-ANT;Redmi;Redmi Note 9 Pro 5G;Funda;Antigolpes;3,10;;;
RD-RN9P5-PCA-NA;Redmi;Redmi Note 9 Pro 5G;Protector de cámara;Cristal;2,90;;;
RD-R9AS-PRO-NA;Redmi;Redmi 9A Sport;Cristal templado;Estándar;1,30;;;
RD-R9AS-PRO-PRI;Redmi;Redmi 9A Sport;Cristal templado;Privacidad;4,00;;;
RD-R9AS-FUN-SIL;Redmi;Redmi 9A Sport;Funda;Silicona;2,50;;;
RD-R9AS-FUN-TPU;Redmi;Redmi 9A Sport;Funda;Transparente;2,95;;;
RD-R9AS-FUN-LIB;Redmi;Redmi 9A Sport;Funda;Libro;3,70;;;
RD-R9AS-FUN-ANT;Redmi;Redmi 9A Sport;Funda;Antigolpes;3,10;;;
RD-RK30U-PRO-NA;Redmi;Redmi K30 Ultra;Cristal templado;Estándar;1,30;;;
RD-RK30U-PRO-PRI;Redmi;Redmi K30 Ultra;Cristal templado;Privacidad;4,00;;;
RD-RK30U-FUN-SIL;Redmi;Redmi K30 Ultra;Funda;Silicona;2,50;;;
RD-RK30U-FUN-TPU;Redmi;Redmi K30 Ultra;Funda;Transparente;2,95;;;
RD-RK30U-FUN-LIB;Redmi;Redmi K30 Ultra;Funda;Libro;3,70;;;
RD-RK30U-FUN-ANT;Redmi;Redmi K30 Ultra;Funda;Antigolpes;3,10;;;
RD-RK30U-PCA-NA;Redmi;Redmi K30 Ultra;Protector de cámara;Cristal;2,90;;;
RD-R10X5-PRO-NA;Redmi;Redmi 10X 5G;Cristal templado;Estándar;1,30;;;
RD-R10X5-PRO-PRI;Redmi;Redmi 10X 5G;Cristal templado;Privacidad;4,00;;;
RD-R10X5-FUN-SIL;Redmi;Redmi 10X 5G;Funda;Silicona;2,50;;;
RD-R10X5-FUN-TPU;Redmi;Redmi 10X 5G;Funda;Transparente;2,95;;;
RD-R10X5-FUN-LIB;Redmi;Redmi 10X 5G;Funda;Libro;3,70;;;
RD-R10X5-FUN-ANT;Redmi;Redmi 10X 5G;Funda;Antigolpes;3,10;;;
RD-R10X5-PCA-NA;Redmi;Redmi 10X 5G;Protector de cámara;Cristal;2,90;;;
RD-R10XP5-PRO-NA;Redmi;Redmi 10X Pro 5G;Cristal templado;Estándar;1,30;;;
RD-R10XP5-PRO-PRI;Redmi;Redmi 10X Pro 5G;Cristal templado;Privacidad;4,00;;;
RD-R10XP5-FUN-SIL;Redmi;Redmi 10X Pro 5G;Funda;Silicona;2,50;;;
RD-R10XP5-FUN-TPU;Redmi;Redmi 10X Pro 5G;Funda;Transparente;2,95;;;
RD-R10XP5-FUN-LIB;Redmi;Redmi 10X Pro 5G;Funda;Libro;3,70;;;
RD-R10XP5-FUN-ANT;Redmi;Redmi 10X Pro 5G;Funda;Antigolpes;3,10;;;
RD-RK30I5-PRO-NA;Redmi;Redmi K30i 5G;Cristal templado;Estándar;1,30;;;
RD-RK30I5-PRO-PRI;Redmi;Redmi K30i 5G;Cristal templado;Privacidad;4,00;;;
RD-RK30I5-FUN-SIL;Redmi;Redmi K30i 5G;Funda;Silicona;2,50;;;
RD-RK30I5-FUN-TPU;Redmi;Redmi K30i 5G;Funda;Transparente;2,95;;;
RD-RK30I5-FUN-LIB;Redmi;Redmi K30i 5G;Funda;Libro;3,70;;;
RD-RK30I5-FUN-ANT;Redmi;Redmi K30i 5G;Funda;Antigolpes;3,10;;;
RD-RK30I5-PCA-NA;Redmi;Redmi K30i 5G;Protector de cámara;Cristal;2,90;;;
RD-RK305S-PRO-NA;Redmi;Redmi K30 5G Speed;Cristal templado;Estándar;1,30;;;
RD-RK305S-PRO-PRI;Redmi;Redmi K30 5G Speed;Cristal templado;Privacidad;4,00;;;
RD-RK305S-FUN-SIL;Redmi;Redmi K30 5G Speed;Funda;Silicona;2,50;;;
RD-RK305S-FUN-TPU;Redmi;Redmi K30 5G Speed;Funda;Transparente;2,95;;;
RD-RK305S-FUN-LIB;Redmi;Redmi K30 5G Speed;Funda;Libro;3,70;;;
RD-RK305S-FUN-ANT;Redmi;Redmi K30 5G Speed;Funda;Antigolpes;3,10;;;
RD-RK305S-PCA-NA;Redmi;Redmi K30 5G Speed;Protector de cámara;Cristal;2,90;;;
RD-RN9PM-PRO-NA;Redmi;Redmi Note 9 Pro Max;Cristal templado;Estándar;1,30;;;
RD-RN9PM-PRO-PRI;Redmi;Redmi Note 9 Pro Max;Cristal templado;Privacidad;4,00;;;
RD-RN9PM-FUN-SIL;Redmi;Redmi Note 9 Pro Max;Funda;Silicona;2,50;;;
RD-RN9PM-FUN-TPU;Redmi;Redmi Note 9 Pro Max;Funda;Transparente;2,95;;;
RD-RN9PM-FUN-LIB;Redmi;Redmi Note 9 Pro Max;Funda;Libro;3,70;;;
RD-RN9PM-FUN-ANT;Redmi;Redmi Note 9 Pro Max;Funda;Antigolpes;3,10;;;
RD-RN9PM-PCA-NA;Redmi;Redmi Note 9 Pro Max;Protector de cámara;Cristal;2,90;;;
RD-RK30PZ-PRO-NA;Redmi;Redmi K30 Pro Zoom;Cristal templado;Estándar;1,30;;;
RD-RK30PZ-PRO-PRI;Redmi;Redmi K30 Pro Zoom;Cristal templado;Privacidad;4,00;;;
RD-RK30PZ-FUN-SIL;Redmi;Redmi K30 Pro Zoom;Funda;Silicona;2,50;;;
RD-RK30PZ-FUN-TPU;Redmi;Redmi K30 Pro Zoom;Funda;Transparente;2,95;;;
RD-RK30PZ-FUN-LIB;Redmi;Redmi K30 Pro Zoom;Funda;Libro;3,70;;;
RD-RK30PZ-FUN-ANT;Redmi;Redmi K30 Pro Zoom;Funda;Antigolpes;3,10;;;
RD-RK30PZ-PCA-NA;Redmi;Redmi K30 Pro Zoom;Protector de cámara;Cristal;2,90;;;
RD-RK30P-PRO-NA;Redmi;Redmi K30 Pro;Cristal templado;Estándar;1,30;;;
RD-RK30P-PRO-PRI;Redmi;Redmi K30 Pro;Cristal templado;Privacidad;4,00;;;
RD-RK30P-FUN-SIL;Redmi;Redmi K30 Pro;Funda;Silicona;2,50;;;
RD-RK30P-FUN-TPU;Redmi;Redmi K30 Pro;Funda;Transparente;2,95;;;
RD-RK30P-FUN-LIB;Redmi;Redmi K30 Pro;Funda;Libro;3,70;;;
RD-RK30P-FUN-ANT;Redmi;Redmi K30 Pro;Funda;Antigolpes;3,10;;;
RD-RK30P-PCA-NA;Redmi;Redmi K30 Pro;Protector de cámara;Cristal;2,90;;;
RD-R8AD-PRO-NA;Redmi;Redmi 8A Dual;Cristal templado;Estándar;1,30;;;
RD-R8AD-PRO-PRI;Redmi;Redmi 8A Dual;Cristal templado;Privacidad;4,00;;;
RD-R8AD-FUN-SIL;Redmi;Redmi 8A Dual;Funda;Silicona;2,50;;;
RD-R8AD-FUN-TPU;Redmi;Redmi 8A Dual;Funda;Transparente;2,95;;;
RD-R8AD-FUN-LIB;Redmi;Redmi 8A Dual;Funda;Libro;3,70;;;
RD-R8AD-FUN-ANT;Redmi;Redmi 8A Dual;Funda;Antigolpes;3,10;;;
RD-R8AD-PCA-NA;Redmi;Redmi 8A Dual;Protector de cámara;Cristal;2,90;;;
RD-RK305-PRO-NA;Redmi;Redmi K30 5G;Cristal templado;Estándar;1,30;;;
RD-RK305-PRO-PRI;Redmi;Redmi K30 5G;Cristal templado;Privacidad;4,00;;;
RD-RK305-FUN-SIL;Redmi;Redmi K30 5G;Funda;Silicona;2,50;;;
RD-RK305-FUN-TPU;Redmi;Redmi K30 5G;Funda;Transparente;2,95;;;
RD-RK305-FUN-LIB;Redmi;Redmi K30 5G;Funda;Libro;3,70;;;
RD-RK305-FUN-ANT;Redmi;Redmi K30 5G;Funda;Antigolpes;3,10;;;
RD-RK305-PCA-NA;Redmi;Redmi K30 5G;Protector de cámara;Cristal;2,90;;;
RD-RK30-PRO-NA;Redmi;Redmi K30;Cristal templado;Estándar;1,30;;;
RD-RK30-PRO-PRI;Redmi;Redmi K30;Cristal templado;Privacidad;4,00;;;
RD-RK30-FUN-SIL;Redmi;Redmi K30;Funda;Silicona;2,50;;;
RD-RK30-FUN-TPU;Redmi;Redmi K30;Funda;Transparente;2,95;;;
RD-RK30-FUN-LIB;Redmi;Redmi K30;Funda;Libro;3,70;;;
RD-RK30-FUN-ANT;Redmi;Redmi K30;Funda;Antigolpes;3,10;;;
RD-RK30-PCA-NA;Redmi;Redmi K30;Protector de cámara;Cristal;2,90;;;
RD-RK20PP-PRO-NA;Redmi;Redmi K20 Pro Premium;Cristal templado;Estándar;1,30;;;
RD-RK20PP-PRO-PRI;Redmi;Redmi K20 Pro Premium;Cristal templado;Privacidad;4,00;;;
RD-RK20PP-FUN-SIL;Redmi;Redmi K20 Pro Premium;Funda;Silicona;2,50;;;
RD-RK20PP-FUN-TPU;Redmi;Redmi K20 Pro Premium;Funda;Transparente;2,95;;;
RD-RK20PP-FUN-LIB;Redmi;Redmi K20 Pro Premium;Funda;Libro;3,70;;;
RD-RK20PP-FUN-ANT;Redmi;Redmi K20 Pro Premium;Funda;Antigolpes;3,10;;;
RD-RK20PP-PCA-NA;Redmi;Redmi K20 Pro Premium;Protector de cámara;Cristal;2,90;;;
RD-RY3-PRO-NA;Redmi;Redmi Y3;Cristal templado;Estándar;1,30;;;
RD-RY3-PRO-PRI;Redmi;Redmi Y3;Cristal templado;Privacidad;4,00;;;
RD-RY3-FUN-SIL;Redmi;Redmi Y3;Funda;Silicona;2,50;;;
RD-RY3-FUN-TPU;Redmi;Redmi Y3;Funda;Transparente;2,95;;;
RD-RY3-FUN-LIB;Redmi;Redmi Y3;Funda;Libro;3,70;;;
RD-RY3-FUN-ANT;Redmi;Redmi Y3;Funda;Antigolpes;3,10;;;
RD-RY3-PCA-NA;Redmi;Redmi Y3;Protector de cámara;Cristal;2,90;;;
RD-RN7P-PRO-NA;Redmi;Redmi Note 7 Pro;Cristal templado;Estándar;1,30;;;
RD-RN7P-PRO-PRI;Redmi;Redmi Note 7 Pro;Cristal templado;Privacidad;4,00;;;
RD-RN7P-FUN-SIL;Redmi;Redmi Note 7 Pro;Funda;Silicona;2,50;;;
RD-RN7P-FUN-TPU;Redmi;Redmi Note 7 Pro;Funda;Transparente;2,95;;;
RD-RN7P-FUN-LIB;Redmi;Redmi Note 7 Pro;Funda;Libro;3,70;;;
RD-RN7P-FUN-ANT;Redmi;Redmi Note 7 Pro;Funda;Antigolpes;3,10;;;
RD-RN7P-PCA-NA;Redmi;Redmi Note 7 Pro;Protector de cámara;Cristal;2,90;;;
RD-R4-PRO-NA;Redmi;Redmi 4;Cristal templado;Estándar;1,30;;;
RD-R4-PRO-PRI;Redmi;Redmi 4;Cristal templado;Privacidad;4,00;;;
RD-R4-FUN-SIL;Redmi;Redmi 4;Funda;Silicona;2,50;;;
RD-R4-FUN-TPU;Redmi;Redmi 4;Funda;Transparente;2,95;;;
RD-R4-FUN-LIB;Redmi;Redmi 4;Funda;Libro;3,70;;;
RD-R4-FUN-ANT;Redmi;Redmi 4;Funda;Antigolpes;3,10;;;
RD-REDMI4PR-PRO-NA;Redmi;Redmi 4 Pro;Cristal templado;Estándar;1,30;;;
RD-REDMI4PR-PRO-PRI;Redmi;Redmi 4 Pro;Cristal templado;Privacidad;4,00;;;
RD-REDMI4PR-FUN-SIL;Redmi;Redmi 4 Pro;Funda;Silicona;2,50;;;
RD-REDMI4PR-FUN-TPU;Redmi;Redmi 4 Pro;Funda;Transparente;2,95;;;
RD-REDMI4PR-FUN-LIB;Redmi;Redmi 4 Pro;Funda;Libro;3,70;;;
RD-REDMI4PR-FUN-ANT;Redmi;Redmi 4 Pro;Funda;Antigolpes;3,10;;;
RD-R4PP-PRO-NA;Redmi;Redmi 4 Pro Prime;Cristal templado;Estándar;1,30;;;
RD-R4PP-PRO-PRI;Redmi;Redmi 4 Pro Prime;Cristal templado;Privacidad;4,00;;;
RD-R4PP-FUN-SIL;Redmi;Redmi 4 Pro Prime;Funda;Silicona;2,50;;;
RD-R4PP-FUN-TPU;Redmi;Redmi 4 Pro Prime;Funda;Transparente;2,95;;;
RD-R4PP-FUN-LIB;Redmi;Redmi 4 Pro Prime;Funda;Libro;3,70;;;
RD-R4PP-FUN-ANT;Redmi;Redmi 4 Pro Prime;Funda;Antigolpes;3,10;;;
RD-R4P-PRO-NA;Redmi;Redmi 4 Prime;Cristal templado;Estándar;1,30;;;
RD-R4P-PRO-PRI;Redmi;Redmi 4 Prime;Cristal templado;Privacidad;4,00;;;
RD-R4P-FUN-SIL;Redmi;Redmi 4 Prime;Funda;Silicona;2,50;;;
RD-R4P-FUN-TPU;Redmi;Redmi 4 Prime;Funda;Transparente;2,95;;;
RD-R4P-FUN-LIB;Redmi;Redmi 4 Prime;Funda;Libro;3,70;;;
RD-R4P-FUN-ANT;Redmi;Redmi 4 Prime;Funda;Antigolpes;3,10;;;
RD-RP-PRO-NA;Redmi;Redmi Pro;Cristal templado;Estándar;1,30;;;
RD-RP-PRO-PRI;Redmi;Redmi Pro;Cristal templado;Privacidad;4,00;;;
RD-RP-FUN-SIL;Redmi;Redmi Pro;Funda;Silicona;2,50;;;
RD-RP-FUN-TPU;Redmi;Redmi Pro;Funda;Transparente;2,95;;;
RD-RP-FUN-LIB;Redmi;Redmi Pro;Funda;Libro;3,70;;;
RD-RP-FUN-ANT;Redmi;Redmi Pro;Funda;Antigolpes;3,10;;;
RD-R3X-PRO-NA;Redmi;Redmi 3X;Cristal templado;Estándar;1,30;;;
RD-R3X-PRO-PRI;Redmi;Redmi 3X;Cristal templado;Privacidad;4,00;;;
RD-R3X-FUN-SIL;Redmi;Redmi 3X;Funda;Silicona;2,50;;;
RD-R3X-FUN-TPU;Redmi;Redmi 3X;Funda;Transparente;2,95;;;
RD-R3X-FUN-LIB;Redmi;Redmi 3X;Funda;Libro;3,70;;;
RD-R3X-FUN-ANT;Redmi;Redmi 3X;Funda;Antigolpes;3,10;;;
RD-RN3HSE-PRO-NA;Redmi;Redmi Note 3 High Special Edition;Cristal templado;Estándar;1,30;;;
RD-RN3HSE-PRO-PRI;Redmi;Redmi Note 3 High Special Edition;Cristal templado;Privacidad;4,00;;;
RD-RN3HSE-FUN-SIL;Redmi;Redmi Note 3 High Special Edition;Funda;Silicona;2,50;;;
RD-RN3HSE-FUN-TPU;Redmi;Redmi Note 3 High Special Edition;Funda;Transparente;2,95;;;
RD-RN3HSE-FUN-LIB;Redmi;Redmi Note 3 High Special Edition;Funda;Libro;3,70;;;
RD-RN3HSE-FUN-ANT;Redmi;Redmi Note 3 High Special Edition;Funda;Antigolpes;3,10;;;
RD-REDMI3PR-PRO-NA;Redmi;Redmi 3 Pro;Cristal templado;Estándar;1,30;;;
RD-REDMI3PR-PRO-PRI;Redmi;Redmi 3 Pro;Cristal templado;Privacidad;4,00;;;
RD-REDMI3PR-FUN-SIL;Redmi;Redmi 3 Pro;Funda;Silicona;2,50;;;
RD-REDMI3PR-FUN-TPU;Redmi;Redmi 3 Pro;Funda;Transparente;2,95;;;
RD-REDMI3PR-FUN-LIB;Redmi;Redmi 3 Pro;Funda;Libro;3,70;;;
RD-REDMI3PR-FUN-ANT;Redmi;Redmi 3 Pro;Funda;Antigolpes;3,10;;;
RD-RN3P-PRO-NA;Redmi;Redmi Note 3 Pro;Cristal templado;Estándar;1,30;;;
RD-RN3P-PRO-PRI;Redmi;Redmi Note 3 Pro;Cristal templado;Privacidad;4,00;;;
RD-RN3P-FUN-SIL;Redmi;Redmi Note 3 Pro;Funda;Silicona;2,50;;;
RD-RN3P-FUN-TPU;Redmi;Redmi Note 3 Pro;Funda;Transparente;2,95;;;
RD-RN3P-FUN-LIB;Redmi;Redmi Note 3 Pro;Funda;Libro;3,70;;;
RD-RN3P-FUN-ANT;Redmi;Redmi Note 3 Pro;Funda;Antigolpes;3,10;;;
RD-R3-PRO-NA;Redmi;Redmi 3;Cristal templado;Estándar;1,30;;;
RD-R3-PRO-PRI;Redmi;Redmi 3;Cristal templado;Privacidad;4,00;;;
RD-R3-FUN-SIL;Redmi;Redmi 3;Funda;Silicona;2,50;;;
RD-R3-FUN-TPU;Redmi;Redmi 3;Funda;Transparente;2,95;;;
RD-R3-FUN-LIB;Redmi;Redmi 3;Funda;Libro;3,70;;;
RD-R3-FUN-ANT;Redmi;Redmi 3;Funda;Antigolpes;3,10;;;
RD-R3P-PRO-NA;Redmi;Redmi 3 Prime;Cristal templado;Estándar;1,30;;;
RD-R3P-PRO-PRI;Redmi;Redmi 3 Prime;Cristal templado;Privacidad;4,00;;;
RD-R3P-FUN-SIL;Redmi;Redmi 3 Prime;Funda;Silicona;2,50;;;
RD-R3P-FUN-TPU;Redmi;Redmi 3 Prime;Funda;Transparente;2,95;;;
RD-R3P-FUN-LIB;Redmi;Redmi 3 Prime;Funda;Libro;3,70;;;
RD-R3P-FUN-ANT;Redmi;Redmi 3 Prime;Funda;Antigolpes;3,10;;;
RD-RNP-PRO-NA;Redmi;Redmi Note Prime;Cristal templado;Estándar;1,30;;;
RD-RNP-PRO-PRI;Redmi;Redmi Note Prime;Cristal templado;Privacidad;4,00;;;
RD-RNP-FUN-SIL;Redmi;Redmi Note Prime;Funda;Silicona;2,50;;;
RD-RNP-FUN-TPU;Redmi;Redmi Note Prime;Funda;Transparente;2,95;;;
RD-RNP-FUN-LIB;Redmi;Redmi Note Prime;Funda;Libro;3,70;;;
RD-RNP-FUN-ANT;Redmi;Redmi Note Prime;Funda;Antigolpes;3,10;;;
RD-RN3-PRO-NA;Redmi;Redmi Note 3;Cristal templado;Estándar;1,30;;;
RD-RN3-PRO-PRI;Redmi;Redmi Note 3;Cristal templado;Privacidad;4,00;;;
RD-RN3-FUN-SIL;Redmi;Redmi Note 3;Funda;Silicona;2,50;;;
RD-RN3-FUN-TPU;Redmi;Redmi Note 3;Funda;Transparente;2,95;;;
RD-RN3-FUN-LIB;Redmi;Redmi Note 3;Funda;Libro;3,70;;;
RD-RN3-FUN-ANT;Redmi;Redmi Note 3;Funda;Antigolpes;3,10;;;
RD-REDMI2PR-PRO-NA;Redmi;Redmi 2 Pro;Cristal templado;Estándar;1,30;;;
RD-REDMI2PR-PRO-PRI;Redmi;Redmi 2 Pro;Cristal templado;Privacidad;4,00;;;
RD-REDMI2PR-FUN-SIL;Redmi;Redmi 2 Pro;Funda;Silicona;2,50;;;
RD-REDMI2PR-FUN-TPU;Redmi;Redmi 2 Pro;Funda;Transparente;2,95;;;
RD-REDMI2PR-FUN-LIB;Redmi;Redmi 2 Pro;Funda;Libro;3,70;;;
RD-REDMI2PR-FUN-ANT;Redmi;Redmi 2 Pro;Funda;Antigolpes;3,10;;;
RD-R2P-PRO-NA;Redmi;Redmi 2 Prime;Cristal templado;Estándar;1,30;;;
RD-R2P-PRO-PRI;Redmi;Redmi 2 Prime;Cristal templado;Privacidad;4,00;;;
RD-R2P-FUN-SIL;Redmi;Redmi 2 Prime;Funda;Silicona;2,50;;;
RD-R2P-FUN-TPU;Redmi;Redmi 2 Prime;Funda;Transparente;2,95;;;
RD-R2P-FUN-LIB;Redmi;Redmi 2 Prime;Funda;Libro;3,70;;;
RD-R2P-FUN-ANT;Redmi;Redmi 2 Prime;Funda;Antigolpes;3,10;;;
RD-R2AEE-PRO-NA;Redmi;Redmi 2A Enhanced Edition;Cristal templado;Estándar;1,30;;;
RD-R2AEE-PRO-PRI;Redmi;Redmi 2A Enhanced Edition;Cristal templado;Privacidad;4,00;;;
RD-R2AEE-FUN-SIL;Redmi;Redmi 2A Enhanced Edition;Funda;Silicona;2,50;;;
RD-R2AEE-FUN-TPU;Redmi;Redmi 2A Enhanced Edition;Funda;Transparente;2,95;;;
RD-R2AEE-FUN-LIB;Redmi;Redmi 2A Enhanced Edition;Funda;Libro;3,70;;;
RD-R2AEE-FUN-ANT;Redmi;Redmi 2A Enhanced Edition;Funda;Antigolpes;3,10;;;
RD-RN2-PRO-NA;Redmi;Redmi Note 2;Cristal templado;Estándar;1,30;;;
RD-RN2-PRO-PRI;Redmi;Redmi Note 2;Cristal templado;Privacidad;4,00;;;
RD-RN2-FUN-SIL;Redmi;Redmi Note 2;Funda;Silicona;2,50;;;
RD-RN2-FUN-TPU;Redmi;Redmi Note 2;Funda;Transparente;2,95;;;
RD-RN2-FUN-LIB;Redmi;Redmi Note 2;Funda;Libro;3,70;;;
RD-RN2-FUN-ANT;Redmi;Redmi Note 2;Funda;Antigolpes;3,10;;;
RD-RN2P-PRO-NA;Redmi;Redmi Note 2 Prime;Cristal templado;Estándar;1,30;;;
RD-RN2P-PRO-PRI;Redmi;Redmi Note 2 Prime;Cristal templado;Privacidad;4,00;;;
RD-RN2P-FUN-SIL;Redmi;Redmi Note 2 Prime;Funda;Silicona;2,50;;;
RD-RN2P-FUN-TPU;Redmi;Redmi Note 2 Prime;Funda;Transparente;2,95;;;
RD-RN2P-FUN-LIB;Redmi;Redmi Note 2 Prime;Funda;Libro;3,70;;;
RD-RN2P-FUN-ANT;Redmi;Redmi Note 2 Prime;Funda;Antigolpes;3,10;;;
RD-R2A-PRO-NA;Redmi;Redmi 2A;Cristal templado;Estándar;1,30;;;
RD-R2A-PRO-PRI;Redmi;Redmi 2A;Cristal templado;Privacidad;4,00;;;
RD-R2A-FUN-SIL;Redmi;Redmi 2A;Funda;Silicona;2,50;;;
RD-R2A-FUN-TPU;Redmi;Redmi 2A;Funda;Transparente;2,95;;;
RD-R2A-FUN-LIB;Redmi;Redmi 2A;Funda;Libro;3,70;;;
RD-R2A-FUN-ANT;Redmi;Redmi 2A;Funda;Antigolpes;3,10;;;
RD-R2-PRO-NA;Redmi;Redmi 2;Cristal templado;Estándar;1,30;;;
RD-R2-PRO-PRI;Redmi;Redmi 2;Cristal templado;Privacidad;4,00;;;
RD-R2-FUN-SIL;Redmi;Redmi 2;Funda;Silicona;2,50;;;
RD-R2-FUN-TPU;Redmi;Redmi 2;Funda;Transparente;2,95;;;
RD-R2-FUN-LIB;Redmi;Redmi 2;Funda;Libro;3,70;;;
RD-R2-FUN-ANT;Redmi;Redmi 2;Funda;Antigolpes;3,10;;;
RD-RN1S4-PRO-NA;Redmi;Redmi Note 1S 4G;Cristal templado;Estándar;1,30;;;
RD-RN1S4-PRO-PRI;Redmi;Redmi Note 1S 4G;Cristal templado;Privacidad;4,00;;;
RD-RN1S4-FUN-SIL;Redmi;Redmi Note 1S 4G;Funda;Silicona;2,50;;;
RD-RN1S4-FUN-TPU;Redmi;Redmi Note 1S 4G;Funda;Transparente;2,95;;;
RD-RN1S4-FUN-LIB;Redmi;Redmi Note 1S 4G;Funda;Libro;3,70;;;
RD-RN1S4-FUN-ANT;Redmi;Redmi Note 1S 4G;Funda;Antigolpes;3,10;;;
RD-R1S4-PRO-NA;Redmi;Redmi 1S 4G;Cristal templado;Estándar;1,30;;;
RD-R1S4-PRO-PRI;Redmi;Redmi 1S 4G;Cristal templado;Privacidad;4,00;;;
RD-R1S4-FUN-SIL;Redmi;Redmi 1S 4G;Funda;Silicona;2,50;;;
RD-R1S4-FUN-TPU;Redmi;Redmi 1S 4G;Funda;Transparente;2,95;;;
RD-R1S4-FUN-LIB;Redmi;Redmi 1S 4G;Funda;Libro;3,70;;;
RD-R1S4-FUN-ANT;Redmi;Redmi 1S 4G;Funda;Antigolpes;3,10;;;
RD-RN4-PRO-NA;Redmi;Redmi Note 4G;Cristal templado;Estándar;1,30;;;
RD-RN4-PRO-PRI;Redmi;Redmi Note 4G;Cristal templado;Privacidad;4,00;;;
RD-RN4-FUN-SIL;Redmi;Redmi Note 4G;Funda;Silicona;2,50;;;
RD-RN4-FUN-TPU;Redmi;Redmi Note 4G;Funda;Transparente;2,95;;;
RD-RN4-FUN-LIB;Redmi;Redmi Note 4G;Funda;Libro;3,70;;;
RD-RN4-FUN-ANT;Redmi;Redmi Note 4G;Funda;Antigolpes;3,10;;;
RD-RN-PRO-NA;Redmi;Redmi Note;Cristal templado;Estándar;1,30;;;
RD-RN-PRO-PRI;Redmi;Redmi Note;Cristal templado;Privacidad;4,00;;;
RD-RN-FUN-SIL;Redmi;Redmi Note;Funda;Silicona;2,50;;;
RD-RN-FUN-TPU;Redmi;Redmi Note;Funda;Transparente;2,95;;;
RD-RN-FUN-LIB;Redmi;Redmi Note;Funda;Libro;3,70;;;
RD-RN-FUN-ANT;Redmi;Redmi Note;Funda;Antigolpes;3,10;;;
RD-R1S-PRO-NA;Redmi;Redmi 1S;Cristal templado;Estándar;1,30;;;
RD-R1S-PRO-PRI;Redmi;Redmi 1S;Cristal templado;Privacidad;4,00;;;
RD-R1S-FUN-SIL;Redmi;Redmi 1S;Funda;Silicona;2,50;;;
RD-R1S-FUN-TPU;Redmi;Redmi 1S;Funda;Transparente;2,95;;;
RD-R1S-FUN-LIB;Redmi;Redmi 1S;Funda;Libro;3,70;;;
RD-R1S-FUN-ANT;Redmi;Redmi 1S;Funda;Antigolpes;3,10;;;
RD-R-PRO-NA;Redmi;Redmi;Cristal templado;Estándar;1,30;;;
RD-R-PRO-PRI;Redmi;Redmi;Cristal templado;Privacidad;4,00;;;
RD-R-FUN-SIL;Redmi;Redmi;Funda;Silicona;2,50;;;
RD-R-FUN-TPU;Redmi;Redmi;Funda;Transparente;2,95;;;
RD-R-FUN-LIB;Redmi;Redmi;Funda;Libro;3,70;;;
RD-R-FUN-ANT;Redmi;Redmi;Funda;Antigolpes;3,10;;;
RD-R3S-PRO-NA;Redmi;Redmi 3S;Cristal templado;Estándar;1,30;;;
RD-R3S-PRO-PRI;Redmi;Redmi 3S;Cristal templado;Privacidad;4,00;;;
RD-R3S-FUN-SIL;Redmi;Redmi 3S;Funda;Silicona;2,50;;;
RD-R3S-FUN-TPU;Redmi;Redmi 3S;Funda;Transparente;2,95;;;
RD-R3S-FUN-LIB;Redmi;Redmi 3S;Funda;Libro;3,70;;;
RD-R3S-FUN-ANT;Redmi;Redmi 3S;Funda;Antigolpes;3,10;;;
RD-R4A-PRO-NA;Redmi;Redmi 4A;Cristal templado;Estándar;1,30;;;
RD-R4A-PRO-PRI;Redmi;Redmi 4A;Cristal templado;Privacidad;4,00;;;
RD-R4A-FUN-SIL;Redmi;Redmi 4A;Funda;Silicona;2,50;;;
RD-R4A-FUN-TPU;Redmi;Redmi 4A;Funda;Transparente;2,95;;;
RD-R4A-FUN-LIB;Redmi;Redmi 4A;Funda;Libro;3,70;;;
RD-R4A-FUN-ANT;Redmi;Redmi 4A;Funda;Antigolpes;3,10;;;
RD-REDMINOT-PRO-NA;Redmi;Redmi Note 4;Cristal templado;Estándar;1,30;;;
RD-REDMINOT-PRO-PRI;Redmi;Redmi Note 4;Cristal templado;Privacidad;4,00;;;
RD-REDMINOT-FUN-SIL;Redmi;Redmi Note 4;Funda;Silicona;2,50;;;
RD-REDMINOT-FUN-TPU;Redmi;Redmi Note 4;Funda;Transparente;2,95;;;
RD-REDMINOT-FUN-LIB;Redmi;Redmi Note 4;Funda;Libro;3,70;;;
RD-REDMINOT-FUN-ANT;Redmi;Redmi Note 4;Funda;Antigolpes;3,10;;;
RD-R4X-PRO-NA;Redmi;Redmi 4X;Cristal templado;Estándar;1,30;;;
RD-R4X-PRO-PRI;Redmi;Redmi 4X;Cristal templado;Privacidad;4,00;;;
RD-R4X-FUN-SIL;Redmi;Redmi 4X;Funda;Silicona;2,50;;;
RD-R4X-FUN-TPU;Redmi;Redmi 4X;Funda;Transparente;2,95;;;
RD-R4X-FUN-LIB;Redmi;Redmi 4X;Funda;Libro;3,70;;;
RD-R4X-FUN-ANT;Redmi;Redmi 4X;Funda;Antigolpes;3,10;;;
RD-RN5AP-PRO-NA;Redmi;Redmi Note 5A Prime;Cristal templado;Estándar;1,30;;;
RD-RN5AP-PRO-PRI;Redmi;Redmi Note 5A Prime;Cristal templado;Privacidad;4,00;;;
RD-RN5AP-FUN-SIL;Redmi;Redmi Note 5A Prime;Funda;Silicona;2,50;;;
RD-RN5AP-FUN-TPU;Redmi;Redmi Note 5A Prime;Funda;Transparente;2,95;;;
RD-RN5AP-FUN-LIB;Redmi;Redmi Note 5A Prime;Funda;Libro;3,70;;;
RD-RN5AP-FUN-ANT;Redmi;Redmi Note 5A Prime;Funda;Antigolpes;3,10;;;
RD-RN5A-PRO-NA;Redmi;Redmi Note 5A;Cristal templado;Estándar;1,30;;;
RD-RN5A-PRO-PRI;Redmi;Redmi Note 5A;Cristal templado;Privacidad;4,00;;;
RD-RN5A-FUN-SIL;Redmi;Redmi Note 5A;Funda;Silicona;2,50;;;
RD-RN5A-FUN-TPU;Redmi;Redmi Note 5A;Funda;Transparente;2,95;;;
RD-RN5A-FUN-LIB;Redmi;Redmi Note 5A;Funda;Libro;3,70;;;
RD-RN5A-FUN-ANT;Redmi;Redmi Note 5A;Funda;Antigolpes;3,10;;;
RD-R5-PRO-NA;Redmi;Redmi 5;Cristal templado;Estándar;1,30;;;
RD-R5-PRO-PRI;Redmi;Redmi 5;Cristal templado;Privacidad;4,00;;;
RD-R5-FUN-SIL;Redmi;Redmi 5;Funda;Silicona;2,50;;;
RD-R5-FUN-TPU;Redmi;Redmi 5;Funda;Transparente;2,95;;;
RD-R5-FUN-LIB;Redmi;Redmi 5;Funda;Libro;3,70;;;
RD-R5-FUN-ANT;Redmi;Redmi 5;Funda;Antigolpes;3,10;;;
RD-R5A-PRO-NA;Redmi;Redmi 5A;Cristal templado;Estándar;1,30;;;
RD-R5A-PRO-PRI;Redmi;Redmi 5A;Cristal templado;Privacidad;4,00;;;
RD-R5A-FUN-SIL;Redmi;Redmi 5A;Funda;Silicona;2,50;;;
RD-R5A-FUN-TPU;Redmi;Redmi 5A;Funda;Transparente;2,95;;;
RD-R5A-FUN-LIB;Redmi;Redmi 5A;Funda;Libro;3,70;;;
RD-R5A-FUN-ANT;Redmi;Redmi 5A;Funda;Antigolpes;3,10;;;
RD-R5PL-PRO-NA;Redmi;Redmi 5 Plus;Cristal templado;Estándar;1,30;;;
RD-R5PL-PRO-PRI;Redmi;Redmi 5 Plus;Cristal templado;Privacidad;4,00;;;
RD-R5PL-FUN-SIL;Redmi;Redmi 5 Plus;Funda;Silicona;2,50;;;
RD-R5PL-FUN-TPU;Redmi;Redmi 5 Plus;Funda;Transparente;2,95;;;
RD-R5PL-FUN-LIB;Redmi;Redmi 5 Plus;Funda;Libro;3,70;;;
RD-R5PL-FUN-ANT;Redmi;Redmi 5 Plus;Funda;Antigolpes;3,10;;;
RD-RN5-PRO-NA;Redmi;Redmi Note 5;Cristal templado;Estándar;1,30;;;
RD-RN5-PRO-PRI;Redmi;Redmi Note 5;Cristal templado;Privacidad;4,00;;;
RD-RN5-FUN-SIL;Redmi;Redmi Note 5;Funda;Silicona;2,50;;;
RD-RN5-FUN-TPU;Redmi;Redmi Note 5;Funda;Transparente;2,95;;;
RD-RN5-FUN-LIB;Redmi;Redmi Note 5;Funda;Libro;3,70;;;
RD-RN5-FUN-ANT;Redmi;Redmi Note 5;Funda;Antigolpes;3,10;;;
RD-RS2-PRO-NA;Redmi;Redmi S2;Cristal templado;Estándar;1,30;;;
RD-RS2-PRO-PRI;Redmi;Redmi S2;Cristal templado;Privacidad;4,00;;;
RD-RS2-FUN-SIL;Redmi;Redmi S2;Funda;Silicona;2,50;;;
RD-RS2-FUN-TPU;Redmi;Redmi S2;Funda;Transparente;2,95;;;
RD-RS2-FUN-LIB;Redmi;Redmi S2;Funda;Libro;3,70;;;
RD-RS2-FUN-ANT;Redmi;Redmi S2;Funda;Antigolpes;3,10;;;
RD-R6-PRO-NA;Redmi;Redmi 6;Cristal templado;Estándar;1,30;;;
RD-R6-PRO-PRI;Redmi;Redmi 6;Cristal templado;Privacidad;4,00;;;
RD-R6-FUN-SIL;Redmi;Redmi 6;Funda;Silicona;2,50;;;
RD-R6-FUN-TPU;Redmi;Redmi 6;Funda;Transparente;2,95;;;
RD-R6-FUN-LIB;Redmi;Redmi 6;Funda;Libro;3,70;;;
RD-R6-FUN-ANT;Redmi;Redmi 6;Funda;Antigolpes;3,10;;;
RD-R6A-PRO-NA;Redmi;Redmi 6A;Cristal templado;Estándar;1,30;;;
RD-R6A-PRO-PRI;Redmi;Redmi 6A;Cristal templado;Privacidad;4,00;;;
RD-R6A-FUN-SIL;Redmi;Redmi 6A;Funda;Silicona;2,50;;;
RD-R6A-FUN-TPU;Redmi;Redmi 6A;Funda;Transparente;2,95;;;
RD-R6A-FUN-LIB;Redmi;Redmi 6A;Funda;Libro;3,70;;;
RD-R6A-FUN-ANT;Redmi;Redmi 6A;Funda;Antigolpes;3,10;;;
RD-RN6P-PRO-NA;Redmi;Redmi Note 6 Pro;Cristal templado;Estándar;1,30;;;
RD-RN6P-PRO-PRI;Redmi;Redmi Note 6 Pro;Cristal templado;Privacidad;4,00;;;
RD-RN6P-FUN-SIL;Redmi;Redmi Note 6 Pro;Funda;Silicona;2,50;;;
RD-RN6P-FUN-TPU;Redmi;Redmi Note 6 Pro;Funda;Transparente;2,95;;;
RD-RN6P-FUN-LIB;Redmi;Redmi Note 6 Pro;Funda;Libro;3,70;;;
RD-RN6P-FUN-ANT;Redmi;Redmi Note 6 Pro;Funda;Antigolpes;3,10;;;
RD-RGO-PRO-NA;Redmi;Redmi Go;Cristal templado;Estándar;1,30;;;
RD-RGO-PRO-PRI;Redmi;Redmi Go;Cristal templado;Privacidad;4,00;;;
RD-RGO-FUN-SIL;Redmi;Redmi Go;Funda;Silicona;2,50;;;
RD-RGO-FUN-TPU;Redmi;Redmi Go;Funda;Transparente;2,95;;;
RD-RGO-FUN-LIB;Redmi;Redmi Go;Funda;Libro;3,70;;;
RD-RGO-FUN-ANT;Redmi;Redmi Go;Funda;Antigolpes;3,10;;;
RD-RN7-PRO-NA;Redmi;Redmi Note 7;Cristal templado;Estándar;1,30;;;
RD-RN7-PRO-PRI;Redmi;Redmi Note 7;Cristal templado;Privacidad;4,00;;;
RD-RN7-FUN-SIL;Redmi;Redmi Note 7;Funda;Silicona;2,50;;;
RD-RN7-FUN-TPU;Redmi;Redmi Note 7;Funda;Transparente;2,95;;;
RD-RN7-FUN-LIB;Redmi;Redmi Note 7;Funda;Libro;3,70;;;
RD-RN7-FUN-ANT;Redmi;Redmi Note 7;Funda;Antigolpes;3,10;;;
RD-RN7-PCA-NA;Redmi;Redmi Note 7;Protector de cámara;Cristal;2,90;;;
RD-R7-PRO-NA;Redmi;Redmi 7;Cristal templado;Estándar;1,30;;;
RD-R7-PRO-PRI;Redmi;Redmi 7;Cristal templado;Privacidad;4,00;;;
RD-R7-FUN-SIL;Redmi;Redmi 7;Funda;Silicona;2,50;;;
RD-R7-FUN-TPU;Redmi;Redmi 7;Funda;Transparente;2,95;;;
RD-R7-FUN-LIB;Redmi;Redmi 7;Funda;Libro;3,70;;;
RD-R7-FUN-ANT;Redmi;Redmi 7;Funda;Antigolpes;3,10;;;
RD-R7-PCA-NA;Redmi;Redmi 7;Protector de cámara;Cristal;2,90;;;
RD-R7A-PRO-NA;Redmi;Redmi 7A;Cristal templado;Estándar;1,30;;;
RD-R7A-PRO-PRI;Redmi;Redmi 7A;Cristal templado;Privacidad;4,00;;;
RD-R7A-FUN-SIL;Redmi;Redmi 7A;Funda;Silicona;2,50;;;
RD-R7A-FUN-TPU;Redmi;Redmi 7A;Funda;Transparente;2,95;;;
RD-R7A-FUN-LIB;Redmi;Redmi 7A;Funda;Libro;3,70;;;
RD-R7A-FUN-ANT;Redmi;Redmi 7A;Funda;Antigolpes;3,10;;;
RD-R13C5-PRO-NA;Redmi;Redmi 13C 5G;Cristal templado;Estándar;1,30;;;
RD-R13C5-PRO-PRI;Redmi;Redmi 13C 5G;Cristal templado;Privacidad;4,00;;;
RD-R13C5-FUN-SIL;Redmi;Redmi 13C 5G;Funda;Silicona;2,50;;;
RD-R13C5-FUN-TPU;Redmi;Redmi 13C 5G;Funda;Transparente;2,95;;;
RD-R13C5-FUN-LIB;Redmi;Redmi 13C 5G;Funda;Libro;3,70;;;
RD-R13C5-FUN-ANT;Redmi;Redmi 13C 5G;Funda;Antigolpes;3,10;;;
RD-R8-MAR-COM;Redmi;Redmi 8;Marco / chasis;Compatible;7,50;;;6
RD-R8-BOT-COM;Redmi;Redmi 8;Botones laterales;Compatible;1,79;;;6
RD-R8-CRI-COM;Redmi;Redmi 8;Cristal de pantalla;Compatible;2,85;;;6
RD-R8-FPR-COM;Redmi;Redmi 8;Flex principal;Compatible;2,25;;;6
RD-R8-VIB-COM;Redmi;Redmi 8;Vibrador;Compatible;1,79;;;6
RD-R8-ANT-COM;Redmi;Redmi 8;Antena / coaxial;Compatible;2,09;;;6
RD-R8-HUE-COM;Redmi;Redmi 8;Botón home / huella;Compatible;4,75;;;6
RD-R8A-MAR-COM;Redmi;Redmi 8A;Marco / chasis;Compatible;7,50;;;6
RD-R8A-BOT-COM;Redmi;Redmi 8A;Botones laterales;Compatible;1,79;;;6
RD-R8A-CRI-COM;Redmi;Redmi 8A;Cristal de pantalla;Compatible;2,85;;;6
RD-R8A-FPR-COM;Redmi;Redmi 8A;Flex principal;Compatible;2,25;;;6
RD-R8A-VIB-COM;Redmi;Redmi 8A;Vibrador;Compatible;1,79;;;6
RD-R8A-ANT-COM;Redmi;Redmi 8A;Antena / coaxial;Compatible;2,09;;;6
RD-R8A-HUE-COM;Redmi;Redmi 8A;Botón home / huella;Compatible;4,75;;;6
RD-R9-MAR-COM;Redmi;Redmi 9;Marco / chasis;Compatible;8,35;;;6
RD-R9-BOT-COM;Redmi;Redmi 9;Botones laterales;Compatible;1,99;;;6
RD-R9-CRI-COM;Redmi;Redmi 9;Cristal de pantalla;Compatible;3,15;;;6
RD-R9-FPR-COM;Redmi;Redmi 9;Flex principal;Compatible;2,50;;;6
RD-R9-VIB-COM;Redmi;Redmi 9;Vibrador;Compatible;1,99;;;6
RD-R9-ANT-COM;Redmi;Redmi 9;Antena / coaxial;Compatible;2,30;;;6
RD-R9-HUE-COM;Redmi;Redmi 9;Botón home / huella;Compatible;5,29;;;6
RD-R9A-MAR-COM;Redmi;Redmi 9A;Marco / chasis;Compatible;8,35;;;6
RD-R9A-BOT-COM;Redmi;Redmi 9A;Botones laterales;Compatible;1,99;;;6
RD-R9A-CRI-COM;Redmi;Redmi 9A;Cristal de pantalla;Compatible;3,15;;;6
RD-R9A-FPR-COM;Redmi;Redmi 9A;Flex principal;Compatible;2,50;;;6
RD-R9A-VIB-COM;Redmi;Redmi 9A;Vibrador;Compatible;1,99;;;6
RD-R9A-ANT-COM;Redmi;Redmi 9A;Antena / coaxial;Compatible;2,30;;;6
RD-R9A-HUE-COM;Redmi;Redmi 9A;Botón home / huella;Compatible;5,29;;;6
RD-R9C-MAR-COM;Redmi;Redmi 9C;Marco / chasis;Compatible;8,35;;;6
RD-R9C-BOT-COM;Redmi;Redmi 9C;Botones laterales;Compatible;1,99;;;6
RD-R9C-CRI-COM;Redmi;Redmi 9C;Cristal de pantalla;Compatible;3,15;;;6
RD-R9C-FPR-COM;Redmi;Redmi 9C;Flex principal;Compatible;2,50;;;6
RD-R9C-VIB-COM;Redmi;Redmi 9C;Vibrador;Compatible;1,99;;;6
RD-R9C-ANT-COM;Redmi;Redmi 9C;Antena / coaxial;Compatible;2,30;;;6
RD-R9C-HUE-COM;Redmi;Redmi 9C;Botón home / huella;Compatible;5,29;;;6
RD-R9CNFC-MAR-COM;Redmi;Redmi 9C NFC;Marco / chasis;Compatible;8,35;;;6
RD-R9CNFC-BOT-COM;Redmi;Redmi 9C NFC;Botones laterales;Compatible;1,99;;;6
RD-R9CNFC-CRI-COM;Redmi;Redmi 9C NFC;Cristal de pantalla;Compatible;3,15;;;6
RD-R9CNFC-FPR-COM;Redmi;Redmi 9C NFC;Flex principal;Compatible;2,50;;;6
RD-R9CNFC-VIB-COM;Redmi;Redmi 9C NFC;Vibrador;Compatible;1,99;;;6
RD-R9CNFC-ANT-COM;Redmi;Redmi 9C NFC;Antena / coaxial;Compatible;2,30;;;6
RD-R9CNFC-HUE-COM;Redmi;Redmi 9C NFC;Botón home / huella;Compatible;5,29;;;6
RD-R9T-MAR-COM;Redmi;Redmi 9T;Marco / chasis;Compatible;8,35;;;6
RD-R9T-BOT-COM;Redmi;Redmi 9T;Botones laterales;Compatible;1,99;;;6
RD-R9T-CRI-COM;Redmi;Redmi 9T;Cristal de pantalla;Compatible;3,15;;;6
RD-R9T-FPR-COM;Redmi;Redmi 9T;Flex principal;Compatible;2,50;;;6
RD-R9T-VIB-COM;Redmi;Redmi 9T;Vibrador;Compatible;1,99;;;6
RD-R9T-ANT-COM;Redmi;Redmi 9T;Antena / coaxial;Compatible;2,30;;;6
RD-R9T-HUE-COM;Redmi;Redmi 9T;Botón home / huella;Compatible;5,29;;;6
RD-R10-MAR-COM;Redmi;Redmi 10;Marco / chasis;Compatible;8,35;;;6
RD-R10-BOT-COM;Redmi;Redmi 10;Botones laterales;Compatible;1,99;;;6
RD-R10-CRI-COM;Redmi;Redmi 10;Cristal de pantalla;Compatible;3,15;;;6
RD-R10-FPR-COM;Redmi;Redmi 10;Flex principal;Compatible;2,50;;;6
RD-R10-VIB-COM;Redmi;Redmi 10;Vibrador;Compatible;1,99;;;6
RD-R10-ANT-COM;Redmi;Redmi 10;Antena / coaxial;Compatible;2,30;;;6
RD-R10-HUE-COM;Redmi;Redmi 10;Botón home / huella;Compatible;5,29;;;6
RD-R1022-MAR-COM;Redmi;Redmi 10 2022;Marco / chasis;Compatible;8,35;;;6
RD-R1022-BOT-COM;Redmi;Redmi 10 2022;Botones laterales;Compatible;1,99;;;6
RD-R1022-CRI-COM;Redmi;Redmi 10 2022;Cristal de pantalla;Compatible;3,15;;;6
RD-R1022-FPR-COM;Redmi;Redmi 10 2022;Flex principal;Compatible;2,50;;;6
RD-R1022-VIB-COM;Redmi;Redmi 10 2022;Vibrador;Compatible;1,99;;;6
RD-R1022-ANT-COM;Redmi;Redmi 10 2022;Antena / coaxial;Compatible;2,30;;;6
RD-R1022-HUE-COM;Redmi;Redmi 10 2022;Botón home / huella;Compatible;5,29;;;6
RD-R10A-MAR-COM;Redmi;Redmi 10A;Marco / chasis;Compatible;8,35;;;6
RD-R10A-BOT-COM;Redmi;Redmi 10A;Botones laterales;Compatible;1,99;;;6
RD-R10A-CRI-COM;Redmi;Redmi 10A;Cristal de pantalla;Compatible;3,15;;;6
RD-R10A-FPR-COM;Redmi;Redmi 10A;Flex principal;Compatible;2,50;;;6
RD-R10A-VIB-COM;Redmi;Redmi 10A;Vibrador;Compatible;1,99;;;6
RD-R10A-ANT-COM;Redmi;Redmi 10A;Antena / coaxial;Compatible;2,30;;;6
RD-R10A-HUE-COM;Redmi;Redmi 10A;Botón home / huella;Compatible;5,29;;;6
RD-R10C-MAR-COM;Redmi;Redmi 10C;Marco / chasis;Compatible;8,35;;;6
RD-R10C-BOT-COM;Redmi;Redmi 10C;Botones laterales;Compatible;1,99;;;6
RD-R10C-CRI-COM;Redmi;Redmi 10C;Cristal de pantalla;Compatible;3,15;;;6
RD-R10C-FPR-COM;Redmi;Redmi 10C;Flex principal;Compatible;2,50;;;6
RD-R10C-VIB-COM;Redmi;Redmi 10C;Vibrador;Compatible;1,99;;;6
RD-R10C-ANT-COM;Redmi;Redmi 10C;Antena / coaxial;Compatible;2,30;;;6
RD-R10C-HUE-COM;Redmi;Redmi 10C;Botón home / huella;Compatible;5,29;;;6
RD-R105-MAR-COM;Redmi;Redmi 10 5G;Marco / chasis;Compatible;8,35;;;6
RD-R105-BOT-COM;Redmi;Redmi 10 5G;Botones laterales;Compatible;1,99;;;6
RD-R105-CRI-COM;Redmi;Redmi 10 5G;Cristal de pantalla;Compatible;3,15;;;6
RD-R105-FPR-COM;Redmi;Redmi 10 5G;Flex principal;Compatible;2,50;;;6
RD-R105-VIB-COM;Redmi;Redmi 10 5G;Vibrador;Compatible;1,99;;;6
RD-R105-ANT-COM;Redmi;Redmi 10 5G;Antena / coaxial;Compatible;2,30;;;6
RD-R105-HUE-COM;Redmi;Redmi 10 5G;Botón home / huella;Compatible;5,29;;;6
RD-R12C-MAR-COM;Redmi;Redmi 12C;Marco / chasis;Compatible;8,35;;;6
RD-R12C-BOT-COM;Redmi;Redmi 12C;Botones laterales;Compatible;1,99;;;6
RD-R12C-CRI-COM;Redmi;Redmi 12C;Cristal de pantalla;Compatible;3,15;;;6
RD-R12C-FPR-COM;Redmi;Redmi 12C;Flex principal;Compatible;2,50;;;6
RD-R12C-VIB-COM;Redmi;Redmi 12C;Vibrador;Compatible;1,99;;;6
RD-R12C-ANT-COM;Redmi;Redmi 12C;Antena / coaxial;Compatible;2,30;;;6
RD-R12C-HUE-COM;Redmi;Redmi 12C;Botón home / huella;Compatible;5,29;;;6
RD-R12-MAR-COM;Redmi;Redmi 12;Marco / chasis;Compatible;8,35;;;6
RD-R12-BOT-COM;Redmi;Redmi 12;Botones laterales;Compatible;1,99;;;6
RD-R12-CRI-COM;Redmi;Redmi 12;Cristal de pantalla;Compatible;3,15;;;6
RD-R12-FPR-COM;Redmi;Redmi 12;Flex principal;Compatible;2,50;;;6
RD-R12-VIB-COM;Redmi;Redmi 12;Vibrador;Compatible;1,99;;;6
RD-R12-ANT-COM;Redmi;Redmi 12;Antena / coaxial;Compatible;2,30;;;6
RD-R12-HUE-COM;Redmi;Redmi 12;Botón home / huella;Compatible;5,29;;;6
RD-R125-MAR-COM;Redmi;Redmi 12 5G;Marco / chasis;Compatible;8,35;;;6
RD-R125-BOT-COM;Redmi;Redmi 12 5G;Botones laterales;Compatible;1,99;;;6
RD-R125-CRI-COM;Redmi;Redmi 12 5G;Cristal de pantalla;Compatible;3,15;;;6
RD-R125-FPR-COM;Redmi;Redmi 12 5G;Flex principal;Compatible;2,50;;;6
RD-R125-VIB-COM;Redmi;Redmi 12 5G;Vibrador;Compatible;1,99;;;6
RD-R125-ANT-COM;Redmi;Redmi 12 5G;Antena / coaxial;Compatible;2,30;;;6
RD-R125-HUE-COM;Redmi;Redmi 12 5G;Botón home / huella;Compatible;5,29;;;6
RD-R13C-MAR-COM;Redmi;Redmi 13C;Marco / chasis;Compatible;8,35;;;6
RD-R13C-BOT-COM;Redmi;Redmi 13C;Botones laterales;Compatible;1,99;;;6
RD-R13C-CRI-COM;Redmi;Redmi 13C;Cristal de pantalla;Compatible;3,15;;;6
RD-R13C-FPR-COM;Redmi;Redmi 13C;Flex principal;Compatible;2,50;;;6
RD-R13C-VIB-COM;Redmi;Redmi 13C;Vibrador;Compatible;1,99;;;6
RD-R13C-ANT-COM;Redmi;Redmi 13C;Antena / coaxial;Compatible;2,30;;;6
RD-R13C-HUE-COM;Redmi;Redmi 13C;Botón home / huella;Compatible;5,29;;;6
RD-R13-MAR-COM;Redmi;Redmi 13;Marco / chasis;Compatible;9,20;;;6
RD-R13-BOT-COM;Redmi;Redmi 13;Botones laterales;Compatible;2,15;;;6
RD-R13-CRI-COM;Redmi;Redmi 13;Cristal de pantalla;Compatible;3,45;;;6
RD-R13-FPR-COM;Redmi;Redmi 13;Flex principal;Compatible;2,75;;;6
RD-R13-VIB-COM;Redmi;Redmi 13;Vibrador;Compatible;2,15;;;6
RD-R13-ANT-COM;Redmi;Redmi 13;Antena / coaxial;Compatible;2,55;;;6
RD-R13-HUE-COM;Redmi;Redmi 13;Botón home / huella;Compatible;5,80;;;6
RD-R14C-MAR-COM;Redmi;Redmi 14C;Marco / chasis;Compatible;9,20;;;6
RD-R14C-BOT-COM;Redmi;Redmi 14C;Botones laterales;Compatible;2,15;;;6
RD-R14C-CRI-COM;Redmi;Redmi 14C;Cristal de pantalla;Compatible;3,45;;;6
RD-R14C-FPR-COM;Redmi;Redmi 14C;Flex principal;Compatible;2,75;;;6
RD-R14C-VIB-COM;Redmi;Redmi 14C;Vibrador;Compatible;2,15;;;6
RD-R14C-ANT-COM;Redmi;Redmi 14C;Antena / coaxial;Compatible;2,55;;;6
RD-R14C-HUE-COM;Redmi;Redmi 14C;Botón home / huella;Compatible;5,80;;;6
RD-R15-MAR-COM;Redmi;Redmi 15;Marco / chasis;Compatible;9,20;;;6
RD-R15-BOT-COM;Redmi;Redmi 15;Botones laterales;Compatible;2,15;;;6
RD-R15-CRI-COM;Redmi;Redmi 15;Cristal de pantalla;Compatible;3,45;;;6
RD-R15-FPR-COM;Redmi;Redmi 15;Flex principal;Compatible;2,75;;;6
RD-R15-VIB-COM;Redmi;Redmi 15;Vibrador;Compatible;2,15;;;6
RD-R15-ANT-COM;Redmi;Redmi 15;Antena / coaxial;Compatible;2,55;;;6
RD-R15-HUE-COM;Redmi;Redmi 15;Botón home / huella;Compatible;5,80;;;6
RD-R155-MAR-COM;Redmi;Redmi 15 5G;Marco / chasis;Compatible;9,20;;;6
RD-R155-BOT-COM;Redmi;Redmi 15 5G;Botones laterales;Compatible;2,15;;;6
RD-R155-CRI-COM;Redmi;Redmi 15 5G;Cristal de pantalla;Compatible;3,45;;;6
RD-R155-FPR-COM;Redmi;Redmi 15 5G;Flex principal;Compatible;2,75;;;6
RD-R155-VIB-COM;Redmi;Redmi 15 5G;Vibrador;Compatible;2,15;;;6
RD-R155-ANT-COM;Redmi;Redmi 15 5G;Antena / coaxial;Compatible;2,55;;;6
RD-R155-HUE-COM;Redmi;Redmi 15 5G;Botón home / huella;Compatible;5,80;;;6
RD-R15C-MAR-COM;Redmi;Redmi 15C;Marco / chasis;Compatible;9,20;;;6
RD-R15C-BOT-COM;Redmi;Redmi 15C;Botones laterales;Compatible;2,15;;;6
RD-R15C-CRI-COM;Redmi;Redmi 15C;Cristal de pantalla;Compatible;3,45;;;6
RD-R15C-FPR-COM;Redmi;Redmi 15C;Flex principal;Compatible;2,75;;;6
RD-R15C-VIB-COM;Redmi;Redmi 15C;Vibrador;Compatible;2,15;;;6
RD-R15C-ANT-COM;Redmi;Redmi 15C;Antena / coaxial;Compatible;2,55;;;6
RD-R15C-HUE-COM;Redmi;Redmi 15C;Botón home / huella;Compatible;5,80;;;6
RD-R15C5-MAR-COM;Redmi;Redmi 15C 5G;Marco / chasis;Compatible;9,20;;;6
RD-R15C5-BOT-COM;Redmi;Redmi 15C 5G;Botones laterales;Compatible;2,15;;;6
RD-R15C5-CRI-COM;Redmi;Redmi 15C 5G;Cristal de pantalla;Compatible;3,45;;;6
RD-R15C5-FPR-COM;Redmi;Redmi 15C 5G;Flex principal;Compatible;2,75;;;6
RD-R15C5-VIB-COM;Redmi;Redmi 15C 5G;Vibrador;Compatible;2,15;;;6
RD-R15C5-ANT-COM;Redmi;Redmi 15C 5G;Antena / coaxial;Compatible;2,55;;;6
RD-R15C5-HUE-COM;Redmi;Redmi 15C 5G;Botón home / huella;Compatible;5,80;;;6
RD-R17-MAR-COM;Redmi;Redmi 17;Marco / chasis;Compatible;9,20;;;6
RD-R17-BOT-COM;Redmi;Redmi 17;Botones laterales;Compatible;2,15;;;6
RD-R17-CRI-COM;Redmi;Redmi 17;Cristal de pantalla;Compatible;3,45;;;6
RD-R17-FPR-COM;Redmi;Redmi 17;Flex principal;Compatible;2,75;;;6
RD-R17-VIB-COM;Redmi;Redmi 17;Vibrador;Compatible;2,15;;;6
RD-R17-ANT-COM;Redmi;Redmi 17;Antena / coaxial;Compatible;2,55;;;6
RD-R17-HUE-COM;Redmi;Redmi 17;Botón home / huella;Compatible;5,80;;;6
RD-R175-MAR-COM;Redmi;Redmi 17 5G;Marco / chasis;Compatible;9,20;;;6
RD-R175-BOT-COM;Redmi;Redmi 17 5G;Botones laterales;Compatible;2,15;;;6
RD-R175-CRI-COM;Redmi;Redmi 17 5G;Cristal de pantalla;Compatible;3,45;;;6
RD-R175-FPR-COM;Redmi;Redmi 17 5G;Flex principal;Compatible;2,75;;;6
RD-R175-VIB-COM;Redmi;Redmi 17 5G;Vibrador;Compatible;2,15;;;6
RD-R175-ANT-COM;Redmi;Redmi 17 5G;Antena / coaxial;Compatible;2,55;;;6
RD-R175-HUE-COM;Redmi;Redmi 17 5G;Botón home / huella;Compatible;5,80;;;6
RD-R17C5-MAR-COM;Redmi;Redmi 17C 5G;Marco / chasis;Compatible;9,20;;;6
RD-R17C5-BOT-COM;Redmi;Redmi 17C 5G;Botones laterales;Compatible;2,15;;;6
RD-R17C5-CRI-COM;Redmi;Redmi 17C 5G;Cristal de pantalla;Compatible;3,45;;;6
RD-R17C5-FPR-COM;Redmi;Redmi 17C 5G;Flex principal;Compatible;2,75;;;6
RD-R17C5-VIB-COM;Redmi;Redmi 17C 5G;Vibrador;Compatible;2,15;;;6
RD-R17C5-ANT-COM;Redmi;Redmi 17C 5G;Antena / coaxial;Compatible;2,55;;;6
RD-R17C5-HUE-COM;Redmi;Redmi 17C 5G;Botón home / huella;Compatible;5,80;;;6
RD-RA1-MAR-COM;Redmi;Redmi A1;Marco / chasis;Compatible;8,35;;;6
RD-RA1-BOT-COM;Redmi;Redmi A1;Botones laterales;Compatible;1,99;;;6
RD-RA1-CRI-COM;Redmi;Redmi A1;Cristal de pantalla;Compatible;3,15;;;6
RD-RA1-FPR-COM;Redmi;Redmi A1;Flex principal;Compatible;2,50;;;6
RD-RA1-VIB-COM;Redmi;Redmi A1;Vibrador;Compatible;1,99;;;6
RD-RA1-ANT-COM;Redmi;Redmi A1;Antena / coaxial;Compatible;2,30;;;6
RD-RA1-HUE-COM;Redmi;Redmi A1;Botón home / huella;Compatible;5,29;;;6
RD-RA2-MAR-COM;Redmi;Redmi A2;Marco / chasis;Compatible;8,35;;;6
RD-RA2-BOT-COM;Redmi;Redmi A2;Botones laterales;Compatible;1,99;;;6
RD-RA2-CRI-COM;Redmi;Redmi A2;Cristal de pantalla;Compatible;3,15;;;6
RD-RA2-FPR-COM;Redmi;Redmi A2;Flex principal;Compatible;2,50;;;6
RD-RA2-VIB-COM;Redmi;Redmi A2;Vibrador;Compatible;1,99;;;6
RD-RA2-ANT-COM;Redmi;Redmi A2;Antena / coaxial;Compatible;2,30;;;6
RD-RA2-HUE-COM;Redmi;Redmi A2;Botón home / huella;Compatible;5,29;;;6
RD-RA3-MAR-COM;Redmi;Redmi A3;Marco / chasis;Compatible;9,20;;;6
RD-RA3-BOT-COM;Redmi;Redmi A3;Botones laterales;Compatible;2,15;;;6
RD-RA3-CRI-COM;Redmi;Redmi A3;Cristal de pantalla;Compatible;3,45;;;6
RD-RA3-FPR-COM;Redmi;Redmi A3;Flex principal;Compatible;2,75;;;6
RD-RA3-VIB-COM;Redmi;Redmi A3;Vibrador;Compatible;2,15;;;6
RD-RA3-ANT-COM;Redmi;Redmi A3;Antena / coaxial;Compatible;2,55;;;6
RD-RA3-HUE-COM;Redmi;Redmi A3;Botón home / huella;Compatible;5,80;;;6
RD-RA5-MAR-COM;Redmi;Redmi A5;Marco / chasis;Compatible;9,20;;;6
RD-RA5-BOT-COM;Redmi;Redmi A5;Botones laterales;Compatible;2,15;;;6
RD-RA5-CRI-COM;Redmi;Redmi A5;Cristal de pantalla;Compatible;3,45;;;6
RD-RA5-FPR-COM;Redmi;Redmi A5;Flex principal;Compatible;2,75;;;6
RD-RA5-VIB-COM;Redmi;Redmi A5;Vibrador;Compatible;2,15;;;6
RD-RA5-ANT-COM;Redmi;Redmi A5;Antena / coaxial;Compatible;2,55;;;6
RD-RA5-HUE-COM;Redmi;Redmi A5;Botón home / huella;Compatible;5,80;;;6
RD-RA7P-MAR-COM;Redmi;Redmi A7 Pro;Marco / chasis;Compatible;9,20;;;6
RD-RA7P-BOT-COM;Redmi;Redmi A7 Pro;Botones laterales;Compatible;2,15;;;6
RD-RA7P-CRI-COM;Redmi;Redmi A7 Pro;Cristal de pantalla;Compatible;3,45;;;6
RD-RA7P-FPR-COM;Redmi;Redmi A7 Pro;Flex principal;Compatible;2,75;;;6
RD-RA7P-VIB-COM;Redmi;Redmi A7 Pro;Vibrador;Compatible;2,15;;;6
RD-RA7P-ANT-COM;Redmi;Redmi A7 Pro;Antena / coaxial;Compatible;2,55;;;6
RD-RA7P-HUE-COM;Redmi;Redmi A7 Pro;Botón home / huella;Compatible;5,80;;;6
RD-RN8-MAR-COM;Redmi;Redmi Note 8;Marco / chasis;Compatible;8,65;;;6
RD-RN8-BOT-COM;Redmi;Redmi Note 8;Botones laterales;Compatible;2,05;;;6
RD-RN8-CRI-COM;Redmi;Redmi Note 8;Cristal de pantalla;Compatible;3,25;;;6
RD-RN8-FPR-COM;Redmi;Redmi Note 8;Flex principal;Compatible;2,60;;;6
RD-RN8-VIB-COM;Redmi;Redmi Note 8;Vibrador;Compatible;2,05;;;6
RD-RN8-ANT-COM;Redmi;Redmi Note 8;Antena / coaxial;Compatible;2,39;;;6
RD-RN8-HUE-COM;Redmi;Redmi Note 8;Botón home / huella;Compatible;5,45;;;6
RD-RN8P-MAR-COM;Redmi;Redmi Note 8 Pro;Marco / chasis;Compatible;9,89;;;6
RD-RN8P-BOT-COM;Redmi;Redmi Note 8 Pro;Botones laterales;Compatible;2,35;;;6
RD-RN8P-CRI-COM;Redmi;Redmi Note 8 Pro;Cristal de pantalla;Compatible;3,70;;;6
RD-RN8P-FPR-COM;Redmi;Redmi Note 8 Pro;Flex principal;Compatible;2,95;;;6
RD-RN8P-VIB-COM;Redmi;Redmi Note 8 Pro;Vibrador;Compatible;2,35;;;6
RD-RN8P-ANT-COM;Redmi;Redmi Note 8 Pro;Antena / coaxial;Compatible;2,75;;;6
RD-RN8P-HUE-COM;Redmi;Redmi Note 8 Pro;Botón home / huella;Compatible;6,25;;;6
RD-RN8T-MAR-COM;Redmi;Redmi Note 8T;Marco / chasis;Compatible;8,65;;;6
RD-RN8T-BOT-COM;Redmi;Redmi Note 8T;Botones laterales;Compatible;2,05;;;6
RD-RN8T-CRI-COM;Redmi;Redmi Note 8T;Cristal de pantalla;Compatible;3,25;;;6
RD-RN8T-FPR-COM;Redmi;Redmi Note 8T;Flex principal;Compatible;2,60;;;6
RD-RN8T-VIB-COM;Redmi;Redmi Note 8T;Vibrador;Compatible;2,05;;;6
RD-RN8T-ANT-COM;Redmi;Redmi Note 8T;Antena / coaxial;Compatible;2,39;;;6
RD-RN8T-HUE-COM;Redmi;Redmi Note 8T;Botón home / huella;Compatible;5,45;;;6
RD-RN821-MAR-COM;Redmi;Redmi Note 8 2021;Marco / chasis;Compatible;9,60;;;6
RD-RN821-BOT-COM;Redmi;Redmi Note 8 2021;Botones laterales;Compatible;2,25;;;6
RD-RN821-CRI-COM;Redmi;Redmi Note 8 2021;Cristal de pantalla;Compatible;3,60;;;6
RD-RN821-FPR-COM;Redmi;Redmi Note 8 2021;Flex principal;Compatible;2,89;;;6
RD-RN821-VIB-COM;Redmi;Redmi Note 8 2021;Vibrador;Compatible;2,25;;;6
RD-RN821-ANT-COM;Redmi;Redmi Note 8 2021;Antena / coaxial;Compatible;2,65;;;6
RD-RN821-HUE-COM;Redmi;Redmi Note 8 2021;Botón home / huella;Compatible;6,05;;;6
RD-RN9S-MAR-COM;Redmi;Redmi Note 9S;Marco / chasis;Compatible;9,60;;;6
RD-RN9S-BOT-COM;Redmi;Redmi Note 9S;Botones laterales;Compatible;2,25;;;6
RD-RN9S-CRI-COM;Redmi;Redmi Note 9S;Cristal de pantalla;Compatible;3,60;;;6
RD-RN9S-FPR-COM;Redmi;Redmi Note 9S;Flex principal;Compatible;2,89;;;6
RD-RN9S-VIB-COM;Redmi;Redmi Note 9S;Vibrador;Compatible;2,25;;;6
RD-RN9S-ANT-COM;Redmi;Redmi Note 9S;Antena / coaxial;Compatible;2,65;;;6
RD-RN9S-HUE-COM;Redmi;Redmi Note 9S;Botón home / huella;Compatible;6,05;;;6
RD-RN9-MAR-COM;Redmi;Redmi Note 9;Marco / chasis;Compatible;9,60;;;6
RD-RN9-BOT-COM;Redmi;Redmi Note 9;Botones laterales;Compatible;2,25;;;6
RD-RN9-CRI-COM;Redmi;Redmi Note 9;Cristal de pantalla;Compatible;3,60;;;6
RD-RN9-FPR-COM;Redmi;Redmi Note 9;Flex principal;Compatible;2,89;;;6
RD-RN9-VIB-COM;Redmi;Redmi Note 9;Vibrador;Compatible;2,25;;;6
RD-RN9-ANT-COM;Redmi;Redmi Note 9;Antena / coaxial;Compatible;2,65;;;6
RD-RN9-HUE-COM;Redmi;Redmi Note 9;Botón home / huella;Compatible;6,05;;;6
RD-RN9P-MAR-COM;Redmi;Redmi Note 9 Pro;Marco / chasis;Compatible;10,95;10,62;10,29;6
RD-RN9P-BOT-COM;Redmi;Redmi Note 9 Pro;Botones laterales;Compatible;2,59;;;6
RD-RN9P-CRI-COM;Redmi;Redmi Note 9 Pro;Cristal de pantalla;Compatible;4,15;;;6
RD-RN9P-FPR-COM;Redmi;Redmi Note 9 Pro;Flex principal;Compatible;3,30;;;6
RD-RN9P-VIB-COM;Redmi;Redmi Note 9 Pro;Vibrador;Compatible;2,59;;;6
RD-RN9P-ANT-COM;Redmi;Redmi Note 9 Pro;Antena / coaxial;Compatible;3,05;;;6
RD-RN9P-HUE-COM;Redmi;Redmi Note 9 Pro;Botón home / huella;Compatible;6,95;;;6
RD-RN9T-MAR-COM;Redmi;Redmi Note 9T;Marco / chasis;Compatible;9,60;;;6
RD-RN9T-BOT-COM;Redmi;Redmi Note 9T;Botones laterales;Compatible;2,25;;;6
RD-RN9T-CRI-COM;Redmi;Redmi Note 9T;Cristal de pantalla;Compatible;3,60;;;6
RD-RN9T-FPR-COM;Redmi;Redmi Note 9T;Flex principal;Compatible;2,89;;;6
RD-RN9T-VIB-COM;Redmi;Redmi Note 9T;Vibrador;Compatible;2,25;;;6
RD-RN9T-ANT-COM;Redmi;Redmi Note 9T;Antena / coaxial;Compatible;2,65;;;6
RD-RN9T-HUE-COM;Redmi;Redmi Note 9T;Botón home / huella;Compatible;6,05;;;6
RD-RN10-MAR-COM;Redmi;Redmi Note 10;Marco / chasis;Compatible;9,60;;;6
RD-RN10-BOT-COM;Redmi;Redmi Note 10;Botones laterales;Compatible;2,25;;;6
RD-RN10-CRI-COM;Redmi;Redmi Note 10;Cristal de pantalla;Compatible;3,60;;;6
RD-RN10-FPR-COM;Redmi;Redmi Note 10;Flex principal;Compatible;2,89;;;6
RD-RN10-VIB-COM;Redmi;Redmi Note 10;Vibrador;Compatible;2,25;;;6
RD-RN10-ANT-COM;Redmi;Redmi Note 10;Antena / coaxial;Compatible;2,65;;;6
RD-RN10-HUE-COM;Redmi;Redmi Note 10;Botón home / huella;Compatible;6,05;;;6
RD-RN10P-MAR-COM;Redmi;Redmi Note 10 Pro;Marco / chasis;Compatible;10,95;10,62;10,29;6
RD-RN10P-BOT-COM;Redmi;Redmi Note 10 Pro;Botones laterales;Compatible;2,59;;;6
RD-RN10P-CRI-COM;Redmi;Redmi Note 10 Pro;Cristal de pantalla;Compatible;4,15;;;6
RD-RN10P-FPR-COM;Redmi;Redmi Note 10 Pro;Flex principal;Compatible;3,30;;;6
RD-RN10P-VIB-COM;Redmi;Redmi Note 10 Pro;Vibrador;Compatible;2,59;;;6
RD-RN10P-ANT-COM;Redmi;Redmi Note 10 Pro;Antena / coaxial;Compatible;3,05;;;6
RD-RN10P-HUE-COM;Redmi;Redmi Note 10 Pro;Botón home / huella;Compatible;6,95;;;6
RD-RN10S-MAR-COM;Redmi;Redmi Note 10S;Marco / chasis;Compatible;9,60;;;6
RD-RN10S-BOT-COM;Redmi;Redmi Note 10S;Botones laterales;Compatible;2,25;;;6
RD-RN10S-CRI-COM;Redmi;Redmi Note 10S;Cristal de pantalla;Compatible;3,60;;;6
RD-RN10S-FPR-COM;Redmi;Redmi Note 10S;Flex principal;Compatible;2,89;;;6
RD-RN10S-VIB-COM;Redmi;Redmi Note 10S;Vibrador;Compatible;2,25;;;6
RD-RN10S-ANT-COM;Redmi;Redmi Note 10S;Antena / coaxial;Compatible;2,65;;;6
RD-RN10S-HUE-COM;Redmi;Redmi Note 10S;Botón home / huella;Compatible;6,05;;;6
RD-RN105-MAR-COM;Redmi;Redmi Note 10 5G;Marco / chasis;Compatible;9,60;;;6
RD-RN105-BOT-COM;Redmi;Redmi Note 10 5G;Botones laterales;Compatible;2,25;;;6
RD-RN105-CRI-COM;Redmi;Redmi Note 10 5G;Cristal de pantalla;Compatible;3,60;;;6
RD-RN105-FPR-COM;Redmi;Redmi Note 10 5G;Flex principal;Compatible;2,89;;;6
RD-RN105-VIB-COM;Redmi;Redmi Note 10 5G;Vibrador;Compatible;2,25;;;6
RD-RN105-ANT-COM;Redmi;Redmi Note 10 5G;Antena / coaxial;Compatible;2,65;;;6
RD-RN105-HUE-COM;Redmi;Redmi Note 10 5G;Botón home / huella;Compatible;6,05;;;6
RD-RN11-MAR-COM;Redmi;Redmi Note 11;Marco / chasis;Compatible;9,60;;;6
RD-RN11-BOT-COM;Redmi;Redmi Note 11;Botones laterales;Compatible;2,25;;;6
RD-RN11-CRI-COM;Redmi;Redmi Note 11;Cristal de pantalla;Compatible;3,60;;;6
RD-RN11-FPR-COM;Redmi;Redmi Note 11;Flex principal;Compatible;2,89;;;6
RD-RN11-VIB-COM;Redmi;Redmi Note 11;Vibrador;Compatible;2,25;;;6
RD-RN11-ANT-COM;Redmi;Redmi Note 11;Antena / coaxial;Compatible;2,65;;;6
RD-RN11-HUE-COM;Redmi;Redmi Note 11;Botón home / huella;Compatible;6,05;;;6
RD-RN11S-MAR-COM;Redmi;Redmi Note 11S;Marco / chasis;Compatible;9,60;;;6
RD-RN11S-BOT-COM;Redmi;Redmi Note 11S;Botones laterales;Compatible;2,25;;;6
RD-RN11S-CRI-COM;Redmi;Redmi Note 11S;Cristal de pantalla;Compatible;3,60;;;6
RD-RN11S-FPR-COM;Redmi;Redmi Note 11S;Flex principal;Compatible;2,89;;;6
RD-RN11S-VIB-COM;Redmi;Redmi Note 11S;Vibrador;Compatible;2,25;;;6
RD-RN11S-ANT-COM;Redmi;Redmi Note 11S;Antena / coaxial;Compatible;2,65;;;6
RD-RN11S-HUE-COM;Redmi;Redmi Note 11S;Botón home / huella;Compatible;6,05;;;6
RD-RN11P-MAR-COM;Redmi;Redmi Note 11 Pro;Marco / chasis;Compatible;10,95;10,62;10,29;6
RD-RN11P-BOT-COM;Redmi;Redmi Note 11 Pro;Botones laterales;Compatible;2,59;;;6
RD-RN11P-CRI-COM;Redmi;Redmi Note 11 Pro;Cristal de pantalla;Compatible;4,15;;;6
RD-RN11P-FPR-COM;Redmi;Redmi Note 11 Pro;Flex principal;Compatible;3,30;;;6
RD-RN11P-VIB-COM;Redmi;Redmi Note 11 Pro;Vibrador;Compatible;2,59;;;6
RD-RN11P-ANT-COM;Redmi;Redmi Note 11 Pro;Antena / coaxial;Compatible;3,05;;;6
RD-RN11P-HUE-COM;Redmi;Redmi Note 11 Pro;Botón home / huella;Compatible;6,95;;;6
RD-RN11P5-MAR-COM;Redmi;Redmi Note 11 Pro 5G;Marco / chasis;Compatible;10,95;10,62;10,29;6
RD-RN11P5-BOT-COM;Redmi;Redmi Note 11 Pro 5G;Botones laterales;Compatible;2,59;;;6
RD-RN11P5-CRI-COM;Redmi;Redmi Note 11 Pro 5G;Cristal de pantalla;Compatible;4,15;;;6
RD-RN11P5-FPR-COM;Redmi;Redmi Note 11 Pro 5G;Flex principal;Compatible;3,30;;;6
RD-RN11P5-VIB-COM;Redmi;Redmi Note 11 Pro 5G;Vibrador;Compatible;2,59;;;6
RD-RN11P5-ANT-COM;Redmi;Redmi Note 11 Pro 5G;Antena / coaxial;Compatible;3,05;;;6
RD-RN11P5-HUE-COM;Redmi;Redmi Note 11 Pro 5G;Botón home / huella;Compatible;6,95;;;6
RD-RN11S5-MAR-COM;Redmi;Redmi Note 11S 5G;Marco / chasis;Compatible;9,60;;;6
RD-RN11S5-BOT-COM;Redmi;Redmi Note 11S 5G;Botones laterales;Compatible;2,25;;;6
RD-RN11S5-CRI-COM;Redmi;Redmi Note 11S 5G;Cristal de pantalla;Compatible;3,60;;;6
RD-RN11S5-FPR-COM;Redmi;Redmi Note 11S 5G;Flex principal;Compatible;2,89;;;6
RD-RN11S5-VIB-COM;Redmi;Redmi Note 11S 5G;Vibrador;Compatible;2,25;;;6
RD-RN11S5-ANT-COM;Redmi;Redmi Note 11S 5G;Antena / coaxial;Compatible;2,65;;;6
RD-RN11S5-HUE-COM;Redmi;Redmi Note 11S 5G;Botón home / huella;Compatible;6,05;;;6
RD-RN11PPL5-MAR-COM;Redmi;Redmi Note 11 Pro+ 5G;Marco / chasis;Compatible;10,95;10,62;10,29;6
RD-RN11PPL5-BOT-COM;Redmi;Redmi Note 11 Pro+ 5G;Botones laterales;Compatible;2,59;;;6
RD-RN11PPL5-CRI-COM;Redmi;Redmi Note 11 Pro+ 5G;Cristal de pantalla;Compatible;4,15;;;6
RD-RN11PPL5-FPR-COM;Redmi;Redmi Note 11 Pro+ 5G;Flex principal;Compatible;3,30;;;6
RD-RN11PPL5-VIB-COM;Redmi;Redmi Note 11 Pro+ 5G;Vibrador;Compatible;2,59;;;6
RD-RN11PPL5-ANT-COM;Redmi;Redmi Note 11 Pro+ 5G;Antena / coaxial;Compatible;3,05;;;6
RD-RN11PPL5-HUE-COM;Redmi;Redmi Note 11 Pro+ 5G;Botón home / huella;Compatible;6,95;;;6
RD-RN12-MAR-COM;Redmi;Redmi Note 12;Marco / chasis;Compatible;9,60;;;6
RD-RN12-BOT-COM;Redmi;Redmi Note 12;Botones laterales;Compatible;2,25;;;6
RD-RN12-CRI-COM;Redmi;Redmi Note 12;Cristal de pantalla;Compatible;3,60;;;6
RD-RN12-FPR-COM;Redmi;Redmi Note 12;Flex principal;Compatible;2,89;;;6
RD-RN12-VIB-COM;Redmi;Redmi Note 12;Vibrador;Compatible;2,25;;;6
RD-RN12-ANT-COM;Redmi;Redmi Note 12;Antena / coaxial;Compatible;2,65;;;6
RD-RN12-HUE-COM;Redmi;Redmi Note 12;Botón home / huella;Compatible;6,05;;;6
RD-RN125-MAR-COM;Redmi;Redmi Note 12 5G;Marco / chasis;Compatible;9,60;;;6
RD-RN125-BOT-COM;Redmi;Redmi Note 12 5G;Botones laterales;Compatible;2,25;;;6
RD-RN125-CRI-COM;Redmi;Redmi Note 12 5G;Cristal de pantalla;Compatible;3,60;;;6
RD-RN125-FPR-COM;Redmi;Redmi Note 12 5G;Flex principal;Compatible;2,89;;;6
RD-RN125-VIB-COM;Redmi;Redmi Note 12 5G;Vibrador;Compatible;2,25;;;6
RD-RN125-ANT-COM;Redmi;Redmi Note 12 5G;Antena / coaxial;Compatible;2,65;;;6
RD-RN125-HUE-COM;Redmi;Redmi Note 12 5G;Botón home / huella;Compatible;6,05;;;6
RD-RN12P-MAR-COM;Redmi;Redmi Note 12 Pro;Marco / chasis;Compatible;10,95;10,62;10,29;6
RD-RN12P-BOT-COM;Redmi;Redmi Note 12 Pro;Botones laterales;Compatible;2,59;;;6
RD-RN12P-CRI-COM;Redmi;Redmi Note 12 Pro;Cristal de pantalla;Compatible;4,15;;;6
RD-RN12P-FPR-COM;Redmi;Redmi Note 12 Pro;Flex principal;Compatible;3,30;;;6
RD-RN12P-VIB-COM;Redmi;Redmi Note 12 Pro;Vibrador;Compatible;2,59;;;6
RD-RN12P-ANT-COM;Redmi;Redmi Note 12 Pro;Antena / coaxial;Compatible;3,05;;;6
RD-RN12P-HUE-COM;Redmi;Redmi Note 12 Pro;Botón home / huella;Compatible;6,95;;;6
RD-RN12P5-MAR-COM;Redmi;Redmi Note 12 Pro 5G;Marco / chasis;Compatible;10,95;10,62;10,29;6
RD-RN12P5-BOT-COM;Redmi;Redmi Note 12 Pro 5G;Botones laterales;Compatible;2,59;;;6
RD-RN12P5-CRI-COM;Redmi;Redmi Note 12 Pro 5G;Cristal de pantalla;Compatible;4,15;;;6
RD-RN12P5-FPR-COM;Redmi;Redmi Note 12 Pro 5G;Flex principal;Compatible;3,30;;;6
RD-RN12P5-VIB-COM;Redmi;Redmi Note 12 Pro 5G;Vibrador;Compatible;2,59;;;6
RD-RN12P5-ANT-COM;Redmi;Redmi Note 12 Pro 5G;Antena / coaxial;Compatible;3,05;;;6
RD-RN12P5-HUE-COM;Redmi;Redmi Note 12 Pro 5G;Botón home / huella;Compatible;6,95;;;6
RD-RN12PPL5-MAR-COM;Redmi;Redmi Note 12 Pro+ 5G;Marco / chasis;Compatible;10,95;10,62;10,29;6
RD-RN12PPL5-BOT-COM;Redmi;Redmi Note 12 Pro+ 5G;Botones laterales;Compatible;2,59;;;6
RD-RN12PPL5-CRI-COM;Redmi;Redmi Note 12 Pro+ 5G;Cristal de pantalla;Compatible;4,15;;;6
RD-RN12PPL5-FPR-COM;Redmi;Redmi Note 12 Pro+ 5G;Flex principal;Compatible;3,30;;;6
RD-RN12PPL5-VIB-COM;Redmi;Redmi Note 12 Pro+ 5G;Vibrador;Compatible;2,59;;;6
RD-RN12PPL5-ANT-COM;Redmi;Redmi Note 12 Pro+ 5G;Antena / coaxial;Compatible;3,05;;;6
RD-RN12PPL5-HUE-COM;Redmi;Redmi Note 12 Pro+ 5G;Botón home / huella;Compatible;6,95;;;6
RD-RN12S-MAR-COM;Redmi;Redmi Note 12S;Marco / chasis;Compatible;9,60;;;6
RD-RN12S-BOT-COM;Redmi;Redmi Note 12S;Botones laterales;Compatible;2,25;;;6
RD-RN12S-CRI-COM;Redmi;Redmi Note 12S;Cristal de pantalla;Compatible;3,60;;;6
RD-RN12S-FPR-COM;Redmi;Redmi Note 12S;Flex principal;Compatible;2,89;;;6
RD-RN12S-VIB-COM;Redmi;Redmi Note 12S;Vibrador;Compatible;2,25;;;6
RD-RN12S-ANT-COM;Redmi;Redmi Note 12S;Antena / coaxial;Compatible;2,65;;;6
RD-RN12S-HUE-COM;Redmi;Redmi Note 12S;Botón home / huella;Compatible;6,05;;;6
RD-RN13-MAR-COM;Redmi;Redmi Note 13;Marco / chasis;Compatible;10,59;10,27;9,95;6
RD-RN13-BOT-COM;Redmi;Redmi Note 13;Botones laterales;Compatible;2,50;;;6
RD-RN13-CRI-COM;Redmi;Redmi Note 13;Cristal de pantalla;Compatible;3,99;;;6
RD-RN13-FPR-COM;Redmi;Redmi Note 13;Flex principal;Compatible;3,19;;;6
RD-RN13-VIB-COM;Redmi;Redmi Note 13;Vibrador;Compatible;2,50;;;6
RD-RN13-ANT-COM;Redmi;Redmi Note 13;Antena / coaxial;Compatible;2,90;;;6
RD-RN13-HUE-COM;Redmi;Redmi Note 13;Botón home / huella;Compatible;6,69;;;6
RD-RN135-MAR-COM;Redmi;Redmi Note 13 5G;Marco / chasis;Compatible;10,59;10,27;9,95;6
RD-RN135-BOT-COM;Redmi;Redmi Note 13 5G;Botones laterales;Compatible;2,50;;;6
RD-RN135-CRI-COM;Redmi;Redmi Note 13 5G;Cristal de pantalla;Compatible;3,99;;;6
RD-RN135-FPR-COM;Redmi;Redmi Note 13 5G;Flex principal;Compatible;3,19;;;6
RD-RN135-VIB-COM;Redmi;Redmi Note 13 5G;Vibrador;Compatible;2,50;;;6
RD-RN135-ANT-COM;Redmi;Redmi Note 13 5G;Antena / coaxial;Compatible;2,90;;;6
RD-RN135-HUE-COM;Redmi;Redmi Note 13 5G;Botón home / huella;Compatible;6,69;;;6
RD-RN13P-MAR-COM;Redmi;Redmi Note 13 Pro;Marco / chasis;Compatible;12,05;11,69;11,33;6
RD-RN13P-BOT-COM;Redmi;Redmi Note 13 Pro;Botones laterales;Compatible;2,85;;;6
RD-RN13P-CRI-COM;Redmi;Redmi Note 13 Pro;Cristal de pantalla;Compatible;4,55;;;6
RD-RN13P-FPR-COM;Redmi;Redmi Note 13 Pro;Flex principal;Compatible;3,65;;;6
RD-RN13P-VIB-COM;Redmi;Redmi Note 13 Pro;Vibrador;Compatible;2,85;;;6
RD-RN13P-ANT-COM;Redmi;Redmi Note 13 Pro;Antena / coaxial;Compatible;3,35;;;6
RD-RN13P-HUE-COM;Redmi;Redmi Note 13 Pro;Botón home / huella;Compatible;7,60;;;6
RD-RN13P5-MAR-COM;Redmi;Redmi Note 13 Pro 5G;Marco / chasis;Compatible;12,05;11,69;11,33;6
RD-RN13P5-BOT-COM;Redmi;Redmi Note 13 Pro 5G;Botones laterales;Compatible;2,85;;;6
RD-RN13P5-CRI-COM;Redmi;Redmi Note 13 Pro 5G;Cristal de pantalla;Compatible;4,55;;;6
RD-RN13P5-FPR-COM;Redmi;Redmi Note 13 Pro 5G;Flex principal;Compatible;3,65;;;6
RD-RN13P5-VIB-COM;Redmi;Redmi Note 13 Pro 5G;Vibrador;Compatible;2,85;;;6
RD-RN13P5-ANT-COM;Redmi;Redmi Note 13 Pro 5G;Antena / coaxial;Compatible;3,35;;;6
RD-RN13P5-HUE-COM;Redmi;Redmi Note 13 Pro 5G;Botón home / huella;Compatible;7,60;;;6
RD-RN13PPL5-MAR-COM;Redmi;Redmi Note 13 Pro+ 5G;Marco / chasis;Compatible;12,05;11,69;11,33;6
RD-RN13PPL5-BOT-COM;Redmi;Redmi Note 13 Pro+ 5G;Botones laterales;Compatible;2,85;;;6
RD-RN13PPL5-CRI-COM;Redmi;Redmi Note 13 Pro+ 5G;Cristal de pantalla;Compatible;4,55;;;6
RD-RN13PPL5-FPR-COM;Redmi;Redmi Note 13 Pro+ 5G;Flex principal;Compatible;3,65;;;6
RD-RN13PPL5-VIB-COM;Redmi;Redmi Note 13 Pro+ 5G;Vibrador;Compatible;2,85;;;6
RD-RN13PPL5-ANT-COM;Redmi;Redmi Note 13 Pro+ 5G;Antena / coaxial;Compatible;3,35;;;6
RD-RN13PPL5-HUE-COM;Redmi;Redmi Note 13 Pro+ 5G;Botón home / huella;Compatible;7,60;;;6
RD-RN14-MAR-COM;Redmi;Redmi Note 14;Marco / chasis;Compatible;10,59;10,27;9,95;6
RD-RN14-BOT-COM;Redmi;Redmi Note 14;Botones laterales;Compatible;2,50;;;6
RD-RN14-CRI-COM;Redmi;Redmi Note 14;Cristal de pantalla;Compatible;3,99;;;6
RD-RN14-FPR-COM;Redmi;Redmi Note 14;Flex principal;Compatible;3,19;;;6
RD-RN14-VIB-COM;Redmi;Redmi Note 14;Vibrador;Compatible;2,50;;;6
RD-RN14-ANT-COM;Redmi;Redmi Note 14;Antena / coaxial;Compatible;2,90;;;6
RD-RN14-HUE-COM;Redmi;Redmi Note 14;Botón home / huella;Compatible;6,69;;;6
RD-RN145-MAR-COM;Redmi;Redmi Note 14 5G;Marco / chasis;Compatible;10,59;10,27;9,95;6
RD-RN145-BOT-COM;Redmi;Redmi Note 14 5G;Botones laterales;Compatible;2,50;;;6
RD-RN145-CRI-COM;Redmi;Redmi Note 14 5G;Cristal de pantalla;Compatible;3,99;;;6
RD-RN145-FPR-COM;Redmi;Redmi Note 14 5G;Flex principal;Compatible;3,19;;;6
RD-RN145-VIB-COM;Redmi;Redmi Note 14 5G;Vibrador;Compatible;2,50;;;6
RD-RN145-ANT-COM;Redmi;Redmi Note 14 5G;Antena / coaxial;Compatible;2,90;;;6
RD-RN145-HUE-COM;Redmi;Redmi Note 14 5G;Botón home / huella;Compatible;6,69;;;6
RD-RN14P-MAR-COM;Redmi;Redmi Note 14 Pro;Marco / chasis;Compatible;12,05;11,69;11,33;6
RD-RN14P-BOT-COM;Redmi;Redmi Note 14 Pro;Botones laterales;Compatible;2,85;;;6
RD-RN14P-CRI-COM;Redmi;Redmi Note 14 Pro;Cristal de pantalla;Compatible;4,55;;;6
RD-RN14P-FPR-COM;Redmi;Redmi Note 14 Pro;Flex principal;Compatible;3,65;;;6
RD-RN14P-VIB-COM;Redmi;Redmi Note 14 Pro;Vibrador;Compatible;2,85;;;6
RD-RN14P-ANT-COM;Redmi;Redmi Note 14 Pro;Antena / coaxial;Compatible;3,35;;;6
RD-RN14P-HUE-COM;Redmi;Redmi Note 14 Pro;Botón home / huella;Compatible;7,60;;;6
RD-RN14P5-MAR-COM;Redmi;Redmi Note 14 Pro 5G;Marco / chasis;Compatible;12,05;11,69;11,33;6
RD-RN14P5-BOT-COM;Redmi;Redmi Note 14 Pro 5G;Botones laterales;Compatible;2,85;;;6
RD-RN14P5-CRI-COM;Redmi;Redmi Note 14 Pro 5G;Cristal de pantalla;Compatible;4,55;;;6
RD-RN14P5-FPR-COM;Redmi;Redmi Note 14 Pro 5G;Flex principal;Compatible;3,65;;;6
RD-RN14P5-VIB-COM;Redmi;Redmi Note 14 Pro 5G;Vibrador;Compatible;2,85;;;6
RD-RN14P5-ANT-COM;Redmi;Redmi Note 14 Pro 5G;Antena / coaxial;Compatible;3,35;;;6
RD-RN14P5-HUE-COM;Redmi;Redmi Note 14 Pro 5G;Botón home / huella;Compatible;7,60;;;6
RD-RN14PPL5-MAR-COM;Redmi;Redmi Note 14 Pro+ 5G;Marco / chasis;Compatible;12,05;11,69;11,33;6
RD-RN14PPL5-BOT-COM;Redmi;Redmi Note 14 Pro+ 5G;Botones laterales;Compatible;2,85;;;6
RD-RN14PPL5-CRI-COM;Redmi;Redmi Note 14 Pro+ 5G;Cristal de pantalla;Compatible;4,55;;;6
RD-RN14PPL5-FPR-COM;Redmi;Redmi Note 14 Pro+ 5G;Flex principal;Compatible;3,65;;;6
RD-RN14PPL5-VIB-COM;Redmi;Redmi Note 14 Pro+ 5G;Vibrador;Compatible;2,85;;;6
RD-RN14PPL5-ANT-COM;Redmi;Redmi Note 14 Pro+ 5G;Antena / coaxial;Compatible;3,35;;;6
RD-RN14PPL5-HUE-COM;Redmi;Redmi Note 14 Pro+ 5G;Botón home / huella;Compatible;7,60;;;6
RD-RN14S-MAR-COM;Redmi;Redmi Note 14S;Marco / chasis;Compatible;10,59;10,27;9,95;6
RD-RN14S-BOT-COM;Redmi;Redmi Note 14S;Botones laterales;Compatible;2,50;;;6
RD-RN14S-CRI-COM;Redmi;Redmi Note 14S;Cristal de pantalla;Compatible;3,99;;;6
RD-RN14S-FPR-COM;Redmi;Redmi Note 14S;Flex principal;Compatible;3,19;;;6
RD-RN14S-VIB-COM;Redmi;Redmi Note 14S;Vibrador;Compatible;2,50;;;6
RD-RN14S-ANT-COM;Redmi;Redmi Note 14S;Antena / coaxial;Compatible;2,90;;;6
RD-RN14S-HUE-COM;Redmi;Redmi Note 14S;Botón home / huella;Compatible;6,69;;;6
RD-RN15-MAR-COM;Redmi;Redmi Note 15;Marco / chasis;Compatible;10,59;10,27;9,95;6
RD-RN15-BOT-COM;Redmi;Redmi Note 15;Botones laterales;Compatible;2,50;;;6
RD-RN15-CRI-COM;Redmi;Redmi Note 15;Cristal de pantalla;Compatible;3,99;;;6
RD-RN15-FPR-COM;Redmi;Redmi Note 15;Flex principal;Compatible;3,19;;;6
RD-RN15-VIB-COM;Redmi;Redmi Note 15;Vibrador;Compatible;2,50;;;6
RD-RN15-ANT-COM;Redmi;Redmi Note 15;Antena / coaxial;Compatible;2,90;;;6
RD-RN15-HUE-COM;Redmi;Redmi Note 15;Botón home / huella;Compatible;6,69;;;6
RD-RN155-MAR-COM;Redmi;Redmi Note 15 5G;Marco / chasis;Compatible;10,59;10,27;9,95;6
RD-RN155-BOT-COM;Redmi;Redmi Note 15 5G;Botones laterales;Compatible;2,50;;;6
RD-RN155-CRI-COM;Redmi;Redmi Note 15 5G;Cristal de pantalla;Compatible;3,99;;;6
RD-RN155-FPR-COM;Redmi;Redmi Note 15 5G;Flex principal;Compatible;3,19;;;6
RD-RN155-VIB-COM;Redmi;Redmi Note 15 5G;Vibrador;Compatible;2,50;;;6
RD-RN155-ANT-COM;Redmi;Redmi Note 15 5G;Antena / coaxial;Compatible;2,90;;;6
RD-RN155-HUE-COM;Redmi;Redmi Note 15 5G;Botón home / huella;Compatible;6,69;;;6
RD-RN15P-MAR-COM;Redmi;Redmi Note 15 Pro;Marco / chasis;Compatible;12,05;11,69;11,33;6
RD-RN15P-BOT-COM;Redmi;Redmi Note 15 Pro;Botones laterales;Compatible;2,85;;;6
RD-RN15P-CRI-COM;Redmi;Redmi Note 15 Pro;Cristal de pantalla;Compatible;4,55;;;6
RD-RN15P-FPR-COM;Redmi;Redmi Note 15 Pro;Flex principal;Compatible;3,65;;;6
RD-RN15P-VIB-COM;Redmi;Redmi Note 15 Pro;Vibrador;Compatible;2,85;;;6
RD-RN15P-ANT-COM;Redmi;Redmi Note 15 Pro;Antena / coaxial;Compatible;3,35;;;6
RD-RN15P-HUE-COM;Redmi;Redmi Note 15 Pro;Botón home / huella;Compatible;7,60;;;6
RD-RN15P5-MAR-COM;Redmi;Redmi Note 15 Pro 5G;Marco / chasis;Compatible;12,05;11,69;11,33;6
RD-RN15P5-BOT-COM;Redmi;Redmi Note 15 Pro 5G;Botones laterales;Compatible;2,85;;;6
RD-RN15P5-CRI-COM;Redmi;Redmi Note 15 Pro 5G;Cristal de pantalla;Compatible;4,55;;;6
RD-RN15P5-FPR-COM;Redmi;Redmi Note 15 Pro 5G;Flex principal;Compatible;3,65;;;6
RD-RN15P5-VIB-COM;Redmi;Redmi Note 15 Pro 5G;Vibrador;Compatible;2,85;;;6
RD-RN15P5-ANT-COM;Redmi;Redmi Note 15 Pro 5G;Antena / coaxial;Compatible;3,35;;;6
RD-RN15P5-HUE-COM;Redmi;Redmi Note 15 Pro 5G;Botón home / huella;Compatible;7,60;;;6
RD-RN15PPL5-MAR-COM;Redmi;Redmi Note 15 Pro+ 5G;Marco / chasis;Compatible;12,05;11,69;11,33;6
RD-RN15PPL5-BOT-COM;Redmi;Redmi Note 15 Pro+ 5G;Botones laterales;Compatible;2,85;;;6
RD-RN15PPL5-CRI-COM;Redmi;Redmi Note 15 Pro+ 5G;Cristal de pantalla;Compatible;4,55;;;6
RD-RN15PPL5-FPR-COM;Redmi;Redmi Note 15 Pro+ 5G;Flex principal;Compatible;3,65;;;6
RD-RN15PPL5-VIB-COM;Redmi;Redmi Note 15 Pro+ 5G;Vibrador;Compatible;2,85;;;6
RD-RN15PPL5-ANT-COM;Redmi;Redmi Note 15 Pro+ 5G;Antena / coaxial;Compatible;3,35;;;6
RD-RN15PPL5-HUE-COM;Redmi;Redmi Note 15 Pro+ 5G;Botón home / huella;Compatible;7,60;;;6
RD-RN17-MAR-COM;Redmi;Redmi Note 17;Marco / chasis;Compatible;10,59;10,27;9,95;6
RD-RN17-BOT-COM;Redmi;Redmi Note 17;Botones laterales;Compatible;2,50;;;6
RD-RN17-CRI-COM;Redmi;Redmi Note 17;Cristal de pantalla;Compatible;3,99;;;6
RD-RN17-FPR-COM;Redmi;Redmi Note 17;Flex principal;Compatible;3,19;;;6
RD-RN17-VIB-COM;Redmi;Redmi Note 17;Vibrador;Compatible;2,50;;;6
RD-RN17-ANT-COM;Redmi;Redmi Note 17;Antena / coaxial;Compatible;2,90;;;6
RD-RN17-HUE-COM;Redmi;Redmi Note 17;Botón home / huella;Compatible;6,69;;;6
RD-RN175-MAR-COM;Redmi;Redmi Note 17 5G;Marco / chasis;Compatible;10,59;10,27;9,95;6
RD-RN175-BOT-COM;Redmi;Redmi Note 17 5G;Botones laterales;Compatible;2,50;;;6
RD-RN175-CRI-COM;Redmi;Redmi Note 17 5G;Cristal de pantalla;Compatible;3,99;;;6
RD-RN175-FPR-COM;Redmi;Redmi Note 17 5G;Flex principal;Compatible;3,19;;;6
RD-RN175-VIB-COM;Redmi;Redmi Note 17 5G;Vibrador;Compatible;2,50;;;6
RD-RN175-ANT-COM;Redmi;Redmi Note 17 5G;Antena / coaxial;Compatible;2,90;;;6
RD-RN175-HUE-COM;Redmi;Redmi Note 17 5G;Botón home / huella;Compatible;6,69;;;6
RD-RN17P5-MAR-COM;Redmi;Redmi Note 17 Pro 5G;Marco / chasis;Compatible;12,05;11,69;11,33;6
RD-RN17P5-BOT-COM;Redmi;Redmi Note 17 Pro 5G;Botones laterales;Compatible;2,85;;;6
RD-RN17P5-CRI-COM;Redmi;Redmi Note 17 Pro 5G;Cristal de pantalla;Compatible;4,55;;;6
RD-RN17P5-FPR-COM;Redmi;Redmi Note 17 Pro 5G;Flex principal;Compatible;3,65;;;6
RD-RN17P5-VIB-COM;Redmi;Redmi Note 17 Pro 5G;Vibrador;Compatible;2,85;;;6
RD-RN17P5-ANT-COM;Redmi;Redmi Note 17 Pro 5G;Antena / coaxial;Compatible;3,35;;;6
RD-RN17P5-HUE-COM;Redmi;Redmi Note 17 Pro 5G;Botón home / huella;Compatible;7,60;;;6
RD-RN17PM5-MAR-COM;Redmi;Redmi Note 17 Pro Max 5G;Marco / chasis;Compatible;12,05;11,69;11,33;6
RD-RN17PM5-BOT-COM;Redmi;Redmi Note 17 Pro Max 5G;Botones laterales;Compatible;2,85;;;6
RD-RN17PM5-CRI-COM;Redmi;Redmi Note 17 Pro Max 5G;Cristal de pantalla;Compatible;4,55;;;6
RD-RN17PM5-FPR-COM;Redmi;Redmi Note 17 Pro Max 5G;Flex principal;Compatible;3,65;;;6
RD-RN17PM5-VIB-COM;Redmi;Redmi Note 17 Pro Max 5G;Vibrador;Compatible;2,85;;;6
RD-RN17PM5-ANT-COM;Redmi;Redmi Note 17 Pro Max 5G;Antena / coaxial;Compatible;3,35;;;6
RD-RN17PM5-HUE-COM;Redmi;Redmi Note 17 Pro Max 5G;Botón home / huella;Compatible;7,60;;;6
RD-R13X-MAR-COM;Redmi;Redmi 13x;Marco / chasis;Compatible;9,20;;;6
RD-R13X-BOT-COM;Redmi;Redmi 13x;Botones laterales;Compatible;2,15;;;6
RD-R13X-CRI-COM;Redmi;Redmi 13x;Cristal de pantalla;Compatible;3,45;;;6
RD-R13X-FPR-COM;Redmi;Redmi 13x;Flex principal;Compatible;2,75;;;6
RD-R13X-VIB-COM;Redmi;Redmi 13x;Vibrador;Compatible;2,15;;;6
RD-R13X-ANT-COM;Redmi;Redmi 13x;Antena / coaxial;Compatible;2,55;;;6
RD-R13X-HUE-COM;Redmi;Redmi 13x;Botón home / huella;Compatible;5,80;;;6
RD-R9PW-MAR-COM;Redmi;Redmi 9 Power;Marco / chasis;Compatible;8,35;;;6
RD-R9PW-BOT-COM;Redmi;Redmi 9 Power;Botones laterales;Compatible;1,99;;;6
RD-R9PW-CRI-COM;Redmi;Redmi 9 Power;Cristal de pantalla;Compatible;3,15;;;6
RD-R9PW-FPR-COM;Redmi;Redmi 9 Power;Flex principal;Compatible;2,50;;;6
RD-R9PW-VIB-COM;Redmi;Redmi 9 Power;Vibrador;Compatible;1,99;;;6
RD-R9PW-ANT-COM;Redmi;Redmi 9 Power;Antena / coaxial;Compatible;2,30;;;6
RD-R9PW-HUE-COM;Redmi;Redmi 9 Power;Botón home / huella;Compatible;5,29;;;6
RD-R9P-MAR-COM;Redmi;Redmi 9 Prime;Marco / chasis;Compatible;8,35;;;6
RD-R9P-BOT-COM;Redmi;Redmi 9 Prime;Botones laterales;Compatible;1,99;;;6
RD-R9P-CRI-COM;Redmi;Redmi 9 Prime;Cristal de pantalla;Compatible;3,15;;;6
RD-R9P-FPR-COM;Redmi;Redmi 9 Prime;Flex principal;Compatible;2,50;;;6
RD-R9P-VIB-COM;Redmi;Redmi 9 Prime;Vibrador;Compatible;1,99;;;6
RD-R9P-ANT-COM;Redmi;Redmi 9 Prime;Antena / coaxial;Compatible;2,30;;;6
RD-R9P-HUE-COM;Redmi;Redmi 9 Prime;Botón home / huella;Compatible;5,29;;;6
RD-RA3P-MAR-COM;Redmi;Redmi A3 Pro;Marco / chasis;Compatible;9,20;;;6
RD-RA3P-BOT-COM;Redmi;Redmi A3 Pro;Botones laterales;Compatible;2,15;;;6
RD-RA3P-CRI-COM;Redmi;Redmi A3 Pro;Cristal de pantalla;Compatible;3,45;;;6
RD-RA3P-FPR-COM;Redmi;Redmi A3 Pro;Flex principal;Compatible;2,75;;;6
RD-RA3P-VIB-COM;Redmi;Redmi A3 Pro;Vibrador;Compatible;2,15;;;6
RD-RA3P-ANT-COM;Redmi;Redmi A3 Pro;Antena / coaxial;Compatible;2,55;;;6
RD-RA3P-HUE-COM;Redmi;Redmi A3 Pro;Botón home / huella;Compatible;5,80;;;6
RD-RK60U-MAR-COM;Redmi;Redmi K60 Ultra;Marco / chasis;Compatible;8,35;;;6
RD-RK60U-BOT-COM;Redmi;Redmi K60 Ultra;Botones laterales;Compatible;1,99;;;6
RD-RK60U-CRI-COM;Redmi;Redmi K60 Ultra;Cristal de pantalla;Compatible;3,15;;;6
RD-RK60U-FPR-COM;Redmi;Redmi K60 Ultra;Flex principal;Compatible;2,50;;;6
RD-RK60U-VIB-COM;Redmi;Redmi K60 Ultra;Vibrador;Compatible;1,99;;;6
RD-RK60U-ANT-COM;Redmi;Redmi K60 Ultra;Antena / coaxial;Compatible;2,30;;;6
RD-RK60U-HUE-COM;Redmi;Redmi K60 Ultra;Botón home / huella;Compatible;5,29;;;6
RD-RK70U-MAR-COM;Redmi;Redmi K70 Ultra;Marco / chasis;Compatible;8,35;;;6
RD-RK70U-BOT-COM;Redmi;Redmi K70 Ultra;Botones laterales;Compatible;1,99;;;6
RD-RK70U-CRI-COM;Redmi;Redmi K70 Ultra;Cristal de pantalla;Compatible;3,15;;;6
RD-RK70U-FPR-COM;Redmi;Redmi K70 Ultra;Flex principal;Compatible;2,50;;;6
RD-RK70U-VIB-COM;Redmi;Redmi K70 Ultra;Vibrador;Compatible;1,99;;;6
RD-RK70U-ANT-COM;Redmi;Redmi K70 Ultra;Antena / coaxial;Compatible;2,30;;;6
RD-RK70U-HUE-COM;Redmi;Redmi K70 Ultra;Botón home / huella;Compatible;5,29;;;6
RD-RN11SE2-MAR-COM;Redmi;Redmi Note 11 SE;Marco / chasis;Compatible;9,60;;;6
RD-RN11SE2-BOT-COM;Redmi;Redmi Note 11 SE;Botones laterales;Compatible;2,25;;;6
RD-RN11SE2-CRI-COM;Redmi;Redmi Note 11 SE;Cristal de pantalla;Compatible;3,60;;;6
RD-RN11SE2-FPR-COM;Redmi;Redmi Note 11 SE;Flex principal;Compatible;2,89;;;6
RD-RN11SE2-VIB-COM;Redmi;Redmi Note 11 SE;Vibrador;Compatible;2,25;;;6
RD-RN11SE2-ANT-COM;Redmi;Redmi Note 11 SE;Antena / coaxial;Compatible;2,65;;;6
RD-RN11SE2-HUE-COM;Redmi;Redmi Note 11 SE;Botón home / huella;Compatible;6,05;;;6
RD-RN11E-MAR-COM;Redmi;Redmi Note 11E;Marco / chasis;Compatible;9,60;;;6
RD-RN11E-BOT-COM;Redmi;Redmi Note 11E;Botones laterales;Compatible;2,25;;;6
RD-RN11E-CRI-COM;Redmi;Redmi Note 11E;Cristal de pantalla;Compatible;3,60;;;6
RD-RN11E-FPR-COM;Redmi;Redmi Note 11E;Flex principal;Compatible;2,89;;;6
RD-RN11E-VIB-COM;Redmi;Redmi Note 11E;Vibrador;Compatible;2,25;;;6
RD-RN11E-ANT-COM;Redmi;Redmi Note 11E;Antena / coaxial;Compatible;2,65;;;6
RD-RN11E-HUE-COM;Redmi;Redmi Note 11E;Botón home / huella;Compatible;6,05;;;6
RD-RN15RP-MAR-COM;Redmi;Redmi Note 15R Pro;Marco / chasis;Compatible;12,05;11,69;11,33;6
RD-RN15RP-BOT-COM;Redmi;Redmi Note 15R Pro;Botones laterales;Compatible;2,85;;;6
RD-RN15RP-CRI-COM;Redmi;Redmi Note 15R Pro;Cristal de pantalla;Compatible;4,55;;;6
RD-RN15RP-FPR-COM;Redmi;Redmi Note 15R Pro;Flex principal;Compatible;3,65;;;6
RD-RN15RP-VIB-COM;Redmi;Redmi Note 15R Pro;Vibrador;Compatible;2,85;;;6
RD-RN15RP-ANT-COM;Redmi;Redmi Note 15R Pro;Antena / coaxial;Compatible;3,35;;;6
RD-RN15RP-HUE-COM;Redmi;Redmi Note 15R Pro;Botón home / huella;Compatible;7,60;;;6
RD-RN15S-MAR-COM;Redmi;Redmi Note 15 Special;Marco / chasis;Compatible;10,59;10,27;9,95;6
RD-RN15S-BOT-COM;Redmi;Redmi Note 15 Special;Botones laterales;Compatible;2,50;;;6
RD-RN15S-CRI-COM;Redmi;Redmi Note 15 Special;Cristal de pantalla;Compatible;3,99;;;6
RD-RN15S-FPR-COM;Redmi;Redmi Note 15 Special;Flex principal;Compatible;3,19;;;6
RD-RN15S-VIB-COM;Redmi;Redmi Note 15 Special;Vibrador;Compatible;2,50;;;6
RD-RN15S-ANT-COM;Redmi;Redmi Note 15 Special;Antena / coaxial;Compatible;2,90;;;6
RD-RN15S-HUE-COM;Redmi;Redmi Note 15 Special;Botón home / huella;Compatible;6,69;;;6
RD-RN15SE-MAR-COM;Redmi;Redmi Note 15 SE;Marco / chasis;Compatible;10,59;10,27;9,95;6
RD-RN15SE-BOT-COM;Redmi;Redmi Note 15 SE;Botones laterales;Compatible;2,50;;;6
RD-RN15SE-CRI-COM;Redmi;Redmi Note 15 SE;Cristal de pantalla;Compatible;3,99;;;6
RD-RN15SE-FPR-COM;Redmi;Redmi Note 15 SE;Flex principal;Compatible;3,19;;;6
RD-RN15SE-VIB-COM;Redmi;Redmi Note 15 SE;Vibrador;Compatible;2,50;;;6
RD-RN15SE-ANT-COM;Redmi;Redmi Note 15 SE;Antena / coaxial;Compatible;2,90;;;6
RD-RN15SE-HUE-COM;Redmi;Redmi Note 15 SE;Botón home / huella;Compatible;6,69;;;6
RD-RN15PPL-MAR-COM;Redmi;Redmi Note 15 Pro+;Marco / chasis;Compatible;12,05;11,69;11,33;6
RD-RN15PPL-BOT-COM;Redmi;Redmi Note 15 Pro+;Botones laterales;Compatible;2,85;;;6
RD-RN15PPL-CRI-COM;Redmi;Redmi Note 15 Pro+;Cristal de pantalla;Compatible;4,55;;;6
RD-RN15PPL-FPR-COM;Redmi;Redmi Note 15 Pro+;Flex principal;Compatible;3,65;;;6
RD-RN15PPL-VIB-COM;Redmi;Redmi Note 15 Pro+;Vibrador;Compatible;2,85;;;6
RD-RN15PPL-ANT-COM;Redmi;Redmi Note 15 Pro+;Antena / coaxial;Compatible;3,35;;;6
RD-RN15PPL-HUE-COM;Redmi;Redmi Note 15 Pro+;Botón home / huella;Compatible;7,60;;;6
RD-RK90-MAR-COM;Redmi;Redmi K90;Marco / chasis;Compatible;9,20;;;6
RD-RK90-BOT-COM;Redmi;Redmi K90;Botones laterales;Compatible;2,15;;;6
RD-RK90-CRI-COM;Redmi;Redmi K90;Cristal de pantalla;Compatible;3,45;;;6
RD-RK90-FPR-COM;Redmi;Redmi K90;Flex principal;Compatible;2,75;;;6
RD-RK90-VIB-COM;Redmi;Redmi K90;Vibrador;Compatible;2,15;;;6
RD-RK90-ANT-COM;Redmi;Redmi K90;Antena / coaxial;Compatible;2,55;;;6
RD-RK90-HUE-COM;Redmi;Redmi K90;Botón home / huella;Compatible;5,80;;;6
RD-RK90PM-MAR-COM;Redmi;Redmi K90 Pro Max;Marco / chasis;Compatible;9,20;;;6
RD-RK90PM-BOT-COM;Redmi;Redmi K90 Pro Max;Botones laterales;Compatible;2,15;;;6
RD-RK90PM-CRI-COM;Redmi;Redmi K90 Pro Max;Cristal de pantalla;Compatible;3,45;;;6
RD-RK90PM-FPR-COM;Redmi;Redmi K90 Pro Max;Flex principal;Compatible;2,75;;;6
RD-RK90PM-VIB-COM;Redmi;Redmi K90 Pro Max;Vibrador;Compatible;2,15;;;6
RD-RK90PM-ANT-COM;Redmi;Redmi K90 Pro Max;Antena / coaxial;Compatible;2,55;;;6
RD-RK90PM-HUE-COM;Redmi;Redmi K90 Pro Max;Botón home / huella;Compatible;5,80;;;6
RD-R15R-MAR-COM;Redmi;Redmi 15R;Marco / chasis;Compatible;9,20;;;6
RD-R15R-BOT-COM;Redmi;Redmi 15R;Botones laterales;Compatible;2,15;;;6
RD-R15R-CRI-COM;Redmi;Redmi 15R;Cristal de pantalla;Compatible;3,45;;;6
RD-R15R-FPR-COM;Redmi;Redmi 15R;Flex principal;Compatible;2,75;;;6
RD-R15R-VIB-COM;Redmi;Redmi 15R;Vibrador;Compatible;2,15;;;6
RD-R15R-ANT-COM;Redmi;Redmi 15R;Antena / coaxial;Compatible;2,55;;;6
RD-R15R-HUE-COM;Redmi;Redmi 15R;Botón home / huella;Compatible;5,80;;;6
RD-RN15R-MAR-COM;Redmi;Redmi Note 15R;Marco / chasis;Compatible;10,59;10,27;9,95;6
RD-RN15R-BOT-COM;Redmi;Redmi Note 15R;Botones laterales;Compatible;2,50;;;6
RD-RN15R-CRI-COM;Redmi;Redmi Note 15R;Cristal de pantalla;Compatible;3,99;;;6
RD-RN15R-FPR-COM;Redmi;Redmi Note 15R;Flex principal;Compatible;3,19;;;6
RD-RN15R-VIB-COM;Redmi;Redmi Note 15R;Vibrador;Compatible;2,50;;;6
RD-RN15R-ANT-COM;Redmi;Redmi Note 15R;Antena / coaxial;Compatible;2,90;;;6
RD-RN15R-HUE-COM;Redmi;Redmi Note 15R;Botón home / huella;Compatible;6,69;;;6
RD-RK80U-MAR-COM;Redmi;Redmi K80 Ultra;Marco / chasis;Compatible;9,20;;;6
RD-RK80U-BOT-COM;Redmi;Redmi K80 Ultra;Botones laterales;Compatible;2,15;;;6
RD-RK80U-CRI-COM;Redmi;Redmi K80 Ultra;Cristal de pantalla;Compatible;3,45;;;6
RD-RK80U-FPR-COM;Redmi;Redmi K80 Ultra;Flex principal;Compatible;2,75;;;6
RD-RK80U-VIB-COM;Redmi;Redmi K80 Ultra;Vibrador;Compatible;2,15;;;6
RD-RK80U-ANT-COM;Redmi;Redmi K80 Ultra;Antena / coaxial;Compatible;2,55;;;6
RD-RK80U-HUE-COM;Redmi;Redmi K80 Ultra;Botón home / huella;Compatible;5,80;;;6
RD-RT4P-MAR-COM;Redmi;Redmi Turbo 4 Pro;Marco / chasis;Compatible;9,20;;;6
RD-RT4P-BOT-COM;Redmi;Redmi Turbo 4 Pro;Botones laterales;Compatible;2,15;;;6
RD-RT4P-CRI-COM;Redmi;Redmi Turbo 4 Pro;Cristal de pantalla;Compatible;3,45;;;6
RD-RT4P-FPR-COM;Redmi;Redmi Turbo 4 Pro;Flex principal;Compatible;2,75;;;6
RD-RT4P-VIB-COM;Redmi;Redmi Turbo 4 Pro;Vibrador;Compatible;2,15;;;6
RD-RT4P-ANT-COM;Redmi;Redmi Turbo 4 Pro;Antena / coaxial;Compatible;2,55;;;6
RD-RT4P-HUE-COM;Redmi;Redmi Turbo 4 Pro;Botón home / huella;Compatible;5,80;;;6
RD-R14C5-MAR-COM;Redmi;Redmi 14C 5G;Marco / chasis;Compatible;9,20;;;6
RD-R14C5-BOT-COM;Redmi;Redmi 14C 5G;Botones laterales;Compatible;2,15;;;6
RD-R14C5-CRI-COM;Redmi;Redmi 14C 5G;Cristal de pantalla;Compatible;3,45;;;6
RD-R14C5-FPR-COM;Redmi;Redmi 14C 5G;Flex principal;Compatible;2,75;;;6
RD-R14C5-VIB-COM;Redmi;Redmi 14C 5G;Vibrador;Compatible;2,15;;;6
RD-R14C5-ANT-COM;Redmi;Redmi 14C 5G;Antena / coaxial;Compatible;2,55;;;6
RD-R14C5-HUE-COM;Redmi;Redmi 14C 5G;Botón home / huella;Compatible;5,80;;;6
RD-RT4-MAR-COM;Redmi;Redmi Turbo 4;Marco / chasis;Compatible;9,20;;;6
RD-RT4-BOT-COM;Redmi;Redmi Turbo 4;Botones laterales;Compatible;2,15;;;6
RD-RT4-CRI-COM;Redmi;Redmi Turbo 4;Cristal de pantalla;Compatible;3,45;;;6
RD-RT4-FPR-COM;Redmi;Redmi Turbo 4;Flex principal;Compatible;2,75;;;6
RD-RT4-VIB-COM;Redmi;Redmi Turbo 4;Vibrador;Compatible;2,15;;;6
RD-RT4-ANT-COM;Redmi;Redmi Turbo 4;Antena / coaxial;Compatible;2,55;;;6
RD-RT4-HUE-COM;Redmi;Redmi Turbo 4;Botón home / huella;Compatible;5,80;;;6
RD-RA45-MAR-COM;Redmi;Redmi A4 5G;Marco / chasis;Compatible;9,20;;;6
RD-RA45-BOT-COM;Redmi;Redmi A4 5G;Botones laterales;Compatible;2,15;;;6
RD-RA45-CRI-COM;Redmi;Redmi A4 5G;Cristal de pantalla;Compatible;3,45;;;6
RD-RA45-FPR-COM;Redmi;Redmi A4 5G;Flex principal;Compatible;2,75;;;6
RD-RA45-VIB-COM;Redmi;Redmi A4 5G;Vibrador;Compatible;2,15;;;6
RD-RA45-ANT-COM;Redmi;Redmi A4 5G;Antena / coaxial;Compatible;2,55;;;6
RD-RA45-HUE-COM;Redmi;Redmi A4 5G;Botón home / huella;Compatible;5,80;;;6
RD-RK80-MAR-COM;Redmi;Redmi K80;Marco / chasis;Compatible;9,20;;;6
RD-RK80-BOT-COM;Redmi;Redmi K80;Botones laterales;Compatible;2,15;;;6
RD-RK80-CRI-COM;Redmi;Redmi K80;Cristal de pantalla;Compatible;3,45;;;6
RD-RK80-FPR-COM;Redmi;Redmi K80;Flex principal;Compatible;2,75;;;6
RD-RK80-VIB-COM;Redmi;Redmi K80;Vibrador;Compatible;2,15;;;6
RD-RK80-ANT-COM;Redmi;Redmi K80;Antena / coaxial;Compatible;2,55;;;6
RD-RK80-HUE-COM;Redmi;Redmi K80;Botón home / huella;Compatible;5,80;;;6
RD-RK80P-MAR-COM;Redmi;Redmi K80 Pro;Marco / chasis;Compatible;9,20;;;6
RD-RK80P-BOT-COM;Redmi;Redmi K80 Pro;Botones laterales;Compatible;2,15;;;6
RD-RK80P-CRI-COM;Redmi;Redmi K80 Pro;Cristal de pantalla;Compatible;3,45;;;6
RD-RK80P-FPR-COM;Redmi;Redmi K80 Pro;Flex principal;Compatible;2,75;;;6
RD-RK80P-VIB-COM;Redmi;Redmi K80 Pro;Vibrador;Compatible;2,15;;;6
RD-RK80P-ANT-COM;Redmi;Redmi K80 Pro;Antena / coaxial;Compatible;2,55;;;6
RD-RK80P-HUE-COM;Redmi;Redmi K80 Pro;Botón home / huella;Compatible;5,80;;;6
RD-R14R-MAR-COM;Redmi;Redmi 14R;Marco / chasis;Compatible;9,20;;;6
RD-R14R-BOT-COM;Redmi;Redmi 14R;Botones laterales;Compatible;2,15;;;6
RD-R14R-CRI-COM;Redmi;Redmi 14R;Cristal de pantalla;Compatible;3,45;;;6
RD-R14R-FPR-COM;Redmi;Redmi 14R;Flex principal;Compatible;2,75;;;6
RD-R14R-VIB-COM;Redmi;Redmi 14R;Vibrador;Compatible;2,15;;;6
RD-R14R-ANT-COM;Redmi;Redmi 14R;Antena / coaxial;Compatible;2,55;;;6
RD-R14R-HUE-COM;Redmi;Redmi 14R;Botón home / huella;Compatible;5,80;;;6
RD-RA3X-MAR-COM;Redmi;Redmi A3x;Marco / chasis;Compatible;9,20;;;6
RD-RA3X-BOT-COM;Redmi;Redmi A3x;Botones laterales;Compatible;2,15;;;6
RD-RA3X-CRI-COM;Redmi;Redmi A3x;Cristal de pantalla;Compatible;3,45;;;6
RD-RA3X-FPR-COM;Redmi;Redmi A3x;Flex principal;Compatible;2,75;;;6
RD-RA3X-VIB-COM;Redmi;Redmi A3x;Vibrador;Compatible;2,15;;;6
RD-RA3X-ANT-COM;Redmi;Redmi A3x;Antena / coaxial;Compatible;2,55;;;6
RD-RA3X-HUE-COM;Redmi;Redmi A3x;Botón home / huella;Compatible;5,80;;;6
RD-RN13R-MAR-COM;Redmi;Redmi Note 13R;Marco / chasis;Compatible;10,59;10,27;9,95;6
RD-RN13R-BOT-COM;Redmi;Redmi Note 13R;Botones laterales;Compatible;2,50;;;6
RD-RN13R-CRI-COM;Redmi;Redmi Note 13R;Cristal de pantalla;Compatible;3,99;;;6
RD-RN13R-FPR-COM;Redmi;Redmi Note 13R;Flex principal;Compatible;3,19;;;6
RD-RN13R-VIB-COM;Redmi;Redmi Note 13R;Vibrador;Compatible;2,50;;;6
RD-RN13R-ANT-COM;Redmi;Redmi Note 13R;Antena / coaxial;Compatible;2,90;;;6
RD-RN13R-HUE-COM;Redmi;Redmi Note 13R;Botón home / huella;Compatible;6,69;;;6
RD-RT3-MAR-COM;Redmi;Redmi Turbo 3;Marco / chasis;Compatible;9,20;;;6
RD-RT3-BOT-COM;Redmi;Redmi Turbo 3;Botones laterales;Compatible;2,15;;;6
RD-RT3-CRI-COM;Redmi;Redmi Turbo 3;Cristal de pantalla;Compatible;3,45;;;6
RD-RT3-FPR-COM;Redmi;Redmi Turbo 3;Flex principal;Compatible;2,75;;;6
RD-RT3-VIB-COM;Redmi;Redmi Turbo 3;Vibrador;Compatible;2,15;;;6
RD-RT3-ANT-COM;Redmi;Redmi Turbo 3;Antena / coaxial;Compatible;2,55;;;6
RD-RT3-HUE-COM;Redmi;Redmi Turbo 3;Botón home / huella;Compatible;5,80;;;6
RD-RN13NFC-MAR-COM;Redmi;Redmi Note 13 NFC;Marco / chasis;Compatible;10,59;10,27;9,95;6
RD-RN13NFC-BOT-COM;Redmi;Redmi Note 13 NFC;Botones laterales;Compatible;2,50;;;6
RD-RN13NFC-CRI-COM;Redmi;Redmi Note 13 NFC;Cristal de pantalla;Compatible;3,99;;;6
RD-RN13NFC-FPR-COM;Redmi;Redmi Note 13 NFC;Flex principal;Compatible;3,19;;;6
RD-RN13NFC-VIB-COM;Redmi;Redmi Note 13 NFC;Vibrador;Compatible;2,50;;;6
RD-RN13NFC-ANT-COM;Redmi;Redmi Note 13 NFC;Antena / coaxial;Compatible;2,90;;;6
RD-RN13NFC-HUE-COM;Redmi;Redmi Note 13 NFC;Botón home / huella;Compatible;6,69;;;6
RD-R12R-MAR-COM;Redmi;Redmi 12R;Marco / chasis;Compatible;8,35;;;6
RD-R12R-BOT-COM;Redmi;Redmi 12R;Botones laterales;Compatible;1,99;;;6
RD-R12R-CRI-COM;Redmi;Redmi 12R;Cristal de pantalla;Compatible;3,15;;;6
RD-R12R-FPR-COM;Redmi;Redmi 12R;Flex principal;Compatible;2,50;;;6
RD-R12R-VIB-COM;Redmi;Redmi 12R;Vibrador;Compatible;1,99;;;6
RD-R12R-ANT-COM;Redmi;Redmi 12R;Antena / coaxial;Compatible;2,30;;;6
RD-R12R-HUE-COM;Redmi;Redmi 12R;Botón home / huella;Compatible;5,29;;;6
RD-R13R-MAR-COM;Redmi;Redmi 13R;Marco / chasis;Compatible;8,35;;;6
RD-R13R-BOT-COM;Redmi;Redmi 13R;Botones laterales;Compatible;1,99;;;6
RD-R13R-CRI-COM;Redmi;Redmi 13R;Cristal de pantalla;Compatible;3,15;;;6
RD-R13R-FPR-COM;Redmi;Redmi 13R;Flex principal;Compatible;2,50;;;6
RD-R13R-VIB-COM;Redmi;Redmi 13R;Vibrador;Compatible;1,99;;;6
RD-R13R-ANT-COM;Redmi;Redmi 13R;Antena / coaxial;Compatible;2,30;;;6
RD-R13R-HUE-COM;Redmi;Redmi 13R;Botón home / huella;Compatible;5,29;;;6
RD-RK70-MAR-COM;Redmi;Redmi K70;Marco / chasis;Compatible;8,35;;;6
RD-RK70-BOT-COM;Redmi;Redmi K70;Botones laterales;Compatible;1,99;;;6
RD-RK70-CRI-COM;Redmi;Redmi K70;Cristal de pantalla;Compatible;3,15;;;6
RD-RK70-FPR-COM;Redmi;Redmi K70;Flex principal;Compatible;2,50;;;6
RD-RK70-VIB-COM;Redmi;Redmi K70;Vibrador;Compatible;1,99;;;6
RD-RK70-ANT-COM;Redmi;Redmi K70;Antena / coaxial;Compatible;2,30;;;6
RD-RK70-HUE-COM;Redmi;Redmi K70;Botón home / huella;Compatible;5,29;;;6
RD-RK70P-MAR-COM;Redmi;Redmi K70 Pro;Marco / chasis;Compatible;8,35;;;6
RD-RK70P-BOT-COM;Redmi;Redmi K70 Pro;Botones laterales;Compatible;1,99;;;6
RD-RK70P-CRI-COM;Redmi;Redmi K70 Pro;Cristal de pantalla;Compatible;3,15;;;6
RD-RK70P-FPR-COM;Redmi;Redmi K70 Pro;Flex principal;Compatible;2,50;;;6
RD-RK70P-VIB-COM;Redmi;Redmi K70 Pro;Vibrador;Compatible;1,99;;;6
RD-RK70P-ANT-COM;Redmi;Redmi K70 Pro;Antena / coaxial;Compatible;2,30;;;6
RD-RK70P-HUE-COM;Redmi;Redmi K70 Pro;Botón home / huella;Compatible;5,29;;;6
RD-RK70E-MAR-COM;Redmi;Redmi K70E;Marco / chasis;Compatible;8,35;;;6
RD-RK70E-BOT-COM;Redmi;Redmi K70E;Botones laterales;Compatible;1,99;;;6
RD-RK70E-CRI-COM;Redmi;Redmi K70E;Cristal de pantalla;Compatible;3,15;;;6
RD-RK70E-FPR-COM;Redmi;Redmi K70E;Flex principal;Compatible;2,50;;;6
RD-RK70E-VIB-COM;Redmi;Redmi K70E;Vibrador;Compatible;1,99;;;6
RD-RK70E-ANT-COM;Redmi;Redmi K70E;Antena / coaxial;Compatible;2,30;;;6
RD-RK70E-HUE-COM;Redmi;Redmi K70E;Botón home / huella;Compatible;5,29;;;6
RD-RN12TP-MAR-COM;Redmi;Redmi Note 12T Pro;Marco / chasis;Compatible;10,95;10,62;10,29;6
RD-RN12TP-BOT-COM;Redmi;Redmi Note 12T Pro;Botones laterales;Compatible;2,59;;;6
RD-RN12TP-CRI-COM;Redmi;Redmi Note 12T Pro;Cristal de pantalla;Compatible;4,15;;;6
RD-RN12TP-FPR-COM;Redmi;Redmi Note 12T Pro;Flex principal;Compatible;3,30;;;6
RD-RN12TP-VIB-COM;Redmi;Redmi Note 12T Pro;Vibrador;Compatible;2,59;;;6
RD-RN12TP-ANT-COM;Redmi;Redmi Note 12T Pro;Antena / coaxial;Compatible;3,05;;;6
RD-RN12TP-HUE-COM;Redmi;Redmi Note 12T Pro;Botón home / huella;Compatible;6,95;;;6
RD-RN12RP-MAR-COM;Redmi;Redmi Note 12R Pro;Marco / chasis;Compatible;10,95;10,62;10,29;6
RD-RN12RP-BOT-COM;Redmi;Redmi Note 12R Pro;Botones laterales;Compatible;2,59;;;6
RD-RN12RP-CRI-COM;Redmi;Redmi Note 12R Pro;Cristal de pantalla;Compatible;4,15;;;6
RD-RN12RP-FPR-COM;Redmi;Redmi Note 12R Pro;Flex principal;Compatible;3,30;;;6
RD-RN12RP-VIB-COM;Redmi;Redmi Note 12R Pro;Vibrador;Compatible;2,59;;;6
RD-RN12RP-ANT-COM;Redmi;Redmi Note 12R Pro;Antena / coaxial;Compatible;3,05;;;6
RD-RN12RP-HUE-COM;Redmi;Redmi Note 12R Pro;Botón home / huella;Compatible;6,95;;;6
RD-RA2PL-MAR-COM;Redmi;Redmi A2+;Marco / chasis;Compatible;8,35;;;6
RD-RA2PL-BOT-COM;Redmi;Redmi A2+;Botones laterales;Compatible;1,99;;;6
RD-RA2PL-CRI-COM;Redmi;Redmi A2+;Cristal de pantalla;Compatible;3,15;;;6
RD-RA2PL-FPR-COM;Redmi;Redmi A2+;Flex principal;Compatible;2,50;;;6
RD-RA2PL-VIB-COM;Redmi;Redmi A2+;Vibrador;Compatible;1,99;;;6
RD-RA2PL-ANT-COM;Redmi;Redmi A2+;Antena / coaxial;Compatible;2,30;;;6
RD-RA2PL-HUE-COM;Redmi;Redmi A2+;Botón home / huella;Compatible;5,29;;;6
RD-RN12T-MAR-COM;Redmi;Redmi Note 12 Turbo;Marco / chasis;Compatible;9,60;;;6
RD-RN12T-BOT-COM;Redmi;Redmi Note 12 Turbo;Botones laterales;Compatible;2,25;;;6
RD-RN12T-CRI-COM;Redmi;Redmi Note 12 Turbo;Cristal de pantalla;Compatible;3,60;;;6
RD-RN12T-FPR-COM;Redmi;Redmi Note 12 Turbo;Flex principal;Compatible;2,89;;;6
RD-RN12T-VIB-COM;Redmi;Redmi Note 12 Turbo;Vibrador;Compatible;2,25;;;6
RD-RN12T-ANT-COM;Redmi;Redmi Note 12 Turbo;Antena / coaxial;Compatible;2,65;;;6
RD-RN12T-HUE-COM;Redmi;Redmi Note 12 Turbo;Botón home / huella;Compatible;6,05;;;6
RD-RK60-MAR-COM;Redmi;Redmi K60;Marco / chasis;Compatible;8,35;;;6
RD-RK60-BOT-COM;Redmi;Redmi K60;Botones laterales;Compatible;1,99;;;6
RD-RK60-CRI-COM;Redmi;Redmi K60;Cristal de pantalla;Compatible;3,15;;;6
RD-RK60-FPR-COM;Redmi;Redmi K60;Flex principal;Compatible;2,50;;;6
RD-RK60-VIB-COM;Redmi;Redmi K60;Vibrador;Compatible;1,99;;;6
RD-RK60-ANT-COM;Redmi;Redmi K60;Antena / coaxial;Compatible;2,30;;;6
RD-RK60-HUE-COM;Redmi;Redmi K60;Botón home / huella;Compatible;5,29;;;6
RD-RK60P-MAR-COM;Redmi;Redmi K60 Pro;Marco / chasis;Compatible;8,35;;;6
RD-RK60P-BOT-COM;Redmi;Redmi K60 Pro;Botones laterales;Compatible;1,99;;;6
RD-RK60P-CRI-COM;Redmi;Redmi K60 Pro;Cristal de pantalla;Compatible;3,15;;;6
RD-RK60P-FPR-COM;Redmi;Redmi K60 Pro;Flex principal;Compatible;2,50;;;6
RD-RK60P-VIB-COM;Redmi;Redmi K60 Pro;Vibrador;Compatible;1,99;;;6
RD-RK60P-ANT-COM;Redmi;Redmi K60 Pro;Antena / coaxial;Compatible;2,30;;;6
RD-RK60P-HUE-COM;Redmi;Redmi K60 Pro;Botón home / huella;Compatible;5,29;;;6
RD-RK60E-MAR-COM;Redmi;Redmi K60E;Marco / chasis;Compatible;8,35;;;6
RD-RK60E-BOT-COM;Redmi;Redmi K60E;Botones laterales;Compatible;1,99;;;6
RD-RK60E-CRI-COM;Redmi;Redmi K60E;Cristal de pantalla;Compatible;3,15;;;6
RD-RK60E-FPR-COM;Redmi;Redmi K60E;Flex principal;Compatible;2,50;;;6
RD-RK60E-VIB-COM;Redmi;Redmi K60E;Vibrador;Compatible;1,99;;;6
RD-RK60E-ANT-COM;Redmi;Redmi K60E;Antena / coaxial;Compatible;2,30;;;6
RD-RK60E-HUE-COM;Redmi;Redmi K60E;Botón home / huella;Compatible;5,29;;;6
RD-RN12PS-MAR-COM;Redmi;Redmi Note 12 Pro Speed;Marco / chasis;Compatible;10,95;10,62;10,29;6
RD-RN12PS-BOT-COM;Redmi;Redmi Note 12 Pro Speed;Botones laterales;Compatible;2,59;;;6
RD-RN12PS-CRI-COM;Redmi;Redmi Note 12 Pro Speed;Cristal de pantalla;Compatible;4,15;;;6
RD-RN12PS-FPR-COM;Redmi;Redmi Note 12 Pro Speed;Flex principal;Compatible;3,30;;;6
RD-RN12PS-VIB-COM;Redmi;Redmi Note 12 Pro Speed;Vibrador;Compatible;2,59;;;6
RD-RN12PS-ANT-COM;Redmi;Redmi Note 12 Pro Speed;Antena / coaxial;Compatible;3,05;;;6
RD-RN12PS-HUE-COM;Redmi;Redmi Note 12 Pro Speed;Botón home / huella;Compatible;6,95;;;6
RD-RN12D-MAR-COM;Redmi;Redmi Note 12 Discovery;Marco / chasis;Compatible;9,60;;;6
RD-RN12D-BOT-COM;Redmi;Redmi Note 12 Discovery;Botones laterales;Compatible;2,25;;;6
RD-RN12D-CRI-COM;Redmi;Redmi Note 12 Discovery;Cristal de pantalla;Compatible;3,60;;;6
RD-RN12D-FPR-COM;Redmi;Redmi Note 12 Discovery;Flex principal;Compatible;2,89;;;6
RD-RN12D-VIB-COM;Redmi;Redmi Note 12 Discovery;Vibrador;Compatible;2,25;;;6
RD-RN12D-ANT-COM;Redmi;Redmi Note 12 Discovery;Antena / coaxial;Compatible;2,65;;;6
RD-RN12D-HUE-COM;Redmi;Redmi Note 12 Discovery;Botón home / huella;Compatible;6,05;;;6
RD-RN12PPL-MAR-COM;Redmi;Redmi Note 12 Pro+;Marco / chasis;Compatible;10,95;10,62;10,29;6
RD-RN12PPL-BOT-COM;Redmi;Redmi Note 12 Pro+;Botones laterales;Compatible;2,59;;;6
RD-RN12PPL-CRI-COM;Redmi;Redmi Note 12 Pro+;Cristal de pantalla;Compatible;4,15;;;6
RD-RN12PPL-FPR-COM;Redmi;Redmi Note 12 Pro+;Flex principal;Compatible;3,30;;;6
RD-RN12PPL-VIB-COM;Redmi;Redmi Note 12 Pro+;Vibrador;Compatible;2,59;;;6
RD-RN12PPL-ANT-COM;Redmi;Redmi Note 12 Pro+;Antena / coaxial;Compatible;3,05;;;6
RD-RN12PPL-HUE-COM;Redmi;Redmi Note 12 Pro+;Botón home / huella;Compatible;6,95;;;6
RD-R11P-MAR-COM;Redmi;Redmi 11 Prime;Marco / chasis;Compatible;8,35;;;6
RD-R11P-BOT-COM;Redmi;Redmi 11 Prime;Botones laterales;Compatible;1,99;;;6
RD-R11P-CRI-COM;Redmi;Redmi 11 Prime;Cristal de pantalla;Compatible;3,15;;;6
RD-R11P-FPR-COM;Redmi;Redmi 11 Prime;Flex principal;Compatible;2,50;;;6
RD-R11P-VIB-COM;Redmi;Redmi 11 Prime;Vibrador;Compatible;1,99;;;6
RD-R11P-ANT-COM;Redmi;Redmi 11 Prime;Antena / coaxial;Compatible;2,30;;;6
RD-R11P-HUE-COM;Redmi;Redmi 11 Prime;Botón home / huella;Compatible;5,29;;;6
RD-R11P5-MAR-COM;Redmi;Redmi 11 Prime 5G;Marco / chasis;Compatible;8,35;;;6
RD-R11P5-BOT-COM;Redmi;Redmi 11 Prime 5G;Botones laterales;Compatible;1,99;;;6
RD-R11P5-CRI-COM;Redmi;Redmi 11 Prime 5G;Cristal de pantalla;Compatible;3,15;;;6
RD-R11P5-FPR-COM;Redmi;Redmi 11 Prime 5G;Flex principal;Compatible;2,50;;;6
RD-R11P5-VIB-COM;Redmi;Redmi 11 Prime 5G;Vibrador;Compatible;1,99;;;6
RD-R11P5-ANT-COM;Redmi;Redmi 11 Prime 5G;Antena / coaxial;Compatible;2,30;;;6
RD-R11P5-HUE-COM;Redmi;Redmi 11 Prime 5G;Botón home / huella;Compatible;5,29;;;6
RD-RA1PL-MAR-COM;Redmi;Redmi A1+;Marco / chasis;Compatible;8,35;;;6
RD-RA1PL-BOT-COM;Redmi;Redmi A1+;Botones laterales;Compatible;1,99;;;6
RD-RA1PL-CRI-COM;Redmi;Redmi A1+;Cristal de pantalla;Compatible;3,15;;;6
RD-RA1PL-FPR-COM;Redmi;Redmi A1+;Flex principal;Compatible;2,50;;;6
RD-RA1PL-VIB-COM;Redmi;Redmi A1+;Vibrador;Compatible;1,99;;;6
RD-RA1PL-ANT-COM;Redmi;Redmi A1+;Antena / coaxial;Compatible;2,30;;;6
RD-RA1PL-HUE-COM;Redmi;Redmi A1+;Botón home / huella;Compatible;5,29;;;6
RD-RN11R-MAR-COM;Redmi;Redmi Note 11R;Marco / chasis;Compatible;9,60;;;6
RD-RN11R-BOT-COM;Redmi;Redmi Note 11R;Botones laterales;Compatible;2,25;;;6
RD-RN11R-CRI-COM;Redmi;Redmi Note 11R;Cristal de pantalla;Compatible;3,60;;;6
RD-RN11R-FPR-COM;Redmi;Redmi Note 11R;Flex principal;Compatible;2,89;;;6
RD-RN11R-VIB-COM;Redmi;Redmi Note 11R;Vibrador;Compatible;2,25;;;6
RD-RN11R-ANT-COM;Redmi;Redmi Note 11R;Antena / coaxial;Compatible;2,65;;;6
RD-RN11R-HUE-COM;Redmi;Redmi Note 11R;Botón home / huella;Compatible;6,05;;;6
RD-R10AS-MAR-COM;Redmi;Redmi 10A Sport;Marco / chasis;Compatible;8,35;;;6
RD-R10AS-BOT-COM;Redmi;Redmi 10A Sport;Botones laterales;Compatible;1,99;;;6
RD-R10AS-CRI-COM;Redmi;Redmi 10A Sport;Cristal de pantalla;Compatible;3,15;;;6
RD-R10AS-FPR-COM;Redmi;Redmi 10A Sport;Flex principal;Compatible;2,50;;;6
RD-R10AS-VIB-COM;Redmi;Redmi 10A Sport;Vibrador;Compatible;1,99;;;6
RD-R10AS-ANT-COM;Redmi;Redmi 10A Sport;Antena / coaxial;Compatible;2,30;;;6
RD-R10AS-HUE-COM;Redmi;Redmi 10A Sport;Botón home / huella;Compatible;5,29;;;6
RD-R10P22-MAR-COM;Redmi;Redmi 10 Prime 2022;Marco / chasis;Compatible;8,35;;;6
RD-R10P22-BOT-COM;Redmi;Redmi 10 Prime 2022;Botones laterales;Compatible;1,99;;;6
RD-R10P22-CRI-COM;Redmi;Redmi 10 Prime 2022;Cristal de pantalla;Compatible;3,15;;;6
RD-R10P22-FPR-COM;Redmi;Redmi 10 Prime 2022;Flex principal;Compatible;2,50;;;6
RD-R10P22-VIB-COM;Redmi;Redmi 10 Prime 2022;Vibrador;Compatible;1,99;;;6
RD-R10P22-ANT-COM;Redmi;Redmi 10 Prime 2022;Antena / coaxial;Compatible;2,30;;;6
RD-R10P22-HUE-COM;Redmi;Redmi 10 Prime 2022;Botón home / huella;Compatible;5,29;;;6
RD-RN11TP-MAR-COM;Redmi;Redmi Note 11T Pro;Marco / chasis;Compatible;10,95;10,62;10,29;6
RD-RN11TP-BOT-COM;Redmi;Redmi Note 11T Pro;Botones laterales;Compatible;2,59;;;6
RD-RN11TP-CRI-COM;Redmi;Redmi Note 11T Pro;Cristal de pantalla;Compatible;4,15;;;6
RD-RN11TP-FPR-COM;Redmi;Redmi Note 11T Pro;Flex principal;Compatible;3,30;;;6
RD-RN11TP-VIB-COM;Redmi;Redmi Note 11T Pro;Vibrador;Compatible;2,59;;;6
RD-RN11TP-ANT-COM;Redmi;Redmi Note 11T Pro;Antena / coaxial;Compatible;3,05;;;6
RD-RN11TP-HUE-COM;Redmi;Redmi Note 11T Pro;Botón home / huella;Compatible;6,95;;;6
RD-RN11TPPL-MAR-COM;Redmi;Redmi Note 11T Pro+;Marco / chasis;Compatible;10,95;10,62;10,29;6
RD-RN11TPPL-BOT-COM;Redmi;Redmi Note 11T Pro+;Botones laterales;Compatible;2,59;;;6
RD-RN11TPPL-CRI-COM;Redmi;Redmi Note 11T Pro+;Cristal de pantalla;Compatible;4,15;;;6
RD-RN11TPPL-FPR-COM;Redmi;Redmi Note 11T Pro+;Flex principal;Compatible;3,30;;;6
RD-RN11TPPL-VIB-COM;Redmi;Redmi Note 11T Pro+;Vibrador;Compatible;2,59;;;6
RD-RN11TPPL-ANT-COM;Redmi;Redmi Note 11T Pro+;Antena / coaxial;Compatible;3,05;;;6
RD-RN11TPPL-HUE-COM;Redmi;Redmi Note 11T Pro+;Botón home / huella;Compatible;6,95;;;6
RD-R10PW-MAR-COM;Redmi;Redmi 10 Power;Marco / chasis;Compatible;8,35;;;6
RD-R10PW-BOT-COM;Redmi;Redmi 10 Power;Botones laterales;Compatible;1,99;;;6
RD-R10PW-CRI-COM;Redmi;Redmi 10 Power;Cristal de pantalla;Compatible;3,15;;;6
RD-R10PW-FPR-COM;Redmi;Redmi 10 Power;Flex principal;Compatible;2,50;;;6
RD-R10PW-VIB-COM;Redmi;Redmi 10 Power;Vibrador;Compatible;1,99;;;6
RD-R10PW-ANT-COM;Redmi;Redmi 10 Power;Antena / coaxial;Compatible;2,30;;;6
RD-R10PW-HUE-COM;Redmi;Redmi 10 Power;Botón home / huella;Compatible;5,29;;;6
RD-RN10T-MAR-COM;Redmi;Redmi Note 10T;Marco / chasis;Compatible;9,60;;;6
RD-RN10T-BOT-COM;Redmi;Redmi Note 10T;Botones laterales;Compatible;2,25;;;6
RD-RN10T-CRI-COM;Redmi;Redmi Note 10T;Cristal de pantalla;Compatible;3,60;;;6
RD-RN10T-FPR-COM;Redmi;Redmi Note 10T;Flex principal;Compatible;2,89;;;6
RD-RN10T-VIB-COM;Redmi;Redmi Note 10T;Vibrador;Compatible;2,25;;;6
RD-RN10T-ANT-COM;Redmi;Redmi Note 10T;Antena / coaxial;Compatible;2,65;;;6
RD-RN10T-HUE-COM;Redmi;Redmi Note 10T;Botón home / huella;Compatible;6,05;;;6
RD-RK40S-MAR-COM;Redmi;Redmi K40S;Marco / chasis;Compatible;8,35;;;6
RD-RK40S-BOT-COM;Redmi;Redmi K40S;Botones laterales;Compatible;1,99;;;6
RD-RK40S-CRI-COM;Redmi;Redmi K40S;Cristal de pantalla;Compatible;3,15;;;6
RD-RK40S-FPR-COM;Redmi;Redmi K40S;Flex principal;Compatible;2,50;;;6
RD-RK40S-VIB-COM;Redmi;Redmi K40S;Vibrador;Compatible;1,99;;;6
RD-RK40S-ANT-COM;Redmi;Redmi K40S;Antena / coaxial;Compatible;2,30;;;6
RD-RK40S-HUE-COM;Redmi;Redmi K40S;Botón home / huella;Compatible;5,29;;;6
RD-RK50-MAR-COM;Redmi;Redmi K50;Marco / chasis;Compatible;8,35;;;6
RD-RK50-BOT-COM;Redmi;Redmi K50;Botones laterales;Compatible;1,99;;;6
RD-RK50-CRI-COM;Redmi;Redmi K50;Cristal de pantalla;Compatible;3,15;;;6
RD-RK50-FPR-COM;Redmi;Redmi K50;Flex principal;Compatible;2,50;;;6
RD-RK50-VIB-COM;Redmi;Redmi K50;Vibrador;Compatible;1,99;;;6
RD-RK50-ANT-COM;Redmi;Redmi K50;Antena / coaxial;Compatible;2,30;;;6
RD-RK50-HUE-COM;Redmi;Redmi K50;Botón home / huella;Compatible;5,29;;;6
RD-RK50P-MAR-COM;Redmi;Redmi K50 Pro;Marco / chasis;Compatible;8,35;;;6
RD-RK50P-BOT-COM;Redmi;Redmi K50 Pro;Botones laterales;Compatible;1,99;;;6
RD-RK50P-CRI-COM;Redmi;Redmi K50 Pro;Cristal de pantalla;Compatible;3,15;;;6
RD-RK50P-FPR-COM;Redmi;Redmi K50 Pro;Flex principal;Compatible;2,50;;;6
RD-RK50P-VIB-COM;Redmi;Redmi K50 Pro;Vibrador;Compatible;1,99;;;6
RD-RK50P-ANT-COM;Redmi;Redmi K50 Pro;Antena / coaxial;Compatible;2,30;;;6
RD-RK50P-HUE-COM;Redmi;Redmi K50 Pro;Botón home / huella;Compatible;5,29;;;6
RD-RN11EP-MAR-COM;Redmi;Redmi Note 11E Pro;Marco / chasis;Compatible;10,95;10,62;10,29;6
RD-RN11EP-BOT-COM;Redmi;Redmi Note 11E Pro;Botones laterales;Compatible;2,59;;;6
RD-RN11EP-CRI-COM;Redmi;Redmi Note 11E Pro;Cristal de pantalla;Compatible;4,15;;;6
RD-RN11EP-FPR-COM;Redmi;Redmi Note 11E Pro;Flex principal;Compatible;3,30;;;6
RD-RN11EP-VIB-COM;Redmi;Redmi Note 11E Pro;Vibrador;Compatible;2,59;;;6
RD-RN11EP-ANT-COM;Redmi;Redmi Note 11E Pro;Antena / coaxial;Compatible;3,05;;;6
RD-RN11EP-HUE-COM;Redmi;Redmi Note 11E Pro;Botón home / huella;Compatible;6,95;;;6
RD-RK50G-MAR-COM;Redmi;Redmi K50G;Marco / chasis;Compatible;8,35;;;6
RD-RK50G-BOT-COM;Redmi;Redmi K50G;Botones laterales;Compatible;1,99;;;6
RD-RK50G-CRI-COM;Redmi;Redmi K50G;Cristal de pantalla;Compatible;3,15;;;6
RD-RK50G-FPR-COM;Redmi;Redmi K50G;Flex principal;Compatible;2,50;;;6
RD-RK50G-VIB-COM;Redmi;Redmi K50G;Vibrador;Compatible;1,99;;;6
RD-RK50G-ANT-COM;Redmi;Redmi K50G;Antena / coaxial;Compatible;2,30;;;6
RD-RK50G-HUE-COM;Redmi;Redmi K50G;Botón home / huella;Compatible;5,29;;;6
RD-RN114-MAR-COM;Redmi;Redmi Note 11 4G;Marco / chasis;Compatible;9,60;;;6
RD-RN114-BOT-COM;Redmi;Redmi Note 11 4G;Botones laterales;Compatible;2,25;;;6
RD-RN114-CRI-COM;Redmi;Redmi Note 11 4G;Cristal de pantalla;Compatible;3,60;;;6
RD-RN114-FPR-COM;Redmi;Redmi Note 11 4G;Flex principal;Compatible;2,89;;;6
RD-RN114-VIB-COM;Redmi;Redmi Note 11 4G;Vibrador;Compatible;2,25;;;6
RD-RN114-ANT-COM;Redmi;Redmi Note 11 4G;Antena / coaxial;Compatible;2,65;;;6
RD-RN114-HUE-COM;Redmi;Redmi Note 11 4G;Botón home / huella;Compatible;6,05;;;6
RD-RN10L-MAR-COM;Redmi;Redmi Note 10 Lite;Marco / chasis;Compatible;9,60;;;6
RD-RN10L-BOT-COM;Redmi;Redmi Note 10 Lite;Botones laterales;Compatible;2,25;;;6
RD-RN10L-CRI-COM;Redmi;Redmi Note 10 Lite;Cristal de pantalla;Compatible;3,60;;;6
RD-RN10L-FPR-COM;Redmi;Redmi Note 10 Lite;Flex principal;Compatible;2,89;;;6
RD-RN10L-VIB-COM;Redmi;Redmi Note 10 Lite;Vibrador;Compatible;2,25;;;6
RD-RN10L-ANT-COM;Redmi;Redmi Note 10 Lite;Antena / coaxial;Compatible;2,65;;;6
RD-RN10L-HUE-COM;Redmi;Redmi Note 10 Lite;Botón home / huella;Compatible;6,05;;;6
RD-RN115-MAR-COM;Redmi;Redmi Note 11 5G;Marco / chasis;Compatible;9,60;;;6
RD-RN115-BOT-COM;Redmi;Redmi Note 11 5G;Botones laterales;Compatible;2,25;;;6
RD-RN115-CRI-COM;Redmi;Redmi Note 11 5G;Cristal de pantalla;Compatible;3,60;;;6
RD-RN115-FPR-COM;Redmi;Redmi Note 11 5G;Flex principal;Compatible;2,89;;;6
RD-RN115-VIB-COM;Redmi;Redmi Note 11 5G;Vibrador;Compatible;2,25;;;6
RD-RN115-ANT-COM;Redmi;Redmi Note 11 5G;Antena / coaxial;Compatible;2,65;;;6
RD-RN115-HUE-COM;Redmi;Redmi Note 11 5G;Botón home / huella;Compatible;6,05;;;6
RD-R10P-MAR-COM;Redmi;Redmi 10 Prime;Marco / chasis;Compatible;8,35;;;6
RD-R10P-BOT-COM;Redmi;Redmi 10 Prime;Botones laterales;Compatible;1,99;;;6
RD-R10P-CRI-COM;Redmi;Redmi 10 Prime;Cristal de pantalla;Compatible;3,15;;;6
RD-R10P-FPR-COM;Redmi;Redmi 10 Prime;Flex principal;Compatible;2,50;;;6
RD-R10P-VIB-COM;Redmi;Redmi 10 Prime;Vibrador;Compatible;1,99;;;6
RD-R10P-ANT-COM;Redmi;Redmi 10 Prime;Antena / coaxial;Compatible;2,30;;;6
RD-R10P-HUE-COM;Redmi;Redmi 10 Prime;Botón home / huella;Compatible;5,29;;;6
RD-REDMI9AC-MAR-COM;Redmi;Redmi 9 Activ;Marco / chasis;Compatible;8,35;;;6
RD-REDMI9AC-BOT-COM;Redmi;Redmi 9 Activ;Botones laterales;Compatible;1,99;;;6
RD-REDMI9AC-CRI-COM;Redmi;Redmi 9 Activ;Cristal de pantalla;Compatible;3,15;;;6
RD-REDMI9AC-FPR-COM;Redmi;Redmi 9 Activ;Flex principal;Compatible;2,50;;;6
RD-REDMI9AC-VIB-COM;Redmi;Redmi 9 Activ;Vibrador;Compatible;1,99;;;6
RD-REDMI9AC-ANT-COM;Redmi;Redmi 9 Activ;Antena / coaxial;Compatible;2,30;;;6
RD-REDMI9AC-HUE-COM;Redmi;Redmi 9 Activ;Botón home / huella;Compatible;5,29;;;6
RD-R9I-MAR-COM;Redmi;Redmi 9i;Marco / chasis;Compatible;8,35;;;6
RD-R9I-BOT-COM;Redmi;Redmi 9i;Botones laterales;Compatible;1,99;;;6
RD-R9I-CRI-COM;Redmi;Redmi 9i;Cristal de pantalla;Compatible;3,15;;;6
RD-R9I-FPR-COM;Redmi;Redmi 9i;Flex principal;Compatible;2,50;;;6
RD-R9I-VIB-COM;Redmi;Redmi 9i;Vibrador;Compatible;1,99;;;6
RD-R9I-ANT-COM;Redmi;Redmi 9i;Antena / coaxial;Compatible;2,30;;;6
RD-R9I-HUE-COM;Redmi;Redmi 9i;Botón home / huella;Compatible;5,29;;;6
RD-R9IS-MAR-COM;Redmi;Redmi 9i Sport;Marco / chasis;Compatible;8,35;;;6
RD-R9IS-BOT-COM;Redmi;Redmi 9i Sport;Botones laterales;Compatible;1,99;;;6
RD-R9IS-CRI-COM;Redmi;Redmi 9i Sport;Cristal de pantalla;Compatible;3,15;;;6
RD-R9IS-FPR-COM;Redmi;Redmi 9i Sport;Flex principal;Compatible;2,50;;;6
RD-R9IS-VIB-COM;Redmi;Redmi 9i Sport;Vibrador;Compatible;1,99;;;6
RD-R9IS-ANT-COM;Redmi;Redmi 9i Sport;Antena / coaxial;Compatible;2,30;;;6
RD-R9IS-HUE-COM;Redmi;Redmi 9i Sport;Botón home / huella;Compatible;5,29;;;6
RD-RN10JE-MAR-COM;Redmi;Redmi Note 10 JE;Marco / chasis;Compatible;9,60;;;6
RD-RN10JE-BOT-COM;Redmi;Redmi Note 10 JE;Botones laterales;Compatible;2,25;;;6
RD-RN10JE-CRI-COM;Redmi;Redmi Note 10 JE;Cristal de pantalla;Compatible;3,60;;;6
RD-RN10JE-FPR-COM;Redmi;Redmi Note 10 JE;Flex principal;Compatible;2,89;;;6
RD-RN10JE-VIB-COM;Redmi;Redmi Note 10 JE;Vibrador;Compatible;2,25;;;6
RD-RN10JE-ANT-COM;Redmi;Redmi Note 10 JE;Antena / coaxial;Compatible;2,65;;;6
RD-RN10JE-HUE-COM;Redmi;Redmi Note 10 JE;Botón home / huella;Compatible;6,05;;;6
RD-RN10T5-MAR-COM;Redmi;Redmi Note 10T 5G;Marco / chasis;Compatible;9,60;;;6
RD-RN10T5-BOT-COM;Redmi;Redmi Note 10T 5G;Botones laterales;Compatible;2,25;;;6
RD-RN10T5-CRI-COM;Redmi;Redmi Note 10T 5G;Cristal de pantalla;Compatible;3,60;;;6
RD-RN10T5-FPR-COM;Redmi;Redmi Note 10T 5G;Flex principal;Compatible;2,89;;;6
RD-RN10T5-VIB-COM;Redmi;Redmi Note 10T 5G;Vibrador;Compatible;2,25;;;6
RD-RN10T5-ANT-COM;Redmi;Redmi Note 10T 5G;Antena / coaxial;Compatible;2,65;;;6
RD-RN10T5-HUE-COM;Redmi;Redmi Note 10T 5G;Botón home / huella;Compatible;6,05;;;6
RD-RN10P5-MAR-COM;Redmi;Redmi Note 10 Pro 5G;Marco / chasis;Compatible;10,95;10,62;10,29;6
RD-RN10P5-BOT-COM;Redmi;Redmi Note 10 Pro 5G;Botones laterales;Compatible;2,59;;;6
RD-RN10P5-CRI-COM;Redmi;Redmi Note 10 Pro 5G;Cristal de pantalla;Compatible;4,15;;;6
RD-RN10P5-FPR-COM;Redmi;Redmi Note 10 Pro 5G;Flex principal;Compatible;3,30;;;6
RD-RN10P5-VIB-COM;Redmi;Redmi Note 10 Pro 5G;Vibrador;Compatible;2,59;;;6
RD-RN10P5-ANT-COM;Redmi;Redmi Note 10 Pro 5G;Antena / coaxial;Compatible;3,05;;;6
RD-RN10P5-HUE-COM;Redmi;Redmi Note 10 Pro 5G;Botón home / huella;Compatible;6,95;;;6
RD-RK40G-MAR-COM;Redmi;Redmi K40 Gaming;Marco / chasis;Compatible;8,35;;;6
RD-RK40G-BOT-COM;Redmi;Redmi K40 Gaming;Botones laterales;Compatible;1,99;;;6
RD-RK40G-CRI-COM;Redmi;Redmi K40 Gaming;Cristal de pantalla;Compatible;3,15;;;6
RD-RK40G-FPR-COM;Redmi;Redmi K40 Gaming;Flex principal;Compatible;2,50;;;6
RD-RK40G-VIB-COM;Redmi;Redmi K40 Gaming;Vibrador;Compatible;1,99;;;6
RD-RK40G-ANT-COM;Redmi;Redmi K40 Gaming;Antena / coaxial;Compatible;2,30;;;6
RD-RK40G-HUE-COM;Redmi;Redmi K40 Gaming;Botón home / huella;Compatible;5,29;;;6
RD-RK40-MAR-COM;Redmi;Redmi K40;Marco / chasis;Compatible;8,35;;;6
RD-RK40-BOT-COM;Redmi;Redmi K40;Botones laterales;Compatible;1,99;;;6
RD-RK40-CRI-COM;Redmi;Redmi K40;Cristal de pantalla;Compatible;3,15;;;6
RD-RK40-FPR-COM;Redmi;Redmi K40;Flex principal;Compatible;2,50;;;6
RD-RK40-VIB-COM;Redmi;Redmi K40;Vibrador;Compatible;1,99;;;6
RD-RK40-ANT-COM;Redmi;Redmi K40;Antena / coaxial;Compatible;2,30;;;6
RD-RK40-HUE-COM;Redmi;Redmi K40;Botón home / huella;Compatible;5,29;;;6
RD-RK40P-MAR-COM;Redmi;Redmi K40 Pro;Marco / chasis;Compatible;8,35;;;6
RD-RK40P-BOT-COM;Redmi;Redmi K40 Pro;Botones laterales;Compatible;1,99;;;6
RD-RK40P-CRI-COM;Redmi;Redmi K40 Pro;Cristal de pantalla;Compatible;3,15;;;6
RD-RK40P-FPR-COM;Redmi;Redmi K40 Pro;Flex principal;Compatible;2,50;;;6
RD-RK40P-VIB-COM;Redmi;Redmi K40 Pro;Vibrador;Compatible;1,99;;;6
RD-RK40P-ANT-COM;Redmi;Redmi K40 Pro;Antena / coaxial;Compatible;2,30;;;6
RD-RK40P-HUE-COM;Redmi;Redmi K40 Pro;Botón home / huella;Compatible;5,29;;;6
RD-RN10PM-MAR-COM;Redmi;Redmi Note 10 Pro Max;Marco / chasis;Compatible;10,95;10,62;10,29;6
RD-RN10PM-BOT-COM;Redmi;Redmi Note 10 Pro Max;Botones laterales;Compatible;2,59;;;6
RD-RN10PM-CRI-COM;Redmi;Redmi Note 10 Pro Max;Cristal de pantalla;Compatible;4,15;;;6
RD-RN10PM-FPR-COM;Redmi;Redmi Note 10 Pro Max;Flex principal;Compatible;3,30;;;6
RD-RN10PM-VIB-COM;Redmi;Redmi Note 10 Pro Max;Vibrador;Compatible;2,59;;;6
RD-RN10PM-ANT-COM;Redmi;Redmi Note 10 Pro Max;Antena / coaxial;Compatible;3,05;;;6
RD-RN10PM-HUE-COM;Redmi;Redmi Note 10 Pro Max;Botón home / huella;Compatible;6,95;;;6
RD-RN9P5-MAR-COM;Redmi;Redmi Note 9 Pro 5G;Marco / chasis;Compatible;10,95;10,62;10,29;6
RD-RN9P5-BOT-COM;Redmi;Redmi Note 9 Pro 5G;Botones laterales;Compatible;2,59;;;6
RD-RN9P5-CRI-COM;Redmi;Redmi Note 9 Pro 5G;Cristal de pantalla;Compatible;4,15;;;6
RD-RN9P5-FPR-COM;Redmi;Redmi Note 9 Pro 5G;Flex principal;Compatible;3,30;;;6
RD-RN9P5-VIB-COM;Redmi;Redmi Note 9 Pro 5G;Vibrador;Compatible;2,59;;;6
RD-RN9P5-ANT-COM;Redmi;Redmi Note 9 Pro 5G;Antena / coaxial;Compatible;3,05;;;6
RD-RN9P5-HUE-COM;Redmi;Redmi Note 9 Pro 5G;Botón home / huella;Compatible;6,95;;;6
RD-R9AS-MAR-COM;Redmi;Redmi 9A Sport;Marco / chasis;Compatible;8,35;;;6
RD-R9AS-BOT-COM;Redmi;Redmi 9A Sport;Botones laterales;Compatible;1,99;;;6
RD-R9AS-CRI-COM;Redmi;Redmi 9A Sport;Cristal de pantalla;Compatible;3,15;;;6
RD-R9AS-FPR-COM;Redmi;Redmi 9A Sport;Flex principal;Compatible;2,50;;;6
RD-R9AS-VIB-COM;Redmi;Redmi 9A Sport;Vibrador;Compatible;1,99;;;6
RD-R9AS-ANT-COM;Redmi;Redmi 9A Sport;Antena / coaxial;Compatible;2,30;;;6
RD-R9AS-HUE-COM;Redmi;Redmi 9A Sport;Botón home / huella;Compatible;5,29;;;6
RD-RK30U-MAR-COM;Redmi;Redmi K30 Ultra;Marco / chasis;Compatible;8,35;;;6
RD-RK30U-BOT-COM;Redmi;Redmi K30 Ultra;Botones laterales;Compatible;1,99;;;6
RD-RK30U-CRI-COM;Redmi;Redmi K30 Ultra;Cristal de pantalla;Compatible;3,15;;;6
RD-RK30U-FPR-COM;Redmi;Redmi K30 Ultra;Flex principal;Compatible;2,50;;;6
RD-RK30U-VIB-COM;Redmi;Redmi K30 Ultra;Vibrador;Compatible;1,99;;;6
RD-RK30U-ANT-COM;Redmi;Redmi K30 Ultra;Antena / coaxial;Compatible;2,30;;;6
RD-RK30U-HUE-COM;Redmi;Redmi K30 Ultra;Botón home / huella;Compatible;5,29;;;6
RD-R10X5-MAR-COM;Redmi;Redmi 10X 5G;Marco / chasis;Compatible;8,35;;;6
RD-R10X5-BOT-COM;Redmi;Redmi 10X 5G;Botones laterales;Compatible;1,99;;;6
RD-R10X5-CRI-COM;Redmi;Redmi 10X 5G;Cristal de pantalla;Compatible;3,15;;;6
RD-R10X5-FPR-COM;Redmi;Redmi 10X 5G;Flex principal;Compatible;2,50;;;6
RD-R10X5-VIB-COM;Redmi;Redmi 10X 5G;Vibrador;Compatible;1,99;;;6
RD-R10X5-ANT-COM;Redmi;Redmi 10X 5G;Antena / coaxial;Compatible;2,30;;;6
RD-R10X5-HUE-COM;Redmi;Redmi 10X 5G;Botón home / huella;Compatible;5,29;;;6
RD-R10XP5-MAR-COM;Redmi;Redmi 10X Pro 5G;Marco / chasis;Compatible;8,35;;;6
RD-R10XP5-BOT-COM;Redmi;Redmi 10X Pro 5G;Botones laterales;Compatible;1,99;;;6
RD-R10XP5-CRI-COM;Redmi;Redmi 10X Pro 5G;Cristal de pantalla;Compatible;3,15;;;6
RD-R10XP5-FPR-COM;Redmi;Redmi 10X Pro 5G;Flex principal;Compatible;2,50;;;6
RD-R10XP5-VIB-COM;Redmi;Redmi 10X Pro 5G;Vibrador;Compatible;1,99;;;6
RD-R10XP5-ANT-COM;Redmi;Redmi 10X Pro 5G;Antena / coaxial;Compatible;2,30;;;6
RD-R10XP5-HUE-COM;Redmi;Redmi 10X Pro 5G;Botón home / huella;Compatible;5,29;;;6
RD-RK30I5-MAR-COM;Redmi;Redmi K30i 5G;Marco / chasis;Compatible;8,35;;;6
RD-RK30I5-BOT-COM;Redmi;Redmi K30i 5G;Botones laterales;Compatible;1,99;;;6
RD-RK30I5-CRI-COM;Redmi;Redmi K30i 5G;Cristal de pantalla;Compatible;3,15;;;6
RD-RK30I5-FPR-COM;Redmi;Redmi K30i 5G;Flex principal;Compatible;2,50;;;6
RD-RK30I5-VIB-COM;Redmi;Redmi K30i 5G;Vibrador;Compatible;1,99;;;6
RD-RK30I5-ANT-COM;Redmi;Redmi K30i 5G;Antena / coaxial;Compatible;2,30;;;6
RD-RK30I5-HUE-COM;Redmi;Redmi K30i 5G;Botón home / huella;Compatible;5,29;;;6
RD-RK305S-MAR-COM;Redmi;Redmi K30 5G Speed;Marco / chasis;Compatible;8,35;;;6
RD-RK305S-BOT-COM;Redmi;Redmi K30 5G Speed;Botones laterales;Compatible;1,99;;;6
RD-RK305S-CRI-COM;Redmi;Redmi K30 5G Speed;Cristal de pantalla;Compatible;3,15;;;6
RD-RK305S-FPR-COM;Redmi;Redmi K30 5G Speed;Flex principal;Compatible;2,50;;;6
RD-RK305S-VIB-COM;Redmi;Redmi K30 5G Speed;Vibrador;Compatible;1,99;;;6
RD-RK305S-ANT-COM;Redmi;Redmi K30 5G Speed;Antena / coaxial;Compatible;2,30;;;6
RD-RK305S-HUE-COM;Redmi;Redmi K30 5G Speed;Botón home / huella;Compatible;5,29;;;6
RD-RN9PM-MAR-COM;Redmi;Redmi Note 9 Pro Max;Marco / chasis;Compatible;10,95;10,62;10,29;6
RD-RN9PM-BOT-COM;Redmi;Redmi Note 9 Pro Max;Botones laterales;Compatible;2,59;;;6
RD-RN9PM-CRI-COM;Redmi;Redmi Note 9 Pro Max;Cristal de pantalla;Compatible;4,15;;;6
RD-RN9PM-FPR-COM;Redmi;Redmi Note 9 Pro Max;Flex principal;Compatible;3,30;;;6
RD-RN9PM-VIB-COM;Redmi;Redmi Note 9 Pro Max;Vibrador;Compatible;2,59;;;6
RD-RN9PM-ANT-COM;Redmi;Redmi Note 9 Pro Max;Antena / coaxial;Compatible;3,05;;;6
RD-RN9PM-HUE-COM;Redmi;Redmi Note 9 Pro Max;Botón home / huella;Compatible;6,95;;;6
RD-RK30PZ-MAR-COM;Redmi;Redmi K30 Pro Zoom;Marco / chasis;Compatible;8,35;;;6
RD-RK30PZ-BOT-COM;Redmi;Redmi K30 Pro Zoom;Botones laterales;Compatible;1,99;;;6
RD-RK30PZ-CRI-COM;Redmi;Redmi K30 Pro Zoom;Cristal de pantalla;Compatible;3,15;;;6
RD-RK30PZ-FPR-COM;Redmi;Redmi K30 Pro Zoom;Flex principal;Compatible;2,50;;;6
RD-RK30PZ-VIB-COM;Redmi;Redmi K30 Pro Zoom;Vibrador;Compatible;1,99;;;6
RD-RK30PZ-ANT-COM;Redmi;Redmi K30 Pro Zoom;Antena / coaxial;Compatible;2,30;;;6
RD-RK30PZ-HUE-COM;Redmi;Redmi K30 Pro Zoom;Botón home / huella;Compatible;5,29;;;6
RD-RK30P-MAR-COM;Redmi;Redmi K30 Pro;Marco / chasis;Compatible;8,35;;;6
RD-RK30P-BOT-COM;Redmi;Redmi K30 Pro;Botones laterales;Compatible;1,99;;;6
RD-RK30P-CRI-COM;Redmi;Redmi K30 Pro;Cristal de pantalla;Compatible;3,15;;;6
RD-RK30P-FPR-COM;Redmi;Redmi K30 Pro;Flex principal;Compatible;2,50;;;6
RD-RK30P-VIB-COM;Redmi;Redmi K30 Pro;Vibrador;Compatible;1,99;;;6
RD-RK30P-ANT-COM;Redmi;Redmi K30 Pro;Antena / coaxial;Compatible;2,30;;;6
RD-RK30P-HUE-COM;Redmi;Redmi K30 Pro;Botón home / huella;Compatible;5,29;;;6
RD-R8AD-MAR-COM;Redmi;Redmi 8A Dual;Marco / chasis;Compatible;8,35;;;6
RD-R8AD-BOT-COM;Redmi;Redmi 8A Dual;Botones laterales;Compatible;1,99;;;6
RD-R8AD-CRI-COM;Redmi;Redmi 8A Dual;Cristal de pantalla;Compatible;3,15;;;6
RD-R8AD-FPR-COM;Redmi;Redmi 8A Dual;Flex principal;Compatible;2,50;;;6
RD-R8AD-VIB-COM;Redmi;Redmi 8A Dual;Vibrador;Compatible;1,99;;;6
RD-R8AD-ANT-COM;Redmi;Redmi 8A Dual;Antena / coaxial;Compatible;2,30;;;6
RD-R8AD-HUE-COM;Redmi;Redmi 8A Dual;Botón home / huella;Compatible;5,29;;;6
RD-RK305-MAR-COM;Redmi;Redmi K30 5G;Marco / chasis;Compatible;8,35;;;6
RD-RK305-BOT-COM;Redmi;Redmi K30 5G;Botones laterales;Compatible;1,99;;;6
RD-RK305-CRI-COM;Redmi;Redmi K30 5G;Cristal de pantalla;Compatible;3,15;;;6
RD-RK305-FPR-COM;Redmi;Redmi K30 5G;Flex principal;Compatible;2,50;;;6
RD-RK305-VIB-COM;Redmi;Redmi K30 5G;Vibrador;Compatible;1,99;;;6
RD-RK305-ANT-COM;Redmi;Redmi K30 5G;Antena / coaxial;Compatible;2,30;;;6
RD-RK305-HUE-COM;Redmi;Redmi K30 5G;Botón home / huella;Compatible;5,29;;;6
RD-RK30-MAR-COM;Redmi;Redmi K30;Marco / chasis;Compatible;7,50;;;6
RD-RK30-BOT-COM;Redmi;Redmi K30;Botones laterales;Compatible;1,79;;;6
RD-RK30-CRI-COM;Redmi;Redmi K30;Cristal de pantalla;Compatible;2,85;;;6
RD-RK30-FPR-COM;Redmi;Redmi K30;Flex principal;Compatible;2,25;;;6
RD-RK30-VIB-COM;Redmi;Redmi K30;Vibrador;Compatible;1,79;;;6
RD-RK30-ANT-COM;Redmi;Redmi K30;Antena / coaxial;Compatible;2,09;;;6
RD-RK30-HUE-COM;Redmi;Redmi K30;Botón home / huella;Compatible;4,75;;;6
RD-RK20PP-MAR-COM;Redmi;Redmi K20 Pro Premium;Marco / chasis;Compatible;7,50;;;6
RD-RK20PP-BOT-COM;Redmi;Redmi K20 Pro Premium;Botones laterales;Compatible;1,79;;;6
RD-RK20PP-CRI-COM;Redmi;Redmi K20 Pro Premium;Cristal de pantalla;Compatible;2,85;;;6
RD-RK20PP-FPR-COM;Redmi;Redmi K20 Pro Premium;Flex principal;Compatible;2,25;;;6
RD-RK20PP-VIB-COM;Redmi;Redmi K20 Pro Premium;Vibrador;Compatible;1,79;;;6
RD-RK20PP-ANT-COM;Redmi;Redmi K20 Pro Premium;Antena / coaxial;Compatible;2,09;;;6
RD-RK20PP-HUE-COM;Redmi;Redmi K20 Pro Premium;Botón home / huella;Compatible;4,75;;;6
RD-RY3-MAR-COM;Redmi;Redmi Y3;Marco / chasis;Compatible;7,50;;;6
RD-RY3-BOT-COM;Redmi;Redmi Y3;Botones laterales;Compatible;1,79;;;6
RD-RY3-CRI-COM;Redmi;Redmi Y3;Cristal de pantalla;Compatible;2,85;;;6
RD-RY3-FPR-COM;Redmi;Redmi Y3;Flex principal;Compatible;2,25;;;6
RD-RY3-VIB-COM;Redmi;Redmi Y3;Vibrador;Compatible;1,79;;;6
RD-RY3-ANT-COM;Redmi;Redmi Y3;Antena / coaxial;Compatible;2,09;;;6
RD-RY3-HUE-COM;Redmi;Redmi Y3;Botón home / huella;Compatible;4,75;;;6
RD-RN7P-MAR-COM;Redmi;Redmi Note 7 Pro;Marco / chasis;Compatible;9,89;;;6
RD-RN7P-BOT-COM;Redmi;Redmi Note 7 Pro;Botones laterales;Compatible;2,35;;;6
RD-RN7P-CRI-COM;Redmi;Redmi Note 7 Pro;Cristal de pantalla;Compatible;3,70;;;6
RD-RN7P-FPR-COM;Redmi;Redmi Note 7 Pro;Flex principal;Compatible;2,95;;;6
RD-RN7P-VIB-COM;Redmi;Redmi Note 7 Pro;Vibrador;Compatible;2,35;;;6
RD-RN7P-ANT-COM;Redmi;Redmi Note 7 Pro;Antena / coaxial;Compatible;2,75;;;6
RD-RN7P-HUE-COM;Redmi;Redmi Note 7 Pro;Botón home / huella;Compatible;6,25;;;6
RD-R4-MAR-COM;Redmi;Redmi 4;Marco / chasis;Compatible;6,69;;;6
RD-R4-BOT-COM;Redmi;Redmi 4;Botones laterales;Compatible;1,59;;;6
RD-R4-CRI-COM;Redmi;Redmi 4;Cristal de pantalla;Compatible;2,50;;;6
RD-R4-FPR-COM;Redmi;Redmi 4;Flex principal;Compatible;2,00;;;6
RD-R4-VIB-COM;Redmi;Redmi 4;Vibrador;Compatible;1,59;;;6
RD-R4-ANT-COM;Redmi;Redmi 4;Antena / coaxial;Compatible;1,85;;;6
RD-R4-HUE-COM;Redmi;Redmi 4;Botón home / huella;Compatible;4,20;;;6
RD-REDMI4PR-MAR-COM;Redmi;Redmi 4 Pro;Marco / chasis;Compatible;6,69;;;6
RD-REDMI4PR-BOT-COM;Redmi;Redmi 4 Pro;Botones laterales;Compatible;1,59;;;6
RD-REDMI4PR-CRI-COM;Redmi;Redmi 4 Pro;Cristal de pantalla;Compatible;2,50;;;6
RD-REDMI4PR-FPR-COM;Redmi;Redmi 4 Pro;Flex principal;Compatible;2,00;;;6
RD-REDMI4PR-VIB-COM;Redmi;Redmi 4 Pro;Vibrador;Compatible;1,59;;;6
RD-REDMI4PR-ANT-COM;Redmi;Redmi 4 Pro;Antena / coaxial;Compatible;1,85;;;6
RD-REDMI4PR-HUE-COM;Redmi;Redmi 4 Pro;Botón home / huella;Compatible;4,20;;;6
RD-R4PP-MAR-COM;Redmi;Redmi 4 Pro Prime;Marco / chasis;Compatible;6,69;;;6
RD-R4PP-BOT-COM;Redmi;Redmi 4 Pro Prime;Botones laterales;Compatible;1,59;;;6
RD-R4PP-CRI-COM;Redmi;Redmi 4 Pro Prime;Cristal de pantalla;Compatible;2,50;;;6
RD-R4PP-FPR-COM;Redmi;Redmi 4 Pro Prime;Flex principal;Compatible;2,00;;;6
RD-R4PP-VIB-COM;Redmi;Redmi 4 Pro Prime;Vibrador;Compatible;1,59;;;6
RD-R4PP-ANT-COM;Redmi;Redmi 4 Pro Prime;Antena / coaxial;Compatible;1,85;;;6
RD-R4PP-HUE-COM;Redmi;Redmi 4 Pro Prime;Botón home / huella;Compatible;4,20;;;6
RD-R4P-MAR-COM;Redmi;Redmi 4 Prime;Marco / chasis;Compatible;6,69;;;6
RD-R4P-BOT-COM;Redmi;Redmi 4 Prime;Botones laterales;Compatible;1,59;;;6
RD-R4P-CRI-COM;Redmi;Redmi 4 Prime;Cristal de pantalla;Compatible;2,50;;;6
RD-R4P-FPR-COM;Redmi;Redmi 4 Prime;Flex principal;Compatible;2,00;;;6
RD-R4P-VIB-COM;Redmi;Redmi 4 Prime;Vibrador;Compatible;1,59;;;6
RD-R4P-ANT-COM;Redmi;Redmi 4 Prime;Antena / coaxial;Compatible;1,85;;;6
RD-R4P-HUE-COM;Redmi;Redmi 4 Prime;Botón home / huella;Compatible;4,20;;;6
RD-RP-MAR-COM;Redmi;Redmi Pro;Marco / chasis;Compatible;6,69;;;6
RD-RP-BOT-COM;Redmi;Redmi Pro;Botones laterales;Compatible;1,59;;;6
RD-RP-CRI-COM;Redmi;Redmi Pro;Cristal de pantalla;Compatible;2,50;;;6
RD-RP-FPR-COM;Redmi;Redmi Pro;Flex principal;Compatible;2,00;;;6
RD-RP-VIB-COM;Redmi;Redmi Pro;Vibrador;Compatible;1,59;;;6
RD-RP-ANT-COM;Redmi;Redmi Pro;Antena / coaxial;Compatible;1,85;;;6
RD-RP-HUE-COM;Redmi;Redmi Pro;Botón home / huella;Compatible;4,20;;;6
RD-R3X-MAR-COM;Redmi;Redmi 3X;Marco / chasis;Compatible;6,69;;;6
RD-R3X-BOT-COM;Redmi;Redmi 3X;Botones laterales;Compatible;1,59;;;6
RD-R3X-CRI-COM;Redmi;Redmi 3X;Cristal de pantalla;Compatible;2,50;;;6
RD-R3X-FPR-COM;Redmi;Redmi 3X;Flex principal;Compatible;2,00;;;6
RD-R3X-VIB-COM;Redmi;Redmi 3X;Vibrador;Compatible;1,59;;;6
RD-R3X-ANT-COM;Redmi;Redmi 3X;Antena / coaxial;Compatible;1,85;;;6
RD-R3X-HUE-COM;Redmi;Redmi 3X;Botón home / huella;Compatible;4,20;;;6
RD-RN3HSE-MAR-COM;Redmi;Redmi Note 3 High Special Edition;Marco / chasis;Compatible;7,69;;;6
RD-RN3HSE-BOT-COM;Redmi;Redmi Note 3 High Special Edition;Botones laterales;Compatible;1,80;;;6
RD-RN3HSE-CRI-COM;Redmi;Redmi Note 3 High Special Edition;Cristal de pantalla;Compatible;2,90;;;6
RD-RN3HSE-FPR-COM;Redmi;Redmi Note 3 High Special Edition;Flex principal;Compatible;2,30;;;6
RD-RN3HSE-VIB-COM;Redmi;Redmi Note 3 High Special Edition;Vibrador;Compatible;1,80;;;6
RD-RN3HSE-ANT-COM;Redmi;Redmi Note 3 High Special Edition;Antena / coaxial;Compatible;2,15;;;6
RD-RN3HSE-HUE-COM;Redmi;Redmi Note 3 High Special Edition;Botón home / huella;Compatible;4,85;;;6
RD-REDMI3PR-MAR-COM;Redmi;Redmi 3 Pro;Marco / chasis;Compatible;6,69;;;6
RD-REDMI3PR-BOT-COM;Redmi;Redmi 3 Pro;Botones laterales;Compatible;1,59;;;6
RD-REDMI3PR-CRI-COM;Redmi;Redmi 3 Pro;Cristal de pantalla;Compatible;2,50;;;6
RD-REDMI3PR-FPR-COM;Redmi;Redmi 3 Pro;Flex principal;Compatible;2,00;;;6
RD-REDMI3PR-VIB-COM;Redmi;Redmi 3 Pro;Vibrador;Compatible;1,59;;;6
RD-REDMI3PR-ANT-COM;Redmi;Redmi 3 Pro;Antena / coaxial;Compatible;1,85;;;6
RD-REDMI3PR-HUE-COM;Redmi;Redmi 3 Pro;Botón home / huella;Compatible;4,20;;;6
RD-RN3P-MAR-COM;Redmi;Redmi Note 3 Pro;Marco / chasis;Compatible;8,79;;;6
RD-RN3P-BOT-COM;Redmi;Redmi Note 3 Pro;Botones laterales;Compatible;2,05;;;6
RD-RN3P-CRI-COM;Redmi;Redmi Note 3 Pro;Cristal de pantalla;Compatible;3,30;;;6
RD-RN3P-FPR-COM;Redmi;Redmi Note 3 Pro;Flex principal;Compatible;2,65;;;6
RD-RN3P-VIB-COM;Redmi;Redmi Note 3 Pro;Vibrador;Compatible;2,05;;;6
RD-RN3P-ANT-COM;Redmi;Redmi Note 3 Pro;Antena / coaxial;Compatible;2,45;;;6
RD-RN3P-HUE-COM;Redmi;Redmi Note 3 Pro;Botón home / huella;Compatible;5,55;;;6
RD-R3-MAR-COM;Redmi;Redmi 3;Marco / chasis;Compatible;6,69;;;6
RD-R3-BOT-COM;Redmi;Redmi 3;Botones laterales;Compatible;1,59;;;6
RD-R3-CRI-COM;Redmi;Redmi 3;Cristal de pantalla;Compatible;2,50;;;6
RD-R3-FPR-COM;Redmi;Redmi 3;Flex principal;Compatible;2,00;;;6
RD-R3-VIB-COM;Redmi;Redmi 3;Vibrador;Compatible;1,59;;;6
RD-R3-ANT-COM;Redmi;Redmi 3;Antena / coaxial;Compatible;1,85;;;6
RD-R3-HUE-COM;Redmi;Redmi 3;Botón home / huella;Compatible;4,20;;;6
RD-R3P-MAR-COM;Redmi;Redmi 3 Prime;Marco / chasis;Compatible;6,69;;;6
RD-R3P-BOT-COM;Redmi;Redmi 3 Prime;Botones laterales;Compatible;1,59;;;6
RD-R3P-CRI-COM;Redmi;Redmi 3 Prime;Cristal de pantalla;Compatible;2,50;;;6
RD-R3P-FPR-COM;Redmi;Redmi 3 Prime;Flex principal;Compatible;2,00;;;6
RD-R3P-VIB-COM;Redmi;Redmi 3 Prime;Vibrador;Compatible;1,59;;;6
RD-R3P-ANT-COM;Redmi;Redmi 3 Prime;Antena / coaxial;Compatible;1,85;;;6
RD-R3P-HUE-COM;Redmi;Redmi 3 Prime;Botón home / huella;Compatible;4,20;;;6
RD-RNP-MAR-COM;Redmi;Redmi Note Prime;Marco / chasis;Compatible;7,69;;;6
RD-RNP-BOT-COM;Redmi;Redmi Note Prime;Botones laterales;Compatible;1,80;;;6
RD-RNP-CRI-COM;Redmi;Redmi Note Prime;Cristal de pantalla;Compatible;2,90;;;6
RD-RNP-VIB-COM;Redmi;Redmi Note Prime;Vibrador;Compatible;1,80;;;6
RD-RNP-ANT-COM;Redmi;Redmi Note Prime;Antena / coaxial;Compatible;2,15;;;6
RD-RN3-MAR-COM;Redmi;Redmi Note 3;Marco / chasis;Compatible;7,69;;;6
RD-RN3-BOT-COM;Redmi;Redmi Note 3;Botones laterales;Compatible;1,80;;;6
RD-RN3-CRI-COM;Redmi;Redmi Note 3;Cristal de pantalla;Compatible;2,90;;;6
RD-RN3-VIB-COM;Redmi;Redmi Note 3;Vibrador;Compatible;1,80;;;6
RD-RN3-ANT-COM;Redmi;Redmi Note 3;Antena / coaxial;Compatible;2,15;;;6
RD-REDMI2PR-MAR-COM;Redmi;Redmi 2 Pro;Marco / chasis;Compatible;6,69;;;6
RD-REDMI2PR-BOT-COM;Redmi;Redmi 2 Pro;Botones laterales;Compatible;1,59;;;6
RD-REDMI2PR-CRI-COM;Redmi;Redmi 2 Pro;Cristal de pantalla;Compatible;2,50;;;6
RD-REDMI2PR-VIB-COM;Redmi;Redmi 2 Pro;Vibrador;Compatible;1,59;;;6
RD-REDMI2PR-ANT-COM;Redmi;Redmi 2 Pro;Antena / coaxial;Compatible;1,85;;;6
RD-R2P-MAR-COM;Redmi;Redmi 2 Prime;Marco / chasis;Compatible;6,69;;;6
RD-R2P-BOT-COM;Redmi;Redmi 2 Prime;Botones laterales;Compatible;1,59;;;6
RD-R2P-CRI-COM;Redmi;Redmi 2 Prime;Cristal de pantalla;Compatible;2,50;;;6
RD-R2P-VIB-COM;Redmi;Redmi 2 Prime;Vibrador;Compatible;1,59;;;6
RD-R2P-ANT-COM;Redmi;Redmi 2 Prime;Antena / coaxial;Compatible;1,85;;;6
RD-R2AEE-MAR-COM;Redmi;Redmi 2A Enhanced Edition;Marco / chasis;Compatible;6,69;;;6
RD-R2AEE-BOT-COM;Redmi;Redmi 2A Enhanced Edition;Botones laterales;Compatible;1,59;;;6
RD-R2AEE-CRI-COM;Redmi;Redmi 2A Enhanced Edition;Cristal de pantalla;Compatible;2,50;;;6
RD-R2AEE-VIB-COM;Redmi;Redmi 2A Enhanced Edition;Vibrador;Compatible;1,59;;;6
RD-R2AEE-ANT-COM;Redmi;Redmi 2A Enhanced Edition;Antena / coaxial;Compatible;1,85;;;6
RD-RN2-MAR-COM;Redmi;Redmi Note 2;Marco / chasis;Compatible;7,69;;;6
RD-RN2-BOT-COM;Redmi;Redmi Note 2;Botones laterales;Compatible;1,80;;;6
RD-RN2-CRI-COM;Redmi;Redmi Note 2;Cristal de pantalla;Compatible;2,90;;;6
RD-RN2-VIB-COM;Redmi;Redmi Note 2;Vibrador;Compatible;1,80;;;6
RD-RN2-ANT-COM;Redmi;Redmi Note 2;Antena / coaxial;Compatible;2,15;;;6
RD-RN2P-MAR-COM;Redmi;Redmi Note 2 Prime;Marco / chasis;Compatible;7,69;;;6
RD-RN2P-BOT-COM;Redmi;Redmi Note 2 Prime;Botones laterales;Compatible;1,80;;;6
RD-RN2P-CRI-COM;Redmi;Redmi Note 2 Prime;Cristal de pantalla;Compatible;2,90;;;6
RD-RN2P-VIB-COM;Redmi;Redmi Note 2 Prime;Vibrador;Compatible;1,80;;;6
RD-RN2P-ANT-COM;Redmi;Redmi Note 2 Prime;Antena / coaxial;Compatible;2,15;;;6
RD-R2A-MAR-COM;Redmi;Redmi 2A;Marco / chasis;Compatible;6,69;;;6
RD-R2A-BOT-COM;Redmi;Redmi 2A;Botones laterales;Compatible;1,59;;;6
RD-R2A-CRI-COM;Redmi;Redmi 2A;Cristal de pantalla;Compatible;2,50;;;6
RD-R2A-VIB-COM;Redmi;Redmi 2A;Vibrador;Compatible;1,59;;;6
RD-R2A-ANT-COM;Redmi;Redmi 2A;Antena / coaxial;Compatible;1,85;;;6
RD-R2-MAR-COM;Redmi;Redmi 2;Marco / chasis;Compatible;6,69;;;6
RD-R2-BOT-COM;Redmi;Redmi 2;Botones laterales;Compatible;1,59;;;6
RD-R2-CRI-COM;Redmi;Redmi 2;Cristal de pantalla;Compatible;2,50;;;6
RD-R2-VIB-COM;Redmi;Redmi 2;Vibrador;Compatible;1,59;;;6
RD-R2-ANT-COM;Redmi;Redmi 2;Antena / coaxial;Compatible;1,85;;;6
RD-RN1S4-MAR-COM;Redmi;Redmi Note 1S 4G;Marco / chasis;Compatible;7,69;;;6
RD-RN1S4-BOT-COM;Redmi;Redmi Note 1S 4G;Botones laterales;Compatible;1,80;;;6
RD-RN1S4-ANT-COM;Redmi;Redmi Note 1S 4G;Antena / coaxial;Compatible;2,15;;;6
RD-R1S4-MAR-COM;Redmi;Redmi 1S 4G;Marco / chasis;Compatible;6,69;;;6
RD-R1S4-BOT-COM;Redmi;Redmi 1S 4G;Botones laterales;Compatible;1,59;;;6
RD-R1S4-ANT-COM;Redmi;Redmi 1S 4G;Antena / coaxial;Compatible;1,85;;;6
RD-RN4-MAR-COM;Redmi;Redmi Note 4G;Marco / chasis;Compatible;7,69;;;6
RD-RN4-BOT-COM;Redmi;Redmi Note 4G;Botones laterales;Compatible;1,80;;;6
RD-RN4-ANT-COM;Redmi;Redmi Note 4G;Antena / coaxial;Compatible;2,15;;;6
RD-RN-MAR-COM;Redmi;Redmi Note;Marco / chasis;Compatible;7,69;;;6
RD-RN-BOT-COM;Redmi;Redmi Note;Botones laterales;Compatible;1,80;;;6
RD-RN-ANT-COM;Redmi;Redmi Note;Antena / coaxial;Compatible;2,15;;;6
RD-R1S-MAR-COM;Redmi;Redmi 1S;Marco / chasis;Compatible;6,69;;;6
RD-R1S-BOT-COM;Redmi;Redmi 1S;Botones laterales;Compatible;1,59;;;6
RD-R1S-ANT-COM;Redmi;Redmi 1S;Antena / coaxial;Compatible;1,85;;;6
RD-R-MAR-COM;Redmi;Redmi;Marco / chasis;Compatible;6,69;;;6
RD-R-BOT-COM;Redmi;Redmi;Botones laterales;Compatible;1,59;;;6
RD-R-ANT-COM;Redmi;Redmi;Antena / coaxial;Compatible;1,85;;;6
RD-R3S-MAR-COM;Redmi;Redmi 3S;Marco / chasis;Compatible;6,69;;;6
RD-R3S-BOT-COM;Redmi;Redmi 3S;Botones laterales;Compatible;1,59;;;6
RD-R3S-CRI-COM;Redmi;Redmi 3S;Cristal de pantalla;Compatible;2,50;;;6
RD-R3S-FPR-COM;Redmi;Redmi 3S;Flex principal;Compatible;2,00;;;6
RD-R3S-VIB-COM;Redmi;Redmi 3S;Vibrador;Compatible;1,59;;;6
RD-R3S-ANT-COM;Redmi;Redmi 3S;Antena / coaxial;Compatible;1,85;;;6
RD-R3S-HUE-COM;Redmi;Redmi 3S;Botón home / huella;Compatible;4,20;;;6
RD-R4A-MAR-COM;Redmi;Redmi 4A;Marco / chasis;Compatible;6,69;;;6
RD-R4A-BOT-COM;Redmi;Redmi 4A;Botones laterales;Compatible;1,59;;;6
RD-R4A-CRI-COM;Redmi;Redmi 4A;Cristal de pantalla;Compatible;2,50;;;6
RD-R4A-FPR-COM;Redmi;Redmi 4A;Flex principal;Compatible;2,00;;;6
RD-R4A-VIB-COM;Redmi;Redmi 4A;Vibrador;Compatible;1,59;;;6
RD-R4A-ANT-COM;Redmi;Redmi 4A;Antena / coaxial;Compatible;1,85;;;6
RD-R4A-HUE-COM;Redmi;Redmi 4A;Botón home / huella;Compatible;4,20;;;6
RD-REDMINOT-MAR-COM;Redmi;Redmi Note 4;Marco / chasis;Compatible;8,65;;;6
RD-REDMINOT-BOT-COM;Redmi;Redmi Note 4;Botones laterales;Compatible;2,05;;;6
RD-REDMINOT-CRI-COM;Redmi;Redmi Note 4;Cristal de pantalla;Compatible;3,25;;;6
RD-REDMINOT-FPR-COM;Redmi;Redmi Note 4;Flex principal;Compatible;2,60;;;6
RD-REDMINOT-VIB-COM;Redmi;Redmi Note 4;Vibrador;Compatible;2,05;;;6
RD-REDMINOT-ANT-COM;Redmi;Redmi Note 4;Antena / coaxial;Compatible;2,39;;;6
RD-REDMINOT-HUE-COM;Redmi;Redmi Note 4;Botón home / huella;Compatible;5,45;;;6
RD-R4X-MAR-COM;Redmi;Redmi 4X;Marco / chasis;Compatible;7,50;;;6
RD-R4X-BOT-COM;Redmi;Redmi 4X;Botones laterales;Compatible;1,79;;;6
RD-R4X-CRI-COM;Redmi;Redmi 4X;Cristal de pantalla;Compatible;2,85;;;6
RD-R4X-FPR-COM;Redmi;Redmi 4X;Flex principal;Compatible;2,25;;;6
RD-R4X-VIB-COM;Redmi;Redmi 4X;Vibrador;Compatible;1,79;;;6
RD-R4X-ANT-COM;Redmi;Redmi 4X;Antena / coaxial;Compatible;2,09;;;6
RD-R4X-HUE-COM;Redmi;Redmi 4X;Botón home / huella;Compatible;4,75;;;6
RD-RN5AP-MAR-COM;Redmi;Redmi Note 5A Prime;Marco / chasis;Compatible;8,65;;;6
RD-RN5AP-BOT-COM;Redmi;Redmi Note 5A Prime;Botones laterales;Compatible;2,05;;;6
RD-RN5AP-CRI-COM;Redmi;Redmi Note 5A Prime;Cristal de pantalla;Compatible;3,25;;;6
RD-RN5AP-FPR-COM;Redmi;Redmi Note 5A Prime;Flex principal;Compatible;2,60;;;6
RD-RN5AP-VIB-COM;Redmi;Redmi Note 5A Prime;Vibrador;Compatible;2,05;;;6
RD-RN5AP-ANT-COM;Redmi;Redmi Note 5A Prime;Antena / coaxial;Compatible;2,39;;;6
RD-RN5AP-HUE-COM;Redmi;Redmi Note 5A Prime;Botón home / huella;Compatible;5,45;;;6
RD-RN5A-MAR-COM;Redmi;Redmi Note 5A;Marco / chasis;Compatible;8,65;;;6
RD-RN5A-BOT-COM;Redmi;Redmi Note 5A;Botones laterales;Compatible;2,05;;;6
RD-RN5A-CRI-COM;Redmi;Redmi Note 5A;Cristal de pantalla;Compatible;3,25;;;6
RD-RN5A-FPR-COM;Redmi;Redmi Note 5A;Flex principal;Compatible;2,60;;;6
RD-RN5A-VIB-COM;Redmi;Redmi Note 5A;Vibrador;Compatible;2,05;;;6
RD-RN5A-ANT-COM;Redmi;Redmi Note 5A;Antena / coaxial;Compatible;2,39;;;6
RD-RN5A-HUE-COM;Redmi;Redmi Note 5A;Botón home / huella;Compatible;5,45;;;6
RD-R5-MAR-COM;Redmi;Redmi 5;Marco / chasis;Compatible;7,50;;;6
RD-R5-BOT-COM;Redmi;Redmi 5;Botones laterales;Compatible;1,79;;;6
RD-R5-CRI-COM;Redmi;Redmi 5;Cristal de pantalla;Compatible;2,85;;;6
RD-R5-FPR-COM;Redmi;Redmi 5;Flex principal;Compatible;2,25;;;6
RD-R5-VIB-COM;Redmi;Redmi 5;Vibrador;Compatible;1,79;;;6
RD-R5-ANT-COM;Redmi;Redmi 5;Antena / coaxial;Compatible;2,09;;;6
RD-R5-HUE-COM;Redmi;Redmi 5;Botón home / huella;Compatible;4,75;;;6
RD-R5A-MAR-COM;Redmi;Redmi 5A;Marco / chasis;Compatible;7,50;;;6
RD-R5A-BOT-COM;Redmi;Redmi 5A;Botones laterales;Compatible;1,79;;;6
RD-R5A-CRI-COM;Redmi;Redmi 5A;Cristal de pantalla;Compatible;2,85;;;6
RD-R5A-FPR-COM;Redmi;Redmi 5A;Flex principal;Compatible;2,25;;;6
RD-R5A-VIB-COM;Redmi;Redmi 5A;Vibrador;Compatible;1,79;;;6
RD-R5A-ANT-COM;Redmi;Redmi 5A;Antena / coaxial;Compatible;2,09;;;6
RD-R5A-HUE-COM;Redmi;Redmi 5A;Botón home / huella;Compatible;4,75;;;6
RD-R5PL-MAR-COM;Redmi;Redmi 5 Plus;Marco / chasis;Compatible;7,50;;;6
RD-R5PL-BOT-COM;Redmi;Redmi 5 Plus;Botones laterales;Compatible;1,79;;;6
RD-R5PL-CRI-COM;Redmi;Redmi 5 Plus;Cristal de pantalla;Compatible;2,85;;;6
RD-R5PL-FPR-COM;Redmi;Redmi 5 Plus;Flex principal;Compatible;2,25;;;6
RD-R5PL-VIB-COM;Redmi;Redmi 5 Plus;Vibrador;Compatible;1,79;;;6
RD-R5PL-ANT-COM;Redmi;Redmi 5 Plus;Antena / coaxial;Compatible;2,09;;;6
RD-R5PL-HUE-COM;Redmi;Redmi 5 Plus;Botón home / huella;Compatible;4,75;;;6
RD-RN5-MAR-COM;Redmi;Redmi Note 5;Marco / chasis;Compatible;8,65;;;6
RD-RN5-BOT-COM;Redmi;Redmi Note 5;Botones laterales;Compatible;2,05;;;6
RD-RN5-CRI-COM;Redmi;Redmi Note 5;Cristal de pantalla;Compatible;3,25;;;6
RD-RN5-FPR-COM;Redmi;Redmi Note 5;Flex principal;Compatible;2,60;;;6
RD-RN5-VIB-COM;Redmi;Redmi Note 5;Vibrador;Compatible;2,05;;;6
RD-RN5-ANT-COM;Redmi;Redmi Note 5;Antena / coaxial;Compatible;2,39;;;6
RD-RN5-HUE-COM;Redmi;Redmi Note 5;Botón home / huella;Compatible;5,45;;;6
RD-RS2-MAR-COM;Redmi;Redmi S2;Marco / chasis;Compatible;7,50;;;6
RD-RS2-BOT-COM;Redmi;Redmi S2;Botones laterales;Compatible;1,79;;;6
RD-RS2-CRI-COM;Redmi;Redmi S2;Cristal de pantalla;Compatible;2,85;;;6
RD-RS2-FPR-COM;Redmi;Redmi S2;Flex principal;Compatible;2,25;;;6
RD-RS2-VIB-COM;Redmi;Redmi S2;Vibrador;Compatible;1,79;;;6
RD-RS2-ANT-COM;Redmi;Redmi S2;Antena / coaxial;Compatible;2,09;;;6
RD-RS2-HUE-COM;Redmi;Redmi S2;Botón home / huella;Compatible;4,75;;;6
RD-R6-MAR-COM;Redmi;Redmi 6;Marco / chasis;Compatible;7,50;;;6
RD-R6-BOT-COM;Redmi;Redmi 6;Botones laterales;Compatible;1,79;;;6
RD-R6-CRI-COM;Redmi;Redmi 6;Cristal de pantalla;Compatible;2,85;;;6
RD-R6-FPR-COM;Redmi;Redmi 6;Flex principal;Compatible;2,25;;;6
RD-R6-VIB-COM;Redmi;Redmi 6;Vibrador;Compatible;1,79;;;6
RD-R6-ANT-COM;Redmi;Redmi 6;Antena / coaxial;Compatible;2,09;;;6
RD-R6-HUE-COM;Redmi;Redmi 6;Botón home / huella;Compatible;4,75;;;6
RD-R6A-MAR-COM;Redmi;Redmi 6A;Marco / chasis;Compatible;7,50;;;6
RD-R6A-BOT-COM;Redmi;Redmi 6A;Botones laterales;Compatible;1,79;;;6
RD-R6A-CRI-COM;Redmi;Redmi 6A;Cristal de pantalla;Compatible;2,85;;;6
RD-R6A-FPR-COM;Redmi;Redmi 6A;Flex principal;Compatible;2,25;;;6
RD-R6A-VIB-COM;Redmi;Redmi 6A;Vibrador;Compatible;1,79;;;6
RD-R6A-ANT-COM;Redmi;Redmi 6A;Antena / coaxial;Compatible;2,09;;;6
RD-R6A-HUE-COM;Redmi;Redmi 6A;Botón home / huella;Compatible;4,75;;;6
RD-RN6P-MAR-COM;Redmi;Redmi Note 6 Pro;Marco / chasis;Compatible;9,89;;;6
RD-RN6P-BOT-COM;Redmi;Redmi Note 6 Pro;Botones laterales;Compatible;2,35;;;6
RD-RN6P-CRI-COM;Redmi;Redmi Note 6 Pro;Cristal de pantalla;Compatible;3,70;;;6
RD-RN6P-FPR-COM;Redmi;Redmi Note 6 Pro;Flex principal;Compatible;2,95;;;6
RD-RN6P-VIB-COM;Redmi;Redmi Note 6 Pro;Vibrador;Compatible;2,35;;;6
RD-RN6P-ANT-COM;Redmi;Redmi Note 6 Pro;Antena / coaxial;Compatible;2,75;;;6
RD-RN6P-HUE-COM;Redmi;Redmi Note 6 Pro;Botón home / huella;Compatible;6,25;;;6
RD-RGO-MAR-COM;Redmi;Redmi Go;Marco / chasis;Compatible;7,50;;;6
RD-RGO-BOT-COM;Redmi;Redmi Go;Botones laterales;Compatible;1,79;;;6
RD-RGO-CRI-COM;Redmi;Redmi Go;Cristal de pantalla;Compatible;2,85;;;6
RD-RGO-FPR-COM;Redmi;Redmi Go;Flex principal;Compatible;2,25;;;6
RD-RGO-VIB-COM;Redmi;Redmi Go;Vibrador;Compatible;1,79;;;6
RD-RGO-ANT-COM;Redmi;Redmi Go;Antena / coaxial;Compatible;2,09;;;6
RD-RGO-HUE-COM;Redmi;Redmi Go;Botón home / huella;Compatible;4,75;;;6
RD-RN7-MAR-COM;Redmi;Redmi Note 7;Marco / chasis;Compatible;8,65;;;6
RD-RN7-BOT-COM;Redmi;Redmi Note 7;Botones laterales;Compatible;2,05;;;6
RD-RN7-CRI-COM;Redmi;Redmi Note 7;Cristal de pantalla;Compatible;3,25;;;6
RD-RN7-FPR-COM;Redmi;Redmi Note 7;Flex principal;Compatible;2,60;;;6
RD-RN7-VIB-COM;Redmi;Redmi Note 7;Vibrador;Compatible;2,05;;;6
RD-RN7-ANT-COM;Redmi;Redmi Note 7;Antena / coaxial;Compatible;2,39;;;6
RD-RN7-HUE-COM;Redmi;Redmi Note 7;Botón home / huella;Compatible;5,45;;;6
RD-R7-MAR-COM;Redmi;Redmi 7;Marco / chasis;Compatible;7,50;;;6
RD-R7-BOT-COM;Redmi;Redmi 7;Botones laterales;Compatible;1,79;;;6
RD-R7-CRI-COM;Redmi;Redmi 7;Cristal de pantalla;Compatible;2,85;;;6
RD-R7-FPR-COM;Redmi;Redmi 7;Flex principal;Compatible;2,25;;;6
RD-R7-VIB-COM;Redmi;Redmi 7;Vibrador;Compatible;1,79;;;6
RD-R7-ANT-COM;Redmi;Redmi 7;Antena / coaxial;Compatible;2,09;;;6
RD-R7-HUE-COM;Redmi;Redmi 7;Botón home / huella;Compatible;4,75;;;6
RD-R7A-MAR-COM;Redmi;Redmi 7A;Marco / chasis;Compatible;7,50;;;6
RD-R7A-BOT-COM;Redmi;Redmi 7A;Botones laterales;Compatible;1,79;;;6
RD-R7A-CRI-COM;Redmi;Redmi 7A;Cristal de pantalla;Compatible;2,85;;;6
RD-R7A-FPR-COM;Redmi;Redmi 7A;Flex principal;Compatible;2,25;;;6
RD-R7A-VIB-COM;Redmi;Redmi 7A;Vibrador;Compatible;1,79;;;6
RD-R7A-ANT-COM;Redmi;Redmi 7A;Antena / coaxial;Compatible;2,09;;;6
RD-R7A-HUE-COM;Redmi;Redmi 7A;Botón home / huella;Compatible;4,75;;;6
RD-R13C5-MAR-COM;Redmi;Redmi 13C 5G;Marco / chasis;Compatible;8,35;;;6
RD-R13C5-BOT-COM;Redmi;Redmi 13C 5G;Botones laterales;Compatible;1,99;;;6
RD-R13C5-CRI-COM;Redmi;Redmi 13C 5G;Cristal de pantalla;Compatible;3,15;;;6
RD-R13C5-FPR-COM;Redmi;Redmi 13C 5G;Flex principal;Compatible;2,50;;;6
RD-R13C5-VIB-COM;Redmi;Redmi 13C 5G;Vibrador;Compatible;1,99;;;6
RD-R13C5-ANT-COM;Redmi;Redmi 13C 5G;Antena / coaxial;Compatible;2,30;;;6
RD-R13C5-HUE-COM;Redmi;Redmi 13C 5G;Botón home / huella;Compatible;5,29;;;6
