referencia;marca;modelo;pieza;calidad_o_variante;precio_sin_iva;precio_5_uds;precio_10_uds;garantia_meses
SA-G960-PAN-ORI;Samsung;Galaxy S9;Pantalla;Original con marco;109,05;105,78;102,51;12
SA-G960-PAN-OLS;Samsung;Galaxy S9;Pantalla;OLED Soft;64,55;62,61;60,68;6
SA-G960-PAN-OLH;Samsung;Galaxy S9;Pantalla;OLED Hard;60,50;58,68;56,87;6
SA-G960-PAN-INC;Samsung;Galaxy S9;Pantalla;Incell;24,00;23,28;22,56;6
SA-G960-BAT-ORI;Samsung;Galaxy S9;Batería;Original;23,89;23,17;22,46;12
SA-G960-BAT-COM;Samsung;Galaxy S9;Batería;Compatible;12,35;11,98;11,61;6
SA-G960-CON-ORI;Samsung;Galaxy S9;Conector de carga;Original;21,65;21,00;20,35;12
SA-G960-CON-COM;Samsung;Galaxy S9;Conector de carga;Compatible;9,40;;;6
SA-G960-TAP-COM-NEG;Samsung;Galaxy S9;Tapa trasera;Negro (Midnight Black);6,50;;;6
SA-G960-TAP-COM-AZU;Samsung;Galaxy S9;Tapa trasera;Azul (Coral Blue);6,50;;;6
SA-G960-TAP-COM-GRI;Samsung;Galaxy S9;Tapa trasera;Gris (Titanium Gray);6,50;;;6
SA-G960-TAP-COM-MOR;Samsung;Galaxy S9;Tapa trasera;Morado (Lilac Purple);6,50;;;6
SA-G960-CTR-COM;Samsung;Galaxy S9;Cámara trasera;Compatible;18,05;17,51;16,97;6
SA-G960-CFR-COM;Samsung;Galaxy S9;Cámara frontal;Compatible;10,85;10,52;10,20;6
SA-G960-LEN-COM;Samsung;Galaxy S9;Lente de cámara;Compatible;3,40;;;6
SA-G960-ALT-COM;Samsung;Galaxy S9;Altavoz;Compatible;5,80;;;6
SA-G960-AUR-COM;Samsung;Galaxy S9;Auricular de llamada;Compatible;4,19;;;6
SA-G960-FLX-COM;Samsung;Galaxy S9;Flex de encendido y volumen;Compatible;4,05;;;6
SA-G960-SIM-COM;Samsung;Galaxy S9;Bandeja SIM;Compatible;3,29;;;6
SA-G965-PAN-ORI;Samsung;Galaxy S9+;Pantalla;Original con marco;109,05;105,78;102,51;12
SA-G965-PAN-OLS;Samsung;Galaxy S9+;Pantalla;OLED Soft;64,55;62,61;60,68;6
SA-G965-PAN-OLH;Samsung;Galaxy S9+;Pantalla;OLED Hard;60,50;58,68;56,87;6
SA-G965-PAN-INC;Samsung;Galaxy S9+;Pantalla;Incell;31,75;30,80;29,85;6
SA-G965-BAT-ORI;Samsung;Galaxy S9+;Batería;Original;23,89;23,17;22,46;12
SA-G965-BAT-COM;Samsung;Galaxy S9+;Batería;Compatible;12,35;11,98;11,61;6
SA-G965-CON-ORI;Samsung;Galaxy S9+;Conector de carga;Original;21,65;21,00;20,35;12
SA-G965-CON-COM;Samsung;Galaxy S9+;Conector de carga;Compatible;9,40;;;6
SA-G965-TAP-COM-NEG;Samsung;Galaxy S9+;Tapa trasera;Negro (Midnight Black);6,50;;;6
SA-G965-TAP-COM-AZU;Samsung;Galaxy S9+;Tapa trasera;Azul (Coral Blue);6,50;;;6
SA-G965-TAP-COM-GRI;Samsung;Galaxy S9+;Tapa trasera;Gris (Titanium Gray);6,50;;;6
SA-G965-TAP-COM-MOR;Samsung;Galaxy S9+;Tapa trasera;Morado (Lilac Purple);6,50;;;6
SA-G965-CTR-COM;Samsung;Galaxy S9+;Cámara trasera;Compatible;18,05;17,51;16,97;6
SA-G965-CFR-COM;Samsung;Galaxy S9+;Cámara frontal;Compatible;10,85;10,52;10,20;6
SA-G965-LEN-COM;Samsung;Galaxy S9+;Lente de cámara;Compatible;3,40;;;6
SA-G965-ALT-COM;Samsung;Galaxy S9+;Altavoz;Compatible;5,80;;;6
SA-G965-AUR-COM;Samsung;Galaxy S9+;Auricular de llamada;Compatible;4,19;;;6
SA-G965-FLX-COM;Samsung;Galaxy S9+;Flex de encendido y volumen;Compatible;4,05;;;6
SA-G965-SIM-COM;Samsung;Galaxy S9+;Bandeja SIM;Compatible;3,29;;;6
SA-N960-PAN-ORI;Samsung;Galaxy Note9;Pantalla;Original con marco;104,19;101,06;97,94;12
SA-N960-PAN-INC;Samsung;Galaxy Note9;Pantalla;Incell;32,85;31,86;30,88;6
SA-N960-BAT-ORI;Samsung;Galaxy Note9;Batería;Original;24,00;23,28;22,56;12
SA-N960-BAT-COM;Samsung;Galaxy Note9;Batería;Compatible;12,50;12,13;11,75;6
SA-N960-CON-ORI;Samsung;Galaxy Note9;Conector de carga;Original;21,65;21,00;20,35;12
SA-N960-CON-COM;Samsung;Galaxy Note9;Conector de carga;Compatible;8,69;;;6
SA-N960-TAP-COM-NEG;Samsung;Galaxy Note9;Tapa trasera;Negro (Midnight Black);7,10;;;6
SA-N960-TAP-COM-AZU;Samsung;Galaxy Note9;Tapa trasera;Azul (Ocean Blue);7,10;;;6
SA-N960-TAP-COM-MOR;Samsung;Galaxy Note9;Tapa trasera;Morado (Lavender Purple);7,10;;;6
SA-N960-TAP-COM-COB;Samsung;Galaxy Note9;Tapa trasera;Cobre (Metallic Copper);7,10;;;6
SA-N960-CTR-COM;Samsung;Galaxy Note9;Cámara trasera;Compatible;16,09;15,61;15,12;6
SA-N960-CFR-COM;Samsung;Galaxy Note9;Cámara frontal;Compatible;9,49;;;6
SA-N960-LEN-COM;Samsung;Galaxy Note9;Lente de cámara;Compatible;3,45;;;6
SA-N960-ALT-COM;Samsung;Galaxy Note9;Altavoz;Compatible;5,79;;;6
SA-N960-AUR-COM;Samsung;Galaxy Note9;Auricular de llamada;Compatible;4,35;;;6
SA-N960-FLX-COM;Samsung;Galaxy Note9;Flex de encendido y volumen;Compatible;4,00;;;6
SA-N960-SIM-COM;Samsung;Galaxy Note9;Bandeja SIM;Compatible;3,59;;;6
SA-G970-PAN-ORI;Samsung;Galaxy S10e;Pantalla;Original con marco;60,25;58,44;56,64;12
SA-G970-PAN-OLS;Samsung;Galaxy S10e;Pantalla;OLED Soft;38,75;37,59;36,42;6
SA-G970-PAN-OLH;Samsung;Galaxy S10e;Pantalla;OLED Hard;36,35;35,26;34,17;6
SA-G970-PAN-INC;Samsung;Galaxy S10e;Pantalla;Incell;19,05;18,48;17,91;6
SA-G970-BAT-ORI;Samsung;Galaxy S10e;Batería;Original;24,60;23,86;23,12;12
SA-G970-BAT-COM;Samsung;Galaxy S10e;Batería;Compatible;12,90;12,51;12,13;6
SA-G970-CON-ORI;Samsung;Galaxy S10e;Conector de carga;Original;16,10;15,62;15,13;12
SA-G970-CON-COM;Samsung;Galaxy S10e;Conector de carga;Compatible;7,00;;;6
SA-G970-TAP-COM-BLA;Samsung;Galaxy S10e;Tapa trasera;Blanco (Prism White);5,30;;;6
SA-G970-TAP-COM-NEG;Samsung;Galaxy S10e;Tapa trasera;Negro (Prism Black);5,30;;;6
SA-G970-TAP-COM-VER;Samsung;Galaxy S10e;Tapa trasera;Verde (Prism Green);5,30;;;6
SA-G970-TAP-COM-AZU;Samsung;Galaxy S10e;Tapa trasera;Azul (Prism Blue);5,30;;;6
SA-G970-TAP-COM-AMA;Samsung;Galaxy S10e;Tapa trasera;Amarillo (Canary Yellow);5,30;;;6
SA-G970-CTR-COM;Samsung;Galaxy S10e;Cámara trasera;Compatible;14,40;13,97;13,54;6
SA-G970-CFR-COM;Samsung;Galaxy S10e;Cámara frontal;Compatible;8,65;;;6
SA-G970-LEN-COM;Samsung;Galaxy S10e;Lente de cámara;Compatible;2,95;;;6
SA-G970-ALT-COM;Samsung;Galaxy S10e;Altavoz;Compatible;5,05;;;6
SA-G970-AUR-COM;Samsung;Galaxy S10e;Auricular de llamada;Compatible;3,85;;;6
SA-G970-FLX-COM;Samsung;Galaxy S10e;Flex de encendido y volumen;Compatible;3,75;;;6
SA-G970-SIM-COM;Samsung;Galaxy S10e;Bandeja SIM;Compatible;3,05;;;6
SA-G973-PAN-ORI;Samsung;Galaxy S10;Pantalla;Original con marco;109,05;105,78;102,51;12
SA-G973-PAN-OLS;Samsung;Galaxy S10;Pantalla;OLED Soft;64,55;62,61;60,68;6
SA-G973-PAN-OLH;Samsung;Galaxy S10;Pantalla;OLED Hard;60,50;58,68;56,87;6
SA-G973-PAN-INC;Samsung;Galaxy S10;Pantalla;Incell;24,00;23,28;22,56;6
SA-G973-BAT-ORI;Samsung;Galaxy S10;Batería;Original;23,89;23,17;22,46;12
SA-G973-BAT-COM;Samsung;Galaxy S10;Batería;Compatible;12,35;11,98;11,61;6
SA-G973-CON-ORI;Samsung;Galaxy S10;Conector de carga;Original;21,65;21,00;20,35;12
SA-G973-CON-COM;Samsung;Galaxy S10;Conector de carga;Compatible;9,40;;;6
SA-G973-TAP-COM-BLA;Samsung;Galaxy S10;Tapa trasera;Blanco (Prism White);6,50;;;6
SA-G973-TAP-COM-NEG;Samsung;Galaxy S10;Tapa trasera;Negro (Prism Black);6,50;;;6
SA-G973-TAP-COM-VER;Samsung;Galaxy S10;Tapa trasera;Verde (Prism Green);6,50;;;6
SA-G973-TAP-COM-AZU;Samsung;Galaxy S10;Tapa trasera;Azul (Prism Blue);6,50;;;6
SA-G973-CTR-COM;Samsung;Galaxy S10;Cámara trasera;Compatible;18,05;17,51;16,97;6
SA-G973-CFR-COM;Samsung;Galaxy S10;Cámara frontal;Compatible;10,85;10,52;10,20;6
SA-G973-LEN-COM;Samsung;Galaxy S10;Lente de cámara;Compatible;3,40;;;6
SA-G973-ALT-COM;Samsung;Galaxy S10;Altavoz;Compatible;5,80;;;6
SA-G973-AUR-COM;Samsung;Galaxy S10;Auricular de llamada;Compatible;4,19;;;6
SA-G973-FLX-COM;Samsung;Galaxy S10;Flex de encendido y volumen;Compatible;4,05;;;6
SA-G973-SIM-COM;Samsung;Galaxy S10;Bandeja SIM;Compatible;3,29;;;6
SA-G975-PAN-ORI;Samsung;Galaxy S10+;Pantalla;Original con marco;109,05;105,78;102,51;12
SA-G975-PAN-OLS;Samsung;Galaxy S10+;Pantalla;OLED Soft;64,55;62,61;60,68;6
SA-G975-PAN-OLH;Samsung;Galaxy S10+;Pantalla;OLED Hard;60,50;58,68;56,87;6
SA-G975-PAN-INC;Samsung;Galaxy S10+;Pantalla;Incell;31,75;30,80;29,85;6
SA-G975-BAT-ORI;Samsung;Galaxy S10+;Batería;Original;23,89;23,17;22,46;12
SA-G975-BAT-COM;Samsung;Galaxy S10+;Batería;Compatible;12,35;11,98;11,61;6
SA-G975-CON-ORI;Samsung;Galaxy S10+;Conector de carga;Original;21,65;21,00;20,35;12
SA-G975-CON-COM;Samsung;Galaxy S10+;Conector de carga;Compatible;9,40;;;6
SA-G975-TAP-COM-BLA;Samsung;Galaxy S10+;Tapa trasera;Blanco (Prism White);6,50;;;6
SA-G975-TAP-COM-NEG;Samsung;Galaxy S10+;Tapa trasera;Negro (Prism Black);6,50;;;6
SA-G975-TAP-COM-VER;Samsung;Galaxy S10+;Tapa trasera;Verde (Prism Green);6,50;;;6
SA-G975-TAP-COM-AZU;Samsung;Galaxy S10+;Tapa trasera;Azul (Prism Blue);6,50;;;6
SA-G975-TAP-COM-NCE;Samsung;Galaxy S10+;Tapa trasera;Negro (Ceramic Black);6,50;;;6
SA-G975-TAP-COM-BCE;Samsung;Galaxy S10+;Tapa trasera;Blanco (Ceramic White);6,50;;;6
SA-G975-CTR-COM;Samsung;Galaxy S10+;Cámara trasera;Compatible;18,05;17,51;16,97;6
SA-G975-CFR-COM;Samsung;Galaxy S10+;Cámara frontal;Compatible;10,85;10,52;10,20;6
SA-G975-LEN-COM;Samsung;Galaxy S10+;Lente de cámara;Compatible;3,40;;;6
SA-G975-ALT-COM;Samsung;Galaxy S10+;Altavoz;Compatible;5,80;;;6
SA-G975-AUR-COM;Samsung;Galaxy S10+;Auricular de llamada;Compatible;4,19;;;6
SA-G975-FLX-COM;Samsung;Galaxy S10+;Flex de encendido y volumen;Compatible;4,05;;;6
SA-G975-SIM-COM;Samsung;Galaxy S10+;Bandeja SIM;Compatible;3,29;;;6
SA-G977-PAN-ORI;Samsung;Galaxy S10 5G;Pantalla;Original con marco;109,05;105,78;102,51;12
SA-G977-PAN-OLS;Samsung;Galaxy S10 5G;Pantalla;OLED Soft;64,55;62,61;60,68;6
SA-G977-PAN-OLH;Samsung;Galaxy S10 5G;Pantalla;OLED Hard;60,50;58,68;56,87;6
SA-G977-PAN-INC;Samsung;Galaxy S10 5G;Pantalla;Incell;24,00;23,28;22,56;6
SA-G977-BAT-ORI;Samsung;Galaxy S10 5G;Batería;Original;23,89;23,17;22,46;12
SA-G977-BAT-COM;Samsung;Galaxy S10 5G;Batería;Compatible;12,35;11,98;11,61;6
SA-G977-CON-ORI;Samsung;Galaxy S10 5G;Conector de carga;Original;21,65;21,00;20,35;12
SA-G977-CON-COM;Samsung;Galaxy S10 5G;Conector de carga;Compatible;9,40;;;6
SA-G977-TAP-COM-PLA;Samsung;Galaxy S10 5G;Tapa trasera;Plata (Crown Silver);6,50;;;6
SA-G977-TAP-COM-NEG;Samsung;Galaxy S10 5G;Tapa trasera;Negro (Majestic Black);6,50;;;6
SA-G977-TAP-COM-DOR;Samsung;Galaxy S10 5G;Tapa trasera;Dorado (Royal Gold);6,50;;;6
SA-G977-CTR-COM;Samsung;Galaxy S10 5G;Cámara trasera;Compatible;18,05;17,51;16,97;6
SA-G977-CFR-COM;Samsung;Galaxy S10 5G;Cámara frontal;Compatible;10,85;10,52;10,20;6
SA-G977-LEN-COM;Samsung;Galaxy S10 5G;Lente de cámara;Compatible;3,40;;;6
SA-G977-ALT-COM;Samsung;Galaxy S10 5G;Altavoz;Compatible;5,80;;;6
SA-G977-AUR-COM;Samsung;Galaxy S10 5G;Auricular de llamada;Compatible;4,19;;;6
SA-G977-FLX-COM;Samsung;Galaxy S10 5G;Flex de encendido y volumen;Compatible;4,05;;;6
SA-G977-SIM-COM;Samsung;Galaxy S10 5G;Bandeja SIM;Compatible;3,29;;;6
SA-N970-PAN-ORI;Samsung;Galaxy Note10;Pantalla;Original con marco;104,19;101,06;97,94;12
SA-N970-PAN-INC;Samsung;Galaxy Note10;Pantalla;Incell;32,85;31,86;30,88;6
SA-N970-BAT-ORI;Samsung;Galaxy Note10;Batería;Original;24,00;23,28;22,56;12
SA-N970-BAT-COM;Samsung;Galaxy Note10;Batería;Compatible;12,50;12,13;11,75;6
SA-N970-CON-ORI;Samsung;Galaxy Note10;Conector de carga;Original;21,65;21,00;20,35;12
SA-N970-CON-COM;Samsung;Galaxy Note10;Conector de carga;Compatible;8,69;;;6
SA-N970-TAP-COM-AUR;Samsung;Galaxy Note10;Tapa trasera;Aura Glow;7,10;;;6
SA-N970-TAP-COM-NEG;Samsung;Galaxy Note10;Tapa trasera;Negro (Aura Black);7,10;;;6
SA-N970-TAP-COM-BLA;Samsung;Galaxy Note10;Tapa trasera;Blanco (Aura White);7,10;;;6
SA-N970-TAP-COM-ROS;Samsung;Galaxy Note10;Tapa trasera;Rosa (Aura Pink);7,10;;;6
SA-N970-CTR-COM;Samsung;Galaxy Note10;Cámara trasera;Compatible;16,09;15,61;15,12;6
SA-N970-CFR-COM;Samsung;Galaxy Note10;Cámara frontal;Compatible;9,49;;;6
SA-N970-LEN-COM;Samsung;Galaxy Note10;Lente de cámara;Compatible;3,45;;;6
SA-N970-ALT-COM;Samsung;Galaxy Note10;Altavoz;Compatible;5,79;;;6
SA-N970-AUR-COM;Samsung;Galaxy Note10;Auricular de llamada;Compatible;4,35;;;6
SA-N970-FLX-COM;Samsung;Galaxy Note10;Flex de encendido y volumen;Compatible;4,00;;;6
SA-N970-SIM-COM;Samsung;Galaxy Note10;Bandeja SIM;Compatible;3,59;;;6
SA-N975-PAN-ORI;Samsung;Galaxy Note10+;Pantalla;Original con marco;104,19;101,06;97,94;12
SA-N975-PAN-INC;Samsung;Galaxy Note10+;Pantalla;Incell;32,85;31,86;30,88;6
SA-N975-BAT-ORI;Samsung;Galaxy Note10+;Batería;Original;24,00;23,28;22,56;12
SA-N975-BAT-COM;Samsung;Galaxy Note10+;Batería;Compatible;12,50;12,13;11,75;6
SA-N975-CON-ORI;Samsung;Galaxy Note10+;Conector de carga;Original;21,65;21,00;20,35;12
SA-N975-CON-COM;Samsung;Galaxy Note10+;Conector de carga;Compatible;8,69;;;6
SA-N975-TAP-COM-AUR;Samsung;Galaxy Note10+;Tapa trasera;Aura Glow;7,10;;;6
SA-N975-TAP-COM-NEG;Samsung;Galaxy Note10+;Tapa trasera;Negro (Aura Black);7,10;;;6
SA-N975-TAP-COM-BLA;Samsung;Galaxy Note10+;Tapa trasera;Blanco (Aura White);7,10;;;6
SA-N975-TAP-COM-AZU;Samsung;Galaxy Note10+;Tapa trasera;Azul (Aura Blue);7,10;;;6
SA-N975-CTR-COM;Samsung;Galaxy Note10+;Cámara trasera;Compatible;16,09;15,61;15,12;6
SA-N975-CFR-COM;Samsung;Galaxy Note10+;Cámara frontal;Compatible;9,49;;;6
SA-N975-LEN-COM;Samsung;Galaxy Note10+;Lente de cámara;Compatible;3,45;;;6
SA-N975-ALT-COM;Samsung;Galaxy Note10+;Altavoz;Compatible;5,79;;;6
SA-N975-AUR-COM;Samsung;Galaxy Note10+;Auricular de llamada;Compatible;4,35;;;6
SA-N975-FLX-COM;Samsung;Galaxy Note10+;Flex de encendido y volumen;Compatible;4,00;;;6
SA-N975-SIM-COM;Samsung;Galaxy Note10+;Bandeja SIM;Compatible;3,59;;;6
SA-F900-PAN-ORI;Samsung;Galaxy Fold;Pantalla;Original con marco;300,20;291,19;282,19;12
SA-F900-PAN-COM;Samsung;Galaxy Fold;Pantalla;Compatible;171,55;166,40;161,26;6
SA-F900-PAN-ORI-EXT;Samsung;Galaxy Fold;Pantalla exterior;Original;84,15;81,63;79,10;12
SA-F900-PAN-COM-EXT;Samsung;Galaxy Fold;Pantalla exterior;Compatible;30,05;29,15;28,25;6
SA-F900-BAT-ORI-900;Samsung;Galaxy Fold;Batería;Original;24,00;23,28;22,56;12
SA-F900-BAT-COM-900;Samsung;Galaxy Fold;Batería;Compatible;12,50;12,13;11,75;6
SA-F900-BAT-ORI-901;Samsung;Galaxy Fold;Batería;Original;24,00;23,28;22,56;12
SA-F900-BAT-COM-901;Samsung;Galaxy Fold;Batería;Compatible;12,50;12,13;11,75;6
SA-F900-CON-ORI;Samsung;Galaxy Fold;Conector de carga;Original;33,15;32,16;31,16;12
SA-F900-CON-COM;Samsung;Galaxy Fold;Conector de carga;Compatible;13,75;13,34;12,93;6
SA-F900-TAP-COM-PLA;Samsung;Galaxy Fold;Tapa trasera;Plata (Space Silver);10,15;9,85;9,54;6
SA-F900-TAP-COM-NEG;Samsung;Galaxy Fold;Tapa trasera;Negro (Cosmos Black);10,15;9,85;9,54;6
SA-F900-CTR-COM;Samsung;Galaxy Fold;Cámara trasera;Compatible;25,15;24,40;23,64;6
SA-F900-CFR-COM;Samsung;Galaxy Fold;Cámara frontal;Compatible;11,79;11,44;11,08;6
SA-F900-LEN-COM;Samsung;Galaxy Fold;Lente de cámara;Compatible;5,05;;;6
SA-F900-ALT-COM;Samsung;Galaxy Fold;Altavoz;Compatible;9,25;;;6
SA-F900-AUR-COM;Samsung;Galaxy Fold;Auricular de llamada;Compatible;6,35;;;6
SA-F900-FLX-COM;Samsung;Galaxy Fold;Flex de encendido y volumen;Compatible;5,89;;;6
SA-F900-SIM-COM;Samsung;Galaxy Fold;Bandeja SIM;Compatible;5,39;;;6
SA-N770-PAN-ORI;Samsung;Galaxy Note10 Lite;Pantalla;Original con marco;63,35;61,45;59,55;12
SA-N770-PAN-INC;Samsung;Galaxy Note10 Lite;Pantalla;Incell;20,95;20,32;19,69;6
SA-N770-BAT-ORI;Samsung;Galaxy Note10 Lite;Batería;Original;22,50;21,83;21,15;12
SA-N770-BAT-COM;Samsung;Galaxy Note10 Lite;Batería;Compatible;11,15;10,82;10,48;6
SA-N770-CON-ORI;Samsung;Galaxy Note10 Lite;Conector de carga;Original;15,40;14,94;14,48;12
SA-N770-CON-COM;Samsung;Galaxy Note10 Lite;Conector de carga;Compatible;6,19;;;6
SA-N770-TAP-COM-AUR;Samsung;Galaxy Note10 Lite;Tapa trasera;Aura Glow;5,90;;;6
SA-N770-TAP-COM-NEG;Samsung;Galaxy Note10 Lite;Tapa trasera;Negro (Aura Black);5,90;;;6
SA-N770-TAP-COM-ROJ;Samsung;Galaxy Note10 Lite;Tapa trasera;Rojo (Aura Red);5,90;;;6
SA-N770-CTR-COM;Samsung;Galaxy Note10 Lite;Cámara trasera;Compatible;10,45;10,14;9,82;6
SA-N770-CFR-COM;Samsung;Galaxy Note10 Lite;Cámara frontal;Compatible;5,59;;;6
SA-N770-LEN-COM;Samsung;Galaxy Note10 Lite;Lente de cámara;Compatible;3,00;;;6
SA-N770-ALT-COM;Samsung;Galaxy Note10 Lite;Altavoz;Compatible;4,65;;;6
SA-N770-AUR-COM;Samsung;Galaxy Note10 Lite;Auricular de llamada;Compatible;3,60;;;6
SA-N770-FLX-COM;Samsung;Galaxy Note10 Lite;Flex de encendido y volumen;Compatible;3,40;;;6
SA-N770-SIM-COM;Samsung;Galaxy Note10 Lite;Bandeja SIM;Compatible;3,39;;;6
SA-G770-PAN-ORI;Samsung;Galaxy S10 Lite;Pantalla;Original con marco;66,29;64,30;62,31;12
SA-G770-PAN-OLS;Samsung;Galaxy S10 Lite;Pantalla;OLED Soft;41,15;39,92;38,68;6
SA-G770-PAN-OLH;Samsung;Galaxy S10 Lite;Pantalla;OLED Hard;38,59;37,43;36,27;6
SA-G770-PAN-INC;Samsung;Galaxy S10 Lite;Pantalla;Incell;20,25;19,64;19,04;6
SA-G770-BAT-ORI;Samsung;Galaxy S10 Lite;Batería;Original;22,39;21,72;21,05;12
SA-G770-BAT-COM;Samsung;Galaxy S10 Lite;Batería;Compatible;11,05;10,72;10,39;6
SA-G770-CON-ORI;Samsung;Galaxy S10 Lite;Conector de carga;Original;15,40;14,94;14,48;12
SA-G770-CON-COM;Samsung;Galaxy S10 Lite;Conector de carga;Compatible;6,69;;;6
SA-G770-TAP-COM-BLA;Samsung;Galaxy S10 Lite;Tapa trasera;Blanco (Prism White);5,45;;;6
SA-G770-TAP-COM-NEG;Samsung;Galaxy S10 Lite;Tapa trasera;Negro (Prism Black);5,45;;;6
SA-G770-TAP-COM-AZU;Samsung;Galaxy S10 Lite;Tapa trasera;Azul (Prism Blue);5,45;;;6
SA-G770-CTR-COM;Samsung;Galaxy S10 Lite;Cámara trasera;Compatible;11,75;11,40;11,05;6
SA-G770-CFR-COM;Samsung;Galaxy S10 Lite;Cámara frontal;Compatible;6,35;;;6
SA-G770-LEN-COM;Samsung;Galaxy S10 Lite;Lente de cámara;Compatible;2,95;;;6
SA-G770-ALT-COM;Samsung;Galaxy S10 Lite;Altavoz;Compatible;4,65;;;6
SA-G770-AUR-COM;Samsung;Galaxy S10 Lite;Auricular de llamada;Compatible;3,49;;;6
SA-G770-FLX-COM;Samsung;Galaxy S10 Lite;Flex de encendido y volumen;Compatible;3,45;;;6
SA-G770-SIM-COM;Samsung;Galaxy S10 Lite;Bandeja SIM;Compatible;3,10;;;6
SA-F700-PAN-ORI;Samsung;Galaxy Z Flip;Pantalla;Original con marco;193,65;187,84;182,03;12
SA-F700-PAN-COM;Samsung;Galaxy Z Flip;Pantalla;Compatible;109,59;106,30;103,01;6
SA-F700-PAN-ORI-EXT;Samsung;Galaxy Z Flip;Pantalla exterior;Original;67,65;65,62;63,59;12
SA-F700-PAN-COM-EXT;Samsung;Galaxy Z Flip;Pantalla exterior;Compatible;21,45;20,81;20,16;6
SA-F700-BAT-ORI-700;Samsung;Galaxy Z Flip;Batería;Original;21,80;21,15;20,49;12
SA-F700-BAT-COM-700;Samsung;Galaxy Z Flip;Batería;Compatible;11,20;10,86;10,53;6
SA-F700-BAT-ORI-701;Samsung;Galaxy Z Flip;Batería;Original;21,80;21,15;20,49;12
SA-F700-BAT-COM-701;Samsung;Galaxy Z Flip;Batería;Compatible;11,20;10,86;10,53;6
SA-F700-CON-ORI;Samsung;Galaxy Z Flip;Conector de carga;Original;19,09;18,52;17,94;12
SA-F700-CON-COM;Samsung;Galaxy Z Flip;Conector de carga;Compatible;7,60;;;6
SA-F700-TAP-COM-MOR;Samsung;Galaxy Z Flip;Tapa trasera;Morado (Mirror Purple);6,75;;;6
SA-F700-TAP-COM-NEG;Samsung;Galaxy Z Flip;Tapa trasera;Negro (Mirror Black);6,75;;;6
SA-F700-TAP-COM-DOR;Samsung;Galaxy Z Flip;Tapa trasera;Dorado (Mirror Gold);6,75;;;6
SA-F700-CTR-COM;Samsung;Galaxy Z Flip;Cámara trasera;Compatible;11,55;11,20;10,86;6
SA-F700-CFR-COM;Samsung;Galaxy Z Flip;Cámara frontal;Compatible;6,65;;;6
SA-F700-LEN-COM;Samsung;Galaxy Z Flip;Lente de cámara;Compatible;3,35;;;6
SA-F700-ALT-COM;Samsung;Galaxy Z Flip;Altavoz;Compatible;4,85;;;6
SA-F700-AUR-COM;Samsung;Galaxy Z Flip;Auricular de llamada;Compatible;3,65;;;6
SA-F700-FLX-COM;Samsung;Galaxy Z Flip;Flex de encendido y volumen;Compatible;3,30;;;6
SA-F700-SIM-COM;Samsung;Galaxy Z Flip;Bandeja SIM;Compatible;3,60;;;6
SA-G980-PAN-ORI;Samsung;Galaxy S20;Pantalla;Original con marco;113,89;110,47;107,06;12
SA-G980-PAN-OLS;Samsung;Galaxy S20;Pantalla;OLED Soft;68,50;66,44;64,39;6
SA-G980-PAN-OLH;Samsung;Galaxy S20;Pantalla;OLED Hard;64,25;62,32;60,40;6
SA-G980-PAN-INC;Samsung;Galaxy S20;Pantalla;Incell;24,00;23,28;22,56;6
SA-G980-BAT-ORI;Samsung;Galaxy S20;Batería;Original;21,70;21,05;20,40;12
SA-G980-BAT-COM;Samsung;Galaxy S20;Batería;Compatible;10,55;10,23;9,92;6
SA-G980-CON-ORI;Samsung;Galaxy S20;Conector de carga;Original;20,70;20,08;19,46;12
SA-G980-CON-COM;Samsung;Galaxy S20;Conector de carga;Compatible;8,99;;;6
SA-G980-TAP-COM-GRI;Samsung;Galaxy S20;Tapa trasera;Gris (Cosmic Gray);6,65;;;6
SA-G980-TAP-COM-AZU;Samsung;Galaxy S20;Tapa trasera;Azul (Cloud Blue);6,65;;;6
SA-G980-TAP-COM-ROS;Samsung;Galaxy S20;Tapa trasera;Rosa (Cloud Pink);6,65;;;6
SA-G980-CTR-COM;Samsung;Galaxy S20;Cámara trasera;Compatible;14,70;14,26;13,82;6
SA-G980-CFR-COM;Samsung;Galaxy S20;Cámara frontal;Compatible;7,95;;;6
SA-G980-LEN-COM;Samsung;Galaxy S20;Lente de cámara;Compatible;3,40;;;6
SA-G980-ALT-COM;Samsung;Galaxy S20;Altavoz;Compatible;5,35;;;6
SA-G980-AUR-COM;Samsung;Galaxy S20;Auricular de llamada;Compatible;3,80;;;6
SA-G980-FLX-COM;Samsung;Galaxy S20;Flex de encendido y volumen;Compatible;3,75;;;6
SA-G980-SIM-COM;Samsung;Galaxy S20;Bandeja SIM;Compatible;3,35;;;6
SA-G985-PAN-ORI;Samsung;Galaxy S20+;Pantalla;Original con marco;119,95;116,35;112,75;12
SA-G985-PAN-OLS;Samsung;Galaxy S20+;Pantalla;OLED Soft;68,50;66,44;64,39;6
SA-G985-PAN-OLH;Samsung;Galaxy S20+;Pantalla;OLED Hard;64,25;62,32;60,40;6
SA-G985-PAN-INC;Samsung;Galaxy S20+;Pantalla;Incell;33,70;32,69;31,68;6
SA-G985-BAT-ORI;Samsung;Galaxy S20+;Batería;Original;21,70;21,05;20,40;12
SA-G985-BAT-COM;Samsung;Galaxy S20+;Batería;Compatible;10,55;10,23;9,92;6
SA-G985-CON-ORI;Samsung;Galaxy S20+;Conector de carga;Original;20,70;20,08;19,46;12
SA-G985-CON-COM;Samsung;Galaxy S20+;Conector de carga;Compatible;8,99;;;6
SA-G985-TAP-COM-GRI;Samsung;Galaxy S20+;Tapa trasera;Gris (Cosmic Gray);6,65;;;6
SA-G985-TAP-COM-NEG;Samsung;Galaxy S20+;Tapa trasera;Negro (Cosmic Black);6,65;;;6
SA-G985-TAP-COM-AZU;Samsung;Galaxy S20+;Tapa trasera;Azul (Cloud Blue);6,65;;;6
SA-G985-TAP-COM-AAU;Samsung;Galaxy S20+;Tapa trasera;Azul (Aura Blue);6,65;;;6
SA-G985-CTR-COM;Samsung;Galaxy S20+;Cámara trasera;Compatible;14,70;14,26;13,82;6
SA-G985-CFR-COM;Samsung;Galaxy S20+;Cámara frontal;Compatible;7,95;;;6
SA-G985-LEN-COM;Samsung;Galaxy S20+;Lente de cámara;Compatible;3,40;;;6
SA-G985-ALT-COM;Samsung;Galaxy S20+;Altavoz;Compatible;5,35;;;6
SA-G985-AUR-COM;Samsung;Galaxy S20+;Auricular de llamada;Compatible;3,80;;;6
SA-G985-FLX-COM;Samsung;Galaxy S20+;Flex de encendido y volumen;Compatible;3,75;;;6
SA-G985-SIM-COM;Samsung;Galaxy S20+;Bandeja SIM;Compatible;3,35;;;6
SA-G988-PAN-ORI;Samsung;Galaxy S20 Ultra;Pantalla;Original con marco;161,49;156,65;151,80;12
SA-G988-PAN-OLS;Samsung;Galaxy S20 Ultra;Pantalla;OLED Soft;75,35;73,09;70,83;6
SA-G988-PAN-OLH;Samsung;Galaxy S20 Ultra;Pantalla;OLED Hard;66,40;64,41;62,42;6
SA-G988-PAN-INC;Samsung;Galaxy S20 Ultra;Pantalla;Incell;29,49;28,61;27,72;6
SA-G988-BAT-ORI;Samsung;Galaxy S20 Ultra;Batería;Original;21,70;21,05;20,40;12
SA-G988-BAT-COM;Samsung;Galaxy S20 Ultra;Batería;Compatible;10,55;10,23;9,92;6
SA-G988-CON-ORI;Samsung;Galaxy S20 Ultra;Conector de carga;Original;20,70;20,08;19,46;12
SA-G988-CON-COM;Samsung;Galaxy S20 Ultra;Conector de carga;Compatible;8,99;;;6
SA-G988-TAP-COM-GRI;Samsung;Galaxy S20 Ultra;Tapa trasera;Gris (Cosmic Gray);6,65;;;6
SA-G988-TAP-COM-NEG;Samsung;Galaxy S20 Ultra;Tapa trasera;Negro (Cosmic Black);6,65;;;6
SA-G988-TAP-COM-BLA;Samsung;Galaxy S20 Ultra;Tapa trasera;Blanco (Cloud White);6,65;;;6
SA-G988-CTR-COM;Samsung;Galaxy S20 Ultra;Cámara trasera;Compatible;14,70;14,26;13,82;6
SA-G988-CFR-COM;Samsung;Galaxy S20 Ultra;Cámara frontal;Compatible;7,95;;;6
SA-G988-LEN-COM;Samsung;Galaxy S20 Ultra;Lente de cámara;Compatible;3,40;;;6
SA-G988-ALT-COM;Samsung;Galaxy S20 Ultra;Altavoz;Compatible;5,35;;;6
SA-G988-AUR-COM;Samsung;Galaxy S20 Ultra;Auricular de llamada;Compatible;3,80;;;6
SA-G988-FLX-COM;Samsung;Galaxy S20 Ultra;Flex de encendido y volumen;Compatible;3,75;;;6
SA-G988-SIM-COM;Samsung;Galaxy S20 Ultra;Bandeja SIM;Compatible;3,35;;;6
SA-N980-PAN-ORI;Samsung;Galaxy Note20;Pantalla;Original con marco;114,65;111,21;107,77;12
SA-N980-PAN-INC;Samsung;Galaxy Note20;Pantalla;Incell;34,89;33,84;32,80;6
SA-N980-BAT-ORI;Samsung;Galaxy Note20;Batería;Original;21,85;21,19;20,54;12
SA-N980-BAT-COM;Samsung;Galaxy Note20;Batería;Compatible;10,69;10,37;10,05;6
SA-N980-CON-ORI;Samsung;Galaxy Note20;Conector de carga;Original;20,70;20,08;19,46;12
SA-N980-CON-COM;Samsung;Galaxy Note20;Conector de carga;Compatible;8,30;;;6
SA-N980-TAP-COM-BRO;Samsung;Galaxy Note20;Tapa trasera;Bronce (Mystic Bronze);7,25;;;6
SA-N980-TAP-COM-GRI;Samsung;Galaxy Note20;Tapa trasera;Gris (Mystic Gray);7,25;;;6
SA-N980-TAP-COM-VER;Samsung;Galaxy Note20;Tapa trasera;Verde (Mystic Green);7,25;;;6
SA-N980-CTR-COM;Samsung;Galaxy Note20;Cámara trasera;Compatible;13,10;12,71;12,31;6
SA-N980-CFR-COM;Samsung;Galaxy Note20;Cámara frontal;Compatible;6,95;;;6
SA-N980-LEN-COM;Samsung;Galaxy Note20;Lente de cámara;Compatible;3,49;;;6
SA-N980-ALT-COM;Samsung;Galaxy Note20;Altavoz;Compatible;5,30;;;6
SA-N980-AUR-COM;Samsung;Galaxy Note20;Auricular de llamada;Compatible;3,95;;;6
SA-N980-FLX-COM;Samsung;Galaxy Note20;Flex de encendido y volumen;Compatible;3,70;;;6
SA-N980-SIM-COM;Samsung;Galaxy Note20;Bandeja SIM;Compatible;3,65;;;6
SA-N986-PAN-ORI;Samsung;Galaxy Note20 Ultra 5G;Pantalla;Original con marco;154,35;149,72;145,09;12
SA-N986-PAN-INC;Samsung;Galaxy Note20 Ultra 5G;Pantalla;Incell;38,35;37,20;36,05;6
SA-N986-BAT-ORI;Samsung;Galaxy Note20 Ultra 5G;Batería;Original;21,85;21,19;20,54;12
SA-N986-BAT-COM;Samsung;Galaxy Note20 Ultra 5G;Batería;Compatible;10,69;10,37;10,05;6
SA-N986-CON-ORI;Samsung;Galaxy Note20 Ultra 5G;Conector de carga;Original;20,70;20,08;19,46;12
SA-N986-CON-COM;Samsung;Galaxy Note20 Ultra 5G;Conector de carga;Compatible;8,30;;;6
SA-N986-TAP-COM-BRO;Samsung;Galaxy Note20 Ultra 5G;Tapa trasera;Bronce (Mystic Bronze);7,25;;;6
SA-N986-TAP-COM-NEG;Samsung;Galaxy Note20 Ultra 5G;Tapa trasera;Negro (Mystic Black);7,25;;;6
SA-N986-TAP-COM-BLA;Samsung;Galaxy Note20 Ultra 5G;Tapa trasera;Blanco (Mystic White);7,25;;;6
SA-N986-CTR-COM;Samsung;Galaxy Note20 Ultra 5G;Cámara trasera;Compatible;13,10;12,71;12,31;6
SA-N986-CFR-COM;Samsung;Galaxy Note20 Ultra 5G;Cámara frontal;Compatible;6,95;;;6
SA-N986-LEN-COM;Samsung;Galaxy Note20 Ultra 5G;Lente de cámara;Compatible;3,49;;;6
SA-N986-ALT-COM;Samsung;Galaxy Note20 Ultra 5G;Altavoz;Compatible;5,30;;;6
SA-N986-AUR-COM;Samsung;Galaxy Note20 Ultra 5G;Auricular de llamada;Compatible;3,95;;;6
SA-N986-FLX-COM;Samsung;Galaxy Note20 Ultra 5G;Flex de encendido y volumen;Compatible;3,70;;;6
SA-N986-SIM-COM;Samsung;Galaxy Note20 Ultra 5G;Bandeja SIM;Compatible;3,65;;;6
SA-F707-PAN-ORI;Samsung;Galaxy Z Flip 5G;Pantalla;Original con marco;193,65;187,84;182,03;12
SA-F707-PAN-COM;Samsung;Galaxy Z Flip 5G;Pantalla;Compatible;109,59;106,30;103,01;6
SA-F707-PAN-ORI-EXT;Samsung;Galaxy Z Flip 5G;Pantalla exterior;Original;67,65;65,62;63,59;12
SA-F707-PAN-COM-EXT;Samsung;Galaxy Z Flip 5G;Pantalla exterior;Compatible;21,45;20,81;20,16;6
SA-F707-BAT-ORI;Samsung;Galaxy Z Flip 5G;Batería;Original;21,80;21,15;20,49;12
SA-F707-BAT-COM;Samsung;Galaxy Z Flip 5G;Batería;Compatible;11,20;10,86;10,53;6
SA-F707-CON-ORI;Samsung;Galaxy Z Flip 5G;Conector de carga;Original;19,09;18,52;17,94;12
SA-F707-CON-COM;Samsung;Galaxy Z Flip 5G;Conector de carga;Compatible;7,60;;;6
SA-F707-TAP-COM-BRO;Samsung;Galaxy Z Flip 5G;Tapa trasera;Bronce (Mystic Bronze);6,75;;;6
SA-F707-TAP-COM-GRI;Samsung;Galaxy Z Flip 5G;Tapa trasera;Gris (Mystic Gray);6,75;;;6
SA-F707-CTR-COM;Samsung;Galaxy Z Flip 5G;Cámara trasera;Compatible;11,55;11,20;10,86;6
SA-F707-CFR-COM;Samsung;Galaxy Z Flip 5G;Cámara frontal;Compatible;6,65;;;6
SA-F707-LEN-COM;Samsung;Galaxy Z Flip 5G;Lente de cámara;Compatible;3,35;;;6
SA-F707-ALT-COM;Samsung;Galaxy Z Flip 5G;Altavoz;Compatible;4,85;;;6
SA-F707-AUR-COM;Samsung;Galaxy Z Flip 5G;Auricular de llamada;Compatible;3,65;;;6
SA-F707-FLX-COM;Samsung;Galaxy Z Flip 5G;Flex de encendido y volumen;Compatible;3,30;;;6
SA-F707-SIM-COM;Samsung;Galaxy Z Flip 5G;Bandeja SIM;Compatible;3,60;;;6
SA-F916-PAN-ORI;Samsung;Galaxy Z Fold2 5G;Pantalla;Original con marco;330,29;320,38;310,47;12
SA-F916-PAN-COM;Samsung;Galaxy Z Fold2 5G;Pantalla;Compatible;182,10;176,64;171,17;6
SA-F916-PAN-ORI-EXT;Samsung;Galaxy Z Fold2 5G;Pantalla exterior;Original;92,60;89,82;87,04;12
SA-F916-PAN-COM-EXT;Samsung;Galaxy Z Fold2 5G;Pantalla exterior;Compatible;31,90;30,94;29,99;6
SA-F916-BAT-ORI-916;Samsung;Galaxy Z Fold2 5G;Batería;Original;21,85;21,19;20,54;12
SA-F916-BAT-COM-916;Samsung;Galaxy Z Fold2 5G;Batería;Compatible;10,69;10,37;10,05;6
SA-F916-BAT-ORI-917;Samsung;Galaxy Z Fold2 5G;Batería;Original;21,85;21,19;20,54;12
SA-F916-BAT-COM-917;Samsung;Galaxy Z Fold2 5G;Batería;Compatible;10,69;10,37;10,05;6
SA-F916-CON-ORI;Samsung;Galaxy Z Fold2 5G;Conector de carga;Original;31,69;30,74;29,79;12
SA-F916-CON-COM;Samsung;Galaxy Z Fold2 5G;Conector de carga;Compatible;13,15;12,76;12,36;6
SA-F916-TAP-COM-BRO;Samsung;Galaxy Z Fold2 5G;Tapa trasera;Bronce (Mystic Bronze);10,39;10,08;9,77;6
SA-F916-TAP-COM-NEG;Samsung;Galaxy Z Fold2 5G;Tapa trasera;Negro (Mystic Black);10,39;10,08;9,77;6
SA-F916-CTR-COM;Samsung;Galaxy Z Fold2 5G;Cámara trasera;Compatible;20,49;19,88;19,26;6
SA-F916-CFR-COM;Samsung;Galaxy Z Fold2 5G;Cámara frontal;Compatible;8,69;;;6
SA-F916-LEN-COM;Samsung;Galaxy Z Fold2 5G;Lente de cámara;Compatible;5,10;;;6
SA-F916-ALT-COM;Samsung;Galaxy Z Fold2 5G;Altavoz;Compatible;8,49;;;6
SA-F916-AUR-COM;Samsung;Galaxy Z Fold2 5G;Auricular de llamada;Compatible;5,75;;;6
SA-F916-FLX-COM;Samsung;Galaxy Z Fold2 5G;Flex de encendido y volumen;Compatible;5,40;;;6
SA-F916-SIM-COM;Samsung;Galaxy Z Fold2 5G;Bandeja SIM;Compatible;5,50;;;6
SA-G780-PAN-ORI;Samsung;Galaxy S20 FE;Pantalla;Original con marco;66,29;64,30;62,31;12
SA-G780-PAN-OLS;Samsung;Galaxy S20 FE;Pantalla;OLED Soft;41,15;39,92;38,68;6
SA-G780-PAN-OLH;Samsung;Galaxy S20 FE;Pantalla;OLED Hard;38,59;37,43;36,27;6
SA-G780-PAN-INC;Samsung;Galaxy S20 FE;Pantalla;Incell;20,25;19,64;19,04;6
SA-G780-BAT-ORI;Samsung;Galaxy S20 FE;Batería;Original;22,39;21,72;21,05;12
SA-G780-BAT-COM;Samsung;Galaxy S20 FE;Batería;Compatible;11,05;10,72;10,39;6
SA-G780-CON-ORI;Samsung;Galaxy S20 FE;Conector de carga;Original;15,40;14,94;14,48;12
SA-G780-CON-COM;Samsung;Galaxy S20 FE;Conector de carga;Compatible;6,69;;;6
SA-G780-TAP-COM-AZU;Samsung;Galaxy S20 FE;Tapa trasera;Azul marino (Cloud Navy);5,45;;;6
SA-G780-TAP-COM-LAV;Samsung;Galaxy S20 FE;Tapa trasera;Lavanda (Cloud Lavender);5,45;;;6
SA-G780-TAP-COM-MEN;Samsung;Galaxy S20 FE;Tapa trasera;Menta (Cloud Mint);5,45;;;6
SA-G780-TAP-COM-ROJ;Samsung;Galaxy S20 FE;Tapa trasera;Rojo (Cloud Red);5,45;;;6
SA-G780-TAP-COM-NAR;Samsung;Galaxy S20 FE;Tapa trasera;Naranja (Cloud Orange);5,45;;;6
SA-G780-TAP-COM-BLA;Samsung;Galaxy S20 FE;Tapa trasera;Blanco (Cloud White);5,45;;;6
SA-G780-CTR-COM;Samsung;Galaxy S20 FE;Cámara trasera;Compatible;11,75;11,40;11,05;6
SA-G780-CFR-COM;Samsung;Galaxy S20 FE;Cámara frontal;Compatible;6,35;;;6
SA-G780-LEN-COM;Samsung;Galaxy S20 FE;Lente de cámara;Compatible;2,95;;;6
SA-G780-ALT-COM;Samsung;Galaxy S20 FE;Altavoz;Compatible;4,65;;;6
SA-G780-AUR-COM;Samsung;Galaxy S20 FE;Auricular de llamada;Compatible;3,49;;;6
SA-G780-FLX-COM;Samsung;Galaxy S20 FE;Flex de encendido y volumen;Compatible;3,45;;;6
SA-G780-SIM-COM;Samsung;Galaxy S20 FE;Bandeja SIM;Compatible;3,10;;;6
SA-G991-PAN-ORI;Samsung;Galaxy S21 5G;Pantalla;Original con marco;113,89;110,47;107,06;12
SA-G991-PAN-OLS;Samsung;Galaxy S21 5G;Pantalla;OLED Soft;69,45;67,37;65,28;6
SA-G991-PAN-OLH;Samsung;Galaxy S21 5G;Pantalla;OLED Hard;63,05;61,16;59,27;6
SA-G991-PAN-INC;Samsung;Galaxy S21 5G;Pantalla;Incell;23,95;23,23;22,51;6
SA-G991-BAT-ORI;Samsung;Galaxy S21 5G;Batería;Original;21,70;21,05;20,40;12
SA-G991-BAT-COM;Samsung;Galaxy S21 5G;Batería;Compatible;10,65;10,33;10,01;6
SA-G991-CON-ORI;Samsung;Galaxy S21 5G;Conector de carga;Original;20,70;20,08;19,46;12
SA-G991-CON-COM;Samsung;Galaxy S21 5G;Conector de carga;Compatible;9,85;;;6
SA-G991-TAP-COM-GRI;Samsung;Galaxy S21 5G;Tapa trasera;Gris (Phantom Gray);6,90;;;6
SA-G991-TAP-COM-BLA;Samsung;Galaxy S21 5G;Tapa trasera;Blanco (Phantom White);6,90;;;6
SA-G991-TAP-COM-VIO;Samsung;Galaxy S21 5G;Tapa trasera;Violeta (Phantom Violet);6,90;;;6
SA-G991-TAP-COM-ROS;Samsung;Galaxy S21 5G;Tapa trasera;Rosa (Phantom Pink);6,90;;;6
SA-G991-CTR-COM;Samsung;Galaxy S21 5G;Cámara trasera;Compatible;18,80;18,24;17,67;6
SA-G991-CFR-COM;Samsung;Galaxy S21 5G;Cámara frontal;Compatible;6,80;;;6
SA-G991-LEN-COM;Samsung;Galaxy S21 5G;Lente de cámara;Compatible;3,40;;;6
SA-G991-ALT-COM;Samsung;Galaxy S21 5G;Altavoz;Compatible;5,75;;;6
SA-G991-AUR-COM;Samsung;Galaxy S21 5G;Auricular de llamada;Compatible;4,95;;;6
SA-G991-FLX-COM;Samsung;Galaxy S21 5G;Flex de encendido y volumen;Compatible;3,75;;;6
SA-G991-SIM-COM;Samsung;Galaxy S21 5G;Bandeja SIM;Compatible;3,39;;;6
SA-G996-PAN-ORI;Samsung;Galaxy S21+ 5G;Pantalla;Original con marco;119,95;116,35;112,75;12
SA-G996-PAN-OLS;Samsung;Galaxy S21+ 5G;Pantalla;OLED Soft;69,45;67,37;65,28;6
SA-G996-PAN-OLH;Samsung;Galaxy S21+ 5G;Pantalla;OLED Hard;64,25;62,32;60,40;6
SA-G996-PAN-INC;Samsung;Galaxy S21+ 5G;Pantalla;Incell;33,70;32,69;31,68;6
SA-G996-BAT-ORI;Samsung;Galaxy S21+ 5G;Batería;Original;21,70;21,05;20,40;12
SA-G996-BAT-COM;Samsung;Galaxy S21+ 5G;Batería;Compatible;10,55;10,23;9,92;6
SA-G996-CON-ORI;Samsung;Galaxy S21+ 5G;Conector de carga;Original;20,70;20,08;19,46;12
SA-G996-CON-COM;Samsung;Galaxy S21+ 5G;Conector de carga;Compatible;8,99;;;6
SA-G996-TAP-COM-PLA;Samsung;Galaxy S21+ 5G;Tapa trasera;Plata (Phantom Silver);6,90;;;6
SA-G996-TAP-COM-NEG;Samsung;Galaxy S21+ 5G;Tapa trasera;Negro (Phantom Black);6,90;;;6
SA-G996-TAP-COM-VIO;Samsung;Galaxy S21+ 5G;Tapa trasera;Violeta (Phantom Violet);6,90;;;6
SA-G996-CTR-COM;Samsung;Galaxy S21+ 5G;Cámara trasera;Compatible;18,79;18,23;17,66;6
SA-G996-CFR-COM;Samsung;Galaxy S21+ 5G;Cámara frontal;Compatible;7,95;;;6
SA-G996-LEN-COM;Samsung;Galaxy S21+ 5G;Lente de cámara;Compatible;3,40;;;6
SA-G996-ALT-COM;Samsung;Galaxy S21+ 5G;Altavoz;Compatible;5,35;;;6
SA-G996-AUR-COM;Samsung;Galaxy S21+ 5G;Auricular de llamada;Compatible;3,80;;;6
SA-G996-FLX-COM;Samsung;Galaxy S21+ 5G;Flex de encendido y volumen;Compatible;3,75;;;6
SA-G996-SIM-COM;Samsung;Galaxy S21+ 5G;Bandeja SIM;Compatible;3,35;;;6
SA-G998-PAN-ORI;Samsung;Galaxy S21 Ultra 5G;Pantalla;Original con marco;161,49;156,65;151,80;12
SA-G998-PAN-OLS;Samsung;Galaxy S21 Ultra 5G;Pantalla;OLED Soft;73,85;71,63;69,42;6
SA-G998-PAN-OLH;Samsung;Galaxy S21 Ultra 5G;Pantalla;OLED Hard;66,40;64,41;62,42;6
SA-G998-PAN-INC;Samsung;Galaxy S21 Ultra 5G;Pantalla;Incell;29,49;28,61;27,72;6
SA-G998-BAT-ORI;Samsung;Galaxy S21 Ultra 5G;Batería;Original;21,70;21,05;20,40;12
SA-G998-BAT-COM;Samsung;Galaxy S21 Ultra 5G;Batería;Compatible;10,55;10,23;9,92;6
SA-G998-CON-ORI;Samsung;Galaxy S21 Ultra 5G;Conector de carga;Original;20,70;20,08;19,46;12
SA-G998-CON-COM;Samsung;Galaxy S21 Ultra 5G;Conector de carga;Compatible;8,99;;;6
SA-G998-TAP-COM-PLA;Samsung;Galaxy S21 Ultra 5G;Tapa trasera;Plata (Phantom Silver);6,90;;;6
SA-G998-TAP-COM-NEG;Samsung;Galaxy S21 Ultra 5G;Tapa trasera;Negro (Phantom Black);6,90;;;6
SA-G998-TAP-COM-TIT;Samsung;Galaxy S21 Ultra 5G;Tapa trasera;Titanio (Phantom Titanium);6,90;;;6
SA-G998-TAP-COM-AZU;Samsung;Galaxy S21 Ultra 5G;Tapa trasera;Azul marino (Phantom Navy);6,90;;;6
SA-G998-TAP-COM-MAR;Samsung;Galaxy S21 Ultra 5G;Tapa trasera;Marrón (Phantom Brown);6,90;;;6
SA-G998-CTR-COM;Samsung;Galaxy S21 Ultra 5G;Cámara trasera;Compatible;18,79;18,23;17,66;6
SA-G998-CFR-COM;Samsung;Galaxy S21 Ultra 5G;Cámara frontal;Compatible;7,95;;;6
SA-G998-LEN-COM;Samsung;Galaxy S21 Ultra 5G;Lente de cámara;Compatible;3,40;;;6
SA-G998-ALT-COM;Samsung;Galaxy S21 Ultra 5G;Altavoz;Compatible;5,35;;;6
SA-G998-AUR-COM;Samsung;Galaxy S21 Ultra 5G;Auricular de llamada;Compatible;3,80;;;6
SA-G998-FLX-COM;Samsung;Galaxy S21 Ultra 5G;Flex de encendido y volumen;Compatible;3,75;;;6
SA-G998-SIM-COM;Samsung;Galaxy S21 Ultra 5G;Bandeja SIM;Compatible;3,35;;;6
SA-F711-PAN-ORI;Samsung;Galaxy Z Flip3 5G;Pantalla;Original con marco;193,65;187,84;182,03;12
SA-F711-PAN-COM;Samsung;Galaxy Z Flip3 5G;Pantalla;Compatible;109,59;106,30;103,01;6
SA-F711-PAN-ORI-EXT;Samsung;Galaxy Z Flip3 5G;Pantalla exterior;Original;67,65;65,62;63,59;12
SA-F711-PAN-COM-EXT;Samsung;Galaxy Z Flip3 5G;Pantalla exterior;Compatible;21,45;20,81;20,16;6
SA-F711-BAT-ORI-711;Samsung;Galaxy Z Flip3 5G;Batería;Original;21,80;21,15;20,49;12
SA-F711-BAT-COM-711;Samsung;Galaxy Z Flip3 5G;Batería;Compatible;11,20;10,86;10,53;6
SA-F711-BAT-ORI-712;Samsung;Galaxy Z Flip3 5G;Batería;Original;21,80;21,15;20,49;12
SA-F711-BAT-COM-712;Samsung;Galaxy Z Flip3 5G;Batería;Compatible;11,20;10,86;10,53;6
SA-F711-CON-ORI;Samsung;Galaxy Z Flip3 5G;Conector de carga;Original;19,09;18,52;17,94;12
SA-F711-CON-COM;Samsung;Galaxy Z Flip3 5G;Conector de carga;Compatible;7,60;;;6
SA-F711-TAP-COM-CRE;Samsung;Galaxy Z Flip3 5G;Tapa trasera;Crema;6,75;;;6
SA-F711-TAP-COM-VER;Samsung;Galaxy Z Flip3 5G;Tapa trasera;Verde;6,75;;;6
SA-F711-TAP-COM-LAV;Samsung;Galaxy Z Flip3 5G;Tapa trasera;Lavanda;6,75;;;6
SA-F711-TAP-COM-NEG;Samsung;Galaxy Z Flip3 5G;Tapa trasera;Negro (Phantom Black);6,75;;;6
SA-F711-CTR-COM;Samsung;Galaxy Z Flip3 5G;Cámara trasera;Compatible;11,55;11,20;10,86;6
SA-F711-CFR-COM;Samsung;Galaxy Z Flip3 5G;Cámara frontal;Compatible;6,65;;;6
SA-F711-LEN-COM;Samsung;Galaxy Z Flip3 5G;Lente de cámara;Compatible;3,35;;;6
SA-F711-ALT-COM;Samsung;Galaxy Z Flip3 5G;Altavoz;Compatible;4,85;;;6
SA-F711-AUR-COM;Samsung;Galaxy Z Flip3 5G;Auricular de llamada;Compatible;3,65;;;6
SA-F711-FLX-COM;Samsung;Galaxy Z Flip3 5G;Flex de encendido y volumen;Compatible;3,30;;;6
SA-F711-SIM-COM;Samsung;Galaxy Z Flip3 5G;Bandeja SIM;Compatible;3,60;;;6
SA-F926-PAN-ORI;Samsung;Galaxy Z Fold3 5G;Pantalla;Original con marco;330,29;320,38;310,47;12
SA-F926-PAN-COM;Samsung;Galaxy Z Fold3 5G;Pantalla;Compatible;182,10;176,64;171,17;6
SA-F926-PAN-ORI-EXT;Samsung;Galaxy Z Fold3 5G;Pantalla exterior;Original;92,60;89,82;87,04;12
SA-F926-PAN-COM-EXT;Samsung;Galaxy Z Fold3 5G;Pantalla exterior;Compatible;31,90;30,94;29,99;6
SA-F926-BAT-ORI-926;Samsung;Galaxy Z Fold3 5G;Batería;Original;21,85;21,19;20,54;12
SA-F926-BAT-COM-926;Samsung;Galaxy Z Fold3 5G;Batería;Compatible;10,69;10,37;10,05;6
SA-F926-BAT-ORI-927;Samsung;Galaxy Z Fold3 5G;Batería;Original;21,85;21,19;20,54;12
SA-F926-BAT-COM-927;Samsung;Galaxy Z Fold3 5G;Batería;Compatible;10,69;10,37;10,05;6
SA-F926-CON-ORI;Samsung;Galaxy Z Fold3 5G;Conector de carga;Original;31,69;30,74;29,79;12
SA-F926-CON-COM;Samsung;Galaxy Z Fold3 5G;Conector de carga;Compatible;13,15;12,76;12,36;6
SA-F926-TAP-COM-NEG;Samsung;Galaxy Z Fold3 5G;Tapa trasera;Negro (Phantom Black);10,39;10,08;9,77;6
SA-F926-TAP-COM-VER;Samsung;Galaxy Z Fold3 5G;Tapa trasera;Verde (Phantom Green);10,39;10,08;9,77;6
SA-F926-TAP-COM-PLA;Samsung;Galaxy Z Fold3 5G;Tapa trasera;Plata (Phantom Silver);10,39;10,08;9,77;6
SA-F926-CTR-COM;Samsung;Galaxy Z Fold3 5G;Cámara trasera;Compatible;20,49;19,88;19,26;6
SA-F926-CFR-COM;Samsung;Galaxy Z Fold3 5G;Cámara frontal;Compatible;8,69;;;6
SA-F926-LEN-COM;Samsung;Galaxy Z Fold3 5G;Lente de cámara;Compatible;5,10;;;6
SA-F926-ALT-COM;Samsung;Galaxy Z Fold3 5G;Altavoz;Compatible;8,49;;;6
SA-F926-AUR-COM;Samsung;Galaxy Z Fold3 5G;Auricular de llamada;Compatible;5,75;;;6
SA-F926-FLX-COM;Samsung;Galaxy Z Fold3 5G;Flex de encendido y volumen;Compatible;5,40;;;6
SA-F926-SIM-COM;Samsung;Galaxy Z Fold3 5G;Bandeja SIM;Compatible;5,50;;;6
SA-G990-PAN-ORI;Samsung;Galaxy S21 FE 5G;Pantalla;Original con marco;66,29;64,30;62,31;12
SA-G990-PAN-OLS;Samsung;Galaxy S21 FE 5G;Pantalla;OLED Soft;41,15;39,92;38,68;6
SA-G990-PAN-OLH;Samsung;Galaxy S21 FE 5G;Pantalla;OLED Hard;38,59;37,43;36,27;6
SA-G990-PAN-INC;Samsung;Galaxy S21 FE 5G;Pantalla;Incell;20,25;19,64;19,04;6
SA-G990-BAT-ORI;Samsung;Galaxy S21 FE 5G;Batería;Original;22,39;21,72;21,05;12
SA-G990-BAT-COM;Samsung;Galaxy S21 FE 5G;Batería;Compatible;11,05;10,72;10,39;6
SA-G990-CON-ORI;Samsung;Galaxy S21 FE 5G;Conector de carga;Original;15,40;14,94;14,48;12
SA-G990-CON-COM;Samsung;Galaxy S21 FE 5G;Conector de carga;Compatible;6,69;;;6
SA-G990-TAP-COM-GRA;Samsung;Galaxy S21 FE 5G;Tapa trasera;Grafito;5,45;;;6
SA-G990-TAP-COM-BLA;Samsung;Galaxy S21 FE 5G;Tapa trasera;Blanco;5,45;;;6
SA-G990-TAP-COM-LAV;Samsung;Galaxy S21 FE 5G;Tapa trasera;Lavanda;5,45;;;6
SA-G990-TAP-COM-OLI;Samsung;Galaxy S21 FE 5G;Tapa trasera;Oliva;5,45;;;6
SA-G990-CTR-COM;Samsung;Galaxy S21 FE 5G;Cámara trasera;Compatible;11,75;11,40;11,05;6
SA-G990-CFR-COM;Samsung;Galaxy S21 FE 5G;Cámara frontal;Compatible;6,35;;;6
SA-G990-LEN-COM;Samsung;Galaxy S21 FE 5G;Lente de cámara;Compatible;2,95;;;6
SA-G990-ALT-COM;Samsung;Galaxy S21 FE 5G;Altavoz;Compatible;4,65;;;6
SA-G990-AUR-COM;Samsung;Galaxy S21 FE 5G;Auricular de llamada;Compatible;3,49;;;6
SA-G990-FLX-COM;Samsung;Galaxy S21 FE 5G;Flex de encendido y volumen;Compatible;3,45;;;6
SA-G990-SIM-COM;Samsung;Galaxy S21 FE 5G;Bandeja SIM;Compatible;3,10;;;6
SA-S901-PAN-ORI;Samsung;Galaxy S22;Pantalla;Original con marco;114,30;110,87;107,44;12
SA-S901-PAN-OLS;Samsung;Galaxy S22;Pantalla;OLED Soft;69,45;67,37;65,28;6
SA-S901-PAN-OLH;Samsung;Galaxy S22;Pantalla;OLED Hard;64,25;62,32;60,40;6
SA-S901-PAN-INC;Samsung;Galaxy S22;Pantalla;Incell;29,49;28,61;27,72;6
SA-S901-BAT-ORI;Samsung;Galaxy S22;Batería;Original;21,70;21,05;20,40;12
SA-S901-BAT-COM;Samsung;Galaxy S22;Batería;Compatible;10,20;9,89;9,59;6
SA-S901-CON-ORI;Samsung;Galaxy S22;Conector de carga;Original;20,70;20,08;19,46;12
SA-S901-CON-COM;Samsung;Galaxy S22;Conector de carga;Compatible;8,99;;;6
SA-S901-TAP-COM-BLA;Samsung;Galaxy S22;Tapa trasera;Blanco (Phantom White);6,65;;;6
SA-S901-TAP-COM-NEG;Samsung;Galaxy S22;Tapa trasera;Negro (Phantom Black);6,65;;;6
SA-S901-TAP-COM-VER;Samsung;Galaxy S22;Tapa trasera;Verde;6,65;;;6
SA-S901-TAP-COM-ORO;Samsung;Galaxy S22;Tapa trasera;Oro rosa;6,65;;;6
SA-S901-TAP-COM-GRA;Samsung;Galaxy S22;Tapa trasera;Grafito;6,65;;;6
SA-S901-TAP-COM-AZU;Samsung;Galaxy S22;Tapa trasera;Azul cielo;6,65;;;6
SA-S901-TAP-COM-CRE;Samsung;Galaxy S22;Tapa trasera;Crema;6,65;;;6
SA-S901-TAP-COM-VIO;Samsung;Galaxy S22;Tapa trasera;Violeta;6,65;;;6
SA-S901-CTR-COM;Samsung;Galaxy S22;Cámara trasera;Compatible;12,29;11,92;11,55;6
SA-S901-CFR-COM;Samsung;Galaxy S22;Cámara frontal;Compatible;7,95;;;6
SA-S901-LEN-COM;Samsung;Galaxy S22;Lente de cámara;Compatible;3,40;;;6
SA-S901-ALT-COM;Samsung;Galaxy S22;Altavoz;Compatible;5,35;;;6
SA-S901-AUR-COM;Samsung;Galaxy S22;Auricular de llamada;Compatible;3,80;;;6
SA-S901-FLX-COM;Samsung;Galaxy S22;Flex de encendido y volumen;Compatible;3,75;;;6
SA-S901-SIM-COM;Samsung;Galaxy S22;Bandeja SIM;Compatible;3,35;;;6
SA-S906-PAN-ORI;Samsung;Galaxy S22+;Pantalla;Original con marco;119,95;116,35;112,75;12
SA-S906-PAN-OLS;Samsung;Galaxy S22+;Pantalla;OLED Soft;68,50;66,44;64,39;6
SA-S906-PAN-OLH;Samsung;Galaxy S22+;Pantalla;OLED Hard;64,25;62,32;60,40;6
SA-S906-PAN-INC;Samsung;Galaxy S22+;Pantalla;Incell;33,70;32,69;31,68;6
SA-S906-BAT-ORI;Samsung;Galaxy S22+;Batería;Original;21,70;21,05;20,40;12
SA-S906-BAT-COM;Samsung;Galaxy S22+;Batería;Compatible;10,55;10,23;9,92;6
SA-S906-CON-ORI;Samsung;Galaxy S22+;Conector de carga;Original;20,70;20,08;19,46;12
SA-S906-CON-COM;Samsung;Galaxy S22+;Conector de carga;Compatible;8,99;;;6
SA-S906-TAP-COM-BLA;Samsung;Galaxy S22+;Tapa trasera;Blanco (Phantom White);6,65;;;6
SA-S906-TAP-COM-NEG;Samsung;Galaxy S22+;Tapa trasera;Negro (Phantom Black);6,65;;;6
SA-S906-TAP-COM-VER;Samsung;Galaxy S22+;Tapa trasera;Verde;6,65;;;6
SA-S906-TAP-COM-ORO;Samsung;Galaxy S22+;Tapa trasera;Oro rosa;6,65;;;6
SA-S906-TAP-COM-GRA;Samsung;Galaxy S22+;Tapa trasera;Grafito;6,65;;;6
SA-S906-TAP-COM-AZU;Samsung;Galaxy S22+;Tapa trasera;Azul cielo;6,65;;;6
SA-S906-TAP-COM-CRE;Samsung;Galaxy S22+;Tapa trasera;Crema;6,65;;;6
SA-S906-TAP-COM-VIO;Samsung;Galaxy S22+;Tapa trasera;Violeta;6,65;;;6
SA-S906-CTR-COM;Samsung;Galaxy S22+;Cámara trasera;Compatible;14,70;14,26;13,82;6
SA-S906-CFR-COM;Samsung;Galaxy S22+;Cámara frontal;Compatible;7,95;;;6
SA-S906-LEN-COM;Samsung;Galaxy S22+;Lente de cámara;Compatible;3,40;;;6
SA-S906-ALT-COM;Samsung;Galaxy S22+;Altavoz;Compatible;5,35;;;6
SA-S906-AUR-COM;Samsung;Galaxy S22+;Auricular de llamada;Compatible;3,80;;;6
SA-S906-FLX-COM;Samsung;Galaxy S22+;Flex de encendido y volumen;Compatible;3,75;;;6
SA-S906-SIM-COM;Samsung;Galaxy S22+;Bandeja SIM;Compatible;3,35;;;6
SA-S908-PAN-ORI;Samsung;Galaxy S22 Ultra;Pantalla;Original con marco;165,29;160,33;155,37;12
SA-S908-PAN-OLS;Samsung;Galaxy S22 Ultra;Pantalla;OLED Soft;73,85;71,63;69,42;6
SA-S908-PAN-OLH;Samsung;Galaxy S22 Ultra;Pantalla;OLED Hard;66,40;64,41;62,42;6
SA-S908-PAN-INC;Samsung;Galaxy S22 Ultra;Pantalla;Incell;29,45;28,57;27,68;6
SA-S908-BAT-ORI;Samsung;Galaxy S22 Ultra;Batería;Original;21,70;21,05;20,40;12
SA-S908-BAT-COM;Samsung;Galaxy S22 Ultra;Batería;Compatible;10,20;9,89;9,59;6
SA-S908-CON-ORI;Samsung;Galaxy S22 Ultra;Conector de carga;Original;20,70;20,08;19,46;12
SA-S908-CON-COM;Samsung;Galaxy S22 Ultra;Conector de carga;Compatible;12,19;11,82;11,46;6
SA-S908-TAP-COM-BLA;Samsung;Galaxy S22 Ultra;Tapa trasera;Blanco (Phantom White);7,30;;;6
SA-S908-TAP-COM-NEG;Samsung;Galaxy S22 Ultra;Tapa trasera;Negro (Phantom Black);7,30;;;6
SA-S908-TAP-COM-VER;Samsung;Galaxy S22 Ultra;Tapa trasera;Verde;7,30;;;6
SA-S908-TAP-COM-BUR;Samsung;Galaxy S22 Ultra;Tapa trasera;Burdeos;7,30;;;6
SA-S908-TAP-COM-GRA;Samsung;Galaxy S22 Ultra;Tapa trasera;Grafito;7,30;;;6
SA-S908-TAP-COM-AZU;Samsung;Galaxy S22 Ultra;Tapa trasera;Azul cielo;7,30;;;6
SA-S908-TAP-COM-ROJ;Samsung;Galaxy S22 Ultra;Tapa trasera;Rojo;7,30;;;6
SA-S908-CTR-COM;Samsung;Galaxy S22 Ultra;Cámara trasera;Compatible;12,29;11,92;11,55;6
SA-S908-CFR-COM;Samsung;Galaxy S22 Ultra;Cámara frontal;Compatible;5,95;;;6
SA-S908-LEN-COM;Samsung;Galaxy S22 Ultra;Lente de cámara;Compatible;3,40;;;6
SA-S908-ALT-COM;Samsung;Galaxy S22 Ultra;Altavoz;Compatible;6,65;;;6
SA-S908-AUR-COM;Samsung;Galaxy S22 Ultra;Auricular de llamada;Compatible;3,80;;;6
SA-S908-FLX-COM;Samsung;Galaxy S22 Ultra;Flex de encendido y volumen;Compatible;3,75;;;6
SA-S908-SIM-COM;Samsung;Galaxy S22 Ultra;Bandeja SIM;Compatible;4,45;;;6
SA-F721-PAN-ORI;Samsung;Galaxy Z Flip4;Pantalla;Original con marco;193,65;187,84;182,03;12
SA-F721-PAN-COM;Samsung;Galaxy Z Flip4;Pantalla;Compatible;109,59;106,30;103,01;6
SA-F721-PAN-ORI-EXT;Samsung;Galaxy Z Flip4;Pantalla exterior;Original;67,65;65,62;63,59;12
SA-F721-PAN-COM-EXT;Samsung;Galaxy Z Flip4;Pantalla exterior;Compatible;21,45;20,81;20,16;6
SA-F721-BAT-ORI-721;Samsung;Galaxy Z Flip4;Batería;Original;21,80;21,15;20,49;12
SA-F721-BAT-COM-721;Samsung;Galaxy Z Flip4;Batería;Compatible;11,20;10,86;10,53;6
SA-F721-BAT-ORI-722;Samsung;Galaxy Z Flip4;Batería;Original;21,80;21,15;20,49;12
SA-F721-BAT-COM-722;Samsung;Galaxy Z Flip4;Batería;Compatible;11,20;10,86;10,53;6
SA-F721-CON-ORI;Samsung;Galaxy Z Flip4;Conector de carga;Original;19,09;18,52;17,94;12
SA-F721-CON-COM;Samsung;Galaxy Z Flip4;Conector de carga;Compatible;7,60;;;6
SA-F721-TAP-COM-MOR;Samsung;Galaxy Z Flip4;Tapa trasera;Morado (Bora Purple);6,75;;;6
SA-F721-TAP-COM-GRA;Samsung;Galaxy Z Flip4;Tapa trasera;Grafito;6,75;;;6
SA-F721-TAP-COM-ORO;Samsung;Galaxy Z Flip4;Tapa trasera;Oro rosa;6,75;;;6
SA-F721-TAP-COM-AZU;Samsung;Galaxy Z Flip4;Tapa trasera;Azul;6,75;;;6
SA-F721-CTR-COM;Samsung;Galaxy Z Flip4;Cámara trasera;Compatible;11,55;11,20;10,86;6
SA-F721-CFR-COM;Samsung;Galaxy Z Flip4;Cámara frontal;Compatible;6,65;;;6
SA-F721-LEN-COM;Samsung;Galaxy Z Flip4;Lente de cámara;Compatible;3,35;;;6
SA-F721-ALT-COM;Samsung;Galaxy Z Flip4;Altavoz;Compatible;4,85;;;6
SA-F721-AUR-COM;Samsung;Galaxy Z Flip4;Auricular de llamada;Compatible;3,65;;;6
SA-F721-FLX-COM;Samsung;Galaxy Z Flip4;Flex de encendido y volumen;Compatible;3,30;;;6
SA-F721-SIM-COM;Samsung;Galaxy Z Flip4;Bandeja SIM;Compatible;3,60;;;6
SA-F936-PAN-ORI;Samsung;Galaxy Z Fold4;Pantalla;Original con marco;330,29;320,38;310,47;12
SA-F936-PAN-COM;Samsung;Galaxy Z Fold4;Pantalla;Compatible;182,10;176,64;171,17;6
SA-F936-PAN-ORI-EXT;Samsung;Galaxy Z Fold4;Pantalla exterior;Original;92,60;89,82;87,04;12
SA-F936-PAN-COM-EXT;Samsung;Galaxy Z Fold4;Pantalla exterior;Compatible;31,90;30,94;29,99;6
SA-F936-BAT-ORI-936;Samsung;Galaxy Z Fold4;Batería;Original;21,85;21,19;20,54;12
SA-F936-BAT-COM-936;Samsung;Galaxy Z Fold4;Batería;Compatible;10,69;10,37;10,05;6
SA-F936-BAT-ORI-937;Samsung;Galaxy Z Fold4;Batería;Original;21,85;21,19;20,54;12
SA-F936-BAT-COM-937;Samsung;Galaxy Z Fold4;Batería;Compatible;10,69;10,37;10,05;6
SA-F936-CON-ORI;Samsung;Galaxy Z Fold4;Conector de carga;Original;31,69;30,74;29,79;12
SA-F936-CON-COM;Samsung;Galaxy Z Fold4;Conector de carga;Compatible;13,15;12,76;12,36;6
SA-F936-TAP-COM-VER;Samsung;Galaxy Z Fold4;Tapa trasera;Verde grisáceo;10,39;10,08;9,77;6
SA-F936-TAP-COM-NEG;Samsung;Galaxy Z Fold4;Tapa trasera;Negro (Phantom Black);10,39;10,08;9,77;6
SA-F936-TAP-COM-BEI;Samsung;Galaxy Z Fold4;Tapa trasera;Beige;10,39;10,08;9,77;6
SA-F936-TAP-COM-BUR;Samsung;Galaxy Z Fold4;Tapa trasera;Burdeos;10,39;10,08;9,77;6
SA-F936-CTR-COM;Samsung;Galaxy Z Fold4;Cámara trasera;Compatible;20,49;19,88;19,26;6
SA-F936-CFR-COM;Samsung;Galaxy Z Fold4;Cámara frontal;Compatible;8,69;;;6
SA-F936-LEN-COM;Samsung;Galaxy Z Fold4;Lente de cámara;Compatible;5,10;;;6
SA-F936-ALT-COM;Samsung;Galaxy Z Fold4;Altavoz;Compatible;8,49;;;6
SA-F936-AUR-COM;Samsung;Galaxy Z Fold4;Auricular de llamada;Compatible;5,75;;;6
SA-F936-FLX-COM;Samsung;Galaxy Z Fold4;Flex de encendido y volumen;Compatible;5,40;;;6
SA-F936-SIM-COM;Samsung;Galaxy Z Fold4;Bandeja SIM;Compatible;5,50;;;6
SA-S911-PAN-ORI;Samsung;Galaxy S23;Pantalla;Original con marco;114,30;110,87;107,44;12
SA-S911-PAN-OLS;Samsung;Galaxy S23;Pantalla;OLED Soft;72,90;70,71;68,53;6
SA-S911-PAN-OLH;Samsung;Galaxy S23;Pantalla;OLED Hard;68,39;66,34;64,29;6
SA-S911-PAN-INC;Samsung;Galaxy S23;Pantalla;Incell;29,45;28,57;27,68;6
SA-S911-BAT-ORI;Samsung;Galaxy S23;Batería;Original;24,99;24,24;23,49;12
SA-S911-BAT-COM;Samsung;Galaxy S23;Batería;Compatible;12,05;11,69;11,33;6
SA-S911-CON-ORI;Samsung;Galaxy S23;Conector de carga;Original;23,65;22,94;22,23;12
SA-S911-CON-COM;Samsung;Galaxy S23;Conector de carga;Compatible;10,25;9,94;9,64;6
SA-S911-TAP-COM-NEG;Samsung;Galaxy S23;Tapa trasera;Negro (Phantom Black);7,10;;;6
SA-S911-TAP-COM-CRE;Samsung;Galaxy S23;Tapa trasera;Crema;7,10;;;6
SA-S911-TAP-COM-VER;Samsung;Galaxy S23;Tapa trasera;Verde;7,10;;;6
SA-S911-TAP-COM-LAV;Samsung;Galaxy S23;Tapa trasera;Lavanda;7,10;;;6
SA-S911-TAP-COM-GRA;Samsung;Galaxy S23;Tapa trasera;Grafito;7,10;;;6
SA-S911-TAP-COM-LIM;Samsung;Galaxy S23;Tapa trasera;Lima;7,10;;;6
SA-S911-CTR-COM;Samsung;Galaxy S23;Cámara trasera;Compatible;24,99;24,24;23,49;6
SA-S911-CFR-COM;Samsung;Galaxy S23;Cámara frontal;Compatible;12,95;12,56;12,17;6
SA-S911-LEN-COM;Samsung;Galaxy S23;Lente de cámara;Compatible;3,59;;;6
SA-S911-ALT-COM;Samsung;Galaxy S23;Altavoz;Compatible;7,50;;;6
SA-S911-AUR-COM;Samsung;Galaxy S23;Auricular de llamada;Compatible;3,05;;;6
SA-S911-FLX-COM;Samsung;Galaxy S23;Flex de encendido y volumen;Compatible;4,55;;;6
SA-S911-SIM-COM;Samsung;Galaxy S23;Bandeja SIM;Compatible;2,45;;;6
SA-S916-PAN-ORI;Samsung;Galaxy S23+;Pantalla;Original con marco;123,80;120,09;116,37;12
SA-S916-PAN-OLS;Samsung;Galaxy S23+;Pantalla;OLED Soft;72,90;70,71;68,53;6
SA-S916-PAN-OLH;Samsung;Galaxy S23+;Pantalla;OLED Hard;68,39;66,34;64,29;6
SA-S916-PAN-INC;Samsung;Galaxy S23+;Pantalla;Incell;35,89;34,81;33,74;6
SA-S916-BAT-ORI;Samsung;Galaxy S23+;Batería;Original;25,15;24,40;23,64;12
SA-S916-BAT-COM;Samsung;Galaxy S23+;Batería;Compatible;12,05;11,69;11,33;6
SA-S916-CON-ORI;Samsung;Galaxy S23+;Conector de carga;Original;23,65;22,94;22,23;12
SA-S916-CON-COM;Samsung;Galaxy S23+;Conector de carga;Compatible;10,25;9,94;9,64;6
SA-S916-TAP-COM-NEG;Samsung;Galaxy S23+;Tapa trasera;Negro (Phantom Black);7,49;;;6
SA-S916-TAP-COM-CRE;Samsung;Galaxy S23+;Tapa trasera;Crema;7,49;;;6
SA-S916-TAP-COM-VER;Samsung;Galaxy S23+;Tapa trasera;Verde;7,49;;;6
SA-S916-TAP-COM-LAV;Samsung;Galaxy S23+;Tapa trasera;Lavanda;7,49;;;6
SA-S916-TAP-COM-GRA;Samsung;Galaxy S23+;Tapa trasera;Grafito;7,49;;;6
SA-S916-TAP-COM-LIM;Samsung;Galaxy S23+;Tapa trasera;Lima;7,49;;;6
SA-S916-CTR-COM;Samsung;Galaxy S23+;Cámara trasera;Compatible;24,99;24,24;23,49;6
SA-S916-CFR-COM;Samsung;Galaxy S23+;Cámara frontal;Compatible;11,69;11,34;10,99;6
SA-S916-LEN-COM;Samsung;Galaxy S23+;Lente de cámara;Compatible;3,59;;;6
SA-S916-ALT-COM;Samsung;Galaxy S23+;Altavoz;Compatible;5,75;;;6
SA-S916-AUR-COM;Samsung;Galaxy S23+;Auricular de llamada;Compatible;4,15;;;6
SA-S916-FLX-COM;Samsung;Galaxy S23+;Flex de encendido y volumen;Compatible;4,55;;;6
SA-S916-SIM-COM;Samsung;Galaxy S23+;Bandeja SIM;Compatible;3,30;;;6
SA-S918-PAN-ORI;Samsung;Galaxy S23 Ultra;Pantalla;Original con marco;182,95;177,46;171,97;12
SA-S918-PAN-OLS;Samsung;Galaxy S23 Ultra;Pantalla;OLED Soft;75,45;73,19;70,92;6
SA-S918-PAN-OLH;Samsung;Galaxy S23 Ultra;Pantalla;OLED Hard;69,40;67,32;65,24;6
SA-S918-PAN-INC;Samsung;Galaxy S23 Ultra;Pantalla;Incell;29,45;28,57;27,68;6
SA-S918-BAT-ORI;Samsung;Galaxy S23 Ultra;Batería;Original;25,15;24,40;23,64;12
SA-S918-BAT-COM;Samsung;Galaxy S23 Ultra;Batería;Compatible;12,05;11,69;11,33;6
SA-S918-CON-ORI;Samsung;Galaxy S23 Ultra;Conector de carga;Original;23,65;22,94;22,23;12
SA-S918-CON-COM;Samsung;Galaxy S23 Ultra;Conector de carga;Compatible;14,35;13,92;13,49;6
SA-S918-TAP-COM-NEG;Samsung;Galaxy S23 Ultra;Tapa trasera;Negro (Phantom Black);7,10;;;6
SA-S918-TAP-COM-CRE;Samsung;Galaxy S23 Ultra;Tapa trasera;Crema;7,10;;;6
SA-S918-TAP-COM-VER;Samsung;Galaxy S23 Ultra;Tapa trasera;Verde;7,10;;;6
SA-S918-TAP-COM-LAV;Samsung;Galaxy S23 Ultra;Tapa trasera;Lavanda;7,10;;;6
SA-S918-TAP-COM-GRA;Samsung;Galaxy S23 Ultra;Tapa trasera;Grafito;7,10;;;6
SA-S918-TAP-COM-LIM;Samsung;Galaxy S23 Ultra;Tapa trasera;Lima;7,10;;;6
SA-S918-TAP-COM-AZU;Samsung;Galaxy S23 Ultra;Tapa trasera;Azul cielo;7,10;;;6
SA-S918-TAP-COM-ROJ;Samsung;Galaxy S23 Ultra;Tapa trasera;Rojo;7,10;;;6
SA-S918-CTR-COM;Samsung;Galaxy S23 Ultra;Cámara trasera;Compatible;24,99;24,24;23,49;6
SA-S918-CFR-COM;Samsung;Galaxy S23 Ultra;Cámara frontal;Compatible;10,25;9,94;9,64;6
SA-S918-LEN-COM;Samsung;Galaxy S23 Ultra;Lente de cámara;Compatible;3,59;;;6
SA-S918-ALT-COM;Samsung;Galaxy S23 Ultra;Altavoz;Compatible;7,05;;;6
SA-S918-AUR-COM;Samsung;Galaxy S23 Ultra;Auricular de llamada;Compatible;5,45;;;6
SA-S918-FLX-COM;Samsung;Galaxy S23 Ultra;Flex de encendido y volumen;Compatible;4,55;;;6
SA-S918-SIM-COM;Samsung;Galaxy S23 Ultra;Bandeja SIM;Compatible;3,35;;;6
SA-F731-PAN-ORI;Samsung;Galaxy Z Flip5;Pantalla;Original con marco;210,00;203,70;197,40;12
SA-F731-PAN-COM;Samsung;Galaxy Z Flip5;Pantalla;Compatible;116,65;113,15;109,65;6
SA-F731-PAN-ORI-EXT;Samsung;Galaxy Z Flip5;Pantalla exterior;Original;54,00;52,38;50,76;12
SA-F731-PAN-COM-EXT;Samsung;Galaxy Z Flip5;Pantalla exterior;Compatible;22,85;22,16;21,48;6
SA-F731-BAT-ORI-731;Samsung;Galaxy Z Flip5;Batería;Original;23,99;23,27;22,55;12
SA-F731-BAT-COM-731;Samsung;Galaxy Z Flip5;Batería;Compatible;14,40;13,97;13,54;6
SA-F731-BAT-ORI-732;Samsung;Galaxy Z Flip5;Batería;Original;23,99;23,27;22,55;12
SA-F731-BAT-COM-732;Samsung;Galaxy Z Flip5;Batería;Compatible;14,40;13,97;13,54;6
SA-F731-CON-ORI;Samsung;Galaxy Z Flip5;Conector de carga;Original;21,80;21,15;20,49;12
SA-F731-CON-COM;Samsung;Galaxy Z Flip5;Conector de carga;Compatible;9,09;;;6
SA-F731-TAP-COM-MEN;Samsung;Galaxy Z Flip5;Tapa trasera;Menta;7,59;;;6
SA-F731-TAP-COM-GRA;Samsung;Galaxy Z Flip5;Tapa trasera;Grafito;7,59;;;6
SA-F731-TAP-COM-CRE;Samsung;Galaxy Z Flip5;Tapa trasera;Crema;7,59;;;6
SA-F731-TAP-COM-LAV;Samsung;Galaxy Z Flip5;Tapa trasera;Lavanda;7,59;;;6
SA-F731-TAP-COM-GRI;Samsung;Galaxy Z Flip5;Tapa trasera;Gris;7,59;;;6
SA-F731-TAP-COM-AZU;Samsung;Galaxy Z Flip5;Tapa trasera;Azul;7,59;;;6
SA-F731-TAP-COM-VER;Samsung;Galaxy Z Flip5;Tapa trasera;Verde;7,59;;;6
SA-F731-TAP-COM-AMA;Samsung;Galaxy Z Flip5;Tapa trasera;Amarillo;7,59;;;6
SA-F731-CTR-COM;Samsung;Galaxy Z Flip5;Cámara trasera;Compatible;15,40;14,94;14,48;6
SA-F731-CFR-COM;Samsung;Galaxy Z Flip5;Cámara frontal;Compatible;11,40;11,06;10,72;6
SA-F731-LEN-COM;Samsung;Galaxy Z Flip5;Lente de cámara;Compatible;3,45;;;6
SA-F731-ALT-COM;Samsung;Galaxy Z Flip5;Altavoz;Compatible;5,05;;;6
SA-F731-AUR-COM;Samsung;Galaxy Z Flip5;Auricular de llamada;Compatible;4,00;;;6
SA-F731-FLX-COM;Samsung;Galaxy Z Flip5;Flex de encendido y volumen;Compatible;3,30;;;6
SA-F731-SIM-COM;Samsung;Galaxy Z Flip5;Bandeja SIM;Compatible;4,10;;;6
SA-F946-PAN-ORI;Samsung;Galaxy Z Fold5;Pantalla;Original con marco;404,10;391,98;379,85;12
SA-F946-PAN-COM;Samsung;Galaxy Z Fold5;Pantalla;Compatible;193,80;187,99;182,17;6
SA-F946-PAN-ORI-EXT;Samsung;Galaxy Z Fold5;Pantalla exterior;Original;75,29;73,03;70,77;12
SA-F946-PAN-COM-EXT;Samsung;Galaxy Z Fold5;Pantalla exterior;Compatible;40,39;39,18;37,97;6
SA-F946-BAT-ORI-946;Samsung;Galaxy Z Fold5;Batería;Original;25,29;24,53;23,77;12
SA-F946-BAT-COM-946;Samsung;Galaxy Z Fold5;Batería;Compatible;12,19;11,82;11,46;6
SA-F946-BAT-ORI-947;Samsung;Galaxy Z Fold5;Batería;Original;25,29;24,53;23,77;12
SA-F946-BAT-COM-947;Samsung;Galaxy Z Fold5;Batería;Compatible;12,19;11,82;11,46;6
SA-F946-CON-ORI;Samsung;Galaxy Z Fold5;Conector de carga;Original;36,20;35,11;34,03;12
SA-F946-CON-COM;Samsung;Galaxy Z Fold5;Conector de carga;Compatible;20,00;19,40;18,80;6
SA-F946-TAP-COM-AZU;Samsung;Galaxy Z Fold5;Tapa trasera;Azul hielo;11,65;11,30;10,95;6
SA-F946-TAP-COM-NEG;Samsung;Galaxy Z Fold5;Tapa trasera;Negro (Phantom Black);11,65;11,30;10,95;6
SA-F946-TAP-COM-CRE;Samsung;Galaxy Z Fold5;Tapa trasera;Crema;11,65;11,30;10,95;6
SA-F946-TAP-COM-GRI;Samsung;Galaxy Z Fold5;Tapa trasera;Gris;11,65;11,30;10,95;6
SA-F946-TAP-COM-ABL;Samsung;Galaxy Z Fold5;Tapa trasera;Azul;11,65;11,30;10,95;6
SA-F946-CTR-COM;Samsung;Galaxy Z Fold5;Cámara trasera;Compatible;37,05;35,94;34,83;6
SA-F946-CFR-COM;Samsung;Galaxy Z Fold5;Cámara frontal;Compatible;9,10;;;6
SA-F946-LEN-COM;Samsung;Galaxy Z Fold5;Lente de cámara;Compatible;5,35;;;6
SA-F946-ALT-COM;Samsung;Galaxy Z Fold5;Altavoz;Compatible;12,55;12,17;11,80;6
SA-F946-AUR-COM;Samsung;Galaxy Z Fold5;Auricular de llamada;Compatible;6,35;;;6
SA-F946-FLX-COM;Samsung;Galaxy Z Fold5;Flex de encendido y volumen;Compatible;6,59;;;6
SA-F946-SIM-COM;Samsung;Galaxy Z Fold5;Bandeja SIM;Compatible;6,35;;;6
SA-S711-PAN-ORI;Samsung;Galaxy S23 FE;Pantalla;Original con marco;68,40;66,35;64,30;12
SA-S711-PAN-OLS;Samsung;Galaxy S23 FE;Pantalla;OLED Soft;43,79;42,48;41,16;6
SA-S711-PAN-OLH;Samsung;Galaxy S23 FE;Pantalla;OLED Hard;41,05;39,82;38,59;6
SA-S711-PAN-INC;Samsung;Galaxy S23 FE;Pantalla;Incell;21,55;20,90;20,26;6
SA-S711-BAT-ORI;Samsung;Galaxy S23 FE;Batería;Original;25,90;25,12;24,35;12
SA-S711-BAT-COM;Samsung;Galaxy S23 FE;Batería;Compatible;12,60;12,22;11,84;6
SA-S711-CON-ORI;Samsung;Galaxy S23 FE;Conector de carga;Original;17,60;17,07;16,54;12
SA-S711-CON-COM;Samsung;Galaxy S23 FE;Conector de carga;Compatible;7,65;;;6
SA-S711-TAP-COM-GRA;Samsung;Galaxy S23 FE;Tapa trasera;Grafito;6,09;;;6
SA-S711-TAP-COM-CRE;Samsung;Galaxy S23 FE;Tapa trasera;Crema;6,09;;;6
SA-S711-TAP-COM-MOR;Samsung;Galaxy S23 FE;Tapa trasera;Morado;6,09;;;6
SA-S711-TAP-COM-MEN;Samsung;Galaxy S23 FE;Tapa trasera;Menta;6,09;;;6
SA-S711-TAP-COM-IND;Samsung;Galaxy S23 FE;Tapa trasera;Índigo;6,09;;;6
SA-S711-TAP-COM-MAN;Samsung;Galaxy S23 FE;Tapa trasera;Mandarina;6,09;;;6
SA-S711-CTR-COM;Samsung;Galaxy S23 FE;Cámara trasera;Compatible;16,45;15,96;15,46;6
SA-S711-CFR-COM;Samsung;Galaxy S23 FE;Cámara frontal;Compatible;9,35;;;6
SA-S711-LEN-COM;Samsung;Galaxy S23 FE;Lente de cámara;Compatible;3,09;;;6
SA-S711-ALT-COM;Samsung;Galaxy S23 FE;Altavoz;Compatible;5,00;;;6
SA-S711-AUR-COM;Samsung;Galaxy S23 FE;Auricular de llamada;Compatible;3,80;;;6
SA-S711-FLX-COM;Samsung;Galaxy S23 FE;Flex de encendido y volumen;Compatible;4,19;;;6
SA-S711-SIM-COM;Samsung;Galaxy S23 FE;Bandeja SIM;Compatible;3,05;;;6
SA-S921-PAN-ORI;Samsung;Galaxy S24;Pantalla;Original con marco;114,30;110,87;107,44;12
SA-S921-PAN-OLS;Samsung;Galaxy S24;Pantalla;OLED Soft;72,90;70,71;68,53;6
SA-S921-PAN-OLH;Samsung;Galaxy S24;Pantalla;OLED Hard;68,39;66,34;64,29;6
SA-S921-PAN-INC;Samsung;Galaxy S24;Pantalla;Incell;35,89;34,81;33,74;6
SA-S921-BAT-ORI;Samsung;Galaxy S24;Batería;Original;25,15;24,40;23,64;12
SA-S921-BAT-COM;Samsung;Galaxy S24;Batería;Compatible;10,70;10,38;10,06;6
SA-S921-CON-ORI;Samsung;Galaxy S24;Conector de carga;Original;23,65;22,94;22,23;12
SA-S921-CON-COM;Samsung;Galaxy S24;Conector de carga;Compatible;10,10;9,80;9,49;6
SA-S921-TAP-COM-NEG;Samsung;Galaxy S24;Tapa trasera;Negro (Onyx Black);7,49;;;6
SA-S921-TAP-COM-GRI;Samsung;Galaxy S24;Tapa trasera;Gris (Marble Grey);7,49;;;6
SA-S921-TAP-COM-AMA;Samsung;Galaxy S24;Tapa trasera;Amarillo (Amber Yellow);7,49;;;6
SA-S921-TAP-COM-VIO;Samsung;Galaxy S24;Tapa trasera;Violeta (Cobalt Violet);7,49;;;6
SA-S921-TAP-COM-VER;Samsung;Galaxy S24;Tapa trasera;Verde (Jade Green);7,49;;;6
SA-S921-TAP-COM-AZU;Samsung;Galaxy S24;Tapa trasera;Azul (Sapphire Blue);7,49;;;6
SA-S921-TAP-COM-NAR;Samsung;Galaxy S24;Tapa trasera;Naranja (Sandstone Orange);7,49;;;6
SA-S921-CTR-COM;Samsung;Galaxy S24;Cámara trasera;Compatible;16,69;16,19;15,69;6
SA-S921-CFR-COM;Samsung;Galaxy S24;Cámara frontal;Compatible;11,69;11,34;10,99;6
SA-S921-LEN-COM;Samsung;Galaxy S24;Lente de cámara;Compatible;3,59;;;6
SA-S921-ALT-COM;Samsung;Galaxy S24;Altavoz;Compatible;4,05;;;6
SA-S921-AUR-COM;Samsung;Galaxy S24;Auricular de llamada;Compatible;4,10;;;6
SA-S921-FLX-COM;Samsung;Galaxy S24;Flex de encendido y volumen;Compatible;4,79;;;6
SA-S921-SIM-COM;Samsung;Galaxy S24;Bandeja SIM;Compatible;3,60;;;6
SA-S926-PAN-ORI;Samsung;Galaxy S24+;Pantalla;Original con marco;123,80;120,09;116,37;12
SA-S926-PAN-OLS;Samsung;Galaxy S24+;Pantalla;OLED Soft;72,90;70,71;68,53;6
SA-S926-PAN-OLH;Samsung;Galaxy S24+;Pantalla;OLED Hard;68,39;66,34;64,29;6
SA-S926-PAN-INC;Samsung;Galaxy S24+;Pantalla;Incell;35,89;34,81;33,74;6
SA-S926-BAT-ORI;Samsung;Galaxy S24+;Batería;Original;25,15;24,40;23,64;12
SA-S926-BAT-COM;Samsung;Galaxy S24+;Batería;Compatible;12,05;11,69;11,33;6
SA-S926-CON-ORI;Samsung;Galaxy S24+;Conector de carga;Original;23,65;22,94;22,23;12
SA-S926-CON-COM;Samsung;Galaxy S24+;Conector de carga;Compatible;10,25;9,94;9,64;6
SA-S926-TAP-COM-NEG;Samsung;Galaxy S24+;Tapa trasera;Negro (Onyx Black);7,49;;;6
SA-S926-TAP-COM-GRI;Samsung;Galaxy S24+;Tapa trasera;Gris (Marble Grey);7,49;;;6
SA-S926-TAP-COM-AMA;Samsung;Galaxy S24+;Tapa trasera;Amarillo (Amber Yellow);7,49;;;6
SA-S926-TAP-COM-VIO;Samsung;Galaxy S24+;Tapa trasera;Violeta (Cobalt Violet);7,49;;;6
SA-S926-TAP-COM-VER;Samsung;Galaxy S24+;Tapa trasera;Verde (Jade Green);7,49;;;6
SA-S926-TAP-COM-AZU;Samsung;Galaxy S24+;Tapa trasera;Azul (Sapphire Blue);7,49;;;6
SA-S926-TAP-COM-NAR;Samsung;Galaxy S24+;Tapa trasera;Naranja (Sandstone Orange);7,49;;;6
SA-S926-CTR-COM;Samsung;Galaxy S24+;Cámara trasera;Compatible;20,60;19,98;19,36;6
SA-S926-CFR-COM;Samsung;Galaxy S24+;Cámara frontal;Compatible;11,69;11,34;10,99;6
SA-S926-LEN-COM;Samsung;Galaxy S24+;Lente de cámara;Compatible;3,59;;;6
SA-S926-ALT-COM;Samsung;Galaxy S24+;Altavoz;Compatible;5,75;;;6
SA-S926-AUR-COM;Samsung;Galaxy S24+;Auricular de llamada;Compatible;4,15;;;6
SA-S926-FLX-COM;Samsung;Galaxy S24+;Flex de encendido y volumen;Compatible;4,55;;;6
SA-S926-SIM-COM;Samsung;Galaxy S24+;Bandeja SIM;Compatible;3,30;;;6
SA-S928-PAN-ORI;Samsung;Galaxy S24 Ultra;Pantalla;Original con marco;197,50;191,58;185,65;12
SA-S928-PAN-OLS;Samsung;Galaxy S24 Ultra;Pantalla;OLED Soft;80,20;77,79;75,39;6
SA-S928-PAN-OLH;Samsung;Galaxy S24 Ultra;Pantalla;OLED Hard;72,35;70,18;68,01;6
SA-S928-PAN-INC;Samsung;Galaxy S24 Ultra;Pantalla;Incell;39,45;38,27;37,08;6
SA-S928-BAT-ORI;Samsung;Galaxy S24 Ultra;Batería;Original;24,99;24,24;23,49;12
SA-S928-BAT-COM;Samsung;Galaxy S24 Ultra;Batería;Compatible;13,05;12,66;12,27;6
SA-S928-CON-ORI;Samsung;Galaxy S24 Ultra;Conector de carga;Original;23,65;22,94;22,23;12
SA-S928-CON-COM;Samsung;Galaxy S24 Ultra;Conector de carga;Compatible;10,25;9,94;9,64;6
SA-S928-TAP-COM-NEG;Samsung;Galaxy S24 Ultra;Tapa trasera;Negro (Titanium Black);7,49;;;6
SA-S928-TAP-COM-GRI;Samsung;Galaxy S24 Ultra;Tapa trasera;Gris (Titanium Grey);7,49;;;6
SA-S928-TAP-COM-AMA;Samsung;Galaxy S24 Ultra;Tapa trasera;Amarillo (Titanium Yellow);7,49;;;6
SA-S928-TAP-COM-VIO;Samsung;Galaxy S24 Ultra;Tapa trasera;Violeta (Titanium Violet);7,49;;;6
SA-S928-TAP-COM-VER;Samsung;Galaxy S24 Ultra;Tapa trasera;Verde (Titanium Green);7,49;;;6
SA-S928-TAP-COM-AZU;Samsung;Galaxy S24 Ultra;Tapa trasera;Azul (Titanium Blue);7,49;;;6
SA-S928-TAP-COM-NAR;Samsung;Galaxy S24 Ultra;Tapa trasera;Naranja (Titanium Orange);7,49;;;6
SA-S928-CTR-COM;Samsung;Galaxy S24 Ultra;Cámara trasera;Compatible;20,60;19,98;19,36;6
SA-S928-CFR-COM;Samsung;Galaxy S24 Ultra;Cámara frontal;Compatible;11,69;11,34;10,99;6
SA-S928-LEN-COM;Samsung;Galaxy S24 Ultra;Lente de cámara;Compatible;3,59;;;6
SA-S928-ALT-COM;Samsung;Galaxy S24 Ultra;Altavoz;Compatible;4,10;;;6
SA-S928-AUR-COM;Samsung;Galaxy S24 Ultra;Auricular de llamada;Compatible;3,30;;;6
SA-S928-FLX-COM;Samsung;Galaxy S24 Ultra;Flex de encendido y volumen;Compatible;4,90;;;6
SA-S928-SIM-COM;Samsung;Galaxy S24 Ultra;Bandeja SIM;Compatible;2,89;;;6
SA-F741-PAN-ORI;Samsung;Galaxy Z Flip6;Pantalla;Original con marco;210,00;203,70;197,40;12
SA-F741-PAN-COM;Samsung;Galaxy Z Flip6;Pantalla;Compatible;116,65;113,15;109,65;6
SA-F741-PAN-ORI-EXT;Samsung;Galaxy Z Flip6;Pantalla exterior;Original;78,00;75,66;73,32;12
SA-F741-PAN-COM-EXT;Samsung;Galaxy Z Flip6;Pantalla exterior;Compatible;22,85;22,16;21,48;6
SA-F741-BAT-ORI-741;Samsung;Galaxy Z Flip6;Batería;Original;25,25;24,49;23,74;12
SA-F741-BAT-COM-741;Samsung;Galaxy Z Flip6;Batería;Compatible;12,80;12,42;12,03;6
SA-F741-BAT-ORI-742;Samsung;Galaxy Z Flip6;Batería;Original;25,25;24,49;23,74;12
SA-F741-BAT-COM-742;Samsung;Galaxy Z Flip6;Batería;Compatible;12,80;12,42;12,03;6
SA-F741-CON-ORI;Samsung;Galaxy Z Flip6;Conector de carga;Original;21,80;21,15;20,49;12
SA-F741-CON-COM;Samsung;Galaxy Z Flip6;Conector de carga;Compatible;8,05;;;6
SA-F741-TAP-COM-PLA;Samsung;Galaxy Z Flip6;Tapa trasera;Plata (Silver Shadow);7,59;;;6
SA-F741-TAP-COM-AMA;Samsung;Galaxy Z Flip6;Tapa trasera;Amarillo;7,59;;;6
SA-F741-TAP-COM-AZU;Samsung;Galaxy Z Flip6;Tapa trasera;Azul;7,59;;;6
SA-F741-TAP-COM-MEN;Samsung;Galaxy Z Flip6;Tapa trasera;Menta;7,59;;;6
SA-F741-TAP-COM-NEG;Samsung;Galaxy Z Flip6;Tapa trasera;Negro (Crafted Black);7,59;;;6
SA-F741-TAP-COM-BLA;Samsung;Galaxy Z Flip6;Tapa trasera;Blanco;7,59;;;6
SA-F741-TAP-COM-MEL;Samsung;Galaxy Z Flip6;Tapa trasera;Melocotón;7,59;;;6
SA-F741-CTR-COM;Samsung;Galaxy Z Flip6;Cámara trasera;Compatible;16,19;15,70;15,22;6
SA-F741-CFR-COM;Samsung;Galaxy Z Flip6;Cámara frontal;Compatible;7,85;;;6
SA-F741-LEN-COM;Samsung;Galaxy Z Flip6;Lente de cámara;Compatible;4,60;;;6
SA-F741-ALT-COM;Samsung;Galaxy Z Flip6;Altavoz;Compatible;6,49;;;6
SA-F741-AUR-COM;Samsung;Galaxy Z Flip6;Auricular de llamada;Compatible;4,00;;;6
SA-F741-FLX-COM;Samsung;Galaxy Z Flip6;Flex de encendido y volumen;Compatible;4,00;;;6
SA-F741-SIM-COM;Samsung;Galaxy Z Flip6;Bandeja SIM;Compatible;3,55;;;6
SA-F956-PAN-ORI;Samsung;Galaxy Z Fold6;Pantalla;Original con marco;403,95;391,83;379,71;12
SA-F956-PAN-COM;Samsung;Galaxy Z Fold6;Pantalla;Compatible;193,80;187,99;182,17;6
SA-F956-PAN-ORI-EXT;Samsung;Galaxy Z Fold6;Pantalla exterior;Original;84,00;81,48;78,96;12
SA-F956-PAN-COM-EXT;Samsung;Galaxy Z Fold6;Pantalla exterior;Compatible;33,95;32,93;31,91;6
SA-F956-BAT-ORI-956;Samsung;Galaxy Z Fold6;Batería;Original;25,29;24,53;23,77;12
SA-F956-BAT-COM-956;Samsung;Galaxy Z Fold6;Batería;Compatible;12,19;11,82;11,46;6
SA-F956-BAT-ORI-957;Samsung;Galaxy Z Fold6;Batería;Original;25,29;24,53;23,77;12
SA-F956-BAT-COM-957;Samsung;Galaxy Z Fold6;Batería;Compatible;12,19;11,82;11,46;6
SA-F956-CON-ORI;Samsung;Galaxy Z Fold6;Conector de carga;Original;36,20;35,11;34,03;12
SA-F956-CON-COM;Samsung;Galaxy Z Fold6;Conector de carga;Compatible;15,00;14,55;14,10;6
SA-F956-TAP-COM-PLA;Samsung;Galaxy Z Fold6;Tapa trasera;Plata (Silver Shadow);11,65;11,30;10,95;6
SA-F956-TAP-COM-ROS;Samsung;Galaxy Z Fold6;Tapa trasera;Rosa;11,65;11,30;10,95;6
SA-F956-TAP-COM-AZU;Samsung;Galaxy Z Fold6;Tapa trasera;Azul marino;11,65;11,30;10,95;6
SA-F956-TAP-COM-NEG;Samsung;Galaxy Z Fold6;Tapa trasera;Negro (Crafted Black);11,65;11,30;10,95;6
SA-F956-TAP-COM-BLA;Samsung;Galaxy Z Fold6;Tapa trasera;Blanco;11,65;11,30;10,95;6
SA-F956-CTR-COM;Samsung;Galaxy Z Fold6;Cámara trasera;Compatible;28,70;27,84;26,98;6
SA-F956-CFR-COM;Samsung;Galaxy Z Fold6;Cámara frontal;Compatible;12,70;12,32;11,94;6
SA-F956-LEN-COM;Samsung;Galaxy Z Fold6;Lente de cámara;Compatible;5,35;;;6
SA-F956-ALT-COM;Samsung;Galaxy Z Fold6;Altavoz;Compatible;9,15;;;6
SA-F956-AUR-COM;Samsung;Galaxy Z Fold6;Auricular de llamada;Compatible;6,35;;;6
SA-F956-FLX-COM;Samsung;Galaxy Z Fold6;Flex de encendido y volumen;Compatible;6,59;;;6
SA-F956-SIM-COM;Samsung;Galaxy Z Fold6;Bandeja SIM;Compatible;5,40;;;6
SA-S721-PAN-ORI;Samsung;Galaxy S24 FE;Pantalla;Original con marco;79,00;76,63;74,26;12
SA-S721-PAN-OLS;Samsung;Galaxy S24 FE;Pantalla;OLED Soft;43,79;42,48;41,16;6
SA-S721-PAN-OLH;Samsung;Galaxy S24 FE;Pantalla;OLED Hard;41,05;39,82;38,59;6
SA-S721-PAN-INC;Samsung;Galaxy S24 FE;Pantalla;Incell;21,55;20,90;20,26;6
SA-S721-BAT-ORI;Samsung;Galaxy S24 FE;Batería;Original;25,90;25,12;24,35;12
SA-S721-BAT-COM;Samsung;Galaxy S24 FE;Batería;Compatible;12,60;12,22;11,84;6
SA-S721-CON-ORI;Samsung;Galaxy S24 FE;Conector de carga;Original;17,60;17,07;16,54;12
SA-S721-CON-COM;Samsung;Galaxy S24 FE;Conector de carga;Compatible;7,65;;;6
SA-S721-TAP-COM-GRA;Samsung;Galaxy S24 FE;Tapa trasera;Grafito;6,09;;;6
SA-S721-TAP-COM-GRI;Samsung;Galaxy S24 FE;Tapa trasera;Gris;6,09;;;6
SA-S721-TAP-COM-AMA;Samsung;Galaxy S24 FE;Tapa trasera;Amarillo;6,09;;;6
SA-S721-TAP-COM-AZU;Samsung;Galaxy S24 FE;Tapa trasera;Azul;6,09;;;6
SA-S721-TAP-COM-MEN;Samsung;Galaxy S24 FE;Tapa trasera;Menta;6,09;;;6
SA-S721-CTR-COM;Samsung;Galaxy S24 FE;Cámara trasera;Compatible;16,45;15,96;15,46;6
SA-S721-CFR-COM;Samsung;Galaxy S24 FE;Cámara frontal;Compatible;9,35;;;6
SA-S721-LEN-COM;Samsung;Galaxy S24 FE;Lente de cámara;Compatible;3,09;;;6
SA-S721-ALT-COM;Samsung;Galaxy S24 FE;Altavoz;Compatible;5,00;;;6
SA-S721-AUR-COM;Samsung;Galaxy S24 FE;Auricular de llamada;Compatible;3,80;;;6
SA-S721-FLX-COM;Samsung;Galaxy S24 FE;Flex de encendido y volumen;Compatible;4,19;;;6
SA-S721-SIM-COM;Samsung;Galaxy S24 FE;Bandeja SIM;Compatible;3,05;;;6
SA-S931-PAN-ORI;Samsung;Galaxy S25;Pantalla;Original con marco;114,15;110,73;107,30;12
SA-S931-PAN-OLS;Samsung;Galaxy S25;Pantalla;OLED Soft;76,79;74,49;72,18;6
SA-S931-PAN-OLH;Samsung;Galaxy S25;Pantalla;OLED Hard;72,00;69,84;67,68;6
SA-S931-PAN-INC;Samsung;Galaxy S25;Pantalla;Incell;37,79;36,66;35,52;6
SA-S931-BAT-ORI;Samsung;Galaxy S25;Batería;Original;25,30;24,54;23,78;12
SA-S931-BAT-COM;Samsung;Galaxy S25;Batería;Compatible;7,65;;;6
SA-S931-CON-ORI;Samsung;Galaxy S25;Conector de carga;Original;28,20;27,35;26,51;12
SA-S931-CON-COM;Samsung;Galaxy S25;Conector de carga;Compatible;12,85;12,46;12,08;6
SA-S931-TAP-COM-AZU;Samsung;Galaxy S25;Tapa trasera;Azul;6,35;;;6
SA-S931-TAP-COM-MEN;Samsung;Galaxy S25;Tapa trasera;Menta;6,35;;;6
SA-S931-TAP-COM-AMA;Samsung;Galaxy S25;Tapa trasera;Azul Marino;6,35;;;6
SA-S931-TAP-COM-GRI;Samsung;Galaxy S25;Tapa trasera;Gris;6,35;;;6
SA-S931-TAP-COM-NEG;Samsung;Galaxy S25;Tapa trasera;Negro Azulado;6,35;;;6
SA-S931-TAP-COM-ORO;Samsung;Galaxy S25;Tapa trasera;Oro Rosa;6,35;;;6
SA-S931-TAP-COM-ROJ;Samsung;Galaxy S25;Tapa trasera;Rojo Coral;6,35;;;6
SA-S931-CTR-COM;Samsung;Galaxy S25;Cámara trasera;Compatible;28,20;27,35;26,51;6
SA-S931-CFR-COM;Samsung;Galaxy S25;Cámara frontal;Compatible;22,20;21,53;20,87;6
SA-S931-LEN-COM;Samsung;Galaxy S25;Lente de cámara;Compatible;4,60;;;6
SA-S931-ALT-COM;Samsung;Galaxy S25;Altavoz;Compatible;6,25;;;6
SA-S931-AUR-COM;Samsung;Galaxy S25;Auricular de llamada;Compatible;6,15;;;6
SA-S931-FLX-COM;Samsung;Galaxy S25;Flex de encendido y volumen;Compatible;4,95;;;6
SA-S931-SIM-COM;Samsung;Galaxy S25;Bandeja SIM;Compatible;3,90;;;6
SA-S936-PAN-ORI;Samsung;Galaxy S25+;Pantalla;Original con marco;150,00;145,50;141,00;12
SA-S936-PAN-OLS;Samsung;Galaxy S25+;Pantalla;OLED Soft;76,79;74,49;72,18;6
SA-S936-PAN-OLH;Samsung;Galaxy S25+;Pantalla;OLED Hard;72,00;69,84;67,68;6
SA-S936-PAN-INC;Samsung;Galaxy S25+;Pantalla;Incell;37,79;36,66;35,52;6
SA-S936-BAT-ORI;Samsung;Galaxy S25+;Batería;Original;25,30;24,54;23,78;12
SA-S936-BAT-COM;Samsung;Galaxy S25+;Batería;Compatible;11,35;11,01;10,67;6
SA-S936-CON-ORI;Samsung;Galaxy S25+;Conector de carga;Original;28,20;27,35;26,51;12
SA-S936-CON-COM;Samsung;Galaxy S25+;Conector de carga;Compatible;12,25;11,88;11,51;6
SA-S936-TAP-COM-AZU;Samsung;Galaxy S25+;Tapa trasera;Azul;8,00;;;6
SA-S936-TAP-COM-MEN;Samsung;Galaxy S25+;Tapa trasera;Menta;8,00;;;6
SA-S936-TAP-COM-AMA;Samsung;Galaxy S25+;Tapa trasera;Azul Marino;8,00;;;6
SA-S936-TAP-COM-GRI;Samsung;Galaxy S25+;Tapa trasera;Gris;8,00;;;6
SA-S936-TAP-COM-NEG;Samsung;Galaxy S25+;Tapa trasera;Negro Azulado;8,00;;;6
SA-S936-TAP-COM-ORO;Samsung;Galaxy S25+;Tapa trasera;Oro Rosa;8,00;;;6
SA-S936-TAP-COM-ROJ;Samsung;Galaxy S25+;Tapa trasera;Rojo Coral;8,00;;;6
SA-S936-CTR-COM;Samsung;Galaxy S25+;Cámara trasera;Compatible;28,20;27,35;26,51;6
SA-S936-CFR-COM;Samsung;Galaxy S25+;Cámara frontal;Compatible;16,29;15,80;15,31;6
SA-S936-LEN-COM;Samsung;Galaxy S25+;Lente de cámara;Compatible;4,60;;;6
SA-S936-ALT-COM;Samsung;Galaxy S25+;Altavoz;Compatible;7,55;;;6
SA-S936-AUR-COM;Samsung;Galaxy S25+;Auricular de llamada;Compatible;5,89;;;6
SA-S936-FLX-COM;Samsung;Galaxy S25+;Flex de encendido y volumen;Compatible;4,95;;;6
SA-S936-SIM-COM;Samsung;Galaxy S25+;Bandeja SIM;Compatible;3,90;;;6
SA-S938-PAN-ORI;Samsung;Galaxy S25 Ultra;Pantalla;Original con marco;195,00;189,15;183,30;12
SA-S938-PAN-OLS;Samsung;Galaxy S25 Ultra;Pantalla;OLED Soft;83,85;81,33;78,82;6
SA-S938-PAN-OLH;Samsung;Galaxy S25 Ultra;Pantalla;OLED Hard;72,30;70,13;67,96;6
SA-S938-PAN-INC;Samsung;Galaxy S25 Ultra;Pantalla;Incell;41,25;40,01;38,78;6
SA-S938-BAT-ORI;Samsung;Galaxy S25 Ultra;Batería;Original;32,99;32,00;31,01;12
SA-S938-BAT-COM;Samsung;Galaxy S25 Ultra;Batería;Compatible;12,35;11,98;11,61;6
SA-S938-CON-ORI;Samsung;Galaxy S25 Ultra;Conector de carga;Original;28,20;27,35;26,51;12
SA-S938-CON-COM;Samsung;Galaxy S25 Ultra;Conector de carga;Compatible;12,55;12,17;11,80;6
SA-S938-TAP-COM-TIT;Samsung;Galaxy S25 Ultra;Tapa trasera;Titanio Azul;6,35;;;6
SA-S938-TAP-COM-TNE;Samsung;Galaxy S25 Ultra;Tapa trasera;Titanio Negro;6,35;;;6
SA-S938-TAP-COM-TGR;Samsung;Galaxy S25 Ultra;Tapa trasera;Titanio Gris;6,35;;;6
SA-S938-TAP-COM-TPL;Samsung;Galaxy S25 Ultra;Tapa trasera;Titanio Plata;6,35;;;6
SA-S938-TAP-COM-TTI;Samsung;Galaxy S25 Ultra;Tapa trasera;Titanio Negro Intenso;6,35;;;6
SA-S938-TAP-COM-TES;Samsung;Galaxy S25 Ultra;Tapa trasera;Titanio Esmeralda;6,35;;;6
SA-S938-TAP-COM-TCU;Samsung;Galaxy S25 Ultra;Tapa trasera;Titanio Cuarzo Rosa;6,35;;;6
SA-S938-CTR-COM;Samsung;Galaxy S25 Ultra;Cámara trasera;Compatible;58,05;56,31;54,57;6
SA-S938-CFR-COM;Samsung;Galaxy S25 Ultra;Cámara frontal;Compatible;21,49;20,85;20,20;6
SA-S938-LEN-COM;Samsung;Galaxy S25 Ultra;Lente de cámara;Compatible;4,50;;;6
SA-S938-ALT-COM;Samsung;Galaxy S25 Ultra;Altavoz;Compatible;10,50;10,19;9,87;6
SA-S938-AUR-COM;Samsung;Galaxy S25 Ultra;Auricular de llamada;Compatible;6,75;;;6
SA-S938-FLX-COM;Samsung;Galaxy S25 Ultra;Flex de encendido y volumen;Compatible;4,40;;;6
SA-S938-SIM-COM;Samsung;Galaxy S25 Ultra;Bandeja SIM;Compatible;3,25;;;6
SA-S937-PAN-ORI;Samsung;Galaxy S25 Edge;Pantalla;Original con marco;128,70;124,84;120,98;12
SA-S937-PAN-OLS;Samsung;Galaxy S25 Edge;Pantalla;OLED Soft;76,79;74,49;72,18;6
SA-S937-PAN-OLH;Samsung;Galaxy S25 Edge;Pantalla;OLED Hard;72,00;69,84;67,68;6
SA-S937-PAN-INC;Samsung;Galaxy S25 Edge;Pantalla;Incell;37,79;36,66;35,52;6
SA-S937-BAT-ORI;Samsung;Galaxy S25 Edge;Batería;Original;25,30;24,54;23,78;12
SA-S937-BAT-COM;Samsung;Galaxy S25 Edge;Batería;Compatible;11,35;11,01;10,67;6
SA-S937-CON-ORI;Samsung;Galaxy S25 Edge;Conector de carga;Original;28,20;27,35;26,51;12
SA-S937-CON-COM;Samsung;Galaxy S25 Edge;Conector de carga;Compatible;12,25;11,88;11,51;6
SA-S937-TAP-COM-TIT;Samsung;Galaxy S25 Edge;Tapa trasera;Titanio Plata;8,00;;;6
SA-S937-TAP-COM-TAZ;Samsung;Galaxy S25 Edge;Tapa trasera;Titanio Azul;8,00;;;6
SA-S937-TAP-COM-TNE;Samsung;Galaxy S25 Edge;Tapa trasera;Titanio Negro Intenso;8,00;;;6
SA-S937-CTR-COM;Samsung;Galaxy S25 Edge;Cámara trasera;Compatible;28,20;27,35;26,51;6
SA-S937-CFR-COM;Samsung;Galaxy S25 Edge;Cámara frontal;Compatible;16,29;15,80;15,31;6
SA-S937-LEN-COM;Samsung;Galaxy S25 Edge;Lente de cámara;Compatible;4,60;;;6
SA-S937-ALT-COM;Samsung;Galaxy S25 Edge;Altavoz;Compatible;7,55;;;6
SA-S937-AUR-COM;Samsung;Galaxy S25 Edge;Auricular de llamada;Compatible;5,89;;;6
SA-S937-FLX-COM;Samsung;Galaxy S25 Edge;Flex de encendido y volumen;Compatible;4,95;;;6
SA-S937-SIM-COM;Samsung;Galaxy S25 Edge;Bandeja SIM;Compatible;3,90;;;6
SA-F766-PAN-ORI;Samsung;Galaxy Z Flip7;Pantalla;Original con marco;207,80;201,57;195,33;12
SA-F766-PAN-COM;Samsung;Galaxy Z Flip7;Pantalla;Compatible;122,85;119,16;115,48;6
SA-F766-PAN-ORI-EXT;Samsung;Galaxy Z Flip7;Pantalla exterior;Original;72,59;70,41;68,23;12
SA-F766-PAN-COM-EXT;Samsung;Galaxy Z Flip7;Pantalla exterior;Compatible;24,05;23,33;22,61;6
SA-F766-BAT-ORI;Samsung;Galaxy Z Flip7;Batería;Original;25,40;24,64;23,88;12
SA-F766-BAT-COM;Samsung;Galaxy Z Flip7;Batería;Compatible;12,05;11,69;11,33;6
SA-F766-CON-ORI;Samsung;Galaxy Z Flip7;Conector de carga;Original;26,00;25,22;24,44;12
SA-F766-CON-COM;Samsung;Galaxy Z Flip7;Conector de carga;Compatible;10,39;10,08;9,77;6
SA-F766-TAP-COM-AZU;Samsung;Galaxy Z Flip7;Tapa trasera;Azul Intenso;8,10;;;6
SA-F766-TAP-COM-NEG;Samsung;Galaxy Z Flip7;Tapa trasera;Negro Oscuro;8,10;;;6
SA-F766-TAP-COM-ROJ;Samsung;Galaxy Z Flip7;Tapa trasera;Rojo Coral;8,10;;;6
SA-F766-TAP-COM-VER;Samsung;Galaxy Z Flip7;Tapa trasera;Verde Menta;8,10;;;6
SA-F766-CTR-COM;Samsung;Galaxy Z Flip7;Cámara trasera;Compatible;22,15;21,49;20,82;6
SA-F766-CFR-COM;Samsung;Galaxy Z Flip7;Cámara frontal;Compatible;13,55;13,14;12,74;6
SA-F766-LEN-COM;Samsung;Galaxy Z Flip7;Lente de cámara;Compatible;4,50;;;6
SA-F766-ALT-COM;Samsung;Galaxy Z Flip7;Altavoz;Compatible;6,90;;;6
SA-F766-AUR-COM;Samsung;Galaxy Z Flip7;Auricular de llamada;Compatible;5,65;;;6
SA-F766-FLX-COM;Samsung;Galaxy Z Flip7;Flex de encendido y volumen;Compatible;4,39;;;6
SA-F766-SIM-COM;Samsung;Galaxy Z Flip7;Bandeja SIM;Compatible;4,19;;;6
SA-F761-PAN-ORI;Samsung;Galaxy Z Flip7 FE;Pantalla;Original con marco;207,80;201,57;195,33;12
SA-F761-PAN-COM;Samsung;Galaxy Z Flip7 FE;Pantalla;Compatible;122,85;119,16;115,48;6
SA-F761-PAN-ORI-EXT;Samsung;Galaxy Z Flip7 FE;Pantalla exterior;Original;72,59;70,41;68,23;12
SA-F761-PAN-COM-EXT;Samsung;Galaxy Z Flip7 FE;Pantalla exterior;Compatible;24,05;23,33;22,61;6
SA-F761-BAT-ORI;Samsung;Galaxy Z Flip7 FE;Batería;Original;25,40;24,64;23,88;12
SA-F761-BAT-COM;Samsung;Galaxy Z Flip7 FE;Batería;Compatible;12,05;11,69;11,33;6
SA-F761-CON-ORI;Samsung;Galaxy Z Flip7 FE;Conector de carga;Original;26,00;25,22;24,44;12
SA-F761-CON-COM;Samsung;Galaxy Z Flip7 FE;Conector de carga;Compatible;10,39;10,08;9,77;6
SA-F761-TAP-COM-NEG;Samsung;Galaxy Z Flip7 FE;Tapa trasera;Negro;8,10;;;6
SA-F761-TAP-COM-BLA;Samsung;Galaxy Z Flip7 FE;Tapa trasera;Blanco;8,10;;;6
SA-F761-CTR-COM;Samsung;Galaxy Z Flip7 FE;Cámara trasera;Compatible;22,15;21,49;20,82;6
SA-F761-CFR-COM;Samsung;Galaxy Z Flip7 FE;Cámara frontal;Compatible;13,55;13,14;12,74;6
SA-F761-LEN-COM;Samsung;Galaxy Z Flip7 FE;Lente de cámara;Compatible;4,50;;;6
SA-F761-ALT-COM;Samsung;Galaxy Z Flip7 FE;Altavoz;Compatible;6,90;;;6
SA-F761-AUR-COM;Samsung;Galaxy Z Flip7 FE;Auricular de llamada;Compatible;5,65;;;6
SA-F761-FLX-COM;Samsung;Galaxy Z Flip7 FE;Flex de encendido y volumen;Compatible;4,39;;;6
SA-F761-SIM-COM;Samsung;Galaxy Z Flip7 FE;Bandeja SIM;Compatible;4,19;;;6
SA-F966-PAN-ORI;Samsung;Galaxy Z Fold7;Pantalla;Original con marco;403,95;391,83;379,71;12
SA-F966-PAN-COM;Samsung;Galaxy Z Fold7;Pantalla;Compatible;204,15;198,03;191,90;6
SA-F966-PAN-ORI-EXT;Samsung;Galaxy Z Fold7;Pantalla exterior;Original;99,35;96,37;93,39;12
SA-F966-PAN-COM-EXT;Samsung;Galaxy Z Fold7;Pantalla exterior;Compatible;35,75;34,68;33,60;6
SA-F966-BAT-ORI;Samsung;Galaxy Z Fold7;Batería;Original;25,45;24,69;23,92;12
SA-F966-BAT-COM;Samsung;Galaxy Z Fold7;Batería;Compatible;11,49;11,15;10,80;6
SA-F966-CON-ORI;Samsung;Galaxy Z Fold7;Conector de carga;Original;43,20;41,90;40,61;12
SA-F966-CON-COM;Samsung;Galaxy Z Fold7;Conector de carga;Compatible;17,90;17,36;16,83;6
SA-F966-TAP-COM-AZU;Samsung;Galaxy Z Fold7;Tapa trasera;Azul Intenso;12,45;12,08;11,70;6
SA-F966-TAP-COM-GRI;Samsung;Galaxy Z Fold7;Tapa trasera;Gris Plata;12,45;12,08;11,70;6
SA-F966-TAP-COM-NEG;Samsung;Galaxy Z Fold7;Tapa trasera;Negro Oscuro;12,45;12,08;11,70;6
SA-F966-TAP-COM-VER;Samsung;Galaxy Z Fold7;Tapa trasera;Verde Menta;12,45;12,08;11,70;6
SA-F966-CTR-COM;Samsung;Galaxy Z Fold7;Cámara trasera;Compatible;39,30;38,12;36,94;6
SA-F966-CFR-COM;Samsung;Galaxy Z Fold7;Cámara frontal;Compatible;17,70;17,17;16,64;6
SA-F966-LEN-COM;Samsung;Galaxy Z Fold7;Lente de cámara;Compatible;6,89;;;6
SA-F966-ALT-COM;Samsung;Galaxy Z Fold7;Altavoz;Compatible;12,05;11,69;11,33;6
SA-F966-AUR-COM;Samsung;Galaxy Z Fold7;Auricular de llamada;Compatible;8,90;;;6
SA-F966-FLX-COM;Samsung;Galaxy Z Fold7;Flex de encendido y volumen;Compatible;7,20;;;6
SA-F966-SIM-COM;Samsung;Galaxy Z Fold7;Bandeja SIM;Compatible;6,45;;;6
SA-S731-PAN-ORI;Samsung;Galaxy S25 FE;Pantalla;Original con marco;78,99;76,62;74,25;12
SA-S731-PAN-OLS;Samsung;Galaxy S25 FE;Pantalla;OLED Soft;46,10;44,72;43,33;6
SA-S731-PAN-OLH;Samsung;Galaxy S25 FE;Pantalla;OLED Hard;43,25;41,95;40,66;6
SA-S731-PAN-INC;Samsung;Galaxy S25 FE;Pantalla;Incell;22,69;22,01;21,33;6
SA-S731-BAT-ORI;Samsung;Galaxy S25 FE;Batería;Original;26,09;25,31;24,52;12
SA-S731-BAT-COM;Samsung;Galaxy S25 FE;Batería;Compatible;11,89;11,53;11,18;6
SA-S731-CON-ORI;Samsung;Galaxy S25 FE;Conector de carga;Original;21,00;20,37;19,74;12
SA-S731-CON-COM;Samsung;Galaxy S25 FE;Conector de carga;Compatible;9,10;;;6
SA-S731-TAP-COM-BLA;Samsung;Galaxy S25 FE;Tapa trasera;Blanco;6,55;;;6
SA-S731-TAP-COM-AZU;Samsung;Galaxy S25 FE;Tapa trasera;Azul Marino;6,55;;;6
SA-S731-TAP-COM-AIC;Samsung;Galaxy S25 FE;Tapa trasera;Azul;6,55;;;6
SA-S731-TAP-COM-NEG;Samsung;Galaxy S25 FE;Tapa trasera;Negro intenso;6,55;;;6
SA-S731-CTR-COM;Samsung;Galaxy S25 FE;Cámara trasera;Compatible;22,55;21,87;21,20;6
SA-S731-CFR-COM;Samsung;Galaxy S25 FE;Cámara frontal;Compatible;13,00;12,61;12,22;6
SA-S731-LEN-COM;Samsung;Galaxy S25 FE;Lente de cámara;Compatible;3,95;;;6
SA-S731-ALT-COM;Samsung;Galaxy S25 FE;Altavoz;Compatible;6,60;;;6
SA-S731-AUR-COM;Samsung;Galaxy S25 FE;Auricular de llamada;Compatible;5,35;;;6
SA-S731-FLX-COM;Samsung;Galaxy S25 FE;Flex de encendido y volumen;Compatible;4,55;;;6
SA-S731-SIM-COM;Samsung;Galaxy S25 FE;Bandeja SIM;Compatible;3,60;;;6
SA-S942-PAN-ORI;Samsung;Galaxy S26;Pantalla;Original con marco;128,70;124,84;120,98;12
SA-S942-PAN-OLS;Samsung;Galaxy S26;Pantalla;OLED Soft;76,79;74,49;72,18;6
SA-S942-PAN-OLH;Samsung;Galaxy S26;Pantalla;OLED Hard;72,00;69,84;67,68;6
SA-S942-PAN-INC;Samsung;Galaxy S26;Pantalla;Incell;37,79;36,66;35,52;6
SA-S942-BAT-ORI;Samsung;Galaxy S26;Batería;Original;25,30;24,54;23,78;12
SA-S942-BAT-COM;Samsung;Galaxy S26;Batería;Compatible;11,35;11,01;10,67;6
SA-S942-CON-ORI;Samsung;Galaxy S26;Conector de carga;Original;28,20;27,35;26,51;12
SA-S942-CON-COM;Samsung;Galaxy S26;Conector de carga;Compatible;12,25;11,88;11,51;6
SA-S942-TAP-COM-NEG;Samsung;Galaxy S26;Tapa trasera;Negro;8,00;;;6
SA-S942-TAP-COM-VIO;Samsung;Galaxy S26;Tapa trasera;Violeta Cobalto;8,00;;;6
SA-S942-TAP-COM-AZU;Samsung;Galaxy S26;Tapa trasera;Azul Cielo;8,00;;;6
SA-S942-TAP-COM-BLA;Samsung;Galaxy S26;Tapa trasera;Blanco;8,00;;;6
SA-S942-TAP-COM-GRI;Samsung;Galaxy S26;Tapa trasera;Gris Plata;8,00;;;6
SA-S942-TAP-COM-ORO;Samsung;Galaxy S26;Tapa trasera;Oro Rosa;8,00;;;6
SA-S942-CTR-COM;Samsung;Galaxy S26;Cámara trasera;Compatible;28,20;27,35;26,51;6
SA-S942-CFR-COM;Samsung;Galaxy S26;Cámara frontal;Compatible;16,29;15,80;15,31;6
SA-S942-LEN-COM;Samsung;Galaxy S26;Lente de cámara;Compatible;4,60;;;6
SA-S942-ALT-COM;Samsung;Galaxy S26;Altavoz;Compatible;7,55;;;6
SA-S942-AUR-COM;Samsung;Galaxy S26;Auricular de llamada;Compatible;5,89;;;6
SA-S942-FLX-COM;Samsung;Galaxy S26;Flex de encendido y volumen;Compatible;4,95;;;6
SA-S942-SIM-COM;Samsung;Galaxy S26;Bandeja SIM;Compatible;3,90;;;6
SA-S947-PAN-ORI;Samsung;Galaxy S26+;Pantalla;Original con marco;149,99;145,49;140,99;12
SA-S947-PAN-OLS;Samsung;Galaxy S26+;Pantalla;OLED Soft;76,79;74,49;72,18;6
SA-S947-PAN-OLH;Samsung;Galaxy S26+;Pantalla;OLED Hard;72,00;69,84;67,68;6
SA-S947-PAN-INC;Samsung;Galaxy S26+;Pantalla;Incell;37,79;36,66;35,52;6
SA-S947-BAT-ORI;Samsung;Galaxy S26+;Batería;Original;25,30;24,54;23,78;12
SA-S947-BAT-COM;Samsung;Galaxy S26+;Batería;Compatible;11,35;11,01;10,67;6
SA-S947-CON-ORI;Samsung;Galaxy S26+;Conector de carga;Original;28,20;27,35;26,51;12
SA-S947-CON-COM;Samsung;Galaxy S26+;Conector de carga;Compatible;12,25;11,88;11,51;6
SA-S947-TAP-COM-NEG;Samsung;Galaxy S26+;Tapa trasera;Negro;8,00;;;6
SA-S947-TAP-COM-VIO;Samsung;Galaxy S26+;Tapa trasera;Violeta Cobalto;8,00;;;6
SA-S947-TAP-COM-AZU;Samsung;Galaxy S26+;Tapa trasera;Azul Cielo;8,00;;;6
SA-S947-TAP-COM-BLA;Samsung;Galaxy S26+;Tapa trasera;Blanco;8,00;;;6
SA-S947-TAP-COM-GRI;Samsung;Galaxy S26+;Tapa trasera;Gris Plata;8,00;;;6
SA-S947-TAP-COM-ORO;Samsung;Galaxy S26+;Tapa trasera;Oro Rosa;8,00;;;6
SA-S947-CTR-COM;Samsung;Galaxy S26+;Cámara trasera;Compatible;28,20;27,35;26,51;6
SA-S947-CFR-COM;Samsung;Galaxy S26+;Cámara frontal;Compatible;16,29;15,80;15,31;6
SA-S947-LEN-COM;Samsung;Galaxy S26+;Lente de cámara;Compatible;4,60;;;6
SA-S947-ALT-COM;Samsung;Galaxy S26+;Altavoz;Compatible;7,55;;;6
SA-S947-AUR-COM;Samsung;Galaxy S26+;Auricular de llamada;Compatible;5,89;;;6
SA-S947-FLX-COM;Samsung;Galaxy S26+;Flex de encendido y volumen;Compatible;4,95;;;6
SA-S947-SIM-COM;Samsung;Galaxy S26+;Bandeja SIM;Compatible;3,90;;;6
SA-S948-PAN-ORI;Samsung;Galaxy S26 Ultra;Pantalla;Original con marco;195,00;189,15;183,30;12
SA-S948-PAN-OLS;Samsung;Galaxy S26 Ultra;Pantalla;OLED Soft;84,49;81,96;79,42;6
SA-S948-PAN-OLH;Samsung;Galaxy S26 Ultra;Pantalla;OLED Hard;79,25;76,87;74,49;6
SA-S948-PAN-INC;Samsung;Galaxy S26 Ultra;Pantalla;Incell;41,59;40,34;39,09;6
SA-S948-BAT-ORI;Samsung;Galaxy S26 Ultra;Batería;Original;25,30;24,54;23,78;12
SA-S948-BAT-COM;Samsung;Galaxy S26 Ultra;Batería;Compatible;11,35;11,01;10,67;6
SA-S948-CON-ORI;Samsung;Galaxy S26 Ultra;Conector de carga;Original;28,20;27,35;26,51;12
SA-S948-CON-COM;Samsung;Galaxy S26 Ultra;Conector de carga;Compatible;12,25;11,88;11,51;6
SA-S948-TAP-COM-NEG;Samsung;Galaxy S26 Ultra;Tapa trasera;Negro;8,00;;;6
SA-S948-TAP-COM-VIO;Samsung;Galaxy S26 Ultra;Tapa trasera;Violeta Cobalto;8,00;;;6
SA-S948-TAP-COM-AZU;Samsung;Galaxy S26 Ultra;Tapa trasera;Azul Cielo;8,00;;;6
SA-S948-TAP-COM-BLA;Samsung;Galaxy S26 Ultra;Tapa trasera;Blanco;8,00;;;6
SA-S948-TAP-COM-GRI;Samsung;Galaxy S26 Ultra;Tapa trasera;Gris Plata;8,00;;;6
SA-S948-TAP-COM-ORO;Samsung;Galaxy S26 Ultra;Tapa trasera;Oro Rosa;8,00;;;6
SA-S948-CTR-COM;Samsung;Galaxy S26 Ultra;Cámara trasera;Compatible;28,20;27,35;26,51;6
SA-S948-CFR-COM;Samsung;Galaxy S26 Ultra;Cámara frontal;Compatible;16,29;15,80;15,31;6
SA-S948-LEN-COM;Samsung;Galaxy S26 Ultra;Lente de cámara;Compatible;4,60;;;6
SA-S948-ALT-COM;Samsung;Galaxy S26 Ultra;Altavoz;Compatible;7,55;;;6
SA-S948-AUR-COM;Samsung;Galaxy S26 Ultra;Auricular de llamada;Compatible;5,89;;;6
SA-S948-FLX-COM;Samsung;Galaxy S26 Ultra;Flex de encendido y volumen;Compatible;4,95;;;6
SA-S948-SIM-COM;Samsung;Galaxy S26 Ultra;Bandeja SIM;Compatible;3,90;;;6
SA-F776-PAN-ORI;Samsung;Galaxy Z Flip8;Pantalla;Original con marco;207,80;201,57;195,33;12
SA-F776-PAN-COM;Samsung;Galaxy Z Flip8;Pantalla;Compatible;122,85;119,16;115,48;6
SA-F776-PAN-ORI-EXT;Samsung;Galaxy Z Flip8;Pantalla exterior;Original;72,59;70,41;68,23;12
SA-F776-PAN-COM-EXT;Samsung;Galaxy Z Flip8;Pantalla exterior;Compatible;24,05;23,33;22,61;6
SA-F776-BAT-ORI;Samsung;Galaxy Z Flip8;Batería;Original;25,40;24,64;23,88;12
SA-F776-BAT-COM;Samsung;Galaxy Z Flip8;Batería;Compatible;12,05;11,69;11,33;6
SA-F776-CON-ORI;Samsung;Galaxy Z Flip8;Conector de carga;Original;26,00;25,22;24,44;12
SA-F776-CON-COM;Samsung;Galaxy Z Flip8;Conector de carga;Compatible;10,39;10,08;9,77;6
SA-F776-TAP-COM-ROS;Samsung;Galaxy Z Flip8;Tapa trasera;Rosa;8,10;;;6
SA-F776-TAP-COM-GRA;Samsung;Galaxy Z Flip8;Tapa trasera;Grafito;8,10;;;6
SA-F776-TAP-COM-BLA;Samsung;Galaxy Z Flip8;Tapa trasera;Blanco;8,10;;;6
SA-F776-TAP-COM-MEN;Samsung;Galaxy Z Flip8;Tapa trasera;Menta;8,10;;;6
SA-F776-CTR-COM;Samsung;Galaxy Z Flip8;Cámara trasera;Compatible;22,15;21,49;20,82;6
SA-F776-CFR-COM;Samsung;Galaxy Z Flip8;Cámara frontal;Compatible;13,55;13,14;12,74;6
SA-F776-LEN-COM;Samsung;Galaxy Z Flip8;Lente de cámara;Compatible;4,50;;;6
SA-F776-ALT-COM;Samsung;Galaxy Z Flip8;Altavoz;Compatible;6,90;;;6
SA-F776-AUR-COM;Samsung;Galaxy Z Flip8;Auricular de llamada;Compatible;5,65;;;6
SA-F776-FLX-COM;Samsung;Galaxy Z Flip8;Flex de encendido y volumen;Compatible;4,39;;;6
SA-F776-SIM-COM;Samsung;Galaxy Z Flip8;Bandeja SIM;Compatible;4,19;;;6
SA-F971-PAN-ORI;Samsung;Galaxy Z Fold8;Pantalla;Original con marco;403,95;391,83;379,71;12
SA-F971-PAN-COM;Samsung;Galaxy Z Fold8;Pantalla;Compatible;204,15;198,03;191,90;6
SA-F971-PAN-ORI-EXT;Samsung;Galaxy Z Fold8;Pantalla exterior;Original;99,35;96,37;93,39;12
SA-F971-PAN-COM-EXT;Samsung;Galaxy Z Fold8;Pantalla exterior;Compatible;35,75;34,68;33,60;6
SA-F971-BAT-ORI;Samsung;Galaxy Z Fold8;Batería;Original;25,45;24,69;23,92;12
SA-F971-BAT-COM;Samsung;Galaxy Z Fold8;Batería;Compatible;11,49;11,15;10,80;6
SA-F971-CON-ORI;Samsung;Galaxy Z Fold8;Conector de carga;Original;43,20;41,90;40,61;12
SA-F971-CON-COM;Samsung;Galaxy Z Fold8;Conector de carga;Compatible;17,90;17,36;16,83;6
SA-F971-TAP-COM-BLA;Samsung;Galaxy Z Fold8;Tapa trasera;Blanco;12,45;12,08;11,70;6
SA-F971-TAP-COM-GRA;Samsung;Galaxy Z Fold8;Tapa trasera;Grafito;12,45;12,08;11,70;6
SA-F971-TAP-COM-LAV;Samsung;Galaxy Z Fold8;Tapa trasera;Lavanda;12,45;12,08;11,70;6
SA-F971-TAP-COM-PIS;Samsung;Galaxy Z Fold8;Tapa trasera;Pistacho;12,45;12,08;11,70;6
SA-F971-CTR-COM;Samsung;Galaxy Z Fold8;Cámara trasera;Compatible;39,30;38,12;36,94;6
SA-F971-CFR-COM;Samsung;Galaxy Z Fold8;Cámara frontal;Compatible;17,70;17,17;16,64;6
SA-F971-LEN-COM;Samsung;Galaxy Z Fold8;Lente de cámara;Compatible;6,89;;;6
SA-F971-ALT-COM;Samsung;Galaxy Z Fold8;Altavoz;Compatible;12,05;11,69;11,33;6
SA-F971-AUR-COM;Samsung;Galaxy Z Fold8;Auricular de llamada;Compatible;8,90;;;6
SA-F971-FLX-COM;Samsung;Galaxy Z Fold8;Flex de encendido y volumen;Compatible;7,20;;;6
SA-F971-SIM-COM;Samsung;Galaxy Z Fold8;Bandeja SIM;Compatible;6,45;;;6
SA-F976-PAN-ORI;Samsung;Galaxy Z Fold8 Ultra;Pantalla;Original con marco;477,15;462,84;448,52;12
SA-F976-PAN-COM;Samsung;Galaxy Z Fold8 Ultra;Pantalla;Compatible;224,59;217,85;211,11;6
SA-F976-PAN-ORI-EXT;Samsung;Galaxy Z Fold8 Ultra;Pantalla exterior;Original;133,75;129,74;125,73;12
SA-F976-PAN-COM-EXT;Samsung;Galaxy Z Fold8 Ultra;Pantalla exterior;Compatible;39,35;38,17;36,99;6
SA-F976-BAT-ORI;Samsung;Galaxy Z Fold8 Ultra;Batería;Original;25,45;24,69;23,92;12
SA-F976-BAT-COM;Samsung;Galaxy Z Fold8 Ultra;Batería;Compatible;11,49;11,15;10,80;6
SA-F976-CON-ORI;Samsung;Galaxy Z Fold8 Ultra;Conector de carga;Original;43,20;41,90;40,61;12
SA-F976-CON-COM;Samsung;Galaxy Z Fold8 Ultra;Conector de carga;Compatible;17,90;17,36;16,83;6
SA-F976-TAP-COM-BLA;Samsung;Galaxy Z Fold8 Ultra;Tapa trasera;Blanco;12,45;12,08;11,70;6
SA-F976-TAP-COM-GRA;Samsung;Galaxy Z Fold8 Ultra;Tapa trasera;Grafito;12,45;12,08;11,70;6
SA-F976-TAP-COM-VIO;Samsung;Galaxy Z Fold8 Ultra;Tapa trasera;Violeta Nocturno;12,45;12,08;11,70;6
SA-F976-TAP-COM-VER;Samsung;Galaxy Z Fold8 Ultra;Tapa trasera;Verde Nocturno;12,45;12,08;11,70;6
SA-F976-CTR-COM;Samsung;Galaxy Z Fold8 Ultra;Cámara trasera;Compatible;39,30;38,12;36,94;6
SA-F976-CFR-COM;Samsung;Galaxy Z Fold8 Ultra;Cámara frontal;Compatible;17,70;17,17;16,64;6
SA-F976-LEN-COM;Samsung;Galaxy Z Fold8 Ultra;Lente de cámara;Compatible;6,89;;;6
SA-F976-ALT-COM;Samsung;Galaxy Z Fold8 Ultra;Altavoz;Compatible;12,05;11,69;11,33;6
SA-F976-AUR-COM;Samsung;Galaxy Z Fold8 Ultra;Auricular de llamada;Compatible;8,90;;;6
SA-F976-FLX-COM;Samsung;Galaxy Z Fold8 Ultra;Flex de encendido y volumen;Compatible;7,20;;;6
SA-F976-SIM-COM;Samsung;Galaxy Z Fold8 Ultra;Bandeja SIM;Compatible;6,45;;;6
SA-S741-PAN-ORI;Samsung;Galaxy S26 FE;Pantalla;Original con marco;78,99;76,62;74,25;12
SA-S741-PAN-OLS;Samsung;Galaxy S26 FE;Pantalla;OLED Soft;46,10;44,72;43,33;6
SA-S741-PAN-OLH;Samsung;Galaxy S26 FE;Pantalla;OLED Hard;43,25;41,95;40,66;6
SA-S741-PAN-INC;Samsung;Galaxy S26 FE;Pantalla;Incell;22,69;22,01;21,33;6
SA-S741-BAT-ORI;Samsung;Galaxy S26 FE;Batería;Original;26,09;25,31;24,52;12
SA-S741-BAT-COM;Samsung;Galaxy S26 FE;Batería;Compatible;11,89;11,53;11,18;6
SA-S741-CON-ORI;Samsung;Galaxy S26 FE;Conector de carga;Original;21,00;20,37;19,74;12
SA-S741-CON-COM;Samsung;Galaxy S26 FE;Conector de carga;Compatible;9,10;;;6
SA-S741-TAP-COM-GRA;Samsung;Galaxy S26 FE;Tapa trasera;Grafito;6,55;;;6
SA-S741-TAP-COM-ARA;Samsung;Galaxy S26 FE;Tapa trasera;Arándano;6,55;;;6
SA-S741-TAP-COM-PIS;Samsung;Galaxy S26 FE;Tapa trasera;Pistacho;6,55;;;6
SA-S741-CTR-COM;Samsung;Galaxy S26 FE;Cámara trasera;Compatible;22,55;21,87;21,20;6
SA-S741-CFR-COM;Samsung;Galaxy S26 FE;Cámara frontal;Compatible;13,00;12,61;12,22;6
SA-S741-LEN-COM;Samsung;Galaxy S26 FE;Lente de cámara;Compatible;3,95;;;6
SA-S741-ALT-COM;Samsung;Galaxy S26 FE;Altavoz;Compatible;6,60;;;6
SA-S741-AUR-COM;Samsung;Galaxy S26 FE;Auricular de llamada;Compatible;5,35;;;6
SA-S741-FLX-COM;Samsung;Galaxy S26 FE;Flex de encendido y volumen;Compatible;4,55;;;6
SA-S741-SIM-COM;Samsung;Galaxy S26 FE;Bandeja SIM;Compatible;3,60;;;6
SA-A105-PAN-ORI;Samsung;Galaxy A10;Pantalla;Original con marco;30,05;29,15;28,25;12
SA-A105-PAN-COM;Samsung;Galaxy A10;Pantalla;Compatible;14,55;14,11;13,68;6
SA-A105-BAT-ORI;Samsung;Galaxy A10;Batería;Original;18,85;18,28;17,72;12
SA-A105-BAT-COM;Samsung;Galaxy A10;Batería;Compatible;11,25;10,91;10,58;6
SA-A105-CON-ORI;Samsung;Galaxy A10;Conector de carga;Original;13,89;13,47;13,06;12
SA-A105-CON-COM;Samsung;Galaxy A10;Conector de carga;Compatible;5,80;;;6
SA-A105-TAP-COM-NEG;Samsung;Galaxy A10;Tapa trasera;Negro;4,65;;;6
SA-A105-TAP-COM-AZU;Samsung;Galaxy A10;Tapa trasera;Azul;4,65;;;6
SA-A105-TAP-COM-ROJ;Samsung;Galaxy A10;Tapa trasera;Rojo;4,65;;;6
SA-A105-CTR-COM;Samsung;Galaxy A10;Cámara trasera;Compatible;9,20;;;6
SA-A105-CFR-COM;Samsung;Galaxy A10;Cámara frontal;Compatible;7,15;;;6
SA-A105-LEN-COM;Samsung;Galaxy A10;Lente de cámara;Compatible;2,40;;;6
SA-A105-ALT-COM;Samsung;Galaxy A10;Altavoz;Compatible;4,35;;;6
SA-A105-AUR-COM;Samsung;Galaxy A10;Auricular de llamada;Compatible;3,25;;;6
SA-A105-FLX-COM;Samsung;Galaxy A10;Flex de encendido y volumen;Compatible;2,75;;;6
SA-A105-SIM-COM;Samsung;Galaxy A10;Bandeja SIM;Compatible;2,99;;;6
SA-A505-PAN-ORI;Samsung;Galaxy A50;Pantalla;Original con marco;54,95;53,30;51,65;12
SA-A505-PAN-OLS;Samsung;Galaxy A50;Pantalla;OLED Soft;39,55;38,36;37,18;6
SA-A505-PAN-OLH;Samsung;Galaxy A50;Pantalla;OLED Hard;33,09;32,10;31,10;6
SA-A505-PAN-INC;Samsung;Galaxy A50;Pantalla;Incell;19,45;18,87;18,28;6
SA-A505-BAT-ORI;Samsung;Galaxy A50;Batería;Original;25,15;24,40;23,64;12
SA-A505-BAT-COM;Samsung;Galaxy A50;Batería;Compatible;13,10;12,71;12,31;6
SA-A505-CON-ORI;Samsung;Galaxy A50;Conector de carga;Original;16,09;15,61;15,12;12
SA-A505-CON-COM;Samsung;Galaxy A50;Conector de carga;Compatible;6,70;;;6
SA-A505-TAP-COM-NEG;Samsung;Galaxy A50;Tapa trasera;Negro;5,30;;;6
SA-A505-TAP-COM-BLA;Samsung;Galaxy A50;Tapa trasera;Blanco;5,30;;;6
SA-A505-TAP-COM-AZU;Samsung;Galaxy A50;Tapa trasera;Azul;5,30;;;6
SA-A505-TAP-COM-COR;Samsung;Galaxy A50;Tapa trasera;Coral;5,30;;;6
SA-A505-CTR-COM;Samsung;Galaxy A50;Cámara trasera;Compatible;12,75;12,37;11,99;6
SA-A505-CFR-COM;Samsung;Galaxy A50;Cámara frontal;Compatible;8,05;;;6
SA-A505-LEN-COM;Samsung;Galaxy A50;Lente de cámara;Compatible;2,80;;;6
SA-A505-ALT-COM;Samsung;Galaxy A50;Altavoz;Compatible;4,89;;;6
SA-A505-AUR-COM;Samsung;Galaxy A50;Auricular de llamada;Compatible;4,00;;;6
SA-A505-FLX-COM;Samsung;Galaxy A50;Flex de encendido y volumen;Compatible;3,49;;;6
SA-A505-SIM-COM;Samsung;Galaxy A50;Bandeja SIM;Compatible;3,25;;;6
SA-A202-PAN-ORI;Samsung;Galaxy A20e;Pantalla;Original con marco;35,75;34,68;33,60;12
SA-A202-PAN-COM;Samsung;Galaxy A20e;Pantalla;Compatible;16,85;16,34;15,84;6
SA-A202-BAT-ORI;Samsung;Galaxy A20e;Batería;Original;22,05;21,39;20,73;12
SA-A202-BAT-COM;Samsung;Galaxy A20e;Batería;Compatible;12,15;11,79;11,42;6
SA-A202-CON-ORI;Samsung;Galaxy A20e;Conector de carga;Original;17,25;16,73;16,22;12
SA-A202-CON-COM;Samsung;Galaxy A20e;Conector de carga;Compatible;7,20;;;6
SA-A202-TAP-COM-NEG;Samsung;Galaxy A20e;Tapa trasera;Negro;5,25;;;6
SA-A202-TAP-COM-BLA;Samsung;Galaxy A20e;Tapa trasera;Blanco;5,25;;;6
SA-A202-TAP-COM-AZU;Samsung;Galaxy A20e;Tapa trasera;Azul;5,25;;;6
SA-A202-TAP-COM-COR;Samsung;Galaxy A20e;Tapa trasera;Coral;5,25;;;6
SA-A202-CTR-COM;Samsung;Galaxy A20e;Cámara trasera;Compatible;10,49;10,18;9,86;6
SA-A202-CFR-COM;Samsung;Galaxy A20e;Cámara frontal;Compatible;7,60;;;6
SA-A202-LEN-COM;Samsung;Galaxy A20e;Lente de cámara;Compatible;2,35;;;6
SA-A202-ALT-COM;Samsung;Galaxy A20e;Altavoz;Compatible;4,40;;;6
SA-A202-AUR-COM;Samsung;Galaxy A20e;Auricular de llamada;Compatible;3,20;;;6
SA-A202-FLX-COM;Samsung;Galaxy A20e;Flex de encendido y volumen;Compatible;2,69;;;6
SA-A202-SIM-COM;Samsung;Galaxy A20e;Bandeja SIM;Compatible;2,85;;;6
SA-A405-PAN-ORI;Samsung;Galaxy A40;Pantalla;Original con marco;50,20;48,69;47,19;12
SA-A405-PAN-OLS;Samsung;Galaxy A40;Pantalla;OLED Soft;41,15;39,92;38,68;6
SA-A405-PAN-OLH;Samsung;Galaxy A40;Pantalla;OLED Hard;38,59;37,43;36,27;6
SA-A405-PAN-INC;Samsung;Galaxy A40;Pantalla;Incell;20,25;19,64;19,04;6
SA-A405-BAT-ORI;Samsung;Galaxy A40;Batería;Original;22,05;21,39;20,73;12
SA-A405-BAT-COM;Samsung;Galaxy A40;Batería;Compatible;12,15;11,79;11,42;6
SA-A405-CON-ORI;Samsung;Galaxy A40;Conector de carga;Original;17,25;16,73;16,22;12
SA-A405-CON-COM;Samsung;Galaxy A40;Conector de carga;Compatible;7,20;;;6
SA-A405-TAP-COM-NEG;Samsung;Galaxy A40;Tapa trasera;Negro;5,25;;;6
SA-A405-TAP-COM-BLA;Samsung;Galaxy A40;Tapa trasera;Blanco;5,25;;;6
SA-A405-TAP-COM-AZU;Samsung;Galaxy A40;Tapa trasera;Azul;5,25;;;6
SA-A405-TAP-COM-COR;Samsung;Galaxy A40;Tapa trasera;Coral;5,25;;;6
SA-A405-CTR-COM;Samsung;Galaxy A40;Cámara trasera;Compatible;10,49;10,18;9,86;6
SA-A405-CFR-COM;Samsung;Galaxy A40;Cámara frontal;Compatible;7,60;;;6
SA-A405-LEN-COM;Samsung;Galaxy A40;Lente de cámara;Compatible;2,35;;;6
SA-A405-ALT-COM;Samsung;Galaxy A40;Altavoz;Compatible;4,40;;;6
SA-A405-AUR-COM;Samsung;Galaxy A40;Auricular de llamada;Compatible;3,20;;;6
SA-A405-FLX-COM;Samsung;Galaxy A40;Flex de encendido y volumen;Compatible;2,69;;;6
SA-A405-SIM-COM;Samsung;Galaxy A40;Bandeja SIM;Compatible;2,85;;;6
SA-A705-PAN-ORI;Samsung;Galaxy A70;Pantalla;Original con marco;54,95;53,30;51,65;12
SA-A705-PAN-OLS;Samsung;Galaxy A70;Pantalla;OLED Soft;39,55;38,36;37,18;6
SA-A705-PAN-OLH;Samsung;Galaxy A70;Pantalla;OLED Hard;37,10;35,99;34,87;6
SA-A705-PAN-INC;Samsung;Galaxy A70;Pantalla;Incell;19,45;18,87;18,28;6
SA-A705-BAT-ORI;Samsung;Galaxy A70;Batería;Original;25,15;24,40;23,64;12
SA-A705-BAT-COM;Samsung;Galaxy A70;Batería;Compatible;13,10;12,71;12,31;6
SA-A705-CON-ORI;Samsung;Galaxy A70;Conector de carga;Original;16,09;15,61;15,12;12
SA-A705-CON-COM;Samsung;Galaxy A70;Conector de carga;Compatible;6,70;;;6
SA-A705-TAP-COM-NEG;Samsung;Galaxy A70;Tapa trasera;Negro;5,30;;;6
SA-A705-TAP-COM-BLA;Samsung;Galaxy A70;Tapa trasera;Blanco;5,30;;;6
SA-A705-TAP-COM-AZU;Samsung;Galaxy A70;Tapa trasera;Azul;5,30;;;6
SA-A705-TAP-COM-COR;Samsung;Galaxy A70;Tapa trasera;Coral;5,30;;;6
SA-A705-CTR-COM;Samsung;Galaxy A70;Cámara trasera;Compatible;12,75;12,37;11,99;6
SA-A705-CFR-COM;Samsung;Galaxy A70;Cámara frontal;Compatible;8,05;;;6
SA-A705-LEN-COM;Samsung;Galaxy A70;Lente de cámara;Compatible;2,80;;;6
SA-A705-ALT-COM;Samsung;Galaxy A70;Altavoz;Compatible;4,89;;;6
SA-A705-AUR-COM;Samsung;Galaxy A70;Auricular de llamada;Compatible;4,00;;;6
SA-A705-FLX-COM;Samsung;Galaxy A70;Flex de encendido y volumen;Compatible;3,49;;;6
SA-A705-SIM-COM;Samsung;Galaxy A70;Bandeja SIM;Compatible;3,25;;;6
SA-A805-PAN-ORI;Samsung;Galaxy A80;Pantalla;Original con marco;54,95;53,30;51,65;12
SA-A805-PAN-OLS;Samsung;Galaxy A80;Pantalla;OLED Soft;39,55;38,36;37,18;6
SA-A805-PAN-OLH;Samsung;Galaxy A80;Pantalla;OLED Hard;37,10;35,99;34,87;6
SA-A805-PAN-INC;Samsung;Galaxy A80;Pantalla;Incell;19,45;18,87;18,28;6
SA-A805-BAT-ORI;Samsung;Galaxy A80;Batería;Original;25,15;24,40;23,64;12
SA-A805-BAT-COM;Samsung;Galaxy A80;Batería;Compatible;13,10;12,71;12,31;6
SA-A805-CON-ORI;Samsung;Galaxy A80;Conector de carga;Original;16,09;15,61;15,12;12
SA-A805-CON-COM;Samsung;Galaxy A80;Conector de carga;Compatible;6,70;;;6
SA-A805-TAP-COM-NEG;Samsung;Galaxy A80;Tapa trasera;Negro (Phantom Black);5,30;;;6
SA-A805-TAP-COM-BLA;Samsung;Galaxy A80;Tapa trasera;Blanco (Ghost White);5,30;;;6
SA-A805-TAP-COM-DOR;Samsung;Galaxy A80;Tapa trasera;Dorado (Angel Gold);5,30;;;6
SA-A805-CTR-COM;Samsung;Galaxy A80;Cámara trasera;Compatible;12,75;12,37;11,99;6
SA-A805-CFR-COM;Samsung;Galaxy A80;Cámara frontal;Compatible;8,05;;;6
SA-A805-LEN-COM;Samsung;Galaxy A80;Lente de cámara;Compatible;2,80;;;6
SA-A805-ALT-COM;Samsung;Galaxy A80;Altavoz;Compatible;4,89;;;6
SA-A805-AUR-COM;Samsung;Galaxy A80;Auricular de llamada;Compatible;4,00;;;6
SA-A805-FLX-COM;Samsung;Galaxy A80;Flex de encendido y volumen;Compatible;3,49;;;6
SA-A805-SIM-COM;Samsung;Galaxy A80;Bandeja SIM;Compatible;3,25;;;6
SA-A307-PAN-ORI;Samsung;Galaxy A30s;Pantalla;Original con marco;50,20;48,69;47,19;12
SA-A307-PAN-OLS;Samsung;Galaxy A30s;Pantalla;OLED Soft;41,15;39,92;38,68;6
SA-A307-PAN-OLH;Samsung;Galaxy A30s;Pantalla;OLED Hard;38,59;37,43;36,27;6
SA-A307-PAN-INC;Samsung;Galaxy A30s;Pantalla;Incell;20,25;19,64;19,04;6
SA-A307-BAT-ORI;Samsung;Galaxy A30s;Batería;Original;22,05;21,39;20,73;12
SA-A307-BAT-COM;Samsung;Galaxy A30s;Batería;Compatible;12,15;11,79;11,42;6
SA-A307-CON-ORI;Samsung;Galaxy A30s;Conector de carga;Original;17,25;16,73;16,22;12
SA-A307-CON-COM;Samsung;Galaxy A30s;Conector de carga;Compatible;7,20;;;6
SA-A307-TAP-COM-NEG;Samsung;Galaxy A30s;Tapa trasera;Negro (Prism Crush Black);5,25;;;6
SA-A307-TAP-COM-BLA;Samsung;Galaxy A30s;Tapa trasera;Blanco (Prism Crush White);5,25;;;6
SA-A307-TAP-COM-VER;Samsung;Galaxy A30s;Tapa trasera;Verde (Prism Crush Green);5,25;;;6
SA-A307-TAP-COM-VIO;Samsung;Galaxy A30s;Tapa trasera;Violeta (Prism Crush Violet);5,25;;;6
SA-A307-CTR-COM;Samsung;Galaxy A30s;Cámara trasera;Compatible;10,49;10,18;9,86;6
SA-A307-CFR-COM;Samsung;Galaxy A30s;Cámara frontal;Compatible;7,60;;;6
SA-A307-LEN-COM;Samsung;Galaxy A30s;Lente de cámara;Compatible;2,35;;;6
SA-A307-ALT-COM;Samsung;Galaxy A30s;Altavoz;Compatible;4,40;;;6
SA-A307-AUR-COM;Samsung;Galaxy A30s;Auricular de llamada;Compatible;3,20;;;6
SA-A307-FLX-COM;Samsung;Galaxy A30s;Flex de encendido y volumen;Compatible;2,69;;;6
SA-A307-SIM-COM;Samsung;Galaxy A30s;Bandeja SIM;Compatible;2,85;;;6
SA-A507-PAN-ORI;Samsung;Galaxy A50s;Pantalla;Original con marco;54,95;53,30;51,65;12
SA-A507-PAN-OLS;Samsung;Galaxy A50s;Pantalla;OLED Soft;39,55;38,36;37,18;6
SA-A507-PAN-OLH;Samsung;Galaxy A50s;Pantalla;OLED Hard;37,10;35,99;34,87;6
SA-A507-PAN-INC;Samsung;Galaxy A50s;Pantalla;Incell;19,45;18,87;18,28;6
SA-A507-BAT-ORI;Samsung;Galaxy A50s;Batería;Original;25,15;24,40;23,64;12
SA-A507-BAT-COM;Samsung;Galaxy A50s;Batería;Compatible;13,10;12,71;12,31;6
SA-A507-CON-ORI;Samsung;Galaxy A50s;Conector de carga;Original;16,09;15,61;15,12;12
SA-A507-CON-COM;Samsung;Galaxy A50s;Conector de carga;Compatible;6,70;;;6
SA-A507-TAP-COM-NEG;Samsung;Galaxy A50s;Tapa trasera;Negro (Prism Crush Black);5,30;;;6
SA-A507-TAP-COM-BLA;Samsung;Galaxy A50s;Tapa trasera;Blanco (Prism Crush White);5,30;;;6
SA-A507-TAP-COM-VER;Samsung;Galaxy A50s;Tapa trasera;Verde (Prism Crush Green);5,30;;;6
SA-A507-TAP-COM-VIO;Samsung;Galaxy A50s;Tapa trasera;Violeta (Prism Crush Violet);5,30;;;6
SA-A507-CTR-COM;Samsung;Galaxy A50s;Cámara trasera;Compatible;12,75;12,37;11,99;6
SA-A507-CFR-COM;Samsung;Galaxy A50s;Cámara frontal;Compatible;8,05;;;6
SA-A507-LEN-COM;Samsung;Galaxy A50s;Lente de cámara;Compatible;2,80;;;6
SA-A507-ALT-COM;Samsung;Galaxy A50s;Altavoz;Compatible;4,89;;;6
SA-A507-AUR-COM;Samsung;Galaxy A50s;Auricular de llamada;Compatible;4,00;;;6
SA-A507-FLX-COM;Samsung;Galaxy A50s;Flex de encendido y volumen;Compatible;3,49;;;6
SA-A507-SIM-COM;Samsung;Galaxy A50s;Bandeja SIM;Compatible;3,25;;;6
SA-A908-PAN-ORI;Samsung;Galaxy A90 5G;Pantalla;Original con marco;54,95;53,30;51,65;12
SA-A908-PAN-OLS;Samsung;Galaxy A90 5G;Pantalla;OLED Soft;39,55;38,36;37,18;6
SA-A908-PAN-OLH;Samsung;Galaxy A90 5G;Pantalla;OLED Hard;37,10;35,99;34,87;6
SA-A908-PAN-INC;Samsung;Galaxy A90 5G;Pantalla;Incell;19,45;18,87;18,28;6
SA-A908-BAT-ORI;Samsung;Galaxy A90 5G;Batería;Original;25,15;24,40;23,64;12
SA-A908-BAT-COM;Samsung;Galaxy A90 5G;Batería;Compatible;13,10;12,71;12,31;6
SA-A908-CON-ORI;Samsung;Galaxy A90 5G;Conector de carga;Original;16,09;15,61;15,12;12
SA-A908-CON-COM;Samsung;Galaxy A90 5G;Conector de carga;Compatible;6,70;;;6
SA-A908-TAP-COM-NEG;Samsung;Galaxy A90 5G;Tapa trasera;Negro;5,30;;;6
SA-A908-TAP-COM-BLA;Samsung;Galaxy A90 5G;Tapa trasera;Blanco;5,30;;;6
SA-A908-CTR-COM;Samsung;Galaxy A90 5G;Cámara trasera;Compatible;12,75;12,37;11,99;6
SA-A908-CFR-COM;Samsung;Galaxy A90 5G;Cámara frontal;Compatible;8,05;;;6
SA-A908-LEN-COM;Samsung;Galaxy A90 5G;Lente de cámara;Compatible;2,80;;;6
SA-A908-ALT-COM;Samsung;Galaxy A90 5G;Altavoz;Compatible;4,89;;;6
SA-A908-AUR-COM;Samsung;Galaxy A90 5G;Auricular de llamada;Compatible;4,00;;;6
SA-A908-FLX-COM;Samsung;Galaxy A90 5G;Flex de encendido y volumen;Compatible;3,49;;;6
SA-A908-SIM-COM;Samsung;Galaxy A90 5G;Bandeja SIM;Compatible;3,25;;;6
SA-A207-PAN-ORI;Samsung;Galaxy A20s;Pantalla;Original con marco;35,75;34,68;33,60;12
SA-A207-PAN-COM;Samsung;Galaxy A20s;Pantalla;Compatible;16,85;16,34;15,84;6
SA-A207-BAT-ORI;Samsung;Galaxy A20s;Batería;Original;22,05;21,39;20,73;12
SA-A207-BAT-COM;Samsung;Galaxy A20s;Batería;Compatible;12,15;11,79;11,42;6
SA-A207-CON-ORI;Samsung;Galaxy A20s;Conector de carga;Original;17,25;16,73;16,22;12
SA-A207-CON-COM;Samsung;Galaxy A20s;Conector de carga;Compatible;7,20;;;6
SA-A207-TAP-COM-NEG;Samsung;Galaxy A20s;Tapa trasera;Negro;5,25;;;6
SA-A207-TAP-COM-ROJ;Samsung;Galaxy A20s;Tapa trasera;Rojo;5,25;;;6
SA-A207-TAP-COM-AZU;Samsung;Galaxy A20s;Tapa trasera;Azul;5,25;;;6
SA-A207-TAP-COM-VER;Samsung;Galaxy A20s;Tapa trasera;Verde;5,25;;;6
SA-A207-CTR-COM;Samsung;Galaxy A20s;Cámara trasera;Compatible;10,49;10,18;9,86;6
SA-A207-CFR-COM;Samsung;Galaxy A20s;Cámara frontal;Compatible;7,60;;;6
SA-A207-LEN-COM;Samsung;Galaxy A20s;Lente de cámara;Compatible;2,35;;;6
SA-A207-ALT-COM;Samsung;Galaxy A20s;Altavoz;Compatible;4,40;;;6
SA-A207-AUR-COM;Samsung;Galaxy A20s;Auricular de llamada;Compatible;3,20;;;6
SA-A207-FLX-COM;Samsung;Galaxy A20s;Flex de encendido y volumen;Compatible;2,69;;;6
SA-A207-SIM-COM;Samsung;Galaxy A20s;Bandeja SIM;Compatible;2,85;;;6
SA-A515-PAN-ORI;Samsung;Galaxy A51;Pantalla;Original con marco;54,95;53,30;51,65;12
SA-A515-PAN-OLS;Samsung;Galaxy A51;Pantalla;OLED Soft;39,55;38,36;37,18;6
SA-A515-PAN-OLH;Samsung;Galaxy A51;Pantalla;OLED Hard;33,09;32,10;31,10;6
SA-A515-PAN-INC;Samsung;Galaxy A51;Pantalla;Incell;19,45;18,87;18,28;6
SA-A515-BAT-ORI;Samsung;Galaxy A51;Batería;Original;25,15;24,40;23,64;12
SA-A515-BAT-COM;Samsung;Galaxy A51;Batería;Compatible;13,10;12,71;12,31;6
SA-A515-CON-ORI;Samsung;Galaxy A51;Conector de carga;Original;16,09;15,61;15,12;12
SA-A515-CON-COM;Samsung;Galaxy A51;Conector de carga;Compatible;6,70;;;6
SA-A515-TAP-COM-NEG;Samsung;Galaxy A51;Tapa trasera;Negro (Prism Crush Black);5,30;;;6
SA-A515-TAP-COM-BLA;Samsung;Galaxy A51;Tapa trasera;Blanco (Prism Crush White);5,30;;;6
SA-A515-TAP-COM-AZU;Samsung;Galaxy A51;Tapa trasera;Azul (Prism Crush Blue);5,30;;;6
SA-A515-TAP-COM-ROS;Samsung;Galaxy A51;Tapa trasera;Rosa (Prism Crush Pink);5,30;;;6
SA-A515-CTR-COM;Samsung;Galaxy A51;Cámara trasera;Compatible;12,75;12,37;11,99;6
SA-A515-CFR-COM;Samsung;Galaxy A51;Cámara frontal;Compatible;8,05;;;6
SA-A515-LEN-COM;Samsung;Galaxy A51;Lente de cámara;Compatible;2,80;;;6
SA-A515-ALT-COM;Samsung;Galaxy A51;Altavoz;Compatible;4,89;;;6
SA-A515-AUR-COM;Samsung;Galaxy A51;Auricular de llamada;Compatible;4,00;;;6
SA-A515-FLX-COM;Samsung;Galaxy A51;Flex de encendido y volumen;Compatible;3,49;;;6
SA-A515-SIM-COM;Samsung;Galaxy A51;Bandeja SIM;Compatible;3,25;;;6
SA-A715-PAN-ORI;Samsung;Galaxy A71;Pantalla;Original con marco;60,45;58,64;56,82;12
SA-A715-PAN-OLS;Samsung;Galaxy A71;Pantalla;OLED Soft;42,00;40,74;39,48;6
SA-A715-PAN-OLH;Samsung;Galaxy A71;Pantalla;OLED Hard;39,40;38,22;37,04;6
SA-A715-PAN-INC;Samsung;Galaxy A71;Pantalla;Incell;20,65;20,03;19,41;6
SA-A715-BAT-ORI;Samsung;Galaxy A71;Batería;Original;22,85;22,16;21,48;12
SA-A715-BAT-COM;Samsung;Galaxy A71;Batería;Compatible;11,20;10,86;10,53;6
SA-A715-CON-ORI;Samsung;Galaxy A71;Conector de carga;Original;15,39;14,93;14,47;12
SA-A715-CON-COM;Samsung;Galaxy A71;Conector de carga;Compatible;6,45;;;6
SA-A715-TAP-COM-NEG;Samsung;Galaxy A71;Tapa trasera;Negro (Prism Crush Black);5,45;;;6
SA-A715-TAP-COM-PLA;Samsung;Galaxy A71;Tapa trasera;Plata (Prism Crush Silver);5,45;;;6
SA-A715-TAP-COM-AZU;Samsung;Galaxy A71;Tapa trasera;Azul (Prism Crush Blue);5,45;;;6
SA-A715-TAP-COM-ROS;Samsung;Galaxy A71;Tapa trasera;Rosa (Prism Crush Pink);5,45;;;6
SA-A715-CTR-COM;Samsung;Galaxy A71;Cámara trasera;Compatible;10,35;10,04;9,73;6
SA-A715-CFR-COM;Samsung;Galaxy A71;Cámara frontal;Compatible;5,95;;;6
SA-A715-LEN-COM;Samsung;Galaxy A71;Lente de cámara;Compatible;2,80;;;6
SA-A715-ALT-COM;Samsung;Galaxy A71;Altavoz;Compatible;4,49;;;6
SA-A715-AUR-COM;Samsung;Galaxy A71;Auricular de llamada;Compatible;3,65;;;6
SA-A715-FLX-COM;Samsung;Galaxy A71;Flex de encendido y volumen;Compatible;3,20;;;6
SA-A715-SIM-COM;Samsung;Galaxy A71;Bandeja SIM;Compatible;3,35;;;6
SA-A315-PAN-ORI;Samsung;Galaxy A31;Pantalla;Original con marco;47,79;46,36;44,92;12
SA-A315-PAN-OLS;Samsung;Galaxy A31;Pantalla;OLED Soft;43,65;42,34;41,03;6
SA-A315-PAN-OLH;Samsung;Galaxy A31;Pantalla;OLED Hard;40,95;39,72;38,49;6
SA-A315-PAN-INC;Samsung;Galaxy A31;Pantalla;Incell;21,49;20,85;20,20;6
SA-A315-BAT-ORI;Samsung;Galaxy A31;Batería;Original;20,05;19,45;18,85;12
SA-A315-BAT-COM;Samsung;Galaxy A31;Batería;Compatible;10,40;10,09;9,78;6
SA-A315-CON-ORI;Samsung;Galaxy A31;Conector de carga;Original;16,49;16,00;15,50;12
SA-A315-CON-COM;Samsung;Galaxy A31;Conector de carga;Compatible;6,89;;;6
SA-A315-TAP-COM-NEG;Samsung;Galaxy A31;Tapa trasera;Negro (Prism Crush Black);5,35;;;6
SA-A315-TAP-COM-BLA;Samsung;Galaxy A31;Tapa trasera;Blanco (Prism Crush White);5,35;;;6
SA-A315-TAP-COM-AZU;Samsung;Galaxy A31;Tapa trasera;Azul (Prism Crush Blue);5,35;;;6
SA-A315-TAP-COM-ROJ;Samsung;Galaxy A31;Tapa trasera;Rojo (Prism Crush Red);5,35;;;6
SA-A315-CTR-COM;Samsung;Galaxy A31;Cámara trasera;Compatible;8,55;;;6
SA-A315-CFR-COM;Samsung;Galaxy A31;Cámara frontal;Compatible;5,60;;;6
SA-A315-LEN-COM;Samsung;Galaxy A31;Lente de cámara;Compatible;2,35;;;6
SA-A315-ALT-COM;Samsung;Galaxy A31;Altavoz;Compatible;4,05;;;6
SA-A315-AUR-COM;Samsung;Galaxy A31;Auricular de llamada;Compatible;2,90;;;6
SA-A315-FLX-COM;Samsung;Galaxy A31;Flex de encendido y volumen;Compatible;2,49;;;6
SA-A315-SIM-COM;Samsung;Galaxy A31;Bandeja SIM;Compatible;2,90;;;6
SA-A516-PAN-ORI;Samsung;Galaxy A51 5G;Pantalla;Original con marco;53,69;52,08;50,47;12
SA-A516-PAN-OLS;Samsung;Galaxy A51 5G;Pantalla;OLED Soft;42,00;40,74;39,48;6
SA-A516-PAN-OLH;Samsung;Galaxy A51 5G;Pantalla;OLED Hard;33,09;32,10;31,10;6
SA-A516-PAN-INC;Samsung;Galaxy A51 5G;Pantalla;Incell;19,65;19,06;18,47;6
SA-A516-BAT-ORI;Samsung;Galaxy A51 5G;Batería;Original;22,85;22,16;21,48;12
SA-A516-BAT-COM;Samsung;Galaxy A51 5G;Batería;Compatible;11,20;10,86;10,53;6
SA-A516-CON-ORI;Samsung;Galaxy A51 5G;Conector de carga;Original;15,39;14,93;14,47;12
SA-A516-CON-COM;Samsung;Galaxy A51 5G;Conector de carga;Compatible;6,45;;;6
SA-A516-TAP-COM-NEG;Samsung;Galaxy A51 5G;Tapa trasera;Negro (Prism Cube Black);5,45;;;6
SA-A516-TAP-COM-BLA;Samsung;Galaxy A51 5G;Tapa trasera;Blanco (Prism Cube White);5,45;;;6
SA-A516-TAP-COM-ROS;Samsung;Galaxy A51 5G;Tapa trasera;Rosa (Prism Cube Pink);5,45;;;6
SA-A516-CTR-COM;Samsung;Galaxy A51 5G;Cámara trasera;Compatible;10,35;10,04;9,73;6
SA-A516-CFR-COM;Samsung;Galaxy A51 5G;Cámara frontal;Compatible;5,95;;;6
SA-A516-LEN-COM;Samsung;Galaxy A51 5G;Lente de cámara;Compatible;2,80;;;6
SA-A516-ALT-COM;Samsung;Galaxy A51 5G;Altavoz;Compatible;4,49;;;6
SA-A516-AUR-COM;Samsung;Galaxy A51 5G;Auricular de llamada;Compatible;3,65;;;6
SA-A516-FLX-COM;Samsung;Galaxy A51 5G;Flex de encendido y volumen;Compatible;3,20;;;6
SA-A516-SIM-COM;Samsung;Galaxy A51 5G;Bandeja SIM;Compatible;3,35;;;6
SA-A217-PAN-ORI;Samsung;Galaxy A21s;Pantalla;Original con marco;39,35;38,17;36,99;12
SA-A217-PAN-COM;Samsung;Galaxy A21s;Pantalla;Compatible;17,85;17,31;16,78;6
SA-A217-BAT-ORI;Samsung;Galaxy A21s;Batería;Original;20,05;19,45;18,85;12
SA-A217-BAT-COM;Samsung;Galaxy A21s;Batería;Compatible;10,40;10,09;9,78;6
SA-A217-CON-ORI;Samsung;Galaxy A21s;Conector de carga;Original;16,49;16,00;15,50;12
SA-A217-CON-COM;Samsung;Galaxy A21s;Conector de carga;Compatible;6,89;;;6
SA-A217-TAP-COM-NEG;Samsung;Galaxy A21s;Tapa trasera;Negro;5,35;;;6
SA-A217-TAP-COM-BLA;Samsung;Galaxy A21s;Tapa trasera;Blanco;5,35;;;6
SA-A217-TAP-COM-AZU;Samsung;Galaxy A21s;Tapa trasera;Azul;5,35;;;6
SA-A217-TAP-COM-ROJ;Samsung;Galaxy A21s;Tapa trasera;Rojo;5,35;;;6
SA-A217-CTR-COM;Samsung;Galaxy A21s;Cámara trasera;Compatible;8,55;;;6
SA-A217-CFR-COM;Samsung;Galaxy A21s;Cámara frontal;Compatible;5,60;;;6
SA-A217-LEN-COM;Samsung;Galaxy A21s;Lente de cámara;Compatible;2,35;;;6
SA-A217-ALT-COM;Samsung;Galaxy A21s;Altavoz;Compatible;4,05;;;6
SA-A217-AUR-COM;Samsung;Galaxy A21s;Auricular de llamada;Compatible;2,90;;;6
SA-A217-FLX-COM;Samsung;Galaxy A21s;Flex de encendido y volumen;Compatible;2,49;;;6
SA-A217-SIM-COM;Samsung;Galaxy A21s;Bandeja SIM;Compatible;2,90;;;6
SA-A415-PAN-ORI;Samsung;Galaxy A41;Pantalla;Original con marco;55,25;53,59;51,93;12
SA-A415-PAN-OLS;Samsung;Galaxy A41;Pantalla;OLED Soft;43,65;42,34;41,03;6
SA-A415-PAN-OLH;Samsung;Galaxy A41;Pantalla;OLED Hard;40,95;39,72;38,49;6
SA-A415-PAN-INC;Samsung;Galaxy A41;Pantalla;Incell;21,49;20,85;20,20;6
SA-A415-BAT-ORI;Samsung;Galaxy A41;Batería;Original;20,05;19,45;18,85;12
SA-A415-BAT-COM;Samsung;Galaxy A41;Batería;Compatible;10,40;10,09;9,78;6
SA-A415-CON-ORI;Samsung;Galaxy A41;Conector de carga;Original;16,49;16,00;15,50;12
SA-A415-CON-COM;Samsung;Galaxy A41;Conector de carga;Compatible;6,89;;;6
SA-A415-TAP-COM-NEG;Samsung;Galaxy A41;Tapa trasera;Negro (Prism Crush Black);5,35;;;6
SA-A415-TAP-COM-BLA;Samsung;Galaxy A41;Tapa trasera;Blanco (Prism Crush White);5,35;;;6
SA-A415-TAP-COM-AZU;Samsung;Galaxy A41;Tapa trasera;Azul (Prism Crush Blue);5,35;;;6
SA-A415-TAP-COM-ROJ;Samsung;Galaxy A41;Tapa trasera;Rojo (Prism Crush Red);5,35;;;6
SA-A415-CTR-COM;Samsung;Galaxy A41;Cámara trasera;Compatible;8,55;;;6
SA-A415-CFR-COM;Samsung;Galaxy A41;Cámara frontal;Compatible;5,60;;;6
SA-A415-LEN-COM;Samsung;Galaxy A41;Lente de cámara;Compatible;2,35;;;6
SA-A415-ALT-COM;Samsung;Galaxy A41;Altavoz;Compatible;4,05;;;6
SA-A415-AUR-COM;Samsung;Galaxy A41;Auricular de llamada;Compatible;2,90;;;6
SA-A415-FLX-COM;Samsung;Galaxy A41;Flex de encendido y volumen;Compatible;2,49;;;6
SA-A415-SIM-COM;Samsung;Galaxy A41;Bandeja SIM;Compatible;2,90;;;6
SA-A025-PAN-ORI;Samsung;Galaxy A02s;Pantalla;Original con marco;33,09;32,10;31,10;12
SA-A025-PAN-COM;Samsung;Galaxy A02s;Pantalla;Compatible;15,45;14,99;14,52;6
SA-A025-BAT-ORI;Samsung;Galaxy A02s;Batería;Original;17,10;16,59;16,07;12
SA-A025-BAT-COM;Samsung;Galaxy A02s;Batería;Compatible;9,60;;;6
SA-A025-CON-ORI;Samsung;Galaxy A02s;Conector de carga;Original;13,29;12,89;12,49;12
SA-A025-CON-COM;Samsung;Galaxy A02s;Conector de carga;Compatible;5,55;;;6
SA-A025-TAP-COM-NEG;Samsung;Galaxy A02s;Tapa trasera;Negro;4,79;;;6
SA-A025-TAP-COM-BLA;Samsung;Galaxy A02s;Tapa trasera;Blanco;4,79;;;6
SA-A025-TAP-COM-AZU;Samsung;Galaxy A02s;Tapa trasera;Azul;4,79;;;6
SA-A025-TAP-COM-ROJ;Samsung;Galaxy A02s;Tapa trasera;Rojo;4,79;;;6
SA-A025-CTR-COM;Samsung;Galaxy A02s;Cámara trasera;Compatible;7,50;;;6
SA-A025-CFR-COM;Samsung;Galaxy A02s;Cámara frontal;Compatible;5,25;;;6
SA-A025-LEN-COM;Samsung;Galaxy A02s;Lente de cámara;Compatible;2,45;;;6
SA-A025-ALT-COM;Samsung;Galaxy A02s;Altavoz;Compatible;3,95;;;6
SA-A025-AUR-COM;Samsung;Galaxy A02s;Auricular de llamada;Compatible;2,95;;;6
SA-A025-FLX-COM;Samsung;Galaxy A02s;Flex de encendido y volumen;Compatible;2,55;;;6
SA-A025-SIM-COM;Samsung;Galaxy A02s;Bandeja SIM;Compatible;3,05;;;6
SA-A426-PAN-ORI;Samsung;Galaxy A42 5G;Pantalla;Original con marco;55,25;53,59;51,93;12
SA-A426-PAN-OLS;Samsung;Galaxy A42 5G;Pantalla;OLED Soft;43,65;42,34;41,03;6
SA-A426-PAN-OLH;Samsung;Galaxy A42 5G;Pantalla;OLED Hard;40,95;39,72;38,49;6
SA-A426-PAN-INC;Samsung;Galaxy A42 5G;Pantalla;Incell;21,49;20,85;20,20;6
SA-A426-BAT-ORI;Samsung;Galaxy A42 5G;Batería;Original;20,05;19,45;18,85;12
SA-A426-BAT-COM;Samsung;Galaxy A42 5G;Batería;Compatible;10,40;10,09;9,78;6
SA-A426-CON-ORI;Samsung;Galaxy A42 5G;Conector de carga;Original;16,49;16,00;15,50;12
SA-A426-CON-COM;Samsung;Galaxy A42 5G;Conector de carga;Compatible;6,89;;;6
SA-A426-TAP-COM-NEG;Samsung;Galaxy A42 5G;Tapa trasera;Negro (Prism Dot Black);5,35;;;6
SA-A426-TAP-COM-GRI;Samsung;Galaxy A42 5G;Tapa trasera;Gris (Prism Dot Gray);5,35;;;6
SA-A426-TAP-COM-BLA;Samsung;Galaxy A42 5G;Tapa trasera;Blanco (Prism Dot White);5,35;;;6
SA-A426-CTR-COM;Samsung;Galaxy A42 5G;Cámara trasera;Compatible;8,55;;;6
SA-A426-CFR-COM;Samsung;Galaxy A42 5G;Cámara frontal;Compatible;5,60;;;6
SA-A426-LEN-COM;Samsung;Galaxy A42 5G;Lente de cámara;Compatible;2,35;;;6
SA-A426-ALT-COM;Samsung;Galaxy A42 5G;Altavoz;Compatible;4,05;;;6
SA-A426-AUR-COM;Samsung;Galaxy A42 5G;Auricular de llamada;Compatible;2,90;;;6
SA-A426-FLX-COM;Samsung;Galaxy A42 5G;Flex de encendido y volumen;Compatible;2,49;;;6
SA-A426-SIM-COM;Samsung;Galaxy A42 5G;Bandeja SIM;Compatible;2,90;;;6
SA-A125-PAN-ORI;Samsung;Galaxy A12;Pantalla;Original con marco;36,05;34,97;33,89;12
SA-A125-PAN-COM;Samsung;Galaxy A12;Pantalla;Compatible;15,45;14,99;14,52;6
SA-A125-BAT-ORI;Samsung;Galaxy A12;Batería;Original;17,10;16,59;16,07;12
SA-A125-BAT-COM;Samsung;Galaxy A12;Batería;Compatible;9,95;;;6
SA-A125-CON-ORI;Samsung;Galaxy A12;Conector de carga;Original;13,29;12,89;12,49;12
SA-A125-CON-COM;Samsung;Galaxy A12;Conector de carga;Compatible;5,99;;;6
SA-A125-TAP-COM-NEG;Samsung;Galaxy A12;Tapa trasera;Negro;4,09;;;6
SA-A125-TAP-COM-BLA;Samsung;Galaxy A12;Tapa trasera;Blanco;4,09;;;6
SA-A125-TAP-COM-AZU;Samsung;Galaxy A12;Tapa trasera;Azul;4,09;;;6
SA-A125-TAP-COM-ROJ;Samsung;Galaxy A12;Tapa trasera;Rojo;4,09;;;6
SA-A125-CTR-COM;Samsung;Galaxy A12;Cámara trasera;Compatible;8,19;;;6
SA-A125-CFR-COM;Samsung;Galaxy A12;Cámara frontal;Compatible;6,69;;;6
SA-A125-LEN-COM;Samsung;Galaxy A12;Lente de cámara;Compatible;3,15;;;6
SA-A125-ALT-COM;Samsung;Galaxy A12;Altavoz;Compatible;4,59;;;6
SA-A125-AUR-COM;Samsung;Galaxy A12;Auricular de llamada;Compatible;2,95;;;6
SA-A125-FLX-COM;Samsung;Galaxy A12;Flex de encendido y volumen;Compatible;2,55;;;6
SA-A125-SIM-COM;Samsung;Galaxy A12;Bandeja SIM;Compatible;4,40;;;6
SA-A326-PAN-ORI;Samsung;Galaxy A32 5G;Pantalla;Original con marco;47,79;46,36;44,92;12
SA-A326-PAN-COM;Samsung;Galaxy A32 5G;Pantalla;Compatible;17,85;17,31;16,78;6
SA-A326-BAT-ORI;Samsung;Galaxy A32 5G;Batería;Original;20,05;19,45;18,85;12
SA-A326-BAT-COM;Samsung;Galaxy A32 5G;Batería;Compatible;10,40;10,09;9,78;6
SA-A326-CON-ORI;Samsung;Galaxy A32 5G;Conector de carga;Original;16,49;16,00;15,50;12
SA-A326-CON-COM;Samsung;Galaxy A32 5G;Conector de carga;Compatible;6,89;;;6
SA-A326-TAP-COM-NEG;Samsung;Galaxy A32 5G;Tapa trasera;Negro (Awesome Black);5,35;;;6
SA-A326-TAP-COM-BLA;Samsung;Galaxy A32 5G;Tapa trasera;Blanco (Awesome White);5,35;;;6
SA-A326-TAP-COM-AZU;Samsung;Galaxy A32 5G;Tapa trasera;Azul (Awesome Blue);5,35;;;6
SA-A326-TAP-COM-VIO;Samsung;Galaxy A32 5G;Tapa trasera;Violeta (Awesome Violet);5,35;;;6
SA-A326-CTR-COM;Samsung;Galaxy A32 5G;Cámara trasera;Compatible;8,55;;;6
SA-A326-CFR-COM;Samsung;Galaxy A32 5G;Cámara frontal;Compatible;5,60;;;6
SA-A326-LEN-COM;Samsung;Galaxy A32 5G;Lente de cámara;Compatible;2,35;;;6
SA-A326-ALT-COM;Samsung;Galaxy A32 5G;Altavoz;Compatible;4,05;;;6
SA-A326-AUR-COM;Samsung;Galaxy A32 5G;Auricular de llamada;Compatible;2,90;;;6
SA-A326-FLX-COM;Samsung;Galaxy A32 5G;Flex de encendido y volumen;Compatible;2,49;;;6
SA-A326-SIM-COM;Samsung;Galaxy A32 5G;Bandeja SIM;Compatible;2,90;;;6
SA-A325-PAN-ORI;Samsung;Galaxy A32;Pantalla;Original con marco;55,25;53,59;51,93;12
SA-A325-PAN-OLS;Samsung;Galaxy A32;Pantalla;OLED Soft;43,65;42,34;41,03;6
SA-A325-PAN-OLH;Samsung;Galaxy A32;Pantalla;OLED Hard;40,95;39,72;38,49;6
SA-A325-PAN-INC;Samsung;Galaxy A32;Pantalla;Incell;21,49;20,85;20,20;6
SA-A325-BAT-ORI;Samsung;Galaxy A32;Batería;Original;20,05;19,45;18,85;12
SA-A325-BAT-COM;Samsung;Galaxy A32;Batería;Compatible;10,40;10,09;9,78;6
SA-A325-CON-ORI;Samsung;Galaxy A32;Conector de carga;Original;16,49;16,00;15,50;12
SA-A325-CON-COM;Samsung;Galaxy A32;Conector de carga;Compatible;6,89;;;6
SA-A325-TAP-COM-NEG;Samsung;Galaxy A32;Tapa trasera;Negro (Awesome Black);5,35;;;6
SA-A325-TAP-COM-BLA;Samsung;Galaxy A32;Tapa trasera;Blanco (Awesome White);5,35;;;6
SA-A325-TAP-COM-AZU;Samsung;Galaxy A32;Tapa trasera;Azul (Awesome Blue);5,35;;;6
SA-A325-TAP-COM-VIO;Samsung;Galaxy A32;Tapa trasera;Violeta (Awesome Violet);5,35;;;6
SA-A325-CTR-COM;Samsung;Galaxy A32;Cámara trasera;Compatible;8,55;;;6
SA-A325-CFR-COM;Samsung;Galaxy A32;Cámara frontal;Compatible;5,60;;;6
SA-A325-LEN-COM;Samsung;Galaxy A32;Lente de cámara;Compatible;2,35;;;6
SA-A325-ALT-COM;Samsung;Galaxy A32;Altavoz;Compatible;4,05;;;6
SA-A325-AUR-COM;Samsung;Galaxy A32;Auricular de llamada;Compatible;2,90;;;6
SA-A325-FLX-COM;Samsung;Galaxy A32;Flex de encendido y volumen;Compatible;2,49;;;6
SA-A325-SIM-COM;Samsung;Galaxy A32;Bandeja SIM;Compatible;2,90;;;6
SA-A525-PAN-ORI;Samsung;Galaxy A52;Pantalla;Original con marco;53,69;52,08;50,47;12
SA-A525-PAN-OLS;Samsung;Galaxy A52;Pantalla;OLED Soft;42,00;40,74;39,48;6
SA-A525-PAN-OLH;Samsung;Galaxy A52;Pantalla;OLED Hard;33,09;32,10;31,10;6
SA-A525-PAN-INC;Samsung;Galaxy A52;Pantalla;Incell;19,65;19,06;18,47;6
SA-A525-BAT-ORI;Samsung;Galaxy A52;Batería;Original;22,85;22,16;21,48;12
SA-A525-BAT-COM;Samsung;Galaxy A52;Batería;Compatible;11,20;10,86;10,53;6
SA-A525-CON-ORI;Samsung;Galaxy A52;Conector de carga;Original;15,39;14,93;14,47;12
SA-A525-CON-COM;Samsung;Galaxy A52;Conector de carga;Compatible;6,45;;;6
SA-A525-TAP-COM-NEG;Samsung;Galaxy A52;Tapa trasera;Negro (Awesome Black);5,45;;;6
SA-A525-TAP-COM-BLA;Samsung;Galaxy A52;Tapa trasera;Blanco (Awesome White);5,45;;;6
SA-A525-TAP-COM-AZU;Samsung;Galaxy A52;Tapa trasera;Azul (Awesome Blue);5,45;;;6
SA-A525-TAP-COM-VIO;Samsung;Galaxy A52;Tapa trasera;Violeta (Awesome Violet);5,45;;;6
SA-A525-CTR-COM;Samsung;Galaxy A52;Cámara trasera;Compatible;10,35;10,04;9,73;6
SA-A525-CFR-COM;Samsung;Galaxy A52;Cámara frontal;Compatible;5,95;;;6
SA-A525-LEN-COM;Samsung;Galaxy A52;Lente de cámara;Compatible;2,80;;;6
SA-A525-ALT-COM;Samsung;Galaxy A52;Altavoz;Compatible;4,49;;;6
SA-A525-AUR-COM;Samsung;Galaxy A52;Auricular de llamada;Compatible;3,65;;;6
SA-A525-FLX-COM;Samsung;Galaxy A52;Flex de encendido y volumen;Compatible;3,20;;;6
SA-A525-SIM-COM;Samsung;Galaxy A52;Bandeja SIM;Compatible;3,35;;;6
SA-A526-PAN-ORI;Samsung;Galaxy A52 5G;Pantalla;Original con marco;53,69;52,08;50,47;12
SA-A526-PAN-OLS;Samsung;Galaxy A52 5G;Pantalla;OLED Soft;42,00;40,74;39,48;6
SA-A526-PAN-OLH;Samsung;Galaxy A52 5G;Pantalla;OLED Hard;33,09;32,10;31,10;6
SA-A526-PAN-INC;Samsung;Galaxy A52 5G;Pantalla;Incell;19,65;19,06;18,47;6
SA-A526-BAT-ORI;Samsung;Galaxy A52 5G;Batería;Original;22,85;22,16;21,48;12
SA-A526-BAT-COM;Samsung;Galaxy A52 5G;Batería;Compatible;11,20;10,86;10,53;6
SA-A526-CON-ORI;Samsung;Galaxy A52 5G;Conector de carga;Original;15,39;14,93;14,47;12
SA-A526-CON-COM;Samsung;Galaxy A52 5G;Conector de carga;Compatible;6,45;;;6
SA-A526-TAP-COM-NEG;Samsung;Galaxy A52 5G;Tapa trasera;Negro (Awesome Black);5,45;;;6
SA-A526-TAP-COM-BLA;Samsung;Galaxy A52 5G;Tapa trasera;Blanco (Awesome White);5,45;;;6
SA-A526-TAP-COM-AZU;Samsung;Galaxy A52 5G;Tapa trasera;Azul (Awesome Blue);5,45;;;6
SA-A526-TAP-COM-VIO;Samsung;Galaxy A52 5G;Tapa trasera;Violeta (Awesome Violet);5,45;;;6
SA-A526-CTR-COM;Samsung;Galaxy A52 5G;Cámara trasera;Compatible;10,35;10,04;9,73;6
SA-A526-CFR-COM;Samsung;Galaxy A52 5G;Cámara frontal;Compatible;5,95;;;6
SA-A526-LEN-COM;Samsung;Galaxy A52 5G;Lente de cámara;Compatible;2,80;;;6
SA-A526-ALT-COM;Samsung;Galaxy A52 5G;Altavoz;Compatible;4,49;;;6
SA-A526-AUR-COM;Samsung;Galaxy A52 5G;Auricular de llamada;Compatible;3,65;;;6
SA-A526-FLX-COM;Samsung;Galaxy A52 5G;Flex de encendido y volumen;Compatible;3,20;;;6
SA-A526-SIM-COM;Samsung;Galaxy A52 5G;Bandeja SIM;Compatible;3,35;;;6
SA-A725-PAN-ORI;Samsung;Galaxy A72;Pantalla;Original con marco;60,45;58,64;56,82;12
SA-A725-PAN-OLS;Samsung;Galaxy A72;Pantalla;OLED Soft;42,00;40,74;39,48;6
SA-A725-PAN-OLH;Samsung;Galaxy A72;Pantalla;OLED Hard;39,40;38,22;37,04;6
SA-A725-PAN-INC;Samsung;Galaxy A72;Pantalla;Incell;20,65;20,03;19,41;6
SA-A725-BAT-ORI;Samsung;Galaxy A72;Batería;Original;22,85;22,16;21,48;12
SA-A725-BAT-COM;Samsung;Galaxy A72;Batería;Compatible;11,20;10,86;10,53;6
SA-A725-CON-ORI;Samsung;Galaxy A72;Conector de carga;Original;15,39;14,93;14,47;12
SA-A725-CON-COM;Samsung;Galaxy A72;Conector de carga;Compatible;6,45;;;6
SA-A725-TAP-COM-NEG;Samsung;Galaxy A72;Tapa trasera;Negro (Awesome Black);5,45;;;6
SA-A725-TAP-COM-BLA;Samsung;Galaxy A72;Tapa trasera;Blanco (Awesome White);5,45;;;6
SA-A725-TAP-COM-AZU;Samsung;Galaxy A72;Tapa trasera;Azul (Awesome Blue);5,45;;;6
SA-A725-TAP-COM-VIO;Samsung;Galaxy A72;Tapa trasera;Violeta (Awesome Violet);5,45;;;6
SA-A725-CTR-COM;Samsung;Galaxy A72;Cámara trasera;Compatible;10,35;10,04;9,73;6
SA-A725-CFR-COM;Samsung;Galaxy A72;Cámara frontal;Compatible;5,95;;;6
SA-A725-LEN-COM;Samsung;Galaxy A72;Lente de cámara;Compatible;2,80;;;6
SA-A725-ALT-COM;Samsung;Galaxy A72;Altavoz;Compatible;4,49;;;6
SA-A725-AUR-COM;Samsung;Galaxy A72;Auricular de llamada;Compatible;3,65;;;6
SA-A725-FLX-COM;Samsung;Galaxy A72;Flex de encendido y volumen;Compatible;3,20;;;6
SA-A725-SIM-COM;Samsung;Galaxy A72;Bandeja SIM;Compatible;3,35;;;6
SA-A226-PAN-ORI;Samsung;Galaxy A22 5G;Pantalla;Original con marco;42,65;41,37;40,09;12
SA-A226-PAN-COM;Samsung;Galaxy A22 5G;Pantalla;Compatible;17,85;17,31;16,78;6
SA-A226-BAT-ORI;Samsung;Galaxy A22 5G;Batería;Original;20,05;19,45;18,85;12
SA-A226-BAT-COM;Samsung;Galaxy A22 5G;Batería;Compatible;10,40;10,09;9,78;6
SA-A226-CON-ORI;Samsung;Galaxy A22 5G;Conector de carga;Original;16,49;16,00;15,50;12
SA-A226-CON-COM;Samsung;Galaxy A22 5G;Conector de carga;Compatible;6,89;;;6
SA-A226-TAP-COM-GRI;Samsung;Galaxy A22 5G;Tapa trasera;Gris;5,35;;;6
SA-A226-TAP-COM-BLA;Samsung;Galaxy A22 5G;Tapa trasera;Blanco;5,35;;;6
SA-A226-TAP-COM-MEN;Samsung;Galaxy A22 5G;Tapa trasera;Menta;5,35;;;6
SA-A226-TAP-COM-VIO;Samsung;Galaxy A22 5G;Tapa trasera;Violeta;5,35;;;6
SA-A226-CTR-COM;Samsung;Galaxy A22 5G;Cámara trasera;Compatible;8,55;;;6
SA-A226-CFR-COM;Samsung;Galaxy A22 5G;Cámara frontal;Compatible;5,60;;;6
SA-A226-LEN-COM;Samsung;Galaxy A22 5G;Lente de cámara;Compatible;2,35;;;6
SA-A226-ALT-COM;Samsung;Galaxy A22 5G;Altavoz;Compatible;4,05;;;6
SA-A226-AUR-COM;Samsung;Galaxy A22 5G;Auricular de llamada;Compatible;2,90;;;6
SA-A226-FLX-COM;Samsung;Galaxy A22 5G;Flex de encendido y volumen;Compatible;2,49;;;6
SA-A226-SIM-COM;Samsung;Galaxy A22 5G;Bandeja SIM;Compatible;2,90;;;6
SA-A225-PAN-ORI;Samsung;Galaxy A22;Pantalla;Original con marco;44,49;43,16;41,82;12
SA-A225-PAN-OLS;Samsung;Galaxy A22;Pantalla;OLED Soft;42,39;41,12;39,85;6
SA-A225-PAN-OLH;Samsung;Galaxy A22;Pantalla;OLED Hard;40,95;39,72;38,49;6
SA-A225-PAN-INC;Samsung;Galaxy A22;Pantalla;Incell;21,49;20,85;20,20;6
SA-A225-BAT-ORI;Samsung;Galaxy A22;Batería;Original;20,05;19,45;18,85;12
SA-A225-BAT-COM;Samsung;Galaxy A22;Batería;Compatible;10,40;10,09;9,78;6
SA-A225-CON-ORI;Samsung;Galaxy A22;Conector de carga;Original;16,49;16,00;15,50;12
SA-A225-CON-COM;Samsung;Galaxy A22;Conector de carga;Compatible;6,89;;;6
SA-A225-TAP-COM-NEG;Samsung;Galaxy A22;Tapa trasera;Negro;5,35;;;6
SA-A225-TAP-COM-BLA;Samsung;Galaxy A22;Tapa trasera;Blanco;5,35;;;6
SA-A225-TAP-COM-MEN;Samsung;Galaxy A22;Tapa trasera;Menta;5,35;;;6
SA-A225-TAP-COM-VIO;Samsung;Galaxy A22;Tapa trasera;Violeta;5,35;;;6
SA-A225-CTR-COM;Samsung;Galaxy A22;Cámara trasera;Compatible;8,55;;;6
SA-A225-CFR-COM;Samsung;Galaxy A22;Cámara frontal;Compatible;5,60;;;6
SA-A225-LEN-COM;Samsung;Galaxy A22;Lente de cámara;Compatible;2,35;;;6
SA-A225-ALT-COM;Samsung;Galaxy A22;Altavoz;Compatible;4,05;;;6
SA-A225-AUR-COM;Samsung;Galaxy A22;Auricular de llamada;Compatible;2,90;;;6
SA-A225-FLX-COM;Samsung;Galaxy A22;Flex de encendido y volumen;Compatible;2,49;;;6
SA-A225-SIM-COM;Samsung;Galaxy A22;Bandeja SIM;Compatible;2,90;;;6
SA-A037-PAN-ORI;Samsung;Galaxy A03s;Pantalla;Original con marco;33,09;32,10;31,10;12
SA-A037-PAN-COM;Samsung;Galaxy A03s;Pantalla;Compatible;15,45;14,99;14,52;6
SA-A037-BAT-ORI;Samsung;Galaxy A03s;Batería;Original;17,10;16,59;16,07;12
SA-A037-BAT-COM;Samsung;Galaxy A03s;Batería;Compatible;9,60;;;6
SA-A037-CON-ORI;Samsung;Galaxy A03s;Conector de carga;Original;13,29;12,89;12,49;12
SA-A037-CON-COM;Samsung;Galaxy A03s;Conector de carga;Compatible;5,55;;;6
SA-A037-TAP-COM-NEG;Samsung;Galaxy A03s;Tapa trasera;Negro;4,79;;;6
SA-A037-TAP-COM-BLA;Samsung;Galaxy A03s;Tapa trasera;Blanco;4,79;;;6
SA-A037-TAP-COM-AZU;Samsung;Galaxy A03s;Tapa trasera;Azul;4,79;;;6
SA-A037-CTR-COM;Samsung;Galaxy A03s;Cámara trasera;Compatible;7,50;;;6
SA-A037-CFR-COM;Samsung;Galaxy A03s;Cámara frontal;Compatible;5,25;;;6
SA-A037-LEN-COM;Samsung;Galaxy A03s;Lente de cámara;Compatible;2,45;;;6
SA-A037-ALT-COM;Samsung;Galaxy A03s;Altavoz;Compatible;3,95;;;6
SA-A037-AUR-COM;Samsung;Galaxy A03s;Auricular de llamada;Compatible;2,95;;;6
SA-A037-FLX-COM;Samsung;Galaxy A03s;Flex de encendido y volumen;Compatible;2,55;;;6
SA-A037-SIM-COM;Samsung;Galaxy A03s;Bandeja SIM;Compatible;3,05;;;6
SA-A528-PAN-ORI;Samsung;Galaxy A52s 5G;Pantalla;Original con marco;60,45;58,64;56,82;12
SA-A528-PAN-OLS;Samsung;Galaxy A52s 5G;Pantalla;OLED Soft;42,00;40,74;39,48;6
SA-A528-PAN-OLH;Samsung;Galaxy A52s 5G;Pantalla;OLED Hard;39,40;38,22;37,04;6
SA-A528-PAN-INC;Samsung;Galaxy A52s 5G;Pantalla;Incell;20,65;20,03;19,41;6
SA-A528-BAT-ORI;Samsung;Galaxy A52s 5G;Batería;Original;22,85;22,16;21,48;12
SA-A528-BAT-COM;Samsung;Galaxy A52s 5G;Batería;Compatible;11,20;10,86;10,53;6
SA-A528-CON-ORI;Samsung;Galaxy A52s 5G;Conector de carga;Original;15,39;14,93;14,47;12
SA-A528-CON-COM;Samsung;Galaxy A52s 5G;Conector de carga;Compatible;6,45;;;6
SA-A528-TAP-COM-NEG;Samsung;Galaxy A52s 5G;Tapa trasera;Negro (Awesome Black);5,45;;;6
SA-A528-TAP-COM-BLA;Samsung;Galaxy A52s 5G;Tapa trasera;Blanco (Awesome White);5,45;;;6
SA-A528-TAP-COM-MEN;Samsung;Galaxy A52s 5G;Tapa trasera;Menta (Awesome Mint);5,45;;;6
SA-A528-TAP-COM-VIO;Samsung;Galaxy A52s 5G;Tapa trasera;Violeta (Awesome Violet);5,45;;;6
SA-A528-CTR-COM;Samsung;Galaxy A52s 5G;Cámara trasera;Compatible;10,35;10,04;9,73;6
SA-A528-CFR-COM;Samsung;Galaxy A52s 5G;Cámara frontal;Compatible;5,95;;;6
SA-A528-LEN-COM;Samsung;Galaxy A52s 5G;Lente de cámara;Compatible;2,80;;;6
SA-A528-ALT-COM;Samsung;Galaxy A52s 5G;Altavoz;Compatible;4,49;;;6
SA-A528-AUR-COM;Samsung;Galaxy A52s 5G;Auricular de llamada;Compatible;3,65;;;6
SA-A528-FLX-COM;Samsung;Galaxy A52s 5G;Flex de encendido y volumen;Compatible;3,20;;;6
SA-A528-SIM-COM;Samsung;Galaxy A52s 5G;Bandeja SIM;Compatible;3,35;;;6
SA-A035-PAN-ORI;Samsung;Galaxy A03;Pantalla;Original con marco;33,09;32,10;31,10;12
SA-A035-PAN-COM;Samsung;Galaxy A03;Pantalla;Compatible;14,70;14,26;13,82;6
SA-A035-BAT-ORI;Samsung;Galaxy A03;Batería;Original;17,10;16,59;16,07;12
SA-A035-BAT-COM;Samsung;Galaxy A03;Batería;Compatible;9,60;;;6
SA-A035-CON-ORI;Samsung;Galaxy A03;Conector de carga;Original;13,29;12,89;12,49;12
SA-A035-CON-COM;Samsung;Galaxy A03;Conector de carga;Compatible;5,55;;;6
SA-A035-TAP-COM-NEG;Samsung;Galaxy A03;Tapa trasera;Negro;4,79;;;6
SA-A035-TAP-COM-ROJ;Samsung;Galaxy A03;Tapa trasera;Rojo;4,79;;;6
SA-A035-TAP-COM-AZU;Samsung;Galaxy A03;Tapa trasera;Azul;4,79;;;6
SA-A035-CTR-COM;Samsung;Galaxy A03;Cámara trasera;Compatible;7,50;;;6
SA-A035-CFR-COM;Samsung;Galaxy A03;Cámara frontal;Compatible;5,25;;;6
SA-A035-LEN-COM;Samsung;Galaxy A03;Lente de cámara;Compatible;2,45;;;6
SA-A035-ALT-COM;Samsung;Galaxy A03;Altavoz;Compatible;3,95;;;6
SA-A035-AUR-COM;Samsung;Galaxy A03;Auricular de llamada;Compatible;2,95;;;6
SA-A035-FLX-COM;Samsung;Galaxy A03;Flex de encendido y volumen;Compatible;2,55;;;6
SA-A035-SIM-COM;Samsung;Galaxy A03;Bandeja SIM;Compatible;3,05;;;6
SA-A136-PAN-ORI;Samsung;Galaxy A13 5G;Pantalla;Original con marco;36,00;34,92;33,84;12
SA-A136-PAN-COM;Samsung;Galaxy A13 5G;Pantalla;Compatible;15,45;14,99;14,52;6
SA-A136-BAT-ORI;Samsung;Galaxy A13 5G;Batería;Original;17,10;16,59;16,07;12
SA-A136-BAT-COM;Samsung;Galaxy A13 5G;Batería;Compatible;9,60;;;6
SA-A136-CON-ORI;Samsung;Galaxy A13 5G;Conector de carga;Original;13,29;12,89;12,49;12
SA-A136-CON-COM;Samsung;Galaxy A13 5G;Conector de carga;Compatible;5,55;;;6
SA-A136-TAP-COM-NEG;Samsung;Galaxy A13 5G;Tapa trasera;Negro;4,79;;;6
SA-A136-TAP-COM-VER;Samsung;Galaxy A13 5G;Tapa trasera;Verde;4,79;;;6
SA-A136-TAP-COM-ROS;Samsung;Galaxy A13 5G;Tapa trasera;Rosa;4,79;;;6
SA-A136-TAP-COM-AZU;Samsung;Galaxy A13 5G;Tapa trasera;Azul;4,79;;;6
SA-A136-TAP-COM-NAR;Samsung;Galaxy A13 5G;Tapa trasera;Naranja;4,79;;;6
SA-A136-CTR-COM;Samsung;Galaxy A13 5G;Cámara trasera;Compatible;7,50;;;6
SA-A136-CFR-COM;Samsung;Galaxy A13 5G;Cámara frontal;Compatible;5,25;;;6
SA-A136-LEN-COM;Samsung;Galaxy A13 5G;Lente de cámara;Compatible;2,45;;;6
SA-A136-ALT-COM;Samsung;Galaxy A13 5G;Altavoz;Compatible;3,95;;;6
SA-A136-AUR-COM;Samsung;Galaxy A13 5G;Auricular de llamada;Compatible;2,95;;;6
SA-A136-FLX-COM;Samsung;Galaxy A13 5G;Flex de encendido y volumen;Compatible;2,55;;;6
SA-A136-SIM-COM;Samsung;Galaxy A13 5G;Bandeja SIM;Compatible;3,05;;;6
SA-A135-PAN-ORI;Samsung;Galaxy A13;Pantalla;Original con marco;36,00;34,92;33,84;12
SA-A135-PAN-COM;Samsung;Galaxy A13;Pantalla;Compatible;15,45;14,99;14,52;6
SA-A135-BAT-ORI;Samsung;Galaxy A13;Batería;Original;17,10;16,59;16,07;12
SA-A135-BAT-COM;Samsung;Galaxy A13;Batería;Compatible;9,60;;;6
SA-A135-CON-ORI;Samsung;Galaxy A13;Conector de carga;Original;13,29;12,89;12,49;12
SA-A135-CON-COM;Samsung;Galaxy A13;Conector de carga;Compatible;5,55;;;6
SA-A135-TAP-COM-NEG;Samsung;Galaxy A13;Tapa trasera;Negro;4,79;;;6
SA-A135-TAP-COM-BLA;Samsung;Galaxy A13;Tapa trasera;Blanco;4,79;;;6
SA-A135-TAP-COM-AZU;Samsung;Galaxy A13;Tapa trasera;Azul;4,79;;;6
SA-A135-TAP-COM-MEL;Samsung;Galaxy A13;Tapa trasera;Melocotón;4,79;;;6
SA-A135-CTR-COM;Samsung;Galaxy A13;Cámara trasera;Compatible;7,50;;;6
SA-A135-CFR-COM;Samsung;Galaxy A13;Cámara frontal;Compatible;5,25;;;6
SA-A135-LEN-COM;Samsung;Galaxy A13;Lente de cámara;Compatible;2,45;;;6
SA-A135-ALT-COM;Samsung;Galaxy A13;Altavoz;Compatible;3,95;;;6
SA-A135-AUR-COM;Samsung;Galaxy A13;Auricular de llamada;Compatible;2,95;;;6
SA-A135-FLX-COM;Samsung;Galaxy A13;Flex de encendido y volumen;Compatible;2,55;;;6
SA-A135-SIM-COM;Samsung;Galaxy A13;Bandeja SIM;Compatible;3,05;;;6
SA-A336-PAN-ORI;Samsung;Galaxy A33 5G;Pantalla;Original con marco;55,25;53,59;51,93;12
SA-A336-PAN-OLS;Samsung;Galaxy A33 5G;Pantalla;OLED Soft;43,65;42,34;41,03;6
SA-A336-PAN-OLH;Samsung;Galaxy A33 5G;Pantalla;OLED Hard;40,95;39,72;38,49;6
SA-A336-PAN-INC;Samsung;Galaxy A33 5G;Pantalla;Incell;21,49;20,85;20,20;6
SA-A336-BAT-ORI;Samsung;Galaxy A33 5G;Batería;Original;20,05;19,45;18,85;12
SA-A336-BAT-COM;Samsung;Galaxy A33 5G;Batería;Compatible;10,40;10,09;9,78;6
SA-A336-CON-ORI;Samsung;Galaxy A33 5G;Conector de carga;Original;16,49;16,00;15,50;12
SA-A336-CON-COM;Samsung;Galaxy A33 5G;Conector de carga;Compatible;6,89;;;6
SA-A336-TAP-COM-NEG;Samsung;Galaxy A33 5G;Tapa trasera;Negro (Awesome Black);5,35;;;6
SA-A336-TAP-COM-BLA;Samsung;Galaxy A33 5G;Tapa trasera;Blanco (Awesome White);5,35;;;6
SA-A336-TAP-COM-AZU;Samsung;Galaxy A33 5G;Tapa trasera;Azul (Awesome Blue);5,35;;;6
SA-A336-TAP-COM-MEL;Samsung;Galaxy A33 5G;Tapa trasera;Melocotón (Awesome Peach);5,35;;;6
SA-A336-CTR-COM;Samsung;Galaxy A33 5G;Cámara trasera;Compatible;8,55;;;6
SA-A336-CFR-COM;Samsung;Galaxy A33 5G;Cámara frontal;Compatible;5,60;;;6
SA-A336-LEN-COM;Samsung;Galaxy A33 5G;Lente de cámara;Compatible;2,35;;;6
SA-A336-ALT-COM;Samsung;Galaxy A33 5G;Altavoz;Compatible;4,05;;;6
SA-A336-AUR-COM;Samsung;Galaxy A33 5G;Auricular de llamada;Compatible;2,90;;;6
SA-A336-FLX-COM;Samsung;Galaxy A33 5G;Flex de encendido y volumen;Compatible;2,49;;;6
SA-A336-SIM-COM;Samsung;Galaxy A33 5G;Bandeja SIM;Compatible;2,90;;;6
SA-A536-PAN-ORI;Samsung;Galaxy A53 5G;Pantalla;Original con marco;53,69;52,08;50,47;12
SA-A536-PAN-OLS;Samsung;Galaxy A53 5G;Pantalla;OLED Soft;42,00;40,74;39,48;6
SA-A536-PAN-OLH;Samsung;Galaxy A53 5G;Pantalla;OLED Hard;33,09;32,10;31,10;6
SA-A536-PAN-INC;Samsung;Galaxy A53 5G;Pantalla;Incell;19,65;19,06;18,47;6
SA-A536-BAT-ORI;Samsung;Galaxy A53 5G;Batería;Original;22,85;22,16;21,48;12
SA-A536-BAT-COM;Samsung;Galaxy A53 5G;Batería;Compatible;11,20;10,86;10,53;6
SA-A536-CON-ORI;Samsung;Galaxy A53 5G;Conector de carga;Original;15,39;14,93;14,47;12
SA-A536-CON-COM;Samsung;Galaxy A53 5G;Conector de carga;Compatible;6,45;;;6
SA-A536-TAP-COM-NEG;Samsung;Galaxy A53 5G;Tapa trasera;Negro (Awesome Black);5,45;;;6
SA-A536-TAP-COM-BLA;Samsung;Galaxy A53 5G;Tapa trasera;Blanco (Awesome White);5,45;;;6
SA-A536-TAP-COM-AZU;Samsung;Galaxy A53 5G;Tapa trasera;Azul (Awesome Blue);5,45;;;6
SA-A536-TAP-COM-MEL;Samsung;Galaxy A53 5G;Tapa trasera;Melocotón (Awesome Peach);5,45;;;6
SA-A536-CTR-COM;Samsung;Galaxy A53 5G;Cámara trasera;Compatible;10,35;10,04;9,73;6
SA-A536-CFR-COM;Samsung;Galaxy A53 5G;Cámara frontal;Compatible;5,95;;;6
SA-A536-LEN-COM;Samsung;Galaxy A53 5G;Lente de cámara;Compatible;2,80;;;6
SA-A536-ALT-COM;Samsung;Galaxy A53 5G;Altavoz;Compatible;4,49;;;6
SA-A536-AUR-COM;Samsung;Galaxy A53 5G;Auricular de llamada;Compatible;3,65;;;6
SA-A536-FLX-COM;Samsung;Galaxy A53 5G;Flex de encendido y volumen;Compatible;3,20;;;6
SA-A536-SIM-COM;Samsung;Galaxy A53 5G;Bandeja SIM;Compatible;3,35;;;6
SA-A047-PAN-ORI;Samsung;Galaxy A04s;Pantalla;Original con marco;33,09;32,10;31,10;12
SA-A047-PAN-COM;Samsung;Galaxy A04s;Pantalla;Compatible;15,45;14,99;14,52;6
SA-A047-BAT-ORI;Samsung;Galaxy A04s;Batería;Original;17,10;16,59;16,07;12
SA-A047-BAT-COM;Samsung;Galaxy A04s;Batería;Compatible;9,60;;;6
SA-A047-CON-ORI;Samsung;Galaxy A04s;Conector de carga;Original;13,29;12,89;12,49;12
SA-A047-CON-COM;Samsung;Galaxy A04s;Conector de carga;Compatible;5,55;;;6
SA-A047-TAP-COM-BLA;Samsung;Galaxy A04s;Tapa trasera;Blanco;4,79;;;6
SA-A047-TAP-COM-COB;Samsung;Galaxy A04s;Tapa trasera;Cobre;4,79;;;6
SA-A047-TAP-COM-VER;Samsung;Galaxy A04s;Tapa trasera;Verde;4,79;;;6
SA-A047-TAP-COM-NEG;Samsung;Galaxy A04s;Tapa trasera;Negro;4,79;;;6
SA-A047-CTR-COM;Samsung;Galaxy A04s;Cámara trasera;Compatible;7,50;;;6
SA-A047-CFR-COM;Samsung;Galaxy A04s;Cámara frontal;Compatible;5,25;;;6
SA-A047-LEN-COM;Samsung;Galaxy A04s;Lente de cámara;Compatible;2,45;;;6
SA-A047-ALT-COM;Samsung;Galaxy A04s;Altavoz;Compatible;3,95;;;6
SA-A047-AUR-COM;Samsung;Galaxy A04s;Auricular de llamada;Compatible;2,95;;;6
SA-A047-FLX-COM;Samsung;Galaxy A04s;Flex de encendido y volumen;Compatible;2,55;;;6
SA-A047-SIM-COM;Samsung;Galaxy A04s;Bandeja SIM;Compatible;3,05;;;6
SA-A236-PAN-ORI;Samsung;Galaxy A23 5G;Pantalla;Original con marco;44,49;43,16;41,82;12
SA-A236-PAN-COM;Samsung;Galaxy A23 5G;Pantalla;Compatible;17,85;17,31;16,78;6
SA-A236-BAT-ORI;Samsung;Galaxy A23 5G;Batería;Original;20,05;19,45;18,85;12
SA-A236-BAT-COM;Samsung;Galaxy A23 5G;Batería;Compatible;10,40;10,09;9,78;6
SA-A236-CON-ORI;Samsung;Galaxy A23 5G;Conector de carga;Original;16,49;16,00;15,50;12
SA-A236-CON-COM;Samsung;Galaxy A23 5G;Conector de carga;Compatible;6,89;;;6
SA-A236-TAP-COM-NEG;Samsung;Galaxy A23 5G;Tapa trasera;Negro;5,35;;;6
SA-A236-TAP-COM-BLA;Samsung;Galaxy A23 5G;Tapa trasera;Blanco;5,35;;;6
SA-A236-TAP-COM-MEL;Samsung;Galaxy A23 5G;Tapa trasera;Melocotón;5,35;;;6
SA-A236-TAP-COM-AZU;Samsung;Galaxy A23 5G;Tapa trasera;Azul;5,35;;;6
SA-A236-CTR-COM;Samsung;Galaxy A23 5G;Cámara trasera;Compatible;8,55;;;6
SA-A236-CFR-COM;Samsung;Galaxy A23 5G;Cámara frontal;Compatible;5,60;;;6
SA-A236-LEN-COM;Samsung;Galaxy A23 5G;Lente de cámara;Compatible;2,35;;;6
SA-A236-ALT-COM;Samsung;Galaxy A23 5G;Altavoz;Compatible;4,05;;;6
SA-A236-AUR-COM;Samsung;Galaxy A23 5G;Auricular de llamada;Compatible;2,90;;;6
SA-A236-FLX-COM;Samsung;Galaxy A23 5G;Flex de encendido y volumen;Compatible;2,49;;;6
SA-A236-SIM-COM;Samsung;Galaxy A23 5G;Bandeja SIM;Compatible;2,90;;;6
SA-A146-PAN-ORI;Samsung;Galaxy A14 5G;Pantalla;Original con marco;36,00;34,92;33,84;12
SA-A146-PAN-COM;Samsung;Galaxy A14 5G;Pantalla;Compatible;16,45;15,96;15,46;6
SA-A146-BAT-ORI;Samsung;Galaxy A14 5G;Batería;Original;19,85;19,25;18,66;12
SA-A146-BAT-COM;Samsung;Galaxy A14 5G;Batería;Compatible;10,95;10,62;10,29;6
SA-A146-CON-ORI;Samsung;Galaxy A14 5G;Conector de carga;Original;15,19;14,73;14,28;12
SA-A146-CON-COM;Samsung;Galaxy A14 5G;Conector de carga;Compatible;6,35;;;6
SA-A146-TAP-COM-NEG;Samsung;Galaxy A14 5G;Tapa trasera;Negro;5,35;;;6
SA-A146-TAP-COM-PLA;Samsung;Galaxy A14 5G;Tapa trasera;Plata;5,35;;;6
SA-A146-TAP-COM-VER;Samsung;Galaxy A14 5G;Tapa trasera;Verde claro;5,35;;;6
SA-A146-TAP-COM-ROJ;Samsung;Galaxy A14 5G;Tapa trasera;Rojo oscuro;5,35;;;6
SA-A146-CTR-COM;Samsung;Galaxy A14 5G;Cámara trasera;Compatible;10,50;10,19;9,87;6
SA-A146-CFR-COM;Samsung;Galaxy A14 5G;Cámara frontal;Compatible;7,70;;;6
SA-A146-LEN-COM;Samsung;Galaxy A14 5G;Lente de cámara;Compatible;2,55;;;6
SA-A146-ALT-COM;Samsung;Galaxy A14 5G;Altavoz;Compatible;4,25;;;6
SA-A146-AUR-COM;Samsung;Galaxy A14 5G;Auricular de llamada;Compatible;3,25;;;6
SA-A146-FLX-COM;Samsung;Galaxy A14 5G;Flex de encendido y volumen;Compatible;3,09;;;6
SA-A146-SIM-COM;Samsung;Galaxy A14 5G;Bandeja SIM;Compatible;3,00;;;6
SA-A145-PAN-ORI;Samsung;Galaxy A14;Pantalla;Original con marco;36,00;34,92;33,84;12
SA-A145-PAN-COM;Samsung;Galaxy A14;Pantalla;Compatible;16,45;15,96;15,46;6
SA-A145-BAT-ORI;Samsung;Galaxy A14;Batería;Original;19,85;19,25;18,66;12
SA-A145-BAT-COM;Samsung;Galaxy A14;Batería;Compatible;10,95;10,62;10,29;6
SA-A145-CON-ORI;Samsung;Galaxy A14;Conector de carga;Original;15,19;14,73;14,28;12
SA-A145-CON-COM;Samsung;Galaxy A14;Conector de carga;Compatible;6,35;;;6
SA-A145-TAP-COM-NEG;Samsung;Galaxy A14;Tapa trasera;Negro;5,35;;;6
SA-A145-TAP-COM-PLA;Samsung;Galaxy A14;Tapa trasera;Plata;5,35;;;6
SA-A145-TAP-COM-VER;Samsung;Galaxy A14;Tapa trasera;Verde claro;5,35;;;6
SA-A145-TAP-COM-ROJ;Samsung;Galaxy A14;Tapa trasera;Rojo oscuro;5,35;;;6
SA-A145-CTR-COM;Samsung;Galaxy A14;Cámara trasera;Compatible;10,50;10,19;9,87;6
SA-A145-CFR-COM;Samsung;Galaxy A14;Cámara frontal;Compatible;7,70;;;6
SA-A145-LEN-COM;Samsung;Galaxy A14;Lente de cámara;Compatible;2,55;;;6
SA-A145-ALT-COM;Samsung;Galaxy A14;Altavoz;Compatible;4,25;;;6
SA-A145-AUR-COM;Samsung;Galaxy A14;Auricular de llamada;Compatible;3,25;;;6
SA-A145-FLX-COM;Samsung;Galaxy A14;Flex de encendido y volumen;Compatible;3,09;;;6
SA-A145-SIM-COM;Samsung;Galaxy A14;Bandeja SIM;Compatible;3,00;;;6
SA-A346-PAN-ORI;Samsung;Galaxy A34 5G;Pantalla;Original con marco;57,00;55,29;53,58;12
SA-A346-PAN-OLS;Samsung;Galaxy A34 5G;Pantalla;OLED Soft;46,49;45,10;43,70;6
SA-A346-PAN-OLH;Samsung;Galaxy A34 5G;Pantalla;OLED Hard;40,00;38,80;37,60;6
SA-A346-PAN-INC;Samsung;Galaxy A34 5G;Pantalla;Incell;22,85;22,16;21,48;6
SA-A346-BAT-ORI;Samsung;Galaxy A34 5G;Batería;Original;23,20;22,50;21,81;12
SA-A346-BAT-COM;Samsung;Galaxy A34 5G;Batería;Compatible;11,85;11,49;11,14;6
SA-A346-CON-ORI;Samsung;Galaxy A34 5G;Conector de carga;Original;18,85;18,28;17,72;12
SA-A346-CON-COM;Samsung;Galaxy A34 5G;Conector de carga;Compatible;7,85;;;6
SA-A346-TAP-COM-GRA;Samsung;Galaxy A34 5G;Tapa trasera;Grafito (Awesome Graphite);6,00;;;6
SA-A346-TAP-COM-PLA;Samsung;Galaxy A34 5G;Tapa trasera;Plata (Awesome Silver);6,00;;;6
SA-A346-TAP-COM-LIM;Samsung;Galaxy A34 5G;Tapa trasera;Lima (Awesome Lime);6,00;;;6
SA-A346-TAP-COM-VIO;Samsung;Galaxy A34 5G;Tapa trasera;Violeta (Awesome Violet);6,00;;;6
SA-A346-CTR-COM;Samsung;Galaxy A34 5G;Cámara trasera;Compatible;11,95;11,59;11,23;6
SA-A346-CFR-COM;Samsung;Galaxy A34 5G;Cámara frontal;Compatible;8,20;;;6
SA-A346-LEN-COM;Samsung;Galaxy A34 5G;Lente de cámara;Compatible;2,45;;;6
SA-A346-ALT-COM;Samsung;Galaxy A34 5G;Altavoz;Compatible;4,35;;;6
SA-A346-AUR-COM;Samsung;Galaxy A34 5G;Auricular de llamada;Compatible;3,20;;;6
SA-A346-FLX-COM;Samsung;Galaxy A34 5G;Flex de encendido y volumen;Compatible;3,00;;;6
SA-A346-SIM-COM;Samsung;Galaxy A34 5G;Bandeja SIM;Compatible;2,85;;;6
SA-A546-PAN-ORI;Samsung;Galaxy A54 5G;Pantalla;Original con marco;53,65;52,04;50,43;12
SA-A546-PAN-OLS;Samsung;Galaxy A54 5G;Pantalla;OLED Soft;42,29;41,02;39,75;6
SA-A546-PAN-OLH;Samsung;Galaxy A54 5G;Pantalla;OLED Hard;33,05;32,06;31,07;6
SA-A546-PAN-INC;Samsung;Galaxy A54 5G;Pantalla;Incell;19,65;19,06;18,47;6
SA-A546-BAT-ORI;Samsung;Galaxy A54 5G;Batería;Original;26,49;25,70;24,90;12
SA-A546-BAT-COM;Samsung;Galaxy A54 5G;Batería;Compatible;10,20;9,89;9,59;6
SA-A546-CON-ORI;Samsung;Galaxy A54 5G;Conector de carga;Original;17,55;17,02;16,50;12
SA-A546-CON-COM;Samsung;Galaxy A54 5G;Conector de carga;Compatible;7,45;;;6
SA-A546-TAP-COM-GRA;Samsung;Galaxy A54 5G;Tapa trasera;Grafito (Awesome Graphite);5,65;;;6
SA-A546-TAP-COM-BLA;Samsung;Galaxy A54 5G;Tapa trasera;Blanco (Awesome White);5,65;;;6
SA-A546-TAP-COM-LIM;Samsung;Galaxy A54 5G;Tapa trasera;Lima (Awesome Lime);5,65;;;6
SA-A546-TAP-COM-VIO;Samsung;Galaxy A54 5G;Tapa trasera;Violeta (Awesome Violet);5,65;;;6
SA-A546-CTR-COM;Samsung;Galaxy A54 5G;Cámara trasera;Compatible;17,45;16,93;16,40;6
SA-A546-CFR-COM;Samsung;Galaxy A54 5G;Cámara frontal;Compatible;8,70;;;6
SA-A546-LEN-COM;Samsung;Galaxy A54 5G;Lente de cámara;Compatible;2,40;;;6
SA-A546-ALT-COM;Samsung;Galaxy A54 5G;Altavoz;Compatible;5,19;;;6
SA-A546-AUR-COM;Samsung;Galaxy A54 5G;Auricular de llamada;Compatible;3,50;;;6
SA-A546-FLX-COM;Samsung;Galaxy A54 5G;Flex de encendido y volumen;Compatible;4,00;;;6
SA-A546-SIM-COM;Samsung;Galaxy A54 5G;Bandeja SIM;Compatible;3,95;;;6
SA-A057-PAN-ORI;Samsung;Galaxy A05s;Pantalla;Original con marco;34,15;33,13;32,10;12
SA-A057-PAN-COM;Samsung;Galaxy A05s;Pantalla;Compatible;16,45;15,96;15,46;6
SA-A057-BAT-ORI;Samsung;Galaxy A05s;Batería;Original;19,85;19,25;18,66;12
SA-A057-BAT-COM;Samsung;Galaxy A05s;Batería;Compatible;10,95;10,62;10,29;6
SA-A057-CON-ORI;Samsung;Galaxy A05s;Conector de carga;Original;15,19;14,73;14,28;12
SA-A057-CON-COM;Samsung;Galaxy A05s;Conector de carga;Compatible;6,35;;;6
SA-A057-TAP-COM-NEG;Samsung;Galaxy A05s;Tapa trasera;Negro;5,35;;;6
SA-A057-TAP-COM-GRI;Samsung;Galaxy A05s;Tapa trasera;Gris;5,35;;;6
SA-A057-TAP-COM-VER;Samsung;Galaxy A05s;Tapa trasera;Verde;5,35;;;6
SA-A057-CTR-COM;Samsung;Galaxy A05s;Cámara trasera;Compatible;10,50;10,19;9,87;6
SA-A057-CFR-COM;Samsung;Galaxy A05s;Cámara frontal;Compatible;7,70;;;6
SA-A057-LEN-COM;Samsung;Galaxy A05s;Lente de cámara;Compatible;2,55;;;6
SA-A057-ALT-COM;Samsung;Galaxy A05s;Altavoz;Compatible;4,25;;;6
SA-A057-AUR-COM;Samsung;Galaxy A05s;Auricular de llamada;Compatible;3,25;;;6
SA-A057-FLX-COM;Samsung;Galaxy A05s;Flex de encendido y volumen;Compatible;3,09;;;6
SA-A057-SIM-COM;Samsung;Galaxy A05s;Bandeja SIM;Compatible;3,00;;;6
SA-A155-PAN-ORI;Samsung;Galaxy A15;Pantalla;Original con marco;42,00;40,74;39,48;12
SA-A155-PAN-OLS;Samsung;Galaxy A15;Pantalla;OLED Soft;40,15;38,95;37,74;6
SA-A155-PAN-OLH;Samsung;Galaxy A15;Pantalla;OLED Hard;37,65;36,52;35,39;6
SA-A155-PAN-INC;Samsung;Galaxy A15;Pantalla;Incell;19,75;19,16;18,56;6
SA-A155-BAT-ORI;Samsung;Galaxy A15;Batería;Original;19,85;19,25;18,66;12
SA-A155-BAT-COM;Samsung;Galaxy A15;Batería;Compatible;10,95;10,62;10,29;6
SA-A155-CON-ORI;Samsung;Galaxy A15;Conector de carga;Original;15,19;14,73;14,28;12
SA-A155-CON-COM;Samsung;Galaxy A15;Conector de carga;Compatible;6,35;;;6
SA-A155-TAP-COM-NEG;Samsung;Galaxy A15;Tapa trasera;Negro azulado;5,35;;;6
SA-A155-TAP-COM-AZU;Samsung;Galaxy A15;Tapa trasera;Azul;5,35;;;6
SA-A155-TAP-COM-ACL;Samsung;Galaxy A15;Tapa trasera;Azul claro;5,35;;;6
SA-A155-TAP-COM-AMA;Samsung;Galaxy A15;Tapa trasera;Amarillo;5,35;;;6
SA-A155-CTR-COM;Samsung;Galaxy A15;Cámara trasera;Compatible;10,50;10,19;9,87;6
SA-A155-CFR-COM;Samsung;Galaxy A15;Cámara frontal;Compatible;7,70;;;6
SA-A155-LEN-COM;Samsung;Galaxy A15;Lente de cámara;Compatible;2,55;;;6
SA-A155-ALT-COM;Samsung;Galaxy A15;Altavoz;Compatible;4,25;;;6
SA-A155-AUR-COM;Samsung;Galaxy A15;Auricular de llamada;Compatible;3,25;;;6
SA-A155-FLX-COM;Samsung;Galaxy A15;Flex de encendido y volumen;Compatible;3,09;;;6
SA-A155-SIM-COM;Samsung;Galaxy A15;Bandeja SIM;Compatible;3,00;;;6
SA-A156-PAN-ORI;Samsung;Galaxy A15 5G;Pantalla;Original con marco;37,89;36,75;35,62;12
SA-A156-PAN-OLS;Samsung;Galaxy A15 5G;Pantalla;OLED Soft;36,09;35,01;33,92;6
SA-A156-PAN-OLH;Samsung;Galaxy A15 5G;Pantalla;OLED Hard;34,35;33,32;32,29;6
SA-A156-PAN-INC;Samsung;Galaxy A15 5G;Pantalla;Incell;19,85;19,25;18,66;6
SA-A156-BAT-ORI;Samsung;Galaxy A15 5G;Batería;Original;19,85;19,25;18,66;12
SA-A156-BAT-COM;Samsung;Galaxy A15 5G;Batería;Compatible;9,79;;;6
SA-A156-CON-ORI;Samsung;Galaxy A15 5G;Conector de carga;Original;15,19;14,73;14,28;12
SA-A156-CON-COM;Samsung;Galaxy A15 5G;Conector de carga;Compatible;6,20;;;6
SA-A156-TAP-COM-NEG;Samsung;Galaxy A15 5G;Tapa trasera;Negro azulado;5,35;;;6
SA-A156-TAP-COM-AZU;Samsung;Galaxy A15 5G;Tapa trasera;Azul;5,35;;;6
SA-A156-TAP-COM-ACL;Samsung;Galaxy A15 5G;Tapa trasera;Azul claro;5,35;;;6
SA-A156-TAP-COM-AMA;Samsung;Galaxy A15 5G;Tapa trasera;Amarillo;5,35;;;6
SA-A156-CTR-COM;Samsung;Galaxy A15 5G;Cámara trasera;Compatible;10,30;9,99;9,68;6
SA-A156-CFR-COM;Samsung;Galaxy A15 5G;Cámara frontal;Compatible;7,70;;;6
SA-A156-LEN-COM;Samsung;Galaxy A15 5G;Lente de cámara;Compatible;3,45;;;6
SA-A156-ALT-COM;Samsung;Galaxy A15 5G;Altavoz;Compatible;4,60;;;6
SA-A156-AUR-COM;Samsung;Galaxy A15 5G;Auricular de llamada;Compatible;3,60;;;6
SA-A156-FLX-COM;Samsung;Galaxy A15 5G;Flex de encendido y volumen;Compatible;3,09;;;6
SA-A156-SIM-COM;Samsung;Galaxy A15 5G;Bandeja SIM;Compatible;4,39;;;6
SA-A256-PAN-ORI;Samsung;Galaxy A25 5G;Pantalla;Original con marco;57,00;55,29;53,58;12
SA-A256-PAN-OLS;Samsung;Galaxy A25 5G;Pantalla;OLED Soft;46,49;45,10;43,70;6
SA-A256-PAN-OLH;Samsung;Galaxy A25 5G;Pantalla;OLED Hard;43,59;42,28;40,97;6
SA-A256-PAN-INC;Samsung;Galaxy A25 5G;Pantalla;Incell;22,85;22,16;21,48;6
SA-A256-BAT-ORI;Samsung;Galaxy A25 5G;Batería;Original;23,20;22,50;21,81;12
SA-A256-BAT-COM;Samsung;Galaxy A25 5G;Batería;Compatible;11,85;11,49;11,14;6
SA-A256-CON-ORI;Samsung;Galaxy A25 5G;Conector de carga;Original;18,85;18,28;17,72;12
SA-A256-CON-COM;Samsung;Galaxy A25 5G;Conector de carga;Compatible;7,85;;;6
SA-A256-TAP-COM-NEG;Samsung;Galaxy A25 5G;Tapa trasera;Negro;6,00;;;6
SA-A256-TAP-COM-AZU;Samsung;Galaxy A25 5G;Tapa trasera;Azul;6,00;;;6
SA-A256-TAP-COM-AMA;Samsung;Galaxy A25 5G;Tapa trasera;Amarillo;6,00;;;6
SA-A256-CTR-COM;Samsung;Galaxy A25 5G;Cámara trasera;Compatible;11,95;11,59;11,23;6
SA-A256-CFR-COM;Samsung;Galaxy A25 5G;Cámara frontal;Compatible;8,20;;;6
SA-A256-LEN-COM;Samsung;Galaxy A25 5G;Lente de cámara;Compatible;2,45;;;6
SA-A256-ALT-COM;Samsung;Galaxy A25 5G;Altavoz;Compatible;4,35;;;6
SA-A256-AUR-COM;Samsung;Galaxy A25 5G;Auricular de llamada;Compatible;3,20;;;6
SA-A256-FLX-COM;Samsung;Galaxy A25 5G;Flex de encendido y volumen;Compatible;3,00;;;6
SA-A256-SIM-COM;Samsung;Galaxy A25 5G;Bandeja SIM;Compatible;2,85;;;6
SA-A356-PAN-ORI;Samsung;Galaxy A35 5G;Pantalla;Original con marco;57,00;55,29;53,58;12
SA-A356-PAN-OLS;Samsung;Galaxy A35 5G;Pantalla;OLED Soft;47,59;46,16;44,73;6
SA-A356-PAN-OLH;Samsung;Galaxy A35 5G;Pantalla;OLED Hard;40,00;38,80;37,60;6
SA-A356-PAN-INC;Samsung;Galaxy A35 5G;Pantalla;Incell;26,75;25,95;25,15;6
SA-A356-BAT-ORI;Samsung;Galaxy A35 5G;Batería;Original;23,20;22,50;21,81;12
SA-A356-BAT-COM;Samsung;Galaxy A35 5G;Batería;Compatible;12,99;12,60;12,21;6
SA-A356-CON-ORI;Samsung;Galaxy A35 5G;Conector de carga;Original;16,99;16,48;15,97;12
SA-A356-CON-COM;Samsung;Galaxy A35 5G;Conector de carga;Compatible;7,85;;;6
SA-A356-TAP-COM-AZU;Samsung;Galaxy A35 5G;Tapa trasera;Azul marino (Awesome Navy);6,00;;;6
SA-A356-TAP-COM-AWE;Samsung;Galaxy A35 5G;Tapa trasera;Awesome Cielo;6,00;;;6
SA-A356-TAP-COM-ALA;Samsung;Galaxy A35 5G;Tapa trasera;Awesome Lavanda;6,00;;;6
SA-A356-TAP-COM-ALI;Samsung;Galaxy A35 5G;Tapa trasera;Awesome Limón;6,00;;;6
SA-A356-CTR-COM;Samsung;Galaxy A35 5G;Cámara trasera;Compatible;9,09;;;6
SA-A356-CFR-COM;Samsung;Galaxy A35 5G;Cámara frontal;Compatible;8,20;;;6
SA-A356-LEN-COM;Samsung;Galaxy A35 5G;Lente de cámara;Compatible;1,65;;;6
SA-A356-ALT-COM;Samsung;Galaxy A35 5G;Altavoz;Compatible;3,30;;;6
SA-A356-AUR-COM;Samsung;Galaxy A35 5G;Auricular de llamada;Compatible;2,45;;;6
SA-A356-FLX-COM;Samsung;Galaxy A35 5G;Flex de encendido y volumen;Compatible;2,15;;;6
SA-A356-SIM-COM;Samsung;Galaxy A35 5G;Bandeja SIM;Compatible;2,45;;;6
SA-A556-PAN-ORI;Samsung;Galaxy A55 5G;Pantalla;Original con marco;61,85;59,99;58,14;12
SA-A556-PAN-OLS;Samsung;Galaxy A55 5G;Pantalla;OLED Soft;45,30;43,94;42,58;6
SA-A556-PAN-OLH;Samsung;Galaxy A55 5G;Pantalla;OLED Hard;35,25;34,19;33,14;6
SA-A556-PAN-INC;Samsung;Galaxy A55 5G;Pantalla;Incell;25,10;24,35;23,59;6
SA-A556-BAT-ORI;Samsung;Galaxy A55 5G;Batería;Original;26,49;25,70;24,90;12
SA-A556-BAT-COM;Samsung;Galaxy A55 5G;Batería;Compatible;12,79;12,41;12,02;6
SA-A556-CON-ORI;Samsung;Galaxy A55 5G;Conector de carga;Original;17,55;17,02;16,50;12
SA-A556-CON-COM;Samsung;Galaxy A55 5G;Conector de carga;Compatible;7,35;;;6
SA-A556-TAP-COM-AWE;Samsung;Galaxy A55 5G;Tapa trasera;Awesome Eclipse;6,75;;;6
SA-A556-TAP-COM-ACI;Samsung;Galaxy A55 5G;Tapa trasera;Awesome Cielo;6,75;;;6
SA-A556-TAP-COM-ALA;Samsung;Galaxy A55 5G;Tapa trasera;Awesome Lavanda;6,75;;;6
SA-A556-TAP-COM-ALI;Samsung;Galaxy A55 5G;Tapa trasera;Awesome Limón;6,75;;;6
SA-A556-CTR-COM;Samsung;Galaxy A55 5G;Cámara trasera;Compatible;19,30;18,72;18,14;6
SA-A556-CFR-COM;Samsung;Galaxy A55 5G;Cámara frontal;Compatible;10,49;10,18;9,86;6
SA-A556-LEN-COM;Samsung;Galaxy A55 5G;Lente de cámara;Compatible;2,80;;;6
SA-A556-ALT-COM;Samsung;Galaxy A55 5G;Altavoz;Compatible;6,10;;;6
SA-A556-AUR-COM;Samsung;Galaxy A55 5G;Auricular de llamada;Compatible;5,80;;;6
SA-A556-FLX-COM;Samsung;Galaxy A55 5G;Flex de encendido y volumen;Compatible;5,45;;;6
SA-A556-SIM-COM;Samsung;Galaxy A55 5G;Bandeja SIM;Compatible;3,15;;;6
SA-A065-PAN-ORI;Samsung;Galaxy A06;Pantalla;Original con marco;43,00;41,71;40,42;12
SA-A065-PAN-COM;Samsung;Galaxy A06;Pantalla;Compatible;14,70;14,26;13,82;6
SA-A065-BAT-ORI;Samsung;Galaxy A06;Batería;Original;19,85;19,25;18,66;12
SA-A065-BAT-COM;Samsung;Galaxy A06;Batería;Compatible;10,95;10,62;10,29;6
SA-A065-CON-ORI;Samsung;Galaxy A06;Conector de carga;Original;15,19;14,73;14,28;12
SA-A065-CON-COM;Samsung;Galaxy A06;Conector de carga;Compatible;6,35;;;6
SA-A065-TAP-COM-NEG;Samsung;Galaxy A06;Tapa trasera;Negro;5,35;;;6
SA-A065-TAP-COM-DOR;Samsung;Galaxy A06;Tapa trasera;Dorado;5,35;;;6
SA-A065-TAP-COM-AZU;Samsung;Galaxy A06;Tapa trasera;Azul claro;5,35;;;6
SA-A065-CTR-COM;Samsung;Galaxy A06;Cámara trasera;Compatible;10,50;10,19;9,87;6
SA-A065-CFR-COM;Samsung;Galaxy A06;Cámara frontal;Compatible;7,70;;;6
SA-A065-LEN-COM;Samsung;Galaxy A06;Lente de cámara;Compatible;2,55;;;6
SA-A065-ALT-COM;Samsung;Galaxy A06;Altavoz;Compatible;4,25;;;6
SA-A065-AUR-COM;Samsung;Galaxy A06;Auricular de llamada;Compatible;3,25;;;6
SA-A065-FLX-COM;Samsung;Galaxy A06;Flex de encendido y volumen;Compatible;3,09;;;6
SA-A065-SIM-COM;Samsung;Galaxy A06;Bandeja SIM;Compatible;3,00;;;6
SA-A166-PAN-ORI;Samsung;Galaxy A16 5G;Pantalla;Original con marco;42,00;40,74;39,48;12
SA-A166-PAN-OLS;Samsung;Galaxy A16 5G;Pantalla;OLED Soft;40,35;39,14;37,93;6
SA-A166-PAN-OLH;Samsung;Galaxy A16 5G;Pantalla;OLED Hard;37,15;36,04;34,92;6
SA-A166-PAN-INC;Samsung;Galaxy A16 5G;Pantalla;Incell;19,45;18,87;18,28;6
SA-A166-BAT-ORI;Samsung;Galaxy A16 5G;Batería;Original;19,85;19,25;18,66;12
SA-A166-BAT-COM;Samsung;Galaxy A16 5G;Batería;Compatible;9,79;;;6
SA-A166-CON-ORI;Samsung;Galaxy A16 5G;Conector de carga;Original;15,19;14,73;14,28;12
SA-A166-CON-COM;Samsung;Galaxy A16 5G;Conector de carga;Compatible;7,49;;;6
SA-A166-TAP-COM-NEG;Samsung;Galaxy A16 5G;Tapa trasera;Negro azulado;6,39;;;6
SA-A166-TAP-COM-GRI;Samsung;Galaxy A16 5G;Tapa trasera;Gris claro;6,39;;;6
SA-A166-TAP-COM-VER;Samsung;Galaxy A16 5G;Tapa trasera;Verde claro;6,39;;;6
SA-A166-TAP-COM-DOR;Samsung;Galaxy A16 5G;Tapa trasera;Dorado;6,39;;;6
SA-A166-CTR-COM;Samsung;Galaxy A16 5G;Cámara trasera;Compatible;10,35;10,04;9,73;6
SA-A166-CFR-COM;Samsung;Galaxy A16 5G;Cámara frontal;Compatible;10,30;9,99;9,68;6
SA-A166-LEN-COM;Samsung;Galaxy A16 5G;Lente de cámara;Compatible;2,55;;;6
SA-A166-ALT-COM;Samsung;Galaxy A16 5G;Altavoz;Compatible;4,25;;;6
SA-A166-AUR-COM;Samsung;Galaxy A16 5G;Auricular de llamada;Compatible;3,25;;;6
SA-A166-FLX-COM;Samsung;Galaxy A16 5G;Flex de encendido y volumen;Compatible;3,09;;;6
SA-A166-SIM-COM;Samsung;Galaxy A16 5G;Bandeja SIM;Compatible;3,35;;;6
SA-A165-PAN-ORI;Samsung;Galaxy A16;Pantalla;Original con marco;48,50;47,05;45,59;12
SA-A165-PAN-OLS;Samsung;Galaxy A16;Pantalla;OLED Soft;41,80;40,55;39,29;6
SA-A165-PAN-OLH;Samsung;Galaxy A16;Pantalla;OLED Hard;39,00;37,83;36,66;6
SA-A165-PAN-INC;Samsung;Galaxy A16;Pantalla;Incell;23,50;22,80;22,09;6
SA-A165-BAT-ORI;Samsung;Galaxy A16;Batería;Original;23,99;23,27;22,55;12
SA-A165-BAT-COM;Samsung;Galaxy A16;Batería;Compatible;12,99;12,60;12,21;6
SA-A165-CON-ORI;Samsung;Galaxy A16;Conector de carga;Original;15,19;14,73;14,28;12
SA-A165-CON-COM;Samsung;Galaxy A16;Conector de carga;Compatible;6,90;;;6
SA-A165-TAP-COM-NEG;Samsung;Galaxy A16;Tapa trasera;Negro;5,35;;;6
SA-A165-TAP-COM-GRI;Samsung;Galaxy A16;Tapa trasera;Gris claro;5,35;;;6
SA-A165-TAP-COM-VER;Samsung;Galaxy A16;Tapa trasera;Verde claro;5,35;;;6
SA-A165-CTR-COM;Samsung;Galaxy A16;Cámara trasera;Compatible;12,39;12,02;11,65;6
SA-A165-CFR-COM;Samsung;Galaxy A16;Cámara frontal;Compatible;8,70;;;6
SA-A165-LEN-COM;Samsung;Galaxy A16;Lente de cámara;Compatible;1,65;;;6
SA-A165-ALT-COM;Samsung;Galaxy A16;Altavoz;Compatible;4,25;;;6
SA-A165-AUR-COM;Samsung;Galaxy A16;Auricular de llamada;Compatible;3,25;;;6
SA-A165-FLX-COM;Samsung;Galaxy A16;Flex de encendido y volumen;Compatible;2,45;;;6
SA-A165-SIM-COM;Samsung;Galaxy A16;Bandeja SIM;Compatible;2,15;;;6
SA-A266-PAN-ORI;Samsung;Galaxy A26 5G;Pantalla;Original con marco;59,29;57,51;55,73;12
SA-A266-PAN-OLS;Samsung;Galaxy A26 5G;Pantalla;OLED Soft;48,95;47,48;46,01;6
SA-A266-PAN-OLH;Samsung;Galaxy A26 5G;Pantalla;OLED Hard;45,90;44,52;43,15;6
SA-A266-PAN-INC;Samsung;Galaxy A26 5G;Pantalla;Incell;24,09;23,37;22,64;6
SA-A266-BAT-ORI;Samsung;Galaxy A26 5G;Batería;Original;23,35;22,65;21,95;12
SA-A266-BAT-COM;Samsung;Galaxy A26 5G;Batería;Compatible;11,19;10,85;10,52;6
SA-A266-CON-ORI;Samsung;Galaxy A26 5G;Conector de carga;Original;22,45;21,78;21,10;12
SA-A266-CON-COM;Samsung;Galaxy A26 5G;Conector de carga;Compatible;9,39;;;6
SA-A266-TAP-COM-NEG;Samsung;Galaxy A26 5G;Tapa trasera;Negro;6,45;;;6
SA-A266-TAP-COM-BLA;Samsung;Galaxy A26 5G;Tapa trasera;Blanco;6,45;;;6
SA-A266-TAP-COM-MEN;Samsung;Galaxy A26 5G;Tapa trasera;Menta;6,45;;;6
SA-A266-TAP-COM-ROS;Samsung;Galaxy A26 5G;Tapa trasera;Rosa (Peach Pink);6,45;;;6
SA-A266-CTR-COM;Samsung;Galaxy A26 5G;Cámara trasera;Compatible;16,39;15,90;15,41;6
SA-A266-CFR-COM;Samsung;Galaxy A26 5G;Cámara frontal;Compatible;11,45;11,11;10,76;6
SA-A266-LEN-COM;Samsung;Galaxy A26 5G;Lente de cámara;Compatible;3,19;;;6
SA-A266-ALT-COM;Samsung;Galaxy A26 5G;Altavoz;Compatible;5,75;;;6
SA-A266-AUR-COM;Samsung;Galaxy A26 5G;Auricular de llamada;Compatible;4,50;;;6
SA-A266-FLX-COM;Samsung;Galaxy A26 5G;Flex de encendido y volumen;Compatible;3,29;;;6
SA-A266-SIM-COM;Samsung;Galaxy A26 5G;Bandeja SIM;Compatible;3,35;;;6
SA-A366-PAN-ORI;Samsung;Galaxy A36 5G;Pantalla;Original con marco;59,29;57,51;55,73;12
SA-A366-PAN-OLS;Samsung;Galaxy A36 5G;Pantalla;OLED Soft;48,95;47,48;46,01;6
SA-A366-PAN-OLH;Samsung;Galaxy A36 5G;Pantalla;OLED Hard;45,90;44,52;43,15;6
SA-A366-PAN-INC;Samsung;Galaxy A36 5G;Pantalla;Incell;26,75;25,95;25,15;6
SA-A366-BAT-ORI;Samsung;Galaxy A36 5G;Batería;Original;23,35;22,65;21,95;12
SA-A366-BAT-COM;Samsung;Galaxy A36 5G;Batería;Compatible;11,19;10,85;10,52;6
SA-A366-CON-ORI;Samsung;Galaxy A36 5G;Conector de carga;Original;22,45;21,78;21,10;12
SA-A366-CON-COM;Samsung;Galaxy A36 5G;Conector de carga;Compatible;9,39;;;6
SA-A366-TAP-COM-NEG;Samsung;Galaxy A36 5G;Tapa trasera;Negro;6,45;;;6
SA-A366-TAP-COM-BLA;Samsung;Galaxy A36 5G;Tapa trasera;Blanco;6,45;;;6
SA-A366-TAP-COM-LAV;Samsung;Galaxy A36 5G;Tapa trasera;Lavanda;6,45;;;6
SA-A366-TAP-COM-LIM;Samsung;Galaxy A36 5G;Tapa trasera;Lima;6,45;;;6
SA-A366-CTR-COM;Samsung;Galaxy A36 5G;Cámara trasera;Compatible;16,39;15,90;15,41;6
SA-A366-CFR-COM;Samsung;Galaxy A36 5G;Cámara frontal;Compatible;11,45;11,11;10,76;6
SA-A366-LEN-COM;Samsung;Galaxy A36 5G;Lente de cámara;Compatible;3,19;;;6
SA-A366-ALT-COM;Samsung;Galaxy A36 5G;Altavoz;Compatible;5,75;;;6
SA-A366-AUR-COM;Samsung;Galaxy A36 5G;Auricular de llamada;Compatible;4,50;;;6
SA-A366-FLX-COM;Samsung;Galaxy A36 5G;Flex de encendido y volumen;Compatible;3,29;;;6
SA-A366-SIM-COM;Samsung;Galaxy A36 5G;Bandeja SIM;Compatible;3,35;;;6
SA-A566-PAN-ORI;Samsung;Galaxy A56 5G;Pantalla;Original con marco;62,85;60,96;59,08;12
SA-A566-PAN-OLS;Samsung;Galaxy A56 5G;Pantalla;OLED Soft;45,30;43,94;42,58;6
SA-A566-PAN-OLH;Samsung;Galaxy A56 5G;Pantalla;OLED Hard;35,25;34,19;33,14;6
SA-A566-PAN-INC;Samsung;Galaxy A56 5G;Pantalla;Incell;25,10;24,35;23,59;6
SA-A566-BAT-ORI;Samsung;Galaxy A56 5G;Batería;Original;26,65;25,85;25,05;12
SA-A566-BAT-COM;Samsung;Galaxy A56 5G;Batería;Compatible;10,79;10,47;10,14;6
SA-A566-CON-ORI;Samsung;Galaxy A56 5G;Conector de carga;Original;20,95;20,32;19,69;12
SA-A566-CON-COM;Samsung;Galaxy A56 5G;Conector de carga;Compatible;8,75;;;6
SA-A566-TAP-COM-NEG;Samsung;Galaxy A56 5G;Tapa trasera;Negro;5,79;;;6
SA-A566-TAP-COM-GRI;Samsung;Galaxy A56 5G;Tapa trasera;Gris;5,79;;;6
SA-A566-TAP-COM-VER;Samsung;Galaxy A56 5G;Tapa trasera;Verde;5,79;;;6
SA-A566-TAP-COM-ROS;Samsung;Galaxy A56 5G;Tapa trasera;Rosa;5,79;;;6
SA-A566-CTR-COM;Samsung;Galaxy A56 5G;Cámara trasera;Compatible;14,80;14,36;13,91;6
SA-A566-CFR-COM;Samsung;Galaxy A56 5G;Cámara frontal;Compatible;10,35;10,04;9,73;6
SA-A566-LEN-COM;Samsung;Galaxy A56 5G;Lente de cámara;Compatible;4,45;;;6
SA-A566-ALT-COM;Samsung;Galaxy A56 5G;Altavoz;Compatible;5,80;;;6
SA-A566-AUR-COM;Samsung;Galaxy A56 5G;Auricular de llamada;Compatible;7,05;;;6
SA-A566-FLX-COM;Samsung;Galaxy A56 5G;Flex de encendido y volumen;Compatible;4,10;;;6
SA-A566-SIM-COM;Samsung;Galaxy A56 5G;Bandeja SIM;Compatible;3,65;;;6
SA-A075-PAN-ORI;Samsung;Galaxy A07;Pantalla;Original con marco;42,99;41,70;40,41;12
SA-A075-PAN-COM;Samsung;Galaxy A07;Pantalla;Compatible;17,30;16,78;16,26;6
SA-A075-BAT-ORI;Samsung;Galaxy A07;Batería;Original;19,95;19,35;18,75;12
SA-A075-BAT-COM;Samsung;Galaxy A07;Batería;Compatible;10,35;10,04;9,73;6
SA-A075-CON-ORI;Samsung;Galaxy A07;Conector de carga;Original;18,10;17,56;17,01;12
SA-A075-CON-COM;Samsung;Galaxy A07;Conector de carga;Compatible;7,55;;;6
SA-A075-TAP-COM-GRI;Samsung;Galaxy A07;Tapa trasera;Gris;5,75;;;6
SA-A075-TAP-COM-VIO;Samsung;Galaxy A07;Tapa trasera;Violeta claro;5,75;;;6
SA-A075-TAP-COM-VER;Samsung;Galaxy A07;Tapa trasera;Verde oscuro;5,75;;;6
SA-A075-CTR-COM;Samsung;Galaxy A07;Cámara trasera;Compatible;14,40;13,97;13,54;6
SA-A075-CFR-COM;Samsung;Galaxy A07;Cámara frontal;Compatible;10,75;10,43;10,10;6
SA-A075-LEN-COM;Samsung;Galaxy A07;Lente de cámara;Compatible;3,25;;;6
SA-A075-ALT-COM;Samsung;Galaxy A07;Altavoz;Compatible;5,65;;;6
SA-A075-AUR-COM;Samsung;Galaxy A07;Auricular de llamada;Compatible;4,55;;;6
SA-A075-FLX-COM;Samsung;Galaxy A07;Flex de encendido y volumen;Compatible;3,35;;;6
SA-A075-SIM-COM;Samsung;Galaxy A07;Bandeja SIM;Compatible;3,55;;;6
SA-A176-PAN-ORI;Samsung;Galaxy A17 5G;Pantalla;Original con marco;49,85;48,35;46,86;12
SA-A176-PAN-OLS;Samsung;Galaxy A17 5G;Pantalla;OLED Soft;42,29;41,02;39,75;6
SA-A176-PAN-OLH;Samsung;Galaxy A17 5G;Pantalla;OLED Hard;39,65;38,46;37,27;6
SA-A176-PAN-INC;Samsung;Galaxy A17 5G;Pantalla;Incell;23,50;22,80;22,09;6
SA-A176-BAT-ORI;Samsung;Galaxy A17 5G;Batería;Original;19,95;19,35;18,75;12
SA-A176-BAT-COM;Samsung;Galaxy A17 5G;Batería;Compatible;10,35;10,04;9,73;6
SA-A176-CON-ORI;Samsung;Galaxy A17 5G;Conector de carga;Original;18,10;17,56;17,01;12
SA-A176-CON-COM;Samsung;Galaxy A17 5G;Conector de carga;Compatible;7,55;;;6
SA-A176-TAP-COM-NEG;Samsung;Galaxy A17 5G;Tapa trasera;Negro;5,75;;;6
SA-A176-TAP-COM-GRI;Samsung;Galaxy A17 5G;Tapa trasera;Gris;5,75;;;6
SA-A176-TAP-COM-AZU;Samsung;Galaxy A17 5G;Tapa trasera;Azul;5,75;;;6
SA-A176-CTR-COM;Samsung;Galaxy A17 5G;Cámara trasera;Compatible;14,40;13,97;13,54;6
SA-A176-CFR-COM;Samsung;Galaxy A17 5G;Cámara frontal;Compatible;10,75;10,43;10,10;6
SA-A176-LEN-COM;Samsung;Galaxy A17 5G;Lente de cámara;Compatible;3,25;;;6
SA-A176-ALT-COM;Samsung;Galaxy A17 5G;Altavoz;Compatible;5,65;;;6
SA-A176-AUR-COM;Samsung;Galaxy A17 5G;Auricular de llamada;Compatible;4,55;;;6
SA-A176-FLX-COM;Samsung;Galaxy A17 5G;Flex de encendido y volumen;Compatible;3,35;;;6
SA-A176-SIM-COM;Samsung;Galaxy A17 5G;Bandeja SIM;Compatible;3,55;;;6
SA-A175-PAN-ORI;Samsung;Galaxy A17;Pantalla;Original con marco;49,85;48,35;46,86;12
SA-A175-PAN-OLS;Samsung;Galaxy A17;Pantalla;OLED Soft;42,29;41,02;39,75;6
SA-A175-PAN-OLH;Samsung;Galaxy A17;Pantalla;OLED Hard;39,65;38,46;37,27;6
SA-A175-PAN-INC;Samsung;Galaxy A17;Pantalla;Incell;23,50;22,80;22,09;6
SA-A175-BAT-ORI;Samsung;Galaxy A17;Batería;Original;19,95;19,35;18,75;12
SA-A175-BAT-COM;Samsung;Galaxy A17;Batería;Compatible;10,35;10,04;9,73;6
SA-A175-CON-ORI;Samsung;Galaxy A17;Conector de carga;Original;18,10;17,56;17,01;12
SA-A175-CON-COM;Samsung;Galaxy A17;Conector de carga;Compatible;7,55;;;6
SA-A175-TAP-COM-NEG;Samsung;Galaxy A17;Tapa trasera;Negro;5,75;;;6
SA-A175-TAP-COM-GRI;Samsung;Galaxy A17;Tapa trasera;Gris;5,75;;;6
SA-A175-TAP-COM-AZU;Samsung;Galaxy A17;Tapa trasera;Azul;5,75;;;6
SA-A175-CTR-COM;Samsung;Galaxy A17;Cámara trasera;Compatible;14,40;13,97;13,54;6
SA-A175-CFR-COM;Samsung;Galaxy A17;Cámara frontal;Compatible;10,75;10,43;10,10;6
SA-A175-LEN-COM;Samsung;Galaxy A17;Lente de cámara;Compatible;3,25;;;6
SA-A175-ALT-COM;Samsung;Galaxy A17;Altavoz;Compatible;5,65;;;6
SA-A175-AUR-COM;Samsung;Galaxy A17;Auricular de llamada;Compatible;4,55;;;6
SA-A175-FLX-COM;Samsung;Galaxy A17;Flex de encendido y volumen;Compatible;3,35;;;6
SA-A175-SIM-COM;Samsung;Galaxy A17;Bandeja SIM;Compatible;3,55;;;6
SA-A376-PAN-ORI;Samsung;Galaxy A37 5G;Pantalla;Original con marco;59,29;57,51;55,73;12
SA-A376-PAN-OLS;Samsung;Galaxy A37 5G;Pantalla;OLED Soft;48,95;47,48;46,01;6
SA-A376-PAN-OLH;Samsung;Galaxy A37 5G;Pantalla;OLED Hard;45,90;44,52;43,15;6
SA-A376-PAN-INC;Samsung;Galaxy A37 5G;Pantalla;Incell;26,75;25,95;25,15;6
SA-A376-BAT-ORI;Samsung;Galaxy A37 5G;Batería;Original;23,35;22,65;21,95;12
SA-A376-BAT-COM;Samsung;Galaxy A37 5G;Batería;Compatible;11,19;10,85;10,52;6
SA-A376-CON-ORI;Samsung;Galaxy A37 5G;Conector de carga;Original;22,45;21,78;21,10;12
SA-A376-CON-COM;Samsung;Galaxy A37 5G;Conector de carga;Compatible;9,39;;;6
SA-A376-TAP-COM-GRI;Samsung;Galaxy A37 5G;Tapa trasera;Gris;6,45;;;6
SA-A376-TAP-COM-BLA;Samsung;Galaxy A37 5G;Tapa trasera;Blanco;6,45;;;6
SA-A376-TAP-COM-LAV;Samsung;Galaxy A37 5G;Tapa trasera;Lavanda;6,45;;;6
SA-A376-TAP-COM-VER;Samsung;Galaxy A37 5G;Tapa trasera;Verde oscuro;6,45;;;6
SA-A376-CTR-COM;Samsung;Galaxy A37 5G;Cámara trasera;Compatible;16,39;15,90;15,41;6
SA-A376-CFR-COM;Samsung;Galaxy A37 5G;Cámara frontal;Compatible;11,45;11,11;10,76;6
SA-A376-LEN-COM;Samsung;Galaxy A37 5G;Lente de cámara;Compatible;3,19;;;6
SA-A376-ALT-COM;Samsung;Galaxy A37 5G;Altavoz;Compatible;5,75;;;6
SA-A376-AUR-COM;Samsung;Galaxy A37 5G;Auricular de llamada;Compatible;4,50;;;6
SA-A376-FLX-COM;Samsung;Galaxy A37 5G;Flex de encendido y volumen;Compatible;3,29;;;6
SA-A376-SIM-COM;Samsung;Galaxy A37 5G;Bandeja SIM;Compatible;3,35;;;6
SA-A576-PAN-ORI;Samsung;Galaxy A57 5G;Pantalla;Original con marco;64,85;62,90;60,96;12
SA-A576-PAN-OLS;Samsung;Galaxy A57 5G;Pantalla;OLED Soft;47,10;45,69;44,27;6
SA-A576-PAN-OLH;Samsung;Galaxy A57 5G;Pantalla;OLED Hard;44,15;42,83;41,50;6
SA-A576-PAN-INC;Samsung;Galaxy A57 5G;Pantalla;Incell;25,10;24,35;23,59;6
SA-A576-BAT-ORI;Samsung;Galaxy A57 5G;Batería;Original;26,65;25,85;25,05;12
SA-A576-BAT-COM;Samsung;Galaxy A57 5G;Batería;Compatible;12,05;11,69;11,33;6
SA-A576-CON-ORI;Samsung;Galaxy A57 5G;Conector de carga;Original;20,95;20,32;19,69;12
SA-A576-CON-COM;Samsung;Galaxy A57 5G;Conector de carga;Compatible;8,75;;;6
SA-A576-TAP-COM-AZU;Samsung;Galaxy A57 5G;Tapa trasera;Azul marino (Awesome Navy);6,55;;;6
SA-A576-TAP-COM-GRI;Samsung;Galaxy A57 5G;Tapa trasera;Gris (Awesome Gray);6,55;;;6
SA-A576-TAP-COM-LIL;Samsung;Galaxy A57 5G;Tapa trasera;Lila (Awesome Lilac);6,55;;;6
SA-A576-TAP-COM-AHI;Samsung;Galaxy A57 5G;Tapa trasera;Azul hielo (Awesome Icyblue);6,55;;;6
SA-A576-CTR-COM;Samsung;Galaxy A57 5G;Cámara trasera;Compatible;19,90;19,30;18,71;6
SA-A576-CFR-COM;Samsung;Galaxy A57 5G;Cámara frontal;Compatible;12,15;11,79;11,42;6
SA-A576-LEN-COM;Samsung;Galaxy A57 5G;Lente de cámara;Compatible;3,80;;;6
SA-A576-ALT-COM;Samsung;Galaxy A57 5G;Altavoz;Compatible;6,35;;;6
SA-A576-AUR-COM;Samsung;Galaxy A57 5G;Auricular de llamada;Compatible;5,60;;;6
SA-A576-FLX-COM;Samsung;Galaxy A57 5G;Flex de encendido y volumen;Compatible;4,25;;;6
SA-A576-SIM-COM;Samsung;Galaxy A57 5G;Bandeja SIM;Compatible;3,89;;;6
SA-A276-PAN-ORI;Samsung;Galaxy A27 5G;Pantalla;Original con marco;59,29;57,51;55,73;12
SA-A276-PAN-OLS;Samsung;Galaxy A27 5G;Pantalla;OLED Soft;48,95;47,48;46,01;6
SA-A276-PAN-OLH;Samsung;Galaxy A27 5G;Pantalla;OLED Hard;45,90;44,52;43,15;6
SA-A276-PAN-INC;Samsung;Galaxy A27 5G;Pantalla;Incell;24,09;23,37;22,64;6
SA-A276-BAT-ORI;Samsung;Galaxy A27 5G;Batería;Original;23,35;22,65;21,95;12
SA-A276-BAT-COM;Samsung;Galaxy A27 5G;Batería;Compatible;11,19;10,85;10,52;6
SA-A276-CON-ORI;Samsung;Galaxy A27 5G;Conector de carga;Original;22,45;21,78;21,10;12
SA-A276-CON-COM;Samsung;Galaxy A27 5G;Conector de carga;Compatible;9,39;;;6
SA-A276-TAP-COM-NEG;Samsung;Galaxy A27 5G;Tapa trasera;Negro;6,45;;;6
SA-A276-TAP-COM-AZU;Samsung;Galaxy A27 5G;Tapa trasera;Azul;6,45;;;6
SA-A276-TAP-COM-ROS;Samsung;Galaxy A27 5G;Tapa trasera;Rosa claro;6,45;;;6
SA-A276-TAP-COM-VER;Samsung;Galaxy A27 5G;Tapa trasera;Verde claro;6,45;;;6
SA-A276-CTR-COM;Samsung;Galaxy A27 5G;Cámara trasera;Compatible;16,39;15,90;15,41;6
SA-A276-CFR-COM;Samsung;Galaxy A27 5G;Cámara frontal;Compatible;11,45;11,11;10,76;6
SA-A276-LEN-COM;Samsung;Galaxy A27 5G;Lente de cámara;Compatible;3,19;;;6
SA-A276-ALT-COM;Samsung;Galaxy A27 5G;Altavoz;Compatible;5,75;;;6
SA-A276-AUR-COM;Samsung;Galaxy A27 5G;Auricular de llamada;Compatible;4,50;;;6
SA-A276-FLX-COM;Samsung;Galaxy A27 5G;Flex de encendido y volumen;Compatible;3,29;;;6
SA-A276-SIM-COM;Samsung;Galaxy A27 5G;Bandeja SIM;Compatible;3,35;;;6
SA-M205-PAN-ORI;Samsung;Galaxy M20;Pantalla;Original con marco;37,45;36,33;35,20;12
SA-M205-PAN-COM;Samsung;Galaxy M20;Pantalla;Compatible;17,05;16,54;16,03;6
SA-M205-BAT-ORI;Samsung;Galaxy M20;Batería;Original;21,70;21,05;20,40;12
SA-M205-BAT-COM;Samsung;Galaxy M20;Batería;Compatible;12,10;11,74;11,37;6
SA-M205-CON-ORI;Samsung;Galaxy M20;Conector de carga;Original;17,25;16,73;16,22;12
SA-M205-CON-COM;Samsung;Galaxy M20;Conector de carga;Compatible;6,95;;;6
SA-M205-TAP-COM;Samsung;Galaxy M20;Tapa trasera;Compatible;5,70;;;6
SA-M205-CTR-COM;Samsung;Galaxy M20;Cámara trasera;Compatible;10,59;10,27;9,95;6
SA-M205-CFR-COM;Samsung;Galaxy M20;Cámara frontal;Compatible;7,15;;;6
SA-M205-LEN-COM;Samsung;Galaxy M20;Lente de cámara;Compatible;2,49;;;6
SA-M205-ALT-COM;Samsung;Galaxy M20;Altavoz;Compatible;4,55;;;6
SA-M205-AUR-COM;Samsung;Galaxy M20;Auricular de llamada;Compatible;3,19;;;6
SA-M205-FLX-COM;Samsung;Galaxy M20;Flex de encendido y volumen;Compatible;2,85;;;6
SA-M205-SIM-COM;Samsung;Galaxy M20;Bandeja SIM;Compatible;2,89;;;6
SA-M307-PAN-ORI;Samsung;Galaxy M30s;Pantalla;Original con marco;52,60;51,02;49,44;12
SA-M307-PAN-INC;Samsung;Galaxy M30s;Pantalla;Incell;20,50;19,88;19,27;6
SA-M307-BAT-ORI;Samsung;Galaxy M30s;Batería;Original;21,70;21,05;20,40;12
SA-M307-BAT-COM;Samsung;Galaxy M30s;Batería;Compatible;12,10;11,74;11,37;6
SA-M307-CON-ORI;Samsung;Galaxy M30s;Conector de carga;Original;17,25;16,73;16,22;12
SA-M307-CON-COM;Samsung;Galaxy M30s;Conector de carga;Compatible;6,95;;;6
SA-M307-TAP-COM;Samsung;Galaxy M30s;Tapa trasera;Compatible;5,70;;;6
SA-M307-CTR-COM;Samsung;Galaxy M30s;Cámara trasera;Compatible;10,59;10,27;9,95;6
SA-M307-CFR-COM;Samsung;Galaxy M30s;Cámara frontal;Compatible;7,15;;;6
SA-M307-LEN-COM;Samsung;Galaxy M30s;Lente de cámara;Compatible;2,49;;;6
SA-M307-ALT-COM;Samsung;Galaxy M30s;Altavoz;Compatible;4,55;;;6
SA-M307-AUR-COM;Samsung;Galaxy M30s;Auricular de llamada;Compatible;3,19;;;6
SA-M307-FLX-COM;Samsung;Galaxy M30s;Flex de encendido y volumen;Compatible;2,85;;;6
SA-M307-SIM-COM;Samsung;Galaxy M30s;Bandeja SIM;Compatible;2,89;;;6
SA-M115-PAN-ORI;Samsung;Galaxy M11;Pantalla;Original con marco;34,65;33,61;32,57;12
SA-M115-PAN-COM;Samsung;Galaxy M11;Pantalla;Compatible;15,65;15,18;14,71;6
SA-M115-BAT-ORI;Samsung;Galaxy M11;Batería;Original;16,85;16,34;15,84;12
SA-M115-BAT-COM;Samsung;Galaxy M11;Batería;Compatible;9,55;;;6
SA-M115-CON-ORI;Samsung;Galaxy M11;Conector de carga;Original;13,30;12,90;12,50;12
SA-M115-CON-COM;Samsung;Galaxy M11;Conector de carga;Compatible;5,35;;;6
SA-M115-TAP-COM-NEG;Samsung;Galaxy M11;Tapa trasera;Negro;5,20;;;6
SA-M115-TAP-COM-VIO;Samsung;Galaxy M11;Tapa trasera;Violeta;5,20;;;6
SA-M115-TAP-COM-AZU;Samsung;Galaxy M11;Tapa trasera;Azul metálico;5,20;;;6
SA-M115-CTR-COM;Samsung;Galaxy M11;Cámara trasera;Compatible;7,59;;;6
SA-M115-CFR-COM;Samsung;Galaxy M11;Cámara frontal;Compatible;4,95;;;6
SA-M115-LEN-COM;Samsung;Galaxy M11;Lente de cámara;Compatible;2,59;;;6
SA-M115-ALT-COM;Samsung;Galaxy M11;Altavoz;Compatible;4,10;;;6
SA-M115-AUR-COM;Samsung;Galaxy M11;Auricular de llamada;Compatible;2,95;;;6
SA-M115-FLX-COM;Samsung;Galaxy M11;Flex de encendido y volumen;Compatible;2,69;;;6
SA-M115-SIM-COM;Samsung;Galaxy M11;Bandeja SIM;Compatible;3,10;;;6
SA-M215-PAN-ORI;Samsung;Galaxy M21;Pantalla;Original con marco;51,69;50,14;48,59;12
SA-M215-PAN-INC;Samsung;Galaxy M21;Pantalla;Incell;21,75;21,10;20,45;6
SA-M215-BAT-ORI;Samsung;Galaxy M21;Batería;Original;19,70;19,11;18,52;12
SA-M215-BAT-COM;Samsung;Galaxy M21;Batería;Compatible;10,35;10,04;9,73;6
SA-M215-CON-ORI;Samsung;Galaxy M21;Conector de carga;Original;16,50;16,01;15,51;12
SA-M215-CON-COM;Samsung;Galaxy M21;Conector de carga;Compatible;6,65;;;6
SA-M215-TAP-COM;Samsung;Galaxy M21;Tapa trasera;Compatible;5,85;;;6
SA-M215-CTR-COM;Samsung;Galaxy M21;Cámara trasera;Compatible;8,60;;;6
SA-M215-CFR-COM;Samsung;Galaxy M21;Cámara frontal;Compatible;5,25;;;6
SA-M215-LEN-COM;Samsung;Galaxy M21;Lente de cámara;Compatible;2,50;;;6
SA-M215-ALT-COM;Samsung;Galaxy M21;Altavoz;Compatible;4,20;;;6
SA-M215-AUR-COM;Samsung;Galaxy M21;Auricular de llamada;Compatible;2,90;;;6
SA-M215-FLX-COM;Samsung;Galaxy M21;Flex de encendido y volumen;Compatible;2,60;;;6
SA-M215-SIM-COM;Samsung;Galaxy M21;Bandeja SIM;Compatible;2,95;;;6
SA-M315-PAN-ORI;Samsung;Galaxy M31;Pantalla;Original con marco;51,69;50,14;48,59;12
SA-M315-PAN-INC;Samsung;Galaxy M31;Pantalla;Incell;21,75;21,10;20,45;6
SA-M315-BAT-ORI;Samsung;Galaxy M31;Batería;Original;19,70;19,11;18,52;12
SA-M315-BAT-COM;Samsung;Galaxy M31;Batería;Compatible;10,35;10,04;9,73;6
SA-M315-CON-ORI;Samsung;Galaxy M31;Conector de carga;Original;16,50;16,01;15,51;12
SA-M315-CON-COM;Samsung;Galaxy M31;Conector de carga;Compatible;6,65;;;6
SA-M315-TAP-COM-AZU;Samsung;Galaxy M31;Tapa trasera;Azul (Ocean Blue);5,85;;;6
SA-M315-TAP-COM-NEG;Samsung;Galaxy M31;Tapa trasera;Negro espacial;5,85;;;6
SA-M315-TAP-COM-ROJ;Samsung;Galaxy M31;Tapa trasera;Rojo;5,85;;;6
SA-M315-CTR-COM;Samsung;Galaxy M31;Cámara trasera;Compatible;8,60;;;6
SA-M315-CFR-COM;Samsung;Galaxy M31;Cámara frontal;Compatible;5,25;;;6
SA-M315-LEN-COM;Samsung;Galaxy M31;Lente de cámara;Compatible;2,50;;;6
SA-M315-ALT-COM;Samsung;Galaxy M31;Altavoz;Compatible;4,20;;;6
SA-M315-AUR-COM;Samsung;Galaxy M31;Auricular de llamada;Compatible;2,90;;;6
SA-M315-FLX-COM;Samsung;Galaxy M31;Flex de encendido y volumen;Compatible;2,60;;;6
SA-M315-SIM-COM;Samsung;Galaxy M31;Bandeja SIM;Compatible;2,95;;;6
SA-M317-PAN-COM;Samsung;Galaxy M31s;Pantalla;Compatible;18,10;17,56;17,01;6
SA-M317-BAT-ORI;Samsung;Galaxy M31s;Batería;Original;19,70;19,11;18,52;12
SA-M317-BAT-COM;Samsung;Galaxy M31s;Batería;Compatible;10,35;10,04;9,73;6
SA-M317-CON-ORI;Samsung;Galaxy M31s;Conector de carga;Original;16,50;16,01;15,51;12
SA-M317-CON-COM;Samsung;Galaxy M31s;Conector de carga;Compatible;6,65;;;6
SA-M317-TAP-COM;Samsung;Galaxy M31s;Tapa trasera;Compatible;5,85;;;6
SA-M317-CTR-COM;Samsung;Galaxy M31s;Cámara trasera;Compatible;8,60;;;6
SA-M317-CFR-COM;Samsung;Galaxy M31s;Cámara frontal;Compatible;5,25;;;6
SA-M317-LEN-COM;Samsung;Galaxy M31s;Lente de cámara;Compatible;2,50;;;6
SA-M317-ALT-COM;Samsung;Galaxy M31s;Altavoz;Compatible;4,20;;;6
SA-M317-AUR-COM;Samsung;Galaxy M31s;Auricular de llamada;Compatible;2,90;;;6
SA-M317-FLX-COM;Samsung;Galaxy M31s;Flex de encendido y volumen;Compatible;2,60;;;6
SA-M317-SIM-COM;Samsung;Galaxy M31s;Bandeja SIM;Compatible;2,95;;;6
SA-M515-PAN-ORI;Samsung;Galaxy M51;Pantalla;Original con marco;63,35;61,45;59,55;12
SA-M515-PAN-INC;Samsung;Galaxy M51;Pantalla;Incell;20,95;20,32;19,69;6
SA-M515-BAT-ORI;Samsung;Galaxy M51;Batería;Original;22,50;21,83;21,15;12
SA-M515-BAT-COM;Samsung;Galaxy M51;Batería;Compatible;11,15;10,82;10,48;6
SA-M515-CON-ORI;Samsung;Galaxy M51;Conector de carga;Original;15,40;14,94;14,48;12
SA-M515-CON-COM;Samsung;Galaxy M51;Conector de carga;Compatible;6,19;;;6
SA-M515-TAP-COM;Samsung;Galaxy M51;Tapa trasera;Compatible;5,90;;;6
SA-M515-CTR-COM;Samsung;Galaxy M51;Cámara trasera;Compatible;10,45;10,14;9,82;6
SA-M515-CFR-COM;Samsung;Galaxy M51;Cámara frontal;Compatible;5,59;;;6
SA-M515-LEN-COM;Samsung;Galaxy M51;Lente de cámara;Compatible;3,00;;;6
SA-M515-ALT-COM;Samsung;Galaxy M51;Altavoz;Compatible;4,65;;;6
SA-M515-AUR-COM;Samsung;Galaxy M51;Auricular de llamada;Compatible;3,60;;;6
SA-M515-FLX-COM;Samsung;Galaxy M51;Flex de encendido y volumen;Compatible;3,40;;;6
SA-M515-SIM-COM;Samsung;Galaxy M51;Bandeja SIM;Compatible;3,39;;;6
SA-M127-PAN-ORI;Samsung;Galaxy M12;Pantalla;Original con marco;34,65;33,61;32,57;12
SA-M127-PAN-COM;Samsung;Galaxy M12;Pantalla;Compatible;15,65;15,18;14,71;6
SA-M127-BAT-ORI;Samsung;Galaxy M12;Batería;Original;16,85;16,34;15,84;12
SA-M127-BAT-COM;Samsung;Galaxy M12;Batería;Compatible;9,55;;;6
SA-M127-CON-ORI;Samsung;Galaxy M12;Conector de carga;Original;13,30;12,90;12,50;12
SA-M127-CON-COM;Samsung;Galaxy M12;Conector de carga;Compatible;5,35;;;6
SA-M127-TAP-COM-NEG;Samsung;Galaxy M12;Tapa trasera;Negro;5,20;;;6
SA-M127-TAP-COM-AZU;Samsung;Galaxy M12;Tapa trasera;Azul;5,20;;;6
SA-M127-TAP-COM-VER;Samsung;Galaxy M12;Tapa trasera;Verde;5,20;;;6
SA-M127-CTR-COM;Samsung;Galaxy M12;Cámara trasera;Compatible;7,59;;;6
SA-M127-CFR-COM;Samsung;Galaxy M12;Cámara frontal;Compatible;4,95;;;6
SA-M127-LEN-COM;Samsung;Galaxy M12;Lente de cámara;Compatible;2,59;;;6
SA-M127-ALT-COM;Samsung;Galaxy M12;Altavoz;Compatible;4,10;;;6
SA-M127-AUR-COM;Samsung;Galaxy M12;Auricular de llamada;Compatible;2,95;;;6
SA-M127-FLX-COM;Samsung;Galaxy M12;Flex de encendido y volumen;Compatible;2,69;;;6
SA-M127-SIM-COM;Samsung;Galaxy M12;Bandeja SIM;Compatible;3,10;;;6
SA-M325-PAN-ORI;Samsung;Galaxy M32;Pantalla;Original con marco;51,69;50,14;48,59;12
SA-M325-PAN-INC;Samsung;Galaxy M32;Pantalla;Incell;21,75;21,10;20,45;6
SA-M325-BAT-ORI;Samsung;Galaxy M32;Batería;Original;19,70;19,11;18,52;12
SA-M325-BAT-COM;Samsung;Galaxy M32;Batería;Compatible;10,35;10,04;9,73;6
SA-M325-CON-ORI;Samsung;Galaxy M32;Conector de carga;Original;16,50;16,01;15,51;12
SA-M325-CON-COM;Samsung;Galaxy M32;Conector de carga;Compatible;6,65;;;6
SA-M325-TAP-COM-NEG;Samsung;Galaxy M32;Tapa trasera;Negro;5,85;;;6
SA-M325-TAP-COM-AZU;Samsung;Galaxy M32;Tapa trasera;Azul claro;5,85;;;6
SA-M325-CTR-COM;Samsung;Galaxy M32;Cámara trasera;Compatible;8,60;;;6
SA-M325-CFR-COM;Samsung;Galaxy M32;Cámara frontal;Compatible;5,25;;;6
SA-M325-LEN-COM;Samsung;Galaxy M32;Lente de cámara;Compatible;2,50;;;6
SA-M325-ALT-COM;Samsung;Galaxy M32;Altavoz;Compatible;4,20;;;6
SA-M325-AUR-COM;Samsung;Galaxy M32;Auricular de llamada;Compatible;2,90;;;6
SA-M325-FLX-COM;Samsung;Galaxy M32;Flex de encendido y volumen;Compatible;2,60;;;6
SA-M325-SIM-COM;Samsung;Galaxy M32;Bandeja SIM;Compatible;2,95;;;6
SA-M225-PAN-ORI;Samsung;Galaxy M22;Pantalla;Original con marco;51,69;50,14;48,59;12
SA-M225-PAN-INC;Samsung;Galaxy M22;Pantalla;Incell;21,75;21,10;20,45;6
SA-M225-BAT-ORI;Samsung;Galaxy M22;Batería;Original;19,70;19,11;18,52;12
SA-M225-BAT-COM;Samsung;Galaxy M22;Batería;Compatible;10,35;10,04;9,73;6
SA-M225-CON-ORI;Samsung;Galaxy M22;Conector de carga;Original;16,50;16,01;15,51;12
SA-M225-CON-COM;Samsung;Galaxy M22;Conector de carga;Compatible;6,65;;;6
SA-M225-TAP-COM;Samsung;Galaxy M22;Tapa trasera;Compatible;5,85;;;6
SA-M225-CTR-COM;Samsung;Galaxy M22;Cámara trasera;Compatible;8,60;;;6
SA-M225-CFR-COM;Samsung;Galaxy M22;Cámara frontal;Compatible;5,25;;;6
SA-M225-LEN-COM;Samsung;Galaxy M22;Lente de cámara;Compatible;2,50;;;6
SA-M225-ALT-COM;Samsung;Galaxy M22;Altavoz;Compatible;4,20;;;6
SA-M225-AUR-COM;Samsung;Galaxy M22;Auricular de llamada;Compatible;2,90;;;6
SA-M225-FLX-COM;Samsung;Galaxy M22;Flex de encendido y volumen;Compatible;2,60;;;6
SA-M225-SIM-COM;Samsung;Galaxy M22;Bandeja SIM;Compatible;2,95;;;6
SA-M526-PAN-ORI;Samsung;Galaxy M52 5G;Pantalla;Original con marco;63,35;61,45;59,55;12
SA-M526-PAN-INC;Samsung;Galaxy M52 5G;Pantalla;Incell;20,95;20,32;19,69;6
SA-M526-BAT-ORI;Samsung;Galaxy M52 5G;Batería;Original;22,50;21,83;21,15;12
SA-M526-BAT-COM;Samsung;Galaxy M52 5G;Batería;Compatible;11,15;10,82;10,48;6
SA-M526-CON-ORI;Samsung;Galaxy M52 5G;Conector de carga;Original;15,40;14,94;14,48;12
SA-M526-CON-COM;Samsung;Galaxy M52 5G;Conector de carga;Compatible;6,19;;;6
SA-M526-TAP-COM-AZU;Samsung;Galaxy M52 5G;Tapa trasera;Azul hielo;5,90;;;6
SA-M526-TAP-COM-NEG;Samsung;Galaxy M52 5G;Tapa trasera;Negro intenso;5,90;;;6
SA-M526-TAP-COM-BLA;Samsung;Galaxy M52 5G;Tapa trasera;Blanco;5,90;;;6
SA-M526-CTR-COM;Samsung;Galaxy M52 5G;Cámara trasera;Compatible;10,45;10,14;9,82;6
SA-M526-CFR-COM;Samsung;Galaxy M52 5G;Cámara frontal;Compatible;5,59;;;6
SA-M526-LEN-COM;Samsung;Galaxy M52 5G;Lente de cámara;Compatible;3,00;;;6
SA-M526-ALT-COM;Samsung;Galaxy M52 5G;Altavoz;Compatible;4,65;;;6
SA-M526-AUR-COM;Samsung;Galaxy M52 5G;Auricular de llamada;Compatible;3,60;;;6
SA-M526-FLX-COM;Samsung;Galaxy M52 5G;Flex de encendido y volumen;Compatible;3,40;;;6
SA-M526-SIM-COM;Samsung;Galaxy M52 5G;Bandeja SIM;Compatible;3,39;;;6
SA-M236-PAN-ORI;Samsung;Galaxy M23 5G;Pantalla;Original con marco;51,69;50,14;48,59;12
SA-M236-PAN-COM;Samsung;Galaxy M23 5G;Pantalla;Compatible;18,10;17,56;17,01;6
SA-M236-BAT-ORI;Samsung;Galaxy M23 5G;Batería;Original;19,70;19,11;18,52;12
SA-M236-BAT-COM;Samsung;Galaxy M23 5G;Batería;Compatible;10,35;10,04;9,73;6
SA-M236-CON-ORI;Samsung;Galaxy M23 5G;Conector de carga;Original;16,50;16,01;15,51;12
SA-M236-CON-COM;Samsung;Galaxy M23 5G;Conector de carga;Compatible;6,65;;;6
SA-M236-TAP-COM-VER;Samsung;Galaxy M23 5G;Tapa trasera;Verde intenso;5,85;;;6
SA-M236-TAP-COM-AZU;Samsung;Galaxy M23 5G;Tapa trasera;Azul claro;5,85;;;6
SA-M236-TAP-COM-COB;Samsung;Galaxy M23 5G;Tapa trasera;Cobre (Orange Copper);5,85;;;6
SA-M236-CTR-COM;Samsung;Galaxy M23 5G;Cámara trasera;Compatible;8,60;;;6
SA-M236-CFR-COM;Samsung;Galaxy M23 5G;Cámara frontal;Compatible;5,25;;;6
SA-M236-LEN-COM;Samsung;Galaxy M23 5G;Lente de cámara;Compatible;2,50;;;6
SA-M236-ALT-COM;Samsung;Galaxy M23 5G;Altavoz;Compatible;4,20;;;6
SA-M236-AUR-COM;Samsung;Galaxy M23 5G;Auricular de llamada;Compatible;2,90;;;6
SA-M236-FLX-COM;Samsung;Galaxy M23 5G;Flex de encendido y volumen;Compatible;2,60;;;6
SA-M236-SIM-COM;Samsung;Galaxy M23 5G;Bandeja SIM;Compatible;2,95;;;6
SA-M336-PAN-ORI;Samsung;Galaxy M33 5G;Pantalla;Original con marco;51,69;50,14;48,59;12
SA-M336-PAN-COM;Samsung;Galaxy M33 5G;Pantalla;Compatible;18,10;17,56;17,01;6
SA-M336-BAT-ORI;Samsung;Galaxy M33 5G;Batería;Original;19,70;19,11;18,52;12
SA-M336-BAT-COM;Samsung;Galaxy M33 5G;Batería;Compatible;10,35;10,04;9,73;6
SA-M336-CON-ORI;Samsung;Galaxy M33 5G;Conector de carga;Original;16,50;16,01;15,51;12
SA-M336-CON-COM;Samsung;Galaxy M33 5G;Conector de carga;Compatible;6,65;;;6
SA-M336-TAP-COM-AZU;Samsung;Galaxy M33 5G;Tapa trasera;Azul (Deep Ocean Blue);5,85;;;6
SA-M336-TAP-COM-VER;Samsung;Galaxy M33 5G;Tapa trasera;Verde (Mystique Green);5,85;;;6
SA-M336-TAP-COM-MAR;Samsung;Galaxy M33 5G;Tapa trasera;Marrón (Emerald Brown);5,85;;;6
SA-M336-CTR-COM;Samsung;Galaxy M33 5G;Cámara trasera;Compatible;8,60;;;6
SA-M336-CFR-COM;Samsung;Galaxy M33 5G;Cámara frontal;Compatible;5,25;;;6
SA-M336-LEN-COM;Samsung;Galaxy M33 5G;Lente de cámara;Compatible;2,50;;;6
SA-M336-ALT-COM;Samsung;Galaxy M33 5G;Altavoz;Compatible;4,20;;;6
SA-M336-AUR-COM;Samsung;Galaxy M33 5G;Auricular de llamada;Compatible;2,90;;;6
SA-M336-FLX-COM;Samsung;Galaxy M33 5G;Flex de encendido y volumen;Compatible;2,60;;;6
SA-M336-SIM-COM;Samsung;Galaxy M33 5G;Bandeja SIM;Compatible;2,95;;;6
SA-M536-PAN-ORI;Samsung;Galaxy M53 5G;Pantalla;Original con marco;63,35;61,45;59,55;12
SA-M536-PAN-INC;Samsung;Galaxy M53 5G;Pantalla;Incell;20,95;20,32;19,69;6
SA-M536-BAT-ORI;Samsung;Galaxy M53 5G;Batería;Original;22,50;21,83;21,15;12
SA-M536-BAT-COM;Samsung;Galaxy M53 5G;Batería;Compatible;11,15;10,82;10,48;6
SA-M536-CON-ORI;Samsung;Galaxy M53 5G;Conector de carga;Original;15,40;14,94;14,48;12
SA-M536-CON-COM;Samsung;Galaxy M53 5G;Conector de carga;Compatible;6,19;;;6
SA-M536-TAP-COM-VER;Samsung;Galaxy M53 5G;Tapa trasera;Verde;5,90;;;6
SA-M536-TAP-COM-AZU;Samsung;Galaxy M53 5G;Tapa trasera;Azul;5,90;;;6
SA-M536-TAP-COM-MAR;Samsung;Galaxy M53 5G;Tapa trasera;Marrón;5,90;;;6
SA-M536-CTR-COM;Samsung;Galaxy M53 5G;Cámara trasera;Compatible;10,45;10,14;9,82;6
SA-M536-CFR-COM;Samsung;Galaxy M53 5G;Cámara frontal;Compatible;5,59;;;6
SA-M536-LEN-COM;Samsung;Galaxy M53 5G;Lente de cámara;Compatible;3,00;;;6
SA-M536-ALT-COM;Samsung;Galaxy M53 5G;Altavoz;Compatible;4,65;;;6
SA-M536-AUR-COM;Samsung;Galaxy M53 5G;Auricular de llamada;Compatible;3,60;;;6
SA-M536-FLX-COM;Samsung;Galaxy M53 5G;Flex de encendido y volumen;Compatible;3,40;;;6
SA-M536-SIM-COM;Samsung;Galaxy M53 5G;Bandeja SIM;Compatible;3,39;;;6
SA-M135-PAN-ORI;Samsung;Galaxy M13;Pantalla;Original con marco;34,65;33,61;32,57;12
SA-M135-PAN-COM;Samsung;Galaxy M13;Pantalla;Compatible;15,65;15,18;14,71;6
SA-M135-BAT-ORI;Samsung;Galaxy M13;Batería;Original;16,85;16,34;15,84;12
SA-M135-BAT-COM;Samsung;Galaxy M13;Batería;Compatible;9,55;;;6
SA-M135-CON-ORI;Samsung;Galaxy M13;Conector de carga;Original;13,30;12,90;12,50;12
SA-M135-CON-COM;Samsung;Galaxy M13;Conector de carga;Compatible;5,35;;;6
SA-M135-TAP-COM;Samsung;Galaxy M13;Tapa trasera;Compatible;5,20;;;6
SA-M135-CTR-COM;Samsung;Galaxy M13;Cámara trasera;Compatible;7,59;;;6
SA-M135-CFR-COM;Samsung;Galaxy M13;Cámara frontal;Compatible;4,95;;;6
SA-M135-LEN-COM;Samsung;Galaxy M13;Lente de cámara;Compatible;2,59;;;6
SA-M135-ALT-COM;Samsung;Galaxy M13;Altavoz;Compatible;4,10;;;6
SA-M135-AUR-COM;Samsung;Galaxy M13;Auricular de llamada;Compatible;2,95;;;6
SA-M135-FLX-COM;Samsung;Galaxy M13;Flex de encendido y volumen;Compatible;2,69;;;6
SA-M135-SIM-COM;Samsung;Galaxy M13;Bandeja SIM;Compatible;3,10;;;6
SA-M156-PAN-ORI;Samsung;Galaxy M15 5G;Pantalla;Original con marco;50,25;48,74;47,24;12
SA-M156-PAN-INC;Samsung;Galaxy M15 5G;Pantalla;Incell;20,00;19,40;18,80;6
SA-M156-BAT-ORI;Samsung;Galaxy M15 5G;Batería;Original;19,50;18,92;18,33;12
SA-M156-BAT-COM;Samsung;Galaxy M15 5G;Batería;Compatible;10,90;10,57;10,25;6
SA-M156-CON-ORI;Samsung;Galaxy M15 5G;Conector de carga;Original;15,20;14,74;14,29;12
SA-M156-CON-COM;Samsung;Galaxy M15 5G;Conector de carga;Compatible;6,10;;;6
SA-M156-TAP-COM-AZU;Samsung;Galaxy M15 5G;Tapa trasera;Azul oscuro;5,85;;;6
SA-M156-TAP-COM-ACL;Samsung;Galaxy M15 5G;Tapa trasera;Azul claro;5,85;;;6
SA-M156-TAP-COM-GRI;Samsung;Galaxy M15 5G;Tapa trasera;Gris;5,85;;;6
SA-M156-CTR-COM;Samsung;Galaxy M15 5G;Cámara trasera;Compatible;10,60;10,28;9,96;6
SA-M156-CFR-COM;Samsung;Galaxy M15 5G;Cámara frontal;Compatible;7,25;;;6
SA-M156-LEN-COM;Samsung;Galaxy M15 5G;Lente de cámara;Compatible;2,70;;;6
SA-M156-ALT-COM;Samsung;Galaxy M15 5G;Altavoz;Compatible;4,40;;;6
SA-M156-AUR-COM;Samsung;Galaxy M15 5G;Auricular de llamada;Compatible;3,20;;;6
SA-M156-FLX-COM;Samsung;Galaxy M15 5G;Flex de encendido y volumen;Compatible;3,25;;;6
SA-M156-SIM-COM;Samsung;Galaxy M15 5G;Bandeja SIM;Compatible;3,05;;;6
SA-M356-PAN-ORI;Samsung;Galaxy M35 5G;Pantalla;Original con marco;59,75;57,96;56,17;12
SA-M356-PAN-INC;Samsung;Galaxy M35 5G;Pantalla;Incell;23,15;22,46;21,76;6
SA-M356-BAT-ORI;Samsung;Galaxy M35 5G;Batería;Original;22,85;22,16;21,48;12
SA-M356-BAT-COM;Samsung;Galaxy M35 5G;Batería;Compatible;11,80;11,45;11,09;6
SA-M356-CON-ORI;Samsung;Galaxy M35 5G;Conector de carga;Original;18,85;18,28;17,72;12
SA-M356-CON-COM;Samsung;Galaxy M35 5G;Conector de carga;Compatible;7,59;;;6
SA-M356-TAP-COM-GRI;Samsung;Galaxy M35 5G;Tapa trasera;Gris (Thunder Grey);6,55;;;6
SA-M356-TAP-COM-AZU;Samsung;Galaxy M35 5G;Tapa trasera;Azul (DayBreak Blue);6,55;;;6
SA-M356-TAP-COM-AMO;Samsung;Galaxy M35 5G;Tapa trasera;Azul (Moonlight Blue);6,55;;;6
SA-M356-CTR-COM;Samsung;Galaxy M35 5G;Cámara trasera;Compatible;12,09;11,73;11,36;6
SA-M356-CFR-COM;Samsung;Galaxy M35 5G;Cámara frontal;Compatible;7,70;;;6
SA-M356-LEN-COM;Samsung;Galaxy M35 5G;Lente de cámara;Compatible;2,65;;;6
SA-M356-ALT-COM;Samsung;Galaxy M35 5G;Altavoz;Compatible;4,50;;;6
SA-M356-AUR-COM;Samsung;Galaxy M35 5G;Auricular de llamada;Compatible;3,19;;;6
SA-M356-FLX-COM;Samsung;Galaxy M35 5G;Flex de encendido y volumen;Compatible;3,19;;;6
SA-M356-SIM-COM;Samsung;Galaxy M35 5G;Bandeja SIM;Compatible;2,89;;;6
SA-G398-PAN-ORI;Samsung;Galaxy XCover 4s;Pantalla;Original con marco;37,45;36,33;35,20;12
SA-G398-PAN-COM;Samsung;Galaxy XCover 4s;Pantalla;Compatible;17,05;16,54;16,03;6
SA-G398-BAT-ORI;Samsung;Galaxy XCover 4s;Batería;Original;21,70;21,05;20,40;12
SA-G398-BAT-COM;Samsung;Galaxy XCover 4s;Batería;Compatible;12,10;11,74;11,37;6
SA-G398-CON-ORI;Samsung;Galaxy XCover 4s;Conector de carga;Original;17,25;16,73;16,22;12
SA-G398-CON-COM;Samsung;Galaxy XCover 4s;Conector de carga;Compatible;6,95;;;6
SA-G398-TAP-COM;Samsung;Galaxy XCover 4s;Tapa trasera;Compatible;5,70;;;6
SA-G398-CTR-COM;Samsung;Galaxy XCover 4s;Cámara trasera;Compatible;10,59;10,27;9,95;6
SA-G398-CFR-COM;Samsung;Galaxy XCover 4s;Cámara frontal;Compatible;7,15;;;6
SA-G398-LEN-COM;Samsung;Galaxy XCover 4s;Lente de cámara;Compatible;2,49;;;6
SA-G398-ALT-COM;Samsung;Galaxy XCover 4s;Altavoz;Compatible;4,55;;;6
SA-G398-AUR-COM;Samsung;Galaxy XCover 4s;Auricular de llamada;Compatible;3,19;;;6
SA-G398-FLX-COM;Samsung;Galaxy XCover 4s;Flex de encendido y volumen;Compatible;2,85;;;6
SA-G398-SIM-COM;Samsung;Galaxy XCover 4s;Bandeja SIM;Compatible;2,89;;;6
SA-G715-PAN-ORI;Samsung;Galaxy XCover Pro;Pantalla;Original con marco;41,20;39,96;38,73;12
SA-G715-PAN-COM;Samsung;Galaxy XCover Pro;Pantalla;Compatible;18,10;17,56;17,01;6
SA-G715-BAT-ORI;Samsung;Galaxy XCover Pro;Batería;Original;19,70;19,11;18,52;12
SA-G715-BAT-COM;Samsung;Galaxy XCover Pro;Batería;Compatible;10,35;10,04;9,73;6
SA-G715-CON-ORI;Samsung;Galaxy XCover Pro;Conector de carga;Original;16,50;16,01;15,51;12
SA-G715-CON-COM;Samsung;Galaxy XCover Pro;Conector de carga;Compatible;6,65;;;6
SA-G715-TAP-COM;Samsung;Galaxy XCover Pro;Tapa trasera;Compatible;5,85;;;6
SA-G715-CTR-COM;Samsung;Galaxy XCover Pro;Cámara trasera;Compatible;8,60;;;6
SA-G715-CFR-COM;Samsung;Galaxy XCover Pro;Cámara frontal;Compatible;5,25;;;6
SA-G715-LEN-COM;Samsung;Galaxy XCover Pro;Lente de cámara;Compatible;2,50;;;6
SA-G715-ALT-COM;Samsung;Galaxy XCover Pro;Altavoz;Compatible;4,20;;;6
SA-G715-AUR-COM;Samsung;Galaxy XCover Pro;Auricular de llamada;Compatible;2,90;;;6
SA-G715-FLX-COM;Samsung;Galaxy XCover Pro;Flex de encendido y volumen;Compatible;2,60;;;6
SA-G715-SIM-COM;Samsung;Galaxy XCover Pro;Bandeja SIM;Compatible;2,95;;;6
SA-G525-PAN-ORI;Samsung;Galaxy XCover 5;Pantalla;Original con marco;41,20;39,96;38,73;12
SA-G525-PAN-COM;Samsung;Galaxy XCover 5;Pantalla;Compatible;18,10;17,56;17,01;6
SA-G525-BAT-ORI;Samsung;Galaxy XCover 5;Batería;Original;19,70;19,11;18,52;12
SA-G525-BAT-COM;Samsung;Galaxy XCover 5;Batería;Compatible;10,35;10,04;9,73;6
SA-G525-CON-ORI;Samsung;Galaxy XCover 5;Conector de carga;Original;16,50;16,01;15,51;12
SA-G525-CON-COM;Samsung;Galaxy XCover 5;Conector de carga;Compatible;6,65;;;6
SA-G525-TAP-COM;Samsung;Galaxy XCover 5;Tapa trasera;Compatible;5,85;;;6
SA-G525-CTR-COM;Samsung;Galaxy XCover 5;Cámara trasera;Compatible;8,60;;;6
SA-G525-CFR-COM;Samsung;Galaxy XCover 5;Cámara frontal;Compatible;5,25;;;6
SA-G525-LEN-COM;Samsung;Galaxy XCover 5;Lente de cámara;Compatible;2,50;;;6
SA-G525-ALT-COM;Samsung;Galaxy XCover 5;Altavoz;Compatible;4,20;;;6
SA-G525-AUR-COM;Samsung;Galaxy XCover 5;Auricular de llamada;Compatible;2,90;;;6
SA-G525-FLX-COM;Samsung;Galaxy XCover 5;Flex de encendido y volumen;Compatible;2,60;;;6
SA-G525-SIM-COM;Samsung;Galaxy XCover 5;Bandeja SIM;Compatible;2,95;;;6
SA-G736-PAN-ORI;Samsung;Galaxy XCover 6 Pro;Pantalla;Original con marco;41,20;39,96;38,73;12
SA-G736-PAN-COM;Samsung;Galaxy XCover 6 Pro;Pantalla;Compatible;18,10;17,56;17,01;6
SA-G736-BAT-ORI;Samsung;Galaxy XCover 6 Pro;Batería;Original;19,70;19,11;18,52;12
SA-G736-BAT-COM;Samsung;Galaxy XCover 6 Pro;Batería;Compatible;10,35;10,04;9,73;6
SA-G736-CON-ORI;Samsung;Galaxy XCover 6 Pro;Conector de carga;Original;16,50;16,01;15,51;12
SA-G736-CON-COM;Samsung;Galaxy XCover 6 Pro;Conector de carga;Compatible;6,65;;;6
SA-G736-TAP-COM-NEG;Samsung;Galaxy XCover 6 Pro;Tapa trasera;Negro;5,85;;;6
SA-G736-CTR-COM;Samsung;Galaxy XCover 6 Pro;Cámara trasera;Compatible;8,60;;;6
SA-G736-CFR-COM;Samsung;Galaxy XCover 6 Pro;Cámara frontal;Compatible;5,25;;;6
SA-G736-LEN-COM;Samsung;Galaxy XCover 6 Pro;Lente de cámara;Compatible;2,50;;;6
SA-G736-ALT-COM;Samsung;Galaxy XCover 6 Pro;Altavoz;Compatible;4,20;;;6
SA-G736-AUR-COM;Samsung;Galaxy XCover 6 Pro;Auricular de llamada;Compatible;2,90;;;6
SA-G736-FLX-COM;Samsung;Galaxy XCover 6 Pro;Flex de encendido y volumen;Compatible;2,60;;;6
SA-G736-SIM-COM;Samsung;Galaxy XCover 6 Pro;Bandeja SIM;Compatible;2,95;;;6
SA-G556-PAN-ORI;Samsung;Galaxy XCover 7;Pantalla;Original con marco;42,55;41,27;40,00;12
SA-G556-PAN-COM;Samsung;Galaxy XCover 7;Pantalla;Compatible;19,25;18,67;18,10;6
SA-G556-BAT-ORI;Samsung;Galaxy XCover 7;Batería;Original;22,85;22,16;21,48;12
SA-G556-BAT-COM;Samsung;Galaxy XCover 7;Batería;Compatible;11,45;11,11;10,76;6
SA-G556-CON-ORI;Samsung;Galaxy XCover 7;Conector de carga;Original;18,85;18,28;17,72;12
SA-G556-CON-COM;Samsung;Galaxy XCover 7;Conector de carga;Compatible;7,59;;;6
SA-G556-TAP-COM;Samsung;Galaxy XCover 7;Tapa trasera;Compatible;6,55;;;6
SA-G556-CTR-COM;Samsung;Galaxy XCover 7;Cámara trasera;Compatible;12,09;11,73;11,36;6
SA-G556-CFR-COM;Samsung;Galaxy XCover 7;Cámara frontal;Compatible;7,70;;;6
SA-G556-LEN-COM;Samsung;Galaxy XCover 7;Lente de cámara;Compatible;2,65;;;6
SA-G556-ALT-COM;Samsung;Galaxy XCover 7;Altavoz;Compatible;4,50;;;6
SA-G556-AUR-COM;Samsung;Galaxy XCover 7;Auricular de llamada;Compatible;3,19;;;6
SA-G556-FLX-COM;Samsung;Galaxy XCover 7;Flex de encendido y volumen;Compatible;3,19;;;6
SA-G556-SIM-COM;Samsung;Galaxy XCover 7;Bandeja SIM;Compatible;2,89;;;6
SA-G766-PAN-ORI;Samsung;Galaxy XCover 7 Pro;Pantalla;Original con marco;44,20;42,87;41,55;12
SA-G766-PAN-COM;Samsung;Galaxy XCover 7 Pro;Pantalla;Compatible;20,29;19,68;19,07;6
SA-G766-BAT-ORI;Samsung;Galaxy XCover 7 Pro;Batería;Original;22,99;22,30;21,61;12
SA-G766-BAT-COM;Samsung;Galaxy XCover 7 Pro;Batería;Compatible;11,45;11,11;10,76;6
SA-G766-CON-ORI;Samsung;Galaxy XCover 7 Pro;Conector de carga;Original;22,50;21,83;21,15;12
SA-G766-CON-COM;Samsung;Galaxy XCover 7 Pro;Conector de carga;Compatible;9,05;;;6
SA-G766-TAP-COM;Samsung;Galaxy XCover 7 Pro;Tapa trasera;Compatible;7,00;;;6
SA-G766-CTR-COM;Samsung;Galaxy XCover 7 Pro;Cámara trasera;Compatible;16,55;16,05;15,56;6
SA-G766-CFR-COM;Samsung;Galaxy XCover 7 Pro;Cámara frontal;Compatible;10,75;10,43;10,10;6
SA-G766-LEN-COM;Samsung;Galaxy XCover 7 Pro;Lente de cámara;Compatible;3,39;;;6
SA-G766-ALT-COM;Samsung;Galaxy XCover 7 Pro;Altavoz;Compatible;5,95;;;6
SA-G766-AUR-COM;Samsung;Galaxy XCover 7 Pro;Auricular de llamada;Compatible;4,49;;;6
SA-G766-FLX-COM;Samsung;Galaxy XCover 7 Pro;Flex de encendido y volumen;Compatible;3,49;;;6
SA-G766-SIM-COM;Samsung;Galaxy XCover 7 Pro;Bandeja SIM;Compatible;3,45;;;6
SA-A077-PAN-COM;Samsung;Galaxy A07s;Pantalla;Compatible;17,30;16,78;16,26;6
SA-A077-BAT-ORI;Samsung;Galaxy A07s;Batería;Original;19,95;19,35;18,75;12
SA-A077-BAT-COM;Samsung;Galaxy A07s;Batería;Compatible;10,35;10,04;9,73;6
SA-A077-CON-ORI;Samsung;Galaxy A07s;Conector de carga;Original;18,10;17,56;17,01;12
SA-A077-CON-COM;Samsung;Galaxy A07s;Conector de carga;Compatible;7,55;;;6
SA-A077-TAP-COM;Samsung;Galaxy A07s;Tapa trasera;Compatible;5,75;;;6
SA-A077-CTR-COM;Samsung;Galaxy A07s;Cámara trasera;Compatible;14,40;13,97;13,54;6
SA-A077-CFR-COM;Samsung;Galaxy A07s;Cámara frontal;Compatible;10,75;10,43;10,10;6
SA-A077-LEN-COM;Samsung;Galaxy A07s;Lente de cámara;Compatible;3,25;;;6
SA-A077-ALT-COM;Samsung;Galaxy A07s;Altavoz;Compatible;5,65;;;6
SA-A077-AUR-COM;Samsung;Galaxy A07s;Auricular de llamada;Compatible;4,55;;;6
SA-A077-FLX-COM;Samsung;Galaxy A07s;Flex de encendido y volumen;Compatible;3,35;;;6
SA-A077-SIM-COM;Samsung;Galaxy A07s;Bandeja SIM;Compatible;3,55;;;6
SA-A085-PAN-ORI;Samsung;Galaxy A08;Pantalla;Original con marco;42,99;41,70;40,41;12
SA-A085-PAN-COM;Samsung;Galaxy A08;Pantalla;Compatible;17,30;16,78;16,26;6
SA-A085-BAT-ORI;Samsung;Galaxy A08;Batería;Original;19,95;19,35;18,75;12
SA-A085-BAT-COM;Samsung;Galaxy A08;Batería;Compatible;10,35;10,04;9,73;6
SA-A085-CON-ORI;Samsung;Galaxy A08;Conector de carga;Original;18,10;17,56;17,01;12
SA-A085-CON-COM;Samsung;Galaxy A08;Conector de carga;Compatible;7,55;;;6
SA-A085-TAP-COM;Samsung;Galaxy A08;Tapa trasera;Compatible;5,75;;;6
SA-A085-CTR-COM;Samsung;Galaxy A08;Cámara trasera;Compatible;14,40;13,97;13,54;6
SA-A085-CFR-COM;Samsung;Galaxy A08;Cámara frontal;Compatible;10,75;10,43;10,10;6
SA-A085-LEN-COM;Samsung;Galaxy A08;Lente de cámara;Compatible;3,25;;;6
SA-A085-ALT-COM;Samsung;Galaxy A08;Altavoz;Compatible;5,65;;;6
SA-A085-AUR-COM;Samsung;Galaxy A08;Auricular de llamada;Compatible;4,55;;;6
SA-A085-FLX-COM;Samsung;Galaxy A08;Flex de encendido y volumen;Compatible;3,35;;;6
SA-A085-SIM-COM;Samsung;Galaxy A08;Bandeja SIM;Compatible;3,55;;;6
SA-M47-PAN-ORI;Samsung;Galaxy M47;Pantalla;Original con marco;62,10;60,24;58,37;12
SA-M47-PAN-INC;Samsung;Galaxy M47;Pantalla;Incell;24,40;23,67;22,94;6
SA-M47-BAT-ORI;Samsung;Galaxy M47;Batería;Original;22,99;22,30;21,61;12
SA-M47-BAT-COM;Samsung;Galaxy M47;Batería;Compatible;11,15;10,82;10,48;6
SA-M47-CON-ORI;Samsung;Galaxy M47;Conector de carga;Original;22,50;21,83;21,15;12
SA-M47-CON-COM;Samsung;Galaxy M47;Conector de carga;Compatible;9,05;;;6
SA-M47-TAP-COM;Samsung;Galaxy M47;Tapa trasera;Compatible;7,00;;;6
SA-M47-CTR-COM;Samsung;Galaxy M47;Cámara trasera;Compatible;16,55;16,05;15,56;6
SA-M47-CFR-COM;Samsung;Galaxy M47;Cámara frontal;Compatible;10,75;10,43;10,10;6
SA-M47-LEN-COM;Samsung;Galaxy M47;Lente de cámara;Compatible;3,39;;;6
SA-M47-ALT-COM;Samsung;Galaxy M47;Altavoz;Compatible;5,95;;;6
SA-M47-AUR-COM;Samsung;Galaxy M47;Auricular de llamada;Compatible;4,49;;;6
SA-M47-FLX-COM;Samsung;Galaxy M47;Flex de encendido y volumen;Compatible;3,49;;;6
SA-M47-SIM-COM;Samsung;Galaxy M47;Bandeja SIM;Compatible;3,45;;;6
SA-M076-PAN-ORI;Samsung;Galaxy M17e;Pantalla;Original con marco;37,19;36,07;34,96;12
SA-M076-PAN-COM;Samsung;Galaxy M17e;Pantalla;Compatible;17,55;17,02;16,50;6
SA-M076-BAT-ORI;Samsung;Galaxy M17e;Batería;Original;19,65;19,06;18,47;12
SA-M076-BAT-COM;Samsung;Galaxy M17e;Batería;Compatible;10,29;9,98;9,67;6
SA-M076-CON-ORI;Samsung;Galaxy M17e;Conector de carga;Original;18,15;17,61;17,06;12
SA-M076-CON-COM;Samsung;Galaxy M17e;Conector de carga;Compatible;7,29;;;6
SA-M076-TAP-COM;Samsung;Galaxy M17e;Tapa trasera;Compatible;6,25;;;6
SA-M076-CTR-COM;Samsung;Galaxy M17e;Cámara trasera;Compatible;14,55;14,11;13,68;6
SA-M076-CFR-COM;Samsung;Galaxy M17e;Cámara frontal;Compatible;10,05;9,75;9,45;6
SA-M076-LEN-COM;Samsung;Galaxy M17e;Lente de cámara;Compatible;3,49;;;6
SA-M076-ALT-COM;Samsung;Galaxy M17e;Altavoz;Compatible;5,85;;;6
SA-M076-AUR-COM;Samsung;Galaxy M17e;Auricular de llamada;Compatible;4,55;;;6
SA-M076-FLX-COM;Samsung;Galaxy M17e;Flex de encendido y volumen;Compatible;3,55;;;6
SA-M076-SIM-COM;Samsung;Galaxy M17e;Bandeja SIM;Compatible;3,60;;;6
SA-A076-PAN-ORI;Samsung;Galaxy A07 5G;Pantalla;Original con marco;42,99;41,70;40,41;12
SA-A076-PAN-COM;Samsung;Galaxy A07 5G;Pantalla;Compatible;17,30;16,78;16,26;6
SA-A076-BAT-ORI;Samsung;Galaxy A07 5G;Batería;Original;19,95;19,35;18,75;12
SA-A076-BAT-COM;Samsung;Galaxy A07 5G;Batería;Compatible;10,35;10,04;9,73;6
SA-A076-CON-ORI;Samsung;Galaxy A07 5G;Conector de carga;Original;18,10;17,56;17,01;12
SA-A076-CON-COM;Samsung;Galaxy A07 5G;Conector de carga;Compatible;7,55;;;6
SA-A076-TAP-COM;Samsung;Galaxy A07 5G;Tapa trasera;Compatible;5,75;;;6
SA-A076-CTR-COM;Samsung;Galaxy A07 5G;Cámara trasera;Compatible;14,40;13,97;13,54;6
SA-A076-CFR-COM;Samsung;Galaxy A07 5G;Cámara frontal;Compatible;10,75;10,43;10,10;6
SA-A076-LEN-COM;Samsung;Galaxy A07 5G;Lente de cámara;Compatible;3,25;;;6
SA-A076-ALT-COM;Samsung;Galaxy A07 5G;Altavoz;Compatible;5,65;;;6
SA-A076-AUR-COM;Samsung;Galaxy A07 5G;Auricular de llamada;Compatible;4,55;;;6
SA-A076-FLX-COM;Samsung;Galaxy A07 5G;Flex de encendido y volumen;Compatible;3,35;;;6
SA-A076-SIM-COM;Samsung;Galaxy A07 5G;Bandeja SIM;Compatible;3,55;;;6
SA-F968-PAN-ORI;Samsung;Galaxy Z TriFold;Pantalla;Original con marco;354,40;343,77;333,14;12
SA-F968-PAN-COM;Samsung;Galaxy Z TriFold;Pantalla;Compatible;204,15;198,03;191,90;6
SA-F968-PAN-ORI-EXT;Samsung;Galaxy Z TriFold;Pantalla exterior;Original;99,35;96,37;93,39;12
SA-F968-PAN-COM-EXT;Samsung;Galaxy Z TriFold;Pantalla exterior;Compatible;35,75;34,68;33,60;6
SA-F968-BAT-ORI;Samsung;Galaxy Z TriFold;Batería;Original;25,45;24,69;23,92;12
SA-F968-BAT-COM;Samsung;Galaxy Z TriFold;Batería;Compatible;11,49;11,15;10,80;6
SA-F968-CON-ORI;Samsung;Galaxy Z TriFold;Conector de carga;Original;43,20;41,90;40,61;12
SA-F968-CON-COM;Samsung;Galaxy Z TriFold;Conector de carga;Compatible;17,90;17,36;16,83;6
SA-F968-TAP-COM;Samsung;Galaxy Z TriFold;Tapa trasera;Compatible;12,45;12,08;11,70;6
SA-F968-CTR-COM;Samsung;Galaxy Z TriFold;Cámara trasera;Compatible;39,30;38,12;36,94;6
SA-F968-CFR-COM;Samsung;Galaxy Z TriFold;Cámara frontal;Compatible;17,70;17,17;16,64;6
SA-F968-LEN-COM;Samsung;Galaxy Z TriFold;Lente de cámara;Compatible;6,89;;;6
SA-F968-ALT-COM;Samsung;Galaxy Z TriFold;Altavoz;Compatible;12,05;11,69;11,33;6
SA-F968-AUR-COM;Samsung;Galaxy Z TriFold;Auricular de llamada;Compatible;8,90;;;6
SA-F968-FLX-COM;Samsung;Galaxy Z TriFold;Flex de encendido y volumen;Compatible;7,20;;;6
SA-F968-SIM-COM;Samsung;Galaxy Z TriFold;Bandeja SIM;Compatible;6,45;;;6
SA-M075-PAN-ORI;Samsung;Galaxy M07;Pantalla;Original con marco;37,19;36,07;34,96;12
SA-M075-PAN-COM;Samsung;Galaxy M07;Pantalla;Compatible;17,55;17,02;16,50;6
SA-M075-BAT-ORI;Samsung;Galaxy M07;Batería;Original;19,65;19,06;18,47;12
SA-M075-BAT-COM;Samsung;Galaxy M07;Batería;Compatible;10,29;9,98;9,67;6
SA-M075-CON-ORI;Samsung;Galaxy M07;Conector de carga;Original;18,15;17,61;17,06;12
SA-M075-CON-COM;Samsung;Galaxy M07;Conector de carga;Compatible;7,29;;;6
SA-M075-TAP-COM;Samsung;Galaxy M07;Tapa trasera;Compatible;6,25;;;6
SA-M075-CTR-COM;Samsung;Galaxy M07;Cámara trasera;Compatible;14,55;14,11;13,68;6
SA-M075-CFR-COM;Samsung;Galaxy M07;Cámara frontal;Compatible;10,05;9,75;9,45;6
SA-M075-LEN-COM;Samsung;Galaxy M07;Lente de cámara;Compatible;3,49;;;6
SA-M075-ALT-COM;Samsung;Galaxy M07;Altavoz;Compatible;5,85;;;6
SA-M075-AUR-COM;Samsung;Galaxy M07;Auricular de llamada;Compatible;4,55;;;6
SA-M075-FLX-COM;Samsung;Galaxy M07;Flex de encendido y volumen;Compatible;3,55;;;6
SA-M075-SIM-COM;Samsung;Galaxy M07;Bandeja SIM;Compatible;3,60;;;6
SA-M176-PAN-ORI;Samsung;Galaxy M17;Pantalla;Original con marco;52,25;50,68;49,11;12
SA-M176-PAN-INC;Samsung;Galaxy M17;Pantalla;Incell;21,05;20,42;19,79;6
SA-M176-BAT-ORI;Samsung;Galaxy M17;Batería;Original;19,65;19,06;18,47;12
SA-M176-BAT-COM;Samsung;Galaxy M17;Batería;Compatible;10,29;9,98;9,67;6
SA-M176-CON-ORI;Samsung;Galaxy M17;Conector de carga;Original;18,15;17,61;17,06;12
SA-M176-CON-COM;Samsung;Galaxy M17;Conector de carga;Compatible;7,29;;;6
SA-M176-TAP-COM;Samsung;Galaxy M17;Tapa trasera;Compatible;6,25;;;6
SA-M176-CTR-COM;Samsung;Galaxy M17;Cámara trasera;Compatible;14,55;14,11;13,68;6
SA-M176-CFR-COM;Samsung;Galaxy M17;Cámara frontal;Compatible;10,05;9,75;9,45;6
SA-M176-LEN-COM;Samsung;Galaxy M17;Lente de cámara;Compatible;3,49;;;6
SA-M176-ALT-COM;Samsung;Galaxy M17;Altavoz;Compatible;5,85;;;6
SA-M176-AUR-COM;Samsung;Galaxy M17;Auricular de llamada;Compatible;4,55;;;6
SA-M176-FLX-COM;Samsung;Galaxy M17;Flex de encendido y volumen;Compatible;3,55;;;6
SA-M176-SIM-COM;Samsung;Galaxy M17;Bandeja SIM;Compatible;3,60;;;6
SA-M366-PAN-ORI;Samsung;Galaxy M36 5G;Pantalla;Original con marco;62,10;60,24;58,37;12
SA-M366-PAN-INC;Samsung;Galaxy M36 5G;Pantalla;Incell;24,40;23,67;22,94;6
SA-M366-BAT-ORI;Samsung;Galaxy M36 5G;Batería;Original;22,99;22,30;21,61;12
SA-M366-BAT-COM;Samsung;Galaxy M36 5G;Batería;Compatible;11,15;10,82;10,48;6
SA-M366-CON-ORI;Samsung;Galaxy M36 5G;Conector de carga;Original;22,50;21,83;21,15;12
SA-M366-CON-COM;Samsung;Galaxy M36 5G;Conector de carga;Compatible;9,05;;;6
SA-M366-TAP-COM;Samsung;Galaxy M36 5G;Tapa trasera;Compatible;7,00;;;6
SA-M366-CTR-COM;Samsung;Galaxy M36 5G;Cámara trasera;Compatible;16,55;16,05;15,56;6
SA-M366-CFR-COM;Samsung;Galaxy M36 5G;Cámara frontal;Compatible;10,75;10,43;10,10;6
SA-M366-LEN-COM;Samsung;Galaxy M36 5G;Lente de cámara;Compatible;3,39;;;6
SA-M366-ALT-COM;Samsung;Galaxy M36 5G;Altavoz;Compatible;5,95;;;6
SA-M366-AUR-COM;Samsung;Galaxy M36 5G;Auricular de llamada;Compatible;4,49;;;6
SA-M366-FLX-COM;Samsung;Galaxy M36 5G;Flex de encendido y volumen;Compatible;3,49;;;6
SA-M366-SIM-COM;Samsung;Galaxy M36 5G;Bandeja SIM;Compatible;3,45;;;6
SA-M566-PAN-ORI;Samsung;Galaxy M56 5G;Pantalla;Original con marco;67,95;65,91;63,87;12
SA-M566-PAN-INC;Samsung;Galaxy M56 5G;Pantalla;Incell;23,49;22,79;22,08;6
SA-M566-BAT-ORI;Samsung;Galaxy M56 5G;Batería;Original;26,25;25,46;24,67;12
SA-M566-BAT-COM;Samsung;Galaxy M56 5G;Batería;Compatible;12,00;11,64;11,28;6
SA-M566-CON-ORI;Samsung;Galaxy M56 5G;Conector de carga;Original;21,00;20,37;19,74;12
SA-M566-CON-COM;Samsung;Galaxy M56 5G;Conector de carga;Compatible;8,45;;;6
SA-M566-TAP-COM;Samsung;Galaxy M56 5G;Tapa trasera;Compatible;7,10;;;6
SA-M566-CTR-COM;Samsung;Galaxy M56 5G;Cámara trasera;Compatible;20,10;19,50;18,89;6
SA-M566-CFR-COM;Samsung;Galaxy M56 5G;Cámara frontal;Compatible;11,39;11,05;10,71;6
SA-M566-LEN-COM;Samsung;Galaxy M56 5G;Lente de cámara;Compatible;4,05;;;6
SA-M566-ALT-COM;Samsung;Galaxy M56 5G;Altavoz;Compatible;6,59;;;6
SA-M566-AUR-COM;Samsung;Galaxy M56 5G;Auricular de llamada;Compatible;5,55;;;6
SA-M566-FLX-COM;Samsung;Galaxy M56 5G;Flex de encendido y volumen;Compatible;4,50;;;6
SA-M566-SIM-COM;Samsung;Galaxy M56 5G;Bandeja SIM;Compatible;3,95;;;6
SA-A066-PAN-ORI;Samsung;Galaxy A06 5G;Pantalla;Original con marco;35,50;34,44;33,37;12
SA-A066-PAN-COM;Samsung;Galaxy A06 5G;Pantalla;Compatible;17,30;16,78;16,26;6
SA-A066-BAT-ORI;Samsung;Galaxy A06 5G;Batería;Original;19,95;19,35;18,75;12
SA-A066-BAT-COM;Samsung;Galaxy A06 5G;Batería;Compatible;10,35;10,04;9,73;6
SA-A066-CON-ORI;Samsung;Galaxy A06 5G;Conector de carga;Original;18,10;17,56;17,01;12
SA-A066-CON-COM;Samsung;Galaxy A06 5G;Conector de carga;Compatible;7,55;;;6
SA-A066-TAP-COM;Samsung;Galaxy A06 5G;Tapa trasera;Compatible;5,75;;;6
SA-A066-CTR-COM;Samsung;Galaxy A06 5G;Cámara trasera;Compatible;14,40;13,97;13,54;6
SA-A066-CFR-COM;Samsung;Galaxy A06 5G;Cámara frontal;Compatible;10,75;10,43;10,10;6
SA-A066-LEN-COM;Samsung;Galaxy A06 5G;Lente de cámara;Compatible;3,25;;;6
SA-A066-ALT-COM;Samsung;Galaxy A06 5G;Altavoz;Compatible;5,65;;;6
SA-A066-AUR-COM;Samsung;Galaxy A06 5G;Auricular de llamada;Compatible;4,55;;;6
SA-A066-FLX-COM;Samsung;Galaxy A06 5G;Flex de encendido y volumen;Compatible;3,35;;;6
SA-A066-SIM-COM;Samsung;Galaxy A06 5G;Bandeja SIM;Compatible;3,55;;;6
SA-M066-PAN-ORI;Samsung;Galaxy M06 5G;Pantalla;Original con marco;37,19;36,07;34,96;12
SA-M066-PAN-COM;Samsung;Galaxy M06 5G;Pantalla;Compatible;17,55;17,02;16,50;6
SA-M066-BAT-ORI;Samsung;Galaxy M06 5G;Batería;Original;19,65;19,06;18,47;12
SA-M066-BAT-COM;Samsung;Galaxy M06 5G;Batería;Compatible;10,29;9,98;9,67;6
SA-M066-CON-ORI;Samsung;Galaxy M06 5G;Conector de carga;Original;18,15;17,61;17,06;12
SA-M066-CON-COM;Samsung;Galaxy M06 5G;Conector de carga;Compatible;7,29;;;6
SA-M066-TAP-COM;Samsung;Galaxy M06 5G;Tapa trasera;Compatible;6,25;;;6
SA-M066-CTR-COM;Samsung;Galaxy M06 5G;Cámara trasera;Compatible;14,55;14,11;13,68;6
SA-M066-CFR-COM;Samsung;Galaxy M06 5G;Cámara frontal;Compatible;10,05;9,75;9,45;6
SA-M066-LEN-COM;Samsung;Galaxy M06 5G;Lente de cámara;Compatible;3,49;;;6
SA-M066-ALT-COM;Samsung;Galaxy M06 5G;Altavoz;Compatible;5,85;;;6
SA-M066-AUR-COM;Samsung;Galaxy M06 5G;Auricular de llamada;Compatible;4,55;;;6
SA-M066-FLX-COM;Samsung;Galaxy M06 5G;Flex de encendido y volumen;Compatible;3,55;;;6
SA-M066-SIM-COM;Samsung;Galaxy M06 5G;Bandeja SIM;Compatible;3,60;;;6
SA-M166-PAN-ORI;Samsung;Galaxy M16 5G;Pantalla;Original con marco;52,25;50,68;49,11;12
SA-M166-PAN-INC;Samsung;Galaxy M16 5G;Pantalla;Incell;21,05;20,42;19,79;6
SA-M166-BAT-ORI;Samsung;Galaxy M16 5G;Batería;Original;19,65;19,06;18,47;12
SA-M166-BAT-COM;Samsung;Galaxy M16 5G;Batería;Compatible;10,29;9,98;9,67;6
SA-M166-CON-ORI;Samsung;Galaxy M16 5G;Conector de carga;Original;18,15;17,61;17,06;12
SA-M166-CON-COM;Samsung;Galaxy M16 5G;Conector de carga;Compatible;7,29;;;6
SA-M166-TAP-COM;Samsung;Galaxy M16 5G;Tapa trasera;Compatible;6,25;;;6
SA-M166-CTR-COM;Samsung;Galaxy M16 5G;Cámara trasera;Compatible;14,55;14,11;13,68;6
SA-M166-CFR-COM;Samsung;Galaxy M16 5G;Cámara frontal;Compatible;10,05;9,75;9,45;6
SA-M166-LEN-COM;Samsung;Galaxy M16 5G;Lente de cámara;Compatible;3,49;;;6
SA-M166-ALT-COM;Samsung;Galaxy M16 5G;Altavoz;Compatible;5,85;;;6
SA-M166-AUR-COM;Samsung;Galaxy M16 5G;Auricular de llamada;Compatible;4,55;;;6
SA-M166-FLX-COM;Samsung;Galaxy M16 5G;Flex de encendido y volumen;Compatible;3,55;;;6
SA-M166-SIM-COM;Samsung;Galaxy M16 5G;Bandeja SIM;Compatible;3,60;;;6
SA-ZFSE-PAN-ORI;Samsung;Galaxy Z Fold SE;Pantalla;Original con marco;340,89;330,66;320,44;12
SA-ZFSE-PAN-COM;Samsung;Galaxy Z Fold SE;Pantalla;Compatible;193,80;187,99;182,17;6
SA-ZFSE-BAT-ORI;Samsung;Galaxy Z Fold SE;Batería;Original;25,29;24,53;23,77;12
SA-ZFSE-BAT-COM;Samsung;Galaxy Z Fold SE;Batería;Compatible;12,19;11,82;11,46;6
SA-ZFSE-CON-ORI;Samsung;Galaxy Z Fold SE;Conector de carga;Original;36,20;35,11;34,03;12
SA-ZFSE-CON-COM;Samsung;Galaxy Z Fold SE;Conector de carga;Compatible;15,00;14,55;14,10;6
SA-ZFSE-TAP-COM;Samsung;Galaxy Z Fold SE;Tapa trasera;Compatible;11,65;11,30;10,95;6
SA-ZFSE-CTR-COM;Samsung;Galaxy Z Fold SE;Cámara trasera;Compatible;28,70;27,84;26,98;6
SA-ZFSE-CFR-COM;Samsung;Galaxy Z Fold SE;Cámara frontal;Compatible;12,70;12,32;11,94;6
SA-ZFSE-LEN-COM;Samsung;Galaxy Z Fold SE;Lente de cámara;Compatible;5,35;;;6
SA-ZFSE-ALT-COM;Samsung;Galaxy Z Fold SE;Altavoz;Compatible;9,15;;;6
SA-ZFSE-AUR-COM;Samsung;Galaxy Z Fold SE;Auricular de llamada;Compatible;6,35;;;6
SA-ZFSE-FLX-COM;Samsung;Galaxy Z Fold SE;Flex de encendido y volumen;Compatible;6,59;;;6
SA-ZFSE-SIM-COM;Samsung;Galaxy Z Fold SE;Bandeja SIM;Compatible;5,40;;;6
SA-M055-PAN-ORI;Samsung;Galaxy M05;Pantalla;Original con marco;35,79;34,72;33,64;12
SA-M055-PAN-COM;Samsung;Galaxy M05;Pantalla;Compatible;16,65;16,15;15,65;6
SA-M055-BAT-ORI;Samsung;Galaxy M05;Batería;Original;19,50;18,92;18,33;12
SA-M055-BAT-COM;Samsung;Galaxy M05;Batería;Compatible;10,90;10,57;10,25;6
SA-M055-CON-ORI;Samsung;Galaxy M05;Conector de carga;Original;15,20;14,74;14,29;12
SA-M055-CON-COM;Samsung;Galaxy M05;Conector de carga;Compatible;6,10;;;6
SA-M055-TAP-COM;Samsung;Galaxy M05;Tapa trasera;Compatible;5,85;;;6
SA-M055-CTR-COM;Samsung;Galaxy M05;Cámara trasera;Compatible;10,60;10,28;9,96;6
SA-M055-CFR-COM;Samsung;Galaxy M05;Cámara frontal;Compatible;7,25;;;6
SA-M055-LEN-COM;Samsung;Galaxy M05;Lente de cámara;Compatible;2,70;;;6
SA-M055-ALT-COM;Samsung;Galaxy M05;Altavoz;Compatible;4,40;;;6
SA-M055-AUR-COM;Samsung;Galaxy M05;Auricular de llamada;Compatible;3,20;;;6
SA-M055-FLX-COM;Samsung;Galaxy M05;Flex de encendido y volumen;Compatible;3,25;;;6
SA-M055-SIM-COM;Samsung;Galaxy M05;Bandeja SIM;Compatible;3,05;;;6
SA-M558-PAN-ORI;Samsung;Galaxy M55s 5G;Pantalla;Original con marco;65,35;63,39;61,43;12
SA-M558-PAN-INC;Samsung;Galaxy M55s 5G;Pantalla;Incell;22,29;21,62;20,95;6
SA-M558-BAT-ORI;Samsung;Galaxy M55s 5G;Batería;Original;26,09;25,31;24,52;12
SA-M558-BAT-COM;Samsung;Galaxy M55s 5G;Batería;Compatible;12,75;12,37;11,99;6
SA-M558-CON-ORI;Samsung;Galaxy M55s 5G;Conector de carga;Original;17,60;17,07;16,54;12
SA-M558-CON-COM;Samsung;Galaxy M55s 5G;Conector de carga;Compatible;7,05;;;6
SA-M558-TAP-COM;Samsung;Galaxy M55s 5G;Tapa trasera;Compatible;6,65;;;6
SA-M558-CTR-COM;Samsung;Galaxy M55s 5G;Cámara trasera;Compatible;14,69;14,25;13,81;6
SA-M558-CFR-COM;Samsung;Galaxy M55s 5G;Cámara frontal;Compatible;8,15;;;6
SA-M558-LEN-COM;Samsung;Galaxy M55s 5G;Lente de cámara;Compatible;3,15;;;6
SA-M558-ALT-COM;Samsung;Galaxy M55s 5G;Altavoz;Compatible;4,99;;;6
SA-M558-AUR-COM;Samsung;Galaxy M55s 5G;Auricular de llamada;Compatible;3,95;;;6
SA-M558-FLX-COM;Samsung;Galaxy M55s 5G;Flex de encendido y volumen;Compatible;4,15;;;6
SA-M558-SIM-COM;Samsung;Galaxy M55s 5G;Bandeja SIM;Compatible;3,35;;;6
SA-E156-PAN-ORI;Samsung;Galaxy F15 5G;Pantalla;Original con marco;52,25;50,68;49,11;12
SA-E156-PAN-INC;Samsung;Galaxy F15 5G;Pantalla;Incell;22,20;21,53;20,87;6
SA-E156-BAT-ORI;Samsung;Galaxy F15 5G;Batería;Original;22,85;22,16;21,48;12
SA-E156-BAT-COM;Samsung;Galaxy F15 5G;Batería;Compatible;11,80;11,45;11,09;6
SA-E156-CON-ORI;Samsung;Galaxy F15 5G;Conector de carga;Original;18,85;18,28;17,72;12
SA-E156-CON-COM;Samsung;Galaxy F15 5G;Conector de carga;Compatible;7,59;;;6
SA-E156-TAP-COM;Samsung;Galaxy F15 5G;Tapa trasera;Compatible;6,55;;;6
SA-E156-CTR-COM;Samsung;Galaxy F15 5G;Cámara trasera;Compatible;12,09;11,73;11,36;6
SA-E156-CFR-COM;Samsung;Galaxy F15 5G;Cámara frontal;Compatible;7,70;;;6
SA-E156-LEN-COM;Samsung;Galaxy F15 5G;Lente de cámara;Compatible;2,65;;;6
SA-E156-ALT-COM;Samsung;Galaxy F15 5G;Altavoz;Compatible;4,50;;;6
SA-E156-AUR-COM;Samsung;Galaxy F15 5G;Auricular de llamada;Compatible;3,19;;;6
SA-E156-FLX-COM;Samsung;Galaxy F15 5G;Flex de encendido y volumen;Compatible;3,19;;;6
SA-E156-SIM-COM;Samsung;Galaxy F15 5G;Bandeja SIM;Compatible;2,89;;;6
SA-M556-PAN-ORI;Samsung;Galaxy M55 5G;Pantalla;Original con marco;65,35;63,39;61,43;12
SA-M556-PAN-INC;Samsung;Galaxy M55 5G;Pantalla;Incell;22,29;21,62;20,95;6
SA-M556-BAT-ORI;Samsung;Galaxy M55 5G;Batería;Original;26,09;25,31;24,52;12
SA-M556-BAT-COM;Samsung;Galaxy M55 5G;Batería;Compatible;12,75;12,37;11,99;6
SA-M556-CON-ORI;Samsung;Galaxy M55 5G;Conector de carga;Original;17,60;17,07;16,54;12
SA-M556-CON-COM;Samsung;Galaxy M55 5G;Conector de carga;Compatible;7,05;;;6
SA-M556-TAP-COM;Samsung;Galaxy M55 5G;Tapa trasera;Compatible;6,65;;;6
SA-M556-CTR-COM;Samsung;Galaxy M55 5G;Cámara trasera;Compatible;14,69;14,25;13,81;6
SA-M556-CFR-COM;Samsung;Galaxy M55 5G;Cámara frontal;Compatible;8,15;;;6
SA-M556-LEN-COM;Samsung;Galaxy M55 5G;Lente de cámara;Compatible;3,15;;;6
SA-M556-ALT-COM;Samsung;Galaxy M55 5G;Altavoz;Compatible;4,99;;;6
SA-M556-AUR-COM;Samsung;Galaxy M55 5G;Auricular de llamada;Compatible;3,95;;;6
SA-M556-FLX-COM;Samsung;Galaxy M55 5G;Flex de encendido y volumen;Compatible;4,15;;;6
SA-M556-SIM-COM;Samsung;Galaxy M55 5G;Bandeja SIM;Compatible;3,35;;;6
SA-A055-PAN-ORI;Samsung;Galaxy A05;Pantalla;Original con marco;34,15;33,13;32,10;12
SA-A055-PAN-COM;Samsung;Galaxy A05;Pantalla;Compatible;14,70;14,26;13,82;6
SA-A055-BAT-ORI;Samsung;Galaxy A05;Batería;Original;19,85;19,25;18,66;12
SA-A055-BAT-COM;Samsung;Galaxy A05;Batería;Compatible;10,95;10,62;10,29;6
SA-A055-CON-ORI;Samsung;Galaxy A05;Conector de carga;Original;15,19;14,73;14,28;12
SA-A055-CON-COM;Samsung;Galaxy A05;Conector de carga;Compatible;6,35;;;6
SA-A055-TAP-COM;Samsung;Galaxy A05;Tapa trasera;Compatible;5,35;;;6
SA-A055-CTR-COM;Samsung;Galaxy A05;Cámara trasera;Compatible;10,50;10,19;9,87;6
SA-A055-CFR-COM;Samsung;Galaxy A05;Cámara frontal;Compatible;7,70;;;6
SA-A055-LEN-COM;Samsung;Galaxy A05;Lente de cámara;Compatible;2,55;;;6
SA-A055-ALT-COM;Samsung;Galaxy A05;Altavoz;Compatible;4,25;;;6
SA-A055-AUR-COM;Samsung;Galaxy A05;Auricular de llamada;Compatible;3,25;;;6
SA-A055-FLX-COM;Samsung;Galaxy A05;Flex de encendido y volumen;Compatible;3,09;;;6
SA-A055-SIM-COM;Samsung;Galaxy A05;Bandeja SIM;Compatible;3,00;;;6
SA-M346-PAN-ORI;Samsung;Galaxy M34 5G;Pantalla;Original con marco;59,75;57,96;56,17;12
SA-M346-PAN-INC;Samsung;Galaxy M34 5G;Pantalla;Incell;23,15;22,46;21,76;6
SA-M346-BAT-ORI;Samsung;Galaxy M34 5G;Batería;Original;22,85;22,16;21,48;12
SA-M346-BAT-COM;Samsung;Galaxy M34 5G;Batería;Compatible;11,80;11,45;11,09;6
SA-M346-CON-ORI;Samsung;Galaxy M34 5G;Conector de carga;Original;18,85;18,28;17,72;12
SA-M346-CON-COM;Samsung;Galaxy M34 5G;Conector de carga;Compatible;7,59;;;6
SA-M346-TAP-COM;Samsung;Galaxy M34 5G;Tapa trasera;Compatible;6,55;;;6
SA-M346-CTR-COM;Samsung;Galaxy M34 5G;Cámara trasera;Compatible;12,09;11,73;11,36;6
SA-M346-CFR-COM;Samsung;Galaxy M34 5G;Cámara frontal;Compatible;7,70;;;6
SA-M346-LEN-COM;Samsung;Galaxy M34 5G;Lente de cámara;Compatible;2,65;;;6
SA-M346-ALT-COM;Samsung;Galaxy M34 5G;Altavoz;Compatible;4,50;;;6
SA-M346-AUR-COM;Samsung;Galaxy M34 5G;Auricular de llamada;Compatible;3,19;;;6
SA-M346-FLX-COM;Samsung;Galaxy M34 5G;Flex de encendido y volumen;Compatible;3,19;;;6
SA-M346-SIM-COM;Samsung;Galaxy M34 5G;Bandeja SIM;Compatible;2,89;;;6
SA-M146-PAN-COM;Samsung;Galaxy M14 5G;Pantalla;Compatible;16,65;16,15;15,65;6
SA-M146-BAT-ORI;Samsung;Galaxy M14 5G;Batería;Original;19,50;18,92;18,33;12
SA-M146-BAT-COM;Samsung;Galaxy M14 5G;Batería;Compatible;10,90;10,57;10,25;6
SA-M146-CON-ORI;Samsung;Galaxy M14 5G;Conector de carga;Original;15,20;14,74;14,29;12
SA-M146-CON-COM;Samsung;Galaxy M14 5G;Conector de carga;Compatible;6,10;;;6
SA-M146-TAP-COM;Samsung;Galaxy M14 5G;Tapa trasera;Compatible;5,85;;;6
SA-M146-CTR-COM;Samsung;Galaxy M14 5G;Cámara trasera;Compatible;10,60;10,28;9,96;6
SA-M146-CFR-COM;Samsung;Galaxy M14 5G;Cámara frontal;Compatible;7,25;;;6
SA-M146-LEN-COM;Samsung;Galaxy M14 5G;Lente de cámara;Compatible;2,70;;;6
SA-M146-ALT-COM;Samsung;Galaxy M14 5G;Altavoz;Compatible;4,40;;;6
SA-M146-AUR-COM;Samsung;Galaxy M14 5G;Auricular de llamada;Compatible;3,20;;;6
SA-M146-FLX-COM;Samsung;Galaxy M14 5G;Flex de encendido y volumen;Compatible;3,25;;;6
SA-M146-SIM-COM;Samsung;Galaxy M14 5G;Bandeja SIM;Compatible;3,05;;;6
SA-A245-PAN-ORI;Samsung;Galaxy A24;Pantalla;Original con marco;57,00;55,29;53,58;12
SA-A245-PAN-OLS;Samsung;Galaxy A24;Pantalla;OLED Soft;46,49;45,10;43,70;6
SA-A245-PAN-OLH;Samsung;Galaxy A24;Pantalla;OLED Hard;43,59;42,28;40,97;6
SA-A245-PAN-INC;Samsung;Galaxy A24;Pantalla;Incell;22,85;22,16;21,48;6
SA-A245-BAT-ORI;Samsung;Galaxy A24;Batería;Original;23,20;22,50;21,81;12
SA-A245-BAT-COM;Samsung;Galaxy A24;Batería;Compatible;11,85;11,49;11,14;6
SA-A245-CON-ORI;Samsung;Galaxy A24;Conector de carga;Original;18,85;18,28;17,72;12
SA-A245-CON-COM;Samsung;Galaxy A24;Conector de carga;Compatible;7,85;;;6
SA-A245-TAP-COM;Samsung;Galaxy A24;Tapa trasera;Compatible;6,00;;;6
SA-A245-CTR-COM;Samsung;Galaxy A24;Cámara trasera;Compatible;11,95;11,59;11,23;6
SA-A245-CFR-COM;Samsung;Galaxy A24;Cámara frontal;Compatible;8,20;;;6
SA-A245-LEN-COM;Samsung;Galaxy A24;Lente de cámara;Compatible;2,45;;;6
SA-A245-ALT-COM;Samsung;Galaxy A24;Altavoz;Compatible;4,35;;;6
SA-A245-AUR-COM;Samsung;Galaxy A24;Auricular de llamada;Compatible;3,20;;;6
SA-A245-FLX-COM;Samsung;Galaxy A24;Flex de encendido y volumen;Compatible;3,00;;;6
SA-A245-SIM-COM;Samsung;Galaxy A24;Bandeja SIM;Compatible;2,85;;;6
SA-M546-PAN-ORI;Samsung;Galaxy M54;Pantalla;Original con marco;65,35;63,39;61,43;12
SA-M546-PAN-INC;Samsung;Galaxy M54;Pantalla;Incell;22,29;21,62;20,95;6
SA-M546-BAT-ORI;Samsung;Galaxy M54;Batería;Original;26,09;25,31;24,52;12
SA-M546-BAT-COM;Samsung;Galaxy M54;Batería;Compatible;12,75;12,37;11,99;6
SA-M546-CON-ORI;Samsung;Galaxy M54;Conector de carga;Original;17,60;17,07;16,54;12
SA-M546-CON-COM;Samsung;Galaxy M54;Conector de carga;Compatible;7,05;;;6
SA-M546-TAP-COM;Samsung;Galaxy M54;Tapa trasera;Compatible;6,65;;;6
SA-M546-CTR-COM;Samsung;Galaxy M54;Cámara trasera;Compatible;14,69;14,25;13,81;6
SA-M546-CFR-COM;Samsung;Galaxy M54;Cámara frontal;Compatible;8,15;;;6
SA-M546-LEN-COM;Samsung;Galaxy M54;Lente de cámara;Compatible;3,15;;;6
SA-M546-ALT-COM;Samsung;Galaxy M54;Altavoz;Compatible;4,99;;;6
SA-M546-AUR-COM;Samsung;Galaxy M54;Auricular de llamada;Compatible;3,95;;;6
SA-M546-FLX-COM;Samsung;Galaxy M54;Flex de encendido y volumen;Compatible;4,15;;;6
SA-M546-SIM-COM;Samsung;Galaxy M54;Bandeja SIM;Compatible;3,35;;;6
SA-E045-PAN-ORI;Samsung;Galaxy F04;Pantalla;Original con marco;42,55;41,27;40,00;12
SA-E045-PAN-COM;Samsung;Galaxy F04;Pantalla;Compatible;18,49;17,94;17,38;6
SA-E045-BAT-ORI;Samsung;Galaxy F04;Batería;Original;22,85;22,16;21,48;12
SA-E045-BAT-COM;Samsung;Galaxy F04;Batería;Compatible;11,80;11,45;11,09;6
SA-E045-CON-ORI;Samsung;Galaxy F04;Conector de carga;Original;18,85;18,28;17,72;12
SA-E045-CON-COM;Samsung;Galaxy F04;Conector de carga;Compatible;7,59;;;6
SA-E045-TAP-COM;Samsung;Galaxy F04;Tapa trasera;Compatible;6,55;;;6
SA-E045-CTR-COM;Samsung;Galaxy F04;Cámara trasera;Compatible;12,09;11,73;11,36;6
SA-E045-CFR-COM;Samsung;Galaxy F04;Cámara frontal;Compatible;7,70;;;6
SA-E045-LEN-COM;Samsung;Galaxy F04;Lente de cámara;Compatible;2,65;;;6
SA-E045-ALT-COM;Samsung;Galaxy F04;Altavoz;Compatible;4,50;;;6
SA-E045-AUR-COM;Samsung;Galaxy F04;Auricular de llamada;Compatible;3,19;;;6
SA-E045-FLX-COM;Samsung;Galaxy F04;Flex de encendido y volumen;Compatible;3,19;;;6
SA-E045-SIM-COM;Samsung;Galaxy F04;Bandeja SIM;Compatible;2,89;;;6
SA-M045-PAN-ORI;Samsung;Galaxy M04;Pantalla;Original con marco;34,65;33,61;32,57;12
SA-M045-PAN-COM;Samsung;Galaxy M04;Pantalla;Compatible;15,65;15,18;14,71;6
SA-M045-BAT-ORI;Samsung;Galaxy M04;Batería;Original;16,85;16,34;15,84;12
SA-M045-BAT-COM;Samsung;Galaxy M04;Batería;Compatible;9,55;;;6
SA-M045-CON-ORI;Samsung;Galaxy M04;Conector de carga;Original;13,30;12,90;12,50;12
SA-M045-CON-COM;Samsung;Galaxy M04;Conector de carga;Compatible;5,35;;;6
SA-M045-TAP-COM;Samsung;Galaxy M04;Tapa trasera;Compatible;5,20;;;6
SA-M045-CTR-COM;Samsung;Galaxy M04;Cámara trasera;Compatible;7,59;;;6
SA-M045-CFR-COM;Samsung;Galaxy M04;Cámara frontal;Compatible;4,95;;;6
SA-M045-LEN-COM;Samsung;Galaxy M04;Lente de cámara;Compatible;2,59;;;6
SA-M045-ALT-COM;Samsung;Galaxy M04;Altavoz;Compatible;4,10;;;6
SA-M045-AUR-COM;Samsung;Galaxy M04;Auricular de llamada;Compatible;2,95;;;6
SA-M045-FLX-COM;Samsung;Galaxy M04;Flex de encendido y volumen;Compatible;2,69;;;6
SA-M045-SIM-COM;Samsung;Galaxy M04;Bandeja SIM;Compatible;3,10;;;6
SA-A042-PAN-ORI;Samsung;Galaxy A04e;Pantalla;Original con marco;33,09;32,10;31,10;12
SA-A042-PAN-COM;Samsung;Galaxy A04e;Pantalla;Compatible;15,45;14,99;14,52;6
SA-A042-BAT-ORI;Samsung;Galaxy A04e;Batería;Original;17,10;16,59;16,07;12
SA-A042-BAT-COM;Samsung;Galaxy A04e;Batería;Compatible;9,60;;;6
SA-A042-CON-ORI;Samsung;Galaxy A04e;Conector de carga;Original;13,29;12,89;12,49;12
SA-A042-CON-COM;Samsung;Galaxy A04e;Conector de carga;Compatible;5,55;;;6
SA-A042-TAP-COM;Samsung;Galaxy A04e;Tapa trasera;Compatible;4,79;;;6
SA-A042-CTR-COM;Samsung;Galaxy A04e;Cámara trasera;Compatible;7,50;;;6
SA-A042-CFR-COM;Samsung;Galaxy A04e;Cámara frontal;Compatible;5,25;;;6
SA-A042-LEN-COM;Samsung;Galaxy A04e;Lente de cámara;Compatible;2,45;;;6
SA-A042-ALT-COM;Samsung;Galaxy A04e;Altavoz;Compatible;3,95;;;6
SA-A042-AUR-COM;Samsung;Galaxy A04e;Auricular de llamada;Compatible;2,95;;;6
SA-A042-FLX-COM;Samsung;Galaxy A04e;Flex de encendido y volumen;Compatible;2,55;;;6
SA-A042-SIM-COM;Samsung;Galaxy A04e;Bandeja SIM;Compatible;3,05;;;6
SA-A045-PAN-ORI;Samsung;Galaxy A04;Pantalla;Original con marco;33,09;32,10;31,10;12
SA-A045-PAN-COM;Samsung;Galaxy A04;Pantalla;Compatible;14,70;14,26;13,82;6
SA-A045-BAT-ORI;Samsung;Galaxy A04;Batería;Original;17,10;16,59;16,07;12
SA-A045-BAT-COM;Samsung;Galaxy A04;Batería;Compatible;9,60;;;6
SA-A045-CON-ORI;Samsung;Galaxy A04;Conector de carga;Original;13,29;12,89;12,49;12
SA-A045-CON-COM;Samsung;Galaxy A04;Conector de carga;Compatible;5,55;;;6
SA-A045-TAP-COM;Samsung;Galaxy A04;Tapa trasera;Compatible;4,79;;;6
SA-A045-CTR-COM;Samsung;Galaxy A04;Cámara trasera;Compatible;7,50;;;6
SA-A045-CFR-COM;Samsung;Galaxy A04;Cámara frontal;Compatible;5,25;;;6
SA-A045-LEN-COM;Samsung;Galaxy A04;Lente de cámara;Compatible;2,45;;;6
SA-A045-ALT-COM;Samsung;Galaxy A04;Altavoz;Compatible;3,95;;;6
SA-A045-AUR-COM;Samsung;Galaxy A04;Auricular de llamada;Compatible;2,95;;;6
SA-A045-FLX-COM;Samsung;Galaxy A04;Flex de encendido y volumen;Compatible;2,55;;;6
SA-A045-SIM-COM;Samsung;Galaxy A04;Bandeja SIM;Compatible;3,05;;;6
SA-A235-PAN-ORI;Samsung;Galaxy A23;Pantalla;Original con marco;44,49;43,16;41,82;12
SA-A235-PAN-COM;Samsung;Galaxy A23;Pantalla;Compatible;17,85;17,31;16,78;6
SA-A235-BAT-ORI;Samsung;Galaxy A23;Batería;Original;20,05;19,45;18,85;12
SA-A235-BAT-COM;Samsung;Galaxy A23;Batería;Compatible;10,40;10,09;9,78;6
SA-A235-CON-ORI;Samsung;Galaxy A23;Conector de carga;Original;16,49;16,00;15,50;12
SA-A235-CON-COM;Samsung;Galaxy A23;Conector de carga;Compatible;6,89;;;6
SA-A235-TAP-COM;Samsung;Galaxy A23;Tapa trasera;Compatible;5,35;;;6
SA-A235-CTR-COM;Samsung;Galaxy A23;Cámara trasera;Compatible;8,55;;;6
SA-A235-CFR-COM;Samsung;Galaxy A23;Cámara frontal;Compatible;5,60;;;6
SA-A235-LEN-COM;Samsung;Galaxy A23;Lente de cámara;Compatible;2,35;;;6
SA-A235-ALT-COM;Samsung;Galaxy A23;Altavoz;Compatible;4,05;;;6
SA-A235-AUR-COM;Samsung;Galaxy A23;Auricular de llamada;Compatible;2,90;;;6
SA-A235-FLX-COM;Samsung;Galaxy A23;Flex de encendido y volumen;Compatible;2,49;;;6
SA-A235-SIM-COM;Samsung;Galaxy A23;Bandeja SIM;Compatible;2,90;;;6
SA-A736-PAN-ORI;Samsung;Galaxy A73 5G;Pantalla;Original con marco;60,45;58,64;56,82;12
SA-A736-PAN-OLS;Samsung;Galaxy A73 5G;Pantalla;OLED Soft;42,00;40,74;39,48;6
SA-A736-PAN-OLH;Samsung;Galaxy A73 5G;Pantalla;OLED Hard;39,40;38,22;37,04;6
SA-A736-PAN-INC;Samsung;Galaxy A73 5G;Pantalla;Incell;20,65;20,03;19,41;6
SA-A736-BAT-ORI;Samsung;Galaxy A73 5G;Batería;Original;22,85;22,16;21,48;12
SA-A736-BAT-COM;Samsung;Galaxy A73 5G;Batería;Compatible;11,20;10,86;10,53;6
SA-A736-CON-ORI;Samsung;Galaxy A73 5G;Conector de carga;Original;15,39;14,93;14,47;12
SA-A736-CON-COM;Samsung;Galaxy A73 5G;Conector de carga;Compatible;6,45;;;6
SA-A736-TAP-COM;Samsung;Galaxy A73 5G;Tapa trasera;Compatible;5,45;;;6
SA-A736-CTR-COM;Samsung;Galaxy A73 5G;Cámara trasera;Compatible;10,35;10,04;9,73;6
SA-A736-CFR-COM;Samsung;Galaxy A73 5G;Cámara frontal;Compatible;5,95;;;6
SA-A736-LEN-COM;Samsung;Galaxy A73 5G;Lente de cámara;Compatible;2,80;;;6
SA-A736-ALT-COM;Samsung;Galaxy A73 5G;Altavoz;Compatible;4,49;;;6
SA-A736-AUR-COM;Samsung;Galaxy A73 5G;Auricular de llamada;Compatible;3,65;;;6
SA-A736-FLX-COM;Samsung;Galaxy A73 5G;Flex de encendido y volumen;Compatible;3,20;;;6
SA-A736-SIM-COM;Samsung;Galaxy A73 5G;Bandeja SIM;Compatible;3,35;;;6
SA-A032-PAN-ORI;Samsung;Galaxy A03 Core;Pantalla;Original con marco;33,09;32,10;31,10;12
SA-A032-PAN-COM;Samsung;Galaxy A03 Core;Pantalla;Compatible;15,45;14,99;14,52;6
SA-A032-BAT-ORI;Samsung;Galaxy A03 Core;Batería;Original;17,10;16,59;16,07;12
SA-A032-BAT-COM;Samsung;Galaxy A03 Core;Batería;Compatible;9,60;;;6
SA-A032-CON-ORI;Samsung;Galaxy A03 Core;Conector de carga;Original;13,29;12,89;12,49;12
SA-A032-CON-COM;Samsung;Galaxy A03 Core;Conector de carga;Compatible;5,55;;;6
SA-A032-TAP-COM;Samsung;Galaxy A03 Core;Tapa trasera;Compatible;4,79;;;6
SA-A032-CTR-COM;Samsung;Galaxy A03 Core;Cámara trasera;Compatible;7,50;;;6
SA-A032-CFR-COM;Samsung;Galaxy A03 Core;Cámara frontal;Compatible;5,25;;;6
SA-A032-LEN-COM;Samsung;Galaxy A03 Core;Lente de cámara;Compatible;2,45;;;6
SA-A032-ALT-COM;Samsung;Galaxy A03 Core;Altavoz;Compatible;3,95;;;6
SA-A032-AUR-COM;Samsung;Galaxy A03 Core;Auricular de llamada;Compatible;2,95;;;6
SA-A032-FLX-COM;Samsung;Galaxy A03 Core;Flex de encendido y volumen;Compatible;2,55;;;6
SA-A032-SIM-COM;Samsung;Galaxy A03 Core;Bandeja SIM;Compatible;3,05;;;6
SA-E426-PAN-ORI;Samsung;Galaxy F42 5G;Pantalla;Original con marco;52,25;50,68;49,11;12
SA-E426-PAN-COM;Samsung;Galaxy F42 5G;Pantalla;Compatible;18,49;17,94;17,38;6
SA-E426-BAT-ORI;Samsung;Galaxy F42 5G;Batería;Original;19,70;19,11;18,52;12
SA-E426-BAT-COM;Samsung;Galaxy F42 5G;Batería;Compatible;10,35;10,04;9,73;6
SA-E426-CON-ORI;Samsung;Galaxy F42 5G;Conector de carga;Original;16,50;16,01;15,51;12
SA-E426-CON-COM;Samsung;Galaxy F42 5G;Conector de carga;Compatible;6,65;;;6
SA-E426-TAP-COM;Samsung;Galaxy F42 5G;Tapa trasera;Compatible;5,85;;;6
SA-E426-CTR-COM;Samsung;Galaxy F42 5G;Cámara trasera;Compatible;8,60;;;6
SA-E426-CFR-COM;Samsung;Galaxy F42 5G;Cámara frontal;Compatible;5,25;;;6
SA-E426-LEN-COM;Samsung;Galaxy F42 5G;Lente de cámara;Compatible;2,50;;;6
SA-E426-ALT-COM;Samsung;Galaxy F42 5G;Altavoz;Compatible;4,20;;;6
SA-E426-AUR-COM;Samsung;Galaxy F42 5G;Auricular de llamada;Compatible;2,90;;;6
SA-E426-FLX-COM;Samsung;Galaxy F42 5G;Flex de encendido y volumen;Compatible;2,60;;;6
SA-E426-SIM-COM;Samsung;Galaxy F42 5G;Bandeja SIM;Compatible;2,95;;;6
SA-A825-PAN-ORI;Samsung;Galaxy A82 5G;Pantalla;Original con marco;60,45;58,64;56,82;12
SA-A825-PAN-OLS;Samsung;Galaxy A82 5G;Pantalla;OLED Soft;42,00;40,74;39,48;6
SA-A825-PAN-OLH;Samsung;Galaxy A82 5G;Pantalla;OLED Hard;39,40;38,22;37,04;6
SA-A825-PAN-INC;Samsung;Galaxy A82 5G;Pantalla;Incell;20,65;20,03;19,41;6
SA-A825-BAT-ORI;Samsung;Galaxy A82 5G;Batería;Original;22,85;22,16;21,48;12
SA-A825-BAT-COM;Samsung;Galaxy A82 5G;Batería;Compatible;11,20;10,86;10,53;6
SA-A825-CON-ORI;Samsung;Galaxy A82 5G;Conector de carga;Original;15,39;14,93;14,47;12
SA-A825-CON-COM;Samsung;Galaxy A82 5G;Conector de carga;Compatible;6,45;;;6
SA-A825-TAP-COM;Samsung;Galaxy A82 5G;Tapa trasera;Compatible;5,45;;;6
SA-A825-CTR-COM;Samsung;Galaxy A82 5G;Cámara trasera;Compatible;10,35;10,04;9,73;6
SA-A825-CFR-COM;Samsung;Galaxy A82 5G;Cámara frontal;Compatible;5,95;;;6
SA-A825-LEN-COM;Samsung;Galaxy A82 5G;Lente de cámara;Compatible;2,80;;;6
SA-A825-ALT-COM;Samsung;Galaxy A82 5G;Altavoz;Compatible;4,49;;;6
SA-A825-AUR-COM;Samsung;Galaxy A82 5G;Auricular de llamada;Compatible;3,65;;;6
SA-A825-FLX-COM;Samsung;Galaxy A82 5G;Flex de encendido y volumen;Compatible;3,20;;;6
SA-A825-SIM-COM;Samsung;Galaxy A82 5G;Bandeja SIM;Compatible;3,35;;;6
SA-E526-PAN-COM;Samsung;Galaxy F52 5G;Pantalla;Compatible;18,10;17,56;17,01;6
SA-E526-BAT-ORI;Samsung;Galaxy F52 5G;Batería;Original;19,70;19,11;18,52;12
SA-E526-BAT-COM;Samsung;Galaxy F52 5G;Batería;Compatible;10,35;10,04;9,73;6
SA-E526-CON-ORI;Samsung;Galaxy F52 5G;Conector de carga;Original;16,50;16,01;15,51;12
SA-E526-CON-COM;Samsung;Galaxy F52 5G;Conector de carga;Compatible;6,65;;;6
SA-E526-TAP-COM;Samsung;Galaxy F52 5G;Tapa trasera;Compatible;5,85;;;6
SA-E526-CTR-COM;Samsung;Galaxy F52 5G;Cámara trasera;Compatible;8,60;;;6
SA-E526-CFR-COM;Samsung;Galaxy F52 5G;Cámara frontal;Compatible;5,25;;;6
SA-E526-LEN-COM;Samsung;Galaxy F52 5G;Lente de cámara;Compatible;2,50;;;6
SA-E526-ALT-COM;Samsung;Galaxy F52 5G;Altavoz;Compatible;4,20;;;6
SA-E526-AUR-COM;Samsung;Galaxy F52 5G;Auricular de llamada;Compatible;2,90;;;6
SA-E526-FLX-COM;Samsung;Galaxy F52 5G;Flex de encendido y volumen;Compatible;2,60;;;6
SA-E526-SIM-COM;Samsung;Galaxy F52 5G;Bandeja SIM;Compatible;2,95;;;6
SA-E025-PAN-ORI;Samsung;Galaxy F02s;Pantalla;Original con marco;41,20;39,96;38,73;12
SA-E025-PAN-COM;Samsung;Galaxy F02s;Pantalla;Compatible;18,10;17,56;17,01;6
SA-E025-BAT-ORI;Samsung;Galaxy F02s;Batería;Original;19,70;19,11;18,52;12
SA-E025-BAT-COM;Samsung;Galaxy F02s;Batería;Compatible;10,35;10,04;9,73;6
SA-E025-CON-ORI;Samsung;Galaxy F02s;Conector de carga;Original;16,50;16,01;15,51;12
SA-E025-CON-COM;Samsung;Galaxy F02s;Conector de carga;Compatible;6,65;;;6
SA-E025-TAP-COM;Samsung;Galaxy F02s;Tapa trasera;Compatible;5,85;;;6
SA-E025-CTR-COM;Samsung;Galaxy F02s;Cámara trasera;Compatible;8,60;;;6
SA-E025-CFR-COM;Samsung;Galaxy F02s;Cámara frontal;Compatible;5,25;;;6
SA-E025-LEN-COM;Samsung;Galaxy F02s;Lente de cámara;Compatible;2,50;;;6
SA-E025-ALT-COM;Samsung;Galaxy F02s;Altavoz;Compatible;4,20;;;6
SA-E025-AUR-COM;Samsung;Galaxy F02s;Auricular de llamada;Compatible;2,90;;;6
SA-E025-FLX-COM;Samsung;Galaxy F02s;Flex de encendido y volumen;Compatible;2,60;;;6
SA-E025-SIM-COM;Samsung;Galaxy F02s;Bandeja SIM;Compatible;2,95;;;6
SA-F127-PAN-COM;Samsung;Galaxy F12;Pantalla;Compatible;18,49;17,94;17,38;6
SA-F127-BAT-ORI;Samsung;Galaxy F12;Batería;Original;19,70;19,11;18,52;12
SA-F127-BAT-COM;Samsung;Galaxy F12;Batería;Compatible;10,35;10,04;9,73;6
SA-F127-CON-ORI;Samsung;Galaxy F12;Conector de carga;Original;16,50;16,01;15,51;12
SA-F127-CON-COM;Samsung;Galaxy F12;Conector de carga;Compatible;6,65;;;6
SA-F127-TAP-COM;Samsung;Galaxy F12;Tapa trasera;Compatible;5,85;;;6
SA-F127-CTR-COM;Samsung;Galaxy F12;Cámara trasera;Compatible;8,60;;;6
SA-F127-CFR-COM;Samsung;Galaxy F12;Cámara frontal;Compatible;5,25;;;6
SA-F127-LEN-COM;Samsung;Galaxy F12;Lente de cámara;Compatible;2,50;;;6
SA-F127-ALT-COM;Samsung;Galaxy F12;Altavoz;Compatible;4,20;;;6
SA-F127-AUR-COM;Samsung;Galaxy F12;Auricular de llamada;Compatible;2,90;;;6
SA-F127-FLX-COM;Samsung;Galaxy F12;Flex de encendido y volumen;Compatible;2,60;;;6
SA-F127-SIM-COM;Samsung;Galaxy F12;Bandeja SIM;Compatible;2,95;;;6
SA-A826-PAN-COM;Samsung;Galaxy Quantum 2;Pantalla;Compatible;18,10;17,56;17,01;6
SA-A826-BAT-ORI;Samsung;Galaxy Quantum 2;Batería;Original;19,70;19,11;18,52;12
SA-A826-BAT-COM;Samsung;Galaxy Quantum 2;Batería;Compatible;10,35;10,04;9,73;6
SA-A826-CON-ORI;Samsung;Galaxy Quantum 2;Conector de carga;Original;16,50;16,01;15,51;12
SA-A826-CON-COM;Samsung;Galaxy Quantum 2;Conector de carga;Compatible;6,65;;;6
SA-A826-TAP-COM;Samsung;Galaxy Quantum 2;Tapa trasera;Compatible;5,85;;;6
SA-A826-CTR-COM;Samsung;Galaxy Quantum 2;Cámara trasera;Compatible;8,60;;;6
SA-A826-CFR-COM;Samsung;Galaxy Quantum 2;Cámara frontal;Compatible;5,25;;;6
SA-A826-LEN-COM;Samsung;Galaxy Quantum 2;Lente de cámara;Compatible;2,50;;;6
SA-A826-ALT-COM;Samsung;Galaxy Quantum 2;Altavoz;Compatible;4,20;;;6
SA-A826-AUR-COM;Samsung;Galaxy Quantum 2;Auricular de llamada;Compatible;2,90;;;6
SA-A826-FLX-COM;Samsung;Galaxy Quantum 2;Flex de encendido y volumen;Compatible;2,60;;;6
SA-A826-SIM-COM;Samsung;Galaxy Quantum 2;Bandeja SIM;Compatible;2,95;;;6
SA-M625-PAN-COM;Samsung;Galaxy M62;Pantalla;Compatible;17,40;16,88;16,36;6
SA-M625-BAT-ORI;Samsung;Galaxy M62;Batería;Original;22,50;21,83;21,15;12
SA-M625-BAT-COM;Samsung;Galaxy M62;Batería;Compatible;11,15;10,82;10,48;6
SA-M625-CON-ORI;Samsung;Galaxy M62;Conector de carga;Original;15,40;14,94;14,48;12
SA-M625-CON-COM;Samsung;Galaxy M62;Conector de carga;Compatible;6,19;;;6
SA-M625-TAP-COM;Samsung;Galaxy M62;Tapa trasera;Compatible;5,90;;;6
SA-M625-CTR-COM;Samsung;Galaxy M62;Cámara trasera;Compatible;10,45;10,14;9,82;6
SA-M625-CFR-COM;Samsung;Galaxy M62;Cámara frontal;Compatible;5,59;;;6
SA-M625-LEN-COM;Samsung;Galaxy M62;Lente de cámara;Compatible;3,00;;;6
SA-M625-ALT-COM;Samsung;Galaxy M62;Altavoz;Compatible;4,65;;;6
SA-M625-AUR-COM;Samsung;Galaxy M62;Auricular de llamada;Compatible;3,60;;;6
SA-M625-FLX-COM;Samsung;Galaxy M62;Flex de encendido y volumen;Compatible;3,40;;;6
SA-M625-SIM-COM;Samsung;Galaxy M62;Bandeja SIM;Compatible;3,39;;;6
SA-E625-PAN-ORI;Samsung;Galaxy F62;Pantalla;Original con marco;57,85;56,11;54,38;12
SA-E625-PAN-INC;Samsung;Galaxy F62;Pantalla;Incell;22,20;21,53;20,87;6
SA-E625-BAT-ORI;Samsung;Galaxy F62;Batería;Original;19,70;19,11;18,52;12
SA-E625-BAT-COM;Samsung;Galaxy F62;Batería;Compatible;10,35;10,04;9,73;6
SA-E625-CON-ORI;Samsung;Galaxy F62;Conector de carga;Original;16,50;16,01;15,51;12
SA-E625-CON-COM;Samsung;Galaxy F62;Conector de carga;Compatible;6,65;;;6
SA-E625-TAP-COM;Samsung;Galaxy F62;Tapa trasera;Compatible;5,85;;;6
SA-E625-CTR-COM;Samsung;Galaxy F62;Cámara trasera;Compatible;8,60;;;6
SA-E625-CFR-COM;Samsung;Galaxy F62;Cámara frontal;Compatible;5,25;;;6
SA-E625-LEN-COM;Samsung;Galaxy F62;Lente de cámara;Compatible;2,50;;;6
SA-E625-ALT-COM;Samsung;Galaxy F62;Altavoz;Compatible;4,20;;;6
SA-E625-AUR-COM;Samsung;Galaxy F62;Auricular de llamada;Compatible;2,90;;;6
SA-E625-FLX-COM;Samsung;Galaxy F62;Flex de encendido y volumen;Compatible;2,60;;;6
SA-E625-SIM-COM;Samsung;Galaxy F62;Bandeja SIM;Compatible;2,95;;;6
SA-M022-PAN-ORI;Samsung;Galaxy M02;Pantalla;Original con marco;34,65;33,61;32,57;12
SA-M022-PAN-COM;Samsung;Galaxy M02;Pantalla;Compatible;15,65;15,18;14,71;6
SA-M022-BAT-ORI;Samsung;Galaxy M02;Batería;Original;16,85;16,34;15,84;12
SA-M022-BAT-COM;Samsung;Galaxy M02;Batería;Compatible;9,55;;;6
SA-M022-CON-ORI;Samsung;Galaxy M02;Conector de carga;Original;13,30;12,90;12,50;12
SA-M022-CON-COM;Samsung;Galaxy M02;Conector de carga;Compatible;5,35;;;6
SA-M022-TAP-COM;Samsung;Galaxy M02;Tapa trasera;Compatible;5,20;;;6
SA-M022-CTR-COM;Samsung;Galaxy M02;Cámara trasera;Compatible;7,59;;;6
SA-M022-CFR-COM;Samsung;Galaxy M02;Cámara frontal;Compatible;4,95;;;6
SA-M022-LEN-COM;Samsung;Galaxy M02;Lente de cámara;Compatible;2,59;;;6
SA-M022-ALT-COM;Samsung;Galaxy M02;Altavoz;Compatible;4,10;;;6
SA-M022-AUR-COM;Samsung;Galaxy M02;Auricular de llamada;Compatible;2,95;;;6
SA-M022-FLX-COM;Samsung;Galaxy M02;Flex de encendido y volumen;Compatible;2,69;;;6
SA-M022-SIM-COM;Samsung;Galaxy M02;Bandeja SIM;Compatible;3,10;;;6
SA-A022-PAN-ORI;Samsung;Galaxy A02;Pantalla;Original con marco;33,09;32,10;31,10;12
SA-A022-PAN-COM;Samsung;Galaxy A02;Pantalla;Compatible;14,70;14,26;13,82;6
SA-A022-BAT-ORI;Samsung;Galaxy A02;Batería;Original;17,10;16,59;16,07;12
SA-A022-BAT-COM;Samsung;Galaxy A02;Batería;Compatible;9,60;;;6
SA-A022-CON-ORI;Samsung;Galaxy A02;Conector de carga;Original;13,29;12,89;12,49;12
SA-A022-CON-COM;Samsung;Galaxy A02;Conector de carga;Compatible;5,55;;;6
SA-A022-TAP-COM;Samsung;Galaxy A02;Tapa trasera;Compatible;4,79;;;6
SA-A022-CTR-COM;Samsung;Galaxy A02;Cámara trasera;Compatible;7,50;;;6
SA-A022-CFR-COM;Samsung;Galaxy A02;Cámara frontal;Compatible;5,25;;;6
SA-A022-LEN-COM;Samsung;Galaxy A02;Lente de cámara;Compatible;2,45;;;6
SA-A022-ALT-COM;Samsung;Galaxy A02;Altavoz;Compatible;3,95;;;6
SA-A022-AUR-COM;Samsung;Galaxy A02;Auricular de llamada;Compatible;2,95;;;6
SA-A022-FLX-COM;Samsung;Galaxy A02;Flex de encendido y volumen;Compatible;2,55;;;6
SA-A022-SIM-COM;Samsung;Galaxy A02;Bandeja SIM;Compatible;3,05;;;6
SA-M025-PAN-ORI;Samsung;Galaxy M02s;Pantalla;Original con marco;34,65;33,61;32,57;12
SA-M025-PAN-COM;Samsung;Galaxy M02s;Pantalla;Compatible;15,65;15,18;14,71;6
SA-M025-BAT-ORI;Samsung;Galaxy M02s;Batería;Original;16,85;16,34;15,84;12
SA-M025-BAT-COM;Samsung;Galaxy M02s;Batería;Compatible;9,55;;;6
SA-M025-CON-ORI;Samsung;Galaxy M02s;Conector de carga;Original;13,30;12,90;12,50;12
SA-M025-CON-COM;Samsung;Galaxy M02s;Conector de carga;Compatible;5,35;;;6
SA-M025-TAP-COM;Samsung;Galaxy M02s;Tapa trasera;Compatible;5,20;;;6
SA-M025-CTR-COM;Samsung;Galaxy M02s;Cámara trasera;Compatible;7,59;;;6
SA-M025-CFR-COM;Samsung;Galaxy M02s;Cámara frontal;Compatible;4,95;;;6
SA-M025-LEN-COM;Samsung;Galaxy M02s;Lente de cámara;Compatible;2,59;;;6
SA-M025-ALT-COM;Samsung;Galaxy M02s;Altavoz;Compatible;4,10;;;6
SA-M025-AUR-COM;Samsung;Galaxy M02s;Auricular de llamada;Compatible;2,95;;;6
SA-M025-FLX-COM;Samsung;Galaxy M02s;Flex de encendido y volumen;Compatible;2,69;;;6
SA-M025-SIM-COM;Samsung;Galaxy M02s;Bandeja SIM;Compatible;3,10;;;6
SA-M21S-PAN-ORI;Samsung;Galaxy M21s;Pantalla;Original con marco;57,85;56,11;54,38;12
SA-M21S-PAN-INC;Samsung;Galaxy M21s;Pantalla;Incell;21,75;21,10;20,45;6
SA-M21S-BAT-ORI;Samsung;Galaxy M21s;Batería;Original;19,70;19,11;18,52;12
SA-M21S-BAT-COM;Samsung;Galaxy M21s;Batería;Compatible;10,35;10,04;9,73;6
SA-M21S-CON-ORI;Samsung;Galaxy M21s;Conector de carga;Original;16,50;16,01;15,51;12
SA-M21S-CON-COM;Samsung;Galaxy M21s;Conector de carga;Compatible;6,65;;;6
SA-M21S-TAP-COM;Samsung;Galaxy M21s;Tapa trasera;Compatible;5,85;;;6
SA-M21S-CTR-COM;Samsung;Galaxy M21s;Cámara trasera;Compatible;8,60;;;6
SA-M21S-CFR-COM;Samsung;Galaxy M21s;Cámara frontal;Compatible;5,25;;;6
SA-M21S-LEN-COM;Samsung;Galaxy M21s;Lente de cámara;Compatible;2,50;;;6
SA-M21S-ALT-COM;Samsung;Galaxy M21s;Altavoz;Compatible;4,20;;;6
SA-M21S-AUR-COM;Samsung;Galaxy M21s;Auricular de llamada;Compatible;2,90;;;6
SA-M21S-FLX-COM;Samsung;Galaxy M21s;Flex de encendido y volumen;Compatible;2,60;;;6
SA-M21S-SIM-COM;Samsung;Galaxy M21s;Bandeja SIM;Compatible;2,95;;;6
SA-F415-PAN-ORI;Samsung;Galaxy F41;Pantalla;Original con marco;52,25;50,68;49,11;12
SA-F415-PAN-INC;Samsung;Galaxy F41;Pantalla;Incell;22,20;21,53;20,87;6
SA-F415-BAT-ORI;Samsung;Galaxy F41;Batería;Original;19,70;19,11;18,52;12
SA-F415-BAT-COM;Samsung;Galaxy F41;Batería;Compatible;10,35;10,04;9,73;6
SA-F415-CON-ORI;Samsung;Galaxy F41;Conector de carga;Original;16,50;16,01;15,51;12
SA-F415-CON-COM;Samsung;Galaxy F41;Conector de carga;Compatible;6,65;;;6
SA-F415-TAP-COM;Samsung;Galaxy F41;Tapa trasera;Compatible;5,85;;;6
SA-F415-CTR-COM;Samsung;Galaxy F41;Cámara trasera;Compatible;8,60;;;6
SA-F415-CFR-COM;Samsung;Galaxy F41;Cámara frontal;Compatible;5,25;;;6
SA-F415-LEN-COM;Samsung;Galaxy F41;Lente de cámara;Compatible;2,50;;;6
SA-F415-ALT-COM;Samsung;Galaxy F41;Altavoz;Compatible;4,20;;;6
SA-F415-AUR-COM;Samsung;Galaxy F41;Auricular de llamada;Compatible;2,90;;;6
SA-F415-FLX-COM;Samsung;Galaxy F41;Flex de encendido y volumen;Compatible;2,60;;;6
SA-F415-SIM-COM;Samsung;Galaxy F41;Bandeja SIM;Compatible;2,95;;;6
SA-A013-PAN-ORI;Samsung;Galaxy A01 Core;Pantalla;Original con marco;33,09;32,10;31,10;12
SA-A013-PAN-COM;Samsung;Galaxy A01 Core;Pantalla;Compatible;15,45;14,99;14,52;6
SA-A013-BAT-ORI;Samsung;Galaxy A01 Core;Batería;Original;17,10;16,59;16,07;12
SA-A013-BAT-COM;Samsung;Galaxy A01 Core;Batería;Compatible;9,60;;;6
SA-A013-CON-ORI;Samsung;Galaxy A01 Core;Conector de carga;Original;13,29;12,89;12,49;12
SA-A013-CON-COM;Samsung;Galaxy A01 Core;Conector de carga;Compatible;5,55;;;6
SA-A013-TAP-COM;Samsung;Galaxy A01 Core;Tapa trasera;Compatible;4,79;;;6
SA-A013-CTR-COM;Samsung;Galaxy A01 Core;Cámara trasera;Compatible;7,50;;;6
SA-A013-CFR-COM;Samsung;Galaxy A01 Core;Cámara frontal;Compatible;5,25;;;6
SA-A013-LEN-COM;Samsung;Galaxy A01 Core;Lente de cámara;Compatible;2,45;;;6
SA-A013-ALT-COM;Samsung;Galaxy A01 Core;Altavoz;Compatible;3,95;;;6
SA-A013-AUR-COM;Samsung;Galaxy A01 Core;Auricular de llamada;Compatible;2,95;;;6
SA-A013-FLX-COM;Samsung;Galaxy A01 Core;Flex de encendido y volumen;Compatible;2,55;;;6
SA-A013-SIM-COM;Samsung;Galaxy A01 Core;Bandeja SIM;Compatible;3,05;;;6
SA-A515UW-PAN-ORI;Samsung;Galaxy A51 5G UW;Pantalla;Original con marco;60,45;58,64;56,82;12
SA-A515UW-PAN-OLS;Samsung;Galaxy A51 5G UW;Pantalla;OLED Soft;42,00;40,74;39,48;6
SA-A515UW-PAN-OLH;Samsung;Galaxy A51 5G UW;Pantalla;OLED Hard;39,40;38,22;37,04;6
SA-A515UW-PAN-INC;Samsung;Galaxy A51 5G UW;Pantalla;Incell;20,65;20,03;19,41;6
SA-A515UW-BAT-ORI;Samsung;Galaxy A51 5G UW;Batería;Original;22,85;22,16;21,48;12
SA-A515UW-BAT-COM;Samsung;Galaxy A51 5G UW;Batería;Compatible;11,20;10,86;10,53;6
SA-A515UW-CON-ORI;Samsung;Galaxy A51 5G UW;Conector de carga;Original;15,39;14,93;14,47;12
SA-A515UW-CON-COM;Samsung;Galaxy A51 5G UW;Conector de carga;Compatible;6,45;;;6
SA-A515UW-TAP-COM;Samsung;Galaxy A51 5G UW;Tapa trasera;Compatible;5,45;;;6
SA-A515UW-CTR-COM;Samsung;Galaxy A51 5G UW;Cámara trasera;Compatible;10,35;10,04;9,73;6
SA-A515UW-CFR-COM;Samsung;Galaxy A51 5G UW;Cámara frontal;Compatible;5,95;;;6
SA-A515UW-LEN-COM;Samsung;Galaxy A51 5G UW;Lente de cámara;Compatible;2,80;;;6
SA-A515UW-ALT-COM;Samsung;Galaxy A51 5G UW;Altavoz;Compatible;4,49;;;6
SA-A515UW-AUR-COM;Samsung;Galaxy A51 5G UW;Auricular de llamada;Compatible;3,65;;;6
SA-A515UW-FLX-COM;Samsung;Galaxy A51 5G UW;Flex de encendido y volumen;Compatible;3,20;;;6
SA-A515UW-SIM-COM;Samsung;Galaxy A51 5G UW;Bandeja SIM;Compatible;3,35;;;6
SA-A715UW-PAN-ORI;Samsung;Galaxy A71 5G UW;Pantalla;Original con marco;60,45;58,64;56,82;12
SA-A715UW-PAN-OLS;Samsung;Galaxy A71 5G UW;Pantalla;OLED Soft;42,00;40,74;39,48;6
SA-A715UW-PAN-OLH;Samsung;Galaxy A71 5G UW;Pantalla;OLED Hard;39,40;38,22;37,04;6
SA-A715UW-PAN-INC;Samsung;Galaxy A71 5G UW;Pantalla;Incell;20,65;20,03;19,41;6
SA-A715UW-BAT-ORI;Samsung;Galaxy A71 5G UW;Batería;Original;22,85;22,16;21,48;12
SA-A715UW-BAT-COM;Samsung;Galaxy A71 5G UW;Batería;Compatible;11,20;10,86;10,53;6
SA-A715UW-CON-ORI;Samsung;Galaxy A71 5G UW;Conector de carga;Original;15,39;14,93;14,47;12
SA-A715UW-CON-COM;Samsung;Galaxy A71 5G UW;Conector de carga;Compatible;6,45;;;6
SA-A715UW-TAP-COM;Samsung;Galaxy A71 5G UW;Tapa trasera;Compatible;5,45;;;6
SA-A715UW-CTR-COM;Samsung;Galaxy A71 5G UW;Cámara trasera;Compatible;10,35;10,04;9,73;6
SA-A715UW-CFR-COM;Samsung;Galaxy A71 5G UW;Cámara frontal;Compatible;5,95;;;6
SA-A715UW-LEN-COM;Samsung;Galaxy A71 5G UW;Lente de cámara;Compatible;2,80;;;6
SA-A715UW-ALT-COM;Samsung;Galaxy A71 5G UW;Altavoz;Compatible;4,49;;;6
SA-A715UW-AUR-COM;Samsung;Galaxy A71 5G UW;Auricular de llamada;Compatible;3,65;;;6
SA-A715UW-FLX-COM;Samsung;Galaxy A71 5G UW;Flex de encendido y volumen;Compatible;3,20;;;6
SA-A715UW-SIM-COM;Samsung;Galaxy A71 5G UW;Bandeja SIM;Compatible;3,35;;;6
SA-M017-PAN-ORI;Samsung;Galaxy M01s;Pantalla;Original con marco;34,65;33,61;32,57;12
SA-M017-PAN-COM;Samsung;Galaxy M01s;Pantalla;Compatible;15,65;15,18;14,71;6
SA-M017-BAT-ORI;Samsung;Galaxy M01s;Batería;Original;16,85;16,34;15,84;12
SA-M017-BAT-COM;Samsung;Galaxy M01s;Batería;Compatible;9,55;;;6
SA-M017-CON-ORI;Samsung;Galaxy M01s;Conector de carga;Original;13,30;12,90;12,50;12
SA-M017-CON-COM;Samsung;Galaxy M01s;Conector de carga;Compatible;5,35;;;6
SA-M017-TAP-COM;Samsung;Galaxy M01s;Tapa trasera;Compatible;5,20;;;6
SA-M017-CTR-COM;Samsung;Galaxy M01s;Cámara trasera;Compatible;7,59;;;6
SA-M017-CFR-COM;Samsung;Galaxy M01s;Cámara frontal;Compatible;4,95;;;6
SA-M017-LEN-COM;Samsung;Galaxy M01s;Lente de cámara;Compatible;2,59;;;6
SA-M017-ALT-COM;Samsung;Galaxy M01s;Altavoz;Compatible;4,10;;;6
SA-M017-AUR-COM;Samsung;Galaxy M01s;Auricular de llamada;Compatible;2,95;;;6
SA-M017-FLX-COM;Samsung;Galaxy M01s;Flex de encendido y volumen;Compatible;2,69;;;6
SA-M017-SIM-COM;Samsung;Galaxy M01s;Bandeja SIM;Compatible;3,10;;;6
SA-M015-PAN-ORI;Samsung;Galaxy M01;Pantalla;Original con marco;34,65;33,61;32,57;12
SA-M015-PAN-COM;Samsung;Galaxy M01;Pantalla;Compatible;15,65;15,18;14,71;6
SA-M015-BAT-ORI;Samsung;Galaxy M01;Batería;Original;16,85;16,34;15,84;12
SA-M015-BAT-COM;Samsung;Galaxy M01;Batería;Compatible;9,55;;;6
SA-M015-CON-ORI;Samsung;Galaxy M01;Conector de carga;Original;13,30;12,90;12,50;12
SA-M015-CON-COM;Samsung;Galaxy M01;Conector de carga;Compatible;5,35;;;6
SA-M015-TAP-COM;Samsung;Galaxy M01;Tapa trasera;Compatible;5,20;;;6
SA-M015-CTR-COM;Samsung;Galaxy M01;Cámara trasera;Compatible;7,59;;;6
SA-M015-CFR-COM;Samsung;Galaxy M01;Cámara frontal;Compatible;4,95;;;6
SA-M015-LEN-COM;Samsung;Galaxy M01;Lente de cámara;Compatible;2,59;;;6
SA-M015-ALT-COM;Samsung;Galaxy M01;Altavoz;Compatible;4,10;;;6
SA-M015-AUR-COM;Samsung;Galaxy M01;Auricular de llamada;Compatible;2,95;;;6
SA-M015-FLX-COM;Samsung;Galaxy M01;Flex de encendido y volumen;Compatible;2,69;;;6
SA-M015-SIM-COM;Samsung;Galaxy M01;Bandeja SIM;Compatible;3,10;;;6
SA-A215-PAN-ORI;Samsung;Galaxy A21;Pantalla;Original con marco;42,65;41,37;40,09;12
SA-A215-PAN-COM;Samsung;Galaxy A21;Pantalla;Compatible;17,85;17,31;16,78;6
SA-A215-BAT-ORI;Samsung;Galaxy A21;Batería;Original;20,05;19,45;18,85;12
SA-A215-BAT-COM;Samsung;Galaxy A21;Batería;Compatible;10,40;10,09;9,78;6
SA-A215-CON-ORI;Samsung;Galaxy A21;Conector de carga;Original;16,49;16,00;15,50;12
SA-A215-CON-COM;Samsung;Galaxy A21;Conector de carga;Compatible;6,89;;;6
SA-A215-TAP-COM;Samsung;Galaxy A21;Tapa trasera;Compatible;5,35;;;6
SA-A215-CTR-COM;Samsung;Galaxy A21;Cámara trasera;Compatible;8,55;;;6
SA-A215-CFR-COM;Samsung;Galaxy A21;Cámara frontal;Compatible;5,60;;;6
SA-A215-LEN-COM;Samsung;Galaxy A21;Lente de cámara;Compatible;2,35;;;6
SA-A215-ALT-COM;Samsung;Galaxy A21;Altavoz;Compatible;4,05;;;6
SA-A215-AUR-COM;Samsung;Galaxy A21;Auricular de llamada;Compatible;2,90;;;6
SA-A215-FLX-COM;Samsung;Galaxy A21;Flex de encendido y volumen;Compatible;2,49;;;6
SA-A215-SIM-COM;Samsung;Galaxy A21;Bandeja SIM;Compatible;2,90;;;6
SA-A716-PAN-ORI;Samsung;Galaxy A71 5G;Pantalla;Original con marco;60,45;58,64;56,82;12
SA-A716-PAN-OLS;Samsung;Galaxy A71 5G;Pantalla;OLED Soft;42,00;40,74;39,48;6
SA-A716-PAN-OLH;Samsung;Galaxy A71 5G;Pantalla;OLED Hard;39,40;38,22;37,04;6
SA-A716-PAN-INC;Samsung;Galaxy A71 5G;Pantalla;Incell;20,65;20,03;19,41;6
SA-A716-BAT-ORI;Samsung;Galaxy A71 5G;Batería;Original;22,85;22,16;21,48;12
SA-A716-BAT-COM;Samsung;Galaxy A71 5G;Batería;Compatible;11,20;10,86;10,53;6
SA-A716-CON-ORI;Samsung;Galaxy A71 5G;Conector de carga;Original;15,39;14,93;14,47;12
SA-A716-CON-COM;Samsung;Galaxy A71 5G;Conector de carga;Compatible;6,45;;;6
SA-A716-TAP-COM;Samsung;Galaxy A71 5G;Tapa trasera;Compatible;5,45;;;6
SA-A716-CTR-COM;Samsung;Galaxy A71 5G;Cámara trasera;Compatible;10,35;10,04;9,73;6
SA-A716-CFR-COM;Samsung;Galaxy A71 5G;Cámara frontal;Compatible;5,95;;;6
SA-A716-LEN-COM;Samsung;Galaxy A71 5G;Lente de cámara;Compatible;2,80;;;6
SA-A716-ALT-COM;Samsung;Galaxy A71 5G;Altavoz;Compatible;4,49;;;6
SA-A716-AUR-COM;Samsung;Galaxy A71 5G;Auricular de llamada;Compatible;3,65;;;6
SA-A716-FLX-COM;Samsung;Galaxy A71 5G;Flex de encendido y volumen;Compatible;3,20;;;6
SA-A716-SIM-COM;Samsung;Galaxy A71 5G;Bandeja SIM;Compatible;3,35;;;6
SA-J2C20-PAN-ORI;Samsung;Galaxy J2 Core 2020;Pantalla;Original con marco;34,65;33,61;32,57;12
SA-J2C20-PAN-COM;Samsung;Galaxy J2 Core 2020;Pantalla;Compatible;15,65;15,18;14,71;6
SA-J2C20-BAT-ORI;Samsung;Galaxy J2 Core 2020;Batería;Original;16,85;16,34;15,84;12
SA-J2C20-BAT-COM;Samsung;Galaxy J2 Core 2020;Batería;Compatible;9,55;;;6
SA-J2C20-CON-ORI;Samsung;Galaxy J2 Core 2020;Conector de carga;Original;13,30;12,90;12,50;12
SA-J2C20-CON-COM;Samsung;Galaxy J2 Core 2020;Conector de carga;Compatible;5,35;;;6
SA-J2C20-TAP-COM;Samsung;Galaxy J2 Core 2020;Tapa trasera;Compatible;5,20;;;6
SA-J2C20-CTR-COM;Samsung;Galaxy J2 Core 2020;Cámara trasera;Compatible;7,59;;;6
SA-J2C20-CFR-COM;Samsung;Galaxy J2 Core 2020;Cámara frontal;Compatible;4,95;;;6
SA-J2C20-LEN-COM;Samsung;Galaxy J2 Core 2020;Lente de cámara;Compatible;2,59;;;6
SA-J2C20-ALT-COM;Samsung;Galaxy J2 Core 2020;Altavoz;Compatible;4,10;;;6
SA-J2C20-AUR-COM;Samsung;Galaxy J2 Core 2020;Auricular de llamada;Compatible;2,95;;;6
SA-J2C20-FLX-COM;Samsung;Galaxy J2 Core 2020;Flex de encendido y volumen;Compatible;2,69;;;6
SA-J2C20-SIM-COM;Samsung;Galaxy J2 Core 2020;Bandeja SIM;Compatible;3,10;;;6
SA-A115-PAN-ORI;Samsung;Galaxy A11;Pantalla;Original con marco;33,09;32,10;31,10;12
SA-A115-PAN-COM;Samsung;Galaxy A11;Pantalla;Compatible;15,45;14,99;14,52;6
SA-A115-BAT-ORI;Samsung;Galaxy A11;Batería;Original;17,10;16,59;16,07;12
SA-A115-BAT-COM;Samsung;Galaxy A11;Batería;Compatible;9,60;;;6
SA-A115-CON-ORI;Samsung;Galaxy A11;Conector de carga;Original;13,29;12,89;12,49;12
SA-A115-CON-COM;Samsung;Galaxy A11;Conector de carga;Compatible;5,55;;;6
SA-A115-TAP-COM;Samsung;Galaxy A11;Tapa trasera;Compatible;4,79;;;6
SA-A115-CTR-COM;Samsung;Galaxy A11;Cámara trasera;Compatible;7,50;;;6
SA-A115-CFR-COM;Samsung;Galaxy A11;Cámara frontal;Compatible;5,25;;;6
SA-A115-LEN-COM;Samsung;Galaxy A11;Lente de cámara;Compatible;2,45;;;6
SA-A115-ALT-COM;Samsung;Galaxy A11;Altavoz;Compatible;3,95;;;6
SA-A115-AUR-COM;Samsung;Galaxy A11;Auricular de llamada;Compatible;2,95;;;6
SA-A115-FLX-COM;Samsung;Galaxy A11;Flex de encendido y volumen;Compatible;2,55;;;6
SA-A115-SIM-COM;Samsung;Galaxy A11;Bandeja SIM;Compatible;3,05;;;6
SA-A015-PAN-ORI;Samsung;Galaxy A01;Pantalla;Original con marco;30,05;29,15;28,25;12
SA-A015-PAN-COM;Samsung;Galaxy A01;Pantalla;Compatible;14,55;14,11;13,68;6
SA-A015-BAT-ORI;Samsung;Galaxy A01;Batería;Original;18,85;18,28;17,72;12
SA-A015-BAT-COM;Samsung;Galaxy A01;Batería;Compatible;11,25;10,91;10,58;6
SA-A015-CON-ORI;Samsung;Galaxy A01;Conector de carga;Original;13,89;13,47;13,06;12
SA-A015-CON-COM;Samsung;Galaxy A01;Conector de carga;Compatible;5,80;;;6
SA-A015-TAP-COM;Samsung;Galaxy A01;Tapa trasera;Compatible;4,65;;;6
SA-A015-CTR-COM;Samsung;Galaxy A01;Cámara trasera;Compatible;9,20;;;6
SA-A015-CFR-COM;Samsung;Galaxy A01;Cámara frontal;Compatible;7,15;;;6
SA-A015-LEN-COM;Samsung;Galaxy A01;Lente de cámara;Compatible;2,40;;;6
SA-A015-ALT-COM;Samsung;Galaxy A01;Altavoz;Compatible;4,35;;;6
SA-A015-AUR-COM;Samsung;Galaxy A01;Auricular de llamada;Compatible;3,25;;;6
SA-A015-FLX-COM;Samsung;Galaxy A01;Flex de encendido y volumen;Compatible;2,75;;;6
SA-A015-SIM-COM;Samsung;Galaxy A01;Bandeja SIM;Compatible;2,99;;;6
SA-A707-PAN-ORI;Samsung;Galaxy A70s;Pantalla;Original con marco;54,95;53,30;51,65;12
SA-A707-PAN-OLS;Samsung;Galaxy A70s;Pantalla;OLED Soft;39,55;38,36;37,18;6
SA-A707-PAN-OLH;Samsung;Galaxy A70s;Pantalla;OLED Hard;37,10;35,99;34,87;6
SA-A707-PAN-INC;Samsung;Galaxy A70s;Pantalla;Incell;19,45;18,87;18,28;6
SA-A707-BAT-ORI;Samsung;Galaxy A70s;Batería;Original;25,15;24,40;23,64;12
SA-A707-BAT-COM;Samsung;Galaxy A70s;Batería;Compatible;13,10;12,71;12,31;6
SA-A707-CON-ORI;Samsung;Galaxy A70s;Conector de carga;Original;16,09;15,61;15,12;12
SA-A707-CON-COM;Samsung;Galaxy A70s;Conector de carga;Compatible;6,70;;;6
SA-A707-TAP-COM;Samsung;Galaxy A70s;Tapa trasera;Compatible;5,30;;;6
SA-A707-CTR-COM;Samsung;Galaxy A70s;Cámara trasera;Compatible;12,75;12,37;11,99;6
SA-A707-CFR-COM;Samsung;Galaxy A70s;Cámara frontal;Compatible;8,05;;;6
SA-A707-LEN-COM;Samsung;Galaxy A70s;Lente de cámara;Compatible;2,80;;;6
SA-A707-ALT-COM;Samsung;Galaxy A70s;Altavoz;Compatible;4,89;;;6
SA-A707-AUR-COM;Samsung;Galaxy A70s;Auricular de llamada;Compatible;4,00;;;6
SA-A707-FLX-COM;Samsung;Galaxy A70s;Flex de encendido y volumen;Compatible;3,49;;;6
SA-A707-SIM-COM;Samsung;Galaxy A70s;Bandeja SIM;Compatible;3,25;;;6
SA-M107-PAN-ORI;Samsung;Galaxy M10s;Pantalla;Original con marco;44,25;42,92;41,60;12
SA-M107-PAN-INC;Samsung;Galaxy M10s;Pantalla;Incell;17,70;17,17;16,64;6
SA-M107-BAT-ORI;Samsung;Galaxy M10s;Batería;Original;18,55;17,99;17,44;12
SA-M107-BAT-COM;Samsung;Galaxy M10s;Batería;Compatible;11,19;10,85;10,52;6
SA-M107-CON-ORI;Samsung;Galaxy M10s;Conector de carga;Original;13,90;13,48;13,07;12
SA-M107-CON-COM;Samsung;Galaxy M10s;Conector de carga;Compatible;5,59;;;6
SA-M107-TAP-COM;Samsung;Galaxy M10s;Tapa trasera;Compatible;5,09;;;6
SA-M107-CTR-COM;Samsung;Galaxy M10s;Cámara trasera;Compatible;9,29;;;6
SA-M107-CFR-COM;Samsung;Galaxy M10s;Cámara frontal;Compatible;6,70;;;6
SA-M107-LEN-COM;Samsung;Galaxy M10s;Lente de cámara;Compatible;2,55;;;6
SA-M107-ALT-COM;Samsung;Galaxy M10s;Altavoz;Compatible;4,45;;;6
SA-M107-AUR-COM;Samsung;Galaxy M10s;Auricular de llamada;Compatible;3,25;;;6
SA-M107-FLX-COM;Samsung;Galaxy M10s;Flex de encendido y volumen;Compatible;2,90;;;6
SA-M107-SIM-COM;Samsung;Galaxy M10s;Bandeja SIM;Compatible;3,05;;;6
SA-A102-PAN-ORI;Samsung;Galaxy A10e;Pantalla;Original con marco;30,05;29,15;28,25;12
SA-A102-PAN-COM;Samsung;Galaxy A10e;Pantalla;Compatible;14,55;14,11;13,68;6
SA-A102-BAT-ORI;Samsung;Galaxy A10e;Batería;Original;18,85;18,28;17,72;12
SA-A102-BAT-COM;Samsung;Galaxy A10e;Batería;Compatible;11,25;10,91;10,58;6
SA-A102-CON-ORI;Samsung;Galaxy A10e;Conector de carga;Original;13,89;13,47;13,06;12
SA-A102-CON-COM;Samsung;Galaxy A10e;Conector de carga;Compatible;5,80;;;6
SA-A102-TAP-COM;Samsung;Galaxy A10e;Tapa trasera;Compatible;4,65;;;6
SA-A102-CTR-COM;Samsung;Galaxy A10e;Cámara trasera;Compatible;9,20;;;6
SA-A102-CFR-COM;Samsung;Galaxy A10e;Cámara frontal;Compatible;7,15;;;6
SA-A102-LEN-COM;Samsung;Galaxy A10e;Lente de cámara;Compatible;2,40;;;6
SA-A102-ALT-COM;Samsung;Galaxy A10e;Altavoz;Compatible;4,35;;;6
SA-A102-AUR-COM;Samsung;Galaxy A10e;Auricular de llamada;Compatible;3,25;;;6
SA-A102-FLX-COM;Samsung;Galaxy A10e;Flex de encendido y volumen;Compatible;2,75;;;6
SA-A102-SIM-COM;Samsung;Galaxy A10e;Bandeja SIM;Compatible;2,99;;;6
SA-A107-PAN-COM;Samsung;Galaxy A10s;Pantalla;Compatible;14,55;14,11;13,68;6
SA-A107-BAT-ORI;Samsung;Galaxy A10s;Batería;Original;18,85;18,28;17,72;12
SA-A107-BAT-COM;Samsung;Galaxy A10s;Batería;Compatible;11,25;10,91;10,58;6
SA-A107-CON-ORI;Samsung;Galaxy A10s;Conector de carga;Original;13,89;13,47;13,06;12
SA-A107-CON-COM;Samsung;Galaxy A10s;Conector de carga;Compatible;5,80;;;6
SA-A107-TAP-COM;Samsung;Galaxy A10s;Tapa trasera;Compatible;4,65;;;6
SA-A107-CTR-COM;Samsung;Galaxy A10s;Cámara trasera;Compatible;9,20;;;6
SA-A107-CFR-COM;Samsung;Galaxy A10s;Cámara frontal;Compatible;7,15;;;6
SA-A107-LEN-COM;Samsung;Galaxy A10s;Lente de cámara;Compatible;2,40;;;6
SA-A107-ALT-COM;Samsung;Galaxy A10s;Altavoz;Compatible;4,35;;;6
SA-A107-AUR-COM;Samsung;Galaxy A10s;Auricular de llamada;Compatible;3,25;;;6
SA-A107-FLX-COM;Samsung;Galaxy A10s;Flex de encendido y volumen;Compatible;2,75;;;6
SA-A107-SIM-COM;Samsung;Galaxy A10s;Bandeja SIM;Compatible;2,99;;;6
SA-A606-PAN-ORI;Samsung;Galaxy A60;Pantalla;Original con marco;39,15;37,98;36,80;12
SA-A606-PAN-COM;Samsung;Galaxy A60;Pantalla;Compatible;16,19;15,70;15,22;6
SA-A606-BAT-ORI;Samsung;Galaxy A60;Batería;Original;25,15;24,40;23,64;12
SA-A606-BAT-COM;Samsung;Galaxy A60;Batería;Compatible;13,10;12,71;12,31;6
SA-A606-CON-ORI;Samsung;Galaxy A60;Conector de carga;Original;16,09;15,61;15,12;12
SA-A606-CON-COM;Samsung;Galaxy A60;Conector de carga;Compatible;6,70;;;6
SA-A606-TAP-COM;Samsung;Galaxy A60;Tapa trasera;Compatible;5,30;;;6
SA-A606-CTR-COM;Samsung;Galaxy A60;Cámara trasera;Compatible;12,75;12,37;11,99;6
SA-A606-CFR-COM;Samsung;Galaxy A60;Cámara frontal;Compatible;8,05;;;6
SA-A606-LEN-COM;Samsung;Galaxy A60;Lente de cámara;Compatible;2,80;;;6
SA-A606-ALT-COM;Samsung;Galaxy A60;Altavoz;Compatible;4,89;;;6
SA-A606-AUR-COM;Samsung;Galaxy A60;Auricular de llamada;Compatible;4,00;;;6
SA-A606-FLX-COM;Samsung;Galaxy A60;Flex de encendido y volumen;Compatible;3,49;;;6
SA-A606-SIM-COM;Samsung;Galaxy A60;Bandeja SIM;Compatible;3,25;;;6
SA-M405-PAN-ORI;Samsung;Galaxy M40;Pantalla;Original con marco;37,45;36,33;35,20;12
SA-M405-PAN-COM;Samsung;Galaxy M40;Pantalla;Compatible;17,05;16,54;16,03;6
SA-M405-BAT-ORI;Samsung;Galaxy M40;Batería;Original;21,70;21,05;20,40;12
SA-M405-BAT-COM;Samsung;Galaxy M40;Batería;Compatible;12,10;11,74;11,37;6
SA-M405-CON-ORI;Samsung;Galaxy M40;Conector de carga;Original;17,25;16,73;16,22;12
SA-M405-CON-COM;Samsung;Galaxy M40;Conector de carga;Compatible;6,95;;;6
SA-M405-TAP-COM;Samsung;Galaxy M40;Tapa trasera;Compatible;5,70;;;6
SA-M405-CTR-COM;Samsung;Galaxy M40;Cámara trasera;Compatible;10,59;10,27;9,95;6
SA-M405-CFR-COM;Samsung;Galaxy M40;Cámara frontal;Compatible;7,15;;;6
SA-M405-LEN-COM;Samsung;Galaxy M40;Lente de cámara;Compatible;2,49;;;6
SA-M405-ALT-COM;Samsung;Galaxy M40;Altavoz;Compatible;4,55;;;6
SA-M405-AUR-COM;Samsung;Galaxy M40;Auricular de llamada;Compatible;3,19;;;6
SA-M405-FLX-COM;Samsung;Galaxy M40;Flex de encendido y volumen;Compatible;2,85;;;6
SA-M405-SIM-COM;Samsung;Galaxy M40;Bandeja SIM;Compatible;2,89;;;6
SA-A260-PAN-ORI;Samsung;Galaxy A2 Core;Pantalla;Original con marco;35,75;34,68;33,60;12
SA-A260-PAN-COM;Samsung;Galaxy A2 Core;Pantalla;Compatible;16,85;16,34;15,84;6
SA-A260-BAT-ORI;Samsung;Galaxy A2 Core;Batería;Original;22,05;21,39;20,73;12
SA-A260-BAT-COM;Samsung;Galaxy A2 Core;Batería;Compatible;12,15;11,79;11,42;6
SA-A260-CON-ORI;Samsung;Galaxy A2 Core;Conector de carga;Original;17,25;16,73;16,22;12
SA-A260-CON-COM;Samsung;Galaxy A2 Core;Conector de carga;Compatible;7,20;;;6
SA-A260-TAP-COM;Samsung;Galaxy A2 Core;Tapa trasera;Compatible;5,25;;;6
SA-A260-CTR-COM;Samsung;Galaxy A2 Core;Cámara trasera;Compatible;10,49;10,18;9,86;6
SA-A260-CFR-COM;Samsung;Galaxy A2 Core;Cámara frontal;Compatible;7,60;;;6
SA-A260-LEN-COM;Samsung;Galaxy A2 Core;Lente de cámara;Compatible;2,35;;;6
SA-A260-ALT-COM;Samsung;Galaxy A2 Core;Altavoz;Compatible;4,40;;;6
SA-A260-AUR-COM;Samsung;Galaxy A2 Core;Auricular de llamada;Compatible;3,20;;;6
SA-A260-FLX-COM;Samsung;Galaxy A2 Core;Flex de encendido y volumen;Compatible;2,69;;;6
SA-A260-SIM-COM;Samsung;Galaxy A2 Core;Bandeja SIM;Compatible;2,85;;;6
SA-A205-PAN-ORI;Samsung;Galaxy A20;Pantalla;Original con marco;42,65;41,37;40,09;12
SA-A205-PAN-OLS;Samsung;Galaxy A20;Pantalla;OLED Soft;41,15;39,92;38,68;6
SA-A205-PAN-OLH;Samsung;Galaxy A20;Pantalla;OLED Hard;38,59;37,43;36,27;6
SA-A205-PAN-INC;Samsung;Galaxy A20;Pantalla;Incell;20,25;19,64;19,04;6
SA-A205-BAT-ORI;Samsung;Galaxy A20;Batería;Original;22,05;21,39;20,73;12
SA-A205-BAT-COM;Samsung;Galaxy A20;Batería;Compatible;12,15;11,79;11,42;6
SA-A205-CON-ORI;Samsung;Galaxy A20;Conector de carga;Original;17,25;16,73;16,22;12
SA-A205-CON-COM;Samsung;Galaxy A20;Conector de carga;Compatible;7,20;;;6
SA-A205-TAP-COM;Samsung;Galaxy A20;Tapa trasera;Compatible;5,25;;;6
SA-A205-CTR-COM;Samsung;Galaxy A20;Cámara trasera;Compatible;10,49;10,18;9,86;6
SA-A205-CFR-COM;Samsung;Galaxy A20;Cámara frontal;Compatible;7,60;;;6
SA-A205-LEN-COM;Samsung;Galaxy A20;Lente de cámara;Compatible;2,35;;;6
SA-A205-ALT-COM;Samsung;Galaxy A20;Altavoz;Compatible;4,40;;;6
SA-A205-AUR-COM;Samsung;Galaxy A20;Auricular de llamada;Compatible;3,20;;;6
SA-A205-FLX-COM;Samsung;Galaxy A20;Flex de encendido y volumen;Compatible;2,69;;;6
SA-A205-SIM-COM;Samsung;Galaxy A20;Bandeja SIM;Compatible;2,85;;;6
SA-A305-PAN-ORI;Samsung;Galaxy A30;Pantalla;Original con marco;47,79;46,36;44,92;12
SA-A305-PAN-OLS;Samsung;Galaxy A30;Pantalla;OLED Soft;41,15;39,92;38,68;6
SA-A305-PAN-OLH;Samsung;Galaxy A30;Pantalla;OLED Hard;38,59;37,43;36,27;6
SA-A305-PAN-INC;Samsung;Galaxy A30;Pantalla;Incell;20,25;19,64;19,04;6
SA-A305-BAT-ORI;Samsung;Galaxy A30;Batería;Original;22,05;21,39;20,73;12
SA-A305-BAT-COM;Samsung;Galaxy A30;Batería;Compatible;12,15;11,79;11,42;6
SA-A305-CON-ORI;Samsung;Galaxy A30;Conector de carga;Original;17,25;16,73;16,22;12
SA-A305-CON-COM;Samsung;Galaxy A30;Conector de carga;Compatible;7,20;;;6
SA-A305-TAP-COM;Samsung;Galaxy A30;Tapa trasera;Compatible;5,25;;;6
SA-A305-CTR-COM;Samsung;Galaxy A30;Cámara trasera;Compatible;10,49;10,18;9,86;6
SA-A305-CFR-COM;Samsung;Galaxy A30;Cámara frontal;Compatible;7,60;;;6
SA-A305-LEN-COM;Samsung;Galaxy A30;Lente de cámara;Compatible;2,35;;;6
SA-A305-ALT-COM;Samsung;Galaxy A30;Altavoz;Compatible;4,40;;;6
SA-A305-AUR-COM;Samsung;Galaxy A30;Auricular de llamada;Compatible;3,20;;;6
SA-A305-FLX-COM;Samsung;Galaxy A30;Flex de encendido y volumen;Compatible;2,69;;;6
SA-A305-SIM-COM;Samsung;Galaxy A30;Bandeja SIM;Compatible;2,85;;;6
SA-M305-PAN-ORI;Samsung;Galaxy M30;Pantalla;Original con marco;52,60;51,02;49,44;12
SA-M305-PAN-INC;Samsung;Galaxy M30;Pantalla;Incell;20,50;19,88;19,27;6
SA-M305-BAT-ORI;Samsung;Galaxy M30;Batería;Original;21,70;21,05;20,40;12
SA-M305-BAT-COM;Samsung;Galaxy M30;Batería;Compatible;12,10;11,74;11,37;6
SA-M305-CON-ORI;Samsung;Galaxy M30;Conector de carga;Original;17,25;16,73;16,22;12
SA-M305-CON-COM;Samsung;Galaxy M30;Conector de carga;Compatible;6,95;;;6
SA-M305-TAP-COM;Samsung;Galaxy M30;Tapa trasera;Compatible;5,70;;;6
SA-M305-CTR-COM;Samsung;Galaxy M30;Cámara trasera;Compatible;10,59;10,27;9,95;6
SA-M305-CFR-COM;Samsung;Galaxy M30;Cámara frontal;Compatible;7,15;;;6
SA-M305-LEN-COM;Samsung;Galaxy M30;Lente de cámara;Compatible;2,49;;;6
SA-M305-ALT-COM;Samsung;Galaxy M30;Altavoz;Compatible;4,55;;;6
SA-M305-AUR-COM;Samsung;Galaxy M30;Auricular de llamada;Compatible;3,19;;;6
SA-M305-FLX-COM;Samsung;Galaxy M30;Flex de encendido y volumen;Compatible;2,85;;;6
SA-M305-SIM-COM;Samsung;Galaxy M30;Bandeja SIM;Compatible;2,89;;;6
SA-J2P-PAN-ORI;Samsung;Galaxy J2 Pure;Pantalla;Original con marco;31,50;30,56;29,61;12
SA-J2P-PAN-COM;Samsung;Galaxy J2 Pure;Pantalla;Compatible;14,75;14,31;13,86;6
SA-J2P-BAT-ORI;Samsung;Galaxy J2 Pure;Batería;Original;18,55;17,99;17,44;12
SA-J2P-BAT-COM;Samsung;Galaxy J2 Pure;Batería;Compatible;11,19;10,85;10,52;6
SA-J2P-CON-ORI;Samsung;Galaxy J2 Pure;Conector de carga;Original;13,90;13,48;13,07;12
SA-J2P-CON-COM;Samsung;Galaxy J2 Pure;Conector de carga;Compatible;5,59;;;6
SA-J2P-TAP-COM;Samsung;Galaxy J2 Pure;Tapa trasera;Compatible;5,09;;;6
SA-J2P-CTR-COM;Samsung;Galaxy J2 Pure;Cámara trasera;Compatible;9,29;;;6
SA-J2P-CFR-COM;Samsung;Galaxy J2 Pure;Cámara frontal;Compatible;6,70;;;6
SA-J2P-LEN-COM;Samsung;Galaxy J2 Pure;Lente de cámara;Compatible;2,55;;;6
SA-J2P-ALT-COM;Samsung;Galaxy J2 Pure;Altavoz;Compatible;4,45;;;6
SA-J2P-AUR-COM;Samsung;Galaxy J2 Pure;Auricular de llamada;Compatible;3,25;;;6
SA-J2P-FLX-COM;Samsung;Galaxy J2 Pure;Flex de encendido y volumen;Compatible;2,90;;;6
SA-J2P-SIM-COM;Samsung;Galaxy J2 Pure;Bandeja SIM;Compatible;3,05;;;6
SA-M105-PAN-ORI;Samsung;Galaxy M10;Pantalla;Original con marco;31,50;30,56;29,61;12
SA-M105-PAN-COM;Samsung;Galaxy M10;Pantalla;Compatible;14,75;14,31;13,86;6
SA-M105-BAT-ORI;Samsung;Galaxy M10;Batería;Original;18,55;17,99;17,44;12
SA-M105-BAT-COM;Samsung;Galaxy M10;Batería;Compatible;11,19;10,85;10,52;6
SA-M105-CON-ORI;Samsung;Galaxy M10;Conector de carga;Original;13,90;13,48;13,07;12
SA-M105-CON-COM;Samsung;Galaxy M10;Conector de carga;Compatible;5,59;;;6
SA-M105-TAP-COM;Samsung;Galaxy M10;Tapa trasera;Compatible;5,09;;;6
SA-M105-CTR-COM;Samsung;Galaxy M10;Cámara trasera;Compatible;9,29;;;6
SA-M105-CFR-COM;Samsung;Galaxy M10;Cámara frontal;Compatible;6,70;;;6
SA-M105-LEN-COM;Samsung;Galaxy M10;Lente de cámara;Compatible;2,55;;;6
SA-M105-ALT-COM;Samsung;Galaxy M10;Altavoz;Compatible;4,45;;;6
SA-M105-AUR-COM;Samsung;Galaxy M10;Auricular de llamada;Compatible;3,25;;;6
SA-M105-FLX-COM;Samsung;Galaxy M10;Flex de encendido y volumen;Compatible;2,90;;;6
SA-M105-SIM-COM;Samsung;Galaxy M10;Bandeja SIM;Compatible;3,05;;;6
SA-G887-PAN-ORI;Samsung;Galaxy A8s;Pantalla;Original con marco;35,75;34,68;33,60;12
SA-G887-PAN-COM;Samsung;Galaxy A8s;Pantalla;Compatible;16,85;16,34;15,84;6
SA-G887-BAT-ORI;Samsung;Galaxy A8s;Batería;Original;22,05;21,39;20,73;12
SA-G887-BAT-COM;Samsung;Galaxy A8s;Batería;Compatible;12,15;11,79;11,42;6
SA-G887-CON-ORI;Samsung;Galaxy A8s;Conector de carga;Original;17,25;16,73;16,22;12
SA-G887-CON-COM;Samsung;Galaxy A8s;Conector de carga;Compatible;7,20;;;6
SA-G887-TAP-COM;Samsung;Galaxy A8s;Tapa trasera;Compatible;5,25;;;6
SA-G887-CTR-COM;Samsung;Galaxy A8s;Cámara trasera;Compatible;10,49;10,18;9,86;6
SA-G887-CFR-COM;Samsung;Galaxy A8s;Cámara frontal;Compatible;7,60;;;6
SA-G887-LEN-COM;Samsung;Galaxy A8s;Lente de cámara;Compatible;2,35;;;6
SA-G887-ALT-COM;Samsung;Galaxy A8s;Altavoz;Compatible;4,40;;;6
SA-G887-AUR-COM;Samsung;Galaxy A8s;Auricular de llamada;Compatible;3,20;;;6
SA-G887-FLX-COM;Samsung;Galaxy A8s;Flex de encendido y volumen;Compatible;2,69;;;6
SA-G887-SIM-COM;Samsung;Galaxy A8s;Bandeja SIM;Compatible;2,85;;;6
SA-J410-PAN-ORI;Samsung;Galaxy J4 Core;Pantalla;Original con marco;31,50;30,56;29,61;12
SA-J410-PAN-COM;Samsung;Galaxy J4 Core;Pantalla;Compatible;14,75;14,31;13,86;6
SA-J410-BAT-ORI;Samsung;Galaxy J4 Core;Batería;Original;18,55;17,99;17,44;12
SA-J410-BAT-COM;Samsung;Galaxy J4 Core;Batería;Compatible;11,19;10,85;10,52;6
SA-J410-CON-ORI;Samsung;Galaxy J4 Core;Conector de carga;Original;13,90;13,48;13,07;12
SA-J410-CON-COM;Samsung;Galaxy J4 Core;Conector de carga;Compatible;5,59;;;6
SA-J410-TAP-COM;Samsung;Galaxy J4 Core;Tapa trasera;Compatible;5,09;;;6
SA-J410-CTR-COM;Samsung;Galaxy J4 Core;Cámara trasera;Compatible;9,29;;;6
SA-J410-CFR-COM;Samsung;Galaxy J4 Core;Cámara frontal;Compatible;6,70;;;6
SA-J410-LEN-COM;Samsung;Galaxy J4 Core;Lente de cámara;Compatible;2,55;;;6
SA-J410-ALT-COM;Samsung;Galaxy J4 Core;Altavoz;Compatible;4,45;;;6
SA-J410-AUR-COM;Samsung;Galaxy J4 Core;Auricular de llamada;Compatible;3,25;;;6
SA-J410-FLX-COM;Samsung;Galaxy J4 Core;Flex de encendido y volumen;Compatible;2,90;;;6
SA-J410-SIM-COM;Samsung;Galaxy J4 Core;Bandeja SIM;Compatible;3,05;;;6
SA-G620-PAN-COM;Samsung;Galaxy A6s;Pantalla;Compatible;16,85;16,34;15,84;6
SA-G620-BAT-ORI;Samsung;Galaxy A6s;Batería;Original;22,05;21,39;20,73;12
SA-G620-BAT-COM;Samsung;Galaxy A6s;Batería;Compatible;12,15;11,79;11,42;6
SA-G620-CON-ORI;Samsung;Galaxy A6s;Conector de carga;Original;17,25;16,73;16,22;12
SA-G620-CON-COM;Samsung;Galaxy A6s;Conector de carga;Compatible;7,20;;;6
SA-G620-TAP-COM;Samsung;Galaxy A6s;Tapa trasera;Compatible;5,25;;;6
SA-G620-CTR-COM;Samsung;Galaxy A6s;Cámara trasera;Compatible;10,49;10,18;9,86;6
SA-G620-CFR-COM;Samsung;Galaxy A6s;Cámara frontal;Compatible;7,60;;;6
SA-G620-LEN-COM;Samsung;Galaxy A6s;Lente de cámara;Compatible;2,35;;;6
SA-G620-ALT-COM;Samsung;Galaxy A6s;Altavoz;Compatible;4,40;;;6
SA-G620-AUR-COM;Samsung;Galaxy A6s;Auricular de llamada;Compatible;3,20;;;6
SA-G620-FLX-COM;Samsung;Galaxy A6s;Flex de encendido y volumen;Compatible;2,69;;;6
SA-G620-SIM-COM;Samsung;Galaxy A6s;Bandeja SIM;Compatible;2,85;;;6
SA-GALAXYA9-PAN-ORI;Samsung;Galaxy A9s;Pantalla;Original con marco;50,20;48,69;47,19;12
SA-GALAXYA9-PAN-OLS;Samsung;Galaxy A9s;Pantalla;OLED Soft;41,15;39,92;38,68;6
SA-GALAXYA9-PAN-OLH;Samsung;Galaxy A9s;Pantalla;OLED Hard;38,59;37,43;36,27;6
SA-GALAXYA9-PAN-INC;Samsung;Galaxy A9s;Pantalla;Incell;20,25;19,64;19,04;6
SA-GALAXYA9-BAT-ORI;Samsung;Galaxy A9s;Batería;Original;22,05;21,39;20,73;12
SA-GALAXYA9-BAT-COM;Samsung;Galaxy A9s;Batería;Compatible;12,15;11,79;11,42;6
SA-GALAXYA9-CON-ORI;Samsung;Galaxy A9s;Conector de carga;Original;17,25;16,73;16,22;12
SA-GALAXYA9-CON-COM;Samsung;Galaxy A9s;Conector de carga;Compatible;7,20;;;6
SA-GALAXYA9-TAP-COM;Samsung;Galaxy A9s;Tapa trasera;Compatible;5,25;;;6
SA-GALAXYA9-CTR-COM;Samsung;Galaxy A9s;Cámara trasera;Compatible;10,49;10,18;9,86;6
SA-GALAXYA9-CFR-COM;Samsung;Galaxy A9s;Cámara frontal;Compatible;7,60;;;6
SA-GALAXYA9-LEN-COM;Samsung;Galaxy A9s;Lente de cámara;Compatible;2,35;;;6
SA-GALAXYA9-ALT-COM;Samsung;Galaxy A9s;Altavoz;Compatible;4,40;;;6
SA-GALAXYA9-AUR-COM;Samsung;Galaxy A9s;Auricular de llamada;Compatible;3,20;;;6
SA-GALAXYA9-FLX-COM;Samsung;Galaxy A9s;Flex de encendido y volumen;Compatible;2,69;;;6
SA-GALAXYA9-SIM-COM;Samsung;Galaxy A9s;Bandeja SIM;Compatible;2,85;;;6
SA-J260-PAN-ORI;Samsung;Galaxy J2 Core;Pantalla;Original con marco;31,50;30,56;29,61;12
SA-J260-PAN-COM;Samsung;Galaxy J2 Core;Pantalla;Compatible;14,75;14,31;13,86;6
SA-J260-BAT-ORI;Samsung;Galaxy J2 Core;Batería;Original;18,55;17,99;17,44;12
SA-J260-BAT-COM;Samsung;Galaxy J2 Core;Batería;Compatible;11,19;10,85;10,52;6
SA-J260-CON-ORI;Samsung;Galaxy J2 Core;Conector de carga;Original;13,90;13,48;13,07;12
SA-J260-CON-COM;Samsung;Galaxy J2 Core;Conector de carga;Compatible;5,59;;;6
SA-J260-TAP-COM;Samsung;Galaxy J2 Core;Tapa trasera;Compatible;5,09;;;6
SA-J260-CTR-COM;Samsung;Galaxy J2 Core;Cámara trasera;Compatible;9,29;;;6
SA-J260-CFR-COM;Samsung;Galaxy J2 Core;Cámara frontal;Compatible;6,70;;;6
SA-J260-LEN-COM;Samsung;Galaxy J2 Core;Lente de cámara;Compatible;2,55;;;6
SA-J260-ALT-COM;Samsung;Galaxy J2 Core;Altavoz;Compatible;4,45;;;6
SA-J260-AUR-COM;Samsung;Galaxy J2 Core;Auricular de llamada;Compatible;3,25;;;6
SA-J260-FLX-COM;Samsung;Galaxy J2 Core;Flex de encendido y volumen;Compatible;2,90;;;6
SA-J260-SIM-COM;Samsung;Galaxy J2 Core;Bandeja SIM;Compatible;3,05;;;6
SA-J337-PAN-ORI;Samsung;Galaxy J3 2018;Pantalla;Original con marco;35,29;34,23;33,17;12
SA-J337-PAN-COM;Samsung;Galaxy J3 2018;Pantalla;Compatible;14,75;14,31;13,86;6
SA-J337-BAT-ORI;Samsung;Galaxy J3 2018;Batería;Original;18,55;17,99;17,44;12
SA-J337-BAT-COM;Samsung;Galaxy J3 2018;Batería;Compatible;11,19;10,85;10,52;6
SA-J337-CON-ORI;Samsung;Galaxy J3 2018;Conector de carga;Original;13,90;13,48;13,07;12
SA-J337-CON-COM;Samsung;Galaxy J3 2018;Conector de carga;Compatible;5,59;;;6
SA-J337-TAP-COM;Samsung;Galaxy J3 2018;Tapa trasera;Compatible;5,09;;;6
SA-J337-CTR-COM;Samsung;Galaxy J3 2018;Cámara trasera;Compatible;9,29;;;6
SA-J337-CFR-COM;Samsung;Galaxy J3 2018;Cámara frontal;Compatible;6,70;;;6
SA-J337-LEN-COM;Samsung;Galaxy J3 2018;Lente de cámara;Compatible;2,55;;;6
SA-J337-ALT-COM;Samsung;Galaxy J3 2018;Altavoz;Compatible;4,45;;;6
SA-J337-AUR-COM;Samsung;Galaxy J3 2018;Auricular de llamada;Compatible;3,25;;;6
SA-J337-FLX-COM;Samsung;Galaxy J3 2018;Flex de encendido y volumen;Compatible;2,90;;;6
SA-J337-SIM-COM;Samsung;Galaxy J3 2018;Bandeja SIM;Compatible;3,05;;;6
SA-J737-PAN-ORI;Samsung;Galaxy J7 2018;Pantalla;Original con marco;35,29;34,23;33,17;12
SA-J737-PAN-COM;Samsung;Galaxy J7 2018;Pantalla;Compatible;14,75;14,31;13,86;6
SA-J737-BAT-ORI;Samsung;Galaxy J7 2018;Batería;Original;18,55;17,99;17,44;12
SA-J737-BAT-COM;Samsung;Galaxy J7 2018;Batería;Compatible;11,19;10,85;10,52;6
SA-J737-CON-ORI;Samsung;Galaxy J7 2018;Conector de carga;Original;13,90;13,48;13,07;12
SA-J737-CON-COM;Samsung;Galaxy J7 2018;Conector de carga;Compatible;5,59;;;6
SA-J737-TAP-COM;Samsung;Galaxy J7 2018;Tapa trasera;Compatible;5,09;;;6
SA-J737-CTR-COM;Samsung;Galaxy J7 2018;Cámara trasera;Compatible;9,29;;;6
SA-J737-CFR-COM;Samsung;Galaxy J7 2018;Cámara frontal;Compatible;6,70;;;6
SA-J737-LEN-COM;Samsung;Galaxy J7 2018;Lente de cámara;Compatible;2,55;;;6
SA-J737-ALT-COM;Samsung;Galaxy J7 2018;Altavoz;Compatible;4,45;;;6
SA-J737-AUR-COM;Samsung;Galaxy J7 2018;Auricular de llamada;Compatible;3,25;;;6
SA-J737-FLX-COM;Samsung;Galaxy J7 2018;Flex de encendido y volumen;Compatible;2,90;;;6
SA-J737-SIM-COM;Samsung;Galaxy J7 2018;Bandeja SIM;Compatible;3,05;;;6
SA-J810-PAN-ORI;Samsung;Galaxy J8;Pantalla;Original con marco;44,25;42,92;41,60;12
SA-J810-PAN-INC;Samsung;Galaxy J8;Pantalla;Incell;17,70;17,17;16,64;6
SA-J810-BAT-ORI;Samsung;Galaxy J8;Batería;Original;18,55;17,99;17,44;12
SA-J810-BAT-COM;Samsung;Galaxy J8;Batería;Compatible;11,19;10,85;10,52;6
SA-J810-CON-ORI;Samsung;Galaxy J8;Conector de carga;Original;13,90;13,48;13,07;12
SA-J810-CON-COM;Samsung;Galaxy J8;Conector de carga;Compatible;5,59;;;6
SA-J810-TAP-COM;Samsung;Galaxy J8;Tapa trasera;Compatible;5,09;;;6
SA-J810-CTR-COM;Samsung;Galaxy J8;Cámara trasera;Compatible;9,29;;;6
SA-J810-CFR-COM;Samsung;Galaxy J8;Cámara frontal;Compatible;6,70;;;6
SA-J810-LEN-COM;Samsung;Galaxy J8;Lente de cámara;Compatible;2,55;;;6
SA-J810-ALT-COM;Samsung;Galaxy J8;Altavoz;Compatible;4,45;;;6
SA-J810-AUR-COM;Samsung;Galaxy J8;Auricular de llamada;Compatible;3,25;;;6
SA-J810-FLX-COM;Samsung;Galaxy J8;Flex de encendido y volumen;Compatible;2,90;;;6
SA-J810-SIM-COM;Samsung;Galaxy J8;Bandeja SIM;Compatible;3,05;;;6
SA-G885-PAN-ORI;Samsung;Galaxy A8 Star;Pantalla;Original con marco;50,20;48,69;47,19;12
SA-G885-PAN-OLS;Samsung;Galaxy A8 Star;Pantalla;OLED Soft;41,15;39,92;38,68;6
SA-G885-PAN-OLH;Samsung;Galaxy A8 Star;Pantalla;OLED Hard;38,59;37,43;36,27;6
SA-G885-PAN-INC;Samsung;Galaxy A8 Star;Pantalla;Incell;20,25;19,64;19,04;6
SA-G885-BAT-ORI;Samsung;Galaxy A8 Star;Batería;Original;22,05;21,39;20,73;12
SA-G885-BAT-COM;Samsung;Galaxy A8 Star;Batería;Compatible;12,15;11,79;11,42;6
SA-G885-CON-ORI;Samsung;Galaxy A8 Star;Conector de carga;Original;17,25;16,73;16,22;12
SA-G885-CON-COM;Samsung;Galaxy A8 Star;Conector de carga;Compatible;7,20;;;6
SA-G885-TAP-COM;Samsung;Galaxy A8 Star;Tapa trasera;Compatible;5,25;;;6
SA-G885-CTR-COM;Samsung;Galaxy A8 Star;Cámara trasera;Compatible;10,49;10,18;9,86;6
SA-G885-CFR-COM;Samsung;Galaxy A8 Star;Cámara frontal;Compatible;7,60;;;6
SA-G885-LEN-COM;Samsung;Galaxy A8 Star;Lente de cámara;Compatible;2,35;;;6
SA-G885-ALT-COM;Samsung;Galaxy A8 Star;Altavoz;Compatible;4,40;;;6
SA-G885-AUR-COM;Samsung;Galaxy A8 Star;Auricular de llamada;Compatible;3,20;;;6
SA-G885-FLX-COM;Samsung;Galaxy A8 Star;Flex de encendido y volumen;Compatible;2,69;;;6
SA-G885-SIM-COM;Samsung;Galaxy A8 Star;Bandeja SIM;Compatible;2,85;;;6
SA-J400-PAN-ORI;Samsung;Galaxy J4;Pantalla;Original con marco;39,50;38,32;37,13;12
SA-J400-PAN-INC;Samsung;Galaxy J4;Pantalla;Incell;17,70;17,17;16,64;6
SA-J400-BAT-ORI;Samsung;Galaxy J4;Batería;Original;18,55;17,99;17,44;12
SA-J400-BAT-COM;Samsung;Galaxy J4;Batería;Compatible;11,19;10,85;10,52;6
SA-J400-CON-ORI;Samsung;Galaxy J4;Conector de carga;Original;13,90;13,48;13,07;12
SA-J400-CON-COM;Samsung;Galaxy J4;Conector de carga;Compatible;5,59;;;6
SA-J400-TAP-COM;Samsung;Galaxy J4;Tapa trasera;Compatible;5,09;;;6
SA-J400-CTR-COM;Samsung;Galaxy J4;Cámara trasera;Compatible;9,29;;;6
SA-J400-CFR-COM;Samsung;Galaxy J4;Cámara frontal;Compatible;6,70;;;6
SA-J400-LEN-COM;Samsung;Galaxy J4;Lente de cámara;Compatible;2,55;;;6
SA-J400-ALT-COM;Samsung;Galaxy J4;Altavoz;Compatible;4,45;;;6
SA-J400-AUR-COM;Samsung;Galaxy J4;Auricular de llamada;Compatible;3,25;;;6
SA-J400-FLX-COM;Samsung;Galaxy J4;Flex de encendido y volumen;Compatible;2,90;;;6
SA-J400-SIM-COM;Samsung;Galaxy J4;Bandeja SIM;Compatible;3,05;;;6
SA-J720-PAN-ORI;Samsung;Galaxy J7 Duo;Pantalla;Original con marco;44,25;42,92;41,60;12
SA-J720-PAN-INC;Samsung;Galaxy J7 Duo;Pantalla;Incell;17,70;17,17;16,64;6
SA-J720-BAT-ORI;Samsung;Galaxy J7 Duo;Batería;Original;18,55;17,99;17,44;12
SA-J720-BAT-COM;Samsung;Galaxy J7 Duo;Batería;Compatible;11,19;10,85;10,52;6
SA-J720-CON-ORI;Samsung;Galaxy J7 Duo;Conector de carga;Original;13,90;13,48;13,07;12
SA-J720-CON-COM;Samsung;Galaxy J7 Duo;Conector de carga;Compatible;5,59;;;6
SA-J720-TAP-COM;Samsung;Galaxy J7 Duo;Tapa trasera;Compatible;5,09;;;6
SA-J720-CTR-COM;Samsung;Galaxy J7 Duo;Cámara trasera;Compatible;9,29;;;6
SA-J720-CFR-COM;Samsung;Galaxy J7 Duo;Cámara frontal;Compatible;6,70;;;6
SA-J720-LEN-COM;Samsung;Galaxy J7 Duo;Lente de cámara;Compatible;2,55;;;6
SA-J720-ALT-COM;Samsung;Galaxy J7 Duo;Altavoz;Compatible;4,45;;;6
SA-J720-AUR-COM;Samsung;Galaxy J7 Duo;Auricular de llamada;Compatible;3,25;;;6
SA-J720-FLX-COM;Samsung;Galaxy J7 Duo;Flex de encendido y volumen;Compatible;2,90;;;6
SA-J720-SIM-COM;Samsung;Galaxy J7 Duo;Bandeja SIM;Compatible;3,05;;;6
SA-G611-PAN-ORI;Samsung;Galaxy J7 Prime 2;Pantalla;Original con marco;31,50;30,56;29,61;12
SA-G611-PAN-COM;Samsung;Galaxy J7 Prime 2;Pantalla;Compatible;14,75;14,31;13,86;6
SA-G611-BAT-ORI;Samsung;Galaxy J7 Prime 2;Batería;Original;18,55;17,99;17,44;12
SA-G611-BAT-COM;Samsung;Galaxy J7 Prime 2;Batería;Compatible;11,19;10,85;10,52;6
SA-G611-CON-ORI;Samsung;Galaxy J7 Prime 2;Conector de carga;Original;13,90;13,48;13,07;12
SA-G611-CON-COM;Samsung;Galaxy J7 Prime 2;Conector de carga;Compatible;5,59;;;6
SA-G611-TAP-COM;Samsung;Galaxy J7 Prime 2;Tapa trasera;Compatible;5,09;;;6
SA-G611-CTR-COM;Samsung;Galaxy J7 Prime 2;Cámara trasera;Compatible;9,29;;;6
SA-G611-CFR-COM;Samsung;Galaxy J7 Prime 2;Cámara frontal;Compatible;6,70;;;6
SA-G611-LEN-COM;Samsung;Galaxy J7 Prime 2;Lente de cámara;Compatible;2,55;;;6
SA-G611-ALT-COM;Samsung;Galaxy J7 Prime 2;Altavoz;Compatible;4,45;;;6
SA-G611-AUR-COM;Samsung;Galaxy J7 Prime 2;Auricular de llamada;Compatible;3,25;;;6
SA-G611-FLX-COM;Samsung;Galaxy J7 Prime 2;Flex de encendido y volumen;Compatible;2,90;;;6
SA-G611-SIM-COM;Samsung;Galaxy J7 Prime 2;Bandeja SIM;Compatible;3,05;;;6
SA-ON7P18-PAN-ORI;Samsung;Galaxy On7 Prime 2018;Pantalla;Original con marco;37,45;36,33;35,20;12
SA-ON7P18-PAN-COM;Samsung;Galaxy On7 Prime 2018;Pantalla;Compatible;17,05;16,54;16,03;6
SA-ON7P18-BAT-ORI;Samsung;Galaxy On7 Prime 2018;Batería;Original;21,70;21,05;20,40;12
SA-ON7P18-BAT-COM;Samsung;Galaxy On7 Prime 2018;Batería;Compatible;12,10;11,74;11,37;6
SA-ON7P18-CON-ORI;Samsung;Galaxy On7 Prime 2018;Conector de carga;Original;17,25;16,73;16,22;12
SA-ON7P18-CON-COM;Samsung;Galaxy On7 Prime 2018;Conector de carga;Compatible;6,95;;;6
SA-ON7P18-TAP-COM;Samsung;Galaxy On7 Prime 2018;Tapa trasera;Compatible;5,70;;;6
SA-ON7P18-CTR-COM;Samsung;Galaxy On7 Prime 2018;Cámara trasera;Compatible;10,59;10,27;9,95;6
SA-ON7P18-CFR-COM;Samsung;Galaxy On7 Prime 2018;Cámara frontal;Compatible;7,15;;;6
SA-ON7P18-LEN-COM;Samsung;Galaxy On7 Prime 2018;Lente de cámara;Compatible;2,49;;;6
SA-ON7P18-ALT-COM;Samsung;Galaxy On7 Prime 2018;Altavoz;Compatible;4,55;;;6
SA-ON7P18-AUR-COM;Samsung;Galaxy On7 Prime 2018;Auricular de llamada;Compatible;3,19;;;6
SA-ON7P18-FLX-COM;Samsung;Galaxy On7 Prime 2018;Flex de encendido y volumen;Compatible;2,85;;;6
SA-ON7P18-SIM-COM;Samsung;Galaxy On7 Prime 2018;Bandeja SIM;Compatible;2,89;;;6
SA-A8PL-PAN-ORI;Samsung;Galaxy A8+;Pantalla;Original con marco;50,20;48,69;47,19;12
SA-A8PL-PAN-OLS;Samsung;Galaxy A8+;Pantalla;OLED Soft;41,15;39,92;38,68;6
SA-A8PL-PAN-OLH;Samsung;Galaxy A8+;Pantalla;OLED Hard;38,59;37,43;36,27;6
SA-A8PL-PAN-INC;Samsung;Galaxy A8+;Pantalla;Incell;20,25;19,64;19,04;6
SA-A8PL-BAT-ORI;Samsung;Galaxy A8+;Batería;Original;22,05;21,39;20,73;12
SA-A8PL-BAT-COM;Samsung;Galaxy A8+;Batería;Compatible;12,15;11,79;11,42;6
SA-A8PL-CON-ORI;Samsung;Galaxy A8+;Conector de carga;Original;17,25;16,73;16,22;12
SA-A8PL-CON-COM;Samsung;Galaxy A8+;Conector de carga;Compatible;7,20;;;6
SA-A8PL-TAP-COM;Samsung;Galaxy A8+;Tapa trasera;Compatible;5,25;;;6
SA-A8PL-CTR-COM;Samsung;Galaxy A8+;Cámara trasera;Compatible;10,49;10,18;9,86;6
SA-A8PL-CFR-COM;Samsung;Galaxy A8+;Cámara frontal;Compatible;7,60;;;6
SA-A8PL-LEN-COM;Samsung;Galaxy A8+;Lente de cámara;Compatible;2,35;;;6
SA-A8PL-ALT-COM;Samsung;Galaxy A8+;Altavoz;Compatible;4,40;;;6
SA-A8PL-AUR-COM;Samsung;Galaxy A8+;Auricular de llamada;Compatible;3,20;;;6
SA-A8PL-FLX-COM;Samsung;Galaxy A8+;Flex de encendido y volumen;Compatible;2,69;;;6
SA-A8PL-SIM-COM;Samsung;Galaxy A8+;Bandeja SIM;Compatible;2,85;;;6
SA-J250-PAN-ORI;Samsung;Galaxy Grand Prime Pro;Pantalla;Original con marco;52,60;51,02;49,44;12
SA-J250-PAN-INC;Samsung;Galaxy Grand Prime Pro;Pantalla;Incell;20,50;19,88;19,27;6
SA-J250-BAT-ORI;Samsung;Galaxy Grand Prime Pro;Batería;Original;21,70;21,05;20,40;12
SA-J250-BAT-COM;Samsung;Galaxy Grand Prime Pro;Batería;Compatible;12,10;11,74;11,37;6
SA-J250-CON-ORI;Samsung;Galaxy Grand Prime Pro;Conector de carga;Original;17,25;16,73;16,22;12
SA-J250-CON-COM;Samsung;Galaxy Grand Prime Pro;Conector de carga;Compatible;6,95;;;6
SA-J250-TAP-COM;Samsung;Galaxy Grand Prime Pro;Tapa trasera;Compatible;5,70;;;6
SA-J250-CTR-COM;Samsung;Galaxy Grand Prime Pro;Cámara trasera;Compatible;10,59;10,27;9,95;6
SA-J250-CFR-COM;Samsung;Galaxy Grand Prime Pro;Cámara frontal;Compatible;7,15;;;6
SA-J250-LEN-COM;Samsung;Galaxy Grand Prime Pro;Lente de cámara;Compatible;2,49;;;6
SA-J250-ALT-COM;Samsung;Galaxy Grand Prime Pro;Altavoz;Compatible;4,55;;;6
SA-J250-AUR-COM;Samsung;Galaxy Grand Prime Pro;Auricular de llamada;Compatible;3,19;;;6
SA-J250-FLX-COM;Samsung;Galaxy Grand Prime Pro;Flex de encendido y volumen;Compatible;2,85;;;6
SA-J250-SIM-COM;Samsung;Galaxy Grand Prime Pro;Bandeja SIM;Compatible;2,89;;;6
SA-J218-PAN-ORI;Samsung;Galaxy J2 2018;Pantalla;Original con marco;35,29;34,23;33,17;12
SA-J218-PAN-INC;Samsung;Galaxy J2 2018;Pantalla;Incell;17,70;17,17;16,64;6
SA-J218-BAT-ORI;Samsung;Galaxy J2 2018;Batería;Original;18,55;17,99;17,44;12
SA-J218-BAT-COM;Samsung;Galaxy J2 2018;Batería;Compatible;11,19;10,85;10,52;6
SA-J218-CON-ORI;Samsung;Galaxy J2 2018;Conector de carga;Original;13,90;13,48;13,07;12
SA-J218-CON-COM;Samsung;Galaxy J2 2018;Conector de carga;Compatible;5,59;;;6
SA-J218-TAP-COM;Samsung;Galaxy J2 2018;Tapa trasera;Compatible;5,09;;;6
SA-J218-CTR-COM;Samsung;Galaxy J2 2018;Cámara trasera;Compatible;9,29;;;6
SA-J218-CFR-COM;Samsung;Galaxy J2 2018;Cámara frontal;Compatible;6,70;;;6
SA-J218-LEN-COM;Samsung;Galaxy J2 2018;Lente de cámara;Compatible;2,55;;;6
SA-J218-ALT-COM;Samsung;Galaxy J2 2018;Altavoz;Compatible;4,45;;;6
SA-J218-AUR-COM;Samsung;Galaxy J2 2018;Auricular de llamada;Compatible;3,25;;;6
SA-J218-FLX-COM;Samsung;Galaxy J2 2018;Flex de encendido y volumen;Compatible;2,90;;;6
SA-J218-SIM-COM;Samsung;Galaxy J2 2018;Bandeja SIM;Compatible;3,05;;;6
SA-J2P18-PAN-ORI;Samsung;Galaxy J2 Pro 2018;Pantalla;Original con marco;44,25;42,92;41,60;12
SA-J2P18-PAN-INC;Samsung;Galaxy J2 Pro 2018;Pantalla;Incell;17,70;17,17;16,64;6
SA-J2P18-BAT-ORI;Samsung;Galaxy J2 Pro 2018;Batería;Original;18,55;17,99;17,44;12
SA-J2P18-BAT-COM;Samsung;Galaxy J2 Pro 2018;Batería;Compatible;11,19;10,85;10,52;6
SA-J2P18-CON-ORI;Samsung;Galaxy J2 Pro 2018;Conector de carga;Original;13,90;13,48;13,07;12
SA-J2P18-CON-COM;Samsung;Galaxy J2 Pro 2018;Conector de carga;Compatible;5,59;;;6
SA-J2P18-TAP-COM;Samsung;Galaxy J2 Pro 2018;Tapa trasera;Compatible;5,09;;;6
SA-J2P18-CTR-COM;Samsung;Galaxy J2 Pro 2018;Cámara trasera;Compatible;9,29;;;6
SA-J2P18-CFR-COM;Samsung;Galaxy J2 Pro 2018;Cámara frontal;Compatible;6,70;;;6
SA-J2P18-LEN-COM;Samsung;Galaxy J2 Pro 2018;Lente de cámara;Compatible;2,55;;;6
SA-J2P18-ALT-COM;Samsung;Galaxy J2 Pro 2018;Altavoz;Compatible;4,45;;;6
SA-J2P18-AUR-COM;Samsung;Galaxy J2 Pro 2018;Auricular de llamada;Compatible;3,25;;;6
SA-J2P18-FLX-COM;Samsung;Galaxy J2 Pro 2018;Flex de encendido y volumen;Compatible;2,90;;;6
SA-J2P18-SIM-COM;Samsung;Galaxy J2 Pro 2018;Bandeja SIM;Compatible;3,05;;;6
SA-C710-PAN-ORI;Samsung;Galaxy J7+;Pantalla;Original con marco;44,25;42,92;41,60;12
SA-C710-PAN-INC;Samsung;Galaxy J7+;Pantalla;Incell;17,70;17,17;16,64;6
SA-C710-BAT-ORI;Samsung;Galaxy J7+;Batería;Original;18,55;17,99;17,44;12
SA-C710-BAT-COM;Samsung;Galaxy J7+;Batería;Compatible;11,19;10,85;10,52;6
SA-C710-CON-ORI;Samsung;Galaxy J7+;Conector de carga;Original;13,90;13,48;13,07;12
SA-C710-CON-COM;Samsung;Galaxy J7+;Conector de carga;Compatible;5,59;;;6
SA-C710-TAP-COM;Samsung;Galaxy J7+;Tapa trasera;Compatible;5,09;;;6
SA-C710-CTR-COM;Samsung;Galaxy J7+;Cámara trasera;Compatible;9,29;;;6
SA-C710-CFR-COM;Samsung;Galaxy J7+;Cámara frontal;Compatible;6,70;;;6
SA-C710-LEN-COM;Samsung;Galaxy J7+;Lente de cámara;Compatible;2,55;;;6
SA-C710-ALT-COM;Samsung;Galaxy J7+;Altavoz;Compatible;4,45;;;6
SA-C710-AUR-COM;Samsung;Galaxy J7+;Auricular de llamada;Compatible;3,25;;;6
SA-C710-FLX-COM;Samsung;Galaxy J7+;Flex de encendido y volumen;Compatible;2,90;;;6
SA-C710-SIM-COM;Samsung;Galaxy J7+;Bandeja SIM;Compatible;3,05;;;6
SA-C8-PAN-COM;Samsung;Galaxy C8;Pantalla;Compatible;17,05;16,54;16,03;6
SA-C8-BAT-ORI;Samsung;Galaxy C8;Batería;Original;21,70;21,05;20,40;12
SA-C8-BAT-COM;Samsung;Galaxy C8;Batería;Compatible;12,10;11,74;11,37;6
SA-C8-CON-ORI;Samsung;Galaxy C8;Conector de carga;Original;17,25;16,73;16,22;12
SA-C8-CON-COM;Samsung;Galaxy C8;Conector de carga;Compatible;6,95;;;6
SA-C8-TAP-COM;Samsung;Galaxy C8;Tapa trasera;Compatible;5,70;;;6
SA-C8-CTR-COM;Samsung;Galaxy C8;Cámara trasera;Compatible;10,59;10,27;9,95;6
SA-C8-CFR-COM;Samsung;Galaxy C8;Cámara frontal;Compatible;7,15;;;6
SA-C8-LEN-COM;Samsung;Galaxy C8;Lente de cámara;Compatible;2,49;;;6
SA-C8-ALT-COM;Samsung;Galaxy C8;Altavoz;Compatible;4,55;;;6
SA-C8-AUR-COM;Samsung;Galaxy C8;Auricular de llamada;Compatible;3,19;;;6
SA-C8-FLX-COM;Samsung;Galaxy C8;Flex de encendido y volumen;Compatible;2,85;;;6
SA-C8-SIM-COM;Samsung;Galaxy C8;Bandeja SIM;Compatible;2,89;;;6
SA-G892-PAN-ORI;Samsung;Galaxy S8 Active;Pantalla;Original con marco;109,05;105,78;102,51;12
SA-G892-PAN-OLS;Samsung;Galaxy S8 Active;Pantalla;OLED Soft;64,55;62,61;60,68;6
SA-G892-PAN-OLH;Samsung;Galaxy S8 Active;Pantalla;OLED Hard;60,50;58,68;56,87;6
SA-G892-PAN-INC;Samsung;Galaxy S8 Active;Pantalla;Incell;31,75;30,80;29,85;6
SA-G892-BAT-ORI;Samsung;Galaxy S8 Active;Batería;Original;23,89;23,17;22,46;12
SA-G892-BAT-COM;Samsung;Galaxy S8 Active;Batería;Compatible;12,35;11,98;11,61;6
SA-G892-CON-ORI;Samsung;Galaxy S8 Active;Conector de carga;Original;21,65;21,00;20,35;12
SA-G892-CON-COM;Samsung;Galaxy S8 Active;Conector de carga;Compatible;9,40;;;6
SA-G892-TAP-COM;Samsung;Galaxy S8 Active;Tapa trasera;Compatible;6,50;;;6
SA-G892-CTR-COM;Samsung;Galaxy S8 Active;Cámara trasera;Compatible;18,05;17,51;16,97;6
SA-G892-CFR-COM;Samsung;Galaxy S8 Active;Cámara frontal;Compatible;10,85;10,52;10,20;6
SA-G892-LEN-COM;Samsung;Galaxy S8 Active;Lente de cámara;Compatible;3,40;;;6
SA-G892-ALT-COM;Samsung;Galaxy S8 Active;Altavoz;Compatible;5,80;;;6
SA-G892-AUR-COM;Samsung;Galaxy S8 Active;Auricular de llamada;Compatible;4,19;;;6
SA-G892-FLX-COM;Samsung;Galaxy S8 Active;Flex de encendido y volumen;Compatible;4,05;;;6
SA-G892-SIM-COM;Samsung;Galaxy S8 Active;Bandeja SIM;Compatible;3,29;;;6
SA-J317D-PAN-ORI;Samsung;Galaxy J3 2017 Duos;Pantalla;Original con marco;31,50;30,56;29,61;12
SA-J317D-PAN-COM;Samsung;Galaxy J3 2017 Duos;Pantalla;Compatible;14,75;14,31;13,86;6
SA-J317D-BAT-ORI;Samsung;Galaxy J3 2017 Duos;Batería;Original;18,55;17,99;17,44;12
SA-J317D-BAT-COM;Samsung;Galaxy J3 2017 Duos;Batería;Compatible;11,19;10,85;10,52;6
SA-J317D-CON-ORI;Samsung;Galaxy J3 2017 Duos;Conector de carga;Original;13,90;13,48;13,07;12
SA-J317D-CON-COM;Samsung;Galaxy J3 2017 Duos;Conector de carga;Compatible;5,59;;;6
SA-J317D-TAP-COM;Samsung;Galaxy J3 2017 Duos;Tapa trasera;Compatible;5,09;;;6
SA-J317D-CTR-COM;Samsung;Galaxy J3 2017 Duos;Cámara trasera;Compatible;9,29;;;6
SA-J317D-CFR-COM;Samsung;Galaxy J3 2017 Duos;Cámara frontal;Compatible;6,70;;;6
SA-J317D-LEN-COM;Samsung;Galaxy J3 2017 Duos;Lente de cámara;Compatible;2,55;;;6
SA-J317D-ALT-COM;Samsung;Galaxy J3 2017 Duos;Altavoz;Compatible;4,45;;;6
SA-J317D-AUR-COM;Samsung;Galaxy J3 2017 Duos;Auricular de llamada;Compatible;3,25;;;6
SA-J317D-FLX-COM;Samsung;Galaxy J3 2017 Duos;Flex de encendido y volumen;Compatible;2,90;;;6
SA-J317D-SIM-COM;Samsung;Galaxy J3 2017 Duos;Bandeja SIM;Compatible;3,05;;;6
SA-J3P17-PAN-ORI;Samsung;Galaxy J3 Pro 2017;Pantalla;Original con marco;31,50;30,56;29,61;12
SA-J3P17-PAN-COM;Samsung;Galaxy J3 Pro 2017;Pantalla;Compatible;14,75;14,31;13,86;6
SA-J3P17-BAT-ORI;Samsung;Galaxy J3 Pro 2017;Batería;Original;18,55;17,99;17,44;12
SA-J3P17-BAT-COM;Samsung;Galaxy J3 Pro 2017;Batería;Compatible;11,19;10,85;10,52;6
SA-J3P17-CON-ORI;Samsung;Galaxy J3 Pro 2017;Conector de carga;Original;13,90;13,48;13,07;12
SA-J3P17-CON-COM;Samsung;Galaxy J3 Pro 2017;Conector de carga;Compatible;5,59;;;6
SA-J3P17-TAP-COM;Samsung;Galaxy J3 Pro 2017;Tapa trasera;Compatible;5,09;;;6
SA-J3P17-CTR-COM;Samsung;Galaxy J3 Pro 2017;Cámara trasera;Compatible;9,29;;;6
SA-J3P17-CFR-COM;Samsung;Galaxy J3 Pro 2017;Cámara frontal;Compatible;6,70;;;6
SA-J3P17-LEN-COM;Samsung;Galaxy J3 Pro 2017;Lente de cámara;Compatible;2,55;;;6
SA-J3P17-ALT-COM;Samsung;Galaxy J3 Pro 2017;Altavoz;Compatible;4,45;;;6
SA-J3P17-AUR-COM;Samsung;Galaxy J3 Pro 2017;Auricular de llamada;Compatible;3,25;;;6
SA-J3P17-FLX-COM;Samsung;Galaxy J3 Pro 2017;Flex de encendido y volumen;Compatible;2,90;;;6
SA-J3P17-SIM-COM;Samsung;Galaxy J3 Pro 2017;Bandeja SIM;Compatible;3,05;;;6
SA-J7C-PAN-ORI;Samsung;Galaxy J7 Core;Pantalla;Original con marco;44,25;42,92;41,60;12
SA-J7C-PAN-INC;Samsung;Galaxy J7 Core;Pantalla;Incell;17,70;17,17;16,64;6
SA-J7C-BAT-ORI;Samsung;Galaxy J7 Core;Batería;Original;18,55;17,99;17,44;12
SA-J7C-BAT-COM;Samsung;Galaxy J7 Core;Batería;Compatible;11,19;10,85;10,52;6
SA-J7C-CON-ORI;Samsung;Galaxy J7 Core;Conector de carga;Original;13,90;13,48;13,07;12
SA-J7C-CON-COM;Samsung;Galaxy J7 Core;Conector de carga;Compatible;5,59;;;6
SA-J7C-TAP-COM;Samsung;Galaxy J7 Core;Tapa trasera;Compatible;5,09;;;6
SA-J7C-CTR-COM;Samsung;Galaxy J7 Core;Cámara trasera;Compatible;9,29;;;6
SA-J7C-CFR-COM;Samsung;Galaxy J7 Core;Cámara frontal;Compatible;6,70;;;6
SA-J7C-LEN-COM;Samsung;Galaxy J7 Core;Lente de cámara;Compatible;2,55;;;6
SA-J7C-ALT-COM;Samsung;Galaxy J7 Core;Altavoz;Compatible;4,45;;;6
SA-J7C-AUR-COM;Samsung;Galaxy J7 Core;Auricular de llamada;Compatible;3,25;;;6
SA-J7C-FLX-COM;Samsung;Galaxy J7 Core;Flex de encendido y volumen;Compatible;2,90;;;6
SA-J7C-SIM-COM;Samsung;Galaxy J7 Core;Bandeja SIM;Compatible;3,05;;;6
SA-J701-PAN-ORI;Samsung;Galaxy J7 Neo;Pantalla;Original con marco;44,25;42,92;41,60;12
SA-J701-PAN-INC;Samsung;Galaxy J7 Neo;Pantalla;Incell;17,70;17,17;16,64;6
SA-J701-BAT-ORI;Samsung;Galaxy J7 Neo;Batería;Original;18,55;17,99;17,44;12
SA-J701-BAT-COM;Samsung;Galaxy J7 Neo;Batería;Compatible;11,19;10,85;10,52;6
SA-J701-CON-ORI;Samsung;Galaxy J7 Neo;Conector de carga;Original;13,90;13,48;13,07;12
SA-J701-CON-COM;Samsung;Galaxy J7 Neo;Conector de carga;Compatible;5,59;;;6
SA-J701-TAP-COM;Samsung;Galaxy J7 Neo;Tapa trasera;Compatible;5,09;;;6
SA-J701-CTR-COM;Samsung;Galaxy J7 Neo;Cámara trasera;Compatible;9,29;;;6
SA-J701-CFR-COM;Samsung;Galaxy J7 Neo;Cámara frontal;Compatible;6,70;;;6
SA-J701-LEN-COM;Samsung;Galaxy J7 Neo;Lente de cámara;Compatible;2,55;;;6
SA-J701-ALT-COM;Samsung;Galaxy J7 Neo;Altavoz;Compatible;4,45;;;6
SA-J701-AUR-COM;Samsung;Galaxy J7 Neo;Auricular de llamada;Compatible;3,25;;;6
SA-J701-FLX-COM;Samsung;Galaxy J7 Neo;Flex de encendido y volumen;Compatible;2,90;;;6
SA-J701-SIM-COM;Samsung;Galaxy J7 Neo;Bandeja SIM;Compatible;3,05;;;6
SA-J7NXT-PAN-ORI;Samsung;Galaxy J7 Nxt;Pantalla;Original con marco;44,25;42,92;41,60;12
SA-J7NXT-PAN-INC;Samsung;Galaxy J7 Nxt;Pantalla;Incell;17,70;17,17;16,64;6
SA-J7NXT-BAT-ORI;Samsung;Galaxy J7 Nxt;Batería;Original;18,55;17,99;17,44;12
SA-J7NXT-BAT-COM;Samsung;Galaxy J7 Nxt;Batería;Compatible;11,19;10,85;10,52;6
SA-J7NXT-CON-ORI;Samsung;Galaxy J7 Nxt;Conector de carga;Original;13,90;13,48;13,07;12
SA-J7NXT-CON-COM;Samsung;Galaxy J7 Nxt;Conector de carga;Compatible;5,59;;;6
SA-J7NXT-TAP-COM;Samsung;Galaxy J7 Nxt;Tapa trasera;Compatible;5,09;;;6
SA-J7NXT-CTR-COM;Samsung;Galaxy J7 Nxt;Cámara trasera;Compatible;9,29;;;6
SA-J7NXT-CFR-COM;Samsung;Galaxy J7 Nxt;Cámara frontal;Compatible;6,70;;;6
SA-J7NXT-LEN-COM;Samsung;Galaxy J7 Nxt;Lente de cámara;Compatible;2,55;;;6
SA-J7NXT-ALT-COM;Samsung;Galaxy J7 Nxt;Altavoz;Compatible;4,45;;;6
SA-J7NXT-AUR-COM;Samsung;Galaxy J7 Nxt;Auricular de llamada;Compatible;3,25;;;6
SA-J7NXT-FLX-COM;Samsung;Galaxy J7 Nxt;Flex de encendido y volumen;Compatible;2,90;;;6
SA-J7NXT-SIM-COM;Samsung;Galaxy J7 Nxt;Bandeja SIM;Compatible;3,05;;;6
SA-J7P-PAN-ORI;Samsung;Galaxy J7 Pro;Pantalla;Original con marco;44,25;42,92;41,60;12
SA-J7P-PAN-INC;Samsung;Galaxy J7 Pro;Pantalla;Incell;17,70;17,17;16,64;6
SA-J7P-BAT-ORI;Samsung;Galaxy J7 Pro;Batería;Original;18,55;17,99;17,44;12
SA-J7P-BAT-COM;Samsung;Galaxy J7 Pro;Batería;Compatible;11,19;10,85;10,52;6
SA-J7P-CON-ORI;Samsung;Galaxy J7 Pro;Conector de carga;Original;13,90;13,48;13,07;12
SA-J7P-CON-COM;Samsung;Galaxy J7 Pro;Conector de carga;Compatible;5,59;;;6
SA-J7P-TAP-COM;Samsung;Galaxy J7 Pro;Tapa trasera;Compatible;5,09;;;6
SA-J7P-CTR-COM;Samsung;Galaxy J7 Pro;Cámara trasera;Compatible;9,29;;;6
SA-J7P-CFR-COM;Samsung;Galaxy J7 Pro;Cámara frontal;Compatible;6,70;;;6
SA-J7P-LEN-COM;Samsung;Galaxy J7 Pro;Lente de cámara;Compatible;2,55;;;6
SA-J7P-ALT-COM;Samsung;Galaxy J7 Pro;Altavoz;Compatible;4,45;;;6
SA-J7P-AUR-COM;Samsung;Galaxy J7 Pro;Auricular de llamada;Compatible;3,25;;;6
SA-J7P-FLX-COM;Samsung;Galaxy J7 Pro;Flex de encendido y volumen;Compatible;2,90;;;6
SA-J7P-SIM-COM;Samsung;Galaxy J7 Pro;Bandeja SIM;Compatible;3,05;;;6
SA-NFE-PAN-ORI;Samsung;Galaxy Note FE;Pantalla;Original con marco;104,19;101,06;97,94;12
SA-NFE-PAN-INC;Samsung;Galaxy Note FE;Pantalla;Incell;32,85;31,86;30,88;6
SA-NFE-BAT-ORI;Samsung;Galaxy Note FE;Batería;Original;24,00;23,28;22,56;12
SA-NFE-BAT-COM;Samsung;Galaxy Note FE;Batería;Compatible;12,50;12,13;11,75;6
SA-NFE-CON-ORI;Samsung;Galaxy Note FE;Conector de carga;Original;21,65;21,00;20,35;12
SA-NFE-CON-COM;Samsung;Galaxy Note FE;Conector de carga;Compatible;8,69;;;6
SA-NFE-TAP-COM;Samsung;Galaxy Note FE;Tapa trasera;Compatible;7,10;;;6
SA-NFE-CTR-COM;Samsung;Galaxy Note FE;Cámara trasera;Compatible;16,09;15,61;15,12;6
SA-NFE-CFR-COM;Samsung;Galaxy Note FE;Cámara frontal;Compatible;9,49;;;6
SA-NFE-LEN-COM;Samsung;Galaxy Note FE;Lente de cámara;Compatible;3,45;;;6
SA-NFE-ALT-COM;Samsung;Galaxy Note FE;Altavoz;Compatible;5,79;;;6
SA-NFE-AUR-COM;Samsung;Galaxy Note FE;Auricular de llamada;Compatible;4,35;;;6
SA-NFE-FLX-COM;Samsung;Galaxy Note FE;Flex de encendido y volumen;Compatible;4,00;;;6
SA-NFE-SIM-COM;Samsung;Galaxy Note FE;Bandeja SIM;Compatible;3,59;;;6
SA-J517D-PAN-ORI;Samsung;Galaxy J5 2017 Duos;Pantalla;Original con marco;44,25;42,92;41,60;12
SA-J517D-PAN-INC;Samsung;Galaxy J5 2017 Duos;Pantalla;Incell;17,70;17,17;16,64;6
SA-J517D-BAT-ORI;Samsung;Galaxy J5 2017 Duos;Batería;Original;18,55;17,99;17,44;12
SA-J517D-BAT-COM;Samsung;Galaxy J5 2017 Duos;Batería;Compatible;11,19;10,85;10,52;6
SA-J517D-CON-ORI;Samsung;Galaxy J5 2017 Duos;Conector de carga;Original;13,90;13,48;13,07;12
SA-J517D-CON-COM;Samsung;Galaxy J5 2017 Duos;Conector de carga;Compatible;5,59;;;6
SA-J517D-TAP-COM;Samsung;Galaxy J5 2017 Duos;Tapa trasera;Compatible;5,09;;;6
SA-J517D-CTR-COM;Samsung;Galaxy J5 2017 Duos;Cámara trasera;Compatible;9,29;;;6
SA-J517D-CFR-COM;Samsung;Galaxy J5 2017 Duos;Cámara frontal;Compatible;6,70;;;6
SA-J517D-LEN-COM;Samsung;Galaxy J5 2017 Duos;Lente de cámara;Compatible;2,55;;;6
SA-J517D-ALT-COM;Samsung;Galaxy J5 2017 Duos;Altavoz;Compatible;4,45;;;6
SA-J517D-AUR-COM;Samsung;Galaxy J5 2017 Duos;Auricular de llamada;Compatible;3,25;;;6
SA-J517D-FLX-COM;Samsung;Galaxy J5 2017 Duos;Flex de encendido y volumen;Compatible;2,90;;;6
SA-J517D-SIM-COM;Samsung;Galaxy J5 2017 Duos;Bandeja SIM;Compatible;3,05;;;6
SA-J5P17-PAN-ORI;Samsung;Galaxy J5 Pro 2017;Pantalla;Original con marco;44,25;42,92;41,60;12
SA-J5P17-PAN-INC;Samsung;Galaxy J5 Pro 2017;Pantalla;Incell;17,70;17,17;16,64;6
SA-J5P17-BAT-ORI;Samsung;Galaxy J5 Pro 2017;Batería;Original;18,55;17,99;17,44;12
SA-J5P17-BAT-COM;Samsung;Galaxy J5 Pro 2017;Batería;Compatible;11,19;10,85;10,52;6
SA-J5P17-CON-ORI;Samsung;Galaxy J5 Pro 2017;Conector de carga;Original;13,90;13,48;13,07;12
SA-J5P17-CON-COM;Samsung;Galaxy J5 Pro 2017;Conector de carga;Compatible;5,59;;;6
SA-J5P17-TAP-COM;Samsung;Galaxy J5 Pro 2017;Tapa trasera;Compatible;5,09;;;6
SA-J5P17-CTR-COM;Samsung;Galaxy J5 Pro 2017;Cámara trasera;Compatible;9,29;;;6
SA-J5P17-CFR-COM;Samsung;Galaxy J5 Pro 2017;Cámara frontal;Compatible;6,70;;;6
SA-J5P17-LEN-COM;Samsung;Galaxy J5 Pro 2017;Lente de cámara;Compatible;2,55;;;6
SA-J5P17-ALT-COM;Samsung;Galaxy J5 Pro 2017;Altavoz;Compatible;4,45;;;6
SA-J5P17-AUR-COM;Samsung;Galaxy J5 Pro 2017;Auricular de llamada;Compatible;3,25;;;6
SA-J5P17-FLX-COM;Samsung;Galaxy J5 Pro 2017;Flex de encendido y volumen;Compatible;2,90;;;6
SA-J5P17-SIM-COM;Samsung;Galaxy J5 Pro 2017;Bandeja SIM;Compatible;3,05;;;6
SA-G615-PAN-ORI;Samsung;Galaxy J7 Max;Pantalla;Original con marco;31,50;30,56;29,61;12
SA-G615-PAN-COM;Samsung;Galaxy J7 Max;Pantalla;Compatible;14,75;14,31;13,86;6
SA-G615-BAT-ORI;Samsung;Galaxy J7 Max;Batería;Original;18,55;17,99;17,44;12
SA-G615-BAT-COM;Samsung;Galaxy J7 Max;Batería;Compatible;11,19;10,85;10,52;6
SA-G615-CON-ORI;Samsung;Galaxy J7 Max;Conector de carga;Original;13,90;13,48;13,07;12
SA-G615-CON-COM;Samsung;Galaxy J7 Max;Conector de carga;Compatible;5,59;;;6
SA-G615-TAP-COM;Samsung;Galaxy J7 Max;Tapa trasera;Compatible;5,09;;;6
SA-G615-CTR-COM;Samsung;Galaxy J7 Max;Cámara trasera;Compatible;9,29;;;6
SA-G615-CFR-COM;Samsung;Galaxy J7 Max;Cámara frontal;Compatible;6,70;;;6
SA-G615-LEN-COM;Samsung;Galaxy J7 Max;Lente de cámara;Compatible;2,55;;;6
SA-G615-ALT-COM;Samsung;Galaxy J7 Max;Altavoz;Compatible;4,45;;;6
SA-G615-AUR-COM;Samsung;Galaxy J7 Max;Auricular de llamada;Compatible;3,25;;;6
SA-G615-FLX-COM;Samsung;Galaxy J7 Max;Flex de encendido y volumen;Compatible;2,90;;;6
SA-G615-SIM-COM;Samsung;Galaxy J7 Max;Bandeja SIM;Compatible;3,05;;;6
SA-GALAXYFE-PAN-ORI;Samsung;Galaxy Feel;Pantalla;Original con marco;52,60;51,02;49,44;12
SA-GALAXYFE-PAN-INC;Samsung;Galaxy Feel;Pantalla;Incell;20,50;19,88;19,27;6
SA-GALAXYFE-BAT-ORI;Samsung;Galaxy Feel;Batería;Original;21,70;21,05;20,40;12
SA-GALAXYFE-BAT-COM;Samsung;Galaxy Feel;Batería;Compatible;12,10;11,74;11,37;6
SA-GALAXYFE-CON-ORI;Samsung;Galaxy Feel;Conector de carga;Original;17,25;16,73;16,22;12
SA-GALAXYFE-CON-COM;Samsung;Galaxy Feel;Conector de carga;Compatible;6,95;;;6
SA-GALAXYFE-TAP-COM;Samsung;Galaxy Feel;Tapa trasera;Compatible;5,70;;;6
SA-GALAXYFE-CTR-COM;Samsung;Galaxy Feel;Cámara trasera;Compatible;10,59;10,27;9,95;6
SA-GALAXYFE-CFR-COM;Samsung;Galaxy Feel;Cámara frontal;Compatible;7,15;;;6
SA-GALAXYFE-LEN-COM;Samsung;Galaxy Feel;Lente de cámara;Compatible;2,49;;;6
SA-GALAXYFE-ALT-COM;Samsung;Galaxy Feel;Altavoz;Compatible;4,55;;;6
SA-GALAXYFE-AUR-COM;Samsung;Galaxy Feel;Auricular de llamada;Compatible;3,19;;;6
SA-GALAXYFE-FLX-COM;Samsung;Galaxy Feel;Flex de encendido y volumen;Compatible;2,85;;;6
SA-GALAXYFE-SIM-COM;Samsung;Galaxy Feel;Bandeja SIM;Compatible;2,89;;;6
SA-J727-PAN-ORI;Samsung;Galaxy J7 V;Pantalla;Original con marco;37,35;36,23;35,11;12
SA-J727-PAN-COM;Samsung;Galaxy J7 V;Pantalla;Compatible;14,75;14,31;13,86;6
SA-J727-BAT-ORI;Samsung;Galaxy J7 V;Batería;Original;18,55;17,99;17,44;12
SA-J727-BAT-COM;Samsung;Galaxy J7 V;Batería;Compatible;11,19;10,85;10,52;6
SA-J727-CON-ORI;Samsung;Galaxy J7 V;Conector de carga;Original;13,90;13,48;13,07;12
SA-J727-CON-COM;Samsung;Galaxy J7 V;Conector de carga;Compatible;5,59;;;6
SA-J727-TAP-COM;Samsung;Galaxy J7 V;Tapa trasera;Compatible;5,09;;;6
SA-J727-CTR-COM;Samsung;Galaxy J7 V;Cámara trasera;Compatible;9,29;;;6
SA-J727-CFR-COM;Samsung;Galaxy J7 V;Cámara frontal;Compatible;6,70;;;6
SA-J727-LEN-COM;Samsung;Galaxy J7 V;Lente de cámara;Compatible;2,55;;;6
SA-J727-ALT-COM;Samsung;Galaxy J7 V;Altavoz;Compatible;4,45;;;6
SA-J727-AUR-COM;Samsung;Galaxy J7 V;Auricular de llamada;Compatible;3,25;;;6
SA-J727-FLX-COM;Samsung;Galaxy J7 V;Flex de encendido y volumen;Compatible;2,90;;;6
SA-J727-SIM-COM;Samsung;Galaxy J7 V;Bandeja SIM;Compatible;3,05;;;6
SA-W2-PAN-ORI;Samsung;Galaxy Wide2;Pantalla;Original con marco;37,45;36,33;35,20;12
SA-W2-PAN-COM;Samsung;Galaxy Wide2;Pantalla;Compatible;17,05;16,54;16,03;6
SA-W2-BAT-ORI;Samsung;Galaxy Wide2;Batería;Original;21,70;21,05;20,40;12
SA-W2-BAT-COM;Samsung;Galaxy Wide2;Batería;Compatible;12,10;11,74;11,37;6
SA-W2-CON-ORI;Samsung;Galaxy Wide2;Conector de carga;Original;17,25;16,73;16,22;12
SA-W2-CON-COM;Samsung;Galaxy Wide2;Conector de carga;Compatible;6,95;;;6
SA-W2-TAP-COM;Samsung;Galaxy Wide2;Tapa trasera;Compatible;5,70;;;6
SA-W2-CTR-COM;Samsung;Galaxy Wide2;Cámara trasera;Compatible;10,59;10,27;9,95;6
SA-W2-CFR-COM;Samsung;Galaxy Wide2;Cámara frontal;Compatible;7,15;;;6
SA-W2-LEN-COM;Samsung;Galaxy Wide2;Lente de cámara;Compatible;2,49;;;6
SA-W2-ALT-COM;Samsung;Galaxy Wide2;Altavoz;Compatible;4,55;;;6
SA-W2-AUR-COM;Samsung;Galaxy Wide2;Auricular de llamada;Compatible;3,19;;;6
SA-W2-FLX-COM;Samsung;Galaxy Wide2;Flex de encendido y volumen;Compatible;2,85;;;6
SA-W2-SIM-COM;Samsung;Galaxy Wide2;Bandeja SIM;Compatible;2,89;;;6
SA-A720-PAN-ORI;Samsung;Galaxy A7 2017;Pantalla;Original con marco;50,20;48,69;47,19;12
SA-A720-PAN-OLS;Samsung;Galaxy A7 2017;Pantalla;OLED Soft;41,15;39,92;38,68;6
SA-A720-PAN-OLH;Samsung;Galaxy A7 2017;Pantalla;OLED Hard;38,59;37,43;36,27;6
SA-A720-PAN-INC;Samsung;Galaxy A7 2017;Pantalla;Incell;20,25;19,64;19,04;6
SA-A720-BAT-ORI;Samsung;Galaxy A7 2017;Batería;Original;22,05;21,39;20,73;12
SA-A720-BAT-COM;Samsung;Galaxy A7 2017;Batería;Compatible;12,15;11,79;11,42;6
SA-A720-CON-ORI;Samsung;Galaxy A7 2017;Conector de carga;Original;17,25;16,73;16,22;12
SA-A720-CON-COM;Samsung;Galaxy A7 2017;Conector de carga;Compatible;7,20;;;6
SA-A720-TAP-COM;Samsung;Galaxy A7 2017;Tapa trasera;Compatible;5,25;;;6
SA-A720-CTR-COM;Samsung;Galaxy A7 2017;Cámara trasera;Compatible;10,49;10,18;9,86;6
SA-A720-CFR-COM;Samsung;Galaxy A7 2017;Cámara frontal;Compatible;7,60;;;6
SA-A720-LEN-COM;Samsung;Galaxy A7 2017;Lente de cámara;Compatible;2,35;;;6
SA-A720-ALT-COM;Samsung;Galaxy A7 2017;Altavoz;Compatible;4,40;;;6
SA-A720-AUR-COM;Samsung;Galaxy A7 2017;Auricular de llamada;Compatible;3,20;;;6
SA-A720-FLX-COM;Samsung;Galaxy A7 2017;Flex de encendido y volumen;Compatible;2,69;;;6
SA-A720-SIM-COM;Samsung;Galaxy A7 2017;Bandeja SIM;Compatible;2,85;;;6
SA-C701-PAN-ORI;Samsung;Galaxy C7 Pro;Pantalla;Original con marco;52,60;51,02;49,44;12
SA-C701-PAN-INC;Samsung;Galaxy C7 Pro;Pantalla;Incell;20,50;19,88;19,27;6
SA-C701-BAT-ORI;Samsung;Galaxy C7 Pro;Batería;Original;21,70;21,05;20,40;12
SA-C701-BAT-COM;Samsung;Galaxy C7 Pro;Batería;Compatible;12,10;11,74;11,37;6
SA-C701-CON-ORI;Samsung;Galaxy C7 Pro;Conector de carga;Original;17,25;16,73;16,22;12
SA-C701-CON-COM;Samsung;Galaxy C7 Pro;Conector de carga;Compatible;6,95;;;6
SA-C701-TAP-COM;Samsung;Galaxy C7 Pro;Tapa trasera;Compatible;5,70;;;6
SA-C701-CTR-COM;Samsung;Galaxy C7 Pro;Cámara trasera;Compatible;10,59;10,27;9,95;6
SA-C701-CFR-COM;Samsung;Galaxy C7 Pro;Cámara frontal;Compatible;7,15;;;6
SA-C701-LEN-COM;Samsung;Galaxy C7 Pro;Lente de cámara;Compatible;2,49;;;6
SA-C701-ALT-COM;Samsung;Galaxy C7 Pro;Altavoz;Compatible;4,55;;;6
SA-C701-AUR-COM;Samsung;Galaxy C7 Pro;Auricular de llamada;Compatible;3,19;;;6
SA-C701-FLX-COM;Samsung;Galaxy C7 Pro;Flex de encendido y volumen;Compatible;2,85;;;6
SA-C701-SIM-COM;Samsung;Galaxy C7 Pro;Bandeja SIM;Compatible;2,89;;;6
SA-J3P-PAN-ORI;Samsung;Galaxy J3 Prime;Pantalla;Original con marco;31,50;30,56;29,61;12
SA-J3P-PAN-COM;Samsung;Galaxy J3 Prime;Pantalla;Compatible;14,75;14,31;13,86;6
SA-J3P-BAT-ORI;Samsung;Galaxy J3 Prime;Batería;Original;18,55;17,99;17,44;12
SA-J3P-BAT-COM;Samsung;Galaxy J3 Prime;Batería;Compatible;11,19;10,85;10,52;6
SA-J3P-CON-ORI;Samsung;Galaxy J3 Prime;Conector de carga;Original;13,90;13,48;13,07;12
SA-J3P-CON-COM;Samsung;Galaxy J3 Prime;Conector de carga;Compatible;5,59;;;6
SA-J3P-TAP-COM;Samsung;Galaxy J3 Prime;Tapa trasera;Compatible;5,09;;;6
SA-J3P-CTR-COM;Samsung;Galaxy J3 Prime;Cámara trasera;Compatible;9,29;;;6
SA-J3P-CFR-COM;Samsung;Galaxy J3 Prime;Cámara frontal;Compatible;6,70;;;6
SA-J3P-LEN-COM;Samsung;Galaxy J3 Prime;Lente de cámara;Compatible;2,55;;;6
SA-J3P-ALT-COM;Samsung;Galaxy J3 Prime;Altavoz;Compatible;4,45;;;6
SA-J3P-AUR-COM;Samsung;Galaxy J3 Prime;Auricular de llamada;Compatible;3,25;;;6
SA-J3P-FLX-COM;Samsung;Galaxy J3 Prime;Flex de encendido y volumen;Compatible;2,90;;;6
SA-J3P-SIM-COM;Samsung;Galaxy J3 Prime;Bandeja SIM;Compatible;3,05;;;6
SA-J106-PAN-ORI;Samsung;Galaxy J1 mini prime;Pantalla;Original con marco;31,50;30,56;29,61;12
SA-J106-PAN-COM;Samsung;Galaxy J1 mini prime;Pantalla;Compatible;14,75;14,31;13,86;6
SA-J106-BAT-ORI;Samsung;Galaxy J1 mini prime;Batería;Original;18,55;17,99;17,44;12
SA-J106-BAT-COM;Samsung;Galaxy J1 mini prime;Batería;Compatible;11,19;10,85;10,52;6
SA-J106-CON-ORI;Samsung;Galaxy J1 mini prime;Conector de carga;Original;13,90;13,48;13,07;12
SA-J106-CON-COM;Samsung;Galaxy J1 mini prime;Conector de carga;Compatible;5,59;;;6
SA-J106-TAP-COM;Samsung;Galaxy J1 mini prime;Tapa trasera;Compatible;5,09;;;6
SA-J106-CTR-COM;Samsung;Galaxy J1 mini prime;Cámara trasera;Compatible;9,29;;;6
SA-J106-CFR-COM;Samsung;Galaxy J1 mini prime;Cámara frontal;Compatible;6,70;;;6
SA-J106-LEN-COM;Samsung;Galaxy J1 mini prime;Lente de cámara;Compatible;2,55;;;6
SA-J106-ALT-COM;Samsung;Galaxy J1 mini prime;Altavoz;Compatible;4,45;;;6
SA-J106-AUR-COM;Samsung;Galaxy J1 mini prime;Auricular de llamada;Compatible;3,25;;;6
SA-J106-FLX-COM;Samsung;Galaxy J1 mini prime;Flex de encendido y volumen;Compatible;2,90;;;6
SA-J106-SIM-COM;Samsung;Galaxy J1 mini prime;Bandeja SIM;Compatible;3,05;;;6
SA-C900-PAN-ORI;Samsung;Galaxy C9 Pro;Pantalla;Original con marco;52,60;51,02;49,44;12
SA-C900-PAN-INC;Samsung;Galaxy C9 Pro;Pantalla;Incell;20,50;19,88;19,27;6
SA-C900-BAT-ORI;Samsung;Galaxy C9 Pro;Batería;Original;21,70;21,05;20,40;12
SA-C900-BAT-COM;Samsung;Galaxy C9 Pro;Batería;Compatible;12,10;11,74;11,37;6
SA-C900-CON-ORI;Samsung;Galaxy C9 Pro;Conector de carga;Original;17,25;16,73;16,22;12
SA-C900-CON-COM;Samsung;Galaxy C9 Pro;Conector de carga;Compatible;6,95;;;6
SA-C900-TAP-COM;Samsung;Galaxy C9 Pro;Tapa trasera;Compatible;5,70;;;6
SA-C900-CTR-COM;Samsung;Galaxy C9 Pro;Cámara trasera;Compatible;10,59;10,27;9,95;6
SA-C900-CFR-COM;Samsung;Galaxy C9 Pro;Cámara frontal;Compatible;7,15;;;6
SA-C900-LEN-COM;Samsung;Galaxy C9 Pro;Lente de cámara;Compatible;2,49;;;6
SA-C900-ALT-COM;Samsung;Galaxy C9 Pro;Altavoz;Compatible;4,55;;;6
SA-C900-AUR-COM;Samsung;Galaxy C9 Pro;Auricular de llamada;Compatible;3,19;;;6
SA-C900-FLX-COM;Samsung;Galaxy C9 Pro;Flex de encendido y volumen;Compatible;2,85;;;6
SA-C900-SIM-COM;Samsung;Galaxy C9 Pro;Bandeja SIM;Compatible;2,89;;;6
SA-G532-PAN-ORI;Samsung;Galaxy J2 Prime;Pantalla;Original con marco;31,50;30,56;29,61;12
SA-G532-PAN-COM;Samsung;Galaxy J2 Prime;Pantalla;Compatible;14,75;14,31;13,86;6
SA-G532-BAT-ORI;Samsung;Galaxy J2 Prime;Batería;Original;18,55;17,99;17,44;12
SA-G532-BAT-COM;Samsung;Galaxy J2 Prime;Batería;Compatible;11,19;10,85;10,52;6
SA-G532-CON-ORI;Samsung;Galaxy J2 Prime;Conector de carga;Original;13,90;13,48;13,07;12
SA-G532-CON-COM;Samsung;Galaxy J2 Prime;Conector de carga;Compatible;5,59;;;6
SA-G532-TAP-COM;Samsung;Galaxy J2 Prime;Tapa trasera;Compatible;5,09;;;6
SA-G532-CTR-COM;Samsung;Galaxy J2 Prime;Cámara trasera;Compatible;9,29;;;6
SA-G532-CFR-COM;Samsung;Galaxy J2 Prime;Cámara frontal;Compatible;6,70;;;6
SA-G532-LEN-COM;Samsung;Galaxy J2 Prime;Lente de cámara;Compatible;2,55;;;6
SA-G532-ALT-COM;Samsung;Galaxy J2 Prime;Altavoz;Compatible;4,45;;;6
SA-G532-AUR-COM;Samsung;Galaxy J2 Prime;Auricular de llamada;Compatible;3,25;;;6
SA-G532-FLX-COM;Samsung;Galaxy J2 Prime;Flex de encendido y volumen;Compatible;2,90;;;6
SA-G532-SIM-COM;Samsung;Galaxy J2 Prime;Bandeja SIM;Compatible;3,05;;;6
SA-ON716-PAN-ORI;Samsung;Galaxy On7 2016;Pantalla;Original con marco;37,45;36,33;35,20;12
SA-ON716-PAN-COM;Samsung;Galaxy On7 2016;Pantalla;Compatible;17,05;16,54;16,03;6
SA-ON716-BAT-ORI;Samsung;Galaxy On7 2016;Batería;Original;21,70;21,05;20,40;12
SA-ON716-BAT-COM;Samsung;Galaxy On7 2016;Batería;Compatible;12,10;11,74;11,37;6
SA-ON716-CON-ORI;Samsung;Galaxy On7 2016;Conector de carga;Original;17,25;16,73;16,22;12
SA-ON716-CON-COM;Samsung;Galaxy On7 2016;Conector de carga;Compatible;6,95;;;6
SA-ON716-TAP-COM;Samsung;Galaxy On7 2016;Tapa trasera;Compatible;5,70;;;6
SA-ON716-CTR-COM;Samsung;Galaxy On7 2016;Cámara trasera;Compatible;10,59;10,27;9,95;6
SA-ON716-CFR-COM;Samsung;Galaxy On7 2016;Cámara frontal;Compatible;7,15;;;6
SA-ON716-LEN-COM;Samsung;Galaxy On7 2016;Lente de cámara;Compatible;2,49;;;6
SA-ON716-ALT-COM;Samsung;Galaxy On7 2016;Altavoz;Compatible;4,55;;;6
SA-ON716-AUR-COM;Samsung;Galaxy On7 2016;Auricular de llamada;Compatible;3,19;;;6
SA-ON716-FLX-COM;Samsung;Galaxy On7 2016;Flex de encendido y volumen;Compatible;2,85;;;6
SA-ON716-SIM-COM;Samsung;Galaxy On7 2016;Bandeja SIM;Compatible;2,89;;;6
SA-A810-PAN-ORI;Samsung;Galaxy A8 2016;Pantalla;Original con marco;50,20;48,69;47,19;12
SA-A810-PAN-OLS;Samsung;Galaxy A8 2016;Pantalla;OLED Soft;41,15;39,92;38,68;6
SA-A810-PAN-OLH;Samsung;Galaxy A8 2016;Pantalla;OLED Hard;38,59;37,43;36,27;6
SA-A810-PAN-INC;Samsung;Galaxy A8 2016;Pantalla;Incell;20,25;19,64;19,04;6
SA-A810-BAT-ORI;Samsung;Galaxy A8 2016;Batería;Original;22,05;21,39;20,73;12
SA-A810-BAT-COM;Samsung;Galaxy A8 2016;Batería;Compatible;12,15;11,79;11,42;6
SA-A810-CON-ORI;Samsung;Galaxy A8 2016;Conector de carga;Original;17,25;16,73;16,22;12
SA-A810-CON-COM;Samsung;Galaxy A8 2016;Conector de carga;Compatible;7,20;;;6
SA-A810-TAP-COM;Samsung;Galaxy A8 2016;Tapa trasera;Compatible;5,25;;;6
SA-A810-CTR-COM;Samsung;Galaxy A8 2016;Cámara trasera;Compatible;10,49;10,18;9,86;6
SA-A810-CFR-COM;Samsung;Galaxy A8 2016;Cámara frontal;Compatible;7,60;;;6
SA-A810-LEN-COM;Samsung;Galaxy A8 2016;Lente de cámara;Compatible;2,35;;;6
SA-A810-ALT-COM;Samsung;Galaxy A8 2016;Altavoz;Compatible;4,40;;;6
SA-A810-AUR-COM;Samsung;Galaxy A8 2016;Auricular de llamada;Compatible;3,20;;;6
SA-A810-FLX-COM;Samsung;Galaxy A8 2016;Flex de encendido y volumen;Compatible;2,69;;;6
SA-A810-SIM-COM;Samsung;Galaxy A8 2016;Bandeja SIM;Compatible;2,85;;;6
SA-G160-PAN-ORI;Samsung;Galaxy Folder 2;Pantalla;Original con marco;86,70;84,10;81,50;12
SA-G160-PAN-COM;Samsung;Galaxy Folder 2;Pantalla;Compatible;64,40;62,47;60,54;6
SA-G160-BAT-ORI;Samsung;Galaxy Folder 2;Batería;Original;22,20;21,53;20,87;12
SA-G160-BAT-COM;Samsung;Galaxy Folder 2;Batería;Compatible;12,40;12,03;11,66;6
SA-G160-CON-ORI;Samsung;Galaxy Folder 2;Conector de carga;Original;15,95;15,47;14,99;12
SA-G160-CON-COM;Samsung;Galaxy Folder 2;Conector de carga;Compatible;6,39;;;6
SA-G160-TAP-COM;Samsung;Galaxy Folder 2;Tapa trasera;Compatible;5,30;;;6
SA-G160-CTR-COM;Samsung;Galaxy Folder 2;Cámara trasera;Compatible;9,55;;;6
SA-G160-CFR-COM;Samsung;Galaxy Folder 2;Cámara frontal;Compatible;6,75;;;6
SA-G160-LEN-COM;Samsung;Galaxy Folder 2;Lente de cámara;Compatible;2,35;;;6
SA-G160-ALT-COM;Samsung;Galaxy Folder 2;Altavoz;Compatible;4,20;;;6
SA-G160-AUR-COM;Samsung;Galaxy Folder 2;Auricular de llamada;Compatible;2,95;;;6
SA-G160-FLX-COM;Samsung;Galaxy Folder 2;Flex de encendido y volumen;Compatible;2,59;;;6
SA-G160-SIM-COM;Samsung;Galaxy Folder 2;Bandeja SIM;Compatible;2,75;;;6
SA-G570-PAN-ORI;Samsung;Galaxy J5 Prime;Pantalla;Original con marco;31,50;30,56;29,61;12
SA-G570-PAN-COM;Samsung;Galaxy J5 Prime;Pantalla;Compatible;14,75;14,31;13,86;6
SA-G570-BAT-ORI;Samsung;Galaxy J5 Prime;Batería;Original;18,55;17,99;17,44;12
SA-G570-BAT-COM;Samsung;Galaxy J5 Prime;Batería;Compatible;11,19;10,85;10,52;6
SA-G570-CON-ORI;Samsung;Galaxy J5 Prime;Conector de carga;Original;13,90;13,48;13,07;12
SA-G570-CON-COM;Samsung;Galaxy J5 Prime;Conector de carga;Compatible;5,59;;;6
SA-G570-TAP-COM;Samsung;Galaxy J5 Prime;Tapa trasera;Compatible;5,09;;;6
SA-G570-CTR-COM;Samsung;Galaxy J5 Prime;Cámara trasera;Compatible;9,29;;;6
SA-G570-CFR-COM;Samsung;Galaxy J5 Prime;Cámara frontal;Compatible;6,70;;;6
SA-G570-LEN-COM;Samsung;Galaxy J5 Prime;Lente de cámara;Compatible;2,55;;;6
SA-G570-ALT-COM;Samsung;Galaxy J5 Prime;Altavoz;Compatible;4,45;;;6
SA-G570-AUR-COM;Samsung;Galaxy J5 Prime;Auricular de llamada;Compatible;3,25;;;6
SA-G570-FLX-COM;Samsung;Galaxy J5 Prime;Flex de encendido y volumen;Compatible;2,90;;;6
SA-G570-SIM-COM;Samsung;Galaxy J5 Prime;Bandeja SIM;Compatible;3,05;;;6
SA-G610-PAN-ORI;Samsung;Galaxy J7 Prime;Pantalla;Original con marco;31,50;30,56;29,61;12
SA-G610-PAN-COM;Samsung;Galaxy J7 Prime;Pantalla;Compatible;14,75;14,31;13,86;6
SA-G610-BAT-ORI;Samsung;Galaxy J7 Prime;Batería;Original;18,55;17,99;17,44;12
SA-G610-BAT-COM;Samsung;Galaxy J7 Prime;Batería;Compatible;11,19;10,85;10,52;6
SA-G610-CON-ORI;Samsung;Galaxy J7 Prime;Conector de carga;Original;13,90;13,48;13,07;12
SA-G610-CON-COM;Samsung;Galaxy J7 Prime;Conector de carga;Compatible;5,59;;;6
SA-G610-TAP-COM;Samsung;Galaxy J7 Prime;Tapa trasera;Compatible;5,09;;;6
SA-G610-CTR-COM;Samsung;Galaxy J7 Prime;Cámara trasera;Compatible;9,29;;;6
SA-G610-CFR-COM;Samsung;Galaxy J7 Prime;Cámara frontal;Compatible;6,70;;;6
SA-G610-LEN-COM;Samsung;Galaxy J7 Prime;Lente de cámara;Compatible;2,55;;;6
SA-G610-ALT-COM;Samsung;Galaxy J7 Prime;Altavoz;Compatible;4,45;;;6
SA-G610-AUR-COM;Samsung;Galaxy J7 Prime;Auricular de llamada;Compatible;3,25;;;6
SA-G610-FLX-COM;Samsung;Galaxy J7 Prime;Flex de encendido y volumen;Compatible;2,90;;;6
SA-G610-SIM-COM;Samsung;Galaxy J7 Prime;Bandeja SIM;Compatible;3,05;;;6
SA-N930-PAN-ORI;Samsung;Galaxy Note 7;Pantalla;Original con marco;104,19;101,06;97,94;12
SA-N930-PAN-INC;Samsung;Galaxy Note 7;Pantalla;Incell;32,85;31,86;30,88;6
SA-N930-BAT-ORI;Samsung;Galaxy Note 7;Batería;Original;24,00;23,28;22,56;12
SA-N930-BAT-COM;Samsung;Galaxy Note 7;Batería;Compatible;12,50;12,13;11,75;6
SA-N930-CON-ORI;Samsung;Galaxy Note 7;Conector de carga;Original;21,65;21,00;20,35;12
SA-N930-CON-COM;Samsung;Galaxy Note 7;Conector de carga;Compatible;8,69;;;6
SA-N930-TAP-COM;Samsung;Galaxy Note 7;Tapa trasera;Compatible;7,10;;;6
SA-N930-CTR-COM;Samsung;Galaxy Note 7;Cámara trasera;Compatible;16,09;15,61;15,12;6
SA-N930-CFR-COM;Samsung;Galaxy Note 7;Cámara frontal;Compatible;9,49;;;6
SA-N930-LEN-COM;Samsung;Galaxy Note 7;Lente de cámara;Compatible;3,45;;;6
SA-N930-ALT-COM;Samsung;Galaxy Note 7;Altavoz;Compatible;5,79;;;6
SA-N930-AUR-COM;Samsung;Galaxy Note 7;Auricular de llamada;Compatible;4,35;;;6
SA-N930-FLX-COM;Samsung;Galaxy Note 7;Flex de encendido y volumen;Compatible;4,00;;;6
SA-N930-SIM-COM;Samsung;Galaxy Note 7;Bandeja SIM;Compatible;3,59;;;6
SA-Z2-PAN-ORI;Samsung;Z2;Pantalla;Original con marco;37,45;36,33;35,20;12
SA-Z2-PAN-COM;Samsung;Z2;Pantalla;Compatible;17,05;16,54;16,03;6
SA-Z2-BAT-ORI;Samsung;Z2;Batería;Original;21,70;21,05;20,40;12
SA-Z2-BAT-COM;Samsung;Z2;Batería;Compatible;12,10;11,74;11,37;6
SA-Z2-CON-ORI;Samsung;Z2;Conector de carga;Original;17,25;16,73;16,22;12
SA-Z2-CON-COM;Samsung;Z2;Conector de carga;Compatible;6,95;;;6
SA-Z2-TAP-COM;Samsung;Z2;Tapa trasera;Compatible;5,70;;;6
SA-Z2-CTR-COM;Samsung;Z2;Cámara trasera;Compatible;10,59;10,27;9,95;6
SA-Z2-CFR-COM;Samsung;Z2;Cámara frontal;Compatible;7,15;;;6
SA-Z2-LEN-COM;Samsung;Z2;Lente de cámara;Compatible;2,49;;;6
SA-Z2-ALT-COM;Samsung;Z2;Altavoz;Compatible;4,55;;;6
SA-Z2-AUR-COM;Samsung;Z2;Auricular de llamada;Compatible;3,19;;;6
SA-Z2-FLX-COM;Samsung;Z2;Flex de encendido y volumen;Compatible;2,85;;;6
SA-Z2-SIM-COM;Samsung;Z2;Bandeja SIM;Compatible;2,89;;;6
SA-J210-PAN-ORI;Samsung;Galaxy J2 2016;Pantalla;Original con marco;44,25;42,92;41,60;12
SA-J210-PAN-INC;Samsung;Galaxy J2 2016;Pantalla;Incell;17,70;17,17;16,64;6
SA-J210-BAT-ORI;Samsung;Galaxy J2 2016;Batería;Original;18,55;17,99;17,44;12
SA-J210-BAT-COM;Samsung;Galaxy J2 2016;Batería;Compatible;11,19;10,85;10,52;6
SA-J210-CON-ORI;Samsung;Galaxy J2 2016;Conector de carga;Original;13,90;13,48;13,07;12
SA-J210-CON-COM;Samsung;Galaxy J2 2016;Conector de carga;Compatible;5,59;;;6
SA-J210-TAP-COM;Samsung;Galaxy J2 2016;Tapa trasera;Compatible;5,09;;;6
SA-J210-CTR-COM;Samsung;Galaxy J2 2016;Cámara trasera;Compatible;9,29;;;6
SA-J210-CFR-COM;Samsung;Galaxy J2 2016;Cámara frontal;Compatible;6,70;;;6
SA-J210-LEN-COM;Samsung;Galaxy J2 2016;Lente de cámara;Compatible;2,55;;;6
SA-J210-ALT-COM;Samsung;Galaxy J2 2016;Altavoz;Compatible;4,45;;;6
SA-J210-AUR-COM;Samsung;Galaxy J2 2016;Auricular de llamada;Compatible;3,25;;;6
SA-J210-FLX-COM;Samsung;Galaxy J2 2016;Flex de encendido y volumen;Compatible;2,90;;;6
SA-J210-SIM-COM;Samsung;Galaxy J2 2016;Bandeja SIM;Compatible;3,05;;;6
SA-J2P16-PAN-ORI;Samsung;Galaxy J2 Pro 2016;Pantalla;Original con marco;44,25;42,92;41,60;12
SA-J2P16-PAN-INC;Samsung;Galaxy J2 Pro 2016;Pantalla;Incell;17,70;17,17;16,64;6
SA-J2P16-BAT-ORI;Samsung;Galaxy J2 Pro 2016;Batería;Original;18,55;17,99;17,44;12
SA-J2P16-BAT-COM;Samsung;Galaxy J2 Pro 2016;Batería;Compatible;11,19;10,85;10,52;6
SA-J2P16-CON-ORI;Samsung;Galaxy J2 Pro 2016;Conector de carga;Original;13,90;13,48;13,07;12
SA-J2P16-CON-COM;Samsung;Galaxy J2 Pro 2016;Conector de carga;Compatible;5,59;;;6
SA-J2P16-TAP-COM;Samsung;Galaxy J2 Pro 2016;Tapa trasera;Compatible;5,09;;;6
SA-J2P16-CTR-COM;Samsung;Galaxy J2 Pro 2016;Cámara trasera;Compatible;9,29;;;6
SA-J2P16-CFR-COM;Samsung;Galaxy J2 Pro 2016;Cámara frontal;Compatible;6,70;;;6
SA-J2P16-LEN-COM;Samsung;Galaxy J2 Pro 2016;Lente de cámara;Compatible;2,55;;;6
SA-J2P16-ALT-COM;Samsung;Galaxy J2 Pro 2016;Altavoz;Compatible;4,45;;;6
SA-J2P16-AUR-COM;Samsung;Galaxy J2 Pro 2016;Auricular de llamada;Compatible;3,25;;;6
SA-J2P16-FLX-COM;Samsung;Galaxy J2 Pro 2016;Flex de encendido y volumen;Compatible;2,90;;;6
SA-J2P16-SIM-COM;Samsung;Galaxy J2 Pro 2016;Bandeja SIM;Compatible;3,05;;;6
SA-ON5P-PAN-ORI;Samsung;Galaxy On5 Pro;Pantalla;Original con marco;37,45;36,33;35,20;12
SA-ON5P-PAN-COM;Samsung;Galaxy On5 Pro;Pantalla;Compatible;17,05;16,54;16,03;6
SA-ON5P-BAT-ORI;Samsung;Galaxy On5 Pro;Batería;Original;21,70;21,05;20,40;12
SA-ON5P-BAT-COM;Samsung;Galaxy On5 Pro;Batería;Compatible;12,10;11,74;11,37;6
SA-ON5P-CON-ORI;Samsung;Galaxy On5 Pro;Conector de carga;Original;17,25;16,73;16,22;12
SA-ON5P-CON-COM;Samsung;Galaxy On5 Pro;Conector de carga;Compatible;6,95;;;6
SA-ON5P-TAP-COM;Samsung;Galaxy On5 Pro;Tapa trasera;Compatible;5,70;;;6
SA-ON5P-CTR-COM;Samsung;Galaxy On5 Pro;Cámara trasera;Compatible;10,59;10,27;9,95;6
SA-ON5P-CFR-COM;Samsung;Galaxy On5 Pro;Cámara frontal;Compatible;7,15;;;6
SA-ON5P-LEN-COM;Samsung;Galaxy On5 Pro;Lente de cámara;Compatible;2,49;;;6
SA-ON5P-ALT-COM;Samsung;Galaxy On5 Pro;Altavoz;Compatible;4,55;;;6
SA-ON5P-AUR-COM;Samsung;Galaxy On5 Pro;Auricular de llamada;Compatible;3,19;;;6
SA-ON5P-FLX-COM;Samsung;Galaxy On5 Pro;Flex de encendido y volumen;Compatible;2,85;;;6
SA-ON5P-SIM-COM;Samsung;Galaxy On5 Pro;Bandeja SIM;Compatible;2,89;;;6
SA-ON7P-PAN-ORI;Samsung;Galaxy On7 Pro;Pantalla;Original con marco;37,45;36,33;35,20;12
SA-ON7P-PAN-COM;Samsung;Galaxy On7 Pro;Pantalla;Compatible;17,05;16,54;16,03;6
SA-ON7P-BAT-ORI;Samsung;Galaxy On7 Pro;Batería;Original;21,70;21,05;20,40;12
SA-ON7P-BAT-COM;Samsung;Galaxy On7 Pro;Batería;Compatible;12,10;11,74;11,37;6
SA-ON7P-CON-ORI;Samsung;Galaxy On7 Pro;Conector de carga;Original;17,25;16,73;16,22;12
SA-ON7P-CON-COM;Samsung;Galaxy On7 Pro;Conector de carga;Compatible;6,95;;;6
SA-ON7P-TAP-COM;Samsung;Galaxy On7 Pro;Tapa trasera;Compatible;5,70;;;6
SA-ON7P-CTR-COM;Samsung;Galaxy On7 Pro;Cámara trasera;Compatible;10,59;10,27;9,95;6
SA-ON7P-CFR-COM;Samsung;Galaxy On7 Pro;Cámara frontal;Compatible;7,15;;;6
SA-ON7P-LEN-COM;Samsung;Galaxy On7 Pro;Lente de cámara;Compatible;2,49;;;6
SA-ON7P-ALT-COM;Samsung;Galaxy On7 Pro;Altavoz;Compatible;4,55;;;6
SA-ON7P-AUR-COM;Samsung;Galaxy On7 Pro;Auricular de llamada;Compatible;3,19;;;6
SA-ON7P-FLX-COM;Samsung;Galaxy On7 Pro;Flex de encendido y volumen;Compatible;2,85;;;6
SA-ON7P-SIM-COM;Samsung;Galaxy On7 Pro;Bandeja SIM;Compatible;2,89;;;6
SA-G891-PAN-ORI;Samsung;Galaxy S7 Active;Pantalla;Original con marco;109,05;105,78;102,51;12
SA-G891-PAN-OLS;Samsung;Galaxy S7 Active;Pantalla;OLED Soft;64,55;62,61;60,68;6
SA-G891-PAN-OLH;Samsung;Galaxy S7 Active;Pantalla;OLED Hard;60,50;58,68;56,87;6
SA-G891-PAN-INC;Samsung;Galaxy S7 Active;Pantalla;Incell;31,75;30,80;29,85;6
SA-G891-BAT-ORI;Samsung;Galaxy S7 Active;Batería;Original;23,89;23,17;22,46;12
SA-G891-BAT-COM;Samsung;Galaxy S7 Active;Batería;Compatible;12,35;11,98;11,61;6
SA-G891-CON-ORI;Samsung;Galaxy S7 Active;Conector de carga;Original;21,65;21,00;20,35;12
SA-G891-CON-COM;Samsung;Galaxy S7 Active;Conector de carga;Compatible;9,40;;;6
SA-G891-TAP-COM;Samsung;Galaxy S7 Active;Tapa trasera;Compatible;6,50;;;6
SA-G891-CTR-COM;Samsung;Galaxy S7 Active;Cámara trasera;Compatible;18,05;17,51;16,97;6
SA-G891-CFR-COM;Samsung;Galaxy S7 Active;Cámara frontal;Compatible;10,85;10,52;10,20;6
SA-G891-LEN-COM;Samsung;Galaxy S7 Active;Lente de cámara;Compatible;3,40;;;6
SA-G891-ALT-COM;Samsung;Galaxy S7 Active;Altavoz;Compatible;5,80;;;6
SA-G891-AUR-COM;Samsung;Galaxy S7 Active;Auricular de llamada;Compatible;4,19;;;6
SA-G891-FLX-COM;Samsung;Galaxy S7 Active;Flex de encendido y volumen;Compatible;4,05;;;6
SA-G891-SIM-COM;Samsung;Galaxy S7 Active;Bandeja SIM;Compatible;3,29;;;6
SA-C500-PAN-ORI;Samsung;Galaxy C5;Pantalla;Original con marco;52,60;51,02;49,44;12
SA-C500-PAN-INC;Samsung;Galaxy C5;Pantalla;Incell;20,50;19,88;19,27;6
SA-C500-BAT-ORI;Samsung;Galaxy C5;Batería;Original;21,70;21,05;20,40;12
SA-C500-BAT-COM;Samsung;Galaxy C5;Batería;Compatible;12,10;11,74;11,37;6
SA-C500-CON-ORI;Samsung;Galaxy C5;Conector de carga;Original;17,25;16,73;16,22;12
SA-C500-CON-COM;Samsung;Galaxy C5;Conector de carga;Compatible;6,95;;;6
SA-C500-TAP-COM;Samsung;Galaxy C5;Tapa trasera;Compatible;5,70;;;6
SA-C500-CTR-COM;Samsung;Galaxy C5;Cámara trasera;Compatible;10,59;10,27;9,95;6
SA-C500-CFR-COM;Samsung;Galaxy C5;Cámara frontal;Compatible;7,15;;;6
SA-C500-LEN-COM;Samsung;Galaxy C5;Lente de cámara;Compatible;2,49;;;6
SA-C500-ALT-COM;Samsung;Galaxy C5;Altavoz;Compatible;4,55;;;6
SA-C500-AUR-COM;Samsung;Galaxy C5;Auricular de llamada;Compatible;3,19;;;6
SA-C500-FLX-COM;Samsung;Galaxy C5;Flex de encendido y volumen;Compatible;2,85;;;6
SA-C500-SIM-COM;Samsung;Galaxy C5;Bandeja SIM;Compatible;2,89;;;6
SA-C501-PAN-ORI;Samsung;Galaxy C5 Pro;Pantalla;Original con marco;52,60;51,02;49,44;12
SA-C501-PAN-INC;Samsung;Galaxy C5 Pro;Pantalla;Incell;20,50;19,88;19,27;6
SA-C501-BAT-ORI;Samsung;Galaxy C5 Pro;Batería;Original;21,70;21,05;20,40;12
SA-C501-BAT-COM;Samsung;Galaxy C5 Pro;Batería;Compatible;12,10;11,74;11,37;6
SA-C501-CON-ORI;Samsung;Galaxy C5 Pro;Conector de carga;Original;17,25;16,73;16,22;12
SA-C501-CON-COM;Samsung;Galaxy C5 Pro;Conector de carga;Compatible;6,95;;;6
SA-C501-TAP-COM;Samsung;Galaxy C5 Pro;Tapa trasera;Compatible;5,70;;;6
SA-C501-CTR-COM;Samsung;Galaxy C5 Pro;Cámara trasera;Compatible;10,59;10,27;9,95;6
SA-C501-CFR-COM;Samsung;Galaxy C5 Pro;Cámara frontal;Compatible;7,15;;;6
SA-C501-LEN-COM;Samsung;Galaxy C5 Pro;Lente de cámara;Compatible;2,49;;;6
SA-C501-ALT-COM;Samsung;Galaxy C5 Pro;Altavoz;Compatible;4,55;;;6
SA-C501-AUR-COM;Samsung;Galaxy C5 Pro;Auricular de llamada;Compatible;3,19;;;6
SA-C501-FLX-COM;Samsung;Galaxy C5 Pro;Flex de encendido y volumen;Compatible;2,85;;;6
SA-C501-SIM-COM;Samsung;Galaxy C5 Pro;Bandeja SIM;Compatible;2,89;;;6
SA-C700-PAN-ORI;Samsung;Galaxy C7;Pantalla;Original con marco;52,60;51,02;49,44;12
SA-C700-PAN-INC;Samsung;Galaxy C7;Pantalla;Incell;20,50;19,88;19,27;6
SA-C700-BAT-ORI;Samsung;Galaxy C7;Batería;Original;21,70;21,05;20,40;12
SA-C700-BAT-COM;Samsung;Galaxy C7;Batería;Compatible;12,10;11,74;11,37;6
SA-C700-CON-ORI;Samsung;Galaxy C7;Conector de carga;Original;17,25;16,73;16,22;12
SA-C700-CON-COM;Samsung;Galaxy C7;Conector de carga;Compatible;6,95;;;6
SA-C700-TAP-COM;Samsung;Galaxy C7;Tapa trasera;Compatible;5,70;;;6
SA-C700-CTR-COM;Samsung;Galaxy C7;Cámara trasera;Compatible;10,59;10,27;9,95;6
SA-C700-CFR-COM;Samsung;Galaxy C7;Cámara frontal;Compatible;7,15;;;6
SA-C700-LEN-COM;Samsung;Galaxy C7;Lente de cámara;Compatible;2,49;;;6
SA-C700-ALT-COM;Samsung;Galaxy C7;Altavoz;Compatible;4,55;;;6
SA-C700-AUR-COM;Samsung;Galaxy C7;Auricular de llamada;Compatible;3,19;;;6
SA-C700-FLX-COM;Samsung;Galaxy C7;Flex de encendido y volumen;Compatible;2,85;;;6
SA-C700-SIM-COM;Samsung;Galaxy C7;Bandeja SIM;Compatible;2,89;;;6
SA-J3V-PAN-ORI;Samsung;Galaxy J3 V;Pantalla;Original con marco;37,35;36,23;35,11;12
SA-J3V-PAN-INC;Samsung;Galaxy J3 V;Pantalla;Incell;17,70;17,17;16,64;6
SA-J3V-BAT-ORI;Samsung;Galaxy J3 V;Batería;Original;18,55;17,99;17,44;12
SA-J3V-BAT-COM;Samsung;Galaxy J3 V;Batería;Compatible;11,19;10,85;10,52;6
SA-J3V-CON-ORI;Samsung;Galaxy J3 V;Conector de carga;Original;13,90;13,48;13,07;12
SA-J3V-CON-COM;Samsung;Galaxy J3 V;Conector de carga;Compatible;5,59;;;6
SA-J3V-TAP-COM;Samsung;Galaxy J3 V;Tapa trasera;Compatible;5,09;;;6
SA-J3V-CTR-COM;Samsung;Galaxy J3 V;Cámara trasera;Compatible;9,29;;;6
SA-J3V-CFR-COM;Samsung;Galaxy J3 V;Cámara frontal;Compatible;6,70;;;6
SA-J3V-LEN-COM;Samsung;Galaxy J3 V;Lente de cámara;Compatible;2,55;;;6
SA-J3V-ALT-COM;Samsung;Galaxy J3 V;Altavoz;Compatible;4,45;;;6
SA-J3V-AUR-COM;Samsung;Galaxy J3 V;Auricular de llamada;Compatible;3,25;;;6
SA-J3V-FLX-COM;Samsung;Galaxy J3 V;Flex de encendido y volumen;Compatible;2,90;;;6
SA-J3V-SIM-COM;Samsung;Galaxy J3 V;Bandeja SIM;Compatible;3,05;;;6
SA-X3G389F-PAN-COM;Samsung;Galaxy XCover 3 G389F;Pantalla;Compatible;17,05;16,54;16,03;6
SA-X3G389F-BAT-ORI;Samsung;Galaxy XCover 3 G389F;Batería;Original;21,70;21,05;20,40;12
SA-X3G389F-BAT-COM;Samsung;Galaxy XCover 3 G389F;Batería;Compatible;12,10;11,74;11,37;6
SA-X3G389F-CON-ORI;Samsung;Galaxy XCover 3 G389F;Conector de carga;Original;17,25;16,73;16,22;12
SA-X3G389F-CON-COM;Samsung;Galaxy XCover 3 G389F;Conector de carga;Compatible;6,95;;;6
SA-X3G389F-TAP-COM;Samsung;Galaxy XCover 3 G389F;Tapa trasera;Compatible;5,70;;;6
SA-X3G389F-CTR-COM;Samsung;Galaxy XCover 3 G389F;Cámara trasera;Compatible;10,59;10,27;9,95;6
SA-X3G389F-CFR-COM;Samsung;Galaxy XCover 3 G389F;Cámara frontal;Compatible;7,15;;;6
SA-X3G389F-LEN-COM;Samsung;Galaxy XCover 3 G389F;Lente de cámara;Compatible;2,49;;;6
SA-X3G389F-ALT-COM;Samsung;Galaxy XCover 3 G389F;Altavoz;Compatible;4,55;;;6
SA-X3G389F-AUR-COM;Samsung;Galaxy XCover 3 G389F;Auricular de llamada;Compatible;3,19;;;6
SA-X3G389F-FLX-COM;Samsung;Galaxy XCover 3 G389F;Flex de encendido y volumen;Compatible;2,85;;;6
SA-X3G389F-SIM-COM;Samsung;Galaxy XCover 3 G389F;Bandeja SIM;Compatible;2,89;;;6
SA-X3VE-PAN-ORI;Samsung;Galaxy XCover 3 VE;Pantalla;Original con marco;37,45;36,33;35,20;12
SA-X3VE-PAN-COM;Samsung;Galaxy XCover 3 VE;Pantalla;Compatible;17,05;16,54;16,03;6
SA-X3VE-BAT-ORI;Samsung;Galaxy XCover 3 VE;Batería;Original;21,70;21,05;20,40;12
SA-X3VE-BAT-COM;Samsung;Galaxy XCover 3 VE;Batería;Compatible;12,10;11,74;11,37;6
SA-X3VE-CON-ORI;Samsung;Galaxy XCover 3 VE;Conector de carga;Original;17,25;16,73;16,22;12
SA-X3VE-CON-COM;Samsung;Galaxy XCover 3 VE;Conector de carga;Compatible;6,95;;;6
SA-X3VE-TAP-COM;Samsung;Galaxy XCover 3 VE;Tapa trasera;Compatible;5,70;;;6
SA-X3VE-CTR-COM;Samsung;Galaxy XCover 3 VE;Cámara trasera;Compatible;10,59;10,27;9,95;6
SA-X3VE-CFR-COM;Samsung;Galaxy XCover 3 VE;Cámara frontal;Compatible;7,15;;;6
SA-X3VE-LEN-COM;Samsung;Galaxy XCover 3 VE;Lente de cámara;Compatible;2,49;;;6
SA-X3VE-ALT-COM;Samsung;Galaxy XCover 3 VE;Altavoz;Compatible;4,55;;;6
SA-X3VE-AUR-COM;Samsung;Galaxy XCover 3 VE;Auricular de llamada;Compatible;3,19;;;6
SA-X3VE-FLX-COM;Samsung;Galaxy XCover 3 VE;Flex de encendido y volumen;Compatible;2,85;;;6
SA-X3VE-SIM-COM;Samsung;Galaxy XCover 3 VE;Bandeja SIM;Compatible;2,89;;;6
SA-A9P16-PAN-ORI;Samsung;Galaxy A9 Pro 2016;Pantalla;Original con marco;50,20;48,69;47,19;12
SA-A9P16-PAN-OLS;Samsung;Galaxy A9 Pro 2016;Pantalla;OLED Soft;41,15;39,92;38,68;6
SA-A9P16-PAN-OLH;Samsung;Galaxy A9 Pro 2016;Pantalla;OLED Hard;38,59;37,43;36,27;6
SA-A9P16-PAN-INC;Samsung;Galaxy A9 Pro 2016;Pantalla;Incell;20,25;19,64;19,04;6
SA-A9P16-BAT-ORI;Samsung;Galaxy A9 Pro 2016;Batería;Original;22,05;21,39;20,73;12
SA-A9P16-BAT-COM;Samsung;Galaxy A9 Pro 2016;Batería;Compatible;12,15;11,79;11,42;6
SA-A9P16-CON-ORI;Samsung;Galaxy A9 Pro 2016;Conector de carga;Original;17,25;16,73;16,22;12
SA-A9P16-CON-COM;Samsung;Galaxy A9 Pro 2016;Conector de carga;Compatible;7,20;;;6
SA-A9P16-TAP-COM;Samsung;Galaxy A9 Pro 2016;Tapa trasera;Compatible;5,25;;;6
SA-A9P16-CTR-COM;Samsung;Galaxy A9 Pro 2016;Cámara trasera;Compatible;10,49;10,18;9,86;6
SA-A9P16-CFR-COM;Samsung;Galaxy A9 Pro 2016;Cámara frontal;Compatible;7,60;;;6
SA-A9P16-LEN-COM;Samsung;Galaxy A9 Pro 2016;Lente de cámara;Compatible;2,35;;;6
SA-A9P16-ALT-COM;Samsung;Galaxy A9 Pro 2016;Altavoz;Compatible;4,40;;;6
SA-A9P16-AUR-COM;Samsung;Galaxy A9 Pro 2016;Auricular de llamada;Compatible;3,20;;;6
SA-A9P16-FLX-COM;Samsung;Galaxy A9 Pro 2016;Flex de encendido y volumen;Compatible;2,69;;;6
SA-A9P16-SIM-COM;Samsung;Galaxy A9 Pro 2016;Bandeja SIM;Compatible;2,85;;;6
SA-J105-PAN-ORI;Samsung;Galaxy J1 mini;Pantalla;Original con marco;31,50;30,56;29,61;12
SA-J105-PAN-COM;Samsung;Galaxy J1 mini;Pantalla;Compatible;14,75;14,31;13,86;6
SA-J105-BAT-ORI;Samsung;Galaxy J1 mini;Batería;Original;18,55;17,99;17,44;12
SA-J105-BAT-COM;Samsung;Galaxy J1 mini;Batería;Compatible;11,19;10,85;10,52;6
SA-J105-CON-ORI;Samsung;Galaxy J1 mini;Conector de carga;Original;13,90;13,48;13,07;12
SA-J105-CON-COM;Samsung;Galaxy J1 mini;Conector de carga;Compatible;5,59;;;6
SA-J105-TAP-COM;Samsung;Galaxy J1 mini;Tapa trasera;Compatible;5,09;;;6
SA-J105-CTR-COM;Samsung;Galaxy J1 mini;Cámara trasera;Compatible;9,29;;;6
SA-J105-CFR-COM;Samsung;Galaxy J1 mini;Cámara frontal;Compatible;6,70;;;6
SA-J105-LEN-COM;Samsung;Galaxy J1 mini;Lente de cámara;Compatible;2,55;;;6
SA-J105-ALT-COM;Samsung;Galaxy J1 mini;Altavoz;Compatible;4,45;;;6
SA-J105-AUR-COM;Samsung;Galaxy J1 mini;Auricular de llamada;Compatible;3,25;;;6
SA-J105-FLX-COM;Samsung;Galaxy J1 mini;Flex de encendido y volumen;Compatible;2,90;;;6
SA-J105-SIM-COM;Samsung;Galaxy J1 mini;Bandeja SIM;Compatible;3,05;;;6
SA-J1NXT-PAN-ORI;Samsung;Galaxy J1 Nxt;Pantalla;Original con marco;31,50;30,56;29,61;12
SA-J1NXT-PAN-COM;Samsung;Galaxy J1 Nxt;Pantalla;Compatible;14,75;14,31;13,86;6
SA-J1NXT-BAT-ORI;Samsung;Galaxy J1 Nxt;Batería;Original;18,55;17,99;17,44;12
SA-J1NXT-BAT-COM;Samsung;Galaxy J1 Nxt;Batería;Compatible;11,19;10,85;10,52;6
SA-J1NXT-CON-ORI;Samsung;Galaxy J1 Nxt;Conector de carga;Original;13,90;13,48;13,07;12
SA-J1NXT-CON-COM;Samsung;Galaxy J1 Nxt;Conector de carga;Compatible;5,59;;;6
SA-J1NXT-TAP-COM;Samsung;Galaxy J1 Nxt;Tapa trasera;Compatible;5,09;;;6
SA-J1NXT-CTR-COM;Samsung;Galaxy J1 Nxt;Cámara trasera;Compatible;9,29;;;6
SA-J1NXT-CFR-COM;Samsung;Galaxy J1 Nxt;Cámara frontal;Compatible;6,70;;;6
SA-J1NXT-LEN-COM;Samsung;Galaxy J1 Nxt;Lente de cámara;Compatible;2,55;;;6
SA-J1NXT-ALT-COM;Samsung;Galaxy J1 Nxt;Altavoz;Compatible;4,45;;;6
SA-J1NXT-AUR-COM;Samsung;Galaxy J1 Nxt;Auricular de llamada;Compatible;3,25;;;6
SA-J1NXT-FLX-COM;Samsung;Galaxy J1 Nxt;Flex de encendido y volumen;Compatible;2,90;;;6
SA-J1NXT-SIM-COM;Samsung;Galaxy J1 Nxt;Bandeja SIM;Compatible;3,05;;;6
SA-ON8-PAN-ORI;Samsung;Galaxy On8;Pantalla;Original con marco;52,60;51,02;49,44;12
SA-ON8-PAN-INC;Samsung;Galaxy On8;Pantalla;Incell;20,50;19,88;19,27;6
SA-ON8-BAT-ORI;Samsung;Galaxy On8;Batería;Original;21,70;21,05;20,40;12
SA-ON8-BAT-COM;Samsung;Galaxy On8;Batería;Compatible;12,10;11,74;11,37;6
SA-ON8-CON-ORI;Samsung;Galaxy On8;Conector de carga;Original;17,25;16,73;16,22;12
SA-ON8-CON-COM;Samsung;Galaxy On8;Conector de carga;Compatible;6,95;;;6
SA-ON8-TAP-COM;Samsung;Galaxy On8;Tapa trasera;Compatible;5,70;;;6
SA-ON8-CTR-COM;Samsung;Galaxy On8;Cámara trasera;Compatible;10,59;10,27;9,95;6
SA-ON8-CFR-COM;Samsung;Galaxy On8;Cámara frontal;Compatible;7,15;;;6
SA-ON8-LEN-COM;Samsung;Galaxy On8;Lente de cámara;Compatible;2,49;;;6
SA-ON8-ALT-COM;Samsung;Galaxy On8;Altavoz;Compatible;4,55;;;6
SA-ON8-AUR-COM;Samsung;Galaxy On8;Auricular de llamada;Compatible;3,19;;;6
SA-ON8-FLX-COM;Samsung;Galaxy On8;Flex de encendido y volumen;Compatible;2,85;;;6
SA-ON8-SIM-COM;Samsung;Galaxy On8;Bandeja SIM;Compatible;2,89;;;6
SA-A710-PAN-ORI;Samsung;Galaxy A7 2016;Pantalla;Original con marco;50,20;48,69;47,19;12
SA-A710-PAN-OLS;Samsung;Galaxy A7 2016;Pantalla;OLED Soft;41,15;39,92;38,68;6
SA-A710-PAN-OLH;Samsung;Galaxy A7 2016;Pantalla;OLED Hard;38,59;37,43;36,27;6
SA-A710-PAN-INC;Samsung;Galaxy A7 2016;Pantalla;Incell;20,25;19,64;19,04;6
SA-A710-BAT-ORI;Samsung;Galaxy A7 2016;Batería;Original;22,05;21,39;20,73;12
SA-A710-BAT-COM;Samsung;Galaxy A7 2016;Batería;Compatible;12,15;11,79;11,42;6
SA-A710-CON-ORI;Samsung;Galaxy A7 2016;Conector de carga;Original;17,25;16,73;16,22;12
SA-A710-CON-COM;Samsung;Galaxy A7 2016;Conector de carga;Compatible;7,20;;;6
SA-A710-TAP-COM;Samsung;Galaxy A7 2016;Tapa trasera;Compatible;5,25;;;6
SA-A710-CTR-COM;Samsung;Galaxy A7 2016;Cámara trasera;Compatible;10,49;10,18;9,86;6
SA-A710-CFR-COM;Samsung;Galaxy A7 2016;Cámara frontal;Compatible;7,60;;;6
SA-A710-LEN-COM;Samsung;Galaxy A7 2016;Lente de cámara;Compatible;2,35;;;6
SA-A710-ALT-COM;Samsung;Galaxy A7 2016;Altavoz;Compatible;4,40;;;6
SA-A710-AUR-COM;Samsung;Galaxy A7 2016;Auricular de llamada;Compatible;3,20;;;6
SA-A710-FLX-COM;Samsung;Galaxy A7 2016;Flex de encendido y volumen;Compatible;2,69;;;6
SA-A710-SIM-COM;Samsung;Galaxy A7 2016;Bandeja SIM;Compatible;2,85;;;6
SA-A900-PAN-ORI;Samsung;Galaxy A9 2016;Pantalla;Original con marco;50,20;48,69;47,19;12
SA-A900-PAN-OLS;Samsung;Galaxy A9 2016;Pantalla;OLED Soft;41,15;39,92;38,68;6
SA-A900-PAN-OLH;Samsung;Galaxy A9 2016;Pantalla;OLED Hard;38,59;37,43;36,27;6
SA-A900-PAN-INC;Samsung;Galaxy A9 2016;Pantalla;Incell;20,25;19,64;19,04;6
SA-A900-BAT-ORI;Samsung;Galaxy A9 2016;Batería;Original;22,05;21,39;20,73;12
SA-A900-BAT-COM;Samsung;Galaxy A9 2016;Batería;Compatible;12,15;11,79;11,42;6
SA-A900-CON-ORI;Samsung;Galaxy A9 2016;Conector de carga;Original;17,25;16,73;16,22;12
SA-A900-CON-COM;Samsung;Galaxy A9 2016;Conector de carga;Compatible;7,20;;;6
SA-A900-TAP-COM;Samsung;Galaxy A9 2016;Tapa trasera;Compatible;5,25;;;6
SA-A900-CTR-COM;Samsung;Galaxy A9 2016;Cámara trasera;Compatible;10,49;10,18;9,86;6
SA-A900-CFR-COM;Samsung;Galaxy A9 2016;Cámara frontal;Compatible;7,60;;;6
SA-A900-LEN-COM;Samsung;Galaxy A9 2016;Lente de cámara;Compatible;2,35;;;6
SA-A900-ALT-COM;Samsung;Galaxy A9 2016;Altavoz;Compatible;4,40;;;6
SA-A900-AUR-COM;Samsung;Galaxy A9 2016;Auricular de llamada;Compatible;3,20;;;6
SA-A900-FLX-COM;Samsung;Galaxy A9 2016;Flex de encendido y volumen;Compatible;2,69;;;6
SA-A900-SIM-COM;Samsung;Galaxy A9 2016;Bandeja SIM;Compatible;2,85;;;6
SA-J1ACENEO-PAN-ORI;Samsung;Galaxy J1 Ace Neo;Pantalla;Original con marco;44,25;42,92;41,60;12
SA-J1ACENEO-PAN-INC;Samsung;Galaxy J1 Ace Neo;Pantalla;Incell;17,70;17,17;16,64;6
SA-J1ACENEO-BAT-ORI;Samsung;Galaxy J1 Ace Neo;Batería;Original;18,55;17,99;17,44;12
SA-J1ACENEO-BAT-COM;Samsung;Galaxy J1 Ace Neo;Batería;Compatible;11,19;10,85;10,52;6
SA-J1ACENEO-CON-ORI;Samsung;Galaxy J1 Ace Neo;Conector de carga;Original;13,90;13,48;13,07;12
SA-J1ACENEO-CON-COM;Samsung;Galaxy J1 Ace Neo;Conector de carga;Compatible;5,59;;;6
SA-J1ACENEO-TAP-COM;Samsung;Galaxy J1 Ace Neo;Tapa trasera;Compatible;5,09;;;6
SA-J1ACENEO-CTR-COM;Samsung;Galaxy J1 Ace Neo;Cámara trasera;Compatible;9,29;;;6
SA-J1ACENEO-CFR-COM;Samsung;Galaxy J1 Ace Neo;Cámara frontal;Compatible;6,70;;;6
SA-J1ACENEO-LEN-COM;Samsung;Galaxy J1 Ace Neo;Lente de cámara;Compatible;2,55;;;6
SA-J1ACENEO-ALT-COM;Samsung;Galaxy J1 Ace Neo;Altavoz;Compatible;4,45;;;6
SA-J1ACENEO-AUR-COM;Samsung;Galaxy J1 Ace Neo;Auricular de llamada;Compatible;3,25;;;6
SA-J1ACENEO-FLX-COM;Samsung;Galaxy J1 Ace Neo;Flex de encendido y volumen;Compatible;2,90;;;6
SA-J1ACENEO-SIM-COM;Samsung;Galaxy J1 Ace Neo;Bandeja SIM;Compatible;3,05;;;6
SA-G550-PAN-ORI;Samsung;Galaxy On5;Pantalla;Original con marco;37,45;36,33;35,20;12
SA-G550-PAN-COM;Samsung;Galaxy On5;Pantalla;Compatible;17,05;16,54;16,03;6
SA-G550-BAT-ORI;Samsung;Galaxy On5;Batería;Original;21,70;21,05;20,40;12
SA-G550-BAT-COM;Samsung;Galaxy On5;Batería;Compatible;12,10;11,74;11,37;6
SA-G550-CON-ORI;Samsung;Galaxy On5;Conector de carga;Original;17,25;16,73;16,22;12
SA-G550-CON-COM;Samsung;Galaxy On5;Conector de carga;Compatible;6,95;;;6
SA-G550-TAP-COM;Samsung;Galaxy On5;Tapa trasera;Compatible;5,70;;;6
SA-G550-CTR-COM;Samsung;Galaxy On5;Cámara trasera;Compatible;10,59;10,27;9,95;6
SA-G550-CFR-COM;Samsung;Galaxy On5;Cámara frontal;Compatible;7,15;;;6
SA-G550-LEN-COM;Samsung;Galaxy On5;Lente de cámara;Compatible;2,49;;;6
SA-G550-ALT-COM;Samsung;Galaxy On5;Altavoz;Compatible;4,55;;;6
SA-G550-AUR-COM;Samsung;Galaxy On5;Auricular de llamada;Compatible;3,19;;;6
SA-G550-FLX-COM;Samsung;Galaxy On5;Flex de encendido y volumen;Compatible;2,85;;;6
SA-G550-SIM-COM;Samsung;Galaxy On5;Bandeja SIM;Compatible;2,89;;;6
SA-G600-PAN-ORI;Samsung;Galaxy On7;Pantalla;Original con marco;37,45;36,33;35,20;12
SA-G600-PAN-COM;Samsung;Galaxy On7;Pantalla;Compatible;17,05;16,54;16,03;6
SA-G600-BAT-ORI;Samsung;Galaxy On7;Batería;Original;21,70;21,05;20,40;12
SA-G600-BAT-COM;Samsung;Galaxy On7;Batería;Compatible;12,10;11,74;11,37;6
SA-G600-CON-ORI;Samsung;Galaxy On7;Conector de carga;Original;17,25;16,73;16,22;12
SA-G600-CON-COM;Samsung;Galaxy On7;Conector de carga;Compatible;6,95;;;6
SA-G600-TAP-COM;Samsung;Galaxy On7;Tapa trasera;Compatible;5,70;;;6
SA-G600-CTR-COM;Samsung;Galaxy On7;Cámara trasera;Compatible;10,59;10,27;9,95;6
SA-G600-CFR-COM;Samsung;Galaxy On7;Cámara frontal;Compatible;7,15;;;6
SA-G600-LEN-COM;Samsung;Galaxy On7;Lente de cámara;Compatible;2,49;;;6
SA-G600-ALT-COM;Samsung;Galaxy On7;Altavoz;Compatible;4,55;;;6
SA-G600-AUR-COM;Samsung;Galaxy On7;Auricular de llamada;Compatible;3,19;;;6
SA-G600-FLX-COM;Samsung;Galaxy On7;Flex de encendido y volumen;Compatible;2,85;;;6
SA-G600-SIM-COM;Samsung;Galaxy On7;Bandeja SIM;Compatible;2,89;;;6
SA-Z3-PAN-ORI;Samsung;Z3;Pantalla;Original con marco;52,60;51,02;49,44;12
SA-Z3-PAN-INC;Samsung;Z3;Pantalla;Incell;20,50;19,88;19,27;6
SA-Z3-BAT-ORI;Samsung;Z3;Batería;Original;21,70;21,05;20,40;12
SA-Z3-BAT-COM;Samsung;Z3;Batería;Compatible;12,10;11,74;11,37;6
SA-Z3-CON-ORI;Samsung;Z3;Conector de carga;Original;17,25;16,73;16,22;12
SA-Z3-CON-COM;Samsung;Z3;Conector de carga;Compatible;6,95;;;6
SA-Z3-TAP-COM;Samsung;Z3;Tapa trasera;Compatible;5,70;;;6
SA-Z3-CTR-COM;Samsung;Z3;Cámara trasera;Compatible;10,59;10,27;9,95;6
SA-Z3-CFR-COM;Samsung;Z3;Cámara frontal;Compatible;7,15;;;6
SA-Z3-LEN-COM;Samsung;Z3;Lente de cámara;Compatible;2,49;;;6
SA-Z3-ALT-COM;Samsung;Z3;Altavoz;Compatible;4,55;;;6
SA-Z3-AUR-COM;Samsung;Z3;Auricular de llamada;Compatible;3,19;;;6
SA-Z3-FLX-COM;Samsung;Z3;Flex de encendido y volumen;Compatible;2,85;;;6
SA-Z3-SIM-COM;Samsung;Z3;Bandeja SIM;Compatible;2,89;;;6
SA-J110-PAN-ORI;Samsung;Galaxy J1 Ace;Pantalla;Original con marco;44,25;42,92;41,60;12
SA-J110-PAN-INC;Samsung;Galaxy J1 Ace;Pantalla;Incell;17,70;17,17;16,64;6
SA-J110-BAT-ORI;Samsung;Galaxy J1 Ace;Batería;Original;18,55;17,99;17,44;12
SA-J110-BAT-COM;Samsung;Galaxy J1 Ace;Batería;Compatible;11,19;10,85;10,52;6
SA-J110-CON-ORI;Samsung;Galaxy J1 Ace;Conector de carga;Original;13,90;13,48;13,07;12
SA-J110-CON-COM;Samsung;Galaxy J1 Ace;Conector de carga;Compatible;5,59;;;6
SA-J110-TAP-COM;Samsung;Galaxy J1 Ace;Tapa trasera;Compatible;5,09;;;6
SA-J110-CTR-COM;Samsung;Galaxy J1 Ace;Cámara trasera;Compatible;9,29;;;6
SA-J110-CFR-COM;Samsung;Galaxy J1 Ace;Cámara frontal;Compatible;6,70;;;6
SA-J110-LEN-COM;Samsung;Galaxy J1 Ace;Lente de cámara;Compatible;2,55;;;6
SA-J110-ALT-COM;Samsung;Galaxy J1 Ace;Altavoz;Compatible;4,45;;;6
SA-J110-AUR-COM;Samsung;Galaxy J1 Ace;Auricular de llamada;Compatible;3,25;;;6
SA-J110-FLX-COM;Samsung;Galaxy J1 Ace;Flex de encendido y volumen;Compatible;2,90;;;6
SA-J110-SIM-COM;Samsung;Galaxy J1 Ace;Bandeja SIM;Compatible;3,05;;;6
SA-J200-PAN-ORI;Samsung;Galaxy J2;Pantalla;Original con marco;39,50;38,32;37,13;12
SA-J200-PAN-INC;Samsung;Galaxy J2;Pantalla;Incell;17,70;17,17;16,64;6
SA-J200-BAT-ORI;Samsung;Galaxy J2;Batería;Original;18,55;17,99;17,44;12
SA-J200-BAT-COM;Samsung;Galaxy J2;Batería;Compatible;11,19;10,85;10,52;6
SA-J200-CON-ORI;Samsung;Galaxy J2;Conector de carga;Original;13,90;13,48;13,07;12
SA-J200-CON-COM;Samsung;Galaxy J2;Conector de carga;Compatible;5,59;;;6
SA-J200-TAP-COM;Samsung;Galaxy J2;Tapa trasera;Compatible;5,09;;;6
SA-J200-CTR-COM;Samsung;Galaxy J2;Cámara trasera;Compatible;9,29;;;6
SA-J200-CFR-COM;Samsung;Galaxy J2;Cámara frontal;Compatible;6,70;;;6
SA-J200-LEN-COM;Samsung;Galaxy J2;Lente de cámara;Compatible;2,55;;;6
SA-J200-ALT-COM;Samsung;Galaxy J2;Altavoz;Compatible;4,45;;;6
SA-J200-AUR-COM;Samsung;Galaxy J2;Auricular de llamada;Compatible;3,25;;;6
SA-J200-FLX-COM;Samsung;Galaxy J2;Flex de encendido y volumen;Compatible;2,90;;;6
SA-J200-SIM-COM;Samsung;Galaxy J2;Bandeja SIM;Compatible;3,05;;;6
SA-G720-PAN-ORI;Samsung;Galaxy Grand Max;Pantalla;Original con marco;52,60;51,02;49,44;12
SA-G720-PAN-INC;Samsung;Galaxy Grand Max;Pantalla;Incell;20,50;19,88;19,27;6
SA-G720-BAT-ORI;Samsung;Galaxy Grand Max;Batería;Original;21,70;21,05;20,40;12
SA-G720-BAT-COM;Samsung;Galaxy Grand Max;Batería;Compatible;12,10;11,74;11,37;6
SA-G720-CON-ORI;Samsung;Galaxy Grand Max;Conector de carga;Original;17,25;16,73;16,22;12
SA-G720-CON-COM;Samsung;Galaxy Grand Max;Conector de carga;Compatible;6,95;;;6
SA-G720-TAP-COM;Samsung;Galaxy Grand Max;Tapa trasera;Compatible;5,70;;;6
SA-G720-CTR-COM;Samsung;Galaxy Grand Max;Cámara trasera;Compatible;10,59;10,27;9,95;6
SA-G720-CFR-COM;Samsung;Galaxy Grand Max;Cámara frontal;Compatible;7,15;;;6
SA-G720-LEN-COM;Samsung;Galaxy Grand Max;Lente de cámara;Compatible;2,49;;;6
SA-G720-ALT-COM;Samsung;Galaxy Grand Max;Altavoz;Compatible;4,55;;;6
SA-G720-AUR-COM;Samsung;Galaxy Grand Max;Auricular de llamada;Compatible;3,19;;;6
SA-G720-FLX-COM;Samsung;Galaxy Grand Max;Flex de encendido y volumen;Compatible;2,85;;;6
SA-G720-SIM-COM;Samsung;Galaxy Grand Max;Bandeja SIM;Compatible;2,89;;;6
SA-N920-PAN-ORI;Samsung;Galaxy Note 5;Pantalla;Original con marco;104,19;101,06;97,94;12
SA-N920-PAN-INC;Samsung;Galaxy Note 5;Pantalla;Incell;32,85;31,86;30,88;6
SA-N920-BAT-ORI;Samsung;Galaxy Note 5;Batería;Original;24,00;23,28;22,56;12
SA-N920-BAT-COM;Samsung;Galaxy Note 5;Batería;Compatible;12,50;12,13;11,75;6
SA-N920-CON-ORI;Samsung;Galaxy Note 5;Conector de carga;Original;21,65;21,00;20,35;12
SA-N920-CON-COM;Samsung;Galaxy Note 5;Conector de carga;Compatible;8,69;;;6
SA-N920-TAP-COM;Samsung;Galaxy Note 5;Tapa trasera;Compatible;7,10;;;6
SA-N920-CTR-COM;Samsung;Galaxy Note 5;Cámara trasera;Compatible;16,09;15,61;15,12;6
SA-N920-CFR-COM;Samsung;Galaxy Note 5;Cámara frontal;Compatible;9,49;;;6
SA-N920-LEN-COM;Samsung;Galaxy Note 5;Lente de cámara;Compatible;3,45;;;6
SA-N920-ALT-COM;Samsung;Galaxy Note 5;Altavoz;Compatible;5,79;;;6
SA-N920-AUR-COM;Samsung;Galaxy Note 5;Auricular de llamada;Compatible;4,35;;;6
SA-N920-FLX-COM;Samsung;Galaxy Note 5;Flex de encendido y volumen;Compatible;4,00;;;6
SA-N920-SIM-COM;Samsung;Galaxy Note 5;Bandeja SIM;Compatible;3,59;;;6
SA-G903-PAN-ORI;Samsung;Galaxy S5 Neo;Pantalla;Original con marco;109,05;105,78;102,51;12
SA-G903-PAN-OLS;Samsung;Galaxy S5 Neo;Pantalla;OLED Soft;64,55;62,61;60,68;6
SA-G903-PAN-OLH;Samsung;Galaxy S5 Neo;Pantalla;OLED Hard;60,50;58,68;56,87;6
SA-G903-PAN-INC;Samsung;Galaxy S5 Neo;Pantalla;Incell;31,75;30,80;29,85;6
SA-G903-BAT-ORI;Samsung;Galaxy S5 Neo;Batería;Original;23,89;23,17;22,46;12
SA-G903-BAT-COM;Samsung;Galaxy S5 Neo;Batería;Compatible;12,35;11,98;11,61;6
SA-G903-CON-ORI;Samsung;Galaxy S5 Neo;Conector de carga;Original;21,65;21,00;20,35;12
SA-G903-CON-COM;Samsung;Galaxy S5 Neo;Conector de carga;Compatible;9,40;;;6
SA-G903-TAP-COM;Samsung;Galaxy S5 Neo;Tapa trasera;Compatible;6,50;;;6
SA-G903-CTR-COM;Samsung;Galaxy S5 Neo;Cámara trasera;Compatible;18,05;17,51;16,97;6
SA-G903-CFR-COM;Samsung;Galaxy S5 Neo;Cámara frontal;Compatible;10,85;10,52;10,20;6
SA-G903-LEN-COM;Samsung;Galaxy S5 Neo;Lente de cámara;Compatible;3,40;;;6
SA-G903-ALT-COM;Samsung;Galaxy S5 Neo;Altavoz;Compatible;5,80;;;6
SA-G903-AUR-COM;Samsung;Galaxy S5 Neo;Auricular de llamada;Compatible;4,19;;;6
SA-G903-FLX-COM;Samsung;Galaxy S5 Neo;Flex de encendido y volumen;Compatible;4,05;;;6
SA-G903-SIM-COM;Samsung;Galaxy S5 Neo;Bandeja SIM;Compatible;3,29;;;6
SA-A815-PAN-ORI;Samsung;Galaxy A8 2015;Pantalla;Original con marco;50,20;48,69;47,19;12
SA-A815-PAN-OLS;Samsung;Galaxy A8 2015;Pantalla;OLED Soft;41,15;39,92;38,68;6
SA-A815-PAN-OLH;Samsung;Galaxy A8 2015;Pantalla;OLED Hard;38,59;37,43;36,27;6
SA-A815-PAN-INC;Samsung;Galaxy A8 2015;Pantalla;Incell;20,25;19,64;19,04;6
SA-A815-BAT-ORI;Samsung;Galaxy A8 2015;Batería;Original;22,05;21,39;20,73;12
SA-A815-BAT-COM;Samsung;Galaxy A8 2015;Batería;Compatible;12,15;11,79;11,42;6
SA-A815-CON-ORI;Samsung;Galaxy A8 2015;Conector de carga;Original;17,25;16,73;16,22;12
SA-A815-CON-COM;Samsung;Galaxy A8 2015;Conector de carga;Compatible;7,20;;;6
SA-A815-TAP-COM;Samsung;Galaxy A8 2015;Tapa trasera;Compatible;5,25;;;6
SA-A815-CTR-COM;Samsung;Galaxy A8 2015;Cámara trasera;Compatible;10,49;10,18;9,86;6
SA-A815-CFR-COM;Samsung;Galaxy A8 2015;Cámara frontal;Compatible;7,60;;;6
SA-A815-LEN-COM;Samsung;Galaxy A8 2015;Lente de cámara;Compatible;2,35;;;6
SA-A815-ALT-COM;Samsung;Galaxy A8 2015;Altavoz;Compatible;4,40;;;6
SA-A815-AUR-COM;Samsung;Galaxy A8 2015;Auricular de llamada;Compatible;3,20;;;6
SA-A815-FLX-COM;Samsung;Galaxy A8 2015;Flex de encendido y volumen;Compatible;2,69;;;6
SA-A815-SIM-COM;Samsung;Galaxy A8 2015;Bandeja SIM;Compatible;2,85;;;6
SA-G155-PAN-ORI;Samsung;Galaxy Folder;Pantalla;Original con marco;86,70;84,10;81,50;12
SA-G155-PAN-COM;Samsung;Galaxy Folder;Pantalla;Compatible;64,40;62,47;60,54;6
SA-G155-BAT-ORI;Samsung;Galaxy Folder;Batería;Original;22,20;21,53;20,87;12
SA-G155-BAT-COM;Samsung;Galaxy Folder;Batería;Compatible;12,40;12,03;11,66;6
SA-G155-CON-ORI;Samsung;Galaxy Folder;Conector de carga;Original;15,95;15,47;14,99;12
SA-G155-CON-COM;Samsung;Galaxy Folder;Conector de carga;Compatible;6,39;;;6
SA-G155-TAP-COM;Samsung;Galaxy Folder;Tapa trasera;Compatible;5,30;;;6
SA-G155-CTR-COM;Samsung;Galaxy Folder;Cámara trasera;Compatible;9,55;;;6
SA-G155-CFR-COM;Samsung;Galaxy Folder;Cámara frontal;Compatible;6,75;;;6
SA-G155-LEN-COM;Samsung;Galaxy Folder;Lente de cámara;Compatible;2,35;;;6
SA-G155-ALT-COM;Samsung;Galaxy Folder;Altavoz;Compatible;4,20;;;6
SA-G155-AUR-COM;Samsung;Galaxy Folder;Auricular de llamada;Compatible;2,95;;;6
SA-G155-FLX-COM;Samsung;Galaxy Folder;Flex de encendido y volumen;Compatible;2,59;;;6
SA-G155-SIM-COM;Samsung;Galaxy Folder;Bandeja SIM;Compatible;2,75;;;6
SA-T2L-PAN-ORI;Samsung;Galaxy Trend 2 Lite;Pantalla;Original con marco;37,45;36,33;35,20;12
SA-T2L-PAN-COM;Samsung;Galaxy Trend 2 Lite;Pantalla;Compatible;17,05;16,54;16,03;6
SA-T2L-BAT-ORI;Samsung;Galaxy Trend 2 Lite;Batería;Original;21,70;21,05;20,40;12
SA-T2L-BAT-COM;Samsung;Galaxy Trend 2 Lite;Batería;Compatible;12,10;11,74;11,37;6
SA-T2L-CON-ORI;Samsung;Galaxy Trend 2 Lite;Conector de carga;Original;17,25;16,73;16,22;12
SA-T2L-CON-COM;Samsung;Galaxy Trend 2 Lite;Conector de carga;Compatible;6,95;;;6
SA-T2L-TAP-COM;Samsung;Galaxy Trend 2 Lite;Tapa trasera;Compatible;5,70;;;6
SA-T2L-CTR-COM;Samsung;Galaxy Trend 2 Lite;Cámara trasera;Compatible;10,59;10,27;9,95;6
SA-T2L-CFR-COM;Samsung;Galaxy Trend 2 Lite;Cámara frontal;Compatible;7,15;;;6
SA-T2L-LEN-COM;Samsung;Galaxy Trend 2 Lite;Lente de cámara;Compatible;2,49;;;6
SA-T2L-ALT-COM;Samsung;Galaxy Trend 2 Lite;Altavoz;Compatible;4,55;;;6
SA-T2L-AUR-COM;Samsung;Galaxy Trend 2 Lite;Auricular de llamada;Compatible;3,19;;;6
SA-T2L-FLX-COM;Samsung;Galaxy Trend 2 Lite;Flex de encendido y volumen;Compatible;2,85;;;6
SA-T2L-SIM-COM;Samsung;Galaxy Trend 2 Lite;Bandeja SIM;Compatible;2,89;;;6
SA-J500-PAN-ORI;Samsung;Galaxy J5;Pantalla;Original con marco;39,50;38,32;37,13;12
SA-J500-PAN-INC;Samsung;Galaxy J5;Pantalla;Incell;17,70;17,17;16,64;6
SA-J500-BAT-ORI;Samsung;Galaxy J5;Batería;Original;18,55;17,99;17,44;12
SA-J500-BAT-COM;Samsung;Galaxy J5;Batería;Compatible;11,19;10,85;10,52;6
SA-J500-CON-ORI;Samsung;Galaxy J5;Conector de carga;Original;13,90;13,48;13,07;12
SA-J500-CON-COM;Samsung;Galaxy J5;Conector de carga;Compatible;5,59;;;6
SA-J500-TAP-COM;Samsung;Galaxy J5;Tapa trasera;Compatible;5,09;;;6
SA-J500-CTR-COM;Samsung;Galaxy J5;Cámara trasera;Compatible;9,29;;;6
SA-J500-CFR-COM;Samsung;Galaxy J5;Cámara frontal;Compatible;6,70;;;6
SA-J500-LEN-COM;Samsung;Galaxy J5;Lente de cámara;Compatible;2,55;;;6
SA-J500-ALT-COM;Samsung;Galaxy J5;Altavoz;Compatible;4,45;;;6
SA-J500-AUR-COM;Samsung;Galaxy J5;Auricular de llamada;Compatible;3,25;;;6
SA-J500-FLX-COM;Samsung;Galaxy J5;Flex de encendido y volumen;Compatible;2,90;;;6
SA-J500-SIM-COM;Samsung;Galaxy J5;Bandeja SIM;Compatible;3,05;;;6
SA-J700-PAN-ORI;Samsung;Galaxy J7;Pantalla;Original con marco;44,25;42,92;41,60;12
SA-J700-PAN-INC;Samsung;Galaxy J7;Pantalla;Incell;17,70;17,17;16,64;6
SA-J700-BAT-ORI;Samsung;Galaxy J7;Batería;Original;18,55;17,99;17,44;12
SA-J700-BAT-COM;Samsung;Galaxy J7;Batería;Compatible;11,19;10,85;10,52;6
SA-J700-CON-ORI;Samsung;Galaxy J7;Conector de carga;Original;13,90;13,48;13,07;12
SA-J700-CON-COM;Samsung;Galaxy J7;Conector de carga;Compatible;5,59;;;6
SA-J700-TAP-COM;Samsung;Galaxy J7;Tapa trasera;Compatible;5,09;;;6
SA-J700-CTR-COM;Samsung;Galaxy J7;Cámara trasera;Compatible;9,29;;;6
SA-J700-CFR-COM;Samsung;Galaxy J7;Cámara frontal;Compatible;6,70;;;6
SA-J700-LEN-COM;Samsung;Galaxy J7;Lente de cámara;Compatible;2,55;;;6
SA-J700-ALT-COM;Samsung;Galaxy J7;Altavoz;Compatible;4,45;;;6
SA-J700-AUR-COM;Samsung;Galaxy J7;Auricular de llamada;Compatible;3,25;;;6
SA-J700-FLX-COM;Samsung;Galaxy J7;Flex de encendido y volumen;Compatible;2,90;;;6
SA-J700-SIM-COM;Samsung;Galaxy J7;Bandeja SIM;Compatible;3,05;;;6
SA-G890-PAN-ORI;Samsung;Galaxy S6 Active;Pantalla;Original con marco;109,05;105,78;102,51;12
SA-G890-PAN-OLS;Samsung;Galaxy S6 Active;Pantalla;OLED Soft;64,55;62,61;60,68;6
SA-G890-PAN-OLH;Samsung;Galaxy S6 Active;Pantalla;OLED Hard;60,50;58,68;56,87;6
SA-G890-PAN-INC;Samsung;Galaxy S6 Active;Pantalla;Incell;31,75;30,80;29,85;6
SA-G890-BAT-ORI;Samsung;Galaxy S6 Active;Batería;Original;23,89;23,17;22,46;12
SA-G890-BAT-COM;Samsung;Galaxy S6 Active;Batería;Compatible;12,35;11,98;11,61;6
SA-G890-CON-ORI;Samsung;Galaxy S6 Active;Conector de carga;Original;21,65;21,00;20,35;12
SA-G890-CON-COM;Samsung;Galaxy S6 Active;Conector de carga;Compatible;9,40;;;6
SA-G890-TAP-COM;Samsung;Galaxy S6 Active;Tapa trasera;Compatible;6,50;;;6
SA-G890-CTR-COM;Samsung;Galaxy S6 Active;Cámara trasera;Compatible;18,05;17,51;16,97;6
SA-G890-CFR-COM;Samsung;Galaxy S6 Active;Cámara frontal;Compatible;10,85;10,52;10,20;6
SA-G890-LEN-COM;Samsung;Galaxy S6 Active;Lente de cámara;Compatible;3,40;;;6
SA-G890-ALT-COM;Samsung;Galaxy S6 Active;Altavoz;Compatible;5,80;;;6
SA-G890-AUR-COM;Samsung;Galaxy S6 Active;Auricular de llamada;Compatible;4,19;;;6
SA-G890-FLX-COM;Samsung;Galaxy S6 Active;Flex de encendido y volumen;Compatible;4,05;;;6
SA-G890-SIM-COM;Samsung;Galaxy S6 Active;Bandeja SIM;Compatible;3,29;;;6
SA-G388-PAN-ORI;Samsung;Galaxy XCover 3;Pantalla;Original con marco;37,45;36,33;35,20;12
SA-G388-PAN-COM;Samsung;Galaxy XCover 3;Pantalla;Compatible;17,05;16,54;16,03;6
SA-G388-BAT-ORI;Samsung;Galaxy XCover 3;Batería;Original;21,70;21,05;20,40;12
SA-G388-BAT-COM;Samsung;Galaxy XCover 3;Batería;Compatible;12,10;11,74;11,37;6
SA-G388-CON-ORI;Samsung;Galaxy XCover 3;Conector de carga;Original;17,25;16,73;16,22;12
SA-G388-CON-COM;Samsung;Galaxy XCover 3;Conector de carga;Compatible;6,95;;;6
SA-G388-TAP-COM;Samsung;Galaxy XCover 3;Tapa trasera;Compatible;5,70;;;6
SA-G388-CTR-COM;Samsung;Galaxy XCover 3;Cámara trasera;Compatible;10,59;10,27;9,95;6
SA-G388-CFR-COM;Samsung;Galaxy XCover 3;Cámara frontal;Compatible;7,15;;;6
SA-G388-LEN-COM;Samsung;Galaxy XCover 3;Lente de cámara;Compatible;2,49;;;6
SA-G388-ALT-COM;Samsung;Galaxy XCover 3;Altavoz;Compatible;4,55;;;6
SA-G388-AUR-COM;Samsung;Galaxy XCover 3;Auricular de llamada;Compatible;3,19;;;6
SA-G388-FLX-COM;Samsung;Galaxy XCover 3;Flex de encendido y volumen;Compatible;2,85;;;6
SA-G388-SIM-COM;Samsung;Galaxy XCover 3;Bandeja SIM;Compatible;2,89;;;6
SA-J14-PAN-ORI;Samsung;Galaxy J1 4G;Pantalla;Original con marco;31,50;30,56;29,61;12
SA-J14-PAN-COM;Samsung;Galaxy J1 4G;Pantalla;Compatible;14,75;14,31;13,86;6
SA-J14-BAT-ORI;Samsung;Galaxy J1 4G;Batería;Original;18,55;17,99;17,44;12
SA-J14-BAT-COM;Samsung;Galaxy J1 4G;Batería;Compatible;11,19;10,85;10,52;6
SA-J14-CON-ORI;Samsung;Galaxy J1 4G;Conector de carga;Original;13,90;13,48;13,07;12
SA-J14-CON-COM;Samsung;Galaxy J1 4G;Conector de carga;Compatible;5,59;;;6
SA-J14-TAP-COM;Samsung;Galaxy J1 4G;Tapa trasera;Compatible;5,09;;;6
SA-J14-CTR-COM;Samsung;Galaxy J1 4G;Cámara trasera;Compatible;9,29;;;6
SA-J14-CFR-COM;Samsung;Galaxy J1 4G;Cámara frontal;Compatible;6,70;;;6
SA-J14-LEN-COM;Samsung;Galaxy J1 4G;Lente de cámara;Compatible;2,55;;;6
SA-J14-ALT-COM;Samsung;Galaxy J1 4G;Altavoz;Compatible;4,45;;;6
SA-J14-AUR-COM;Samsung;Galaxy J1 4G;Auricular de llamada;Compatible;3,25;;;6
SA-J14-FLX-COM;Samsung;Galaxy J1 4G;Flex de encendido y volumen;Compatible;2,90;;;6
SA-J14-SIM-COM;Samsung;Galaxy J1 4G;Bandeja SIM;Compatible;3,05;;;6
SA-E700-PAN-ORI;Samsung;Galaxy E7;Pantalla;Original con marco;52,60;51,02;49,44;12
SA-E700-PAN-INC;Samsung;Galaxy E7;Pantalla;Incell;20,50;19,88;19,27;6
SA-E700-BAT-ORI;Samsung;Galaxy E7;Batería;Original;21,70;21,05;20,40;12
SA-E700-BAT-COM;Samsung;Galaxy E7;Batería;Compatible;12,10;11,74;11,37;6
SA-E700-CON-ORI;Samsung;Galaxy E7;Conector de carga;Original;17,25;16,73;16,22;12
SA-E700-CON-COM;Samsung;Galaxy E7;Conector de carga;Compatible;6,95;;;6
SA-E700-TAP-COM;Samsung;Galaxy E7;Tapa trasera;Compatible;5,70;;;6
SA-E700-CTR-COM;Samsung;Galaxy E7;Cámara trasera;Compatible;10,59;10,27;9,95;6
SA-E700-CFR-COM;Samsung;Galaxy E7;Cámara frontal;Compatible;7,15;;;6
SA-E700-LEN-COM;Samsung;Galaxy E7;Lente de cámara;Compatible;2,49;;;6
SA-E700-ALT-COM;Samsung;Galaxy E7;Altavoz;Compatible;4,55;;;6
SA-E700-AUR-COM;Samsung;Galaxy E7;Auricular de llamada;Compatible;3,19;;;6
SA-E700-FLX-COM;Samsung;Galaxy E7;Flex de encendido y volumen;Compatible;2,85;;;6
SA-E700-SIM-COM;Samsung;Galaxy E7;Bandeja SIM;Compatible;2,89;;;6
SA-GALAXYA7-PAN-ORI;Samsung;Galaxy A7 2015;Pantalla;Original con marco;50,20;48,69;47,19;12
SA-GALAXYA7-PAN-OLS;Samsung;Galaxy A7 2015;Pantalla;OLED Soft;41,15;39,92;38,68;6
SA-GALAXYA7-PAN-OLH;Samsung;Galaxy A7 2015;Pantalla;OLED Hard;38,59;37,43;36,27;6
SA-GALAXYA7-PAN-INC;Samsung;Galaxy A7 2015;Pantalla;Incell;20,25;19,64;19,04;6
SA-GALAXYA7-BAT-ORI;Samsung;Galaxy A7 2015;Batería;Original;22,05;21,39;20,73;12
SA-GALAXYA7-BAT-COM;Samsung;Galaxy A7 2015;Batería;Compatible;12,15;11,79;11,42;6
SA-GALAXYA7-CON-ORI;Samsung;Galaxy A7 2015;Conector de carga;Original;17,25;16,73;16,22;12
SA-GALAXYA7-CON-COM;Samsung;Galaxy A7 2015;Conector de carga;Compatible;7,20;;;6
SA-GALAXYA7-TAP-COM;Samsung;Galaxy A7 2015;Tapa trasera;Compatible;5,25;;;6
SA-GALAXYA7-CTR-COM;Samsung;Galaxy A7 2015;Cámara trasera;Compatible;10,49;10,18;9,86;6
SA-GALAXYA7-CFR-COM;Samsung;Galaxy A7 2015;Cámara frontal;Compatible;7,60;;;6
SA-GALAXYA7-LEN-COM;Samsung;Galaxy A7 2015;Lente de cámara;Compatible;2,35;;;6
SA-GALAXYA7-ALT-COM;Samsung;Galaxy A7 2015;Altavoz;Compatible;4,40;;;6
SA-GALAXYA7-AUR-COM;Samsung;Galaxy A7 2015;Auricular de llamada;Compatible;3,20;;;6
SA-GALAXYA7-FLX-COM;Samsung;Galaxy A7 2015;Flex de encendido y volumen;Compatible;2,69;;;6
SA-GALAXYA7-SIM-COM;Samsung;Galaxy A7 2015;Bandeja SIM;Compatible;2,85;;;6
SA-E500-PAN-ORI;Samsung;Galaxy E5;Pantalla;Original con marco;52,60;51,02;49,44;12
SA-E500-PAN-INC;Samsung;Galaxy E5;Pantalla;Incell;20,50;19,88;19,27;6
SA-E500-BAT-ORI;Samsung;Galaxy E5;Batería;Original;21,70;21,05;20,40;12
SA-E500-BAT-COM;Samsung;Galaxy E5;Batería;Compatible;12,10;11,74;11,37;6
SA-E500-CON-ORI;Samsung;Galaxy E5;Conector de carga;Original;17,25;16,73;16,22;12
SA-E500-CON-COM;Samsung;Galaxy E5;Conector de carga;Compatible;6,95;;;6
SA-E500-TAP-COM;Samsung;Galaxy E5;Tapa trasera;Compatible;5,70;;;6
SA-E500-CTR-COM;Samsung;Galaxy E5;Cámara trasera;Compatible;10,59;10,27;9,95;6
SA-E500-CFR-COM;Samsung;Galaxy E5;Cámara frontal;Compatible;7,15;;;6
SA-E500-LEN-COM;Samsung;Galaxy E5;Lente de cámara;Compatible;2,49;;;6
SA-E500-ALT-COM;Samsung;Galaxy E5;Altavoz;Compatible;4,55;;;6
SA-E500-AUR-COM;Samsung;Galaxy E5;Auricular de llamada;Compatible;3,19;;;6
SA-E500-FLX-COM;Samsung;Galaxy E5;Flex de encendido y volumen;Compatible;2,85;;;6
SA-E500-SIM-COM;Samsung;Galaxy E5;Bandeja SIM;Compatible;2,89;;;6
SA-J1-PAN-ORI;Samsung;Galaxy J1;Pantalla;Original con marco;31,50;30,56;29,61;12
SA-J1-PAN-COM;Samsung;Galaxy J1;Pantalla;Compatible;14,75;14,31;13,86;6
SA-J1-BAT-ORI;Samsung;Galaxy J1;Batería;Original;18,55;17,99;17,44;12
SA-J1-BAT-COM;Samsung;Galaxy J1;Batería;Compatible;11,19;10,85;10,52;6
SA-J1-CON-ORI;Samsung;Galaxy J1;Conector de carga;Original;13,90;13,48;13,07;12
SA-J1-CON-COM;Samsung;Galaxy J1;Conector de carga;Compatible;5,59;;;6
SA-J1-TAP-COM;Samsung;Galaxy J1;Tapa trasera;Compatible;5,09;;;6
SA-J1-CTR-COM;Samsung;Galaxy J1;Cámara trasera;Compatible;9,29;;;6
SA-J1-CFR-COM;Samsung;Galaxy J1;Cámara frontal;Compatible;6,70;;;6
SA-J1-LEN-COM;Samsung;Galaxy J1;Lente de cámara;Compatible;2,55;;;6
SA-J1-ALT-COM;Samsung;Galaxy J1;Altavoz;Compatible;4,45;;;6
SA-J1-AUR-COM;Samsung;Galaxy J1;Auricular de llamada;Compatible;3,25;;;6
SA-J1-FLX-COM;Samsung;Galaxy J1;Flex de encendido y volumen;Compatible;2,90;;;6
SA-J1-SIM-COM;Samsung;Galaxy J1;Bandeja SIM;Compatible;3,05;;;6
SA-Z1-PAN-ORI;Samsung;Z1;Pantalla;Original con marco;37,45;36,33;35,20;12
SA-Z1-PAN-COM;Samsung;Z1;Pantalla;Compatible;17,05;16,54;16,03;6
SA-Z1-BAT-ORI;Samsung;Z1;Batería;Original;21,70;21,05;20,40;12
SA-Z1-BAT-COM;Samsung;Z1;Batería;Compatible;12,10;11,74;11,37;6
SA-Z1-CON-ORI;Samsung;Z1;Conector de carga;Original;17,25;16,73;16,22;12
SA-Z1-CON-COM;Samsung;Z1;Conector de carga;Compatible;6,95;;;6
SA-Z1-TAP-COM;Samsung;Z1;Tapa trasera;Compatible;5,70;;;6
SA-Z1-CTR-COM;Samsung;Z1;Cámara trasera;Compatible;10,59;10,27;9,95;6
SA-Z1-CFR-COM;Samsung;Z1;Cámara frontal;Compatible;7,15;;;6
SA-Z1-LEN-COM;Samsung;Z1;Lente de cámara;Compatible;2,49;;;6
SA-Z1-ALT-COM;Samsung;Z1;Altavoz;Compatible;4,55;;;6
SA-Z1-AUR-COM;Samsung;Z1;Auricular de llamada;Compatible;3,19;;;6
SA-Z1-FLX-COM;Samsung;Z1;Flex de encendido y volumen;Compatible;2,85;;;6
SA-Z1-SIM-COM;Samsung;Z1;Bandeja SIM;Compatible;2,89;;;6
SA-A300-PAN-COM;Samsung;Galaxy A3;Pantalla;Compatible;16,85;16,34;15,84;6
SA-A300-BAT-ORI;Samsung;Galaxy A3;Batería;Original;22,05;21,39;20,73;12
SA-A300-BAT-COM;Samsung;Galaxy A3;Batería;Compatible;12,15;11,79;11,42;6
SA-A300-CON-ORI;Samsung;Galaxy A3;Conector de carga;Original;17,25;16,73;16,22;12
SA-A300-CON-COM;Samsung;Galaxy A3;Conector de carga;Compatible;7,20;;;6
SA-A300-TAP-COM;Samsung;Galaxy A3;Tapa trasera;Compatible;5,25;;;6
SA-A300-CTR-COM;Samsung;Galaxy A3;Cámara trasera;Compatible;10,49;10,18;9,86;6
SA-A300-CFR-COM;Samsung;Galaxy A3;Cámara frontal;Compatible;7,60;;;6
SA-A300-LEN-COM;Samsung;Galaxy A3;Lente de cámara;Compatible;2,35;;;6
SA-A300-ALT-COM;Samsung;Galaxy A3;Altavoz;Compatible;4,40;;;6
SA-A300-AUR-COM;Samsung;Galaxy A3;Auricular de llamada;Compatible;3,20;;;6
SA-A300-FLX-COM;Samsung;Galaxy A3;Flex de encendido y volumen;Compatible;2,69;;;6
SA-A300-SIM-COM;Samsung;Galaxy A3;Bandeja SIM;Compatible;2,85;;;6
SA-GALAXYA3-PAN-ORI;Samsung;Galaxy A3 2015;Pantalla;Original con marco;50,20;48,69;47,19;12
SA-GALAXYA3-PAN-OLS;Samsung;Galaxy A3 2015;Pantalla;OLED Soft;41,15;39,92;38,68;6
SA-GALAXYA3-PAN-OLH;Samsung;Galaxy A3 2015;Pantalla;OLED Hard;38,59;37,43;36,27;6
SA-GALAXYA3-PAN-INC;Samsung;Galaxy A3 2015;Pantalla;Incell;20,25;19,64;19,04;6
SA-GALAXYA3-BAT-ORI;Samsung;Galaxy A3 2015;Batería;Original;22,05;21,39;20,73;12
SA-GALAXYA3-BAT-COM;Samsung;Galaxy A3 2015;Batería;Compatible;12,15;11,79;11,42;6
SA-GALAXYA3-CON-ORI;Samsung;Galaxy A3 2015;Conector de carga;Original;17,25;16,73;16,22;12
SA-GALAXYA3-CON-COM;Samsung;Galaxy A3 2015;Conector de carga;Compatible;7,20;;;6
SA-GALAXYA3-TAP-COM;Samsung;Galaxy A3 2015;Tapa trasera;Compatible;5,25;;;6
SA-GALAXYA3-CTR-COM;Samsung;Galaxy A3 2015;Cámara trasera;Compatible;10,49;10,18;9,86;6
SA-GALAXYA3-CFR-COM;Samsung;Galaxy A3 2015;Cámara frontal;Compatible;7,60;;;6
SA-GALAXYA3-LEN-COM;Samsung;Galaxy A3 2015;Lente de cámara;Compatible;2,35;;;6
SA-GALAXYA3-ALT-COM;Samsung;Galaxy A3 2015;Altavoz;Compatible;4,40;;;6
SA-GALAXYA3-AUR-COM;Samsung;Galaxy A3 2015;Auricular de llamada;Compatible;3,20;;;6
SA-GALAXYA3-FLX-COM;Samsung;Galaxy A3 2015;Flex de encendido y volumen;Compatible;2,69;;;6
SA-GALAXYA3-SIM-COM;Samsung;Galaxy A3 2015;Bandeja SIM;Compatible;2,85;;;6
SA-A500-PAN-COM;Samsung;Galaxy A5;Pantalla;Compatible;16,85;16,34;15,84;6
SA-A500-BAT-ORI;Samsung;Galaxy A5;Batería;Original;22,05;21,39;20,73;12
SA-A500-BAT-COM;Samsung;Galaxy A5;Batería;Compatible;12,15;11,79;11,42;6
SA-A500-CON-ORI;Samsung;Galaxy A5;Conector de carga;Original;17,25;16,73;16,22;12
SA-A500-CON-COM;Samsung;Galaxy A5;Conector de carga;Compatible;7,20;;;6
SA-A500-TAP-COM;Samsung;Galaxy A5;Tapa trasera;Compatible;5,25;;;6
SA-A500-CTR-COM;Samsung;Galaxy A5;Cámara trasera;Compatible;10,49;10,18;9,86;6
SA-A500-CFR-COM;Samsung;Galaxy A5;Cámara frontal;Compatible;7,60;;;6
SA-A500-LEN-COM;Samsung;Galaxy A5;Lente de cámara;Compatible;2,35;;;6
SA-A500-ALT-COM;Samsung;Galaxy A5;Altavoz;Compatible;4,40;;;6
SA-A500-AUR-COM;Samsung;Galaxy A5;Auricular de llamada;Compatible;3,20;;;6
SA-A500-FLX-COM;Samsung;Galaxy A5;Flex de encendido y volumen;Compatible;2,69;;;6
SA-A500-SIM-COM;Samsung;Galaxy A5;Bandeja SIM;Compatible;2,85;;;6
SA-GALAXYA5-PAN-ORI;Samsung;Galaxy A5 2015;Pantalla;Original con marco;50,20;48,69;47,19;12
SA-GALAXYA5-PAN-OLS;Samsung;Galaxy A5 2015;Pantalla;OLED Soft;41,15;39,92;38,68;6
SA-GALAXYA5-PAN-OLH;Samsung;Galaxy A5 2015;Pantalla;OLED Hard;38,59;37,43;36,27;6
SA-GALAXYA5-PAN-INC;Samsung;Galaxy A5 2015;Pantalla;Incell;20,25;19,64;19,04;6
SA-GALAXYA5-BAT-ORI;Samsung;Galaxy A5 2015;Batería;Original;22,05;21,39;20,73;12
SA-GALAXYA5-BAT-COM;Samsung;Galaxy A5 2015;Batería;Compatible;12,15;11,79;11,42;6
SA-GALAXYA5-CON-ORI;Samsung;Galaxy A5 2015;Conector de carga;Original;17,25;16,73;16,22;12
SA-GALAXYA5-CON-COM;Samsung;Galaxy A5 2015;Conector de carga;Compatible;7,20;;;6
SA-GALAXYA5-TAP-COM;Samsung;Galaxy A5 2015;Tapa trasera;Compatible;5,25;;;6
SA-GALAXYA5-CTR-COM;Samsung;Galaxy A5 2015;Cámara trasera;Compatible;10,49;10,18;9,86;6
SA-GALAXYA5-CFR-COM;Samsung;Galaxy A5 2015;Cámara frontal;Compatible;7,60;;;6
SA-GALAXYA5-LEN-COM;Samsung;Galaxy A5 2015;Lente de cámara;Compatible;2,35;;;6
SA-GALAXYA5-ALT-COM;Samsung;Galaxy A5 2015;Altavoz;Compatible;4,40;;;6
SA-GALAXYA5-AUR-COM;Samsung;Galaxy A5 2015;Auricular de llamada;Compatible;3,20;;;6
SA-GALAXYA5-FLX-COM;Samsung;Galaxy A5 2015;Flex de encendido y volumen;Compatible;2,69;;;6
SA-GALAXYA5-SIM-COM;Samsung;Galaxy A5 2015;Bandeja SIM;Compatible;2,85;;;6
SA-G360-PAN-COM;Samsung;Galaxy Core Prime;Pantalla;Compatible;17,05;16,54;16,03;6
SA-G360-BAT-ORI;Samsung;Galaxy Core Prime;Batería;Original;21,70;21,05;20,40;12
SA-G360-BAT-COM;Samsung;Galaxy Core Prime;Batería;Compatible;12,10;11,74;11,37;6
SA-G360-CON-ORI;Samsung;Galaxy Core Prime;Conector de carga;Original;17,25;16,73;16,22;12
SA-G360-CON-COM;Samsung;Galaxy Core Prime;Conector de carga;Compatible;6,95;;;6
SA-G360-TAP-COM;Samsung;Galaxy Core Prime;Tapa trasera;Compatible;5,70;;;6
SA-G360-CTR-COM;Samsung;Galaxy Core Prime;Cámara trasera;Compatible;10,59;10,27;9,95;6
SA-G360-CFR-COM;Samsung;Galaxy Core Prime;Cámara frontal;Compatible;7,15;;;6
SA-G360-LEN-COM;Samsung;Galaxy Core Prime;Lente de cámara;Compatible;2,49;;;6
SA-G360-ALT-COM;Samsung;Galaxy Core Prime;Altavoz;Compatible;4,55;;;6
SA-G360-AUR-COM;Samsung;Galaxy Core Prime;Auricular de llamada;Compatible;3,19;;;6
SA-G360-FLX-COM;Samsung;Galaxy Core Prime;Flex de encendido y volumen;Compatible;2,85;;;6
SA-G360-SIM-COM;Samsung;Galaxy Core Prime;Bandeja SIM;Compatible;2,89;;;6
SA-N915-PAN-ORI;Samsung;Galaxy Note Edge;Pantalla;Original con marco;104,19;101,06;97,94;12
SA-N915-PAN-INC;Samsung;Galaxy Note Edge;Pantalla;Incell;32,85;31,86;30,88;6
SA-N915-BAT-ORI;Samsung;Galaxy Note Edge;Batería;Original;24,00;23,28;22,56;12
SA-N915-BAT-COM;Samsung;Galaxy Note Edge;Batería;Compatible;12,50;12,13;11,75;6
SA-N915-CON-ORI;Samsung;Galaxy Note Edge;Conector de carga;Original;21,65;21,00;20,35;12
SA-N915-CON-COM;Samsung;Galaxy Note Edge;Conector de carga;Compatible;8,69;;;6
SA-N915-TAP-COM;Samsung;Galaxy Note Edge;Tapa trasera;Compatible;7,10;;;6
SA-N915-CTR-COM;Samsung;Galaxy Note Edge;Cámara trasera;Compatible;16,09;15,61;15,12;6
SA-N915-CFR-COM;Samsung;Galaxy Note Edge;Cámara frontal;Compatible;9,49;;;6
SA-N915-LEN-COM;Samsung;Galaxy Note Edge;Lente de cámara;Compatible;3,45;;;6
SA-N915-ALT-COM;Samsung;Galaxy Note Edge;Altavoz;Compatible;5,79;;;6
SA-N915-AUR-COM;Samsung;Galaxy Note Edge;Auricular de llamada;Compatible;4,35;;;6
SA-N915-FLX-COM;Samsung;Galaxy Note Edge;Flex de encendido y volumen;Compatible;4,00;;;6
SA-N915-SIM-COM;Samsung;Galaxy Note Edge;Bandeja SIM;Compatible;3,59;;;6
SA-G530-PAN-COM;Samsung;Galaxy Grand Prime;Pantalla;Compatible;17,05;16,54;16,03;6
SA-G530-BAT-ORI;Samsung;Galaxy Grand Prime;Batería;Original;21,70;21,05;20,40;12
SA-G530-BAT-COM;Samsung;Galaxy Grand Prime;Batería;Compatible;12,10;11,74;11,37;6
SA-G530-CON-ORI;Samsung;Galaxy Grand Prime;Conector de carga;Original;17,25;16,73;16,22;12
SA-G530-CON-COM;Samsung;Galaxy Grand Prime;Conector de carga;Compatible;6,95;;;6
SA-G530-TAP-COM;Samsung;Galaxy Grand Prime;Tapa trasera;Compatible;5,70;;;6
SA-G530-CTR-COM;Samsung;Galaxy Grand Prime;Cámara trasera;Compatible;10,59;10,27;9,95;6
SA-G530-CFR-COM;Samsung;Galaxy Grand Prime;Cámara frontal;Compatible;7,15;;;6
SA-G530-LEN-COM;Samsung;Galaxy Grand Prime;Lente de cámara;Compatible;2,49;;;6
SA-G530-ALT-COM;Samsung;Galaxy Grand Prime;Altavoz;Compatible;4,55;;;6
SA-G530-AUR-COM;Samsung;Galaxy Grand Prime;Auricular de llamada;Compatible;3,19;;;6
SA-G530-FLX-COM;Samsung;Galaxy Grand Prime;Flex de encendido y volumen;Compatible;2,85;;;6
SA-G530-SIM-COM;Samsung;Galaxy Grand Prime;Bandeja SIM;Compatible;2,89;;;6
SA-N910-PAN-ORI;Samsung;Galaxy Note 4;Pantalla;Original con marco;104,19;101,06;97,94;12
SA-N910-PAN-INC;Samsung;Galaxy Note 4;Pantalla;Incell;32,85;31,86;30,88;6
SA-N910-BAT-ORI;Samsung;Galaxy Note 4;Batería;Original;24,00;23,28;22,56;12
SA-N910-BAT-COM;Samsung;Galaxy Note 4;Batería;Compatible;12,50;12,13;11,75;6
SA-N910-CON-ORI;Samsung;Galaxy Note 4;Conector de carga;Original;21,65;21,00;20,35;12
SA-N910-CON-COM;Samsung;Galaxy Note 4;Conector de carga;Compatible;8,69;;;6
SA-N910-TAP-COM;Samsung;Galaxy Note 4;Tapa trasera;Compatible;7,10;;;6
SA-N910-CTR-COM;Samsung;Galaxy Note 4;Cámara trasera;Compatible;16,09;15,61;15,12;6
SA-N910-CFR-COM;Samsung;Galaxy Note 4;Cámara frontal;Compatible;9,49;;;6
SA-N910-LEN-COM;Samsung;Galaxy Note 4;Lente de cámara;Compatible;3,45;;;6
SA-N910-ALT-COM;Samsung;Galaxy Note 4;Altavoz;Compatible;5,79;;;6
SA-N910-AUR-COM;Samsung;Galaxy Note 4;Auricular de llamada;Compatible;4,35;;;6
SA-N910-FLX-COM;Samsung;Galaxy Note 4;Flex de encendido y volumen;Compatible;4,00;;;6
SA-N910-SIM-COM;Samsung;Galaxy Note 4;Bandeja SIM;Compatible;3,59;;;6
SA-G850-PAN-ORI;Samsung;Galaxy Alpha;Pantalla;Original con marco;52,60;51,02;49,44;12
SA-G850-PAN-INC;Samsung;Galaxy Alpha;Pantalla;Incell;20,50;19,88;19,27;6
SA-G850-BAT-ORI;Samsung;Galaxy Alpha;Batería;Original;21,70;21,05;20,40;12
SA-G850-BAT-COM;Samsung;Galaxy Alpha;Batería;Compatible;12,10;11,74;11,37;6
SA-G850-CON-ORI;Samsung;Galaxy Alpha;Conector de carga;Original;17,25;16,73;16,22;12
SA-G850-CON-COM;Samsung;Galaxy Alpha;Conector de carga;Compatible;6,95;;;6
SA-G850-TAP-COM;Samsung;Galaxy Alpha;Tapa trasera;Compatible;5,70;;;6
SA-G850-CTR-COM;Samsung;Galaxy Alpha;Cámara trasera;Compatible;10,59;10,27;9,95;6
SA-G850-CFR-COM;Samsung;Galaxy Alpha;Cámara frontal;Compatible;7,15;;;6
SA-G850-LEN-COM;Samsung;Galaxy Alpha;Lente de cámara;Compatible;2,49;;;6
SA-G850-ALT-COM;Samsung;Galaxy Alpha;Altavoz;Compatible;4,55;;;6
SA-G850-AUR-COM;Samsung;Galaxy Alpha;Auricular de llamada;Compatible;3,19;;;6
SA-G850-FLX-COM;Samsung;Galaxy Alpha;Flex de encendido y volumen;Compatible;2,85;;;6
SA-G850-SIM-COM;Samsung;Galaxy Alpha;Bandeja SIM;Compatible;2,89;;;6
SA-G750-PAN-ORI;Samsung;Galaxy Mega 2;Pantalla;Original con marco;37,45;36,33;35,20;12
SA-G750-PAN-COM;Samsung;Galaxy Mega 2;Pantalla;Compatible;17,05;16,54;16,03;6
SA-G750-BAT-ORI;Samsung;Galaxy Mega 2;Batería;Original;21,70;21,05;20,40;12
SA-G750-BAT-COM;Samsung;Galaxy Mega 2;Batería;Compatible;12,10;11,74;11,37;6
SA-G750-CON-ORI;Samsung;Galaxy Mega 2;Conector de carga;Original;17,25;16,73;16,22;12
SA-G750-CON-COM;Samsung;Galaxy Mega 2;Conector de carga;Compatible;6,95;;;6
SA-G750-TAP-COM;Samsung;Galaxy Mega 2;Tapa trasera;Compatible;5,70;;;6
SA-G750-CTR-COM;Samsung;Galaxy Mega 2;Cámara trasera;Compatible;10,59;10,27;9,95;6
SA-G750-CFR-COM;Samsung;Galaxy Mega 2;Cámara frontal;Compatible;7,15;;;6
SA-G750-LEN-COM;Samsung;Galaxy Mega 2;Lente de cámara;Compatible;2,49;;;6
SA-G750-ALT-COM;Samsung;Galaxy Mega 2;Altavoz;Compatible;4,55;;;6
SA-G750-AUR-COM;Samsung;Galaxy Mega 2;Auricular de llamada;Compatible;3,19;;;6
SA-G750-FLX-COM;Samsung;Galaxy Mega 2;Flex de encendido y volumen;Compatible;2,85;;;6
SA-G750-SIM-COM;Samsung;Galaxy Mega 2;Bandeja SIM;Compatible;2,89;;;6
SA-G110-PAN-COM;Samsung;Galaxy Pocket 2;Pantalla;Compatible;17,05;16,54;16,03;6
SA-G110-BAT-ORI;Samsung;Galaxy Pocket 2;Batería;Original;21,70;21,05;20,40;12
SA-G110-BAT-COM;Samsung;Galaxy Pocket 2;Batería;Compatible;12,10;11,74;11,37;6
SA-G110-CON-ORI;Samsung;Galaxy Pocket 2;Conector de carga;Original;17,25;16,73;16,22;12
SA-G110-CON-COM;Samsung;Galaxy Pocket 2;Conector de carga;Compatible;6,95;;;6
SA-G110-TAP-COM;Samsung;Galaxy Pocket 2;Tapa trasera;Compatible;5,70;;;6
SA-G110-CTR-COM;Samsung;Galaxy Pocket 2;Cámara trasera;Compatible;10,59;10,27;9,95;6
SA-G110-CFR-COM;Samsung;Galaxy Pocket 2;Cámara frontal;Compatible;7,15;;;6
SA-G110-LEN-COM;Samsung;Galaxy Pocket 2;Lente de cámara;Compatible;2,49;;;6
SA-G110-ALT-COM;Samsung;Galaxy Pocket 2;Altavoz;Compatible;4,55;;;6
SA-G110-AUR-COM;Samsung;Galaxy Pocket 2;Auricular de llamada;Compatible;3,19;;;6
SA-G110-FLX-COM;Samsung;Galaxy Pocket 2;Flex de encendido y volumen;Compatible;2,85;;;6
SA-G110-SIM-COM;Samsung;Galaxy Pocket 2;Bandeja SIM;Compatible;2,89;;;6
SA-G313-PAN-ORI;Samsung;Galaxy Ace 4;Pantalla;Original con marco;37,45;36,33;35,20;12
SA-G313-PAN-COM;Samsung;Galaxy Ace 4;Pantalla;Compatible;17,05;16,54;16,03;6
SA-G313-BAT-ORI;Samsung;Galaxy Ace 4;Batería;Original;21,70;21,05;20,40;12
SA-G313-BAT-COM;Samsung;Galaxy Ace 4;Batería;Compatible;12,10;11,74;11,37;6
SA-G313-CON-ORI;Samsung;Galaxy Ace 4;Conector de carga;Original;17,25;16,73;16,22;12
SA-G313-CON-COM;Samsung;Galaxy Ace 4;Conector de carga;Compatible;6,95;;;6
SA-G313-TAP-COM;Samsung;Galaxy Ace 4;Tapa trasera;Compatible;5,70;;;6
SA-G313-CTR-COM;Samsung;Galaxy Ace 4;Cámara trasera;Compatible;10,59;10,27;9,95;6
SA-G313-CFR-COM;Samsung;Galaxy Ace 4;Cámara frontal;Compatible;7,15;;;6
SA-G313-LEN-COM;Samsung;Galaxy Ace 4;Lente de cámara;Compatible;2,49;;;6
SA-G313-ALT-COM;Samsung;Galaxy Ace 4;Altavoz;Compatible;4,55;;;6
SA-G313-AUR-COM;Samsung;Galaxy Ace 4;Auricular de llamada;Compatible;3,19;;;6
SA-G313-FLX-COM;Samsung;Galaxy Ace 4;Flex de encendido y volumen;Compatible;2,85;;;6
SA-G313-SIM-COM;Samsung;Galaxy Ace 4;Bandeja SIM;Compatible;2,89;;;6
SA-SD3-PAN-ORI;Samsung;Galaxy S Duos 3;Pantalla;Original con marco;77,65;75,32;72,99;12
SA-SD3-PAN-COM;Samsung;Galaxy S Duos 3;Pantalla;Compatible;26,40;25,61;24,82;6
SA-SD3-BAT-ORI;Samsung;Galaxy S Duos 3;Batería;Original;23,89;23,17;22,46;12
SA-SD3-BAT-COM;Samsung;Galaxy S Duos 3;Batería;Compatible;12,35;11,98;11,61;6
SA-SD3-CON-ORI;Samsung;Galaxy S Duos 3;Conector de carga;Original;21,65;21,00;20,35;12
SA-SD3-CON-COM;Samsung;Galaxy S Duos 3;Conector de carga;Compatible;9,40;;;6
SA-SD3-TAP-COM;Samsung;Galaxy S Duos 3;Tapa trasera;Compatible;6,50;;;6
SA-SD3-CTR-COM;Samsung;Galaxy S Duos 3;Cámara trasera;Compatible;18,05;17,51;16,97;6
SA-SD3-CFR-COM;Samsung;Galaxy S Duos 3;Cámara frontal;Compatible;10,85;10,52;10,20;6
SA-SD3-LEN-COM;Samsung;Galaxy S Duos 3;Lente de cámara;Compatible;3,40;;;6
SA-SD3-ALT-COM;Samsung;Galaxy S Duos 3;Altavoz;Compatible;5,80;;;6
SA-SD3-AUR-COM;Samsung;Galaxy S Duos 3;Auricular de llamada;Compatible;4,19;;;6
SA-SD3-FLX-COM;Samsung;Galaxy S Duos 3;Flex de encendido y volumen;Compatible;4,05;;;6
SA-SD3-SIM-COM;Samsung;Galaxy S Duos 3;Bandeja SIM;Compatible;3,29;;;6
SA-S2PL-PAN-ORI;Samsung;Galaxy Star 2 Plus;Pantalla;Original con marco;37,45;36,33;35,20;12
SA-S2PL-PAN-COM;Samsung;Galaxy Star 2 Plus;Pantalla;Compatible;17,05;16,54;16,03;6
SA-S2PL-BAT-ORI;Samsung;Galaxy Star 2 Plus;Batería;Original;21,70;21,05;20,40;12
SA-S2PL-BAT-COM;Samsung;Galaxy Star 2 Plus;Batería;Compatible;12,10;11,74;11,37;6
SA-S2PL-CON-ORI;Samsung;Galaxy Star 2 Plus;Conector de carga;Original;17,25;16,73;16,22;12
SA-S2PL-CON-COM;Samsung;Galaxy Star 2 Plus;Conector de carga;Compatible;6,95;;;6
SA-S2PL-TAP-COM;Samsung;Galaxy Star 2 Plus;Tapa trasera;Compatible;5,70;;;6
SA-S2PL-CTR-COM;Samsung;Galaxy Star 2 Plus;Cámara trasera;Compatible;10,59;10,27;9,95;6
SA-S2PL-CFR-COM;Samsung;Galaxy Star 2 Plus;Cámara frontal;Compatible;7,15;;;6
SA-S2PL-LEN-COM;Samsung;Galaxy Star 2 Plus;Lente de cámara;Compatible;2,49;;;6
SA-S2PL-ALT-COM;Samsung;Galaxy Star 2 Plus;Altavoz;Compatible;4,55;;;6
SA-S2PL-AUR-COM;Samsung;Galaxy Star 2 Plus;Auricular de llamada;Compatible;3,19;;;6
SA-S2PL-FLX-COM;Samsung;Galaxy Star 2 Plus;Flex de encendido y volumen;Compatible;2,85;;;6
SA-S2PL-SIM-COM;Samsung;Galaxy Star 2 Plus;Bandeja SIM;Compatible;2,89;;;6
SA-A-PAN-ORI;Samsung;Galaxy Avant;Pantalla;Original con marco;37,45;36,33;35,20;12
SA-A-PAN-COM;Samsung;Galaxy Avant;Pantalla;Compatible;17,05;16,54;16,03;6
SA-A-BAT-ORI;Samsung;Galaxy Avant;Batería;Original;21,70;21,05;20,40;12
SA-A-BAT-COM;Samsung;Galaxy Avant;Batería;Compatible;12,10;11,74;11,37;6
SA-A-CON-ORI;Samsung;Galaxy Avant;Conector de carga;Original;17,25;16,73;16,22;12
SA-A-CON-COM;Samsung;Galaxy Avant;Conector de carga;Compatible;6,95;;;6
SA-A-TAP-COM;Samsung;Galaxy Avant;Tapa trasera;Compatible;5,70;;;6
SA-A-CTR-COM;Samsung;Galaxy Avant;Cámara trasera;Compatible;10,59;10,27;9,95;6
SA-A-CFR-COM;Samsung;Galaxy Avant;Cámara frontal;Compatible;7,15;;;6
SA-A-LEN-COM;Samsung;Galaxy Avant;Lente de cámara;Compatible;2,49;;;6
SA-A-ALT-COM;Samsung;Galaxy Avant;Altavoz;Compatible;4,55;;;6
SA-A-AUR-COM;Samsung;Galaxy Avant;Auricular de llamada;Compatible;3,19;;;6
SA-A-FLX-COM;Samsung;Galaxy Avant;Flex de encendido y volumen;Compatible;2,85;;;6
SA-A-SIM-COM;Samsung;Galaxy Avant;Bandeja SIM;Compatible;2,89;;;6
SA-G800-PAN-ORI;Samsung;Galaxy S5 Mini;Pantalla;Original con marco;109,05;105,78;102,51;12
SA-G800-PAN-OLS;Samsung;Galaxy S5 Mini;Pantalla;OLED Soft;64,55;62,61;60,68;6
SA-G800-PAN-OLH;Samsung;Galaxy S5 Mini;Pantalla;OLED Hard;60,50;58,68;56,87;6
SA-G800-PAN-INC;Samsung;Galaxy S5 Mini;Pantalla;Incell;31,75;30,80;29,85;6
SA-G800-BAT-ORI;Samsung;Galaxy S5 Mini;Batería;Original;23,89;23,17;22,46;12
SA-G800-BAT-COM;Samsung;Galaxy S5 Mini;Batería;Compatible;12,35;11,98;11,61;6
SA-G800-CON-ORI;Samsung;Galaxy S5 Mini;Conector de carga;Original;21,65;21,00;20,35;12
SA-G800-CON-COM;Samsung;Galaxy S5 Mini;Conector de carga;Compatible;9,40;;;6
SA-G800-TAP-COM;Samsung;Galaxy S5 Mini;Tapa trasera;Compatible;6,50;;;6
SA-G800-CTR-COM;Samsung;Galaxy S5 Mini;Cámara trasera;Compatible;18,05;17,51;16,97;6
SA-G800-CFR-COM;Samsung;Galaxy S5 Mini;Cámara frontal;Compatible;10,85;10,52;10,20;6
SA-G800-LEN-COM;Samsung;Galaxy S5 Mini;Lente de cámara;Compatible;3,40;;;6
SA-G800-ALT-COM;Samsung;Galaxy S5 Mini;Altavoz;Compatible;5,80;;;6
SA-G800-AUR-COM;Samsung;Galaxy S5 Mini;Auricular de llamada;Compatible;4,19;;;6
SA-G800-FLX-COM;Samsung;Galaxy S5 Mini;Flex de encendido y volumen;Compatible;4,05;;;6
SA-G800-SIM-COM;Samsung;Galaxy S5 Mini;Bandeja SIM;Compatible;3,29;;;6
SA-G355-PAN-ORI;Samsung;Galaxy Core 2;Pantalla;Original con marco;37,45;36,33;35,20;12
SA-G355-PAN-COM;Samsung;Galaxy Core 2;Pantalla;Compatible;17,05;16,54;16,03;6
SA-G355-BAT-ORI;Samsung;Galaxy Core 2;Batería;Original;21,70;21,05;20,40;12
SA-G355-BAT-COM;Samsung;Galaxy Core 2;Batería;Compatible;12,10;11,74;11,37;6
SA-G355-CON-ORI;Samsung;Galaxy Core 2;Conector de carga;Original;17,25;16,73;16,22;12
SA-G355-CON-COM;Samsung;Galaxy Core 2;Conector de carga;Compatible;6,95;;;6
SA-G355-TAP-COM;Samsung;Galaxy Core 2;Tapa trasera;Compatible;5,70;;;6
SA-G355-CTR-COM;Samsung;Galaxy Core 2;Cámara trasera;Compatible;10,59;10,27;9,95;6
SA-G355-CFR-COM;Samsung;Galaxy Core 2;Cámara frontal;Compatible;7,15;;;6
SA-G355-LEN-COM;Samsung;Galaxy Core 2;Lente de cámara;Compatible;2,49;;;6
SA-G355-ALT-COM;Samsung;Galaxy Core 2;Altavoz;Compatible;4,55;;;6
SA-G355-AUR-COM;Samsung;Galaxy Core 2;Auricular de llamada;Compatible;3,19;;;6
SA-G355-FLX-COM;Samsung;Galaxy Core 2;Flex de encendido y volumen;Compatible;2,85;;;6
SA-G355-SIM-COM;Samsung;Galaxy Core 2;Bandeja SIM;Compatible;2,89;;;6
SA-G870-PAN-ORI;Samsung;Galaxy S5 Active;Pantalla;Original con marco;109,05;105,78;102,51;12
SA-G870-PAN-OLS;Samsung;Galaxy S5 Active;Pantalla;OLED Soft;64,55;62,61;60,68;6
SA-G870-PAN-OLH;Samsung;Galaxy S5 Active;Pantalla;OLED Hard;60,50;58,68;56,87;6
SA-G870-PAN-INC;Samsung;Galaxy S5 Active;Pantalla;Incell;31,75;30,80;29,85;6
SA-G870-BAT-ORI;Samsung;Galaxy S5 Active;Batería;Original;23,89;23,17;22,46;12
SA-G870-BAT-COM;Samsung;Galaxy S5 Active;Batería;Compatible;12,35;11,98;11,61;6
SA-G870-CON-ORI;Samsung;Galaxy S5 Active;Conector de carga;Original;21,65;21,00;20,35;12
SA-G870-CON-COM;Samsung;Galaxy S5 Active;Conector de carga;Compatible;9,40;;;6
SA-G870-TAP-COM;Samsung;Galaxy S5 Active;Tapa trasera;Compatible;6,50;;;6
SA-G870-CTR-COM;Samsung;Galaxy S5 Active;Cámara trasera;Compatible;18,05;17,51;16,97;6
SA-G870-CFR-COM;Samsung;Galaxy S5 Active;Cámara frontal;Compatible;10,85;10,52;10,20;6
SA-G870-LEN-COM;Samsung;Galaxy S5 Active;Lente de cámara;Compatible;3,40;;;6
SA-G870-ALT-COM;Samsung;Galaxy S5 Active;Altavoz;Compatible;5,80;;;6
SA-G870-AUR-COM;Samsung;Galaxy S5 Active;Auricular de llamada;Compatible;4,19;;;6
SA-G870-FLX-COM;Samsung;Galaxy S5 Active;Flex de encendido y volumen;Compatible;4,05;;;6
SA-G870-SIM-COM;Samsung;Galaxy S5 Active;Bandeja SIM;Compatible;3,29;;;6
SA-G130-PAN-ORI;Samsung;Galaxy Young 2;Pantalla;Original con marco;37,45;36,33;35,20;12
SA-G130-PAN-COM;Samsung;Galaxy Young 2;Pantalla;Compatible;17,05;16,54;16,03;6
SA-G130-BAT-ORI;Samsung;Galaxy Young 2;Batería;Original;21,70;21,05;20,40;12
SA-G130-BAT-COM;Samsung;Galaxy Young 2;Batería;Compatible;12,10;11,74;11,37;6
SA-G130-CON-ORI;Samsung;Galaxy Young 2;Conector de carga;Original;17,25;16,73;16,22;12
SA-G130-CON-COM;Samsung;Galaxy Young 2;Conector de carga;Compatible;6,95;;;6
SA-G130-TAP-COM;Samsung;Galaxy Young 2;Tapa trasera;Compatible;5,70;;;6
SA-G130-CTR-COM;Samsung;Galaxy Young 2;Cámara trasera;Compatible;10,59;10,27;9,95;6
SA-G130-CFR-COM;Samsung;Galaxy Young 2;Cámara frontal;Compatible;7,15;;;6
SA-G130-LEN-COM;Samsung;Galaxy Young 2;Lente de cámara;Compatible;2,49;;;6
SA-G130-ALT-COM;Samsung;Galaxy Young 2;Altavoz;Compatible;4,55;;;6
SA-G130-AUR-COM;Samsung;Galaxy Young 2;Auricular de llamada;Compatible;3,19;;;6
SA-G130-FLX-COM;Samsung;Galaxy Young 2;Flex de encendido y volumen;Compatible;2,85;;;6
SA-G130-SIM-COM;Samsung;Galaxy Young 2;Bandeja SIM;Compatible;2,89;;;6
SA-CLTE-PAN-ORI;Samsung;Galaxy Core LTE;Pantalla;Original con marco;37,45;36,33;35,20;12
SA-CLTE-PAN-COM;Samsung;Galaxy Core LTE;Pantalla;Compatible;17,05;16,54;16,03;6
SA-CLTE-BAT-ORI;Samsung;Galaxy Core LTE;Batería;Original;21,70;21,05;20,40;12
SA-CLTE-BAT-COM;Samsung;Galaxy Core LTE;Batería;Compatible;12,10;11,74;11,37;6
SA-CLTE-CON-ORI;Samsung;Galaxy Core LTE;Conector de carga;Original;17,25;16,73;16,22;12
SA-CLTE-CON-COM;Samsung;Galaxy Core LTE;Conector de carga;Compatible;6,95;;;6
SA-CLTE-TAP-COM;Samsung;Galaxy Core LTE;Tapa trasera;Compatible;5,70;;;6
SA-CLTE-CTR-COM;Samsung;Galaxy Core LTE;Cámara trasera;Compatible;10,59;10,27;9,95;6
SA-CLTE-CFR-COM;Samsung;Galaxy Core LTE;Cámara frontal;Compatible;7,15;;;6
SA-CLTE-LEN-COM;Samsung;Galaxy Core LTE;Lente de cámara;Compatible;2,49;;;6
SA-CLTE-ALT-COM;Samsung;Galaxy Core LTE;Altavoz;Compatible;4,55;;;6
SA-CLTE-AUR-COM;Samsung;Galaxy Core LTE;Auricular de llamada;Compatible;3,19;;;6
SA-CLTE-FLX-COM;Samsung;Galaxy Core LTE;Flex de encendido y volumen;Compatible;2,85;;;6
SA-CLTE-SIM-COM;Samsung;Galaxy Core LTE;Bandeja SIM;Compatible;2,89;;;6
SA-C111-PAN-ORI;Samsung;Galaxy K Zoom;Pantalla;Original con marco;52,60;51,02;49,44;12
SA-C111-PAN-INC;Samsung;Galaxy K Zoom;Pantalla;Incell;20,50;19,88;19,27;6
SA-C111-BAT-ORI;Samsung;Galaxy K Zoom;Batería;Original;21,70;21,05;20,40;12
SA-C111-BAT-COM;Samsung;Galaxy K Zoom;Batería;Compatible;12,10;11,74;11,37;6
SA-C111-CON-ORI;Samsung;Galaxy K Zoom;Conector de carga;Original;17,25;16,73;16,22;12
SA-C111-CON-COM;Samsung;Galaxy K Zoom;Conector de carga;Compatible;6,95;;;6
SA-C111-TAP-COM;Samsung;Galaxy K Zoom;Tapa trasera;Compatible;5,70;;;6
SA-C111-CTR-COM;Samsung;Galaxy K Zoom;Cámara trasera;Compatible;10,59;10,27;9,95;6
SA-C111-CFR-COM;Samsung;Galaxy K Zoom;Cámara frontal;Compatible;7,15;;;6
SA-C111-LEN-COM;Samsung;Galaxy K Zoom;Lente de cámara;Compatible;2,49;;;6
SA-C111-ALT-COM;Samsung;Galaxy K Zoom;Altavoz;Compatible;4,55;;;6
SA-C111-AUR-COM;Samsung;Galaxy K Zoom;Auricular de llamada;Compatible;3,19;;;6
SA-C111-FLX-COM;Samsung;Galaxy K Zoom;Flex de encendido y volumen;Compatible;2,85;;;6
SA-C111-SIM-COM;Samsung;Galaxy K Zoom;Bandeja SIM;Compatible;2,89;;;6
SA-ASE-PAN-ORI;Samsung;ATIV SE;Pantalla;Original con marco;52,60;51,02;49,44;12
SA-ASE-PAN-INC;Samsung;ATIV SE;Pantalla;Incell;20,50;19,88;19,27;6
SA-ASE-BAT-ORI;Samsung;ATIV SE;Batería;Original;21,70;21,05;20,40;12
SA-ASE-BAT-COM;Samsung;ATIV SE;Batería;Compatible;12,10;11,74;11,37;6
SA-ASE-CON-ORI;Samsung;ATIV SE;Conector de carga;Original;17,25;16,73;16,22;12
SA-ASE-CON-COM;Samsung;ATIV SE;Conector de carga;Compatible;6,95;;;6
SA-ASE-TAP-COM;Samsung;ATIV SE;Tapa trasera;Compatible;5,70;;;6
SA-ASE-CTR-COM;Samsung;ATIV SE;Cámara trasera;Compatible;10,59;10,27;9,95;6
SA-ASE-CFR-COM;Samsung;ATIV SE;Cámara frontal;Compatible;7,15;;;6
SA-ASE-LEN-COM;Samsung;ATIV SE;Lente de cámara;Compatible;2,49;;;6
SA-ASE-ALT-COM;Samsung;ATIV SE;Altavoz;Compatible;4,55;;;6
SA-ASE-AUR-COM;Samsung;ATIV SE;Auricular de llamada;Compatible;3,19;;;6
SA-ASE-FLX-COM;Samsung;ATIV SE;Flex de encendido y volumen;Compatible;2,85;;;6
SA-ASE-SIM-COM;Samsung;ATIV SE;Bandeja SIM;Compatible;2,89;;;6
SA-B2-PAN-COM;Samsung;Galaxy Beam 2;Pantalla;Compatible;17,05;16,54;16,03;6
SA-B2-BAT-ORI;Samsung;Galaxy Beam 2;Batería;Original;21,70;21,05;20,40;12
SA-B2-BAT-COM;Samsung;Galaxy Beam 2;Batería;Compatible;12,10;11,74;11,37;6
SA-B2-CON-ORI;Samsung;Galaxy Beam 2;Conector de carga;Original;17,25;16,73;16,22;12
SA-B2-CON-COM;Samsung;Galaxy Beam 2;Conector de carga;Compatible;6,95;;;6
SA-B2-TAP-COM;Samsung;Galaxy Beam 2;Tapa trasera;Compatible;5,70;;;6
SA-B2-CTR-COM;Samsung;Galaxy Beam 2;Cámara trasera;Compatible;10,59;10,27;9,95;6
SA-B2-CFR-COM;Samsung;Galaxy Beam 2;Cámara frontal;Compatible;7,15;;;6
SA-B2-LEN-COM;Samsung;Galaxy Beam 2;Lente de cámara;Compatible;2,49;;;6
SA-B2-ALT-COM;Samsung;Galaxy Beam 2;Altavoz;Compatible;4,55;;;6
SA-B2-AUR-COM;Samsung;Galaxy Beam 2;Auricular de llamada;Compatible;3,19;;;6
SA-B2-FLX-COM;Samsung;Galaxy Beam 2;Flex de encendido y volumen;Compatible;2,85;;;6
SA-B2-SIM-COM;Samsung;Galaxy Beam 2;Bandeja SIM;Compatible;2,89;;;6
SA-SIIINEO-PAN-ORI;Samsung;Galaxy S III Neo;Pantalla;Original con marco;109,05;105,78;102,51;12
SA-SIIINEO-PAN-OLS;Samsung;Galaxy S III Neo;Pantalla;OLED Soft;64,55;62,61;60,68;6
SA-SIIINEO-PAN-OLH;Samsung;Galaxy S III Neo;Pantalla;OLED Hard;60,50;58,68;56,87;6
SA-SIIINEO-PAN-INC;Samsung;Galaxy S III Neo;Pantalla;Incell;31,75;30,80;29,85;6
SA-SIIINEO-BAT-ORI;Samsung;Galaxy S III Neo;Batería;Original;23,89;23,17;22,46;12
SA-SIIINEO-BAT-COM;Samsung;Galaxy S III Neo;Batería;Compatible;12,35;11,98;11,61;6
SA-SIIINEO-CON-ORI;Samsung;Galaxy S III Neo;Conector de carga;Original;21,65;21,00;20,35;12
SA-SIIINEO-CON-COM;Samsung;Galaxy S III Neo;Conector de carga;Compatible;9,40;;;6
SA-SIIINEO-TAP-COM;Samsung;Galaxy S III Neo;Tapa trasera;Compatible;6,50;;;6
SA-SIIINEO-CTR-COM;Samsung;Galaxy S III Neo;Cámara trasera;Compatible;18,05;17,51;16,97;6
SA-SIIINEO-CFR-COM;Samsung;Galaxy S III Neo;Cámara frontal;Compatible;10,85;10,52;10,20;6
SA-SIIINEO-LEN-COM;Samsung;Galaxy S III Neo;Lente de cámara;Compatible;3,40;;;6
SA-SIIINEO-ALT-COM;Samsung;Galaxy S III Neo;Altavoz;Compatible;5,80;;;6
SA-SIIINEO-AUR-COM;Samsung;Galaxy S III Neo;Auricular de llamada;Compatible;4,19;;;6
SA-SIIINEO-FLX-COM;Samsung;Galaxy S III Neo;Flex de encendido y volumen;Compatible;4,05;;;6
SA-SIIINEO-SIM-COM;Samsung;Galaxy S III Neo;Bandeja SIM;Compatible;3,29;;;6
SA-G900-PAN-ORI;Samsung;Galaxy S5;Pantalla;Original con marco;109,05;105,78;102,51;12
SA-G900-PAN-OLS;Samsung;Galaxy S5;Pantalla;OLED Soft;64,55;62,61;60,68;6
SA-G900-PAN-OLH;Samsung;Galaxy S5;Pantalla;OLED Hard;60,50;58,68;56,87;6
SA-G900-PAN-INC;Samsung;Galaxy S5;Pantalla;Incell;24,00;23,28;22,56;6
SA-G900-BAT-ORI;Samsung;Galaxy S5;Batería;Original;23,89;23,17;22,46;12
SA-G900-BAT-COM;Samsung;Galaxy S5;Batería;Compatible;12,35;11,98;11,61;6
SA-G900-CON-ORI;Samsung;Galaxy S5;Conector de carga;Original;21,65;21,00;20,35;12
SA-G900-CON-COM;Samsung;Galaxy S5;Conector de carga;Compatible;9,40;;;6
SA-G900-TAP-COM;Samsung;Galaxy S5;Tapa trasera;Compatible;6,50;;;6
SA-G900-CTR-COM;Samsung;Galaxy S5;Cámara trasera;Compatible;18,05;17,51;16,97;6
SA-G900-CFR-COM;Samsung;Galaxy S5;Cámara frontal;Compatible;10,85;10,52;10,20;6
SA-G900-LEN-COM;Samsung;Galaxy S5;Lente de cámara;Compatible;3,40;;;6
SA-G900-ALT-COM;Samsung;Galaxy S5;Altavoz;Compatible;5,80;;;6
SA-G900-AUR-COM;Samsung;Galaxy S5;Auricular de llamada;Compatible;4,19;;;6
SA-G900-FLX-COM;Samsung;Galaxy S5;Flex de encendido y volumen;Compatible;4,05;;;6
SA-G900-SIM-COM;Samsung;Galaxy S5;Bandeja SIM;Compatible;3,29;;;6
SA-N750-PAN-ORI;Samsung;Galaxy Note 3 Neo;Pantalla;Original con marco;104,19;101,06;97,94;12
SA-N750-PAN-INC;Samsung;Galaxy Note 3 Neo;Pantalla;Incell;32,85;31,86;30,88;6
SA-N750-BAT-ORI;Samsung;Galaxy Note 3 Neo;Batería;Original;24,00;23,28;22,56;12
SA-N750-BAT-COM;Samsung;Galaxy Note 3 Neo;Batería;Compatible;12,50;12,13;11,75;6
SA-N750-CON-ORI;Samsung;Galaxy Note 3 Neo;Conector de carga;Original;21,65;21,00;20,35;12
SA-N750-CON-COM;Samsung;Galaxy Note 3 Neo;Conector de carga;Compatible;8,69;;;6
SA-N750-TAP-COM;Samsung;Galaxy Note 3 Neo;Tapa trasera;Compatible;7,10;;;6
SA-N750-CTR-COM;Samsung;Galaxy Note 3 Neo;Cámara trasera;Compatible;16,09;15,61;15,12;6
SA-N750-CFR-COM;Samsung;Galaxy Note 3 Neo;Cámara frontal;Compatible;9,49;;;6
SA-N750-LEN-COM;Samsung;Galaxy Note 3 Neo;Lente de cámara;Compatible;3,45;;;6
SA-N750-ALT-COM;Samsung;Galaxy Note 3 Neo;Altavoz;Compatible;5,79;;;6
SA-N750-AUR-COM;Samsung;Galaxy Note 3 Neo;Auricular de llamada;Compatible;4,35;;;6
SA-N750-FLX-COM;Samsung;Galaxy Note 3 Neo;Flex de encendido y volumen;Compatible;4,00;;;6
SA-N750-SIM-COM;Samsung;Galaxy Note 3 Neo;Bandeja SIM;Compatible;3,59;;;6
SA-G710-PAN-ORI;Samsung;Galaxy Grand 2;Pantalla;Original con marco;37,45;36,33;35,20;12
SA-G710-PAN-COM;Samsung;Galaxy Grand 2;Pantalla;Compatible;17,05;16,54;16,03;6
SA-G710-BAT-ORI;Samsung;Galaxy Grand 2;Batería;Original;21,70;21,05;20,40;12
SA-G710-BAT-COM;Samsung;Galaxy Grand 2;Batería;Compatible;12,10;11,74;11,37;6
SA-G710-CON-ORI;Samsung;Galaxy Grand 2;Conector de carga;Original;17,25;16,73;16,22;12
SA-G710-CON-COM;Samsung;Galaxy Grand 2;Conector de carga;Compatible;6,95;;;6
SA-G710-TAP-COM;Samsung;Galaxy Grand 2;Tapa trasera;Compatible;5,70;;;6
SA-G710-CTR-COM;Samsung;Galaxy Grand 2;Cámara trasera;Compatible;10,59;10,27;9,95;6
SA-G710-CFR-COM;Samsung;Galaxy Grand 2;Cámara frontal;Compatible;7,15;;;6
SA-G710-LEN-COM;Samsung;Galaxy Grand 2;Lente de cámara;Compatible;2,49;;;6
SA-G710-ALT-COM;Samsung;Galaxy Grand 2;Altavoz;Compatible;4,55;;;6
SA-G710-AUR-COM;Samsung;Galaxy Grand 2;Auricular de llamada;Compatible;3,19;;;6
SA-G710-FLX-COM;Samsung;Galaxy Grand 2;Flex de encendido y volumen;Compatible;2,85;;;6
SA-G710-SIM-COM;Samsung;Galaxy Grand 2;Bandeja SIM;Compatible;2,89;;;6
SA-J-PAN-ORI;Samsung;Galaxy J;Pantalla;Original con marco;44,25;42,92;41,60;12
SA-J-PAN-INC;Samsung;Galaxy J;Pantalla;Incell;17,70;17,17;16,64;6
SA-J-BAT-ORI;Samsung;Galaxy J;Batería;Original;18,55;17,99;17,44;12
SA-J-BAT-COM;Samsung;Galaxy J;Batería;Compatible;11,19;10,85;10,52;6
SA-J-CON-ORI;Samsung;Galaxy J;Conector de carga;Original;13,90;13,48;13,07;12
SA-J-CON-COM;Samsung;Galaxy J;Conector de carga;Compatible;5,59;;;6
SA-J-TAP-COM;Samsung;Galaxy J;Tapa trasera;Compatible;5,09;;;6
SA-J-CTR-COM;Samsung;Galaxy J;Cámara trasera;Compatible;9,29;;;6
SA-J-CFR-COM;Samsung;Galaxy J;Cámara frontal;Compatible;6,70;;;6
SA-J-LEN-COM;Samsung;Galaxy J;Lente de cámara;Compatible;2,55;;;6
SA-J-ALT-COM;Samsung;Galaxy J;Altavoz;Compatible;4,45;;;6
SA-J-AUR-COM;Samsung;Galaxy J;Auricular de llamada;Compatible;3,25;;;6
SA-J-FLX-COM;Samsung;Galaxy J;Flex de encendido y volumen;Compatible;2,90;;;6
SA-J-SIM-COM;Samsung;Galaxy J;Bandeja SIM;Compatible;3,05;;;6
SA-SD2-PAN-ORI;Samsung;Galaxy S Duos 2;Pantalla;Original con marco;77,65;75,32;72,99;12
SA-SD2-PAN-COM;Samsung;Galaxy S Duos 2;Pantalla;Compatible;26,40;25,61;24,82;6
SA-SD2-BAT-ORI;Samsung;Galaxy S Duos 2;Batería;Original;23,89;23,17;22,46;12
SA-SD2-BAT-COM;Samsung;Galaxy S Duos 2;Batería;Compatible;12,35;11,98;11,61;6
SA-SD2-CON-ORI;Samsung;Galaxy S Duos 2;Conector de carga;Original;21,65;21,00;20,35;12
SA-SD2-CON-COM;Samsung;Galaxy S Duos 2;Conector de carga;Compatible;9,40;;;6
SA-SD2-TAP-COM;Samsung;Galaxy S Duos 2;Tapa trasera;Compatible;6,50;;;6
SA-SD2-CTR-COM;Samsung;Galaxy S Duos 2;Cámara trasera;Compatible;18,05;17,51;16,97;6
SA-SD2-CFR-COM;Samsung;Galaxy S Duos 2;Cámara frontal;Compatible;10,85;10,52;10,20;6
SA-SD2-LEN-COM;Samsung;Galaxy S Duos 2;Lente de cámara;Compatible;3,40;;;6
SA-SD2-ALT-COM;Samsung;Galaxy S Duos 2;Altavoz;Compatible;5,80;;;6
SA-SD2-AUR-COM;Samsung;Galaxy S Duos 2;Auricular de llamada;Compatible;4,19;;;6
SA-SD2-FLX-COM;Samsung;Galaxy S Duos 2;Flex de encendido y volumen;Compatible;4,05;;;6
SA-SD2-SIM-COM;Samsung;Galaxy S Duos 2;Bandeja SIM;Compatible;3,29;;;6
SA-G350-PAN-COM;Samsung;Galaxy Core Plus;Pantalla;Compatible;17,05;16,54;16,03;6
SA-G350-BAT-ORI;Samsung;Galaxy Core Plus;Batería;Original;21,70;21,05;20,40;12
SA-G350-BAT-COM;Samsung;Galaxy Core Plus;Batería;Compatible;12,10;11,74;11,37;6
SA-G350-CON-ORI;Samsung;Galaxy Core Plus;Conector de carga;Original;17,25;16,73;16,22;12
SA-G350-CON-COM;Samsung;Galaxy Core Plus;Conector de carga;Compatible;6,95;;;6
SA-G350-TAP-COM;Samsung;Galaxy Core Plus;Tapa trasera;Compatible;5,70;;;6
SA-G350-CTR-COM;Samsung;Galaxy Core Plus;Cámara trasera;Compatible;10,59;10,27;9,95;6
SA-G350-CFR-COM;Samsung;Galaxy Core Plus;Cámara frontal;Compatible;7,15;;;6
SA-G350-LEN-COM;Samsung;Galaxy Core Plus;Lente de cámara;Compatible;2,49;;;6
SA-G350-ALT-COM;Samsung;Galaxy Core Plus;Altavoz;Compatible;4,55;;;6
SA-G350-AUR-COM;Samsung;Galaxy Core Plus;Auricular de llamada;Compatible;3,19;;;6
SA-G350-FLX-COM;Samsung;Galaxy Core Plus;Flex de encendido y volumen;Compatible;2,85;;;6
SA-G350-SIM-COM;Samsung;Galaxy Core Plus;Bandeja SIM;Compatible;2,89;;;6
SA-G381-PAN-ORI;Samsung;Galaxy Express 2;Pantalla;Original con marco;37,45;36,33;35,20;12
SA-G381-PAN-COM;Samsung;Galaxy Express 2;Pantalla;Compatible;17,05;16,54;16,03;6
SA-G381-BAT-ORI;Samsung;Galaxy Express 2;Batería;Original;21,70;21,05;20,40;12
SA-G381-BAT-COM;Samsung;Galaxy Express 2;Batería;Compatible;12,10;11,74;11,37;6
SA-G381-CON-ORI;Samsung;Galaxy Express 2;Conector de carga;Original;17,25;16,73;16,22;12
SA-G381-CON-COM;Samsung;Galaxy Express 2;Conector de carga;Compatible;6,95;;;6
SA-G381-TAP-COM;Samsung;Galaxy Express 2;Tapa trasera;Compatible;5,70;;;6
SA-G381-CTR-COM;Samsung;Galaxy Express 2;Cámara trasera;Compatible;10,59;10,27;9,95;6
SA-G381-CFR-COM;Samsung;Galaxy Express 2;Cámara frontal;Compatible;7,15;;;6
SA-G381-LEN-COM;Samsung;Galaxy Express 2;Lente de cámara;Compatible;2,49;;;6
SA-G381-ALT-COM;Samsung;Galaxy Express 2;Altavoz;Compatible;4,55;;;6
SA-G381-AUR-COM;Samsung;Galaxy Express 2;Auricular de llamada;Compatible;3,19;;;6
SA-G381-FLX-COM;Samsung;Galaxy Express 2;Flex de encendido y volumen;Compatible;2,85;;;6
SA-G381-SIM-COM;Samsung;Galaxy Express 2;Bandeja SIM;Compatible;2,89;;;6
SA-G910-PAN-ORI;Samsung;Galaxy Round;Pantalla;Original con marco;52,60;51,02;49,44;12
SA-G910-PAN-INC;Samsung;Galaxy Round;Pantalla;Incell;20,50;19,88;19,27;6
SA-G910-BAT-ORI;Samsung;Galaxy Round;Batería;Original;21,70;21,05;20,40;12
SA-G910-BAT-COM;Samsung;Galaxy Round;Batería;Compatible;12,10;11,74;11,37;6
SA-G910-CON-ORI;Samsung;Galaxy Round;Conector de carga;Original;17,25;16,73;16,22;12
SA-G910-CON-COM;Samsung;Galaxy Round;Conector de carga;Compatible;6,95;;;6
SA-G910-TAP-COM;Samsung;Galaxy Round;Tapa trasera;Compatible;5,70;;;6
SA-G910-CTR-COM;Samsung;Galaxy Round;Cámara trasera;Compatible;10,59;10,27;9,95;6
SA-G910-CFR-COM;Samsung;Galaxy Round;Cámara frontal;Compatible;7,15;;;6
SA-G910-LEN-COM;Samsung;Galaxy Round;Lente de cámara;Compatible;2,49;;;6
SA-G910-ALT-COM;Samsung;Galaxy Round;Altavoz;Compatible;4,55;;;6
SA-G910-AUR-COM;Samsung;Galaxy Round;Auricular de llamada;Compatible;3,19;;;6
SA-G910-FLX-COM;Samsung;Galaxy Round;Flex de encendido y volumen;Compatible;2,85;;;6
SA-G910-SIM-COM;Samsung;Galaxy Round;Bandeja SIM;Compatible;2,89;;;6
SA-N900-PAN-ORI;Samsung;Galaxy Note 3;Pantalla;Original con marco;104,19;101,06;97,94;12
SA-N900-PAN-INC;Samsung;Galaxy Note 3;Pantalla;Incell;32,85;31,86;30,88;6
SA-N900-BAT-ORI;Samsung;Galaxy Note 3;Batería;Original;24,00;23,28;22,56;12
SA-N900-BAT-COM;Samsung;Galaxy Note 3;Batería;Compatible;12,50;12,13;11,75;6
SA-N900-CON-ORI;Samsung;Galaxy Note 3;Conector de carga;Original;21,65;21,00;20,35;12
SA-N900-CON-COM;Samsung;Galaxy Note 3;Conector de carga;Compatible;8,69;;;6
SA-N900-TAP-COM;Samsung;Galaxy Note 3;Tapa trasera;Compatible;7,10;;;6
SA-N900-CTR-COM;Samsung;Galaxy Note 3;Cámara trasera;Compatible;16,09;15,61;15,12;6
SA-N900-CFR-COM;Samsung;Galaxy Note 3;Cámara frontal;Compatible;9,49;;;6
SA-N900-LEN-COM;Samsung;Galaxy Note 3;Lente de cámara;Compatible;3,45;;;6
SA-N900-ALT-COM;Samsung;Galaxy Note 3;Altavoz;Compatible;5,79;;;6
SA-N900-AUR-COM;Samsung;Galaxy Note 3;Auricular de llamada;Compatible;4,35;;;6
SA-N900-FLX-COM;Samsung;Galaxy Note 3;Flex de encendido y volumen;Compatible;4,00;;;6
SA-N900-SIM-COM;Samsung;Galaxy Note 3;Bandeja SIM;Compatible;3,59;;;6
SA-ASNEO-PAN-ORI;Samsung;ATIV S Neo;Pantalla;Original con marco;37,45;36,33;35,20;12
SA-ASNEO-PAN-COM;Samsung;ATIV S Neo;Pantalla;Compatible;17,05;16,54;16,03;6
SA-ASNEO-BAT-ORI;Samsung;ATIV S Neo;Batería;Original;21,70;21,05;20,40;12
SA-ASNEO-BAT-COM;Samsung;ATIV S Neo;Batería;Compatible;12,10;11,74;11,37;6
SA-ASNEO-CON-ORI;Samsung;ATIV S Neo;Conector de carga;Original;17,25;16,73;16,22;12
SA-ASNEO-CON-COM;Samsung;ATIV S Neo;Conector de carga;Compatible;6,95;;;6
SA-ASNEO-TAP-COM;Samsung;ATIV S Neo;Tapa trasera;Compatible;5,70;;;6
SA-ASNEO-CTR-COM;Samsung;ATIV S Neo;Cámara trasera;Compatible;10,59;10,27;9,95;6
SA-ASNEO-CFR-COM;Samsung;ATIV S Neo;Cámara frontal;Compatible;7,15;;;6
SA-ASNEO-LEN-COM;Samsung;ATIV S Neo;Lente de cámara;Compatible;2,49;;;6
SA-ASNEO-ALT-COM;Samsung;ATIV S Neo;Altavoz;Compatible;4,55;;;6
SA-ASNEO-AUR-COM;Samsung;ATIV S Neo;Auricular de llamada;Compatible;3,19;;;6
SA-ASNEO-FLX-COM;Samsung;ATIV S Neo;Flex de encendido y volumen;Compatible;2,85;;;6
SA-ASNEO-SIM-COM;Samsung;ATIV S Neo;Bandeja SIM;Compatible;2,89;;;6
SA-S4MN-PAN-ORI;Samsung;Galaxy S4 Mini;Pantalla;Original con marco;109,05;105,78;102,51;12
SA-S4MN-PAN-OLS;Samsung;Galaxy S4 Mini;Pantalla;OLED Soft;64,55;62,61;60,68;6
SA-S4MN-PAN-OLH;Samsung;Galaxy S4 Mini;Pantalla;OLED Hard;60,50;58,68;56,87;6
SA-S4MN-PAN-INC;Samsung;Galaxy S4 Mini;Pantalla;Incell;31,75;30,80;29,85;6
SA-S4MN-BAT-ORI;Samsung;Galaxy S4 Mini;Batería;Original;23,89;23,17;22,46;12
SA-S4MN-BAT-COM;Samsung;Galaxy S4 Mini;Batería;Compatible;12,35;11,98;11,61;6
SA-S4MN-CON-ORI;Samsung;Galaxy S4 Mini;Conector de carga;Original;21,65;21,00;20,35;12
SA-S4MN-CON-COM;Samsung;Galaxy S4 Mini;Conector de carga;Compatible;9,40;;;6
SA-S4MN-TAP-COM;Samsung;Galaxy S4 Mini;Tapa trasera;Compatible;6,50;;;6
SA-S4MN-CTR-COM;Samsung;Galaxy S4 Mini;Cámara trasera;Compatible;18,05;17,51;16,97;6
SA-S4MN-CFR-COM;Samsung;Galaxy S4 Mini;Cámara frontal;Compatible;10,85;10,52;10,20;6
SA-S4MN-LEN-COM;Samsung;Galaxy S4 Mini;Lente de cámara;Compatible;3,40;;;6
SA-S4MN-ALT-COM;Samsung;Galaxy S4 Mini;Altavoz;Compatible;5,80;;;6
SA-S4MN-AUR-COM;Samsung;Galaxy S4 Mini;Auricular de llamada;Compatible;4,19;;;6
SA-S4MN-FLX-COM;Samsung;Galaxy S4 Mini;Flex de encendido y volumen;Compatible;4,05;;;6
SA-S4MN-SIM-COM;Samsung;Galaxy S4 Mini;Bandeja SIM;Compatible;3,29;;;6
SA-C101-PAN-COM;Samsung;Galaxy S4 Zoom;Pantalla;Compatible;26,40;25,61;24,82;6
SA-C101-BAT-ORI;Samsung;Galaxy S4 Zoom;Batería;Original;23,89;23,17;22,46;12
SA-C101-BAT-COM;Samsung;Galaxy S4 Zoom;Batería;Compatible;12,35;11,98;11,61;6
SA-C101-CON-ORI;Samsung;Galaxy S4 Zoom;Conector de carga;Original;21,65;21,00;20,35;12
SA-C101-CON-COM;Samsung;Galaxy S4 Zoom;Conector de carga;Compatible;9,40;;;6
SA-C101-TAP-COM;Samsung;Galaxy S4 Zoom;Tapa trasera;Compatible;6,50;;;6
SA-C101-CTR-COM;Samsung;Galaxy S4 Zoom;Cámara trasera;Compatible;18,05;17,51;16,97;6
SA-C101-CFR-COM;Samsung;Galaxy S4 Zoom;Cámara frontal;Compatible;10,85;10,52;10,20;6
SA-C101-LEN-COM;Samsung;Galaxy S4 Zoom;Lente de cámara;Compatible;3,40;;;6
SA-C101-ALT-COM;Samsung;Galaxy S4 Zoom;Altavoz;Compatible;5,80;;;6
SA-C101-AUR-COM;Samsung;Galaxy S4 Zoom;Auricular de llamada;Compatible;4,19;;;6
SA-C101-FLX-COM;Samsung;Galaxy S4 Zoom;Flex de encendido y volumen;Compatible;4,05;;;6
SA-C101-SIM-COM;Samsung;Galaxy S4 Zoom;Bandeja SIM;Compatible;3,29;;;6
SA-GQ-PAN-ORI;Samsung;Gravity Q;Pantalla;Original con marco;37,45;36,33;35,20;12
SA-GQ-PAN-COM;Samsung;Gravity Q;Pantalla;Compatible;17,05;16,54;16,03;6
SA-GQ-BAT-ORI;Samsung;Gravity Q;Batería;Original;21,70;21,05;20,40;12
SA-GQ-BAT-COM;Samsung;Gravity Q;Batería;Compatible;12,10;11,74;11,37;6
SA-GQ-CON-ORI;Samsung;Gravity Q;Conector de carga;Original;17,25;16,73;16,22;12
SA-GQ-CON-COM;Samsung;Gravity Q;Conector de carga;Compatible;6,95;;;6
SA-GQ-TAP-COM;Samsung;Gravity Q;Tapa trasera;Compatible;5,70;;;6
SA-GQ-CTR-COM;Samsung;Gravity Q;Cámara trasera;Compatible;10,59;10,27;9,95;6
SA-GQ-CFR-COM;Samsung;Gravity Q;Cámara frontal;Compatible;7,15;;;6
SA-GQ-LEN-COM;Samsung;Gravity Q;Lente de cámara;Compatible;2,49;;;6
SA-GQ-ALT-COM;Samsung;Gravity Q;Altavoz;Compatible;4,55;;;6
SA-GQ-AUR-COM;Samsung;Gravity Q;Auricular de llamada;Compatible;3,19;;;6
SA-GQ-FLX-COM;Samsung;Gravity Q;Flex de encendido y volumen;Compatible;2,85;;;6
SA-GQ-SIM-COM;Samsung;Gravity Q;Bandeja SIM;Compatible;2,89;;;6
SA-ACE3-PAN-ORI;Samsung;Galaxy Ace 3;Pantalla;Original con marco;37,45;36,33;35,20;12
SA-ACE3-PAN-COM;Samsung;Galaxy Ace 3;Pantalla;Compatible;17,05;16,54;16,03;6
SA-ACE3-BAT-ORI;Samsung;Galaxy Ace 3;Batería;Original;21,70;21,05;20,40;12
SA-ACE3-BAT-COM;Samsung;Galaxy Ace 3;Batería;Compatible;12,10;11,74;11,37;6
SA-ACE3-CON-ORI;Samsung;Galaxy Ace 3;Conector de carga;Original;17,25;16,73;16,22;12
SA-ACE3-CON-COM;Samsung;Galaxy Ace 3;Conector de carga;Compatible;6,95;;;6
SA-ACE3-TAP-COM;Samsung;Galaxy Ace 3;Tapa trasera;Compatible;5,70;;;6
SA-ACE3-CTR-COM;Samsung;Galaxy Ace 3;Cámara trasera;Compatible;10,59;10,27;9,95;6
SA-ACE3-CFR-COM;Samsung;Galaxy Ace 3;Cámara frontal;Compatible;7,15;;;6
SA-ACE3-LEN-COM;Samsung;Galaxy Ace 3;Lente de cámara;Compatible;2,49;;;6
SA-ACE3-ALT-COM;Samsung;Galaxy Ace 3;Altavoz;Compatible;4,55;;;6
SA-ACE3-AUR-COM;Samsung;Galaxy Ace 3;Auricular de llamada;Compatible;3,19;;;6
SA-ACE3-FLX-COM;Samsung;Galaxy Ace 3;Flex de encendido y volumen;Compatible;2,85;;;6
SA-ACE3-SIM-COM;Samsung;Galaxy Ace 3;Bandeja SIM;Compatible;2,89;;;6
SA-G386-PAN-ORI;Samsung;Galaxy Core;Pantalla;Original con marco;37,45;36,33;35,20;12
SA-G386-PAN-COM;Samsung;Galaxy Core;Pantalla;Compatible;17,05;16,54;16,03;6
SA-G386-BAT-ORI;Samsung;Galaxy Core;Batería;Original;21,70;21,05;20,40;12
SA-G386-BAT-COM;Samsung;Galaxy Core;Batería;Compatible;12,10;11,74;11,37;6
SA-G386-CON-ORI;Samsung;Galaxy Core;Conector de carga;Original;17,25;16,73;16,22;12
SA-G386-CON-COM;Samsung;Galaxy Core;Conector de carga;Compatible;6,95;;;6
SA-G386-TAP-COM;Samsung;Galaxy Core;Tapa trasera;Compatible;5,70;;;6
SA-G386-CTR-COM;Samsung;Galaxy Core;Cámara trasera;Compatible;10,59;10,27;9,95;6
SA-G386-CFR-COM;Samsung;Galaxy Core;Cámara frontal;Compatible;7,15;;;6
SA-G386-LEN-COM;Samsung;Galaxy Core;Lente de cámara;Compatible;2,49;;;6
SA-G386-ALT-COM;Samsung;Galaxy Core;Altavoz;Compatible;4,55;;;6
SA-G386-AUR-COM;Samsung;Galaxy Core;Auricular de llamada;Compatible;3,19;;;6
SA-G386-FLX-COM;Samsung;Galaxy Core;Flex de encendido y volumen;Compatible;2,85;;;6
SA-G386-SIM-COM;Samsung;Galaxy Core;Bandeja SIM;Compatible;2,89;;;6
SA-M-PAN-ORI;Samsung;Galaxy Mega;Pantalla;Original con marco;37,45;36,33;35,20;12
SA-M-PAN-COM;Samsung;Galaxy Mega;Pantalla;Compatible;17,05;16,54;16,03;6
SA-M-BAT-ORI;Samsung;Galaxy Mega;Batería;Original;21,70;21,05;20,40;12
SA-M-BAT-COM;Samsung;Galaxy Mega;Batería;Compatible;12,10;11,74;11,37;6
SA-M-CON-ORI;Samsung;Galaxy Mega;Conector de carga;Original;17,25;16,73;16,22;12
SA-M-CON-COM;Samsung;Galaxy Mega;Conector de carga;Compatible;6,95;;;6
SA-M-TAP-COM;Samsung;Galaxy Mega;Tapa trasera;Compatible;5,70;;;6
SA-M-CTR-COM;Samsung;Galaxy Mega;Cámara trasera;Compatible;10,59;10,27;9,95;6
SA-M-CFR-COM;Samsung;Galaxy Mega;Cámara frontal;Compatible;7,15;;;6
SA-M-LEN-COM;Samsung;Galaxy Mega;Lente de cámara;Compatible;2,49;;;6
SA-M-ALT-COM;Samsung;Galaxy Mega;Altavoz;Compatible;4,55;;;6
SA-M-AUR-COM;Samsung;Galaxy Mega;Auricular de llamada;Compatible;3,19;;;6
SA-M-FLX-COM;Samsung;Galaxy Mega;Flex de encendido y volumen;Compatible;2,85;;;6
SA-M-SIM-COM;Samsung;Galaxy Mega;Bandeja SIM;Compatible;2,89;;;6
SA-S4A-PAN-ORI;Samsung;Galaxy S4 Active;Pantalla;Original con marco;77,65;75,32;72,99;12
SA-S4A-PAN-COM;Samsung;Galaxy S4 Active;Pantalla;Compatible;26,40;25,61;24,82;6
SA-S4A-BAT-ORI;Samsung;Galaxy S4 Active;Batería;Original;23,89;23,17;22,46;12
SA-S4A-BAT-COM;Samsung;Galaxy S4 Active;Batería;Compatible;12,35;11,98;11,61;6
SA-S4A-CON-ORI;Samsung;Galaxy S4 Active;Conector de carga;Original;21,65;21,00;20,35;12
SA-S4A-CON-COM;Samsung;Galaxy S4 Active;Conector de carga;Compatible;9,40;;;6
SA-S4A-TAP-COM;Samsung;Galaxy S4 Active;Tapa trasera;Compatible;6,50;;;6
SA-S4A-CTR-COM;Samsung;Galaxy S4 Active;Cámara trasera;Compatible;18,05;17,51;16,97;6
SA-S4A-CFR-COM;Samsung;Galaxy S4 Active;Cámara frontal;Compatible;10,85;10,52;10,20;6
SA-S4A-LEN-COM;Samsung;Galaxy S4 Active;Lente de cámara;Compatible;3,40;;;6
SA-S4A-ALT-COM;Samsung;Galaxy S4 Active;Altavoz;Compatible;5,80;;;6
SA-S4A-AUR-COM;Samsung;Galaxy S4 Active;Auricular de llamada;Compatible;4,19;;;6
SA-S4A-FLX-COM;Samsung;Galaxy S4 Active;Flex de encendido y volumen;Compatible;4,05;;;6
SA-S4A-SIM-COM;Samsung;Galaxy S4 Active;Bandeja SIM;Compatible;3,29;;;6
SA-PKNEO-PAN-ORI;Samsung;Galaxy Pocket Neo;Pantalla;Original con marco;37,45;36,33;35,20;12
SA-PKNEO-PAN-COM;Samsung;Galaxy Pocket Neo;Pantalla;Compatible;17,05;16,54;16,03;6
SA-PKNEO-BAT-ORI;Samsung;Galaxy Pocket Neo;Batería;Original;21,70;21,05;20,40;12
SA-PKNEO-BAT-COM;Samsung;Galaxy Pocket Neo;Batería;Compatible;12,10;11,74;11,37;6
SA-PKNEO-CON-ORI;Samsung;Galaxy Pocket Neo;Conector de carga;Original;17,25;16,73;16,22;12
SA-PKNEO-CON-COM;Samsung;Galaxy Pocket Neo;Conector de carga;Compatible;6,95;;;6
SA-PKNEO-TAP-COM;Samsung;Galaxy Pocket Neo;Tapa trasera;Compatible;5,70;;;6
SA-PKNEO-CTR-COM;Samsung;Galaxy Pocket Neo;Cámara trasera;Compatible;10,59;10,27;9,95;6
SA-PKNEO-CFR-COM;Samsung;Galaxy Pocket Neo;Cámara frontal;Compatible;7,15;;;6
SA-PKNEO-LEN-COM;Samsung;Galaxy Pocket Neo;Lente de cámara;Compatible;2,49;;;6
SA-PKNEO-ALT-COM;Samsung;Galaxy Pocket Neo;Altavoz;Compatible;4,55;;;6
SA-PKNEO-AUR-COM;Samsung;Galaxy Pocket Neo;Auricular de llamada;Compatible;3,19;;;6
SA-PKNEO-FLX-COM;Samsung;Galaxy Pocket Neo;Flex de encendido y volumen;Compatible;2,85;;;6
SA-PKNEO-SIM-COM;Samsung;Galaxy Pocket Neo;Bandeja SIM;Compatible;2,89;;;6
SA-WIN-PAN-ORI;Samsung;Galaxy Win;Pantalla;Original con marco;37,45;36,33;35,20;12
SA-WIN-PAN-COM;Samsung;Galaxy Win;Pantalla;Compatible;17,05;16,54;16,03;6
SA-WIN-BAT-ORI;Samsung;Galaxy Win;Batería;Original;21,70;21,05;20,40;12
SA-WIN-BAT-COM;Samsung;Galaxy Win;Batería;Compatible;12,10;11,74;11,37;6
SA-WIN-CON-ORI;Samsung;Galaxy Win;Conector de carga;Original;17,25;16,73;16,22;12
SA-WIN-CON-COM;Samsung;Galaxy Win;Conector de carga;Compatible;6,95;;;6
SA-WIN-TAP-COM;Samsung;Galaxy Win;Tapa trasera;Compatible;5,70;;;6
SA-WIN-CTR-COM;Samsung;Galaxy Win;Cámara trasera;Compatible;10,59;10,27;9,95;6
SA-WIN-CFR-COM;Samsung;Galaxy Win;Cámara frontal;Compatible;7,15;;;6
SA-WIN-LEN-COM;Samsung;Galaxy Win;Lente de cámara;Compatible;2,49;;;6
SA-WIN-ALT-COM;Samsung;Galaxy Win;Altavoz;Compatible;4,55;;;6
SA-WIN-AUR-COM;Samsung;Galaxy Win;Auricular de llamada;Compatible;3,19;;;6
SA-WIN-FLX-COM;Samsung;Galaxy Win;Flex de encendido y volumen;Compatible;2,85;;;6
SA-WIN-SIM-COM;Samsung;Galaxy Win;Bandeja SIM;Compatible;2,89;;;6
SA-YPL-PAN-ORI;Samsung;Galaxy Y Plus;Pantalla;Original con marco;37,45;36,33;35,20;12
SA-YPL-PAN-COM;Samsung;Galaxy Y Plus;Pantalla;Compatible;17,05;16,54;16,03;6
SA-YPL-BAT-ORI;Samsung;Galaxy Y Plus;Batería;Original;21,70;21,05;20,40;12
SA-YPL-BAT-COM;Samsung;Galaxy Y Plus;Batería;Compatible;12,10;11,74;11,37;6
SA-YPL-CON-ORI;Samsung;Galaxy Y Plus;Conector de carga;Original;17,25;16,73;16,22;12
SA-YPL-CON-COM;Samsung;Galaxy Y Plus;Conector de carga;Compatible;6,95;;;6
SA-YPL-TAP-COM;Samsung;Galaxy Y Plus;Tapa trasera;Compatible;5,70;;;6
SA-YPL-CTR-COM;Samsung;Galaxy Y Plus;Cámara trasera;Compatible;10,59;10,27;9,95;6
SA-YPL-CFR-COM;Samsung;Galaxy Y Plus;Cámara frontal;Compatible;7,15;;;6
SA-YPL-LEN-COM;Samsung;Galaxy Y Plus;Lente de cámara;Compatible;2,49;;;6
SA-YPL-ALT-COM;Samsung;Galaxy Y Plus;Altavoz;Compatible;4,55;;;6
SA-YPL-AUR-COM;Samsung;Galaxy Y Plus;Auricular de llamada;Compatible;3,19;;;6
SA-YPL-FLX-COM;Samsung;Galaxy Y Plus;Flex de encendido y volumen;Compatible;2,85;;;6
SA-YPL-SIM-COM;Samsung;Galaxy Y Plus;Bandeja SIM;Compatible;2,89;;;6
SA-F-PAN-ORI;Samsung;Galaxy Fame;Pantalla;Original con marco;37,45;36,33;35,20;12
SA-F-PAN-COM;Samsung;Galaxy Fame;Pantalla;Compatible;17,05;16,54;16,03;6
SA-F-BAT-ORI;Samsung;Galaxy Fame;Batería;Original;21,70;21,05;20,40;12
SA-F-BAT-COM;Samsung;Galaxy Fame;Batería;Compatible;12,10;11,74;11,37;6
SA-F-CON-ORI;Samsung;Galaxy Fame;Conector de carga;Original;17,25;16,73;16,22;12
SA-F-CON-COM;Samsung;Galaxy Fame;Conector de carga;Compatible;6,95;;;6
SA-F-TAP-COM;Samsung;Galaxy Fame;Tapa trasera;Compatible;5,70;;;6
SA-F-CTR-COM;Samsung;Galaxy Fame;Cámara trasera;Compatible;10,59;10,27;9,95;6
SA-F-CFR-COM;Samsung;Galaxy Fame;Cámara frontal;Compatible;7,15;;;6
SA-F-LEN-COM;Samsung;Galaxy Fame;Lente de cámara;Compatible;2,49;;;6
SA-F-ALT-COM;Samsung;Galaxy Fame;Altavoz;Compatible;4,55;;;6
SA-F-AUR-COM;Samsung;Galaxy Fame;Auricular de llamada;Compatible;3,19;;;6
SA-F-FLX-COM;Samsung;Galaxy Fame;Flex de encendido y volumen;Compatible;2,85;;;6
SA-F-SIM-COM;Samsung;Galaxy Fame;Bandeja SIM;Compatible;2,89;;;6
SA-S975-PAN-ORI;Samsung;Galaxy S4;Pantalla;Original con marco;109,05;105,78;102,51;12
SA-S975-PAN-OLS;Samsung;Galaxy S4;Pantalla;OLED Soft;64,55;62,61;60,68;6
SA-S975-PAN-OLH;Samsung;Galaxy S4;Pantalla;OLED Hard;60,50;58,68;56,87;6
SA-S975-PAN-INC;Samsung;Galaxy S4;Pantalla;Incell;24,00;23,28;22,56;6
SA-S975-BAT-ORI;Samsung;Galaxy S4;Batería;Original;23,89;23,17;22,46;12
SA-S975-BAT-COM;Samsung;Galaxy S4;Batería;Compatible;12,35;11,98;11,61;6
SA-S975-CON-ORI;Samsung;Galaxy S4;Conector de carga;Original;21,65;21,00;20,35;12
SA-S975-CON-COM;Samsung;Galaxy S4;Conector de carga;Compatible;9,40;;;6
SA-S975-TAP-COM;Samsung;Galaxy S4;Tapa trasera;Compatible;6,50;;;6
SA-S975-CTR-COM;Samsung;Galaxy S4;Cámara trasera;Compatible;18,05;17,51;16,97;6
SA-S975-CFR-COM;Samsung;Galaxy S4;Cámara frontal;Compatible;10,85;10,52;10,20;6
SA-S975-LEN-COM;Samsung;Galaxy S4;Lente de cámara;Compatible;3,40;;;6
SA-S975-ALT-COM;Samsung;Galaxy S4;Altavoz;Compatible;5,80;;;6
SA-S975-AUR-COM;Samsung;Galaxy S4;Auricular de llamada;Compatible;4,19;;;6
SA-S975-FLX-COM;Samsung;Galaxy S4;Flex de encendido y volumen;Compatible;4,05;;;6
SA-S975-SIM-COM;Samsung;Galaxy S4;Bandeja SIM;Compatible;3,29;;;6
SA-S-PAN-ORI;Samsung;Galaxy Star;Pantalla;Original con marco;37,45;36,33;35,20;12
SA-S-PAN-COM;Samsung;Galaxy Star;Pantalla;Compatible;17,05;16,54;16,03;6
SA-S-BAT-ORI;Samsung;Galaxy Star;Batería;Original;21,70;21,05;20,40;12
SA-S-BAT-COM;Samsung;Galaxy Star;Batería;Compatible;12,10;11,74;11,37;6
SA-S-CON-ORI;Samsung;Galaxy Star;Conector de carga;Original;17,25;16,73;16,22;12
SA-S-CON-COM;Samsung;Galaxy Star;Conector de carga;Compatible;6,95;;;6
SA-S-TAP-COM;Samsung;Galaxy Star;Tapa trasera;Compatible;5,70;;;6
SA-S-CTR-COM;Samsung;Galaxy Star;Cámara trasera;Compatible;10,59;10,27;9,95;6
SA-S-CFR-COM;Samsung;Galaxy Star;Cámara frontal;Compatible;7,15;;;6
SA-S-LEN-COM;Samsung;Galaxy Star;Lente de cámara;Compatible;2,49;;;6
SA-S-ALT-COM;Samsung;Galaxy Star;Altavoz;Compatible;4,55;;;6
SA-S-AUR-COM;Samsung;Galaxy Star;Auricular de llamada;Compatible;3,19;;;6
SA-S-FLX-COM;Samsung;Galaxy Star;Flex de encendido y volumen;Compatible;2,85;;;6
SA-S-SIM-COM;Samsung;Galaxy Star;Bandeja SIM;Compatible;2,89;;;6
SA-E-PAN-ORI;Samsung;Galaxy Express;Pantalla;Original con marco;52,60;51,02;49,44;12
SA-E-PAN-INC;Samsung;Galaxy Express;Pantalla;Incell;20,50;19,88;19,27;6
SA-E-BAT-ORI;Samsung;Galaxy Express;Batería;Original;21,70;21,05;20,40;12
SA-E-BAT-COM;Samsung;Galaxy Express;Batería;Compatible;12,10;11,74;11,37;6
SA-E-CON-ORI;Samsung;Galaxy Express;Conector de carga;Original;17,25;16,73;16,22;12
SA-E-CON-COM;Samsung;Galaxy Express;Conector de carga;Compatible;6,95;;;6
SA-E-TAP-COM;Samsung;Galaxy Express;Tapa trasera;Compatible;5,70;;;6
SA-E-CTR-COM;Samsung;Galaxy Express;Cámara trasera;Compatible;10,59;10,27;9,95;6
SA-E-CFR-COM;Samsung;Galaxy Express;Cámara frontal;Compatible;7,15;;;6
SA-E-LEN-COM;Samsung;Galaxy Express;Lente de cámara;Compatible;2,49;;;6
SA-E-ALT-COM;Samsung;Galaxy Express;Altavoz;Compatible;4,55;;;6
SA-E-AUR-COM;Samsung;Galaxy Express;Auricular de llamada;Compatible;3,19;;;6
SA-E-FLX-COM;Samsung;Galaxy Express;Flex de encendido y volumen;Compatible;2,85;;;6
SA-E-SIM-COM;Samsung;Galaxy Express;Bandeja SIM;Compatible;2,89;;;6
SA-X2-PAN-ORI;Samsung;Galaxy XCover 2;Pantalla;Original con marco;37,45;36,33;35,20;12
SA-X2-PAN-COM;Samsung;Galaxy XCover 2;Pantalla;Compatible;17,05;16,54;16,03;6
SA-X2-BAT-ORI;Samsung;Galaxy XCover 2;Batería;Original;21,70;21,05;20,40;12
SA-X2-BAT-COM;Samsung;Galaxy XCover 2;Batería;Compatible;12,10;11,74;11,37;6
SA-X2-CON-ORI;Samsung;Galaxy XCover 2;Conector de carga;Original;17,25;16,73;16,22;12
SA-X2-CON-COM;Samsung;Galaxy XCover 2;Conector de carga;Compatible;6,95;;;6
SA-X2-TAP-COM;Samsung;Galaxy XCover 2;Tapa trasera;Compatible;5,70;;;6
SA-X2-CTR-COM;Samsung;Galaxy XCover 2;Cámara trasera;Compatible;10,59;10,27;9,95;6
SA-X2-CFR-COM;Samsung;Galaxy XCover 2;Cámara frontal;Compatible;7,15;;;6
SA-X2-LEN-COM;Samsung;Galaxy XCover 2;Lente de cámara;Compatible;2,49;;;6
SA-X2-ALT-COM;Samsung;Galaxy XCover 2;Altavoz;Compatible;4,55;;;6
SA-X2-AUR-COM;Samsung;Galaxy XCover 2;Auricular de llamada;Compatible;3,19;;;6
SA-X2-FLX-COM;Samsung;Galaxy XCover 2;Flex de encendido y volumen;Compatible;2,85;;;6
SA-X2-SIM-COM;Samsung;Galaxy XCover 2;Bandeja SIM;Compatible;2,89;;;6
SA-Y-PAN-ORI;Samsung;Galaxy Young;Pantalla;Original con marco;37,45;36,33;35,20;12
SA-Y-PAN-COM;Samsung;Galaxy Young;Pantalla;Compatible;17,05;16,54;16,03;6
SA-Y-BAT-ORI;Samsung;Galaxy Young;Batería;Original;21,70;21,05;20,40;12
SA-Y-BAT-COM;Samsung;Galaxy Young;Batería;Compatible;12,10;11,74;11,37;6
SA-Y-CON-ORI;Samsung;Galaxy Young;Conector de carga;Original;17,25;16,73;16,22;12
SA-Y-CON-COM;Samsung;Galaxy Young;Conector de carga;Compatible;6,95;;;6
SA-Y-TAP-COM;Samsung;Galaxy Young;Tapa trasera;Compatible;5,70;;;6
SA-Y-CTR-COM;Samsung;Galaxy Young;Cámara trasera;Compatible;10,59;10,27;9,95;6
SA-Y-CFR-COM;Samsung;Galaxy Young;Cámara frontal;Compatible;7,15;;;6
SA-Y-LEN-COM;Samsung;Galaxy Young;Lente de cámara;Compatible;2,49;;;6
SA-Y-ALT-COM;Samsung;Galaxy Young;Altavoz;Compatible;4,55;;;6
SA-Y-AUR-COM;Samsung;Galaxy Young;Auricular de llamada;Compatible;3,19;;;6
SA-Y-FLX-COM;Samsung;Galaxy Young;Flex de encendido y volumen;Compatible;2,85;;;6
SA-Y-SIM-COM;Samsung;Galaxy Young;Bandeja SIM;Compatible;2,89;;;6
SA-AO-PAN-ORI;Samsung;Ativ Odyssey;Pantalla;Original con marco;52,60;51,02;49,44;12
SA-AO-PAN-INC;Samsung;Ativ Odyssey;Pantalla;Incell;20,50;19,88;19,27;6
SA-AO-BAT-ORI;Samsung;Ativ Odyssey;Batería;Original;21,70;21,05;20,40;12
SA-AO-BAT-COM;Samsung;Ativ Odyssey;Batería;Compatible;12,10;11,74;11,37;6
SA-AO-CON-ORI;Samsung;Ativ Odyssey;Conector de carga;Original;17,25;16,73;16,22;12
SA-AO-CON-COM;Samsung;Ativ Odyssey;Conector de carga;Compatible;6,95;;;6
SA-AO-TAP-COM;Samsung;Ativ Odyssey;Tapa trasera;Compatible;5,70;;;6
SA-AO-CTR-COM;Samsung;Ativ Odyssey;Cámara trasera;Compatible;10,59;10,27;9,95;6
SA-AO-CFR-COM;Samsung;Ativ Odyssey;Cámara frontal;Compatible;7,15;;;6
SA-AO-LEN-COM;Samsung;Ativ Odyssey;Lente de cámara;Compatible;2,49;;;6
SA-AO-ALT-COM;Samsung;Ativ Odyssey;Altavoz;Compatible;4,55;;;6
SA-AO-AUR-COM;Samsung;Ativ Odyssey;Auricular de llamada;Compatible;3,19;;;6
SA-AO-FLX-COM;Samsung;Ativ Odyssey;Flex de encendido y volumen;Compatible;2,85;;;6
SA-AO-SIM-COM;Samsung;Ativ Odyssey;Bandeja SIM;Compatible;2,89;;;6
SA-G-PAN-ORI;Samsung;Galaxy Grand;Pantalla;Original con marco;37,45;36,33;35,20;12
SA-G-PAN-COM;Samsung;Galaxy Grand;Pantalla;Compatible;17,05;16,54;16,03;6
SA-G-BAT-ORI;Samsung;Galaxy Grand;Batería;Original;21,70;21,05;20,40;12
SA-G-BAT-COM;Samsung;Galaxy Grand;Batería;Compatible;12,10;11,74;11,37;6
SA-G-CON-ORI;Samsung;Galaxy Grand;Conector de carga;Original;17,25;16,73;16,22;12
SA-G-CON-COM;Samsung;Galaxy Grand;Conector de carga;Compatible;6,95;;;6
SA-G-TAP-COM;Samsung;Galaxy Grand;Tapa trasera;Compatible;5,70;;;6
SA-G-CTR-COM;Samsung;Galaxy Grand;Cámara trasera;Compatible;10,59;10,27;9,95;6
SA-G-CFR-COM;Samsung;Galaxy Grand;Cámara frontal;Compatible;7,15;;;6
SA-G-LEN-COM;Samsung;Galaxy Grand;Lente de cámara;Compatible;2,49;;;6
SA-G-ALT-COM;Samsung;Galaxy Grand;Altavoz;Compatible;4,55;;;6
SA-G-AUR-COM;Samsung;Galaxy Grand;Auricular de llamada;Compatible;3,19;;;6
SA-G-FLX-COM;Samsung;Galaxy Grand;Flex de encendido y volumen;Compatible;2,85;;;6
SA-G-SIM-COM;Samsung;Galaxy Grand;Bandeja SIM;Compatible;2,89;;;6
SA-PKPL-PAN-ORI;Samsung;Galaxy Pocket Plus;Pantalla;Original con marco;37,45;36,33;35,20;12
SA-PKPL-PAN-COM;Samsung;Galaxy Pocket Plus;Pantalla;Compatible;17,05;16,54;16,03;6
SA-PKPL-BAT-ORI;Samsung;Galaxy Pocket Plus;Batería;Original;21,70;21,05;20,40;12
SA-PKPL-BAT-COM;Samsung;Galaxy Pocket Plus;Batería;Compatible;12,10;11,74;11,37;6
SA-PKPL-CON-ORI;Samsung;Galaxy Pocket Plus;Conector de carga;Original;17,25;16,73;16,22;12
SA-PKPL-CON-COM;Samsung;Galaxy Pocket Plus;Conector de carga;Compatible;6,95;;;6
SA-PKPL-TAP-COM;Samsung;Galaxy Pocket Plus;Tapa trasera;Compatible;5,70;;;6
SA-PKPL-CTR-COM;Samsung;Galaxy Pocket Plus;Cámara trasera;Compatible;10,59;10,27;9,95;6
SA-PKPL-CFR-COM;Samsung;Galaxy Pocket Plus;Cámara frontal;Compatible;7,15;;;6
SA-PKPL-LEN-COM;Samsung;Galaxy Pocket Plus;Lente de cámara;Compatible;2,49;;;6
SA-PKPL-ALT-COM;Samsung;Galaxy Pocket Plus;Altavoz;Compatible;4,55;;;6
SA-PKPL-AUR-COM;Samsung;Galaxy Pocket Plus;Auricular de llamada;Compatible;3,19;;;6
SA-PKPL-FLX-COM;Samsung;Galaxy Pocket Plus;Flex de encendido y volumen;Compatible;2,85;;;6
SA-PKPL-SIM-COM;Samsung;Galaxy Pocket Plus;Bandeja SIM;Compatible;2,89;;;6
SA-CA-PAN-ORI;Samsung;Galaxy Core Advance;Pantalla;Original con marco;37,45;36,33;35,20;12
SA-CA-PAN-COM;Samsung;Galaxy Core Advance;Pantalla;Compatible;17,05;16,54;16,03;6
SA-CA-BAT-ORI;Samsung;Galaxy Core Advance;Batería;Original;21,70;21,05;20,40;12
SA-CA-BAT-COM;Samsung;Galaxy Core Advance;Batería;Compatible;12,10;11,74;11,37;6
SA-CA-CON-ORI;Samsung;Galaxy Core Advance;Conector de carga;Original;17,25;16,73;16,22;12
SA-CA-CON-COM;Samsung;Galaxy Core Advance;Conector de carga;Compatible;6,95;;;6
SA-CA-TAP-COM;Samsung;Galaxy Core Advance;Tapa trasera;Compatible;5,70;;;6
SA-CA-CTR-COM;Samsung;Galaxy Core Advance;Cámara trasera;Compatible;10,59;10,27;9,95;6
SA-CA-CFR-COM;Samsung;Galaxy Core Advance;Cámara frontal;Compatible;7,15;;;6
SA-CA-LEN-COM;Samsung;Galaxy Core Advance;Lente de cámara;Compatible;2,49;;;6
SA-CA-ALT-COM;Samsung;Galaxy Core Advance;Altavoz;Compatible;4,55;;;6
SA-CA-AUR-COM;Samsung;Galaxy Core Advance;Auricular de llamada;Compatible;3,19;;;6
SA-CA-FLX-COM;Samsung;Galaxy Core Advance;Flex de encendido y volumen;Compatible;2,85;;;6
SA-CA-SIM-COM;Samsung;Galaxy Core Advance;Bandeja SIM;Compatible;2,89;;;6
SA-AS-PAN-ORI;Samsung;Ativ S;Pantalla;Original con marco;52,60;51,02;49,44;12
SA-AS-PAN-INC;Samsung;Ativ S;Pantalla;Incell;20,50;19,88;19,27;6
SA-AS-BAT-ORI;Samsung;Ativ S;Batería;Original;21,70;21,05;20,40;12
SA-AS-BAT-COM;Samsung;Ativ S;Batería;Compatible;12,10;11,74;11,37;6
SA-AS-CON-ORI;Samsung;Ativ S;Conector de carga;Original;17,25;16,73;16,22;12
SA-AS-CON-COM;Samsung;Ativ S;Conector de carga;Compatible;6,95;;;6
SA-AS-TAP-COM;Samsung;Ativ S;Tapa trasera;Compatible;5,70;;;6
SA-AS-CTR-COM;Samsung;Ativ S;Cámara trasera;Compatible;10,59;10,27;9,95;6
SA-AS-CFR-COM;Samsung;Ativ S;Cámara frontal;Compatible;7,15;;;6
SA-AS-LEN-COM;Samsung;Ativ S;Lente de cámara;Compatible;2,49;;;6
SA-AS-ALT-COM;Samsung;Ativ S;Altavoz;Compatible;4,55;;;6
SA-AS-AUR-COM;Samsung;Ativ S;Auricular de llamada;Compatible;3,19;;;6
SA-AS-FLX-COM;Samsung;Ativ S;Flex de encendido y volumen;Compatible;2,85;;;6
SA-AS-SIM-COM;Samsung;Ativ S;Bandeja SIM;Compatible;2,89;;;6
SA-D-PAN-ORI;Samsung;Galaxy Discover;Pantalla;Original con marco;37,45;36,33;35,20;12
SA-D-PAN-COM;Samsung;Galaxy Discover;Pantalla;Compatible;17,05;16,54;16,03;6
SA-D-BAT-ORI;Samsung;Galaxy Discover;Batería;Original;21,70;21,05;20,40;12
SA-D-BAT-COM;Samsung;Galaxy Discover;Batería;Compatible;12,10;11,74;11,37;6
SA-D-CON-ORI;Samsung;Galaxy Discover;Conector de carga;Original;17,25;16,73;16,22;12
SA-D-CON-COM;Samsung;Galaxy Discover;Conector de carga;Compatible;6,95;;;6
SA-D-TAP-COM;Samsung;Galaxy Discover;Tapa trasera;Compatible;5,70;;;6
SA-D-CTR-COM;Samsung;Galaxy Discover;Cámara trasera;Compatible;10,59;10,27;9,95;6
SA-D-CFR-COM;Samsung;Galaxy Discover;Cámara frontal;Compatible;7,15;;;6
SA-D-LEN-COM;Samsung;Galaxy Discover;Lente de cámara;Compatible;2,49;;;6
SA-D-ALT-COM;Samsung;Galaxy Discover;Altavoz;Compatible;4,55;;;6
SA-D-AUR-COM;Samsung;Galaxy Discover;Auricular de llamada;Compatible;3,19;;;6
SA-D-FLX-COM;Samsung;Galaxy Discover;Flex de encendido y volumen;Compatible;2,85;;;6
SA-D-SIM-COM;Samsung;Galaxy Discover;Bandeja SIM;Compatible;2,89;;;6
SA-SIIIP-PAN-COM;Samsung;Galaxy S III Progre;Pantalla;Compatible;26,40;25,61;24,82;6
SA-SIIIP-BAT-ORI;Samsung;Galaxy S III Progre;Batería;Original;23,89;23,17;22,46;12
SA-SIIIP-BAT-COM;Samsung;Galaxy S III Progre;Batería;Compatible;12,35;11,98;11,61;6
SA-SIIIP-CON-ORI;Samsung;Galaxy S III Progre;Conector de carga;Original;21,65;21,00;20,35;12
SA-SIIIP-CON-COM;Samsung;Galaxy S III Progre;Conector de carga;Compatible;9,40;;;6
SA-SIIIP-TAP-COM;Samsung;Galaxy S III Progre;Tapa trasera;Compatible;6,50;;;6
SA-SIIIP-CTR-COM;Samsung;Galaxy S III Progre;Cámara trasera;Compatible;18,05;17,51;16,97;6
SA-SIIIP-CFR-COM;Samsung;Galaxy S III Progre;Cámara frontal;Compatible;10,85;10,52;10,20;6
SA-SIIIP-LEN-COM;Samsung;Galaxy S III Progre;Lente de cámara;Compatible;3,40;;;6
SA-SIIIP-ALT-COM;Samsung;Galaxy S III Progre;Altavoz;Compatible;5,80;;;6
SA-SIIIP-AUR-COM;Samsung;Galaxy S III Progre;Auricular de llamada;Compatible;4,19;;;6
SA-SIIIP-FLX-COM;Samsung;Galaxy S III Progre;Flex de encendido y volumen;Compatible;4,05;;;6
SA-SIIIP-SIM-COM;Samsung;Galaxy S III Progre;Bandeja SIM;Compatible;3,29;;;6
SA-SIIIMN-PAN-ORI;Samsung;Galaxy S III Mini;Pantalla;Original con marco;109,05;105,78;102,51;12
SA-SIIIMN-PAN-OLS;Samsung;Galaxy S III Mini;Pantalla;OLED Soft;64,55;62,61;60,68;6
SA-SIIIMN-PAN-OLH;Samsung;Galaxy S III Mini;Pantalla;OLED Hard;60,50;58,68;56,87;6
SA-SIIIMN-PAN-INC;Samsung;Galaxy S III Mini;Pantalla;Incell;31,75;30,80;29,85;6
SA-SIIIMN-BAT-ORI;Samsung;Galaxy S III Mini;Batería;Original;23,89;23,17;22,46;12
SA-SIIIMN-BAT-COM;Samsung;Galaxy S III Mini;Batería;Compatible;12,35;11,98;11,61;6
SA-SIIIMN-CON-ORI;Samsung;Galaxy S III Mini;Conector de carga;Original;21,65;21,00;20,35;12
SA-SIIIMN-CON-COM;Samsung;Galaxy S III Mini;Conector de carga;Compatible;9,40;;;6
SA-SIIIMN-TAP-COM;Samsung;Galaxy S III Mini;Tapa trasera;Compatible;6,50;;;6
SA-SIIIMN-CTR-COM;Samsung;Galaxy S III Mini;Cámara trasera;Compatible;18,05;17,51;16,97;6
SA-SIIIMN-CFR-COM;Samsung;Galaxy S III Mini;Cámara frontal;Compatible;10,85;10,52;10,20;6
SA-SIIIMN-LEN-COM;Samsung;Galaxy S III Mini;Lente de cámara;Compatible;3,40;;;6
SA-SIIIMN-ALT-COM;Samsung;Galaxy S III Mini;Altavoz;Compatible;5,80;;;6
SA-SIIIMN-AUR-COM;Samsung;Galaxy S III Mini;Auricular de llamada;Compatible;4,19;;;6
SA-SIIIMN-FLX-COM;Samsung;Galaxy S III Mini;Flex de encendido y volumen;Compatible;4,05;;;6
SA-SIIIMN-SIM-COM;Samsung;Galaxy S III Mini;Bandeja SIM;Compatible;3,29;;;6
SA-N2-PAN-COM;Samsung;Galaxy Note 2;Pantalla;Compatible;27,30;26,48;25,66;6
SA-N2-BAT-ORI;Samsung;Galaxy Note 2;Batería;Original;24,00;23,28;22,56;12
SA-N2-BAT-COM;Samsung;Galaxy Note 2;Batería;Compatible;12,50;12,13;11,75;6
SA-N2-CON-ORI;Samsung;Galaxy Note 2;Conector de carga;Original;21,65;21,00;20,35;12
SA-N2-CON-COM;Samsung;Galaxy Note 2;Conector de carga;Compatible;8,69;;;6
SA-N2-TAP-COM;Samsung;Galaxy Note 2;Tapa trasera;Compatible;7,10;;;6
SA-N2-CTR-COM;Samsung;Galaxy Note 2;Cámara trasera;Compatible;16,09;15,61;15,12;6
SA-N2-CFR-COM;Samsung;Galaxy Note 2;Cámara frontal;Compatible;9,49;;;6
SA-N2-LEN-COM;Samsung;Galaxy Note 2;Lente de cámara;Compatible;3,45;;;6
SA-N2-ALT-COM;Samsung;Galaxy Note 2;Altavoz;Compatible;5,79;;;6
SA-N2-AUR-COM;Samsung;Galaxy Note 2;Auricular de llamada;Compatible;4,35;;;6
SA-N2-FLX-COM;Samsung;Galaxy Note 2;Flex de encendido y volumen;Compatible;4,00;;;6
SA-N2-SIM-COM;Samsung;Galaxy Note 2;Bandeja SIM;Compatible;3,59;;;6
SA-NII-PAN-ORI;Samsung;Galaxy Note II;Pantalla;Original con marco;104,19;101,06;97,94;12
SA-NII-PAN-INC;Samsung;Galaxy Note II;Pantalla;Incell;32,85;31,86;30,88;6
SA-NII-BAT-ORI;Samsung;Galaxy Note II;Batería;Original;24,00;23,28;22,56;12
SA-NII-BAT-COM;Samsung;Galaxy Note II;Batería;Compatible;12,50;12,13;11,75;6
SA-NII-CON-ORI;Samsung;Galaxy Note II;Conector de carga;Original;21,65;21,00;20,35;12
SA-NII-CON-COM;Samsung;Galaxy Note II;Conector de carga;Compatible;8,69;;;6
SA-NII-TAP-COM;Samsung;Galaxy Note II;Tapa trasera;Compatible;7,10;;;6
SA-NII-CTR-COM;Samsung;Galaxy Note II;Cámara trasera;Compatible;16,09;15,61;15,12;6
SA-NII-CFR-COM;Samsung;Galaxy Note II;Cámara frontal;Compatible;9,49;;;6
SA-NII-LEN-COM;Samsung;Galaxy Note II;Lente de cámara;Compatible;3,45;;;6
SA-NII-ALT-COM;Samsung;Galaxy Note II;Altavoz;Compatible;5,79;;;6
SA-NII-AUR-COM;Samsung;Galaxy Note II;Auricular de llamada;Compatible;4,35;;;6
SA-NII-FLX-COM;Samsung;Galaxy Note II;Flex de encendido y volumen;Compatible;4,00;;;6
SA-NII-SIM-COM;Samsung;Galaxy Note II;Bandeja SIM;Compatible;3,59;;;6
SA-SD-PAN-COM;Samsung;Galaxy S Duos;Pantalla;Compatible;26,40;25,61;24,82;6
SA-SD-BAT-ORI;Samsung;Galaxy S Duos;Batería;Original;23,89;23,17;22,46;12
SA-SD-BAT-COM;Samsung;Galaxy S Duos;Batería;Compatible;12,35;11,98;11,61;6
SA-SD-CON-ORI;Samsung;Galaxy S Duos;Conector de carga;Original;21,65;21,00;20,35;12
SA-SD-CON-COM;Samsung;Galaxy S Duos;Conector de carga;Compatible;9,40;;;6
SA-SD-TAP-COM;Samsung;Galaxy S Duos;Tapa trasera;Compatible;6,50;;;6
SA-SD-CTR-COM;Samsung;Galaxy S Duos;Cámara trasera;Compatible;18,05;17,51;16,97;6
SA-SD-CFR-COM;Samsung;Galaxy S Duos;Cámara frontal;Compatible;10,85;10,52;10,20;6
SA-SD-LEN-COM;Samsung;Galaxy S Duos;Lente de cámara;Compatible;3,40;;;6
SA-SD-ALT-COM;Samsung;Galaxy S Duos;Altavoz;Compatible;5,80;;;6
SA-SD-AUR-COM;Samsung;Galaxy S Duos;Auricular de llamada;Compatible;4,19;;;6
SA-SD-FLX-COM;Samsung;Galaxy S Duos;Flex de encendido y volumen;Compatible;4,05;;;6
SA-SD-SIM-COM;Samsung;Galaxy S Duos;Bandeja SIM;Compatible;3,29;;;6
SA-SR4-PAN-ORI;Samsung;Galaxy S Relay 4G;Pantalla;Original con marco;109,05;105,78;102,51;12
SA-SR4-PAN-OLS;Samsung;Galaxy S Relay 4G;Pantalla;OLED Soft;64,55;62,61;60,68;6
SA-SR4-PAN-OLH;Samsung;Galaxy S Relay 4G;Pantalla;OLED Hard;60,50;58,68;56,87;6
SA-SR4-PAN-INC;Samsung;Galaxy S Relay 4G;Pantalla;Incell;31,75;30,80;29,85;6
SA-SR4-BAT-ORI;Samsung;Galaxy S Relay 4G;Batería;Original;23,89;23,17;22,46;12
SA-SR4-BAT-COM;Samsung;Galaxy S Relay 4G;Batería;Compatible;12,35;11,98;11,61;6
SA-SR4-CON-ORI;Samsung;Galaxy S Relay 4G;Conector de carga;Original;21,65;21,00;20,35;12
SA-SR4-CON-COM;Samsung;Galaxy S Relay 4G;Conector de carga;Compatible;9,40;;;6
SA-SR4-TAP-COM;Samsung;Galaxy S Relay 4G;Tapa trasera;Compatible;6,50;;;6
SA-SR4-CTR-COM;Samsung;Galaxy S Relay 4G;Cámara trasera;Compatible;18,05;17,51;16,97;6
SA-SR4-CFR-COM;Samsung;Galaxy S Relay 4G;Cámara frontal;Compatible;10,85;10,52;10,20;6
SA-SR4-LEN-COM;Samsung;Galaxy S Relay 4G;Lente de cámara;Compatible;3,40;;;6
SA-SR4-ALT-COM;Samsung;Galaxy S Relay 4G;Altavoz;Compatible;5,80;;;6
SA-SR4-AUR-COM;Samsung;Galaxy S Relay 4G;Auricular de llamada;Compatible;4,19;;;6
SA-SR4-FLX-COM;Samsung;Galaxy S Relay 4G;Flex de encendido y volumen;Compatible;4,05;;;6
SA-SR4-SIM-COM;Samsung;Galaxy S Relay 4G;Bandeja SIM;Compatible;3,29;;;6
SA-C-PAN-ORI;Samsung;Galaxy Chat;Pantalla;Original con marco;37,45;36,33;35,20;12
SA-C-PAN-COM;Samsung;Galaxy Chat;Pantalla;Compatible;17,05;16,54;16,03;6
SA-C-BAT-ORI;Samsung;Galaxy Chat;Batería;Original;21,70;21,05;20,40;12
SA-C-BAT-COM;Samsung;Galaxy Chat;Batería;Compatible;12,10;11,74;11,37;6
SA-C-CON-ORI;Samsung;Galaxy Chat;Conector de carga;Original;17,25;16,73;16,22;12
SA-C-CON-COM;Samsung;Galaxy Chat;Conector de carga;Compatible;6,95;;;6
SA-C-TAP-COM;Samsung;Galaxy Chat;Tapa trasera;Compatible;5,70;;;6
SA-C-CTR-COM;Samsung;Galaxy Chat;Cámara trasera;Compatible;10,59;10,27;9,95;6
SA-C-CFR-COM;Samsung;Galaxy Chat;Cámara frontal;Compatible;7,15;;;6
SA-C-LEN-COM;Samsung;Galaxy Chat;Lente de cámara;Compatible;2,49;;;6
SA-C-ALT-COM;Samsung;Galaxy Chat;Altavoz;Compatible;4,55;;;6
SA-C-AUR-COM;Samsung;Galaxy Chat;Auricular de llamada;Compatible;3,19;;;6
SA-C-FLX-COM;Samsung;Galaxy Chat;Flex de encendido y volumen;Compatible;2,85;;;6
SA-C-SIM-COM;Samsung;Galaxy Chat;Bandeja SIM;Compatible;2,89;;;6
SA-B-PAN-COM;Samsung;Galaxy Beam;Pantalla;Compatible;17,05;16,54;16,03;6
SA-B-BAT-ORI;Samsung;Galaxy Beam;Batería;Original;21,70;21,05;20,40;12
SA-B-BAT-COM;Samsung;Galaxy Beam;Batería;Compatible;12,10;11,74;11,37;6
SA-B-CON-ORI;Samsung;Galaxy Beam;Conector de carga;Original;17,25;16,73;16,22;12
SA-B-CON-COM;Samsung;Galaxy Beam;Conector de carga;Compatible;6,95;;;6
SA-B-TAP-COM;Samsung;Galaxy Beam;Tapa trasera;Compatible;5,70;;;6
SA-B-CTR-COM;Samsung;Galaxy Beam;Cámara trasera;Compatible;10,59;10,27;9,95;6
SA-B-CFR-COM;Samsung;Galaxy Beam;Cámara frontal;Compatible;7,15;;;6
SA-B-LEN-COM;Samsung;Galaxy Beam;Lente de cámara;Compatible;2,49;;;6
SA-B-ALT-COM;Samsung;Galaxy Beam;Altavoz;Compatible;4,55;;;6
SA-B-AUR-COM;Samsung;Galaxy Beam;Auricular de llamada;Compatible;3,19;;;6
SA-B-FLX-COM;Samsung;Galaxy Beam;Flex de encendido y volumen;Compatible;2,85;;;6
SA-B-SIM-COM;Samsung;Galaxy Beam;Bandeja SIM;Compatible;2,89;;;6
SA-BI8530-PAN-ORI;Samsung;Galaxy Beam i8530;Pantalla;Original con marco;37,45;36,33;35,20;12
SA-BI8530-PAN-COM;Samsung;Galaxy Beam i8530;Pantalla;Compatible;17,05;16,54;16,03;6
SA-BI8530-BAT-ORI;Samsung;Galaxy Beam i8530;Batería;Original;21,70;21,05;20,40;12
SA-BI8530-BAT-COM;Samsung;Galaxy Beam i8530;Batería;Compatible;12,10;11,74;11,37;6
SA-BI8530-CON-ORI;Samsung;Galaxy Beam i8530;Conector de carga;Original;17,25;16,73;16,22;12
SA-BI8530-CON-COM;Samsung;Galaxy Beam i8530;Conector de carga;Compatible;6,95;;;6
SA-BI8530-TAP-COM;Samsung;Galaxy Beam i8530;Tapa trasera;Compatible;5,70;;;6
SA-BI8530-CTR-COM;Samsung;Galaxy Beam i8530;Cámara trasera;Compatible;10,59;10,27;9,95;6
SA-BI8530-CFR-COM;Samsung;Galaxy Beam i8530;Cámara frontal;Compatible;7,15;;;6
SA-BI8530-LEN-COM;Samsung;Galaxy Beam i8530;Lente de cámara;Compatible;2,49;;;6
SA-BI8530-ALT-COM;Samsung;Galaxy Beam i8530;Altavoz;Compatible;4,55;;;6
SA-BI8530-AUR-COM;Samsung;Galaxy Beam i8530;Auricular de llamada;Compatible;3,19;;;6
SA-BI8530-FLX-COM;Samsung;Galaxy Beam i8530;Flex de encendido y volumen;Compatible;2,85;;;6
SA-BI8530-SIM-COM;Samsung;Galaxy Beam i8530;Bandeja SIM;Compatible;2,89;;;6
SA-OM-PAN-ORI;Samsung;Omnia M;Pantalla;Original con marco;52,60;51,02;49,44;12
SA-OM-PAN-INC;Samsung;Omnia M;Pantalla;Incell;20,50;19,88;19,27;6
SA-OM-BAT-ORI;Samsung;Omnia M;Batería;Original;21,70;21,05;20,40;12
SA-OM-BAT-COM;Samsung;Omnia M;Batería;Compatible;12,10;11,74;11,37;6
SA-OM-CON-ORI;Samsung;Omnia M;Conector de carga;Original;17,25;16,73;16,22;12
SA-OM-CON-COM;Samsung;Omnia M;Conector de carga;Compatible;6,95;;;6
SA-OM-TAP-COM;Samsung;Omnia M;Tapa trasera;Compatible;5,70;;;6
SA-OM-CTR-COM;Samsung;Omnia M;Cámara trasera;Compatible;10,59;10,27;9,95;6
SA-OM-CFR-COM;Samsung;Omnia M;Cámara frontal;Compatible;7,15;;;6
SA-OM-LEN-COM;Samsung;Omnia M;Lente de cámara;Compatible;2,49;;;6
SA-OM-ALT-COM;Samsung;Omnia M;Altavoz;Compatible;4,55;;;6
SA-OM-AUR-COM;Samsung;Omnia M;Auricular de llamada;Compatible;3,19;;;6
SA-OM-FLX-COM;Samsung;Omnia M;Flex de encendido y volumen;Compatible;2,85;;;6
SA-OM-SIM-COM;Samsung;Omnia M;Bandeja SIM;Compatible;2,89;;;6
SA-F2-PAN-ORI;Samsung;Focus 2;Pantalla;Original con marco;52,60;51,02;49,44;12
SA-F2-PAN-INC;Samsung;Focus 2;Pantalla;Incell;20,50;19,88;19,27;6
SA-F2-BAT-ORI;Samsung;Focus 2;Batería;Original;21,70;21,05;20,40;12
SA-F2-BAT-COM;Samsung;Focus 2;Batería;Compatible;12,10;11,74;11,37;6
SA-F2-CON-ORI;Samsung;Focus 2;Conector de carga;Original;17,25;16,73;16,22;12
SA-F2-CON-COM;Samsung;Focus 2;Conector de carga;Compatible;6,95;;;6
SA-F2-TAP-COM;Samsung;Focus 2;Tapa trasera;Compatible;5,70;;;6
SA-F2-CTR-COM;Samsung;Focus 2;Cámara trasera;Compatible;10,59;10,27;9,95;6
SA-F2-CFR-COM;Samsung;Focus 2;Cámara frontal;Compatible;7,15;;;6
SA-F2-LEN-COM;Samsung;Focus 2;Lente de cámara;Compatible;2,49;;;6
SA-F2-ALT-COM;Samsung;Focus 2;Altavoz;Compatible;4,55;;;6
SA-F2-AUR-COM;Samsung;Focus 2;Auricular de llamada;Compatible;3,19;;;6
SA-F2-FLX-COM;Samsung;Focus 2;Flex de encendido y volumen;Compatible;2,85;;;6
SA-F2-SIM-COM;Samsung;Focus 2;Bandeja SIM;Compatible;2,89;;;6
SA-ACE2-PAN-ORI;Samsung;Galaxy Ace 2;Pantalla;Original con marco;37,45;36,33;35,20;12
SA-ACE2-PAN-COM;Samsung;Galaxy Ace 2;Pantalla;Compatible;17,05;16,54;16,03;6
SA-ACE2-BAT-ORI;Samsung;Galaxy Ace 2;Batería;Original;21,70;21,05;20,40;12
SA-ACE2-BAT-COM;Samsung;Galaxy Ace 2;Batería;Compatible;12,10;11,74;11,37;6
SA-ACE2-CON-ORI;Samsung;Galaxy Ace 2;Conector de carga;Original;17,25;16,73;16,22;12
SA-ACE2-CON-COM;Samsung;Galaxy Ace 2;Conector de carga;Compatible;6,95;;;6
SA-ACE2-TAP-COM;Samsung;Galaxy Ace 2;Tapa trasera;Compatible;5,70;;;6
SA-ACE2-CTR-COM;Samsung;Galaxy Ace 2;Cámara trasera;Compatible;10,59;10,27;9,95;6
SA-ACE2-CFR-COM;Samsung;Galaxy Ace 2;Cámara frontal;Compatible;7,15;;;6
SA-ACE2-LEN-COM;Samsung;Galaxy Ace 2;Lente de cámara;Compatible;2,49;;;6
SA-ACE2-ALT-COM;Samsung;Galaxy Ace 2;Altavoz;Compatible;4,55;;;6
SA-ACE2-AUR-COM;Samsung;Galaxy Ace 2;Auricular de llamada;Compatible;3,19;;;6
SA-ACE2-FLX-COM;Samsung;Galaxy Ace 2;Flex de encendido y volumen;Compatible;2,85;;;6
SA-ACE2-SIM-COM;Samsung;Galaxy Ace 2;Bandeja SIM;Compatible;2,89;;;6
SA-RS-PAN-ORI;Samsung;Galaxy R Style;Pantalla;Original con marco;52,60;51,02;49,44;12
SA-RS-PAN-INC;Samsung;Galaxy R Style;Pantalla;Incell;20,50;19,88;19,27;6
SA-RS-BAT-ORI;Samsung;Galaxy R Style;Batería;Original;21,70;21,05;20,40;12
SA-RS-BAT-COM;Samsung;Galaxy R Style;Batería;Compatible;12,10;11,74;11,37;6
SA-RS-CON-ORI;Samsung;Galaxy R Style;Conector de carga;Original;17,25;16,73;16,22;12
SA-RS-CON-COM;Samsung;Galaxy R Style;Conector de carga;Compatible;6,95;;;6
SA-RS-TAP-COM;Samsung;Galaxy R Style;Tapa trasera;Compatible;5,70;;;6
SA-RS-CTR-COM;Samsung;Galaxy R Style;Cámara trasera;Compatible;10,59;10,27;9,95;6
SA-RS-CFR-COM;Samsung;Galaxy R Style;Cámara frontal;Compatible;7,15;;;6
SA-RS-LEN-COM;Samsung;Galaxy R Style;Lente de cámara;Compatible;2,49;;;6
SA-RS-ALT-COM;Samsung;Galaxy R Style;Altavoz;Compatible;4,55;;;6
SA-RS-AUR-COM;Samsung;Galaxy R Style;Auricular de llamada;Compatible;3,19;;;6
SA-RS-FLX-COM;Samsung;Galaxy R Style;Flex de encendido y volumen;Compatible;2,85;;;6
SA-RS-SIM-COM;Samsung;Galaxy R Style;Bandeja SIM;Compatible;2,89;;;6
SA-SIII-PAN-ORI;Samsung;Galaxy S III;Pantalla;Original con marco;109,05;105,78;102,51;12
SA-SIII-PAN-OLS;Samsung;Galaxy S III;Pantalla;OLED Soft;64,55;62,61;60,68;6
SA-SIII-PAN-OLH;Samsung;Galaxy S III;Pantalla;OLED Hard;60,50;58,68;56,87;6
SA-SIII-PAN-INC;Samsung;Galaxy S III;Pantalla;Incell;31,75;30,80;29,85;6
SA-SIII-BAT-ORI;Samsung;Galaxy S III;Batería;Original;23,89;23,17;22,46;12
SA-SIII-BAT-COM;Samsung;Galaxy S III;Batería;Compatible;12,35;11,98;11,61;6
SA-SIII-CON-ORI;Samsung;Galaxy S III;Conector de carga;Original;21,65;21,00;20,35;12
SA-SIII-CON-COM;Samsung;Galaxy S III;Conector de carga;Compatible;9,40;;;6
SA-SIII-TAP-COM;Samsung;Galaxy S III;Tapa trasera;Compatible;6,50;;;6
SA-SIII-CTR-COM;Samsung;Galaxy S III;Cámara trasera;Compatible;18,05;17,51;16,97;6
SA-SIII-CFR-COM;Samsung;Galaxy S III;Cámara frontal;Compatible;10,85;10,52;10,20;6
SA-SIII-LEN-COM;Samsung;Galaxy S III;Lente de cámara;Compatible;3,40;;;6
SA-SIII-ALT-COM;Samsung;Galaxy S III;Altavoz;Compatible;5,80;;;6
SA-SIII-AUR-COM;Samsung;Galaxy S III;Auricular de llamada;Compatible;4,19;;;6
SA-SIII-FLX-COM;Samsung;Galaxy S III;Flex de encendido y volumen;Compatible;4,05;;;6
SA-SIII-SIM-COM;Samsung;Galaxy S III;Bandeja SIM;Compatible;3,29;;;6
SA-PK-PAN-ORI;Samsung;Galaxy Pocket;Pantalla;Original con marco;37,45;36,33;35,20;12
SA-PK-PAN-COM;Samsung;Galaxy Pocket;Pantalla;Compatible;17,05;16,54;16,03;6
SA-PK-BAT-ORI;Samsung;Galaxy Pocket;Batería;Original;21,70;21,05;20,40;12
SA-PK-BAT-COM;Samsung;Galaxy Pocket;Batería;Compatible;12,10;11,74;11,37;6
SA-PK-CON-ORI;Samsung;Galaxy Pocket;Conector de carga;Original;17,25;16,73;16,22;12
SA-PK-CON-COM;Samsung;Galaxy Pocket;Conector de carga;Compatible;6,95;;;6
SA-PK-TAP-COM;Samsung;Galaxy Pocket;Tapa trasera;Compatible;5,70;;;6
SA-PK-CTR-COM;Samsung;Galaxy Pocket;Cámara trasera;Compatible;10,59;10,27;9,95;6
SA-PK-CFR-COM;Samsung;Galaxy Pocket;Cámara frontal;Compatible;7,15;;;6
SA-PK-LEN-COM;Samsung;Galaxy Pocket;Lente de cámara;Compatible;2,49;;;6
SA-PK-ALT-COM;Samsung;Galaxy Pocket;Altavoz;Compatible;4,55;;;6
SA-PK-AUR-COM;Samsung;Galaxy Pocket;Auricular de llamada;Compatible;3,19;;;6
SA-PK-FLX-COM;Samsung;Galaxy Pocket;Flex de encendido y volumen;Compatible;2,85;;;6
SA-PK-SIM-COM;Samsung;Galaxy Pocket;Bandeja SIM;Compatible;2,89;;;6
SA-SA-PAN-ORI;Samsung;Galaxy S Advance;Pantalla;Original con marco;109,05;105,78;102,51;12
SA-SA-PAN-OLS;Samsung;Galaxy S Advance;Pantalla;OLED Soft;64,55;62,61;60,68;6
SA-SA-PAN-OLH;Samsung;Galaxy S Advance;Pantalla;OLED Hard;60,50;58,68;56,87;6
SA-SA-PAN-INC;Samsung;Galaxy S Advance;Pantalla;Incell;31,75;30,80;29,85;6
SA-SA-BAT-ORI;Samsung;Galaxy S Advance;Batería;Original;23,89;23,17;22,46;12
SA-SA-BAT-COM;Samsung;Galaxy S Advance;Batería;Compatible;12,35;11,98;11,61;6
SA-SA-CON-ORI;Samsung;Galaxy S Advance;Conector de carga;Original;21,65;21,00;20,35;12
SA-SA-CON-COM;Samsung;Galaxy S Advance;Conector de carga;Compatible;9,40;;;6
SA-SA-TAP-COM;Samsung;Galaxy S Advance;Tapa trasera;Compatible;6,50;;;6
SA-SA-CTR-COM;Samsung;Galaxy S Advance;Cámara trasera;Compatible;18,05;17,51;16,97;6
SA-SA-CFR-COM;Samsung;Galaxy S Advance;Cámara frontal;Compatible;10,85;10,52;10,20;6
SA-SA-LEN-COM;Samsung;Galaxy S Advance;Lente de cámara;Compatible;3,40;;;6
SA-SA-ALT-COM;Samsung;Galaxy S Advance;Altavoz;Compatible;5,80;;;6
SA-SA-AUR-COM;Samsung;Galaxy S Advance;Auricular de llamada;Compatible;4,19;;;6
SA-SA-FLX-COM;Samsung;Galaxy S Advance;Flex de encendido y volumen;Compatible;4,05;;;6
SA-SA-SIM-COM;Samsung;Galaxy S Advance;Bandeja SIM;Compatible;3,29;;;6
SA-I847RS-PAN-COM;Samsung;i847 Rugby Smart;Pantalla;Compatible;17,05;16,54;16,03;6
SA-I847RS-BAT-ORI;Samsung;i847 Rugby Smart;Batería;Original;21,70;21,05;20,40;12
SA-I847RS-BAT-COM;Samsung;i847 Rugby Smart;Batería;Compatible;12,10;11,74;11,37;6
SA-I847RS-CON-ORI;Samsung;i847 Rugby Smart;Conector de carga;Original;17,25;16,73;16,22;12
SA-I847RS-CON-COM;Samsung;i847 Rugby Smart;Conector de carga;Compatible;6,95;;;6
SA-I847RS-TAP-COM;Samsung;i847 Rugby Smart;Tapa trasera;Compatible;5,70;;;6
SA-I847RS-CTR-COM;Samsung;i847 Rugby Smart;Cámara trasera;Compatible;10,59;10,27;9,95;6
SA-I847RS-CFR-COM;Samsung;i847 Rugby Smart;Cámara frontal;Compatible;7,15;;;6
SA-I847RS-LEN-COM;Samsung;i847 Rugby Smart;Lente de cámara;Compatible;2,49;;;6
SA-I847RS-ALT-COM;Samsung;i847 Rugby Smart;Altavoz;Compatible;4,55;;;6
SA-I847RS-AUR-COM;Samsung;i847 Rugby Smart;Auricular de llamada;Compatible;3,19;;;6
SA-I847RS-FLX-COM;Samsung;i847 Rugby Smart;Flex de encendido y volumen;Compatible;2,85;;;6
SA-I847RS-SIM-COM;Samsung;i847 Rugby Smart;Bandeja SIM;Compatible;2,89;;;6
SA-MN2-PAN-ORI;Samsung;Galaxy Mini 2;Pantalla;Original con marco;37,45;36,33;35,20;12
SA-MN2-PAN-COM;Samsung;Galaxy Mini 2;Pantalla;Compatible;17,05;16,54;16,03;6
SA-MN2-BAT-ORI;Samsung;Galaxy Mini 2;Batería;Original;21,70;21,05;20,40;12
SA-MN2-BAT-COM;Samsung;Galaxy Mini 2;Batería;Compatible;12,10;11,74;11,37;6
SA-MN2-CON-ORI;Samsung;Galaxy Mini 2;Conector de carga;Original;17,25;16,73;16,22;12
SA-MN2-CON-COM;Samsung;Galaxy Mini 2;Conector de carga;Compatible;6,95;;;6
SA-MN2-TAP-COM;Samsung;Galaxy Mini 2;Tapa trasera;Compatible;5,70;;;6
SA-MN2-CTR-COM;Samsung;Galaxy Mini 2;Cámara trasera;Compatible;10,59;10,27;9,95;6
SA-MN2-CFR-COM;Samsung;Galaxy Mini 2;Cámara frontal;Compatible;7,15;;;6
SA-MN2-LEN-COM;Samsung;Galaxy Mini 2;Lente de cámara;Compatible;2,49;;;6
SA-MN2-ALT-COM;Samsung;Galaxy Mini 2;Altavoz;Compatible;4,55;;;6
SA-MN2-AUR-COM;Samsung;Galaxy Mini 2;Auricular de llamada;Compatible;3,19;;;6
SA-MN2-FLX-COM;Samsung;Galaxy Mini 2;Flex de encendido y volumen;Compatible;2,85;;;6
SA-MN2-SIM-COM;Samsung;Galaxy Mini 2;Bandeja SIM;Compatible;2,89;;;6
SA-ACEPL-PAN-ORI;Samsung;Galaxy Ace Plus;Pantalla;Original con marco;37,45;36,33;35,20;12
SA-ACEPL-PAN-COM;Samsung;Galaxy Ace Plus;Pantalla;Compatible;17,05;16,54;16,03;6
SA-ACEPL-BAT-ORI;Samsung;Galaxy Ace Plus;Batería;Original;21,70;21,05;20,40;12
SA-ACEPL-BAT-COM;Samsung;Galaxy Ace Plus;Batería;Compatible;12,10;11,74;11,37;6
SA-ACEPL-CON-ORI;Samsung;Galaxy Ace Plus;Conector de carga;Original;17,25;16,73;16,22;12
SA-ACEPL-CON-COM;Samsung;Galaxy Ace Plus;Conector de carga;Compatible;6,95;;;6
SA-ACEPL-TAP-COM;Samsung;Galaxy Ace Plus;Tapa trasera;Compatible;5,70;;;6
SA-ACEPL-CTR-COM;Samsung;Galaxy Ace Plus;Cámara trasera;Compatible;10,59;10,27;9,95;6
SA-ACEPL-CFR-COM;Samsung;Galaxy Ace Plus;Cámara frontal;Compatible;7,15;;;6
SA-ACEPL-LEN-COM;Samsung;Galaxy Ace Plus;Lente de cámara;Compatible;2,49;;;6
SA-ACEPL-ALT-COM;Samsung;Galaxy Ace Plus;Altavoz;Compatible;4,55;;;6
SA-ACEPL-AUR-COM;Samsung;Galaxy Ace Plus;Auricular de llamada;Compatible;3,19;;;6
SA-ACEPL-FLX-COM;Samsung;Galaxy Ace Plus;Flex de encendido y volumen;Compatible;2,85;;;6
SA-ACEPL-SIM-COM;Samsung;Galaxy Ace Plus;Bandeja SIM;Compatible;2,89;;;6
SA-SIIW-PAN-COM;Samsung;Galaxy S II WiMAX;Pantalla;Compatible;26,40;25,61;24,82;6
SA-SIIW-BAT-ORI;Samsung;Galaxy S II WiMAX;Batería;Original;23,89;23,17;22,46;12
SA-SIIW-BAT-COM;Samsung;Galaxy S II WiMAX;Batería;Compatible;12,35;11,98;11,61;6
SA-SIIW-CON-ORI;Samsung;Galaxy S II WiMAX;Conector de carga;Original;21,65;21,00;20,35;12
SA-SIIW-CON-COM;Samsung;Galaxy S II WiMAX;Conector de carga;Compatible;9,40;;;6
SA-SIIW-TAP-COM;Samsung;Galaxy S II WiMAX;Tapa trasera;Compatible;6,50;;;6
SA-SIIW-CTR-COM;Samsung;Galaxy S II WiMAX;Cámara trasera;Compatible;18,05;17,51;16,97;6
SA-SIIW-CFR-COM;Samsung;Galaxy S II WiMAX;Cámara frontal;Compatible;10,85;10,52;10,20;6
SA-SIIW-LEN-COM;Samsung;Galaxy S II WiMAX;Lente de cámara;Compatible;3,40;;;6
SA-SIIW-ALT-COM;Samsung;Galaxy S II WiMAX;Altavoz;Compatible;5,80;;;6
SA-SIIW-AUR-COM;Samsung;Galaxy S II WiMAX;Auricular de llamada;Compatible;4,19;;;6
SA-SIIW-FLX-COM;Samsung;Galaxy S II WiMAX;Flex de encendido y volumen;Compatible;4,05;;;6
SA-SIIW-SIM-COM;Samsung;Galaxy S II WiMAX;Bandeja SIM;Compatible;3,29;;;6
SA-YD-PAN-ORI;Samsung;Galaxy Y DUOS;Pantalla;Original con marco;37,45;36,33;35,20;12
SA-YD-PAN-COM;Samsung;Galaxy Y DUOS;Pantalla;Compatible;17,05;16,54;16,03;6
SA-YD-BAT-ORI;Samsung;Galaxy Y DUOS;Batería;Original;21,70;21,05;20,40;12
SA-YD-BAT-COM;Samsung;Galaxy Y DUOS;Batería;Compatible;12,10;11,74;11,37;6
SA-YD-CON-ORI;Samsung;Galaxy Y DUOS;Conector de carga;Original;17,25;16,73;16,22;12
SA-YD-CON-COM;Samsung;Galaxy Y DUOS;Conector de carga;Compatible;6,95;;;6
SA-YD-TAP-COM;Samsung;Galaxy Y DUOS;Tapa trasera;Compatible;5,70;;;6
SA-YD-CTR-COM;Samsung;Galaxy Y DUOS;Cámara trasera;Compatible;10,59;10,27;9,95;6
SA-YD-CFR-COM;Samsung;Galaxy Y DUOS;Cámara frontal;Compatible;7,15;;;6
SA-YD-LEN-COM;Samsung;Galaxy Y DUOS;Lente de cámara;Compatible;2,49;;;6
SA-YD-ALT-COM;Samsung;Galaxy Y DUOS;Altavoz;Compatible;4,55;;;6
SA-YD-AUR-COM;Samsung;Galaxy Y DUOS;Auricular de llamada;Compatible;3,19;;;6
SA-YD-FLX-COM;Samsung;Galaxy Y DUOS;Flex de encendido y volumen;Compatible;2,85;;;6
SA-YD-SIM-COM;Samsung;Galaxy Y DUOS;Bandeja SIM;Compatible;2,89;;;6
SA-YPD-PAN-ORI;Samsung;Galaxy Y Pro DUOS;Pantalla;Original con marco;37,45;36,33;35,20;12
SA-YPD-PAN-COM;Samsung;Galaxy Y Pro DUOS;Pantalla;Compatible;17,05;16,54;16,03;6
SA-YPD-BAT-ORI;Samsung;Galaxy Y Pro DUOS;Batería;Original;21,70;21,05;20,40;12
SA-YPD-BAT-COM;Samsung;Galaxy Y Pro DUOS;Batería;Compatible;12,10;11,74;11,37;6
SA-YPD-CON-ORI;Samsung;Galaxy Y Pro DUOS;Conector de carga;Original;17,25;16,73;16,22;12
SA-YPD-CON-COM;Samsung;Galaxy Y Pro DUOS;Conector de carga;Compatible;6,95;;;6
SA-YPD-TAP-COM;Samsung;Galaxy Y Pro DUOS;Tapa trasera;Compatible;5,70;;;6
SA-YPD-CTR-COM;Samsung;Galaxy Y Pro DUOS;Cámara trasera;Compatible;10,59;10,27;9,95;6
SA-YPD-CFR-COM;Samsung;Galaxy Y Pro DUOS;Cámara frontal;Compatible;7,15;;;6
SA-YPD-LEN-COM;Samsung;Galaxy Y Pro DUOS;Lente de cámara;Compatible;2,49;;;6
SA-YPD-ALT-COM;Samsung;Galaxy Y Pro DUOS;Altavoz;Compatible;4,55;;;6
SA-YPD-AUR-COM;Samsung;Galaxy Y Pro DUOS;Auricular de llamada;Compatible;3,19;;;6
SA-YPD-FLX-COM;Samsung;Galaxy Y Pro DUOS;Flex de encendido y volumen;Compatible;2,85;;;6
SA-YPD-SIM-COM;Samsung;Galaxy Y Pro DUOS;Bandeja SIM;Compatible;2,89;;;6
SA-A40S-PAN-COM;Samsung;Galaxy A40s;Pantalla;Compatible;16,85;16,34;15,84;6
SA-A40S-BAT-ORI;Samsung;Galaxy A40s;Batería;Original;22,05;21,39;20,73;12
SA-A40S-BAT-COM;Samsung;Galaxy A40s;Batería;Compatible;12,15;11,79;11,42;6
SA-A40S-CON-ORI;Samsung;Galaxy A40s;Conector de carga;Original;17,25;16,73;16,22;12
SA-A40S-CON-COM;Samsung;Galaxy A40s;Conector de carga;Compatible;7,20;;;6
SA-A40S-TAP-COM;Samsung;Galaxy A40s;Tapa trasera;Compatible;5,25;;;6
SA-A40S-CTR-COM;Samsung;Galaxy A40s;Cámara trasera;Compatible;10,49;10,18;9,86;6
SA-A40S-CFR-COM;Samsung;Galaxy A40s;Cámara frontal;Compatible;7,60;;;6
SA-A40S-LEN-COM;Samsung;Galaxy A40s;Lente de cámara;Compatible;2,35;;;6
SA-A40S-ALT-COM;Samsung;Galaxy A40s;Altavoz;Compatible;4,40;;;6
SA-A40S-AUR-COM;Samsung;Galaxy A40s;Auricular de llamada;Compatible;3,20;;;6
SA-A40S-FLX-COM;Samsung;Galaxy A40s;Flex de encendido y volumen;Compatible;2,69;;;6
SA-A40S-SIM-COM;Samsung;Galaxy A40s;Bandeja SIM;Compatible;2,85;;;6
SA-ACE4L-PAN-COM;Samsung;Galaxy Ace 4 Lite;Pantalla;Compatible;17,05;16,54;16,03;6
SA-ACE4L-BAT-ORI;Samsung;Galaxy Ace 4 Lite;Batería;Original;21,70;21,05;20,40;12
SA-ACE4L-BAT-COM;Samsung;Galaxy Ace 4 Lite;Batería;Compatible;12,10;11,74;11,37;6
SA-ACE4L-CON-ORI;Samsung;Galaxy Ace 4 Lite;Conector de carga;Original;17,25;16,73;16,22;12
SA-ACE4L-CON-COM;Samsung;Galaxy Ace 4 Lite;Conector de carga;Compatible;6,95;;;6
SA-ACE4L-TAP-COM;Samsung;Galaxy Ace 4 Lite;Tapa trasera;Compatible;5,70;;;6
SA-ACE4L-CTR-COM;Samsung;Galaxy Ace 4 Lite;Cámara trasera;Compatible;10,59;10,27;9,95;6
SA-ACE4L-CFR-COM;Samsung;Galaxy Ace 4 Lite;Cámara frontal;Compatible;7,15;;;6
SA-ACE4L-LEN-COM;Samsung;Galaxy Ace 4 Lite;Lente de cámara;Compatible;2,49;;;6
SA-ACE4L-ALT-COM;Samsung;Galaxy Ace 4 Lite;Altavoz;Compatible;4,55;;;6
SA-ACE4L-AUR-COM;Samsung;Galaxy Ace 4 Lite;Auricular de llamada;Compatible;3,19;;;6
SA-ACE4L-FLX-COM;Samsung;Galaxy Ace 4 Lite;Flex de encendido y volumen;Compatible;2,85;;;6
SA-ACE4L-SIM-COM;Samsung;Galaxy Ace 4 Lite;Bandeja SIM;Compatible;2,89;;;6
SA-G316-PAN-COM;Samsung;Galaxy Ace 4 Neo;Pantalla;Compatible;17,05;16,54;16,03;6
SA-G316-BAT-ORI;Samsung;Galaxy Ace 4 Neo;Batería;Original;21,70;21,05;20,40;12
SA-G316-BAT-COM;Samsung;Galaxy Ace 4 Neo;Batería;Compatible;12,10;11,74;11,37;6
SA-G316-CON-ORI;Samsung;Galaxy Ace 4 Neo;Conector de carga;Original;17,25;16,73;16,22;12
SA-G316-CON-COM;Samsung;Galaxy Ace 4 Neo;Conector de carga;Compatible;6,95;;;6
SA-G316-TAP-COM;Samsung;Galaxy Ace 4 Neo;Tapa trasera;Compatible;5,70;;;6
SA-G316-CTR-COM;Samsung;Galaxy Ace 4 Neo;Cámara trasera;Compatible;10,59;10,27;9,95;6
SA-G316-CFR-COM;Samsung;Galaxy Ace 4 Neo;Cámara frontal;Compatible;7,15;;;6
SA-G316-LEN-COM;Samsung;Galaxy Ace 4 Neo;Lente de cámara;Compatible;2,49;;;6
SA-G316-ALT-COM;Samsung;Galaxy Ace 4 Neo;Altavoz;Compatible;4,55;;;6
SA-G316-AUR-COM;Samsung;Galaxy Ace 4 Neo;Auricular de llamada;Compatible;3,19;;;6
SA-G316-FLX-COM;Samsung;Galaxy Ace 4 Neo;Flex de encendido y volumen;Compatible;2,85;;;6
SA-G316-SIM-COM;Samsung;Galaxy Ace 4 Neo;Bandeja SIM;Compatible;2,89;;;6
SA-T2-PAN-COM;Samsung;Galaxy Trend 2;Pantalla;Compatible;17,05;16,54;16,03;6
SA-T2-BAT-ORI;Samsung;Galaxy Trend 2;Batería;Original;21,70;21,05;20,40;12
SA-T2-BAT-COM;Samsung;Galaxy Trend 2;Batería;Compatible;12,10;11,74;11,37;6
SA-T2-CON-ORI;Samsung;Galaxy Trend 2;Conector de carga;Original;17,25;16,73;16,22;12
SA-T2-CON-COM;Samsung;Galaxy Trend 2;Conector de carga;Compatible;6,95;;;6
SA-T2-TAP-COM;Samsung;Galaxy Trend 2;Tapa trasera;Compatible;5,70;;;6
SA-T2-CTR-COM;Samsung;Galaxy Trend 2;Cámara trasera;Compatible;10,59;10,27;9,95;6
SA-T2-CFR-COM;Samsung;Galaxy Trend 2;Cámara frontal;Compatible;7,15;;;6
SA-T2-LEN-COM;Samsung;Galaxy Trend 2;Lente de cámara;Compatible;2,49;;;6
SA-T2-ALT-COM;Samsung;Galaxy Trend 2;Altavoz;Compatible;4,55;;;6
SA-T2-AUR-COM;Samsung;Galaxy Trend 2;Auricular de llamada;Compatible;3,19;;;6
SA-T2-FLX-COM;Samsung;Galaxy Trend 2;Flex de encendido y volumen;Compatible;2,85;;;6
SA-T2-SIM-COM;Samsung;Galaxy Trend 2;Bandeja SIM;Compatible;2,89;;;6
SA-Y2P-PAN-COM;Samsung;Galaxy Young 2 Pro;Pantalla;Compatible;17,05;16,54;16,03;6
SA-Y2P-BAT-ORI;Samsung;Galaxy Young 2 Pro;Batería;Original;21,70;21,05;20,40;12
SA-Y2P-BAT-COM;Samsung;Galaxy Young 2 Pro;Batería;Compatible;12,10;11,74;11,37;6
SA-Y2P-CON-ORI;Samsung;Galaxy Young 2 Pro;Conector de carga;Original;17,25;16,73;16,22;12
SA-Y2P-CON-COM;Samsung;Galaxy Young 2 Pro;Conector de carga;Compatible;6,95;;;6
SA-Y2P-TAP-COM;Samsung;Galaxy Young 2 Pro;Tapa trasera;Compatible;5,70;;;6
SA-Y2P-CTR-COM;Samsung;Galaxy Young 2 Pro;Cámara trasera;Compatible;10,59;10,27;9,95;6
SA-Y2P-CFR-COM;Samsung;Galaxy Young 2 Pro;Cámara frontal;Compatible;7,15;;;6
SA-Y2P-LEN-COM;Samsung;Galaxy Young 2 Pro;Lente de cámara;Compatible;2,49;;;6
SA-Y2P-ALT-COM;Samsung;Galaxy Young 2 Pro;Altavoz;Compatible;4,55;;;6
SA-Y2P-AUR-COM;Samsung;Galaxy Young 2 Pro;Auricular de llamada;Compatible;3,19;;;6
SA-Y2P-FLX-COM;Samsung;Galaxy Young 2 Pro;Flex de encendido y volumen;Compatible;2,85;;;6
SA-Y2P-SIM-COM;Samsung;Galaxy Young 2 Pro;Bandeja SIM;Compatible;2,89;;;6
SA-G920-PAN-ORI;Samsung;Galaxy S6;Pantalla;Original con marco;109,05;105,78;102,51;12
SA-G920-PAN-OLS;Samsung;Galaxy S6;Pantalla;OLED Soft;64,55;62,61;60,68;6
SA-G920-PAN-OLH;Samsung;Galaxy S6;Pantalla;OLED Hard;60,50;58,68;56,87;6
SA-G920-PAN-INC;Samsung;Galaxy S6;Pantalla;Incell;24,00;23,28;22,56;6
SA-G920-BAT-ORI;Samsung;Galaxy S6;Batería;Original;23,89;23,17;22,46;12
SA-G920-BAT-COM;Samsung;Galaxy S6;Batería;Compatible;12,35;11,98;11,61;6
SA-G920-CON-ORI;Samsung;Galaxy S6;Conector de carga;Original;21,65;21,00;20,35;12
SA-G920-CON-COM;Samsung;Galaxy S6;Conector de carga;Compatible;9,40;;;6
SA-G920-TAP-COM-BLA;Samsung;Galaxy S6;Tapa trasera;Blanco (White Pearl);6,50;;;6
SA-G920-TAP-COM-NEG;Samsung;Galaxy S6;Tapa trasera;Negro (Black Sapphire);6,50;;;6
SA-G920-TAP-COM-DOR;Samsung;Galaxy S6;Tapa trasera;Dorado (Gold Platinum);6,50;;;6
SA-G920-TAP-COM-AZU;Samsung;Galaxy S6;Tapa trasera;Azul (Blue Topaz);6,50;;;6
SA-G920-CTR-COM;Samsung;Galaxy S6;Cámara trasera;Compatible;18,05;17,51;16,97;6
SA-G920-CFR-COM;Samsung;Galaxy S6;Cámara frontal;Compatible;10,85;10,52;10,20;6
SA-G920-LEN-COM;Samsung;Galaxy S6;Lente de cámara;Compatible;3,40;;;6
SA-G920-ALT-COM;Samsung;Galaxy S6;Altavoz;Compatible;5,80;;;6
SA-G920-AUR-COM;Samsung;Galaxy S6;Auricular de llamada;Compatible;4,19;;;6
SA-G920-FLX-COM;Samsung;Galaxy S6;Flex de encendido y volumen;Compatible;4,05;;;6
SA-G920-SIM-COM;Samsung;Galaxy S6;Bandeja SIM;Compatible;3,29;;;6
SA-G925-PAN-ORI;Samsung;Galaxy S6 edge;Pantalla;Original con marco;109,05;105,78;102,51;12
SA-G925-PAN-OLS;Samsung;Galaxy S6 edge;Pantalla;OLED Soft;64,55;62,61;60,68;6
SA-G925-PAN-OLH;Samsung;Galaxy S6 edge;Pantalla;OLED Hard;60,50;58,68;56,87;6
SA-G925-PAN-INC;Samsung;Galaxy S6 edge;Pantalla;Incell;31,75;30,80;29,85;6
SA-G925-BAT-ORI;Samsung;Galaxy S6 edge;Batería;Original;23,89;23,17;22,46;12
SA-G925-BAT-COM;Samsung;Galaxy S6 edge;Batería;Compatible;12,35;11,98;11,61;6
SA-G925-CON-ORI;Samsung;Galaxy S6 edge;Conector de carga;Original;21,65;21,00;20,35;12
SA-G925-CON-COM;Samsung;Galaxy S6 edge;Conector de carga;Compatible;9,40;;;6
SA-G925-TAP-COM-BLA;Samsung;Galaxy S6 edge;Tapa trasera;Blanco (White Pearl);6,50;;;6
SA-G925-TAP-COM-NEG;Samsung;Galaxy S6 edge;Tapa trasera;Negro (Black Sapphire);6,50;;;6
SA-G925-TAP-COM-DOR;Samsung;Galaxy S6 edge;Tapa trasera;Dorado (Gold Platinum);6,50;;;6
SA-G925-TAP-COM-VER;Samsung;Galaxy S6 edge;Tapa trasera;Verde (Green Emerald);6,50;;;6
SA-G925-CTR-COM;Samsung;Galaxy S6 edge;Cámara trasera;Compatible;18,05;17,51;16,97;6
SA-G925-CFR-COM;Samsung;Galaxy S6 edge;Cámara frontal;Compatible;10,85;10,52;10,20;6
SA-G925-LEN-COM;Samsung;Galaxy S6 edge;Lente de cámara;Compatible;3,40;;;6
SA-G925-ALT-COM;Samsung;Galaxy S6 edge;Altavoz;Compatible;5,80;;;6
SA-G925-AUR-COM;Samsung;Galaxy S6 edge;Auricular de llamada;Compatible;4,19;;;6
SA-G925-FLX-COM;Samsung;Galaxy S6 edge;Flex de encendido y volumen;Compatible;4,05;;;6
SA-G925-SIM-COM;Samsung;Galaxy S6 edge;Bandeja SIM;Compatible;3,29;;;6
SA-G928-PAN-ORI;Samsung;Galaxy S6 edge+;Pantalla;Original con marco;109,05;105,78;102,51;12
SA-G928-PAN-OLS;Samsung;Galaxy S6 edge+;Pantalla;OLED Soft;64,55;62,61;60,68;6
SA-G928-PAN-OLH;Samsung;Galaxy S6 edge+;Pantalla;OLED Hard;60,50;58,68;56,87;6
SA-G928-PAN-INC;Samsung;Galaxy S6 edge+;Pantalla;Incell;31,75;30,80;29,85;6
SA-G928-BAT-ORI;Samsung;Galaxy S6 edge+;Batería;Original;23,89;23,17;22,46;12
SA-G928-BAT-COM;Samsung;Galaxy S6 edge+;Batería;Compatible;12,35;11,98;11,61;6
SA-G928-CON-ORI;Samsung;Galaxy S6 edge+;Conector de carga;Original;21,65;21,00;20,35;12
SA-G928-CON-COM;Samsung;Galaxy S6 edge+;Conector de carga;Compatible;9,40;;;6
SA-G928-TAP-COM-BLA;Samsung;Galaxy S6 edge+;Tapa trasera;Blanco (White Pearl);6,50;;;6
SA-G928-TAP-COM-NEG;Samsung;Galaxy S6 edge+;Tapa trasera;Negro (Black Sapphire);6,50;;;6
SA-G928-TAP-COM-DOR;Samsung;Galaxy S6 edge+;Tapa trasera;Dorado (Gold Platinum);6,50;;;6
SA-G928-TAP-COM-TIT;Samsung;Galaxy S6 edge+;Tapa trasera;Titanio (Silver Titanium);6,50;;;6
SA-G928-CTR-COM;Samsung;Galaxy S6 edge+;Cámara trasera;Compatible;18,05;17,51;16,97;6
SA-G928-CFR-COM;Samsung;Galaxy S6 edge+;Cámara frontal;Compatible;10,85;10,52;10,20;6
SA-G928-LEN-COM;Samsung;Galaxy S6 edge+;Lente de cámara;Compatible;3,40;;;6
SA-G928-ALT-COM;Samsung;Galaxy S6 edge+;Altavoz;Compatible;5,80;;;6
SA-G928-AUR-COM;Samsung;Galaxy S6 edge+;Auricular de llamada;Compatible;4,19;;;6
SA-G928-FLX-COM;Samsung;Galaxy S6 edge+;Flex de encendido y volumen;Compatible;4,05;;;6
SA-G928-SIM-COM;Samsung;Galaxy S6 edge+;Bandeja SIM;Compatible;3,29;;;6
SA-A310-PAN-ORI;Samsung;Galaxy A3 2016;Pantalla;Original con marco;50,20;48,69;47,19;12
SA-A310-PAN-OLS;Samsung;Galaxy A3 2016;Pantalla;OLED Soft;41,15;39,92;38,68;6
SA-A310-PAN-OLH;Samsung;Galaxy A3 2016;Pantalla;OLED Hard;38,59;37,43;36,27;6
SA-A310-PAN-INC;Samsung;Galaxy A3 2016;Pantalla;Incell;20,25;19,64;19,04;6
SA-A310-BAT-ORI;Samsung;Galaxy A3 2016;Batería;Original;22,05;21,39;20,73;12
SA-A310-BAT-COM;Samsung;Galaxy A3 2016;Batería;Compatible;12,15;11,79;11,42;6
SA-A310-CON-ORI;Samsung;Galaxy A3 2016;Conector de carga;Original;17,25;16,73;16,22;12
SA-A310-CON-COM;Samsung;Galaxy A3 2016;Conector de carga;Compatible;7,20;;;6
SA-A310-TAP-COM-NEG;Samsung;Galaxy A3 2016;Tapa trasera;Negro;5,25;;;6
SA-A310-TAP-COM-DOR;Samsung;Galaxy A3 2016;Tapa trasera;Dorado;5,25;;;6
SA-A310-TAP-COM-ORO;Samsung;Galaxy A3 2016;Tapa trasera;Oro rosa;5,25;;;6
SA-A310-TAP-COM-BLA;Samsung;Galaxy A3 2016;Tapa trasera;Blanco;5,25;;;6
SA-A310-CTR-COM;Samsung;Galaxy A3 2016;Cámara trasera;Compatible;10,49;10,18;9,86;6
SA-A310-CFR-COM;Samsung;Galaxy A3 2016;Cámara frontal;Compatible;7,60;;;6
SA-A310-LEN-COM;Samsung;Galaxy A3 2016;Lente de cámara;Compatible;2,35;;;6
SA-A310-ALT-COM;Samsung;Galaxy A3 2016;Altavoz;Compatible;4,40;;;6
SA-A310-AUR-COM;Samsung;Galaxy A3 2016;Auricular de llamada;Compatible;3,20;;;6
SA-A310-FLX-COM;Samsung;Galaxy A3 2016;Flex de encendido y volumen;Compatible;2,69;;;6
SA-A310-SIM-COM;Samsung;Galaxy A3 2016;Bandeja SIM;Compatible;2,85;;;6
SA-A510-PAN-ORI;Samsung;Galaxy A5 2016;Pantalla;Original con marco;50,20;48,69;47,19;12
SA-A510-PAN-OLS;Samsung;Galaxy A5 2016;Pantalla;OLED Soft;41,15;39,92;38,68;6
SA-A510-PAN-OLH;Samsung;Galaxy A5 2016;Pantalla;OLED Hard;38,59;37,43;36,27;6
SA-A510-PAN-INC;Samsung;Galaxy A5 2016;Pantalla;Incell;20,25;19,64;19,04;6
SA-A510-BAT-ORI;Samsung;Galaxy A5 2016;Batería;Original;22,05;21,39;20,73;12
SA-A510-BAT-COM;Samsung;Galaxy A5 2016;Batería;Compatible;12,15;11,79;11,42;6
SA-A510-CON-ORI;Samsung;Galaxy A5 2016;Conector de carga;Original;17,25;16,73;16,22;12
SA-A510-CON-COM;Samsung;Galaxy A5 2016;Conector de carga;Compatible;7,20;;;6
SA-A510-TAP-COM-NEG;Samsung;Galaxy A5 2016;Tapa trasera;Negro;5,25;;;6
SA-A510-TAP-COM-DOR;Samsung;Galaxy A5 2016;Tapa trasera;Dorado;5,25;;;6
SA-A510-TAP-COM-ORO;Samsung;Galaxy A5 2016;Tapa trasera;Oro rosa;5,25;;;6
SA-A510-TAP-COM-BLA;Samsung;Galaxy A5 2016;Tapa trasera;Blanco;5,25;;;6
SA-A510-CTR-COM;Samsung;Galaxy A5 2016;Cámara trasera;Compatible;10,49;10,18;9,86;6
SA-A510-CFR-COM;Samsung;Galaxy A5 2016;Cámara frontal;Compatible;7,60;;;6
SA-A510-LEN-COM;Samsung;Galaxy A5 2016;Lente de cámara;Compatible;2,35;;;6
SA-A510-ALT-COM;Samsung;Galaxy A5 2016;Altavoz;Compatible;4,40;;;6
SA-A510-AUR-COM;Samsung;Galaxy A5 2016;Auricular de llamada;Compatible;3,20;;;6
SA-A510-FLX-COM;Samsung;Galaxy A5 2016;Flex de encendido y volumen;Compatible;2,69;;;6
SA-A510-SIM-COM;Samsung;Galaxy A5 2016;Bandeja SIM;Compatible;2,85;;;6
SA-J120-PAN-ORI;Samsung;Galaxy J1 2016;Pantalla;Original con marco;44,25;42,92;41,60;12
SA-J120-PAN-INC;Samsung;Galaxy J1 2016;Pantalla;Incell;17,70;17,17;16,64;6
SA-J120-BAT-ORI;Samsung;Galaxy J1 2016;Batería;Original;18,55;17,99;17,44;12
SA-J120-BAT-COM;Samsung;Galaxy J1 2016;Batería;Compatible;11,19;10,85;10,52;6
SA-J120-CON-ORI;Samsung;Galaxy J1 2016;Conector de carga;Original;13,90;13,48;13,07;12
SA-J120-CON-COM;Samsung;Galaxy J1 2016;Conector de carga;Compatible;5,59;;;6
SA-J120-TAP-COM-BLA;Samsung;Galaxy J1 2016;Tapa trasera;Blanco;5,09;;;6
SA-J120-CTR-COM;Samsung;Galaxy J1 2016;Cámara trasera;Compatible;9,29;;;6
SA-J120-CFR-COM;Samsung;Galaxy J1 2016;Cámara frontal;Compatible;6,70;;;6
SA-J120-LEN-COM;Samsung;Galaxy J1 2016;Lente de cámara;Compatible;2,55;;;6
SA-J120-ALT-COM;Samsung;Galaxy J1 2016;Altavoz;Compatible;4,45;;;6
SA-J120-AUR-COM;Samsung;Galaxy J1 2016;Auricular de llamada;Compatible;3,25;;;6
SA-J120-FLX-COM;Samsung;Galaxy J1 2016;Flex de encendido y volumen;Compatible;2,90;;;6
SA-J120-SIM-COM;Samsung;Galaxy J1 2016;Bandeja SIM;Compatible;3,05;;;6
SA-G930-PAN-ORI;Samsung;Galaxy S7;Pantalla;Original con marco;109,05;105,78;102,51;12
SA-G930-PAN-OLS;Samsung;Galaxy S7;Pantalla;OLED Soft;64,55;62,61;60,68;6
SA-G930-PAN-OLH;Samsung;Galaxy S7;Pantalla;OLED Hard;60,50;58,68;56,87;6
SA-G930-PAN-INC;Samsung;Galaxy S7;Pantalla;Incell;24,00;23,28;22,56;6
SA-G930-BAT-ORI;Samsung;Galaxy S7;Batería;Original;23,89;23,17;22,46;12
SA-G930-BAT-COM;Samsung;Galaxy S7;Batería;Compatible;12,35;11,98;11,61;6
SA-G930-CON-ORI;Samsung;Galaxy S7;Conector de carga;Original;21,65;21,00;20,35;12
SA-G930-CON-COM;Samsung;Galaxy S7;Conector de carga;Compatible;9,40;;;6
SA-G930-TAP-COM-NEG;Samsung;Galaxy S7;Tapa trasera;Negro (Black Onyx);6,50;;;6
SA-G930-TAP-COM-DOR;Samsung;Galaxy S7;Tapa trasera;Dorado (Gold Platinum);6,50;;;6
SA-G930-TAP-COM-BLA;Samsung;Galaxy S7;Tapa trasera;Blanco (White Pearl);6,50;;;6
SA-G930-TAP-COM-TIT;Samsung;Galaxy S7;Tapa trasera;Titanio (Silver Titanium);6,50;;;6
SA-G930-TAP-COM-ORO;Samsung;Galaxy S7;Tapa trasera;Oro rosa;6,50;;;6
SA-G930-CTR-COM;Samsung;Galaxy S7;Cámara trasera;Compatible;18,05;17,51;16,97;6
SA-G930-CFR-COM;Samsung;Galaxy S7;Cámara frontal;Compatible;10,85;10,52;10,20;6
SA-G930-LEN-COM;Samsung;Galaxy S7;Lente de cámara;Compatible;3,40;;;6
SA-G930-ALT-COM;Samsung;Galaxy S7;Altavoz;Compatible;5,80;;;6
SA-G930-AUR-COM;Samsung;Galaxy S7;Auricular de llamada;Compatible;4,19;;;6
SA-G930-FLX-COM;Samsung;Galaxy S7;Flex de encendido y volumen;Compatible;4,05;;;6
SA-G930-SIM-COM;Samsung;Galaxy S7;Bandeja SIM;Compatible;3,29;;;6
SA-G935-PAN-ORI;Samsung;Galaxy S7 edge;Pantalla;Original con marco;109,05;105,78;102,51;12
SA-G935-PAN-OLS;Samsung;Galaxy S7 edge;Pantalla;OLED Soft;64,55;62,61;60,68;6
SA-G935-PAN-OLH;Samsung;Galaxy S7 edge;Pantalla;OLED Hard;60,50;58,68;56,87;6
SA-G935-PAN-INC;Samsung;Galaxy S7 edge;Pantalla;Incell;31,75;30,80;29,85;6
SA-G935-BAT-ORI;Samsung;Galaxy S7 edge;Batería;Original;23,89;23,17;22,46;12
SA-G935-BAT-COM;Samsung;Galaxy S7 edge;Batería;Compatible;12,35;11,98;11,61;6
SA-G935-CON-ORI;Samsung;Galaxy S7 edge;Conector de carga;Original;21,65;21,00;20,35;12
SA-G935-CON-COM;Samsung;Galaxy S7 edge;Conector de carga;Compatible;9,40;;;6
SA-G935-TAP-COM-NEG;Samsung;Galaxy S7 edge;Tapa trasera;Negro (Black Onyx);6,50;;;6
SA-G935-TAP-COM-DOR;Samsung;Galaxy S7 edge;Tapa trasera;Dorado (Gold Platinum);6,50;;;6
SA-G935-TAP-COM-BLA;Samsung;Galaxy S7 edge;Tapa trasera;Blanco (White Pearl);6,50;;;6
SA-G935-TAP-COM-TIT;Samsung;Galaxy S7 edge;Tapa trasera;Titanio (Silver Titanium);6,50;;;6
SA-G935-TAP-COM-ORO;Samsung;Galaxy S7 edge;Tapa trasera;Oro rosa;6,50;;;6
SA-G935-TAP-COM-COR;Samsung;Galaxy S7 edge;Tapa trasera;Coral (Blue Coral);6,50;;;6
SA-G935-CTR-COM;Samsung;Galaxy S7 edge;Cámara trasera;Compatible;18,05;17,51;16,97;6
SA-G935-CFR-COM;Samsung;Galaxy S7 edge;Cámara frontal;Compatible;10,85;10,52;10,20;6
SA-G935-LEN-COM;Samsung;Galaxy S7 edge;Lente de cámara;Compatible;3,40;;;6
SA-G935-ALT-COM;Samsung;Galaxy S7 edge;Altavoz;Compatible;5,80;;;6
SA-G935-AUR-COM;Samsung;Galaxy S7 edge;Auricular de llamada;Compatible;4,19;;;6
SA-G935-FLX-COM;Samsung;Galaxy S7 edge;Flex de encendido y volumen;Compatible;4,05;;;6
SA-G935-SIM-COM;Samsung;Galaxy S7 edge;Bandeja SIM;Compatible;3,29;;;6
SA-J510-PAN-ORI;Samsung;Galaxy J5 2016;Pantalla;Original con marco;44,25;42,92;41,60;12
SA-J510-PAN-INC;Samsung;Galaxy J5 2016;Pantalla;Incell;17,70;17,17;16,64;6
SA-J510-BAT-ORI;Samsung;Galaxy J5 2016;Batería;Original;18,55;17,99;17,44;12
SA-J510-BAT-COM;Samsung;Galaxy J5 2016;Batería;Compatible;11,19;10,85;10,52;6
SA-J510-CON-ORI;Samsung;Galaxy J5 2016;Conector de carga;Original;13,90;13,48;13,07;12
SA-J510-CON-COM;Samsung;Galaxy J5 2016;Conector de carga;Compatible;5,59;;;6
SA-J510-TAP-COM-NEG;Samsung;Galaxy J5 2016;Tapa trasera;Negro;5,09;;;6
SA-J510-TAP-COM-DOR;Samsung;Galaxy J5 2016;Tapa trasera;Dorado;5,09;;;6
SA-J510-TAP-COM-BLA;Samsung;Galaxy J5 2016;Tapa trasera;Blanco;5,09;;;6
SA-J510-CTR-COM;Samsung;Galaxy J5 2016;Cámara trasera;Compatible;9,29;;;6
SA-J510-CFR-COM;Samsung;Galaxy J5 2016;Cámara frontal;Compatible;6,70;;;6
SA-J510-LEN-COM;Samsung;Galaxy J5 2016;Lente de cámara;Compatible;2,55;;;6
SA-J510-ALT-COM;Samsung;Galaxy J5 2016;Altavoz;Compatible;4,45;;;6
SA-J510-AUR-COM;Samsung;Galaxy J5 2016;Auricular de llamada;Compatible;3,25;;;6
SA-J510-FLX-COM;Samsung;Galaxy J5 2016;Flex de encendido y volumen;Compatible;2,90;;;6
SA-J510-SIM-COM;Samsung;Galaxy J5 2016;Bandeja SIM;Compatible;3,05;;;6
SA-J710-PAN-ORI;Samsung;Galaxy J7 2016;Pantalla;Original con marco;44,25;42,92;41,60;12
SA-J710-PAN-INC;Samsung;Galaxy J7 2016;Pantalla;Incell;17,70;17,17;16,64;6
SA-J710-BAT-ORI;Samsung;Galaxy J7 2016;Batería;Original;18,55;17,99;17,44;12
SA-J710-BAT-COM;Samsung;Galaxy J7 2016;Batería;Compatible;11,19;10,85;10,52;6
SA-J710-CON-ORI;Samsung;Galaxy J7 2016;Conector de carga;Original;13,90;13,48;13,07;12
SA-J710-CON-COM;Samsung;Galaxy J7 2016;Conector de carga;Compatible;5,59;;;6
SA-J710-TAP-COM-NEG;Samsung;Galaxy J7 2016;Tapa trasera;Negro;5,09;;;6
SA-J710-TAP-COM-DOR;Samsung;Galaxy J7 2016;Tapa trasera;Dorado;5,09;;;6
SA-J710-TAP-COM-BLA;Samsung;Galaxy J7 2016;Tapa trasera;Blanco;5,09;;;6
SA-J710-CTR-COM;Samsung;Galaxy J7 2016;Cámara trasera;Compatible;9,29;;;6
SA-J710-CFR-COM;Samsung;Galaxy J7 2016;Cámara frontal;Compatible;6,70;;;6
SA-J710-LEN-COM;Samsung;Galaxy J7 2016;Lente de cámara;Compatible;2,55;;;6
SA-J710-ALT-COM;Samsung;Galaxy J7 2016;Altavoz;Compatible;4,45;;;6
SA-J710-AUR-COM;Samsung;Galaxy J7 2016;Auricular de llamada;Compatible;3,25;;;6
SA-J710-FLX-COM;Samsung;Galaxy J7 2016;Flex de encendido y volumen;Compatible;2,90;;;6
SA-J710-SIM-COM;Samsung;Galaxy J7 2016;Bandeja SIM;Compatible;3,05;;;6
SA-J320-PAN-ORI;Samsung;Galaxy J3 2016;Pantalla;Original con marco;44,25;42,92;41,60;12
SA-J320-PAN-INC;Samsung;Galaxy J3 2016;Pantalla;Incell;17,70;17,17;16,64;6
SA-J320-BAT-ORI;Samsung;Galaxy J3 2016;Batería;Original;18,55;17,99;17,44;12
SA-J320-BAT-COM;Samsung;Galaxy J3 2016;Batería;Compatible;11,19;10,85;10,52;6
SA-J320-CON-ORI;Samsung;Galaxy J3 2016;Conector de carga;Original;13,90;13,48;13,07;12
SA-J320-CON-COM;Samsung;Galaxy J3 2016;Conector de carga;Compatible;5,59;;;6
SA-J320-TAP-COM-NEG;Samsung;Galaxy J3 2016;Tapa trasera;Negro;5,09;;;6
SA-J320-TAP-COM-DOR;Samsung;Galaxy J3 2016;Tapa trasera;Dorado;5,09;;;6
SA-J320-TAP-COM-BLA;Samsung;Galaxy J3 2016;Tapa trasera;Blanco;5,09;;;6
SA-J320-CTR-COM;Samsung;Galaxy J3 2016;Cámara trasera;Compatible;9,29;;;6
SA-J320-CFR-COM;Samsung;Galaxy J3 2016;Cámara frontal;Compatible;6,70;;;6
SA-J320-LEN-COM;Samsung;Galaxy J3 2016;Lente de cámara;Compatible;2,55;;;6
SA-J320-ALT-COM;Samsung;Galaxy J3 2016;Altavoz;Compatible;4,45;;;6
SA-J320-AUR-COM;Samsung;Galaxy J3 2016;Auricular de llamada;Compatible;3,25;;;6
SA-J320-FLX-COM;Samsung;Galaxy J3 2016;Flex de encendido y volumen;Compatible;2,90;;;6
SA-J320-SIM-COM;Samsung;Galaxy J3 2016;Bandeja SIM;Compatible;3,05;;;6
SA-A320-PAN-ORI;Samsung;Galaxy A3 2017;Pantalla;Original con marco;50,20;48,69;47,19;12
SA-A320-PAN-OLS;Samsung;Galaxy A3 2017;Pantalla;OLED Soft;41,15;39,92;38,68;6
SA-A320-PAN-OLH;Samsung;Galaxy A3 2017;Pantalla;OLED Hard;38,59;37,43;36,27;6
SA-A320-PAN-INC;Samsung;Galaxy A3 2017;Pantalla;Incell;20,25;19,64;19,04;6
SA-A320-BAT-ORI;Samsung;Galaxy A3 2017;Batería;Original;22,05;21,39;20,73;12
SA-A320-BAT-COM;Samsung;Galaxy A3 2017;Batería;Compatible;12,15;11,79;11,42;6
SA-A320-CON-ORI;Samsung;Galaxy A3 2017;Conector de carga;Original;17,25;16,73;16,22;12
SA-A320-CON-COM;Samsung;Galaxy A3 2017;Conector de carga;Compatible;7,20;;;6
SA-A320-TAP-COM-NEG;Samsung;Galaxy A3 2017;Tapa trasera;Negro (Black Sky);5,25;;;6
SA-A320-TAP-COM-DOR;Samsung;Galaxy A3 2017;Tapa trasera;Dorado (Gold Sand);5,25;;;6
SA-A320-TAP-COM-AZU;Samsung;Galaxy A3 2017;Tapa trasera;Azul (Blue Mist);5,25;;;6
SA-A320-TAP-COM-MEL;Samsung;Galaxy A3 2017;Tapa trasera;Melocotón (Peach Cloud);5,25;;;6
SA-A320-CTR-COM;Samsung;Galaxy A3 2017;Cámara trasera;Compatible;10,49;10,18;9,86;6
SA-A320-CFR-COM;Samsung;Galaxy A3 2017;Cámara frontal;Compatible;7,60;;;6
SA-A320-LEN-COM;Samsung;Galaxy A3 2017;Lente de cámara;Compatible;2,35;;;6
SA-A320-ALT-COM;Samsung;Galaxy A3 2017;Altavoz;Compatible;4,40;;;6
SA-A320-AUR-COM;Samsung;Galaxy A3 2017;Auricular de llamada;Compatible;3,20;;;6
SA-A320-FLX-COM;Samsung;Galaxy A3 2017;Flex de encendido y volumen;Compatible;2,69;;;6
SA-A320-SIM-COM;Samsung;Galaxy A3 2017;Bandeja SIM;Compatible;2,85;;;6
SA-A520-PAN-ORI;Samsung;Galaxy A5 2017;Pantalla;Original con marco;50,20;48,69;47,19;12
SA-A520-PAN-OLS;Samsung;Galaxy A5 2017;Pantalla;OLED Soft;41,15;39,92;38,68;6
SA-A520-PAN-OLH;Samsung;Galaxy A5 2017;Pantalla;OLED Hard;38,59;37,43;36,27;6
SA-A520-PAN-INC;Samsung;Galaxy A5 2017;Pantalla;Incell;20,25;19,64;19,04;6
SA-A520-BAT-ORI;Samsung;Galaxy A5 2017;Batería;Original;22,05;21,39;20,73;12
SA-A520-BAT-COM;Samsung;Galaxy A5 2017;Batería;Compatible;12,15;11,79;11,42;6
SA-A520-CON-ORI;Samsung;Galaxy A5 2017;Conector de carga;Original;17,25;16,73;16,22;12
SA-A520-CON-COM;Samsung;Galaxy A5 2017;Conector de carga;Compatible;7,20;;;6
SA-A520-TAP-COM-NEG;Samsung;Galaxy A5 2017;Tapa trasera;Negro (Black Sky);5,25;;;6
SA-A520-TAP-COM-DOR;Samsung;Galaxy A5 2017;Tapa trasera;Dorado (Gold Sand);5,25;;;6
SA-A520-TAP-COM-AZU;Samsung;Galaxy A5 2017;Tapa trasera;Azul (Blue Mist);5,25;;;6
SA-A520-TAP-COM-MEL;Samsung;Galaxy A5 2017;Tapa trasera;Melocotón (Peach Cloud);5,25;;;6
SA-A520-CTR-COM;Samsung;Galaxy A5 2017;Cámara trasera;Compatible;10,49;10,18;9,86;6
SA-A520-CFR-COM;Samsung;Galaxy A5 2017;Cámara frontal;Compatible;7,60;;;6
SA-A520-LEN-COM;Samsung;Galaxy A5 2017;Lente de cámara;Compatible;2,35;;;6
SA-A520-ALT-COM;Samsung;Galaxy A5 2017;Altavoz;Compatible;4,40;;;6
SA-A520-AUR-COM;Samsung;Galaxy A5 2017;Auricular de llamada;Compatible;3,20;;;6
SA-A520-FLX-COM;Samsung;Galaxy A5 2017;Flex de encendido y volumen;Compatible;2,69;;;6
SA-A520-SIM-COM;Samsung;Galaxy A5 2017;Bandeja SIM;Compatible;2,85;;;6
SA-G950-PAN-ORI;Samsung;Galaxy S8;Pantalla;Original con marco;109,05;105,78;102,51;12
SA-G950-PAN-OLS;Samsung;Galaxy S8;Pantalla;OLED Soft;64,55;62,61;60,68;6
SA-G950-PAN-OLH;Samsung;Galaxy S8;Pantalla;OLED Hard;60,50;58,68;56,87;6
SA-G950-PAN-INC;Samsung;Galaxy S8;Pantalla;Incell;24,00;23,28;22,56;6
SA-G950-BAT-ORI;Samsung;Galaxy S8;Batería;Original;23,89;23,17;22,46;12
SA-G950-BAT-COM;Samsung;Galaxy S8;Batería;Compatible;12,35;11,98;11,61;6
SA-G950-CON-ORI;Samsung;Galaxy S8;Conector de carga;Original;21,65;21,00;20,35;12
SA-G950-CON-COM;Samsung;Galaxy S8;Conector de carga;Compatible;9,40;;;6
SA-G950-TAP-COM-NEG;Samsung;Galaxy S8;Tapa trasera;Negro;6,50;;;6
SA-G950-TAP-COM-GRI;Samsung;Galaxy S8;Tapa trasera;Gris orquídea;6,50;;;6
SA-G950-TAP-COM-PLA;Samsung;Galaxy S8;Tapa trasera;Plata;6,50;;;6
SA-G950-TAP-COM-AZU;Samsung;Galaxy S8;Tapa trasera;Azul coral;6,50;;;6
SA-G950-CTR-COM;Samsung;Galaxy S8;Cámara trasera;Compatible;18,05;17,51;16,97;6
SA-G950-CFR-COM;Samsung;Galaxy S8;Cámara frontal;Compatible;10,85;10,52;10,20;6
SA-G950-LEN-COM;Samsung;Galaxy S8;Lente de cámara;Compatible;3,40;;;6
SA-G950-ALT-COM;Samsung;Galaxy S8;Altavoz;Compatible;5,80;;;6
SA-G950-AUR-COM;Samsung;Galaxy S8;Auricular de llamada;Compatible;4,19;;;6
SA-G950-FLX-COM;Samsung;Galaxy S8;Flex de encendido y volumen;Compatible;4,05;;;6
SA-G950-SIM-COM;Samsung;Galaxy S8;Bandeja SIM;Compatible;3,29;;;6
SA-G955-PAN-ORI;Samsung;Galaxy S8+;Pantalla;Original con marco;109,05;105,78;102,51;12
SA-G955-PAN-OLS;Samsung;Galaxy S8+;Pantalla;OLED Soft;64,55;62,61;60,68;6
SA-G955-PAN-OLH;Samsung;Galaxy S8+;Pantalla;OLED Hard;60,50;58,68;56,87;6
SA-G955-PAN-INC;Samsung;Galaxy S8+;Pantalla;Incell;31,75;30,80;29,85;6
SA-G955-BAT-ORI;Samsung;Galaxy S8+;Batería;Original;23,89;23,17;22,46;12
SA-G955-BAT-COM;Samsung;Galaxy S8+;Batería;Compatible;12,35;11,98;11,61;6
SA-G955-CON-ORI;Samsung;Galaxy S8+;Conector de carga;Original;21,65;21,00;20,35;12
SA-G955-CON-COM;Samsung;Galaxy S8+;Conector de carga;Compatible;9,40;;;6
SA-G955-TAP-COM-NEG;Samsung;Galaxy S8+;Tapa trasera;Negro;6,50;;;6
SA-G955-TAP-COM-GRI;Samsung;Galaxy S8+;Tapa trasera;Gris orquídea;6,50;;;6
SA-G955-TAP-COM-PLA;Samsung;Galaxy S8+;Tapa trasera;Plata;6,50;;;6
SA-G955-TAP-COM-AZU;Samsung;Galaxy S8+;Tapa trasera;Azul coral;6,50;;;6
SA-G955-CTR-COM;Samsung;Galaxy S8+;Cámara trasera;Compatible;18,05;17,51;16,97;6
SA-G955-CFR-COM;Samsung;Galaxy S8+;Cámara frontal;Compatible;10,85;10,52;10,20;6
SA-G955-LEN-COM;Samsung;Galaxy S8+;Lente de cámara;Compatible;3,40;;;6
SA-G955-ALT-COM;Samsung;Galaxy S8+;Altavoz;Compatible;5,80;;;6
SA-G955-AUR-COM;Samsung;Galaxy S8+;Auricular de llamada;Compatible;4,19;;;6
SA-G955-FLX-COM;Samsung;Galaxy S8+;Flex de encendido y volumen;Compatible;4,05;;;6
SA-G955-SIM-COM;Samsung;Galaxy S8+;Bandeja SIM;Compatible;3,29;;;6
SA-G390-PAN-ORI;Samsung;Galaxy XCover 4;Pantalla;Original con marco;37,45;36,33;35,20;12
SA-G390-PAN-COM;Samsung;Galaxy XCover 4;Pantalla;Compatible;17,05;16,54;16,03;6
SA-G390-BAT-ORI;Samsung;Galaxy XCover 4;Batería;Original;21,70;21,05;20,40;12
SA-G390-BAT-COM;Samsung;Galaxy XCover 4;Batería;Compatible;12,10;11,74;11,37;6
SA-G390-CON-ORI;Samsung;Galaxy XCover 4;Conector de carga;Original;17,25;16,73;16,22;12
SA-G390-CON-COM;Samsung;Galaxy XCover 4;Conector de carga;Compatible;6,95;;;6
SA-G390-TAP-COM;Samsung;Galaxy XCover 4;Tapa trasera;Compatible;5,70;;;6
SA-G390-CTR-COM;Samsung;Galaxy XCover 4;Cámara trasera;Compatible;10,59;10,27;9,95;6
SA-G390-CFR-COM;Samsung;Galaxy XCover 4;Cámara frontal;Compatible;7,15;;;6
SA-G390-LEN-COM;Samsung;Galaxy XCover 4;Lente de cámara;Compatible;2,49;;;6
SA-G390-ALT-COM;Samsung;Galaxy XCover 4;Altavoz;Compatible;4,55;;;6
SA-G390-AUR-COM;Samsung;Galaxy XCover 4;Auricular de llamada;Compatible;3,19;;;6
SA-G390-FLX-COM;Samsung;Galaxy XCover 4;Flex de encendido y volumen;Compatible;2,85;;;6
SA-G390-SIM-COM;Samsung;Galaxy XCover 4;Bandeja SIM;Compatible;2,89;;;6
SA-J530-PAN-ORI;Samsung;Galaxy J5 2017;Pantalla;Original con marco;44,25;42,92;41,60;12
SA-J530-PAN-INC;Samsung;Galaxy J5 2017;Pantalla;Incell;17,70;17,17;16,64;6
SA-J530-BAT-ORI;Samsung;Galaxy J5 2017;Batería;Original;18,55;17,99;17,44;12
SA-J530-BAT-COM;Samsung;Galaxy J5 2017;Batería;Compatible;11,19;10,85;10,52;6
SA-J530-CON-ORI;Samsung;Galaxy J5 2017;Conector de carga;Original;13,90;13,48;13,07;12
SA-J530-CON-COM;Samsung;Galaxy J5 2017;Conector de carga;Compatible;5,59;;;6
SA-J530-TAP-COM-NEG;Samsung;Galaxy J5 2017;Tapa trasera;Negro;5,09;;;6
SA-J530-TAP-COM-DOR;Samsung;Galaxy J5 2017;Tapa trasera;Dorado;5,09;;;6
SA-J530-TAP-COM-AZU;Samsung;Galaxy J5 2017;Tapa trasera;Azul;5,09;;;6
SA-J530-CTR-COM;Samsung;Galaxy J5 2017;Cámara trasera;Compatible;9,29;;;6
SA-J530-CFR-COM;Samsung;Galaxy J5 2017;Cámara frontal;Compatible;6,70;;;6
SA-J530-LEN-COM;Samsung;Galaxy J5 2017;Lente de cámara;Compatible;2,55;;;6
SA-J530-ALT-COM;Samsung;Galaxy J5 2017;Altavoz;Compatible;4,45;;;6
SA-J530-AUR-COM;Samsung;Galaxy J5 2017;Auricular de llamada;Compatible;3,25;;;6
SA-J530-FLX-COM;Samsung;Galaxy J5 2017;Flex de encendido y volumen;Compatible;2,90;;;6
SA-J530-SIM-COM;Samsung;Galaxy J5 2017;Bandeja SIM;Compatible;3,05;;;6
SA-J730-PAN-ORI;Samsung;Galaxy J7 2017;Pantalla;Original con marco;44,25;42,92;41,60;12
SA-J730-PAN-INC;Samsung;Galaxy J7 2017;Pantalla;Incell;17,70;17,17;16,64;6
SA-J730-BAT-ORI;Samsung;Galaxy J7 2017;Batería;Original;18,55;17,99;17,44;12
SA-J730-BAT-COM;Samsung;Galaxy J7 2017;Batería;Compatible;11,19;10,85;10,52;6
SA-J730-CON-ORI;Samsung;Galaxy J7 2017;Conector de carga;Original;13,90;13,48;13,07;12
SA-J730-CON-COM;Samsung;Galaxy J7 2017;Conector de carga;Compatible;5,59;;;6
SA-J730-TAP-COM-NEG;Samsung;Galaxy J7 2017;Tapa trasera;Negro;5,09;;;6
SA-J730-TAP-COM-DOR;Samsung;Galaxy J7 2017;Tapa trasera;Dorado;5,09;;;6
SA-J730-TAP-COM-AZU;Samsung;Galaxy J7 2017;Tapa trasera;Azul;5,09;;;6
SA-J730-CTR-COM;Samsung;Galaxy J7 2017;Cámara trasera;Compatible;9,29;;;6
SA-J730-CFR-COM;Samsung;Galaxy J7 2017;Cámara frontal;Compatible;6,70;;;6
SA-J730-LEN-COM;Samsung;Galaxy J7 2017;Lente de cámara;Compatible;2,55;;;6
SA-J730-ALT-COM;Samsung;Galaxy J7 2017;Altavoz;Compatible;4,45;;;6
SA-J730-AUR-COM;Samsung;Galaxy J7 2017;Auricular de llamada;Compatible;3,25;;;6
SA-J730-FLX-COM;Samsung;Galaxy J7 2017;Flex de encendido y volumen;Compatible;2,90;;;6
SA-J730-SIM-COM;Samsung;Galaxy J7 2017;Bandeja SIM;Compatible;3,05;;;6
SA-J330-PAN-ORI;Samsung;Galaxy J3 2017;Pantalla;Original con marco;31,50;30,56;29,61;12
SA-J330-PAN-COM;Samsung;Galaxy J3 2017;Pantalla;Compatible;14,75;14,31;13,86;6
SA-J330-BAT-ORI;Samsung;Galaxy J3 2017;Batería;Original;18,55;17,99;17,44;12
SA-J330-BAT-COM;Samsung;Galaxy J3 2017;Batería;Compatible;11,19;10,85;10,52;6
SA-J330-CON-ORI;Samsung;Galaxy J3 2017;Conector de carga;Original;13,90;13,48;13,07;12
SA-J330-CON-COM;Samsung;Galaxy J3 2017;Conector de carga;Compatible;5,59;;;6
SA-J330-TAP-COM-NEG;Samsung;Galaxy J3 2017;Tapa trasera;Negro;5,09;;;6
SA-J330-TAP-COM-DOR;Samsung;Galaxy J3 2017;Tapa trasera;Dorado;5,09;;;6
SA-J330-TAP-COM-AZU;Samsung;Galaxy J3 2017;Tapa trasera;Azul;5,09;;;6
SA-J330-CTR-COM;Samsung;Galaxy J3 2017;Cámara trasera;Compatible;9,29;;;6
SA-J330-CFR-COM;Samsung;Galaxy J3 2017;Cámara frontal;Compatible;6,70;;;6
SA-J330-LEN-COM;Samsung;Galaxy J3 2017;Lente de cámara;Compatible;2,55;;;6
SA-J330-ALT-COM;Samsung;Galaxy J3 2017;Altavoz;Compatible;4,45;;;6
SA-J330-AUR-COM;Samsung;Galaxy J3 2017;Auricular de llamada;Compatible;3,25;;;6
SA-J330-FLX-COM;Samsung;Galaxy J3 2017;Flex de encendido y volumen;Compatible;2,90;;;6
SA-J330-SIM-COM;Samsung;Galaxy J3 2017;Bandeja SIM;Compatible;3,05;;;6
SA-N950-PAN-ORI;Samsung;Galaxy Note8;Pantalla;Original con marco;104,19;101,06;97,94;12
SA-N950-PAN-INC;Samsung;Galaxy Note8;Pantalla;Incell;32,85;31,86;30,88;6
SA-N950-BAT-ORI;Samsung;Galaxy Note8;Batería;Original;24,00;23,28;22,56;12
SA-N950-BAT-COM;Samsung;Galaxy Note8;Batería;Compatible;12,50;12,13;11,75;6
SA-N950-CON-ORI;Samsung;Galaxy Note8;Conector de carga;Original;21,65;21,00;20,35;12
SA-N950-CON-COM;Samsung;Galaxy Note8;Conector de carga;Compatible;8,69;;;6
SA-N950-TAP-COM-NEG;Samsung;Galaxy Note8;Tapa trasera;Negro (Midnight Black);7,10;;;6
SA-N950-TAP-COM-DOR;Samsung;Galaxy Note8;Tapa trasera;Dorado (Maple Gold);7,10;;;6
SA-N950-CTR-COM;Samsung;Galaxy Note8;Cámara trasera;Compatible;16,09;15,61;15,12;6
SA-N950-CFR-COM;Samsung;Galaxy Note8;Cámara frontal;Compatible;9,49;;;6
SA-N950-LEN-COM;Samsung;Galaxy Note8;Lente de cámara;Compatible;3,45;;;6
SA-N950-ALT-COM;Samsung;Galaxy Note8;Altavoz;Compatible;5,79;;;6
SA-N950-AUR-COM;Samsung;Galaxy Note8;Auricular de llamada;Compatible;4,35;;;6
SA-N950-FLX-COM;Samsung;Galaxy Note8;Flex de encendido y volumen;Compatible;4,00;;;6
SA-N950-SIM-COM;Samsung;Galaxy Note8;Bandeja SIM;Compatible;3,59;;;6
SA-A530-PAN-ORI;Samsung;Galaxy A8 2018;Pantalla;Original con marco;50,20;48,69;47,19;12
SA-A530-PAN-OLS;Samsung;Galaxy A8 2018;Pantalla;OLED Soft;41,15;39,92;38,68;6
SA-A530-PAN-OLH;Samsung;Galaxy A8 2018;Pantalla;OLED Hard;38,59;37,43;36,27;6
SA-A530-PAN-INC;Samsung;Galaxy A8 2018;Pantalla;Incell;20,25;19,64;19,04;6
SA-A530-BAT-ORI;Samsung;Galaxy A8 2018;Batería;Original;22,05;21,39;20,73;12
SA-A530-BAT-COM;Samsung;Galaxy A8 2018;Batería;Compatible;12,15;11,79;11,42;6
SA-A530-CON-ORI;Samsung;Galaxy A8 2018;Conector de carga;Original;17,25;16,73;16,22;12
SA-A530-CON-COM;Samsung;Galaxy A8 2018;Conector de carga;Compatible;7,20;;;6
SA-A530-TAP-COM-NEG;Samsung;Galaxy A8 2018;Tapa trasera;Negro;5,25;;;6
SA-A530-TAP-COM-GRI;Samsung;Galaxy A8 2018;Tapa trasera;Gris orquídea;5,25;;;6
SA-A530-TAP-COM-DOR;Samsung;Galaxy A8 2018;Tapa trasera;Dorado;5,25;;;6
SA-A530-CTR-COM;Samsung;Galaxy A8 2018;Cámara trasera;Compatible;10,49;10,18;9,86;6
SA-A530-CFR-COM;Samsung;Galaxy A8 2018;Cámara frontal;Compatible;7,60;;;6
SA-A530-LEN-COM;Samsung;Galaxy A8 2018;Lente de cámara;Compatible;2,35;;;6
SA-A530-ALT-COM;Samsung;Galaxy A8 2018;Altavoz;Compatible;4,40;;;6
SA-A530-AUR-COM;Samsung;Galaxy A8 2018;Auricular de llamada;Compatible;3,20;;;6
SA-A530-FLX-COM;Samsung;Galaxy A8 2018;Flex de encendido y volumen;Compatible;2,69;;;6
SA-A530-SIM-COM;Samsung;Galaxy A8 2018;Bandeja SIM;Compatible;2,85;;;6
SA-A600-PAN-ORI;Samsung;Galaxy A6;Pantalla;Original con marco;50,20;48,69;47,19;12
SA-A600-PAN-OLS;Samsung;Galaxy A6;Pantalla;OLED Soft;41,15;39,92;38,68;6
SA-A600-PAN-OLH;Samsung;Galaxy A6;Pantalla;OLED Hard;38,59;37,43;36,27;6
SA-A600-PAN-INC;Samsung;Galaxy A6;Pantalla;Incell;20,25;19,64;19,04;6
SA-A600-BAT-ORI;Samsung;Galaxy A6;Batería;Original;22,05;21,39;20,73;12
SA-A600-BAT-COM;Samsung;Galaxy A6;Batería;Compatible;12,15;11,79;11,42;6
SA-A600-CON-ORI;Samsung;Galaxy A6;Conector de carga;Original;17,25;16,73;16,22;12
SA-A600-CON-COM;Samsung;Galaxy A6;Conector de carga;Compatible;7,20;;;6
SA-A600-TAP-COM-NEG;Samsung;Galaxy A6;Tapa trasera;Negro;5,25;;;6
SA-A600-TAP-COM-DOR;Samsung;Galaxy A6;Tapa trasera;Dorado;5,25;;;6
SA-A600-TAP-COM-LAV;Samsung;Galaxy A6;Tapa trasera;Lavanda;5,25;;;6
SA-A600-CTR-COM;Samsung;Galaxy A6;Cámara trasera;Compatible;10,49;10,18;9,86;6
SA-A600-CFR-COM;Samsung;Galaxy A6;Cámara frontal;Compatible;7,60;;;6
SA-A600-LEN-COM;Samsung;Galaxy A6;Lente de cámara;Compatible;2,35;;;6
SA-A600-ALT-COM;Samsung;Galaxy A6;Altavoz;Compatible;4,40;;;6
SA-A600-AUR-COM;Samsung;Galaxy A6;Auricular de llamada;Compatible;3,20;;;6
SA-A600-FLX-COM;Samsung;Galaxy A6;Flex de encendido y volumen;Compatible;2,69;;;6
SA-A600-SIM-COM;Samsung;Galaxy A6;Bandeja SIM;Compatible;2,85;;;6
SA-A605-PAN-ORI;Samsung;Galaxy A6+;Pantalla;Original con marco;50,20;48,69;47,19;12
SA-A605-PAN-OLS;Samsung;Galaxy A6+;Pantalla;OLED Soft;41,15;39,92;38,68;6
SA-A605-PAN-OLH;Samsung;Galaxy A6+;Pantalla;OLED Hard;38,59;37,43;36,27;6
SA-A605-PAN-INC;Samsung;Galaxy A6+;Pantalla;Incell;20,25;19,64;19,04;6
SA-A605-BAT-ORI;Samsung;Galaxy A6+;Batería;Original;22,05;21,39;20,73;12
SA-A605-BAT-COM;Samsung;Galaxy A6+;Batería;Compatible;12,15;11,79;11,42;6
SA-A605-CON-ORI;Samsung;Galaxy A6+;Conector de carga;Original;17,25;16,73;16,22;12
SA-A605-CON-COM;Samsung;Galaxy A6+;Conector de carga;Compatible;7,20;;;6
SA-A605-TAP-COM-NEG;Samsung;Galaxy A6+;Tapa trasera;Negro;5,25;;;6
SA-A605-TAP-COM-DOR;Samsung;Galaxy A6+;Tapa trasera;Dorado;5,25;;;6
SA-A605-TAP-COM-LAV;Samsung;Galaxy A6+;Tapa trasera;Lavanda;5,25;;;6
SA-A605-CTR-COM;Samsung;Galaxy A6+;Cámara trasera;Compatible;10,49;10,18;9,86;6
SA-A605-CFR-COM;Samsung;Galaxy A6+;Cámara frontal;Compatible;7,60;;;6
SA-A605-LEN-COM;Samsung;Galaxy A6+;Lente de cámara;Compatible;2,35;;;6
SA-A605-ALT-COM;Samsung;Galaxy A6+;Altavoz;Compatible;4,40;;;6
SA-A605-AUR-COM;Samsung;Galaxy A6+;Auricular de llamada;Compatible;3,20;;;6
SA-A605-FLX-COM;Samsung;Galaxy A6+;Flex de encendido y volumen;Compatible;2,69;;;6
SA-A605-SIM-COM;Samsung;Galaxy A6+;Bandeja SIM;Compatible;2,85;;;6
SA-J600-PAN-ORI;Samsung;Galaxy J6;Pantalla;Original con marco;39,50;38,32;37,13;12
SA-J600-PAN-INC;Samsung;Galaxy J6;Pantalla;Incell;17,70;17,17;16,64;6
SA-J600-BAT-ORI;Samsung;Galaxy J6;Batería;Original;18,55;17,99;17,44;12
SA-J600-BAT-COM;Samsung;Galaxy J6;Batería;Compatible;11,19;10,85;10,52;6
SA-J600-CON-ORI;Samsung;Galaxy J6;Conector de carga;Original;13,90;13,48;13,07;12
SA-J600-CON-COM;Samsung;Galaxy J6;Conector de carga;Compatible;5,59;;;6
SA-J600-TAP-COM-NEG;Samsung;Galaxy J6;Tapa trasera;Negro;5,09;;;6
SA-J600-TAP-COM-LAV;Samsung;Galaxy J6;Tapa trasera;Lavanda;5,09;;;6
SA-J600-TAP-COM-DOR;Samsung;Galaxy J6;Tapa trasera;Dorado;5,09;;;6
SA-J600-CTR-COM;Samsung;Galaxy J6;Cámara trasera;Compatible;9,29;;;6
SA-J600-CFR-COM;Samsung;Galaxy J6;Cámara frontal;Compatible;6,70;;;6
SA-J600-LEN-COM;Samsung;Galaxy J6;Lente de cámara;Compatible;2,55;;;6
SA-J600-ALT-COM;Samsung;Galaxy J6;Altavoz;Compatible;4,45;;;6
SA-J600-AUR-COM;Samsung;Galaxy J6;Auricular de llamada;Compatible;3,25;;;6
SA-J600-FLX-COM;Samsung;Galaxy J6;Flex de encendido y volumen;Compatible;2,90;;;6
SA-J600-SIM-COM;Samsung;Galaxy J6;Bandeja SIM;Compatible;3,05;;;6
SA-A750-PAN-ORI;Samsung;Galaxy A7 2018;Pantalla;Original con marco;50,20;48,69;47,19;12
SA-A750-PAN-OLS;Samsung;Galaxy A7 2018;Pantalla;OLED Soft;41,15;39,92;38,68;6
SA-A750-PAN-OLH;Samsung;Galaxy A7 2018;Pantalla;OLED Hard;38,59;37,43;36,27;6
SA-A750-PAN-INC;Samsung;Galaxy A7 2018;Pantalla;Incell;20,25;19,64;19,04;6
SA-A750-BAT-ORI;Samsung;Galaxy A7 2018;Batería;Original;22,05;21,39;20,73;12
SA-A750-BAT-COM;Samsung;Galaxy A7 2018;Batería;Compatible;12,15;11,79;11,42;6
SA-A750-CON-ORI;Samsung;Galaxy A7 2018;Conector de carga;Original;17,25;16,73;16,22;12
SA-A750-CON-COM;Samsung;Galaxy A7 2018;Conector de carga;Compatible;7,20;;;6
SA-A750-TAP-COM-AZU;Samsung;Galaxy A7 2018;Tapa trasera;Azul;5,25;;;6
SA-A750-TAP-COM-NEG;Samsung;Galaxy A7 2018;Tapa trasera;Negro;5,25;;;6
SA-A750-TAP-COM-DOR;Samsung;Galaxy A7 2018;Tapa trasera;Dorado;5,25;;;6
SA-A750-CTR-COM;Samsung;Galaxy A7 2018;Cámara trasera;Compatible;10,49;10,18;9,86;6
SA-A750-CFR-COM;Samsung;Galaxy A7 2018;Cámara frontal;Compatible;7,60;;;6
SA-A750-LEN-COM;Samsung;Galaxy A7 2018;Lente de cámara;Compatible;2,35;;;6
SA-A750-ALT-COM;Samsung;Galaxy A7 2018;Altavoz;Compatible;4,40;;;6
SA-A750-AUR-COM;Samsung;Galaxy A7 2018;Auricular de llamada;Compatible;3,20;;;6
SA-A750-FLX-COM;Samsung;Galaxy A7 2018;Flex de encendido y volumen;Compatible;2,69;;;6
SA-A750-SIM-COM;Samsung;Galaxy A7 2018;Bandeja SIM;Compatible;2,85;;;6
SA-J415-PAN-ORI;Samsung;Galaxy J4+;Pantalla;Original con marco;39,50;38,32;37,13;12
SA-J415-PAN-COM;Samsung;Galaxy J4+;Pantalla;Compatible;14,75;14,31;13,86;6
SA-J415-BAT-ORI;Samsung;Galaxy J4+;Batería;Original;18,55;17,99;17,44;12
SA-J415-BAT-COM;Samsung;Galaxy J4+;Batería;Compatible;11,19;10,85;10,52;6
SA-J415-CON-ORI;Samsung;Galaxy J4+;Conector de carga;Original;13,90;13,48;13,07;12
SA-J415-CON-COM;Samsung;Galaxy J4+;Conector de carga;Compatible;5,59;;;6
SA-J415-TAP-COM-NEG;Samsung;Galaxy J4+;Tapa trasera;Negro;5,09;;;6
SA-J415-TAP-COM-DOR;Samsung;Galaxy J4+;Tapa trasera;Dorado;5,09;;;6
SA-J415-TAP-COM-ROS;Samsung;Galaxy J4+;Tapa trasera;Rosa;5,09;;;6
SA-J415-CTR-COM;Samsung;Galaxy J4+;Cámara trasera;Compatible;9,29;;;6
SA-J415-CFR-COM;Samsung;Galaxy J4+;Cámara frontal;Compatible;6,70;;;6
SA-J415-LEN-COM;Samsung;Galaxy J4+;Lente de cámara;Compatible;2,55;;;6
SA-J415-ALT-COM;Samsung;Galaxy J4+;Altavoz;Compatible;4,45;;;6
SA-J415-AUR-COM;Samsung;Galaxy J4+;Auricular de llamada;Compatible;3,25;;;6
SA-J415-FLX-COM;Samsung;Galaxy J4+;Flex de encendido y volumen;Compatible;2,90;;;6
SA-J415-SIM-COM;Samsung;Galaxy J4+;Bandeja SIM;Compatible;3,05;;;6
SA-J610-PAN-ORI;Samsung;Galaxy J6+;Pantalla;Original con marco;39,50;38,32;37,13;12
SA-J610-PAN-COM;Samsung;Galaxy J6+;Pantalla;Compatible;14,75;14,31;13,86;6
SA-J610-BAT-ORI;Samsung;Galaxy J6+;Batería;Original;18,55;17,99;17,44;12
SA-J610-BAT-COM;Samsung;Galaxy J6+;Batería;Compatible;11,19;10,85;10,52;6
SA-J610-CON-ORI;Samsung;Galaxy J6+;Conector de carga;Original;13,90;13,48;13,07;12
SA-J610-CON-COM;Samsung;Galaxy J6+;Conector de carga;Compatible;5,59;;;6
SA-J610-TAP-COM-NEG;Samsung;Galaxy J6+;Tapa trasera;Negro;5,09;;;6
SA-J610-TAP-COM-GRI;Samsung;Galaxy J6+;Tapa trasera;Gris;5,09;;;6
SA-J610-TAP-COM-ROJ;Samsung;Galaxy J6+;Tapa trasera;Rojo;5,09;;;6
SA-J610-CTR-COM;Samsung;Galaxy J6+;Cámara trasera;Compatible;9,29;;;6
SA-J610-CFR-COM;Samsung;Galaxy J6+;Cámara frontal;Compatible;6,70;;;6
SA-J610-LEN-COM;Samsung;Galaxy J6+;Lente de cámara;Compatible;2,55;;;6
SA-J610-ALT-COM;Samsung;Galaxy J6+;Altavoz;Compatible;4,45;;;6
SA-J610-AUR-COM;Samsung;Galaxy J6+;Auricular de llamada;Compatible;3,25;;;6
SA-J610-FLX-COM;Samsung;Galaxy J6+;Flex de encendido y volumen;Compatible;2,90;;;6
SA-J610-SIM-COM;Samsung;Galaxy J6+;Bandeja SIM;Compatible;3,05;;;6
SA-A920-PAN-ORI;Samsung;Galaxy A9 2018;Pantalla;Original con marco;50,20;48,69;47,19;12
SA-A920-PAN-OLS;Samsung;Galaxy A9 2018;Pantalla;OLED Soft;41,15;39,92;38,68;6
SA-A920-PAN-OLH;Samsung;Galaxy A9 2018;Pantalla;OLED Hard;38,59;37,43;36,27;6
SA-A920-PAN-INC;Samsung;Galaxy A9 2018;Pantalla;Incell;20,25;19,64;19,04;6
SA-A920-BAT-ORI;Samsung;Galaxy A9 2018;Batería;Original;22,05;21,39;20,73;12
SA-A920-BAT-COM;Samsung;Galaxy A9 2018;Batería;Compatible;12,15;11,79;11,42;6
SA-A920-CON-ORI;Samsung;Galaxy A9 2018;Conector de carga;Original;17,25;16,73;16,22;12
SA-A920-CON-COM;Samsung;Galaxy A9 2018;Conector de carga;Compatible;7,20;;;6
SA-A920-TAP-COM-NEG;Samsung;Galaxy A9 2018;Tapa trasera;Negro (Caviar Black);5,25;;;6
SA-A920-TAP-COM-AZU;Samsung;Galaxy A9 2018;Tapa trasera;Azul (Lemonade Blue);5,25;;;6
SA-A920-TAP-COM-ROS;Samsung;Galaxy A9 2018;Tapa trasera;Rosa (Bubblegum Pink);5,25;;;6
SA-A920-CTR-COM;Samsung;Galaxy A9 2018;Cámara trasera;Compatible;10,49;10,18;9,86;6
SA-A920-CFR-COM;Samsung;Galaxy A9 2018;Cámara frontal;Compatible;7,60;;;6
SA-A920-LEN-COM;Samsung;Galaxy A9 2018;Lente de cámara;Compatible;2,35;;;6
SA-A920-ALT-COM;Samsung;Galaxy A9 2018;Altavoz;Compatible;4,40;;;6
SA-A920-AUR-COM;Samsung;Galaxy A9 2018;Auricular de llamada;Compatible;3,20;;;6
SA-A920-FLX-COM;Samsung;Galaxy A9 2018;Flex de encendido y volumen;Compatible;2,69;;;6
SA-A920-SIM-COM;Samsung;Galaxy A9 2018;Bandeja SIM;Compatible;2,85;;;6
SA-G889-PAN-COM;Samsung;Galaxy XCover FieldPro;Pantalla;Compatible;18,10;17,56;17,01;6
SA-G889-BAT-ORI;Samsung;Galaxy XCover FieldPro;Batería;Original;19,70;19,11;18,52;12
SA-G889-BAT-COM;Samsung;Galaxy XCover FieldPro;Batería;Compatible;10,35;10,04;9,73;6
SA-G889-CON-ORI;Samsung;Galaxy XCover FieldPro;Conector de carga;Original;16,50;16,01;15,51;12
SA-G889-CON-COM;Samsung;Galaxy XCover FieldPro;Conector de carga;Compatible;6,65;;;6
SA-G889-TAP-COM;Samsung;Galaxy XCover FieldPro;Tapa trasera;Compatible;5,85;;;6
SA-G889-CTR-COM;Samsung;Galaxy XCover FieldPro;Cámara trasera;Compatible;8,60;;;6
SA-G889-CFR-COM;Samsung;Galaxy XCover FieldPro;Cámara frontal;Compatible;5,25;;;6
SA-G889-LEN-COM;Samsung;Galaxy XCover FieldPro;Lente de cámara;Compatible;2,50;;;6
SA-G889-ALT-COM;Samsung;Galaxy XCover FieldPro;Altavoz;Compatible;4,20;;;6
SA-G889-AUR-COM;Samsung;Galaxy XCover FieldPro;Auricular de llamada;Compatible;2,90;;;6
SA-G889-FLX-COM;Samsung;Galaxy XCover FieldPro;Flex de encendido y volumen;Compatible;2,60;;;6
SA-G889-SIM-COM;Samsung;Galaxy XCover FieldPro;Bandeja SIM;Compatible;2,95;;;6
SA-A185-PAN-ORI;Samsung;Galaxy A18;Pantalla;Original con marco;49,85;48,35;46,86;12
SA-A185-PAN-OLS;Samsung;Galaxy A18;Pantalla;OLED Soft;42,29;41,02;39,75;6
SA-A185-PAN-OLH;Samsung;Galaxy A18;Pantalla;OLED Hard;39,65;38,46;37,27;6
SA-A185-PAN-INC;Samsung;Galaxy A18;Pantalla;Incell;23,50;22,80;22,09;6
SA-A185-BAT-ORI;Samsung;Galaxy A18;Batería;Original;19,95;19,35;18,75;12
SA-A185-BAT-COM;Samsung;Galaxy A18;Batería;Compatible;10,35;10,04;9,73;6
SA-A185-CON-ORI;Samsung;Galaxy A18;Conector de carga;Original;18,10;17,56;17,01;12
SA-A185-CON-COM;Samsung;Galaxy A18;Conector de carga;Compatible;7,55;;;6
SA-A185-TAP-COM;Samsung;Galaxy A18;Tapa trasera;Compatible;5,75;;;6
SA-A185-CTR-COM;Samsung;Galaxy A18;Cámara trasera;Compatible;14,40;13,97;13,54;6
SA-A185-CFR-COM;Samsung;Galaxy A18;Cámara frontal;Compatible;10,75;10,43;10,10;6
SA-A185-LEN-COM;Samsung;Galaxy A18;Lente de cámara;Compatible;3,25;;;6
SA-A185-ALT-COM;Samsung;Galaxy A18;Altavoz;Compatible;5,65;;;6
SA-A185-AUR-COM;Samsung;Galaxy A18;Auricular de llamada;Compatible;4,55;;;6
SA-A185-FLX-COM;Samsung;Galaxy A18;Flex de encendido y volumen;Compatible;3,35;;;6
SA-A185-SIM-COM;Samsung;Galaxy A18;Bandeja SIM;Compatible;3,55;;;6
SA-G960-PRO-NA;Samsung;Galaxy S9;Cristal templado;Estándar;1,30;;;
SA-G960-PRO-NA-FG;Samsung;Galaxy S9;Cristal templado;UV full glue;4,15;;;
SA-G960-PRO-PRI;Samsung;Galaxy S9;Cristal templado;Privacidad;4,00;;;
SA-G960-OTR-ADT;Samsung;Galaxy S9;Adhesivo de tapa;;2,80;;;
SA-G960-OTR-ADP;Samsung;Galaxy S9;Adhesivo de pantalla;;3,75;;;
SA-G960-FUN-SIL;Samsung;Galaxy S9;Funda;Silicona;2,50;;;
SA-G960-FUN-TPU;Samsung;Galaxy S9;Funda;Transparente;2,95;;;
SA-G960-FUN-LIB;Samsung;Galaxy S9;Funda;Libro;3,70;;;
SA-G960-FUN-ANT;Samsung;Galaxy S9;Funda;Antigolpes;3,10;;;
SA-G965-PRO-NA;Samsung;Galaxy S9+;Cristal templado;Estándar;1,30;;;
SA-G965-PRO-NA-FG;Samsung;Galaxy S9+;Cristal templado;UV full glue;4,15;;;
SA-G965-PRO-PRI;Samsung;Galaxy S9+;Cristal templado;Privacidad;4,00;;;
SA-G965-OTR-ADT;Samsung;Galaxy S9+;Adhesivo de tapa;;2,80;;;
SA-G965-OTR-ADP;Samsung;Galaxy S9+;Adhesivo de pantalla;;3,75;;;
SA-G965-FUN-SIL;Samsung;Galaxy S9+;Funda;Silicona;2,50;;;
SA-G965-FUN-TPU;Samsung;Galaxy S9+;Funda;Transparente;2,95;;;
SA-G965-FUN-LIB;Samsung;Galaxy S9+;Funda;Libro;3,70;;;
SA-G965-FUN-ANT;Samsung;Galaxy S9+;Funda;Antigolpes;3,10;;;
SA-N960-PRO-NA;Samsung;Galaxy Note9;Cristal templado;Estándar;1,30;;;
SA-N960-PRO-NA-FG;Samsung;Galaxy Note9;Cristal templado;UV full glue;4,15;;;
SA-N960-PRO-PRI;Samsung;Galaxy Note9;Cristal templado;Privacidad;4,00;;;
SA-N960-OTR-ADT;Samsung;Galaxy Note9;Adhesivo de tapa;;2,80;;;
SA-N960-OTR-ADP;Samsung;Galaxy Note9;Adhesivo de pantalla;;3,75;;;
SA-N960-FUN-SIL;Samsung;Galaxy Note9;Funda;Silicona;2,50;;;
SA-N960-FUN-TPU;Samsung;Galaxy Note9;Funda;Transparente;2,95;;;
SA-N960-FUN-LIB;Samsung;Galaxy Note9;Funda;Libro;3,70;;;
SA-N960-FUN-ANT;Samsung;Galaxy Note9;Funda;Antigolpes;3,10;;;
SA-G970-PRO-NA;Samsung;Galaxy S10e;Cristal templado;Estándar;1,30;;;
SA-G970-PRO-PRI;Samsung;Galaxy S10e;Cristal templado;Privacidad;4,00;;;
SA-G970-OTR-ADT;Samsung;Galaxy S10e;Adhesivo de tapa;;2,80;;;
SA-G970-OTR-ADP;Samsung;Galaxy S10e;Adhesivo de pantalla;;3,75;;;
SA-G970-FUN-SIL;Samsung;Galaxy S10e;Funda;Silicona;2,50;;;
SA-G970-FUN-TPU;Samsung;Galaxy S10e;Funda;Transparente;2,95;;;
SA-G970-FUN-LIB;Samsung;Galaxy S10e;Funda;Libro;3,70;;;
SA-G970-FUN-ANT;Samsung;Galaxy S10e;Funda;Antigolpes;3,10;;;
SA-G970-PCA-NA;Samsung;Galaxy S10e;Protector de cámara;Cristal;2,90;;;
SA-G973-PRO-NA;Samsung;Galaxy S10;Cristal templado;Estándar;1,30;;;
SA-G973-PRO-NA-FG;Samsung;Galaxy S10;Cristal templado;UV full glue;4,15;;;
SA-G973-PRO-PRI;Samsung;Galaxy S10;Cristal templado;Privacidad;4,00;;;
SA-G973-OTR-ADT;Samsung;Galaxy S10;Adhesivo de tapa;;2,80;;;
SA-G973-OTR-ADP;Samsung;Galaxy S10;Adhesivo de pantalla;;3,75;;;
SA-G973-FUN-SIL;Samsung;Galaxy S10;Funda;Silicona;2,50;;;
SA-G973-FUN-TPU;Samsung;Galaxy S10;Funda;Transparente;2,95;;;
SA-G973-FUN-LIB;Samsung;Galaxy S10;Funda;Libro;3,70;;;
SA-G973-FUN-ANT;Samsung;Galaxy S10;Funda;Antigolpes;3,10;;;
SA-G973-PCA-NA;Samsung;Galaxy S10;Protector de cámara;Cristal;2,90;;;
SA-G975-PRO-NA;Samsung;Galaxy S10+;Cristal templado;Estándar;1,30;;;
SA-G975-PRO-NA-FG;Samsung;Galaxy S10+;Cristal templado;UV full glue;4,15;;;
SA-G975-PRO-PRI;Samsung;Galaxy S10+;Cristal templado;Privacidad;4,00;;;
SA-G975-OTR-ADT;Samsung;Galaxy S10+;Adhesivo de tapa;;2,80;;;
SA-G975-OTR-ADP;Samsung;Galaxy S10+;Adhesivo de pantalla;;3,75;;;
SA-G975-FUN-SIL;Samsung;Galaxy S10+;Funda;Silicona;2,50;;;
SA-G975-FUN-TPU;Samsung;Galaxy S10+;Funda;Transparente;2,95;;;
SA-G975-FUN-LIB;Samsung;Galaxy S10+;Funda;Libro;3,70;;;
SA-G975-FUN-ANT;Samsung;Galaxy S10+;Funda;Antigolpes;3,10;;;
SA-G975-PCA-NA;Samsung;Galaxy S10+;Protector de cámara;Cristal;2,90;;;
SA-G977-PRO-NA;Samsung;Galaxy S10 5G;Cristal templado;Estándar;1,30;;;
SA-G977-PRO-NA-FG;Samsung;Galaxy S10 5G;Cristal templado;UV full glue;4,15;;;
SA-G977-PRO-PRI;Samsung;Galaxy S10 5G;Cristal templado;Privacidad;4,00;;;
SA-G977-OTR-ADT;Samsung;Galaxy S10 5G;Adhesivo de tapa;;2,80;;;
SA-G977-OTR-ADP;Samsung;Galaxy S10 5G;Adhesivo de pantalla;;3,75;;;
SA-G977-FUN-SIL;Samsung;Galaxy S10 5G;Funda;Silicona;2,50;;;
SA-G977-FUN-TPU;Samsung;Galaxy S10 5G;Funda;Transparente;2,95;;;
SA-G977-FUN-LIB;Samsung;Galaxy S10 5G;Funda;Libro;3,70;;;
SA-G977-FUN-ANT;Samsung;Galaxy S10 5G;Funda;Antigolpes;3,10;;;
SA-G977-PCA-NA;Samsung;Galaxy S10 5G;Protector de cámara;Cristal;2,90;;;
SA-N970-PRO-NA;Samsung;Galaxy Note10;Cristal templado;Estándar;1,30;;;
SA-N970-PRO-NA-FG;Samsung;Galaxy Note10;Cristal templado;UV full glue;4,15;;;
SA-N970-PRO-PRI;Samsung;Galaxy Note10;Cristal templado;Privacidad;4,00;;;
SA-N970-OTR-ADT;Samsung;Galaxy Note10;Adhesivo de tapa;;2,80;;;
SA-N970-OTR-ADP;Samsung;Galaxy Note10;Adhesivo de pantalla;;3,75;;;
SA-N970-FUN-SIL;Samsung;Galaxy Note10;Funda;Silicona;2,50;;;
SA-N970-FUN-TPU;Samsung;Galaxy Note10;Funda;Transparente;2,95;;;
SA-N970-FUN-LIB;Samsung;Galaxy Note10;Funda;Libro;3,70;;;
SA-N970-FUN-ANT;Samsung;Galaxy Note10;Funda;Antigolpes;3,10;;;
SA-N970-PCA-NA;Samsung;Galaxy Note10;Protector de cámara;Cristal;2,90;;;
SA-N975-PRO-NA;Samsung;Galaxy Note10+;Cristal templado;Estándar;1,30;;;
SA-N975-PRO-NA-FG;Samsung;Galaxy Note10+;Cristal templado;UV full glue;4,15;;;
SA-N975-PRO-PRI;Samsung;Galaxy Note10+;Cristal templado;Privacidad;4,00;;;
SA-N975-OTR-ADT;Samsung;Galaxy Note10+;Adhesivo de tapa;;2,80;;;
SA-N975-OTR-ADP;Samsung;Galaxy Note10+;Adhesivo de pantalla;;3,75;;;
SA-N975-FUN-SIL;Samsung;Galaxy Note10+;Funda;Silicona;2,50;;;
SA-N975-FUN-TPU;Samsung;Galaxy Note10+;Funda;Transparente;2,95;;;
SA-N975-FUN-LIB;Samsung;Galaxy Note10+;Funda;Libro;3,70;;;
SA-N975-FUN-ANT;Samsung;Galaxy Note10+;Funda;Antigolpes;3,10;;;
SA-N975-PCA-NA;Samsung;Galaxy Note10+;Protector de cámara;Cristal;2,90;;;
SA-F900-PRO-NA;Samsung;Galaxy Fold;Cristal templado;Estándar;1,30;;;
SA-F900-FUN-SIL;Samsung;Galaxy Fold;Funda;Silicona;2,50;;;
SA-F900-FUN-TPU;Samsung;Galaxy Fold;Funda;Transparente;2,95;;;
SA-F900-PCA-NA;Samsung;Galaxy Fold;Protector de cámara;Cristal;2,90;;;
SA-N770-PRO-NA;Samsung;Galaxy Note10 Lite;Cristal templado;Estándar;1,30;;;
SA-N770-PRO-PRI;Samsung;Galaxy Note10 Lite;Cristal templado;Privacidad;4,00;;;
SA-N770-OTR-ADT;Samsung;Galaxy Note10 Lite;Adhesivo de tapa;;2,80;;;
SA-N770-OTR-ADP;Samsung;Galaxy Note10 Lite;Adhesivo de pantalla;;3,75;;;
SA-N770-FUN-SIL;Samsung;Galaxy Note10 Lite;Funda;Silicona;2,50;;;
SA-N770-FUN-TPU;Samsung;Galaxy Note10 Lite;Funda;Transparente;2,95;;;
SA-N770-FUN-LIB;Samsung;Galaxy Note10 Lite;Funda;Libro;3,70;;;
SA-N770-FUN-ANT;Samsung;Galaxy Note10 Lite;Funda;Antigolpes;3,10;;;
SA-N770-PCA-NA;Samsung;Galaxy Note10 Lite;Protector de cámara;Cristal;2,90;;;
SA-G770-PRO-NA;Samsung;Galaxy S10 Lite;Cristal templado;Estándar;1,30;;;
SA-G770-PRO-PRI;Samsung;Galaxy S10 Lite;Cristal templado;Privacidad;4,00;;;
SA-G770-OTR-ADT;Samsung;Galaxy S10 Lite;Adhesivo de tapa;;2,80;;;
SA-G770-OTR-ADP;Samsung;Galaxy S10 Lite;Adhesivo de pantalla;;3,75;;;
SA-G770-FUN-SIL;Samsung;Galaxy S10 Lite;Funda;Silicona;2,50;;;
SA-G770-FUN-TPU;Samsung;Galaxy S10 Lite;Funda;Transparente;2,95;;;
SA-G770-FUN-LIB;Samsung;Galaxy S10 Lite;Funda;Libro;3,70;;;
SA-G770-FUN-ANT;Samsung;Galaxy S10 Lite;Funda;Antigolpes;3,10;;;
SA-G770-PCA-NA;Samsung;Galaxy S10 Lite;Protector de cámara;Cristal;2,90;;;
SA-F700-PRO-NA;Samsung;Galaxy Z Flip;Cristal templado;Estándar;1,30;;;
SA-F700-OTR-ADT;Samsung;Galaxy Z Flip;Adhesivo de tapa;;2,80;;;
SA-F700-FUN-SIL;Samsung;Galaxy Z Flip;Funda;Silicona;2,50;;;
SA-F700-FUN-TPU;Samsung;Galaxy Z Flip;Funda;Transparente;2,95;;;
SA-F700-PCA-NA;Samsung;Galaxy Z Flip;Protector de cámara;Cristal;2,90;;;
SA-G980-PRO-NA;Samsung;Galaxy S20;Cristal templado;Estándar;1,30;;;
SA-G980-PRO-NA-FG;Samsung;Galaxy S20;Cristal templado;UV full glue;4,15;;;
SA-G980-PRO-PRI;Samsung;Galaxy S20;Cristal templado;Privacidad;4,00;;;
SA-G980-OTR-ADT;Samsung;Galaxy S20;Adhesivo de tapa;;2,80;;;
SA-G980-OTR-ADP;Samsung;Galaxy S20;Adhesivo de pantalla;;3,75;;;
SA-G980-FUN-SIL;Samsung;Galaxy S20;Funda;Silicona;2,50;;;
SA-G980-FUN-TPU;Samsung;Galaxy S20;Funda;Transparente;2,95;;;
SA-G980-FUN-LIB;Samsung;Galaxy S20;Funda;Libro;3,70;;;
SA-G980-FUN-ANT;Samsung;Galaxy S20;Funda;Antigolpes;3,10;;;
SA-G980-PCA-NA;Samsung;Galaxy S20;Protector de cámara;Cristal;2,90;;;
SA-G985-PRO-NA;Samsung;Galaxy S20+;Cristal templado;Estándar;1,30;;;
SA-G985-PRO-NA-FG;Samsung;Galaxy S20+;Cristal templado;UV full glue;4,15;;;
SA-G985-PRO-PRI;Samsung;Galaxy S20+;Cristal templado;Privacidad;4,00;;;
SA-G985-OTR-ADT;Samsung;Galaxy S20+;Adhesivo de tapa;;2,80;;;
SA-G985-OTR-ADP;Samsung;Galaxy S20+;Adhesivo de pantalla;;3,75;;;
SA-G985-FUN-SIL;Samsung;Galaxy S20+;Funda;Silicona;2,50;;;
SA-G985-FUN-TPU;Samsung;Galaxy S20+;Funda;Transparente;2,95;;;
SA-G985-FUN-LIB;Samsung;Galaxy S20+;Funda;Libro;3,70;;;
SA-G985-FUN-ANT;Samsung;Galaxy S20+;Funda;Antigolpes;3,10;;;
SA-G985-PCA-NA;Samsung;Galaxy S20+;Protector de cámara;Cristal;2,90;;;
SA-G988-PRO-NA;Samsung;Galaxy S20 Ultra;Cristal templado;Estándar;1,30;;;
SA-G988-PRO-NA-FG;Samsung;Galaxy S20 Ultra;Cristal templado;UV full glue;4,15;;;
SA-G988-PRO-PRI;Samsung;Galaxy S20 Ultra;Cristal templado;Privacidad;4,00;;;
SA-G988-OTR-ADT;Samsung;Galaxy S20 Ultra;Adhesivo de tapa;;2,80;;;
SA-G988-OTR-ADP;Samsung;Galaxy S20 Ultra;Adhesivo de pantalla;;3,75;;;
SA-G988-FUN-SIL;Samsung;Galaxy S20 Ultra;Funda;Silicona;2,50;;;
SA-G988-FUN-TPU;Samsung;Galaxy S20 Ultra;Funda;Transparente;2,95;;;
SA-G988-FUN-LIB;Samsung;Galaxy S20 Ultra;Funda;Libro;3,70;;;
SA-G988-FUN-ANT;Samsung;Galaxy S20 Ultra;Funda;Antigolpes;3,10;;;
SA-G988-PCA-NA;Samsung;Galaxy S20 Ultra;Protector de cámara;Cristal;2,90;;;
SA-N980-PRO-NA;Samsung;Galaxy Note20;Cristal templado;Estándar;1,30;;;
SA-N980-PRO-NA-FG;Samsung;Galaxy Note20;Cristal templado;UV full glue;4,15;;;
SA-N980-PRO-PRI;Samsung;Galaxy Note20;Cristal templado;Privacidad;4,00;;;
SA-N980-OTR-ADT;Samsung;Galaxy Note20;Adhesivo de tapa;;2,80;;;
SA-N980-OTR-ADP;Samsung;Galaxy Note20;Adhesivo de pantalla;;3,75;;;
SA-N980-FUN-SIL;Samsung;Galaxy Note20;Funda;Silicona;2,50;;;
SA-N980-FUN-TPU;Samsung;Galaxy Note20;Funda;Transparente;2,95;;;
SA-N980-FUN-LIB;Samsung;Galaxy Note20;Funda;Libro;3,70;;;
SA-N980-FUN-ANT;Samsung;Galaxy Note20;Funda;Antigolpes;3,10;;;
SA-N980-PCA-NA;Samsung;Galaxy Note20;Protector de cámara;Cristal;2,90;;;
SA-N986-PRO-NA;Samsung;Galaxy Note20 Ultra 5G;Cristal templado;Estándar;1,30;;;
SA-N986-PRO-NA-FG;Samsung;Galaxy Note20 Ultra 5G;Cristal templado;UV full glue;4,15;;;
SA-N986-PRO-PRI;Samsung;Galaxy Note20 Ultra 5G;Cristal templado;Privacidad;4,00;;;
SA-N986-OTR-ADT;Samsung;Galaxy Note20 Ultra 5G;Adhesivo de tapa;;2,80;;;
SA-N986-OTR-ADP;Samsung;Galaxy Note20 Ultra 5G;Adhesivo de pantalla;;3,75;;;
SA-N986-FUN-SIL;Samsung;Galaxy Note20 Ultra 5G;Funda;Silicona;2,50;;;
SA-N986-FUN-TPU;Samsung;Galaxy Note20 Ultra 5G;Funda;Transparente;2,95;;;
SA-N986-FUN-LIB;Samsung;Galaxy Note20 Ultra 5G;Funda;Libro;3,70;;;
SA-N986-FUN-ANT;Samsung;Galaxy Note20 Ultra 5G;Funda;Antigolpes;3,10;;;
SA-N986-PCA-NA;Samsung;Galaxy Note20 Ultra 5G;Protector de cámara;Cristal;2,90;;;
SA-F707-PRO-NA;Samsung;Galaxy Z Flip 5G;Cristal templado;Estándar;1,30;;;
SA-F707-OTR-ADT;Samsung;Galaxy Z Flip 5G;Adhesivo de tapa;;2,80;;;
SA-F707-FUN-SIL;Samsung;Galaxy Z Flip 5G;Funda;Silicona;2,50;;;
SA-F707-FUN-TPU;Samsung;Galaxy Z Flip 5G;Funda;Transparente;2,95;;;
SA-F707-PCA-NA;Samsung;Galaxy Z Flip 5G;Protector de cámara;Cristal;2,90;;;
SA-F916-PRO-NA;Samsung;Galaxy Z Fold2 5G;Cristal templado;Estándar;1,30;;;
SA-F916-OTR-ADT;Samsung;Galaxy Z Fold2 5G;Adhesivo de tapa;;2,80;;;
SA-F916-FUN-SIL;Samsung;Galaxy Z Fold2 5G;Funda;Silicona;2,50;;;
SA-F916-FUN-TPU;Samsung;Galaxy Z Fold2 5G;Funda;Transparente;2,95;;;
SA-F916-PCA-NA;Samsung;Galaxy Z Fold2 5G;Protector de cámara;Cristal;2,90;;;
SA-G780-PRO-NA;Samsung;Galaxy S20 FE;Cristal templado;Estándar;1,30;;;
SA-G780-PRO-PRI;Samsung;Galaxy S20 FE;Cristal templado;Privacidad;4,00;;;
SA-G780-OTR-ADT;Samsung;Galaxy S20 FE;Adhesivo de tapa;;2,80;;;
SA-G780-OTR-ADP;Samsung;Galaxy S20 FE;Adhesivo de pantalla;;3,75;;;
SA-G780-FUN-SIL;Samsung;Galaxy S20 FE;Funda;Silicona;2,50;;;
SA-G780-FUN-TPU;Samsung;Galaxy S20 FE;Funda;Transparente;2,95;;;
SA-G780-FUN-LIB;Samsung;Galaxy S20 FE;Funda;Libro;3,70;;;
SA-G780-FUN-ANT;Samsung;Galaxy S20 FE;Funda;Antigolpes;3,10;;;
SA-G780-PCA-NA;Samsung;Galaxy S20 FE;Protector de cámara;Cristal;2,90;;;
SA-G991-PRO-NA;Samsung;Galaxy S21 5G;Cristal templado;Estándar;1,30;;;
SA-G991-PRO-NA-FG;Samsung;Galaxy S21 5G;Cristal templado;UV full glue;4,15;;;
SA-G991-PRO-PRI;Samsung;Galaxy S21 5G;Cristal templado;Privacidad;4,00;;;
SA-G991-OTR-ADT;Samsung;Galaxy S21 5G;Adhesivo de tapa;;2,80;;;
SA-G991-OTR-ADP;Samsung;Galaxy S21 5G;Adhesivo de pantalla;;3,75;;;
SA-G991-FUN-SIL;Samsung;Galaxy S21 5G;Funda;Silicona;2,50;;;
SA-G991-FUN-TPU;Samsung;Galaxy S21 5G;Funda;Transparente;2,95;;;
SA-G991-FUN-LIB;Samsung;Galaxy S21 5G;Funda;Libro;3,70;;;
SA-G991-FUN-ANT;Samsung;Galaxy S21 5G;Funda;Antigolpes;3,10;;;
SA-G991-PCA-NA;Samsung;Galaxy S21 5G;Protector de cámara;Cristal;2,90;;;
SA-G996-PRO-NA;Samsung;Galaxy S21+ 5G;Cristal templado;Estándar;1,30;;;
SA-G996-PRO-NA-FG;Samsung;Galaxy S21+ 5G;Cristal templado;UV full glue;4,15;;;
SA-G996-PRO-PRI;Samsung;Galaxy S21+ 5G;Cristal templado;Privacidad;4,00;;;
SA-G996-OTR-ADT;Samsung;Galaxy S21+ 5G;Adhesivo de tapa;;2,80;;;
SA-G996-OTR-ADP;Samsung;Galaxy S21+ 5G;Adhesivo de pantalla;;3,75;;;
SA-G996-FUN-SIL;Samsung;Galaxy S21+ 5G;Funda;Silicona;2,50;;;
SA-G996-FUN-TPU;Samsung;Galaxy S21+ 5G;Funda;Transparente;2,95;;;
SA-G996-FUN-LIB;Samsung;Galaxy S21+ 5G;Funda;Libro;3,70;;;
SA-G996-FUN-ANT;Samsung;Galaxy S21+ 5G;Funda;Antigolpes;3,10;;;
SA-G996-PCA-NA;Samsung;Galaxy S21+ 5G;Protector de cámara;Cristal;2,90;;;
SA-G998-PRO-NA;Samsung;Galaxy S21 Ultra 5G;Cristal templado;Estándar;1,30;;;
SA-G998-PRO-NA-FG;Samsung;Galaxy S21 Ultra 5G;Cristal templado;UV full glue;4,15;;;
SA-G998-PRO-PRI;Samsung;Galaxy S21 Ultra 5G;Cristal templado;Privacidad;4,00;;;
SA-G998-OTR-ADT;Samsung;Galaxy S21 Ultra 5G;Adhesivo de tapa;;2,80;;;
SA-G998-OTR-ADP;Samsung;Galaxy S21 Ultra 5G;Adhesivo de pantalla;;3,75;;;
SA-G998-FUN-SIL;Samsung;Galaxy S21 Ultra 5G;Funda;Silicona;2,50;;;
SA-G998-FUN-TPU;Samsung;Galaxy S21 Ultra 5G;Funda;Transparente;3,25;;;
SA-G998-FUN-LIB;Samsung;Galaxy S21 Ultra 5G;Funda;Libro;3,70;;;
SA-G998-FUN-ANT;Samsung;Galaxy S21 Ultra 5G;Funda;Antigolpes;3,10;;;
SA-G998-PCA-NA;Samsung;Galaxy S21 Ultra 5G;Protector de cámara;Cristal;2,80;;;
SA-F711-PRO-NA;Samsung;Galaxy Z Flip3 5G;Cristal templado;Estándar;1,30;;;
SA-F711-OTR-ADT;Samsung;Galaxy Z Flip3 5G;Adhesivo de tapa;;2,80;;;
SA-F711-FUN-SIL;Samsung;Galaxy Z Flip3 5G;Funda;Silicona;2,50;;;
SA-F711-FUN-TPU;Samsung;Galaxy Z Flip3 5G;Funda;Transparente;2,95;;;
SA-F711-PCA-NA;Samsung;Galaxy Z Flip3 5G;Protector de cámara;Cristal;2,90;;;
SA-F926-PRO-NA;Samsung;Galaxy Z Fold3 5G;Cristal templado;Estándar;1,30;;;
SA-F926-OTR-ADT;Samsung;Galaxy Z Fold3 5G;Adhesivo de tapa;;2,80;;;
SA-F926-FUN-SIL;Samsung;Galaxy Z Fold3 5G;Funda;Silicona;2,50;;;
SA-F926-FUN-TPU;Samsung;Galaxy Z Fold3 5G;Funda;Transparente;2,95;;;
SA-F926-PCA-NA;Samsung;Galaxy Z Fold3 5G;Protector de cámara;Cristal;2,90;;;
SA-G990-PRO-NA;Samsung;Galaxy S21 FE 5G;Cristal templado;Estándar;1,30;;;
SA-G990-PRO-PRI;Samsung;Galaxy S21 FE 5G;Cristal templado;Privacidad;4,00;;;
SA-G990-OTR-ADT;Samsung;Galaxy S21 FE 5G;Adhesivo de tapa;;2,80;;;
SA-G990-OTR-ADP;Samsung;Galaxy S21 FE 5G;Adhesivo de pantalla;;3,75;;;
SA-G990-FUN-SIL;Samsung;Galaxy S21 FE 5G;Funda;Silicona;2,50;;;
SA-G990-FUN-TPU;Samsung;Galaxy S21 FE 5G;Funda;Transparente;2,95;;;
SA-G990-FUN-LIB;Samsung;Galaxy S21 FE 5G;Funda;Libro;3,70;;;
SA-G990-FUN-ANT;Samsung;Galaxy S21 FE 5G;Funda;Antigolpes;3,10;;;
SA-G990-PCA-NA;Samsung;Galaxy S21 FE 5G;Protector de cámara;Cristal;2,90;;;
SA-S901-PRO-NA;Samsung;Galaxy S22;Cristal templado;Estándar;1,30;;;
SA-S901-PRO-NA-FG;Samsung;Galaxy S22;Cristal templado;UV full glue;4,15;;;
SA-S901-PRO-PRI;Samsung;Galaxy S22;Cristal templado;Privacidad;4,00;;;
SA-S901-OTR-ADT;Samsung;Galaxy S22;Adhesivo de tapa;;2,80;;;
SA-S901-OTR-ADP;Samsung;Galaxy S22;Adhesivo de pantalla;;3,75;;;
SA-S901-FUN-SIL;Samsung;Galaxy S22;Funda;Silicona;2,50;;;
SA-S901-FUN-TPU;Samsung;Galaxy S22;Funda;Transparente;2,95;;;
SA-S901-FUN-LIB;Samsung;Galaxy S22;Funda;Libro;3,70;;;
SA-S901-FUN-ANT;Samsung;Galaxy S22;Funda;Antigolpes;3,10;;;
SA-S901-PCA-NA;Samsung;Galaxy S22;Protector de cámara;Cristal;2,90;;;
SA-S906-PRO-NA;Samsung;Galaxy S22+;Cristal templado;Estándar;1,30;;;
SA-S906-PRO-NA-FG;Samsung;Galaxy S22+;Cristal templado;UV full glue;4,15;;;
SA-S906-PRO-PRI;Samsung;Galaxy S22+;Cristal templado;Privacidad;4,00;;;
SA-S906-OTR-ADT;Samsung;Galaxy S22+;Adhesivo de tapa;;2,80;;;
SA-S906-OTR-ADP;Samsung;Galaxy S22+;Adhesivo de pantalla;;3,75;;;
SA-S906-FUN-SIL;Samsung;Galaxy S22+;Funda;Silicona;2,50;;;
SA-S906-FUN-TPU;Samsung;Galaxy S22+;Funda;Transparente;2,95;;;
SA-S906-FUN-LIB;Samsung;Galaxy S22+;Funda;Libro;3,70;;;
SA-S906-FUN-ANT;Samsung;Galaxy S22+;Funda;Antigolpes;3,10;;;
SA-S906-PCA-NA;Samsung;Galaxy S22+;Protector de cámara;Cristal;2,90;;;
SA-S908-PRO-NA;Samsung;Galaxy S22 Ultra;Cristal templado;Estándar;1,30;;;
SA-S908-PRO-NA-FG;Samsung;Galaxy S22 Ultra;Cristal templado;UV full glue;4,15;;;
SA-S908-PRO-PRI;Samsung;Galaxy S22 Ultra;Cristal templado;Privacidad;4,00;;;
SA-S908-OTR-ADT;Samsung;Galaxy S22 Ultra;Adhesivo de tapa;;2,80;;;
SA-S908-OTR-ADP;Samsung;Galaxy S22 Ultra;Adhesivo de pantalla;;3,75;;;
SA-S908-FUN-SIL;Samsung;Galaxy S22 Ultra;Funda;Silicona;2,50;;;
SA-S908-FUN-TPU;Samsung;Galaxy S22 Ultra;Funda;Transparente;2,95;;;
SA-S908-FUN-LIB;Samsung;Galaxy S22 Ultra;Funda;Libro;3,70;;;
SA-S908-FUN-ANT;Samsung;Galaxy S22 Ultra;Funda;Antigolpes;3,10;;;
SA-S908-PCA-NA;Samsung;Galaxy S22 Ultra;Protector de cámara;Cristal;2,90;;;
SA-F721-PRO-NA;Samsung;Galaxy Z Flip4;Cristal templado;Estándar;1,30;;;
SA-F721-OTR-ADT;Samsung;Galaxy Z Flip4;Adhesivo de tapa;;2,80;;;
SA-F721-FUN-SIL;Samsung;Galaxy Z Flip4;Funda;Silicona;2,50;;;
SA-F721-FUN-TPU;Samsung;Galaxy Z Flip4;Funda;Transparente;2,95;;;
SA-F721-PCA-NA;Samsung;Galaxy Z Flip4;Protector de cámara;Cristal;2,90;;;
SA-F936-PRO-NA;Samsung;Galaxy Z Fold4;Cristal templado;Estándar;1,30;;;
SA-F936-OTR-ADT;Samsung;Galaxy Z Fold4;Adhesivo de tapa;;2,80;;;
SA-F936-FUN-SIL;Samsung;Galaxy Z Fold4;Funda;Silicona;2,50;;;
SA-F936-FUN-TPU;Samsung;Galaxy Z Fold4;Funda;Transparente;2,95;;;
SA-F936-PCA-NA;Samsung;Galaxy Z Fold4;Protector de cámara;Cristal;2,90;;;
SA-S911-PRO-NA;Samsung;Galaxy S23;Cristal templado;Estándar;1,30;;;
SA-S911-PRO-NA-FG;Samsung;Galaxy S23;Cristal templado;UV full glue;4,15;;;
SA-S911-PRO-PRI;Samsung;Galaxy S23;Cristal templado;Privacidad;4,00;;;
SA-S911-OTR-ADT;Samsung;Galaxy S23;Adhesivo de tapa;;2,80;;;
SA-S911-OTR-ADP;Samsung;Galaxy S23;Adhesivo de pantalla;;3,75;;;
SA-S911-FUN-SIL;Samsung;Galaxy S23;Funda;Silicona;2,05;;;
SA-S911-FUN-TPU;Samsung;Galaxy S23;Funda;Transparente;2,95;;;
SA-S911-FUN-LIB;Samsung;Galaxy S23;Funda;Libro;3,70;;;
SA-S911-FUN-ANT;Samsung;Galaxy S23;Funda;Antigolpes;3,20;;;
SA-S911-PCA-NA;Samsung;Galaxy S23;Protector de cámara;Cristal;2,90;;;
SA-S916-PRO-NA;Samsung;Galaxy S23+;Cristal templado;Estándar;1,30;;;
SA-S916-PRO-NA-FG;Samsung;Galaxy S23+;Cristal templado;UV full glue;4,15;;;
SA-S916-PRO-PRI;Samsung;Galaxy S23+;Cristal templado;Privacidad;4,00;;;
SA-S916-OTR-ADT;Samsung;Galaxy S23+;Adhesivo de tapa;;2,80;;;
SA-S916-OTR-ADP;Samsung;Galaxy S23+;Adhesivo de pantalla;;3,75;;;
SA-S916-FUN-SIL;Samsung;Galaxy S23+;Funda;Silicona;2,50;;;
SA-S916-FUN-TPU;Samsung;Galaxy S23+;Funda;Transparente;2,95;;;
SA-S916-FUN-LIB;Samsung;Galaxy S23+;Funda;Libro;3,70;;;
SA-S916-FUN-ANT;Samsung;Galaxy S23+;Funda;Antigolpes;3,10;;;
SA-S916-PCA-NA;Samsung;Galaxy S23+;Protector de cámara;Cristal;2,55;;;
SA-S918-PRO-NA;Samsung;Galaxy S23 Ultra;Cristal templado;Estándar;1,30;;;
SA-S918-PRO-NA-FG;Samsung;Galaxy S23 Ultra;Cristal templado;UV full glue;4,15;;;
SA-S918-PRO-PRI;Samsung;Galaxy S23 Ultra;Cristal templado;Privacidad;4,00;;;
SA-S918-OTR-ADT;Samsung;Galaxy S23 Ultra;Adhesivo de tapa;;2,80;;;
SA-S918-OTR-ADP;Samsung;Galaxy S23 Ultra;Adhesivo de pantalla;;3,75;;;
SA-S918-FUN-SIL;Samsung;Galaxy S23 Ultra;Funda;Silicona;2,50;;;
SA-S918-FUN-TPU;Samsung;Galaxy S23 Ultra;Funda;Transparente;2,95;;;
SA-S918-FUN-LIB;Samsung;Galaxy S23 Ultra;Funda;Libro;3,70;;;
SA-S918-FUN-ANT;Samsung;Galaxy S23 Ultra;Funda;Antigolpes;3,10;;;
SA-S918-PCA-NA;Samsung;Galaxy S23 Ultra;Protector de cámara;Cristal;2,20;;;
SA-F731-PRO-NA;Samsung;Galaxy Z Flip5;Cristal templado;Estándar;1,30;;;
SA-F731-OTR-ADT;Samsung;Galaxy Z Flip5;Adhesivo de tapa;;2,80;;;
SA-F731-FUN-SIL;Samsung;Galaxy Z Flip5;Funda;Silicona;2,50;;;
SA-F731-FUN-TPU;Samsung;Galaxy Z Flip5;Funda;Transparente;2,95;;;
SA-F731-PCA-NA;Samsung;Galaxy Z Flip5;Protector de cámara;Cristal;2,90;;;
SA-F946-PRO-NA;Samsung;Galaxy Z Fold5;Cristal templado;Estándar;1,30;;;
SA-F946-OTR-ADT;Samsung;Galaxy Z Fold5;Adhesivo de tapa;;2,80;;;
SA-F946-FUN-SIL;Samsung;Galaxy Z Fold5;Funda;Silicona;2,50;;;
SA-F946-FUN-TPU;Samsung;Galaxy Z Fold5;Funda;Transparente;2,95;;;
SA-F946-PCA-NA;Samsung;Galaxy Z Fold5;Protector de cámara;Cristal;2,90;;;
SA-S711-PRO-NA;Samsung;Galaxy S23 FE;Cristal templado;Estándar;1,30;;;
SA-S711-PRO-PRI;Samsung;Galaxy S23 FE;Cristal templado;Privacidad;4,00;;;
SA-S711-OTR-ADT;Samsung;Galaxy S23 FE;Adhesivo de tapa;;2,80;;;
SA-S711-OTR-ADP;Samsung;Galaxy S23 FE;Adhesivo de pantalla;;3,75;;;
SA-S711-FUN-SIL;Samsung;Galaxy S23 FE;Funda;Silicona;2,50;;;
SA-S711-FUN-TPU;Samsung;Galaxy S23 FE;Funda;Transparente;2,95;;;
SA-S711-FUN-LIB;Samsung;Galaxy S23 FE;Funda;Libro;3,70;;;
SA-S711-FUN-ANT;Samsung;Galaxy S23 FE;Funda;Antigolpes;3,10;;;
SA-S711-PCA-NA;Samsung;Galaxy S23 FE;Protector de cámara;Cristal;2,90;;;
SA-S921-PRO-NA;Samsung;Galaxy S24;Cristal templado;Estándar;1,30;;;
SA-S921-PRO-NA-FG;Samsung;Galaxy S24;Cristal templado;UV full glue;4,15;;;
SA-S921-PRO-PRI;Samsung;Galaxy S24;Cristal templado;Privacidad;4,00;;;
SA-S921-OTR-ADT;Samsung;Galaxy S24;Adhesivo de tapa;;2,80;;;
SA-S921-OTR-ADP;Samsung;Galaxy S24;Adhesivo de pantalla;;3,75;;;
SA-S921-FUN-SIL;Samsung;Galaxy S24;Funda;Silicona;2,50;;;
SA-S921-FUN-TPU;Samsung;Galaxy S24;Funda;Transparente;1,70;;;
SA-S921-FUN-LIB;Samsung;Galaxy S24;Funda;Libro;3,70;;;
SA-S921-FUN-ANT;Samsung;Galaxy S24;Funda;Antigolpes;3,10;;;
SA-S921-PCA-NA;Samsung;Galaxy S24;Protector de cámara;Cristal;2,55;;;
SA-S926-PRO-NA;Samsung;Galaxy S24+;Cristal templado;Estándar;1,30;;;
SA-S926-PRO-NA-FG;Samsung;Galaxy S24+;Cristal templado;UV full glue;4,15;;;
SA-S926-PRO-PRI;Samsung;Galaxy S24+;Cristal templado;Privacidad;4,00;;;
SA-S926-OTR-ADT;Samsung;Galaxy S24+;Adhesivo de tapa;;2,80;;;
SA-S926-OTR-ADP;Samsung;Galaxy S24+;Adhesivo de pantalla;;3,75;;;
SA-S926-FUN-SIL;Samsung;Galaxy S24+;Funda;Silicona;2,50;;;
SA-S926-FUN-TPU;Samsung;Galaxy S24+;Funda;Transparente;2,95;;;
SA-S926-FUN-LIB;Samsung;Galaxy S24+;Funda;Libro;3,70;;;
SA-S926-FUN-ANT;Samsung;Galaxy S24+;Funda;Antigolpes;3,10;;;
SA-S926-PCA-NA;Samsung;Galaxy S24+;Protector de cámara;Cristal;2,55;;;
SA-S928-PRO-NA;Samsung;Galaxy S24 Ultra;Cristal templado;Estándar;1,30;;;
SA-S928-PRO-NA-FG;Samsung;Galaxy S24 Ultra;Cristal templado;UV full glue;4,15;;;
SA-S928-PRO-PRI;Samsung;Galaxy S24 Ultra;Cristal templado;Privacidad;4,00;;;
SA-S928-OTR-ADT;Samsung;Galaxy S24 Ultra;Adhesivo de tapa;;2,80;;;
SA-S928-OTR-ADP;Samsung;Galaxy S24 Ultra;Adhesivo de pantalla;;3,75;;;
SA-S928-FUN-SIL;Samsung;Galaxy S24 Ultra;Funda;Silicona;2,50;;;
SA-S928-FUN-TPU;Samsung;Galaxy S24 Ultra;Funda;Transparente;3,00;;;
SA-S928-FUN-LIB;Samsung;Galaxy S24 Ultra;Funda;Libro;3,70;;;
SA-S928-FUN-ANT;Samsung;Galaxy S24 Ultra;Funda;Antigolpes;3,10;;;
SA-S928-PCA-NA;Samsung;Galaxy S24 Ultra;Protector de cámara;Cristal;2,90;;;
SA-F741-PRO-NA;Samsung;Galaxy Z Flip6;Cristal templado;Estándar;1,30;;;
SA-F741-OTR-ADT;Samsung;Galaxy Z Flip6;Adhesivo de tapa;;2,80;;;
SA-F741-FUN-SIL;Samsung;Galaxy Z Flip6;Funda;Silicona;2,50;;;
SA-F741-FUN-TPU;Samsung;Galaxy Z Flip6;Funda;Transparente;2,95;;;
SA-F741-PCA-NA;Samsung;Galaxy Z Flip6;Protector de cámara;Cristal;2,90;;;
SA-F956-PRO-NA;Samsung;Galaxy Z Fold6;Cristal templado;Estándar;1,30;;;
SA-F956-OTR-ADT;Samsung;Galaxy Z Fold6;Adhesivo de tapa;;2,80;;;
SA-F956-FUN-SIL;Samsung;Galaxy Z Fold6;Funda;Silicona;2,50;;;
SA-F956-FUN-TPU;Samsung;Galaxy Z Fold6;Funda;Transparente;2,95;;;
SA-F956-PCA-NA;Samsung;Galaxy Z Fold6;Protector de cámara;Cristal;2,90;;;
SA-S721-PRO-NA;Samsung;Galaxy S24 FE;Cristal templado;Estándar;1,30;;;
SA-S721-PRO-PRI;Samsung;Galaxy S24 FE;Cristal templado;Privacidad;4,00;;;
SA-S721-OTR-ADT;Samsung;Galaxy S24 FE;Adhesivo de tapa;;2,80;;;
SA-S721-OTR-ADP;Samsung;Galaxy S24 FE;Adhesivo de pantalla;;3,75;;;
SA-S721-FUN-SIL;Samsung;Galaxy S24 FE;Funda;Silicona;2,50;;;
SA-S721-FUN-TPU;Samsung;Galaxy S24 FE;Funda;Transparente;2,95;;;
SA-S721-FUN-LIB;Samsung;Galaxy S24 FE;Funda;Libro;3,70;;;
SA-S721-FUN-ANT;Samsung;Galaxy S24 FE;Funda;Antigolpes;3,10;;;
SA-S721-PCA-NA;Samsung;Galaxy S24 FE;Protector de cámara;Cristal;2,90;;;
SA-S931-PRO-NA;Samsung;Galaxy S25;Cristal templado;Estándar;1,30;;;
SA-S931-PRO-NA-FG;Samsung;Galaxy S25;Cristal templado;UV full glue;4,15;;;
SA-S931-PRO-PRI;Samsung;Galaxy S25;Cristal templado;Privacidad;4,00;;;
SA-S931-OTR-ADT;Samsung;Galaxy S25;Adhesivo de tapa;;2,80;;;
SA-S931-OTR-ADP;Samsung;Galaxy S25;Adhesivo de pantalla;;3,75;;;
SA-S931-FUN-SIL;Samsung;Galaxy S25;Funda;Silicona;2,50;;;
SA-S931-FUN-TPU;Samsung;Galaxy S25;Funda;Transparente;2,95;;;
SA-S931-FUN-LIB;Samsung;Galaxy S25;Funda;Libro;3,70;;;
SA-S931-FUN-ANT;Samsung;Galaxy S25;Funda;Antigolpes;3,10;;;
SA-S931-PCA-NA;Samsung;Galaxy S25;Protector de cámara;Cristal;2,90;;;
SA-S936-PRO-NA;Samsung;Galaxy S25+;Cristal templado;Estándar;1,30;;;
SA-S936-PRO-NA-FG;Samsung;Galaxy S25+;Cristal templado;UV full glue;4,15;;;
SA-S936-PRO-PRI;Samsung;Galaxy S25+;Cristal templado;Privacidad;4,00;;;
SA-S936-OTR-ADT;Samsung;Galaxy S25+;Adhesivo de tapa;;2,80;;;
SA-S936-OTR-ADP;Samsung;Galaxy S25+;Adhesivo de pantalla;;3,75;;;
SA-S936-FUN-SIL;Samsung;Galaxy S25+;Funda;Silicona;2,50;;;
SA-S936-FUN-TPU;Samsung;Galaxy S25+;Funda;Transparente;2,95;;;
SA-S936-FUN-LIB;Samsung;Galaxy S25+;Funda;Libro;3,70;;;
SA-S936-FUN-ANT;Samsung;Galaxy S25+;Funda;Antigolpes;3,10;;;
SA-S936-PCA-NA;Samsung;Galaxy S25+;Protector de cámara;Cristal;2,90;;;
SA-S938-PRO-NA;Samsung;Galaxy S25 Ultra;Cristal templado;Estándar;1,30;;;
SA-S938-PRO-NA-FG;Samsung;Galaxy S25 Ultra;Cristal templado;UV full glue;4,15;;;
SA-S938-PRO-PRI;Samsung;Galaxy S25 Ultra;Cristal templado;Privacidad;4,00;;;
SA-S938-OTR-ADT;Samsung;Galaxy S25 Ultra;Adhesivo de tapa;;2,80;;;
SA-S938-OTR-ADP;Samsung;Galaxy S25 Ultra;Adhesivo de pantalla;;3,75;;;
SA-S938-FUN-SIL;Samsung;Galaxy S25 Ultra;Funda;Silicona;2,50;;;
SA-S938-FUN-TPU;Samsung;Galaxy S25 Ultra;Funda;Transparente;2,95;;;
SA-S938-FUN-LIB;Samsung;Galaxy S25 Ultra;Funda;Libro;3,70;;;
SA-S938-FUN-ANT;Samsung;Galaxy S25 Ultra;Funda;Antigolpes;3,10;;;
SA-S938-PCA-NA;Samsung;Galaxy S25 Ultra;Protector de cámara;Cristal;2,90;;;
SA-S937-PRO-NA;Samsung;Galaxy S25 Edge;Cristal templado;Estándar;1,30;;;
SA-S937-PRO-NA-FG;Samsung;Galaxy S25 Edge;Cristal templado;UV full glue;4,15;;;
SA-S937-PRO-PRI;Samsung;Galaxy S25 Edge;Cristal templado;Privacidad;4,00;;;
SA-S937-OTR-ADT;Samsung;Galaxy S25 Edge;Adhesivo de tapa;;2,80;;;
SA-S937-OTR-ADP;Samsung;Galaxy S25 Edge;Adhesivo de pantalla;;3,75;;;
SA-S937-FUN-SIL;Samsung;Galaxy S25 Edge;Funda;Silicona;2,50;;;
SA-S937-FUN-TPU;Samsung;Galaxy S25 Edge;Funda;Transparente;2,95;;;
SA-S937-FUN-LIB;Samsung;Galaxy S25 Edge;Funda;Libro;3,70;;;
SA-S937-FUN-ANT;Samsung;Galaxy S25 Edge;Funda;Antigolpes;3,10;;;
SA-S937-PCA-NA;Samsung;Galaxy S25 Edge;Protector de cámara;Cristal;2,90;;;
SA-F766-PRO-NA;Samsung;Galaxy Z Flip7;Cristal templado;Estándar;1,30;;;
SA-F766-OTR-ADT;Samsung;Galaxy Z Flip7;Adhesivo de tapa;;2,80;;;
SA-F766-FUN-SIL;Samsung;Galaxy Z Flip7;Funda;Silicona;2,50;;;
SA-F766-FUN-TPU;Samsung;Galaxy Z Flip7;Funda;Transparente;2,95;;;
SA-F766-PCA-NA;Samsung;Galaxy Z Flip7;Protector de cámara;Cristal;2,90;;;
SA-F761-PRO-NA;Samsung;Galaxy Z Flip7 FE;Cristal templado;Estándar;1,30;;;
SA-F761-OTR-ADT;Samsung;Galaxy Z Flip7 FE;Adhesivo de tapa;;2,80;;;
SA-F761-FUN-SIL;Samsung;Galaxy Z Flip7 FE;Funda;Silicona;2,50;;;
SA-F761-FUN-TPU;Samsung;Galaxy Z Flip7 FE;Funda;Transparente;2,95;;;
SA-F761-PCA-NA;Samsung;Galaxy Z Flip7 FE;Protector de cámara;Cristal;2,90;;;
SA-F966-PRO-NA;Samsung;Galaxy Z Fold7;Cristal templado;Estándar;1,30;;;
SA-F966-OTR-ADT;Samsung;Galaxy Z Fold7;Adhesivo de tapa;;2,80;;;
SA-F966-FUN-SIL;Samsung;Galaxy Z Fold7;Funda;Silicona;2,50;;;
SA-F966-FUN-TPU;Samsung;Galaxy Z Fold7;Funda;Transparente;2,95;;;
SA-F966-PCA-NA;Samsung;Galaxy Z Fold7;Protector de cámara;Cristal;2,90;;;
SA-S731-PRO-NA;Samsung;Galaxy S25 FE;Cristal templado;Estándar;1,30;;;
SA-S731-PRO-PRI;Samsung;Galaxy S25 FE;Cristal templado;Privacidad;4,00;;;
SA-S731-OTR-ADT;Samsung;Galaxy S25 FE;Adhesivo de tapa;;2,80;;;
SA-S731-OTR-ADP;Samsung;Galaxy S25 FE;Adhesivo de pantalla;;3,75;;;
SA-S731-FUN-SIL;Samsung;Galaxy S25 FE;Funda;Silicona;2,50;;;
SA-S731-FUN-TPU;Samsung;Galaxy S25 FE;Funda;Transparente;2,95;;;
SA-S731-FUN-LIB;Samsung;Galaxy S25 FE;Funda;Libro;3,70;;;
SA-S731-FUN-ANT;Samsung;Galaxy S25 FE;Funda;Antigolpes;3,10;;;
SA-S731-PCA-NA;Samsung;Galaxy S25 FE;Protector de cámara;Cristal;2,90;;;
SA-S942-PRO-NA;Samsung;Galaxy S26;Cristal templado;Estándar;1,30;;;
SA-S942-PRO-NA-FG;Samsung;Galaxy S26;Cristal templado;UV full glue;4,15;;;
SA-S942-PRO-PRI;Samsung;Galaxy S26;Cristal templado;Privacidad;4,00;;;
SA-S942-OTR-ADT;Samsung;Galaxy S26;Adhesivo de tapa;;2,80;;;
SA-S942-OTR-ADP;Samsung;Galaxy S26;Adhesivo de pantalla;;3,75;;;
SA-S942-FUN-SIL;Samsung;Galaxy S26;Funda;Silicona;2,50;;;
SA-S942-FUN-TPU;Samsung;Galaxy S26;Funda;Transparente;2,95;;;
SA-S942-FUN-LIB;Samsung;Galaxy S26;Funda;Libro;3,70;;;
SA-S942-FUN-ANT;Samsung;Galaxy S26;Funda;Antigolpes;3,10;;;
SA-S942-PCA-NA;Samsung;Galaxy S26;Protector de cámara;Cristal;2,90;;;
SA-S947-PRO-NA;Samsung;Galaxy S26+;Cristal templado;Estándar;1,30;;;
SA-S947-PRO-NA-FG;Samsung;Galaxy S26+;Cristal templado;UV full glue;4,15;;;
SA-S947-PRO-PRI;Samsung;Galaxy S26+;Cristal templado;Privacidad;4,00;;;
SA-S947-OTR-ADT;Samsung;Galaxy S26+;Adhesivo de tapa;;2,80;;;
SA-S947-OTR-ADP;Samsung;Galaxy S26+;Adhesivo de pantalla;;3,75;;;
SA-S947-FUN-SIL;Samsung;Galaxy S26+;Funda;Silicona;2,50;;;
SA-S947-FUN-TPU;Samsung;Galaxy S26+;Funda;Transparente;2,95;;;
SA-S947-FUN-LIB;Samsung;Galaxy S26+;Funda;Libro;3,70;;;
SA-S947-FUN-ANT;Samsung;Galaxy S26+;Funda;Antigolpes;3,10;;;
SA-S947-PCA-NA;Samsung;Galaxy S26+;Protector de cámara;Cristal;2,90;;;
SA-S948-PRO-NA;Samsung;Galaxy S26 Ultra;Cristal templado;Estándar;1,30;;;
SA-S948-PRO-NA-FG;Samsung;Galaxy S26 Ultra;Cristal templado;UV full glue;4,15;;;
SA-S948-PRO-PRI;Samsung;Galaxy S26 Ultra;Cristal templado;Privacidad;4,00;;;
SA-S948-OTR-ADT;Samsung;Galaxy S26 Ultra;Adhesivo de tapa;;2,80;;;
SA-S948-OTR-ADP;Samsung;Galaxy S26 Ultra;Adhesivo de pantalla;;3,75;;;
SA-S948-FUN-SIL;Samsung;Galaxy S26 Ultra;Funda;Silicona;2,50;;;
SA-S948-FUN-TPU;Samsung;Galaxy S26 Ultra;Funda;Transparente;2,95;;;
SA-S948-FUN-LIB;Samsung;Galaxy S26 Ultra;Funda;Libro;3,70;;;
SA-S948-FUN-ANT;Samsung;Galaxy S26 Ultra;Funda;Antigolpes;3,10;;;
SA-S948-PCA-NA;Samsung;Galaxy S26 Ultra;Protector de cámara;Cristal;2,90;;;
SA-F776-PRO-NA;Samsung;Galaxy Z Flip8;Cristal templado;Estándar;1,30;;;
SA-F776-OTR-ADT;Samsung;Galaxy Z Flip8;Adhesivo de tapa;;2,80;;;
SA-F776-FUN-SIL;Samsung;Galaxy Z Flip8;Funda;Silicona;2,50;;;
SA-F776-FUN-TPU;Samsung;Galaxy Z Flip8;Funda;Transparente;2,95;;;
SA-F776-PCA-NA;Samsung;Galaxy Z Flip8;Protector de cámara;Cristal;2,90;;;
SA-F971-PRO-NA;Samsung;Galaxy Z Fold8;Cristal templado;Estándar;1,30;;;
SA-F971-OTR-ADT;Samsung;Galaxy Z Fold8;Adhesivo de tapa;;2,80;;;
SA-F971-FUN-SIL;Samsung;Galaxy Z Fold8;Funda;Silicona;2,50;;;
SA-F971-FUN-TPU;Samsung;Galaxy Z Fold8;Funda;Transparente;2,95;;;
SA-F971-PCA-NA;Samsung;Galaxy Z Fold8;Protector de cámara;Cristal;2,90;;;
SA-F976-PRO-NA;Samsung;Galaxy Z Fold8 Ultra;Cristal templado;Estándar;1,30;;;
SA-F976-OTR-ADT;Samsung;Galaxy Z Fold8 Ultra;Adhesivo de tapa;;2,80;;;
SA-F976-FUN-SIL;Samsung;Galaxy Z Fold8 Ultra;Funda;Silicona;2,50;;;
SA-F976-FUN-TPU;Samsung;Galaxy Z Fold8 Ultra;Funda;Transparente;2,95;;;
SA-F976-PCA-NA;Samsung;Galaxy Z Fold8 Ultra;Protector de cámara;Cristal;2,90;;;
SA-S741-PRO-NA;Samsung;Galaxy S26 FE;Cristal templado;Estándar;1,30;;;
SA-S741-PRO-PRI;Samsung;Galaxy S26 FE;Cristal templado;Privacidad;4,00;;;
SA-S741-OTR-ADT;Samsung;Galaxy S26 FE;Adhesivo de tapa;;2,80;;;
SA-S741-OTR-ADP;Samsung;Galaxy S26 FE;Adhesivo de pantalla;;3,75;;;
SA-S741-FUN-SIL;Samsung;Galaxy S26 FE;Funda;Silicona;2,50;;;
SA-S741-FUN-TPU;Samsung;Galaxy S26 FE;Funda;Transparente;2,95;;;
SA-S741-FUN-LIB;Samsung;Galaxy S26 FE;Funda;Libro;3,70;;;
SA-S741-FUN-ANT;Samsung;Galaxy S26 FE;Funda;Antigolpes;3,10;;;
SA-S741-PCA-NA;Samsung;Galaxy S26 FE;Protector de cámara;Cristal;2,90;;;
SA-A105-PRO-NA;Samsung;Galaxy A10;Cristal templado;Estándar;1,30;;;
SA-A105-PRO-PRI;Samsung;Galaxy A10;Cristal templado;Privacidad;4,00;;;
SA-A105-FUN-SIL;Samsung;Galaxy A10;Funda;Silicona;2,50;;;
SA-A105-FUN-TPU;Samsung;Galaxy A10;Funda;Transparente;2,95;;;
SA-A105-FUN-LIB;Samsung;Galaxy A10;Funda;Libro;3,70;;;
SA-A105-FUN-ANT;Samsung;Galaxy A10;Funda;Antigolpes;3,10;;;
SA-A505-PRO-NA;Samsung;Galaxy A50;Cristal templado;Estándar;1,30;;;
SA-A505-PRO-PRI;Samsung;Galaxy A50;Cristal templado;Privacidad;4,00;;;
SA-A505-FUN-SIL;Samsung;Galaxy A50;Funda;Silicona;2,50;;;
SA-A505-FUN-TPU;Samsung;Galaxy A50;Funda;Transparente;2,95;;;
SA-A505-FUN-LIB;Samsung;Galaxy A50;Funda;Libro;4,19;;;
SA-A505-FUN-ANT;Samsung;Galaxy A50;Funda;Antigolpes;3,10;;;
SA-A505-PCA-NA;Samsung;Galaxy A50;Protector de cámara;Cristal;3,15;;;
SA-A202-PRO-NA;Samsung;Galaxy A20e;Cristal templado;Estándar;1,30;;;
SA-A202-PRO-PRI;Samsung;Galaxy A20e;Cristal templado;Privacidad;4,00;;;
SA-A202-FUN-SIL;Samsung;Galaxy A20e;Funda;Silicona;2,50;;;
SA-A202-FUN-TPU;Samsung;Galaxy A20e;Funda;Transparente;2,95;;;
SA-A202-FUN-LIB;Samsung;Galaxy A20e;Funda;Libro;3,70;;;
SA-A202-FUN-ANT;Samsung;Galaxy A20e;Funda;Antigolpes;3,10;;;
SA-A202-PCA-NA;Samsung;Galaxy A20e;Protector de cámara;Cristal;2,90;;;
SA-A405-PRO-NA;Samsung;Galaxy A40;Cristal templado;Estándar;1,30;;;
SA-A405-PRO-PRI;Samsung;Galaxy A40;Cristal templado;Privacidad;4,00;;;
SA-A405-FUN-SIL;Samsung;Galaxy A40;Funda;Silicona;2,50;;;
SA-A405-FUN-TPU;Samsung;Galaxy A40;Funda;Transparente;2,95;;;
SA-A405-FUN-LIB;Samsung;Galaxy A40;Funda;Libro;3,70;;;
SA-A405-FUN-ANT;Samsung;Galaxy A40;Funda;Antigolpes;3,10;;;
SA-A405-PCA-NA;Samsung;Galaxy A40;Protector de cámara;Cristal;2,90;;;
SA-A705-PRO-NA;Samsung;Galaxy A70;Cristal templado;Estándar;1,30;;;
SA-A705-PRO-PRI;Samsung;Galaxy A70;Cristal templado;Privacidad;4,00;;;
SA-A705-FUN-SIL;Samsung;Galaxy A70;Funda;Silicona;2,70;;;
SA-A705-FUN-TPU;Samsung;Galaxy A70;Funda;Transparente;2,95;;;
SA-A705-FUN-LIB;Samsung;Galaxy A70;Funda;Libro;3,70;;;
SA-A705-FUN-ANT;Samsung;Galaxy A70;Funda;Antigolpes;3,10;;;
SA-A705-PCA-NA;Samsung;Galaxy A70;Protector de cámara;Cristal;2,90;;;
SA-A805-PRO-NA;Samsung;Galaxy A80;Cristal templado;Estándar;1,30;;;
SA-A805-PRO-PRI;Samsung;Galaxy A80;Cristal templado;Privacidad;4,00;;;
SA-A805-FUN-SIL;Samsung;Galaxy A80;Funda;Silicona;2,50;;;
SA-A805-FUN-TPU;Samsung;Galaxy A80;Funda;Transparente;2,95;;;
SA-A805-FUN-LIB;Samsung;Galaxy A80;Funda;Libro;3,70;;;
SA-A805-FUN-ANT;Samsung;Galaxy A80;Funda;Antigolpes;3,10;;;
SA-A805-PCA-NA;Samsung;Galaxy A80;Protector de cámara;Cristal;2,90;;;
SA-A307-PRO-NA;Samsung;Galaxy A30s;Cristal templado;Estándar;1,30;;;
SA-A307-PRO-PRI;Samsung;Galaxy A30s;Cristal templado;Privacidad;4,00;;;
SA-A307-FUN-SIL;Samsung;Galaxy A30s;Funda;Silicona;2,50;;;
SA-A307-FUN-TPU;Samsung;Galaxy A30s;Funda;Transparente;2,95;;;
SA-A307-FUN-LIB;Samsung;Galaxy A30s;Funda;Libro;3,70;;;
SA-A307-FUN-ANT;Samsung;Galaxy A30s;Funda;Antigolpes;3,10;;;
SA-A307-PCA-NA;Samsung;Galaxy A30s;Protector de cámara;Cristal;2,90;;;
SA-A507-PRO-NA;Samsung;Galaxy A50s;Cristal templado;Estándar;1,30;;;
SA-A507-PRO-PRI;Samsung;Galaxy A50s;Cristal templado;Privacidad;4,00;;;
SA-A507-FUN-SIL;Samsung;Galaxy A50s;Funda;Silicona;2,50;;;
SA-A507-FUN-TPU;Samsung;Galaxy A50s;Funda;Transparente;2,95;;;
SA-A507-FUN-LIB;Samsung;Galaxy A50s;Funda;Libro;3,70;;;
SA-A507-FUN-ANT;Samsung;Galaxy A50s;Funda;Antigolpes;3,10;;;
SA-A507-PCA-NA;Samsung;Galaxy A50s;Protector de cámara;Cristal;2,90;;;
SA-A908-PRO-NA;Samsung;Galaxy A90 5G;Cristal templado;Estándar;1,30;;;
SA-A908-PRO-PRI;Samsung;Galaxy A90 5G;Cristal templado;Privacidad;4,00;;;
SA-A908-FUN-SIL;Samsung;Galaxy A90 5G;Funda;Silicona;2,50;;;
SA-A908-FUN-TPU;Samsung;Galaxy A90 5G;Funda;Transparente;2,95;;;
SA-A908-FUN-LIB;Samsung;Galaxy A90 5G;Funda;Libro;3,70;;;
SA-A908-FUN-ANT;Samsung;Galaxy A90 5G;Funda;Antigolpes;3,10;;;
SA-A908-PCA-NA;Samsung;Galaxy A90 5G;Protector de cámara;Cristal;2,90;;;
SA-A207-PRO-NA;Samsung;Galaxy A20s;Cristal templado;Estándar;1,30;;;
SA-A207-PRO-PRI;Samsung;Galaxy A20s;Cristal templado;Privacidad;4,00;;;
SA-A207-FUN-SIL;Samsung;Galaxy A20s;Funda;Silicona;2,50;;;
SA-A207-FUN-TPU;Samsung;Galaxy A20s;Funda;Transparente;2,95;;;
SA-A207-FUN-LIB;Samsung;Galaxy A20s;Funda;Libro;3,70;;;
SA-A207-FUN-ANT;Samsung;Galaxy A20s;Funda;Antigolpes;3,10;;;
SA-A207-PCA-NA;Samsung;Galaxy A20s;Protector de cámara;Cristal;2,90;;;
SA-A515-PRO-NA;Samsung;Galaxy A51;Cristal templado;Estándar;1,30;;;
SA-A515-PRO-PRI;Samsung;Galaxy A51;Cristal templado;Privacidad;4,00;;;
SA-A515-FUN-SIL;Samsung;Galaxy A51;Funda;Silicona;2,50;;;
SA-A515-FUN-TPU;Samsung;Galaxy A51;Funda;Transparente;2,95;;;
SA-A515-FUN-LIB;Samsung;Galaxy A51;Funda;Libro;3,70;;;
SA-A515-FUN-ANT;Samsung;Galaxy A51;Funda;Antigolpes;3,10;;;
SA-A515-PCA-NA;Samsung;Galaxy A51;Protector de cámara;Cristal;2,90;;;
SA-A715-PRO-NA;Samsung;Galaxy A71;Cristal templado;Estándar;1,30;;;
SA-A715-PRO-PRI;Samsung;Galaxy A71;Cristal templado;Privacidad;4,00;;;
SA-A715-FUN-SIL;Samsung;Galaxy A71;Funda;Silicona;2,50;;;
SA-A715-FUN-TPU;Samsung;Galaxy A71;Funda;Transparente;2,95;;;
SA-A715-FUN-LIB;Samsung;Galaxy A71;Funda;Libro;3,70;;;
SA-A715-FUN-ANT;Samsung;Galaxy A71;Funda;Antigolpes;3,10;;;
SA-A715-PCA-NA;Samsung;Galaxy A71;Protector de cámara;Cristal;2,90;;;
SA-A315-PRO-NA;Samsung;Galaxy A31;Cristal templado;Estándar;1,30;;;
SA-A315-PRO-PRI;Samsung;Galaxy A31;Cristal templado;Privacidad;4,00;;;
SA-A315-FUN-SIL;Samsung;Galaxy A31;Funda;Silicona;2,50;;;
SA-A315-FUN-TPU;Samsung;Galaxy A31;Funda;Transparente;2,95;;;
SA-A315-FUN-LIB;Samsung;Galaxy A31;Funda;Libro;3,70;;;
SA-A315-FUN-ANT;Samsung;Galaxy A31;Funda;Antigolpes;3,10;;;
SA-A315-PCA-NA;Samsung;Galaxy A31;Protector de cámara;Cristal;2,90;;;
SA-A516-PRO-NA;Samsung;Galaxy A51 5G;Cristal templado;Estándar;1,30;;;
SA-A516-PRO-PRI;Samsung;Galaxy A51 5G;Cristal templado;Privacidad;4,00;;;
SA-A516-FUN-SIL;Samsung;Galaxy A51 5G;Funda;Silicona;2,50;;;
SA-A516-FUN-TPU;Samsung;Galaxy A51 5G;Funda;Transparente;2,95;;;
SA-A516-FUN-LIB;Samsung;Galaxy A51 5G;Funda;Libro;3,70;;;
SA-A516-FUN-ANT;Samsung;Galaxy A51 5G;Funda;Antigolpes;3,10;;;
SA-A516-PCA-NA;Samsung;Galaxy A51 5G;Protector de cámara;Cristal;2,90;;;
SA-A217-PRO-NA;Samsung;Galaxy A21s;Cristal templado;Estándar;1,30;;;
SA-A217-PRO-PRI;Samsung;Galaxy A21s;Cristal templado;Privacidad;4,00;;;
SA-A217-FUN-SIL;Samsung;Galaxy A21s;Funda;Silicona;2,50;;;
SA-A217-FUN-TPU;Samsung;Galaxy A21s;Funda;Transparente;2,95;;;
SA-A217-FUN-LIB;Samsung;Galaxy A21s;Funda;Libro;3,70;;;
SA-A217-FUN-ANT;Samsung;Galaxy A21s;Funda;Antigolpes;3,10;;;
SA-A217-PCA-NA;Samsung;Galaxy A21s;Protector de cámara;Cristal;2,90;;;
SA-A415-PRO-NA;Samsung;Galaxy A41;Cristal templado;Estándar;1,30;;;
SA-A415-PRO-PRI;Samsung;Galaxy A41;Cristal templado;Privacidad;4,00;;;
SA-A415-FUN-SIL;Samsung;Galaxy A41;Funda;Silicona;2,50;;;
SA-A415-FUN-TPU;Samsung;Galaxy A41;Funda;Transparente;2,95;;;
SA-A415-FUN-LIB;Samsung;Galaxy A41;Funda;Libro;3,70;;;
SA-A415-FUN-ANT;Samsung;Galaxy A41;Funda;Antigolpes;3,10;;;
SA-A415-PCA-NA;Samsung;Galaxy A41;Protector de cámara;Cristal;2,90;;;
SA-A025-PRO-NA;Samsung;Galaxy A02s;Cristal templado;Estándar;1,30;;;
SA-A025-PRO-PRI;Samsung;Galaxy A02s;Cristal templado;Privacidad;4,00;;;
SA-A025-FUN-SIL;Samsung;Galaxy A02s;Funda;Silicona;2,50;;;
SA-A025-FUN-TPU;Samsung;Galaxy A02s;Funda;Transparente;2,95;;;
SA-A025-FUN-LIB;Samsung;Galaxy A02s;Funda;Libro;3,70;;;
SA-A025-FUN-ANT;Samsung;Galaxy A02s;Funda;Antigolpes;3,10;;;
SA-A025-PCA-NA;Samsung;Galaxy A02s;Protector de cámara;Cristal;2,90;;;
SA-A426-PRO-NA;Samsung;Galaxy A42 5G;Cristal templado;Estándar;1,30;;;
SA-A426-PRO-PRI;Samsung;Galaxy A42 5G;Cristal templado;Privacidad;4,00;;;
SA-A426-FUN-SIL;Samsung;Galaxy A42 5G;Funda;Silicona;2,50;;;
SA-A426-FUN-TPU;Samsung;Galaxy A42 5G;Funda;Transparente;2,95;;;
SA-A426-FUN-LIB;Samsung;Galaxy A42 5G;Funda;Libro;3,70;;;
SA-A426-FUN-ANT;Samsung;Galaxy A42 5G;Funda;Antigolpes;3,10;;;
SA-A426-PCA-NA;Samsung;Galaxy A42 5G;Protector de cámara;Cristal;2,90;;;
SA-A125-PRO-NA;Samsung;Galaxy A12;Cristal templado;Estándar;1,30;;;
SA-A125-PRO-PRI;Samsung;Galaxy A12;Cristal templado;Privacidad;4,00;;;
SA-A125-FUN-SIL;Samsung;Galaxy A12;Funda;Silicona;2,50;;;
SA-A125-FUN-TPU;Samsung;Galaxy A12;Funda;Transparente;2,95;;;
SA-A125-FUN-LIB;Samsung;Galaxy A12;Funda;Libro;3,70;;;
SA-A125-FUN-ANT;Samsung;Galaxy A12;Funda;Antigolpes;3,10;;;
SA-A125-PCA-NA;Samsung;Galaxy A12;Protector de cámara;Cristal;2,90;;;
SA-A326-PRO-NA;Samsung;Galaxy A32 5G;Cristal templado;Estándar;1,30;;;
SA-A326-PRO-PRI;Samsung;Galaxy A32 5G;Cristal templado;Privacidad;4,00;;;
SA-A326-FUN-SIL;Samsung;Galaxy A32 5G;Funda;Silicona;2,50;;;
SA-A326-FUN-TPU;Samsung;Galaxy A32 5G;Funda;Transparente;2,95;;;
SA-A326-FUN-LIB;Samsung;Galaxy A32 5G;Funda;Libro;3,70;;;
SA-A326-FUN-ANT;Samsung;Galaxy A32 5G;Funda;Antigolpes;3,10;;;
SA-A326-PCA-NA;Samsung;Galaxy A32 5G;Protector de cámara;Cristal;2,90;;;
SA-A325-PRO-NA;Samsung;Galaxy A32;Cristal templado;Estándar;1,30;;;
SA-A325-PRO-PRI;Samsung;Galaxy A32;Cristal templado;Privacidad;4,00;;;
SA-A325-FUN-SIL;Samsung;Galaxy A32;Funda;Silicona;2,50;;;
SA-A325-FUN-TPU;Samsung;Galaxy A32;Funda;Transparente;2,95;;;
SA-A325-FUN-LIB;Samsung;Galaxy A32;Funda;Libro;3,70;;;
SA-A325-FUN-ANT;Samsung;Galaxy A32;Funda;Antigolpes;3,10;;;
SA-A325-PCA-NA;Samsung;Galaxy A32;Protector de cámara;Cristal;2,90;;;
SA-A525-PRO-NA;Samsung;Galaxy A52;Cristal templado;Estándar;1,30;;;
SA-A525-PRO-PRI;Samsung;Galaxy A52;Cristal templado;Privacidad;4,00;;;
SA-A525-FUN-SIL;Samsung;Galaxy A52;Funda;Silicona;2,50;;;
SA-A525-FUN-TPU;Samsung;Galaxy A52;Funda;Transparente;2,95;;;
SA-A525-FUN-LIB;Samsung;Galaxy A52;Funda;Libro;3,70;;;
SA-A525-FUN-ANT;Samsung;Galaxy A52;Funda;Antigolpes;3,10;;;
SA-A525-PCA-NA;Samsung;Galaxy A52;Protector de cámara;Cristal;2,90;;;
SA-A526-PRO-NA;Samsung;Galaxy A52 5G;Cristal templado;Estándar;1,30;;;
SA-A526-PRO-PRI;Samsung;Galaxy A52 5G;Cristal templado;Privacidad;4,00;;;
SA-A526-FUN-SIL;Samsung;Galaxy A52 5G;Funda;Silicona;2,50;;;
SA-A526-FUN-TPU;Samsung;Galaxy A52 5G;Funda;Transparente;2,95;;;
SA-A526-FUN-LIB;Samsung;Galaxy A52 5G;Funda;Libro;3,70;;;
SA-A526-FUN-ANT;Samsung;Galaxy A52 5G;Funda;Antigolpes;3,10;;;
SA-A526-PCA-NA;Samsung;Galaxy A52 5G;Protector de cámara;Cristal;3,79;;;
SA-A725-PRO-NA;Samsung;Galaxy A72;Cristal templado;Estándar;1,30;;;
SA-A725-PRO-PRI;Samsung;Galaxy A72;Cristal templado;Privacidad;4,00;;;
SA-A725-FUN-SIL;Samsung;Galaxy A72;Funda;Silicona;2,50;;;
SA-A725-FUN-TPU;Samsung;Galaxy A72;Funda;Transparente;2,95;;;
SA-A725-FUN-LIB;Samsung;Galaxy A72;Funda;Libro;3,70;;;
SA-A725-FUN-ANT;Samsung;Galaxy A72;Funda;Antigolpes;3,10;;;
SA-A725-PCA-NA;Samsung;Galaxy A72;Protector de cámara;Cristal;3,45;;;
SA-A226-PRO-NA;Samsung;Galaxy A22 5G;Cristal templado;Estándar;1,30;;;
SA-A226-PRO-PRI;Samsung;Galaxy A22 5G;Cristal templado;Privacidad;4,00;;;
SA-A226-FUN-SIL;Samsung;Galaxy A22 5G;Funda;Silicona;2,50;;;
SA-A226-FUN-TPU;Samsung;Galaxy A22 5G;Funda;Transparente;2,95;;;
SA-A226-FUN-LIB;Samsung;Galaxy A22 5G;Funda;Libro;3,70;;;
SA-A226-FUN-ANT;Samsung;Galaxy A22 5G;Funda;Antigolpes;3,10;;;
SA-A226-PCA-NA;Samsung;Galaxy A22 5G;Protector de cámara;Cristal;2,90;;;
SA-A225-PRO-NA;Samsung;Galaxy A22;Cristal templado;Estándar;1,30;;;
SA-A225-PRO-PRI;Samsung;Galaxy A22;Cristal templado;Privacidad;4,00;;;
SA-A225-FUN-SIL;Samsung;Galaxy A22;Funda;Silicona;2,50;;;
SA-A225-FUN-TPU;Samsung;Galaxy A22;Funda;Transparente;2,95;;;
SA-A225-FUN-LIB;Samsung;Galaxy A22;Funda;Libro;3,70;;;
SA-A225-FUN-ANT;Samsung;Galaxy A22;Funda;Antigolpes;3,10;;;
SA-A225-PCA-NA;Samsung;Galaxy A22;Protector de cámara;Cristal;2,90;;;
SA-A037-PRO-NA;Samsung;Galaxy A03s;Cristal templado;Estándar;1,30;;;
SA-A037-PRO-PRI;Samsung;Galaxy A03s;Cristal templado;Privacidad;4,00;;;
SA-A037-FUN-SIL;Samsung;Galaxy A03s;Funda;Silicona;2,50;;;
SA-A037-FUN-TPU;Samsung;Galaxy A03s;Funda;Transparente;2,95;;;
SA-A037-FUN-LIB;Samsung;Galaxy A03s;Funda;Libro;3,70;;;
SA-A037-FUN-ANT;Samsung;Galaxy A03s;Funda;Antigolpes;3,10;;;
SA-A037-PCA-NA;Samsung;Galaxy A03s;Protector de cámara;Cristal;2,90;;;
SA-A528-PRO-NA;Samsung;Galaxy A52s 5G;Cristal templado;Estándar;1,30;;;
SA-A528-PRO-PRI;Samsung;Galaxy A52s 5G;Cristal templado;Privacidad;4,00;;;
SA-A528-FUN-SIL;Samsung;Galaxy A52s 5G;Funda;Silicona;2,50;;;
SA-A528-FUN-TPU;Samsung;Galaxy A52s 5G;Funda;Transparente;2,95;;;
SA-A528-FUN-LIB;Samsung;Galaxy A52s 5G;Funda;Libro;3,70;;;
SA-A528-FUN-ANT;Samsung;Galaxy A52s 5G;Funda;Antigolpes;3,10;;;
SA-A528-PCA-NA;Samsung;Galaxy A52s 5G;Protector de cámara;Cristal;2,90;;;
SA-A035-PRO-NA;Samsung;Galaxy A03;Cristal templado;Estándar;1,30;;;
SA-A035-PRO-PRI;Samsung;Galaxy A03;Cristal templado;Privacidad;4,00;;;
SA-A035-FUN-SIL;Samsung;Galaxy A03;Funda;Silicona;2,50;;;
SA-A035-FUN-TPU;Samsung;Galaxy A03;Funda;Transparente;2,95;;;
SA-A035-FUN-LIB;Samsung;Galaxy A03;Funda;Libro;3,70;;;
SA-A035-FUN-ANT;Samsung;Galaxy A03;Funda;Antigolpes;3,10;;;
SA-A035-PCA-NA;Samsung;Galaxy A03;Protector de cámara;Cristal;2,90;;;
SA-A136-PRO-NA;Samsung;Galaxy A13 5G;Cristal templado;Estándar;1,30;;;
SA-A136-PRO-PRI;Samsung;Galaxy A13 5G;Cristal templado;Privacidad;4,00;;;
SA-A136-FUN-SIL;Samsung;Galaxy A13 5G;Funda;Silicona;2,50;;;
SA-A136-FUN-TPU;Samsung;Galaxy A13 5G;Funda;Transparente;2,95;;;
SA-A136-FUN-LIB;Samsung;Galaxy A13 5G;Funda;Libro;3,70;;;
SA-A136-FUN-ANT;Samsung;Galaxy A13 5G;Funda;Antigolpes;3,10;;;
SA-A136-PCA-NA;Samsung;Galaxy A13 5G;Protector de cámara;Cristal;2,90;;;
SA-A135-PRO-NA;Samsung;Galaxy A13;Cristal templado;Estándar;1,30;;;
SA-A135-PRO-PRI;Samsung;Galaxy A13;Cristal templado;Privacidad;4,00;;;
SA-A135-FUN-SIL;Samsung;Galaxy A13;Funda;Silicona;2,80;;;
SA-A135-FUN-TPU;Samsung;Galaxy A13;Funda;Transparente;2,95;;;
SA-A135-FUN-LIB;Samsung;Galaxy A13;Funda;Libro;3,70;;;
SA-A135-FUN-ANT;Samsung;Galaxy A13;Funda;Antigolpes;3,10;;;
SA-A135-PCA-NA;Samsung;Galaxy A13;Protector de cámara;Cristal;2,90;;;
SA-A336-PRO-NA;Samsung;Galaxy A33 5G;Cristal templado;Estándar;1,30;;;
SA-A336-PRO-PRI;Samsung;Galaxy A33 5G;Cristal templado;Privacidad;4,00;;;
SA-A336-FUN-SIL;Samsung;Galaxy A33 5G;Funda;Silicona;2,50;;;
SA-A336-FUN-TPU;Samsung;Galaxy A33 5G;Funda;Transparente;2,95;;;
SA-A336-FUN-LIB;Samsung;Galaxy A33 5G;Funda;Libro;3,70;;;
SA-A336-FUN-ANT;Samsung;Galaxy A33 5G;Funda;Antigolpes;3,10;;;
SA-A336-PCA-NA;Samsung;Galaxy A33 5G;Protector de cámara;Cristal;2,90;;;
SA-A536-PRO-NA;Samsung;Galaxy A53 5G;Cristal templado;Estándar;1,30;;;
SA-A536-PRO-PRI;Samsung;Galaxy A53 5G;Cristal templado;Privacidad;4,00;;;
SA-A536-FUN-SIL;Samsung;Galaxy A53 5G;Funda;Silicona;2,50;;;
SA-A536-FUN-TPU;Samsung;Galaxy A53 5G;Funda;Transparente;2,95;;;
SA-A536-FUN-LIB;Samsung;Galaxy A53 5G;Funda;Libro;3,70;;;
SA-A536-FUN-ANT;Samsung;Galaxy A53 5G;Funda;Antigolpes;3,10;;;
SA-A536-PCA-NA;Samsung;Galaxy A53 5G;Protector de cámara;Cristal;2,90;;;
SA-A047-PRO-NA;Samsung;Galaxy A04s;Cristal templado;Estándar;1,30;;;
SA-A047-PRO-PRI;Samsung;Galaxy A04s;Cristal templado;Privacidad;4,00;;;
SA-A047-FUN-SIL;Samsung;Galaxy A04s;Funda;Silicona;2,50;;;
SA-A047-FUN-TPU;Samsung;Galaxy A04s;Funda;Transparente;2,95;;;
SA-A047-FUN-LIB;Samsung;Galaxy A04s;Funda;Libro;3,70;;;
SA-A047-FUN-ANT;Samsung;Galaxy A04s;Funda;Antigolpes;3,10;;;
SA-A047-PCA-NA;Samsung;Galaxy A04s;Protector de cámara;Cristal;2,90;;;
SA-A236-PRO-NA;Samsung;Galaxy A23 5G;Cristal templado;Estándar;1,30;;;
SA-A236-PRO-PRI;Samsung;Galaxy A23 5G;Cristal templado;Privacidad;4,00;;;
SA-A236-FUN-SIL;Samsung;Galaxy A23 5G;Funda;Silicona;1,90;;;
SA-A236-FUN-TPU;Samsung;Galaxy A23 5G;Funda;Transparente;2,95;;;
SA-A236-FUN-LIB;Samsung;Galaxy A23 5G;Funda;Libro;3,70;;;
SA-A236-FUN-ANT;Samsung;Galaxy A23 5G;Funda;Antigolpes;3,10;;;
SA-A236-PCA-NA;Samsung;Galaxy A23 5G;Protector de cámara;Cristal;2,90;;;
SA-A146-PRO-NA;Samsung;Galaxy A14 5G;Cristal templado;Estándar;1,30;;;
SA-A146-PRO-PRI;Samsung;Galaxy A14 5G;Cristal templado;Privacidad;4,00;;;
SA-A146-FUN-SIL;Samsung;Galaxy A14 5G;Funda;Silicona;2,50;;;
SA-A146-FUN-TPU;Samsung;Galaxy A14 5G;Funda;Transparente;2,95;;;
SA-A146-FUN-LIB;Samsung;Galaxy A14 5G;Funda;Libro;3,70;;;
SA-A146-FUN-ANT;Samsung;Galaxy A14 5G;Funda;Antigolpes;3,10;;;
SA-A146-PCA-NA;Samsung;Galaxy A14 5G;Protector de cámara;Cristal;2,90;;;
SA-A145-PRO-NA;Samsung;Galaxy A14;Cristal templado;Estándar;1,30;;;
SA-A145-PRO-PRI;Samsung;Galaxy A14;Cristal templado;Privacidad;4,00;;;
SA-A145-FUN-SIL;Samsung;Galaxy A14;Funda;Silicona;2,50;;;
SA-A145-FUN-TPU;Samsung;Galaxy A14;Funda;Transparente;2,95;;;
SA-A145-FUN-LIB;Samsung;Galaxy A14;Funda;Libro;3,70;;;
SA-A145-FUN-ANT;Samsung;Galaxy A14;Funda;Antigolpes;3,10;;;
SA-A145-PCA-NA;Samsung;Galaxy A14;Protector de cámara;Cristal;2,90;;;
SA-A346-PRO-NA;Samsung;Galaxy A34 5G;Cristal templado;Estándar;1,30;;;
SA-A346-PRO-PRI;Samsung;Galaxy A34 5G;Cristal templado;Privacidad;4,00;;;
SA-A346-FUN-SIL;Samsung;Galaxy A34 5G;Funda;Silicona;2,65;;;
SA-A346-FUN-TPU;Samsung;Galaxy A34 5G;Funda;Transparente;2,95;;;
SA-A346-FUN-LIB;Samsung;Galaxy A34 5G;Funda;Libro;3,70;;;
SA-A346-FUN-ANT;Samsung;Galaxy A34 5G;Funda;Antigolpes;3,10;;;
SA-A346-PCA-NA;Samsung;Galaxy A34 5G;Protector de cámara;Cristal;2,90;;;
SA-A546-PRO-NA;Samsung;Galaxy A54 5G;Cristal templado;Estándar;1,30;;;
SA-A546-PRO-PRI;Samsung;Galaxy A54 5G;Cristal templado;Privacidad;4,00;;;
SA-A546-FUN-SIL;Samsung;Galaxy A54 5G;Funda;Silicona;2,05;;;
SA-A546-FUN-TPU;Samsung;Galaxy A54 5G;Funda;Transparente;3,49;;;
SA-A546-FUN-LIB;Samsung;Galaxy A54 5G;Funda;Libro;3,70;;;
SA-A546-FUN-ANT;Samsung;Galaxy A54 5G;Funda;Antigolpes;3,20;;;
SA-A546-PCA-NA;Samsung;Galaxy A54 5G;Protector de cámara;Cristal;2,90;;;
SA-A057-PRO-NA;Samsung;Galaxy A05s;Cristal templado;Estándar;1,30;;;
SA-A057-PRO-PRI;Samsung;Galaxy A05s;Cristal templado;Privacidad;4,00;;;
SA-A057-FUN-SIL;Samsung;Galaxy A05s;Funda;Silicona;2,50;;;
SA-A057-FUN-TPU;Samsung;Galaxy A05s;Funda;Transparente;2,95;;;
SA-A057-FUN-LIB;Samsung;Galaxy A05s;Funda;Libro;3,70;;;
SA-A057-FUN-ANT;Samsung;Galaxy A05s;Funda;Antigolpes;3,10;;;
SA-A057-PCA-NA;Samsung;Galaxy A05s;Protector de cámara;Cristal;2,90;;;
SA-A155-PRO-NA;Samsung;Galaxy A15;Cristal templado;Estándar;1,30;;;
SA-A155-PRO-PRI;Samsung;Galaxy A15;Cristal templado;Privacidad;4,00;;;
SA-A155-FUN-SIL;Samsung;Galaxy A15;Funda;Silicona;2,00;;;
SA-A155-FUN-TPU;Samsung;Galaxy A15;Funda;Transparente;2,95;;;
SA-A155-FUN-LIB;Samsung;Galaxy A15;Funda;Libro;3,70;;;
SA-A155-FUN-ANT;Samsung;Galaxy A15;Funda;Antigolpes;3,10;;;
SA-A155-PCA-NA;Samsung;Galaxy A15;Protector de cámara;Cristal;2,90;;;
SA-A156-PRO-NA;Samsung;Galaxy A15 5G;Cristal templado;Estándar;1,30;;;
SA-A156-PRO-PRI;Samsung;Galaxy A15 5G;Cristal templado;Privacidad;4,00;;;
SA-A156-FUN-SIL;Samsung;Galaxy A15 5G;Funda;Silicona;2,50;;;
SA-A156-FUN-TPU;Samsung;Galaxy A15 5G;Funda;Transparente;2,75;;;
SA-A156-FUN-LIB;Samsung;Galaxy A15 5G;Funda;Libro;3,70;;;
SA-A156-FUN-ANT;Samsung;Galaxy A15 5G;Funda;Antigolpes;3,10;;;
SA-A156-PCA-NA;Samsung;Galaxy A15 5G;Protector de cámara;Cristal;2,90;;;
SA-A256-PRO-NA;Samsung;Galaxy A25 5G;Cristal templado;Estándar;1,30;;;
SA-A256-PRO-PRI;Samsung;Galaxy A25 5G;Cristal templado;Privacidad;4,00;;;
SA-A256-FUN-SIL;Samsung;Galaxy A25 5G;Funda;Silicona;2,50;;;
SA-A256-FUN-TPU;Samsung;Galaxy A25 5G;Funda;Transparente;2,05;;;
SA-A256-FUN-LIB;Samsung;Galaxy A25 5G;Funda;Libro;3,70;;;
SA-A256-FUN-ANT;Samsung;Galaxy A25 5G;Funda;Antigolpes;3,10;;;
SA-A256-PCA-NA;Samsung;Galaxy A25 5G;Protector de cámara;Cristal;2,90;;;
SA-A356-PRO-NA;Samsung;Galaxy A35 5G;Cristal templado;Estándar;1,30;;;
SA-A356-PRO-PRI;Samsung;Galaxy A35 5G;Cristal templado;Privacidad;4,00;;;
SA-A356-FUN-SIL;Samsung;Galaxy A35 5G;Funda;Silicona;2,50;;;
SA-A356-FUN-TPU;Samsung;Galaxy A35 5G;Funda;Transparente;2,95;;;
SA-A356-FUN-LIB;Samsung;Galaxy A35 5G;Funda;Libro;3,70;;;
SA-A356-FUN-ANT;Samsung;Galaxy A35 5G;Funda;Antigolpes;3,10;;;
SA-A356-PCA-NA;Samsung;Galaxy A35 5G;Protector de cámara;Cristal;2,90;;;
SA-A556-PRO-NA;Samsung;Galaxy A55 5G;Cristal templado;Estándar;1,30;;;
SA-A556-PRO-PRI;Samsung;Galaxy A55 5G;Cristal templado;Privacidad;4,00;;;
SA-A556-FUN-SIL;Samsung;Galaxy A55 5G;Funda;Silicona;3,10;;;
SA-A556-FUN-TPU;Samsung;Galaxy A55 5G;Funda;Transparente;3,10;;;
SA-A556-FUN-LIB;Samsung;Galaxy A55 5G;Funda;Libro;3,70;;;
SA-A556-FUN-ANT;Samsung;Galaxy A55 5G;Funda;Antigolpes;2,89;;;
SA-A556-PCA-NA;Samsung;Galaxy A55 5G;Protector de cámara;Cristal;2,90;;;
SA-A065-PRO-NA;Samsung;Galaxy A06;Cristal templado;Estándar;1,30;;;
SA-A065-PRO-PRI;Samsung;Galaxy A06;Cristal templado;Privacidad;4,00;;;
SA-A065-FUN-SIL;Samsung;Galaxy A06;Funda;Silicona;2,50;;;
SA-A065-FUN-TPU;Samsung;Galaxy A06;Funda;Transparente;2,95;;;
SA-A065-FUN-LIB;Samsung;Galaxy A06;Funda;Libro;3,70;;;
SA-A065-FUN-ANT;Samsung;Galaxy A06;Funda;Antigolpes;3,10;;;
SA-A065-PCA-NA;Samsung;Galaxy A06;Protector de cámara;Cristal;2,90;;;
SA-A166-PRO-NA;Samsung;Galaxy A16 5G;Cristal templado;Estándar;1,30;;;
SA-A166-PRO-PRI;Samsung;Galaxy A16 5G;Cristal templado;Privacidad;4,00;;;
SA-A166-FUN-SIL;Samsung;Galaxy A16 5G;Funda;Silicona;2,50;;;
SA-A166-FUN-TPU;Samsung;Galaxy A16 5G;Funda;Transparente;2,95;;;
SA-A166-FUN-LIB;Samsung;Galaxy A16 5G;Funda;Libro;3,70;;;
SA-A166-FUN-ANT;Samsung;Galaxy A16 5G;Funda;Antigolpes;3,10;;;
SA-A166-PCA-NA;Samsung;Galaxy A16 5G;Protector de cámara;Cristal;2,90;;;
SA-A165-PRO-NA;Samsung;Galaxy A16;Cristal templado;Estándar;1,30;;;
SA-A165-PRO-PRI;Samsung;Galaxy A16;Cristal templado;Privacidad;4,00;;;
SA-A165-FUN-SIL;Samsung;Galaxy A16;Funda;Silicona;2,50;;;
SA-A165-FUN-TPU;Samsung;Galaxy A16;Funda;Transparente;2,95;;;
SA-A165-FUN-LIB;Samsung;Galaxy A16;Funda;Libro;3,70;;;
SA-A165-FUN-ANT;Samsung;Galaxy A16;Funda;Antigolpes;3,10;;;
SA-A165-PCA-NA;Samsung;Galaxy A16;Protector de cámara;Cristal;2,90;;;
SA-A266-PRO-NA;Samsung;Galaxy A26 5G;Cristal templado;Estándar;1,30;;;
SA-A266-PRO-PRI;Samsung;Galaxy A26 5G;Cristal templado;Privacidad;4,00;;;
SA-A266-FUN-SIL;Samsung;Galaxy A26 5G;Funda;Silicona;2,50;;;
SA-A266-FUN-TPU;Samsung;Galaxy A26 5G;Funda;Transparente;2,95;;;
SA-A266-FUN-LIB;Samsung;Galaxy A26 5G;Funda;Libro;3,70;;;
SA-A266-FUN-ANT;Samsung;Galaxy A26 5G;Funda;Antigolpes;3,10;;;
SA-A266-PCA-NA;Samsung;Galaxy A26 5G;Protector de cámara;Cristal;2,90;;;
SA-A366-PRO-NA;Samsung;Galaxy A36 5G;Cristal templado;Estándar;1,30;;;
SA-A366-PRO-PRI;Samsung;Galaxy A36 5G;Cristal templado;Privacidad;4,00;;;
SA-A366-FUN-SIL;Samsung;Galaxy A36 5G;Funda;Silicona;2,50;;;
SA-A366-FUN-TPU;Samsung;Galaxy A36 5G;Funda;Transparente;2,95;;;
SA-A366-FUN-LIB;Samsung;Galaxy A36 5G;Funda;Libro;3,70;;;
SA-A366-FUN-ANT;Samsung;Galaxy A36 5G;Funda;Antigolpes;3,10;;;
SA-A366-PCA-NA;Samsung;Galaxy A36 5G;Protector de cámara;Cristal;2,90;;;
SA-A566-PRO-NA;Samsung;Galaxy A56 5G;Cristal templado;Estándar;1,30;;;
SA-A566-PRO-PRI;Samsung;Galaxy A56 5G;Cristal templado;Privacidad;4,00;;;
SA-A566-FUN-SIL;Samsung;Galaxy A56 5G;Funda;Silicona;2,50;;;
SA-A566-FUN-TPU;Samsung;Galaxy A56 5G;Funda;Transparente;2,95;;;
SA-A566-FUN-LIB;Samsung;Galaxy A56 5G;Funda;Libro;3,70;;;
SA-A566-FUN-ANT;Samsung;Galaxy A56 5G;Funda;Antigolpes;3,10;;;
SA-A566-PCA-NA;Samsung;Galaxy A56 5G;Protector de cámara;Cristal;2,90;;;
SA-A075-PRO-NA;Samsung;Galaxy A07;Cristal templado;Estándar;1,30;;;
SA-A075-PRO-PRI;Samsung;Galaxy A07;Cristal templado;Privacidad;4,00;;;
SA-A075-FUN-SIL;Samsung;Galaxy A07;Funda;Silicona;2,50;;;
SA-A075-FUN-TPU;Samsung;Galaxy A07;Funda;Transparente;2,95;;;
SA-A075-FUN-LIB;Samsung;Galaxy A07;Funda;Libro;3,70;;;
SA-A075-FUN-ANT;Samsung;Galaxy A07;Funda;Antigolpes;3,10;;;
SA-A075-PCA-NA;Samsung;Galaxy A07;Protector de cámara;Cristal;2,90;;;
SA-A176-PRO-NA;Samsung;Galaxy A17 5G;Cristal templado;Estándar;1,30;;;
SA-A176-PRO-PRI;Samsung;Galaxy A17 5G;Cristal templado;Privacidad;4,00;;;
SA-A176-FUN-SIL;Samsung;Galaxy A17 5G;Funda;Silicona;2,50;;;
SA-A176-FUN-TPU;Samsung;Galaxy A17 5G;Funda;Transparente;2,95;;;
SA-A176-FUN-LIB;Samsung;Galaxy A17 5G;Funda;Libro;3,70;;;
SA-A176-FUN-ANT;Samsung;Galaxy A17 5G;Funda;Antigolpes;3,10;;;
SA-A176-PCA-NA;Samsung;Galaxy A17 5G;Protector de cámara;Cristal;2,90;;;
SA-A175-PRO-NA;Samsung;Galaxy A17;Cristal templado;Estándar;1,30;;;
SA-A175-PRO-PRI;Samsung;Galaxy A17;Cristal templado;Privacidad;4,00;;;
SA-A175-FUN-SIL;Samsung;Galaxy A17;Funda;Silicona;2,50;;;
SA-A175-FUN-TPU;Samsung;Galaxy A17;Funda;Transparente;2,95;;;
SA-A175-FUN-LIB;Samsung;Galaxy A17;Funda;Libro;3,70;;;
SA-A175-FUN-ANT;Samsung;Galaxy A17;Funda;Antigolpes;3,10;;;
SA-A175-PCA-NA;Samsung;Galaxy A17;Protector de cámara;Cristal;2,90;;;
SA-A376-PRO-NA;Samsung;Galaxy A37 5G;Cristal templado;Estándar;1,30;;;
SA-A376-PRO-PRI;Samsung;Galaxy A37 5G;Cristal templado;Privacidad;4,00;;;
SA-A376-FUN-SIL;Samsung;Galaxy A37 5G;Funda;Silicona;2,50;;;
SA-A376-FUN-TPU;Samsung;Galaxy A37 5G;Funda;Transparente;2,95;;;
SA-A376-FUN-LIB;Samsung;Galaxy A37 5G;Funda;Libro;3,70;;;
SA-A376-FUN-ANT;Samsung;Galaxy A37 5G;Funda;Antigolpes;3,10;;;
SA-A376-PCA-NA;Samsung;Galaxy A37 5G;Protector de cámara;Cristal;2,90;;;
SA-A576-PRO-NA;Samsung;Galaxy A57 5G;Cristal templado;Estándar;1,30;;;
SA-A576-PRO-PRI;Samsung;Galaxy A57 5G;Cristal templado;Privacidad;4,00;;;
SA-A576-FUN-SIL;Samsung;Galaxy A57 5G;Funda;Silicona;2,50;;;
SA-A576-FUN-TPU;Samsung;Galaxy A57 5G;Funda;Transparente;2,95;;;
SA-A576-FUN-LIB;Samsung;Galaxy A57 5G;Funda;Libro;3,70;;;
SA-A576-FUN-ANT;Samsung;Galaxy A57 5G;Funda;Antigolpes;3,10;;;
SA-A576-PCA-NA;Samsung;Galaxy A57 5G;Protector de cámara;Cristal;2,90;;;
SA-A276-PRO-NA;Samsung;Galaxy A27 5G;Cristal templado;Estándar;1,30;;;
SA-A276-PRO-PRI;Samsung;Galaxy A27 5G;Cristal templado;Privacidad;4,00;;;
SA-A276-FUN-SIL;Samsung;Galaxy A27 5G;Funda;Silicona;2,50;;;
SA-A276-FUN-TPU;Samsung;Galaxy A27 5G;Funda;Transparente;2,95;;;
SA-A276-FUN-LIB;Samsung;Galaxy A27 5G;Funda;Libro;3,70;;;
SA-A276-FUN-ANT;Samsung;Galaxy A27 5G;Funda;Antigolpes;3,10;;;
SA-A276-PCA-NA;Samsung;Galaxy A27 5G;Protector de cámara;Cristal;2,90;;;
SA-M205-PRO-NA;Samsung;Galaxy M20;Cristal templado;Estándar;1,30;;;
SA-M205-PRO-PRI;Samsung;Galaxy M20;Cristal templado;Privacidad;4,00;;;
SA-M205-FUN-SIL;Samsung;Galaxy M20;Funda;Silicona;2,50;;;
SA-M205-FUN-TPU;Samsung;Galaxy M20;Funda;Transparente;2,95;;;
SA-M205-FUN-LIB;Samsung;Galaxy M20;Funda;Libro;3,70;;;
SA-M205-FUN-ANT;Samsung;Galaxy M20;Funda;Antigolpes;3,10;;;
SA-M205-PCA-NA;Samsung;Galaxy M20;Protector de cámara;Cristal;2,90;;;
SA-M307-PRO-NA;Samsung;Galaxy M30s;Cristal templado;Estándar;1,30;;;
SA-M307-PRO-PRI;Samsung;Galaxy M30s;Cristal templado;Privacidad;4,00;;;
SA-M307-FUN-SIL;Samsung;Galaxy M30s;Funda;Silicona;2,50;;;
SA-M307-FUN-TPU;Samsung;Galaxy M30s;Funda;Transparente;2,95;;;
SA-M307-FUN-LIB;Samsung;Galaxy M30s;Funda;Libro;3,70;;;
SA-M307-FUN-ANT;Samsung;Galaxy M30s;Funda;Antigolpes;3,10;;;
SA-M307-PCA-NA;Samsung;Galaxy M30s;Protector de cámara;Cristal;2,90;;;
SA-M115-PRO-NA;Samsung;Galaxy M11;Cristal templado;Estándar;1,30;;;
SA-M115-PRO-PRI;Samsung;Galaxy M11;Cristal templado;Privacidad;4,00;;;
SA-M115-FUN-SIL;Samsung;Galaxy M11;Funda;Silicona;2,50;;;
SA-M115-FUN-TPU;Samsung;Galaxy M11;Funda;Transparente;2,95;;;
SA-M115-FUN-LIB;Samsung;Galaxy M11;Funda;Libro;3,70;;;
SA-M115-FUN-ANT;Samsung;Galaxy M11;Funda;Antigolpes;3,10;;;
SA-M115-PCA-NA;Samsung;Galaxy M11;Protector de cámara;Cristal;2,90;;;
SA-M215-PRO-NA;Samsung;Galaxy M21;Cristal templado;Estándar;1,30;;;
SA-M215-PRO-PRI;Samsung;Galaxy M21;Cristal templado;Privacidad;4,00;;;
SA-M215-FUN-SIL;Samsung;Galaxy M21;Funda;Silicona;2,50;;;
SA-M215-FUN-TPU;Samsung;Galaxy M21;Funda;Transparente;2,95;;;
SA-M215-FUN-LIB;Samsung;Galaxy M21;Funda;Libro;3,70;;;
SA-M215-FUN-ANT;Samsung;Galaxy M21;Funda;Antigolpes;3,10;;;
SA-M215-PCA-NA;Samsung;Galaxy M21;Protector de cámara;Cristal;2,90;;;
SA-M315-PRO-NA;Samsung;Galaxy M31;Cristal templado;Estándar;1,30;;;
SA-M315-PRO-PRI;Samsung;Galaxy M31;Cristal templado;Privacidad;4,00;;;
SA-M315-FUN-SIL;Samsung;Galaxy M31;Funda;Silicona;2,50;;;
SA-M315-FUN-TPU;Samsung;Galaxy M31;Funda;Transparente;2,95;;;
SA-M315-FUN-LIB;Samsung;Galaxy M31;Funda;Libro;3,70;;;
SA-M315-FUN-ANT;Samsung;Galaxy M31;Funda;Antigolpes;3,10;;;
SA-M315-PCA-NA;Samsung;Galaxy M31;Protector de cámara;Cristal;2,90;;;
SA-M317-PRO-NA;Samsung;Galaxy M31s;Cristal templado;Estándar;1,30;;;
SA-M317-PRO-PRI;Samsung;Galaxy M31s;Cristal templado;Privacidad;4,00;;;
SA-M317-FUN-SIL;Samsung;Galaxy M31s;Funda;Silicona;2,50;;;
SA-M317-FUN-TPU;Samsung;Galaxy M31s;Funda;Transparente;2,95;;;
SA-M317-FUN-LIB;Samsung;Galaxy M31s;Funda;Libro;3,70;;;
SA-M317-FUN-ANT;Samsung;Galaxy M31s;Funda;Antigolpes;3,10;;;
SA-M317-PCA-NA;Samsung;Galaxy M31s;Protector de cámara;Cristal;2,90;;;
SA-M515-PRO-NA;Samsung;Galaxy M51;Cristal templado;Estándar;1,30;;;
SA-M515-PRO-PRI;Samsung;Galaxy M51;Cristal templado;Privacidad;4,00;;;
SA-M515-FUN-SIL;Samsung;Galaxy M51;Funda;Silicona;2,50;;;
SA-M515-FUN-TPU;Samsung;Galaxy M51;Funda;Transparente;2,95;;;
SA-M515-FUN-LIB;Samsung;Galaxy M51;Funda;Libro;3,70;;;
SA-M515-FUN-ANT;Samsung;Galaxy M51;Funda;Antigolpes;3,10;;;
SA-M515-PCA-NA;Samsung;Galaxy M51;Protector de cámara;Cristal;2,90;;;
SA-M127-PRO-NA;Samsung;Galaxy M12;Cristal templado;Estándar;1,30;;;
SA-M127-PRO-PRI;Samsung;Galaxy M12;Cristal templado;Privacidad;4,00;;;
SA-M127-FUN-SIL;Samsung;Galaxy M12;Funda;Silicona;2,50;;;
SA-M127-FUN-TPU;Samsung;Galaxy M12;Funda;Transparente;2,95;;;
SA-M127-FUN-LIB;Samsung;Galaxy M12;Funda;Libro;3,70;;;
SA-M127-FUN-ANT;Samsung;Galaxy M12;Funda;Antigolpes;3,10;;;
SA-M127-PCA-NA;Samsung;Galaxy M12;Protector de cámara;Cristal;2,90;;;
SA-M325-PRO-NA;Samsung;Galaxy M32;Cristal templado;Estándar;1,30;;;
SA-M325-PRO-PRI;Samsung;Galaxy M32;Cristal templado;Privacidad;4,00;;;
SA-M325-FUN-SIL;Samsung;Galaxy M32;Funda;Silicona;2,50;;;
SA-M325-FUN-TPU;Samsung;Galaxy M32;Funda;Transparente;2,95;;;
SA-M325-FUN-LIB;Samsung;Galaxy M32;Funda;Libro;3,70;;;
SA-M325-FUN-ANT;Samsung;Galaxy M32;Funda;Antigolpes;3,10;;;
SA-M325-PCA-NA;Samsung;Galaxy M32;Protector de cámara;Cristal;2,90;;;
SA-M225-PRO-NA;Samsung;Galaxy M22;Cristal templado;Estándar;1,30;;;
SA-M225-PRO-PRI;Samsung;Galaxy M22;Cristal templado;Privacidad;4,00;;;
SA-M225-FUN-SIL;Samsung;Galaxy M22;Funda;Silicona;2,50;;;
SA-M225-FUN-TPU;Samsung;Galaxy M22;Funda;Transparente;2,95;;;
SA-M225-FUN-LIB;Samsung;Galaxy M22;Funda;Libro;3,70;;;
SA-M225-FUN-ANT;Samsung;Galaxy M22;Funda;Antigolpes;3,10;;;
SA-M225-PCA-NA;Samsung;Galaxy M22;Protector de cámara;Cristal;2,90;;;
SA-M526-PRO-NA;Samsung;Galaxy M52 5G;Cristal templado;Estándar;1,30;;;
SA-M526-PRO-PRI;Samsung;Galaxy M52 5G;Cristal templado;Privacidad;4,00;;;
SA-M526-FUN-SIL;Samsung;Galaxy M52 5G;Funda;Silicona;2,50;;;
SA-M526-FUN-TPU;Samsung;Galaxy M52 5G;Funda;Transparente;2,95;;;
SA-M526-FUN-LIB;Samsung;Galaxy M52 5G;Funda;Libro;3,70;;;
SA-M526-FUN-ANT;Samsung;Galaxy M52 5G;Funda;Antigolpes;3,10;;;
SA-M526-PCA-NA;Samsung;Galaxy M52 5G;Protector de cámara;Cristal;2,90;;;
SA-M236-PRO-NA;Samsung;Galaxy M23 5G;Cristal templado;Estándar;1,30;;;
SA-M236-PRO-PRI;Samsung;Galaxy M23 5G;Cristal templado;Privacidad;4,00;;;
SA-M236-FUN-SIL;Samsung;Galaxy M23 5G;Funda;Silicona;2,50;;;
SA-M236-FUN-TPU;Samsung;Galaxy M23 5G;Funda;Transparente;2,95;;;
SA-M236-FUN-LIB;Samsung;Galaxy M23 5G;Funda;Libro;3,70;;;
SA-M236-FUN-ANT;Samsung;Galaxy M23 5G;Funda;Antigolpes;3,10;;;
SA-M236-PCA-NA;Samsung;Galaxy M23 5G;Protector de cámara;Cristal;2,90;;;
SA-M336-PRO-NA;Samsung;Galaxy M33 5G;Cristal templado;Estándar;1,30;;;
SA-M336-PRO-PRI;Samsung;Galaxy M33 5G;Cristal templado;Privacidad;4,00;;;
SA-M336-FUN-SIL;Samsung;Galaxy M33 5G;Funda;Silicona;2,50;;;
SA-M336-FUN-TPU;Samsung;Galaxy M33 5G;Funda;Transparente;2,95;;;
SA-M336-FUN-LIB;Samsung;Galaxy M33 5G;Funda;Libro;3,70;;;
SA-M336-FUN-ANT;Samsung;Galaxy M33 5G;Funda;Antigolpes;3,10;;;
SA-M336-PCA-NA;Samsung;Galaxy M33 5G;Protector de cámara;Cristal;2,90;;;
SA-M536-PRO-NA;Samsung;Galaxy M53 5G;Cristal templado;Estándar;1,30;;;
SA-M536-PRO-PRI;Samsung;Galaxy M53 5G;Cristal templado;Privacidad;4,00;;;
SA-M536-FUN-SIL;Samsung;Galaxy M53 5G;Funda;Silicona;2,50;;;
SA-M536-FUN-TPU;Samsung;Galaxy M53 5G;Funda;Transparente;2,95;;;
SA-M536-FUN-LIB;Samsung;Galaxy M53 5G;Funda;Libro;3,70;;;
SA-M536-FUN-ANT;Samsung;Galaxy M53 5G;Funda;Antigolpes;3,10;;;
SA-M536-PCA-NA;Samsung;Galaxy M53 5G;Protector de cámara;Cristal;2,90;;;
SA-M135-PRO-NA;Samsung;Galaxy M13;Cristal templado;Estándar;1,30;;;
SA-M135-PRO-PRI;Samsung;Galaxy M13;Cristal templado;Privacidad;4,00;;;
SA-M135-FUN-SIL;Samsung;Galaxy M13;Funda;Silicona;2,50;;;
SA-M135-FUN-TPU;Samsung;Galaxy M13;Funda;Transparente;2,95;;;
SA-M135-FUN-LIB;Samsung;Galaxy M13;Funda;Libro;3,70;;;
SA-M135-FUN-ANT;Samsung;Galaxy M13;Funda;Antigolpes;3,10;;;
SA-M135-PCA-NA;Samsung;Galaxy M13;Protector de cámara;Cristal;2,90;;;
SA-M156-PRO-NA;Samsung;Galaxy M15 5G;Cristal templado;Estándar;1,30;;;
SA-M156-PRO-PRI;Samsung;Galaxy M15 5G;Cristal templado;Privacidad;4,00;;;
SA-M156-FUN-SIL;Samsung;Galaxy M15 5G;Funda;Silicona;2,50;;;
SA-M156-FUN-TPU;Samsung;Galaxy M15 5G;Funda;Transparente;2,95;;;
SA-M156-FUN-LIB;Samsung;Galaxy M15 5G;Funda;Libro;3,70;;;
SA-M156-FUN-ANT;Samsung;Galaxy M15 5G;Funda;Antigolpes;3,10;;;
SA-M156-PCA-NA;Samsung;Galaxy M15 5G;Protector de cámara;Cristal;2,90;;;
SA-M356-PRO-NA;Samsung;Galaxy M35 5G;Cristal templado;Estándar;1,30;;;
SA-M356-PRO-PRI;Samsung;Galaxy M35 5G;Cristal templado;Privacidad;4,00;;;
SA-M356-FUN-SIL;Samsung;Galaxy M35 5G;Funda;Silicona;2,50;;;
SA-M356-FUN-TPU;Samsung;Galaxy M35 5G;Funda;Transparente;2,95;;;
SA-M356-FUN-LIB;Samsung;Galaxy M35 5G;Funda;Libro;3,70;;;
SA-M356-FUN-ANT;Samsung;Galaxy M35 5G;Funda;Antigolpes;3,10;;;
SA-M356-PCA-NA;Samsung;Galaxy M35 5G;Protector de cámara;Cristal;2,90;;;
SA-G398-PRO-NA;Samsung;Galaxy XCover 4s;Cristal templado;Estándar;1,30;;;
SA-G715-PRO-NA;Samsung;Galaxy XCover Pro;Cristal templado;Estándar;1,30;;;
SA-G525-PRO-NA;Samsung;Galaxy XCover 5;Cristal templado;Estándar;1,30;;;
SA-G736-PRO-NA;Samsung;Galaxy XCover 6 Pro;Cristal templado;Estándar;1,30;;;
SA-G556-PRO-NA;Samsung;Galaxy XCover 7;Cristal templado;Estándar;1,30;;;
SA-G766-PRO-NA;Samsung;Galaxy XCover 7 Pro;Cristal templado;Estándar;1,30;;;
SA-A077-PRO-NA;Samsung;Galaxy A07s;Cristal templado;Estándar;1,30;;;
SA-A077-PRO-PRI;Samsung;Galaxy A07s;Cristal templado;Privacidad;4,00;;;
SA-A077-FUN-SIL;Samsung;Galaxy A07s;Funda;Silicona;2,50;;;
SA-A077-FUN-TPU;Samsung;Galaxy A07s;Funda;Transparente;2,95;;;
SA-A077-FUN-LIB;Samsung;Galaxy A07s;Funda;Libro;3,70;;;
SA-A077-FUN-ANT;Samsung;Galaxy A07s;Funda;Antigolpes;3,10;;;
SA-A085-PRO-NA;Samsung;Galaxy A08;Cristal templado;Estándar;1,30;;;
SA-A085-PRO-PRI;Samsung;Galaxy A08;Cristal templado;Privacidad;4,00;;;
SA-A085-FUN-SIL;Samsung;Galaxy A08;Funda;Silicona;2,50;;;
SA-A085-FUN-TPU;Samsung;Galaxy A08;Funda;Transparente;2,95;;;
SA-A085-FUN-LIB;Samsung;Galaxy A08;Funda;Libro;3,70;;;
SA-A085-FUN-ANT;Samsung;Galaxy A08;Funda;Antigolpes;3,10;;;
SA-A085-PCA-NA;Samsung;Galaxy A08;Protector de cámara;Cristal;2,90;;;
SA-M47-PRO-NA;Samsung;Galaxy M47;Cristal templado;Estándar;1,30;;;
SA-M47-PRO-PRI;Samsung;Galaxy M47;Cristal templado;Privacidad;4,00;;;
SA-M47-FUN-SIL;Samsung;Galaxy M47;Funda;Silicona;2,50;;;
SA-M47-FUN-TPU;Samsung;Galaxy M47;Funda;Transparente;2,95;;;
SA-M47-FUN-LIB;Samsung;Galaxy M47;Funda;Libro;3,70;;;
SA-M47-FUN-ANT;Samsung;Galaxy M47;Funda;Antigolpes;3,10;;;
SA-M47-PCA-NA;Samsung;Galaxy M47;Protector de cámara;Cristal;2,90;;;
SA-M076-PRO-NA;Samsung;Galaxy M17e;Cristal templado;Estándar;1,30;;;
SA-M076-PRO-PRI;Samsung;Galaxy M17e;Cristal templado;Privacidad;4,00;;;
SA-M076-FUN-SIL;Samsung;Galaxy M17e;Funda;Silicona;2,50;;;
SA-M076-FUN-TPU;Samsung;Galaxy M17e;Funda;Transparente;2,95;;;
SA-M076-FUN-LIB;Samsung;Galaxy M17e;Funda;Libro;3,70;;;
SA-M076-FUN-ANT;Samsung;Galaxy M17e;Funda;Antigolpes;3,10;;;
SA-M076-PCA-NA;Samsung;Galaxy M17e;Protector de cámara;Cristal;2,90;;;
SA-A076-PRO-NA;Samsung;Galaxy A07 5G;Cristal templado;Estándar;1,30;;;
SA-A076-PRO-PRI;Samsung;Galaxy A07 5G;Cristal templado;Privacidad;4,00;;;
SA-A076-FUN-SIL;Samsung;Galaxy A07 5G;Funda;Silicona;2,50;;;
SA-A076-FUN-TPU;Samsung;Galaxy A07 5G;Funda;Transparente;2,95;;;
SA-A076-FUN-LIB;Samsung;Galaxy A07 5G;Funda;Libro;3,70;;;
SA-A076-FUN-ANT;Samsung;Galaxy A07 5G;Funda;Antigolpes;3,10;;;
SA-A076-PCA-NA;Samsung;Galaxy A07 5G;Protector de cámara;Cristal;2,90;;;
SA-F968-PRO-NA;Samsung;Galaxy Z TriFold;Cristal templado;Estándar;1,30;;;
SA-F968-OTR-ADT;Samsung;Galaxy Z TriFold;Adhesivo de tapa;;2,80;;;
SA-F968-FUN-SIL;Samsung;Galaxy Z TriFold;Funda;Silicona;2,50;;;
SA-F968-FUN-TPU;Samsung;Galaxy Z TriFold;Funda;Transparente;2,95;;;
SA-F968-PCA-NA;Samsung;Galaxy Z TriFold;Protector de cámara;Cristal;2,90;;;
SA-M075-PRO-NA;Samsung;Galaxy M07;Cristal templado;Estándar;1,30;;;
SA-M075-PRO-PRI;Samsung;Galaxy M07;Cristal templado;Privacidad;4,00;;;
SA-M075-FUN-SIL;Samsung;Galaxy M07;Funda;Silicona;2,50;;;
SA-M075-FUN-TPU;Samsung;Galaxy M07;Funda;Transparente;2,95;;;
SA-M075-FUN-LIB;Samsung;Galaxy M07;Funda;Libro;3,70;;;
SA-M075-FUN-ANT;Samsung;Galaxy M07;Funda;Antigolpes;3,10;;;
SA-M075-PCA-NA;Samsung;Galaxy M07;Protector de cámara;Cristal;2,90;;;
SA-M176-PRO-NA;Samsung;Galaxy M17;Cristal templado;Estándar;1,30;;;
SA-M176-PRO-PRI;Samsung;Galaxy M17;Cristal templado;Privacidad;4,00;;;
SA-M176-FUN-SIL;Samsung;Galaxy M17;Funda;Silicona;2,50;;;
SA-M176-FUN-TPU;Samsung;Galaxy M17;Funda;Transparente;2,95;;;
SA-M176-FUN-LIB;Samsung;Galaxy M17;Funda;Libro;3,70;;;
SA-M176-FUN-ANT;Samsung;Galaxy M17;Funda;Antigolpes;3,10;;;
SA-M176-PCA-NA;Samsung;Galaxy M17;Protector de cámara;Cristal;2,90;;;
SA-M366-PRO-NA;Samsung;Galaxy M36 5G;Cristal templado;Estándar;1,30;;;
SA-M366-PRO-PRI;Samsung;Galaxy M36 5G;Cristal templado;Privacidad;4,00;;;
SA-M366-FUN-SIL;Samsung;Galaxy M36 5G;Funda;Silicona;2,50;;;
SA-M366-FUN-TPU;Samsung;Galaxy M36 5G;Funda;Transparente;2,95;;;
SA-M366-FUN-LIB;Samsung;Galaxy M36 5G;Funda;Libro;3,70;;;
SA-M366-FUN-ANT;Samsung;Galaxy M36 5G;Funda;Antigolpes;3,10;;;
SA-M366-PCA-NA;Samsung;Galaxy M36 5G;Protector de cámara;Cristal;2,90;;;
SA-M566-PRO-NA;Samsung;Galaxy M56 5G;Cristal templado;Estándar;1,30;;;
SA-M566-PRO-PRI;Samsung;Galaxy M56 5G;Cristal templado;Privacidad;4,00;;;
SA-M566-FUN-SIL;Samsung;Galaxy M56 5G;Funda;Silicona;2,50;;;
SA-M566-FUN-TPU;Samsung;Galaxy M56 5G;Funda;Transparente;2,95;;;
SA-M566-FUN-LIB;Samsung;Galaxy M56 5G;Funda;Libro;3,70;;;
SA-M566-FUN-ANT;Samsung;Galaxy M56 5G;Funda;Antigolpes;3,10;;;
SA-M566-PCA-NA;Samsung;Galaxy M56 5G;Protector de cámara;Cristal;2,90;;;
SA-A066-PRO-NA;Samsung;Galaxy A06 5G;Cristal templado;Estándar;1,30;;;
SA-A066-PRO-PRI;Samsung;Galaxy A06 5G;Cristal templado;Privacidad;4,00;;;
SA-A066-FUN-SIL;Samsung;Galaxy A06 5G;Funda;Silicona;2,50;;;
SA-A066-FUN-TPU;Samsung;Galaxy A06 5G;Funda;Transparente;2,95;;;
SA-A066-FUN-LIB;Samsung;Galaxy A06 5G;Funda;Libro;3,70;;;
SA-A066-FUN-ANT;Samsung;Galaxy A06 5G;Funda;Antigolpes;3,10;;;
SA-A066-PCA-NA;Samsung;Galaxy A06 5G;Protector de cámara;Cristal;2,90;;;
SA-M066-PRO-NA;Samsung;Galaxy M06 5G;Cristal templado;Estándar;1,30;;;
SA-M066-PRO-PRI;Samsung;Galaxy M06 5G;Cristal templado;Privacidad;4,00;;;
SA-M066-FUN-SIL;Samsung;Galaxy M06 5G;Funda;Silicona;2,50;;;
SA-M066-FUN-TPU;Samsung;Galaxy M06 5G;Funda;Transparente;2,95;;;
SA-M066-FUN-LIB;Samsung;Galaxy M06 5G;Funda;Libro;3,70;;;
SA-M066-FUN-ANT;Samsung;Galaxy M06 5G;Funda;Antigolpes;3,10;;;
SA-M066-PCA-NA;Samsung;Galaxy M06 5G;Protector de cámara;Cristal;2,90;;;
SA-M166-PRO-NA;Samsung;Galaxy M16 5G;Cristal templado;Estándar;1,30;;;
SA-M166-PRO-PRI;Samsung;Galaxy M16 5G;Cristal templado;Privacidad;4,00;;;
SA-M166-FUN-SIL;Samsung;Galaxy M16 5G;Funda;Silicona;2,50;;;
SA-M166-FUN-TPU;Samsung;Galaxy M16 5G;Funda;Transparente;2,95;;;
SA-M166-FUN-LIB;Samsung;Galaxy M16 5G;Funda;Libro;3,70;;;
SA-M166-FUN-ANT;Samsung;Galaxy M16 5G;Funda;Antigolpes;3,10;;;
SA-M166-PCA-NA;Samsung;Galaxy M16 5G;Protector de cámara;Cristal;2,90;;;
SA-ZFSE-PRO-NA;Samsung;Galaxy Z Fold SE;Cristal templado;Estándar;1,30;;;
SA-ZFSE-OTR-ADT;Samsung;Galaxy Z Fold SE;Adhesivo de tapa;;2,80;;;
SA-ZFSE-FUN-SIL;Samsung;Galaxy Z Fold SE;Funda;Silicona;2,50;;;
SA-ZFSE-FUN-TPU;Samsung;Galaxy Z Fold SE;Funda;Transparente;2,95;;;
SA-M055-PRO-NA;Samsung;Galaxy M05;Cristal templado;Estándar;1,30;;;
SA-M055-PRO-PRI;Samsung;Galaxy M05;Cristal templado;Privacidad;4,00;;;
SA-M055-FUN-SIL;Samsung;Galaxy M05;Funda;Silicona;2,50;;;
SA-M055-FUN-TPU;Samsung;Galaxy M05;Funda;Transparente;2,95;;;
SA-M055-FUN-LIB;Samsung;Galaxy M05;Funda;Libro;3,70;;;
SA-M055-FUN-ANT;Samsung;Galaxy M05;Funda;Antigolpes;3,10;;;
SA-M055-PCA-NA;Samsung;Galaxy M05;Protector de cámara;Cristal;2,90;;;
SA-M558-PRO-NA;Samsung;Galaxy M55s 5G;Cristal templado;Estándar;1,30;;;
SA-M558-PRO-PRI;Samsung;Galaxy M55s 5G;Cristal templado;Privacidad;4,00;;;
SA-M558-FUN-SIL;Samsung;Galaxy M55s 5G;Funda;Silicona;2,50;;;
SA-M558-FUN-TPU;Samsung;Galaxy M55s 5G;Funda;Transparente;2,95;;;
SA-M558-FUN-LIB;Samsung;Galaxy M55s 5G;Funda;Libro;3,70;;;
SA-M558-FUN-ANT;Samsung;Galaxy M55s 5G;Funda;Antigolpes;3,10;;;
SA-M558-PCA-NA;Samsung;Galaxy M55s 5G;Protector de cámara;Cristal;2,90;;;
SA-E156-PRO-NA;Samsung;Galaxy F15 5G;Cristal templado;Estándar;1,30;;;
SA-E156-PRO-PRI;Samsung;Galaxy F15 5G;Cristal templado;Privacidad;4,00;;;
SA-E156-FUN-SIL;Samsung;Galaxy F15 5G;Funda;Silicona;2,50;;;
SA-E156-FUN-TPU;Samsung;Galaxy F15 5G;Funda;Transparente;2,95;;;
SA-E156-FUN-LIB;Samsung;Galaxy F15 5G;Funda;Libro;3,70;;;
SA-E156-FUN-ANT;Samsung;Galaxy F15 5G;Funda;Antigolpes;3,10;;;
SA-E156-PCA-NA;Samsung;Galaxy F15 5G;Protector de cámara;Cristal;2,90;;;
SA-M556-PRO-NA;Samsung;Galaxy M55 5G;Cristal templado;Estándar;1,30;;;
SA-M556-PRO-PRI;Samsung;Galaxy M55 5G;Cristal templado;Privacidad;4,00;;;
SA-M556-FUN-SIL;Samsung;Galaxy M55 5G;Funda;Silicona;2,50;;;
SA-M556-FUN-TPU;Samsung;Galaxy M55 5G;Funda;Transparente;2,95;;;
SA-M556-FUN-LIB;Samsung;Galaxy M55 5G;Funda;Libro;3,70;;;
SA-M556-FUN-ANT;Samsung;Galaxy M55 5G;Funda;Antigolpes;3,10;;;
SA-M556-PCA-NA;Samsung;Galaxy M55 5G;Protector de cámara;Cristal;2,90;;;
SA-A055-PRO-NA;Samsung;Galaxy A05;Cristal templado;Estándar;1,30;;;
SA-A055-PRO-PRI;Samsung;Galaxy A05;Cristal templado;Privacidad;4,00;;;
SA-A055-FUN-SIL;Samsung;Galaxy A05;Funda;Silicona;2,50;;;
SA-A055-FUN-TPU;Samsung;Galaxy A05;Funda;Transparente;2,95;;;
SA-A055-FUN-LIB;Samsung;Galaxy A05;Funda;Libro;3,70;;;
SA-A055-FUN-ANT;Samsung;Galaxy A05;Funda;Antigolpes;3,10;;;
SA-A055-PCA-NA;Samsung;Galaxy A05;Protector de cámara;Cristal;2,90;;;
SA-M346-PRO-NA;Samsung;Galaxy M34 5G;Cristal templado;Estándar;1,30;;;
SA-M346-PRO-PRI;Samsung;Galaxy M34 5G;Cristal templado;Privacidad;4,00;;;
SA-M346-FUN-SIL;Samsung;Galaxy M34 5G;Funda;Silicona;2,50;;;
SA-M346-FUN-TPU;Samsung;Galaxy M34 5G;Funda;Transparente;2,95;;;
SA-M346-FUN-LIB;Samsung;Galaxy M34 5G;Funda;Libro;3,70;;;
SA-M346-FUN-ANT;Samsung;Galaxy M34 5G;Funda;Antigolpes;3,10;;;
SA-M346-PCA-NA;Samsung;Galaxy M34 5G;Protector de cámara;Cristal;2,90;;;
SA-M146-PRO-NA;Samsung;Galaxy M14 5G;Cristal templado;Estándar;1,30;;;
SA-M146-PRO-PRI;Samsung;Galaxy M14 5G;Cristal templado;Privacidad;4,00;;;
SA-M146-FUN-SIL;Samsung;Galaxy M14 5G;Funda;Silicona;2,50;;;
SA-M146-FUN-TPU;Samsung;Galaxy M14 5G;Funda;Transparente;2,95;;;
SA-M146-FUN-LIB;Samsung;Galaxy M14 5G;Funda;Libro;3,70;;;
SA-M146-FUN-ANT;Samsung;Galaxy M14 5G;Funda;Antigolpes;3,10;;;
SA-M146-PCA-NA;Samsung;Galaxy M14 5G;Protector de cámara;Cristal;2,90;;;
SA-A245-PRO-NA;Samsung;Galaxy A24;Cristal templado;Estándar;1,30;;;
SA-A245-PRO-PRI;Samsung;Galaxy A24;Cristal templado;Privacidad;4,00;;;
SA-A245-FUN-SIL;Samsung;Galaxy A24;Funda;Silicona;2,50;;;
SA-A245-FUN-TPU;Samsung;Galaxy A24;Funda;Transparente;2,95;;;
SA-A245-FUN-LIB;Samsung;Galaxy A24;Funda;Libro;3,70;;;
SA-A245-FUN-ANT;Samsung;Galaxy A24;Funda;Antigolpes;4,10;;;
SA-A245-PCA-NA;Samsung;Galaxy A24;Protector de cámara;Cristal;2,90;;;
SA-M546-PRO-NA;Samsung;Galaxy M54;Cristal templado;Estándar;1,30;;;
SA-M546-PRO-PRI;Samsung;Galaxy M54;Cristal templado;Privacidad;4,00;;;
SA-M546-FUN-SIL;Samsung;Galaxy M54;Funda;Silicona;2,50;;;
SA-M546-FUN-TPU;Samsung;Galaxy M54;Funda;Transparente;2,95;;;
SA-M546-FUN-LIB;Samsung;Galaxy M54;Funda;Libro;3,70;;;
SA-M546-FUN-ANT;Samsung;Galaxy M54;Funda;Antigolpes;3,10;;;
SA-E045-PRO-NA;Samsung;Galaxy F04;Cristal templado;Estándar;1,30;;;
SA-E045-PRO-PRI;Samsung;Galaxy F04;Cristal templado;Privacidad;4,00;;;
SA-E045-FUN-SIL;Samsung;Galaxy F04;Funda;Silicona;2,50;;;
SA-E045-FUN-TPU;Samsung;Galaxy F04;Funda;Transparente;2,95;;;
SA-E045-FUN-LIB;Samsung;Galaxy F04;Funda;Libro;3,70;;;
SA-E045-FUN-ANT;Samsung;Galaxy F04;Funda;Antigolpes;3,10;;;
SA-E045-PCA-NA;Samsung;Galaxy F04;Protector de cámara;Cristal;2,90;;;
SA-M045-PRO-NA;Samsung;Galaxy M04;Cristal templado;Estándar;1,30;;;
SA-M045-PRO-PRI;Samsung;Galaxy M04;Cristal templado;Privacidad;4,00;;;
SA-M045-FUN-SIL;Samsung;Galaxy M04;Funda;Silicona;2,50;;;
SA-M045-FUN-TPU;Samsung;Galaxy M04;Funda;Transparente;2,95;;;
SA-M045-FUN-LIB;Samsung;Galaxy M04;Funda;Libro;3,70;;;
SA-M045-FUN-ANT;Samsung;Galaxy M04;Funda;Antigolpes;3,10;;;
SA-M045-PCA-NA;Samsung;Galaxy M04;Protector de cámara;Cristal;2,90;;;
SA-A042-PRO-NA;Samsung;Galaxy A04e;Cristal templado;Estándar;1,30;;;
SA-A042-PRO-PRI;Samsung;Galaxy A04e;Cristal templado;Privacidad;4,00;;;
SA-A042-FUN-SIL;Samsung;Galaxy A04e;Funda;Silicona;2,50;;;
SA-A042-FUN-TPU;Samsung;Galaxy A04e;Funda;Transparente;2,95;;;
SA-A042-FUN-LIB;Samsung;Galaxy A04e;Funda;Libro;3,70;;;
SA-A042-FUN-ANT;Samsung;Galaxy A04e;Funda;Antigolpes;3,10;;;
SA-A042-PCA-NA;Samsung;Galaxy A04e;Protector de cámara;Cristal;2,90;;;
SA-A045-PRO-NA;Samsung;Galaxy A04;Cristal templado;Estándar;1,30;;;
SA-A045-PRO-PRI;Samsung;Galaxy A04;Cristal templado;Privacidad;4,00;;;
SA-A045-FUN-SIL;Samsung;Galaxy A04;Funda;Silicona;2,50;;;
SA-A045-FUN-TPU;Samsung;Galaxy A04;Funda;Transparente;2,95;;;
SA-A045-FUN-LIB;Samsung;Galaxy A04;Funda;Libro;3,70;;;
SA-A045-FUN-ANT;Samsung;Galaxy A04;Funda;Antigolpes;3,10;;;
SA-A045-PCA-NA;Samsung;Galaxy A04;Protector de cámara;Cristal;2,90;;;
SA-A235-PRO-NA;Samsung;Galaxy A23;Cristal templado;Estándar;1,30;;;
SA-A235-PRO-PRI;Samsung;Galaxy A23;Cristal templado;Privacidad;4,00;;;
SA-A235-FUN-SIL;Samsung;Galaxy A23;Funda;Silicona;2,50;;;
SA-A235-FUN-TPU;Samsung;Galaxy A23;Funda;Transparente;2,95;;;
SA-A235-FUN-LIB;Samsung;Galaxy A23;Funda;Libro;3,70;;;
SA-A235-FUN-ANT;Samsung;Galaxy A23;Funda;Antigolpes;3,10;;;
SA-A235-PCA-NA;Samsung;Galaxy A23;Protector de cámara;Cristal;2,90;;;
SA-A736-PRO-NA;Samsung;Galaxy A73 5G;Cristal templado;Estándar;1,30;;;
SA-A736-PRO-PRI;Samsung;Galaxy A73 5G;Cristal templado;Privacidad;4,00;;;
SA-A736-FUN-SIL;Samsung;Galaxy A73 5G;Funda;Silicona;2,50;;;
SA-A736-FUN-TPU;Samsung;Galaxy A73 5G;Funda;Transparente;2,95;;;
SA-A736-FUN-LIB;Samsung;Galaxy A73 5G;Funda;Libro;3,70;;;
SA-A736-FUN-ANT;Samsung;Galaxy A73 5G;Funda;Antigolpes;3,10;;;
SA-A736-PCA-NA;Samsung;Galaxy A73 5G;Protector de cámara;Cristal;2,90;;;
SA-A032-PRO-NA;Samsung;Galaxy A03 Core;Cristal templado;Estándar;1,30;;;
SA-A032-PRO-PRI;Samsung;Galaxy A03 Core;Cristal templado;Privacidad;4,00;;;
SA-A032-FUN-SIL;Samsung;Galaxy A03 Core;Funda;Silicona;2,50;;;
SA-A032-FUN-TPU;Samsung;Galaxy A03 Core;Funda;Transparente;2,95;;;
SA-A032-FUN-LIB;Samsung;Galaxy A03 Core;Funda;Libro;3,70;;;
SA-A032-FUN-ANT;Samsung;Galaxy A03 Core;Funda;Antigolpes;3,10;;;
SA-E426-PRO-NA;Samsung;Galaxy F42 5G;Cristal templado;Estándar;1,30;;;
SA-E426-PRO-PRI;Samsung;Galaxy F42 5G;Cristal templado;Privacidad;3,15;;;
SA-E426-FUN-SIL;Samsung;Galaxy F42 5G;Funda;Silicona;2,50;;;
SA-E426-FUN-TPU;Samsung;Galaxy F42 5G;Funda;Transparente;2,95;;;
SA-E426-FUN-LIB;Samsung;Galaxy F42 5G;Funda;Libro;3,70;;;
SA-E426-FUN-ANT;Samsung;Galaxy F42 5G;Funda;Antigolpes;3,10;;;
SA-E426-PCA-NA;Samsung;Galaxy F42 5G;Protector de cámara;Cristal;2,90;;;
SA-A825-PRO-NA;Samsung;Galaxy A82 5G;Cristal templado;Estándar;1,30;;;
SA-A825-PRO-PRI;Samsung;Galaxy A82 5G;Cristal templado;Privacidad;4,00;;;
SA-A825-FUN-SIL;Samsung;Galaxy A82 5G;Funda;Silicona;2,50;;;
SA-A825-FUN-TPU;Samsung;Galaxy A82 5G;Funda;Transparente;2,95;;;
SA-A825-FUN-LIB;Samsung;Galaxy A82 5G;Funda;Libro;3,70;;;
SA-A825-FUN-ANT;Samsung;Galaxy A82 5G;Funda;Antigolpes;3,10;;;
SA-A825-PCA-NA;Samsung;Galaxy A82 5G;Protector de cámara;Cristal;2,90;;;
SA-E526-PRO-NA;Samsung;Galaxy F52 5G;Cristal templado;Estándar;1,30;;;
SA-E526-PRO-PRI;Samsung;Galaxy F52 5G;Cristal templado;Privacidad;4,00;;;
SA-E526-FUN-SIL;Samsung;Galaxy F52 5G;Funda;Silicona;2,50;;;
SA-E526-FUN-TPU;Samsung;Galaxy F52 5G;Funda;Transparente;2,95;;;
SA-E526-FUN-LIB;Samsung;Galaxy F52 5G;Funda;Libro;3,70;;;
SA-E526-FUN-ANT;Samsung;Galaxy F52 5G;Funda;Antigolpes;3,10;;;
SA-E526-PCA-NA;Samsung;Galaxy F52 5G;Protector de cámara;Cristal;2,90;;;
SA-E025-PRO-NA;Samsung;Galaxy F02s;Cristal templado;Estándar;1,30;;;
SA-E025-PRO-PRI;Samsung;Galaxy F02s;Cristal templado;Privacidad;4,00;;;
SA-E025-FUN-SIL;Samsung;Galaxy F02s;Funda;Silicona;2,50;;;
SA-E025-FUN-TPU;Samsung;Galaxy F02s;Funda;Transparente;2,95;;;
SA-E025-FUN-LIB;Samsung;Galaxy F02s;Funda;Libro;3,70;;;
SA-E025-FUN-ANT;Samsung;Galaxy F02s;Funda;Antigolpes;3,10;;;
SA-F127-PRO-NA;Samsung;Galaxy F12;Cristal templado;Estándar;1,30;;;
SA-F127-PRO-PRI;Samsung;Galaxy F12;Cristal templado;Privacidad;4,00;;;
SA-F127-FUN-SIL;Samsung;Galaxy F12;Funda;Silicona;2,50;;;
SA-F127-FUN-TPU;Samsung;Galaxy F12;Funda;Transparente;2,95;;;
SA-F127-FUN-LIB;Samsung;Galaxy F12;Funda;Libro;3,70;;;
SA-F127-FUN-ANT;Samsung;Galaxy F12;Funda;Antigolpes;3,10;;;
SA-A826-PRO-NA;Samsung;Galaxy Quantum 2;Cristal templado;Estándar;1,30;;;
SA-A826-PRO-PRI;Samsung;Galaxy Quantum 2;Cristal templado;Privacidad;4,00;;;
SA-A826-FUN-SIL;Samsung;Galaxy Quantum 2;Funda;Silicona;2,50;;;
SA-A826-FUN-TPU;Samsung;Galaxy Quantum 2;Funda;Transparente;2,95;;;
SA-A826-FUN-LIB;Samsung;Galaxy Quantum 2;Funda;Libro;3,70;;;
SA-A826-FUN-ANT;Samsung;Galaxy Quantum 2;Funda;Antigolpes;3,10;;;
SA-M625-PRO-NA;Samsung;Galaxy M62;Cristal templado;Estándar;1,30;;;
SA-M625-PRO-PRI;Samsung;Galaxy M62;Cristal templado;Privacidad;4,00;;;
SA-M625-FUN-SIL;Samsung;Galaxy M62;Funda;Silicona;2,50;;;
SA-M625-FUN-TPU;Samsung;Galaxy M62;Funda;Transparente;2,95;;;
SA-M625-FUN-LIB;Samsung;Galaxy M62;Funda;Libro;3,70;;;
SA-M625-FUN-ANT;Samsung;Galaxy M62;Funda;Antigolpes;3,10;;;
SA-E625-PRO-NA;Samsung;Galaxy F62;Cristal templado;Estándar;1,30;;;
SA-E625-PRO-PRI;Samsung;Galaxy F62;Cristal templado;Privacidad;4,00;;;
SA-E625-FUN-SIL;Samsung;Galaxy F62;Funda;Silicona;2,50;;;
SA-E625-FUN-TPU;Samsung;Galaxy F62;Funda;Transparente;2,95;;;
SA-E625-FUN-LIB;Samsung;Galaxy F62;Funda;Libro;3,70;;;
SA-E625-FUN-ANT;Samsung;Galaxy F62;Funda;Antigolpes;3,10;;;
SA-E625-PCA-NA;Samsung;Galaxy F62;Protector de cámara;Cristal;2,90;;;
SA-M022-PRO-NA;Samsung;Galaxy M02;Cristal templado;Estándar;1,30;;;
SA-M022-PRO-PRI;Samsung;Galaxy M02;Cristal templado;Privacidad;4,00;;;
SA-M022-FUN-SIL;Samsung;Galaxy M02;Funda;Silicona;2,50;;;
SA-M022-FUN-TPU;Samsung;Galaxy M02;Funda;Transparente;2,95;;;
SA-M022-FUN-LIB;Samsung;Galaxy M02;Funda;Libro;3,70;;;
SA-M022-FUN-ANT;Samsung;Galaxy M02;Funda;Antigolpes;3,10;;;
SA-A022-PRO-NA;Samsung;Galaxy A02;Cristal templado;Estándar;1,30;;;
SA-A022-PRO-PRI;Samsung;Galaxy A02;Cristal templado;Privacidad;4,00;;;
SA-A022-FUN-SIL;Samsung;Galaxy A02;Funda;Silicona;2,50;;;
SA-A022-FUN-TPU;Samsung;Galaxy A02;Funda;Transparente;2,95;;;
SA-A022-FUN-LIB;Samsung;Galaxy A02;Funda;Libro;3,70;;;
SA-A022-FUN-ANT;Samsung;Galaxy A02;Funda;Antigolpes;3,10;;;
SA-A022-PCA-NA;Samsung;Galaxy A02;Protector de cámara;Cristal;2,90;;;
SA-M025-PRO-NA;Samsung;Galaxy M02s;Cristal templado;Estándar;1,30;;;
SA-M025-PRO-PRI;Samsung;Galaxy M02s;Cristal templado;Privacidad;4,00;;;
SA-M025-FUN-SIL;Samsung;Galaxy M02s;Funda;Silicona;2,50;;;
SA-M025-FUN-TPU;Samsung;Galaxy M02s;Funda;Transparente;2,95;;;
SA-M025-FUN-LIB;Samsung;Galaxy M02s;Funda;Libro;3,70;;;
SA-M025-FUN-ANT;Samsung;Galaxy M02s;Funda;Antigolpes;3,10;;;
SA-M21S-PRO-NA;Samsung;Galaxy M21s;Cristal templado;Estándar;1,30;;;
SA-M21S-PRO-PRI;Samsung;Galaxy M21s;Cristal templado;Privacidad;4,00;;;
SA-M21S-FUN-SIL;Samsung;Galaxy M21s;Funda;Silicona;2,50;;;
SA-M21S-FUN-TPU;Samsung;Galaxy M21s;Funda;Transparente;2,95;;;
SA-M21S-FUN-LIB;Samsung;Galaxy M21s;Funda;Libro;3,70;;;
SA-M21S-FUN-ANT;Samsung;Galaxy M21s;Funda;Antigolpes;3,10;;;
SA-M21S-PCA-NA;Samsung;Galaxy M21s;Protector de cámara;Cristal;2,90;;;
SA-F415-PRO-NA;Samsung;Galaxy F41;Cristal templado;Estándar;1,30;;;
SA-F415-PRO-PRI;Samsung;Galaxy F41;Cristal templado;Privacidad;4,00;;;
SA-F415-FUN-SIL;Samsung;Galaxy F41;Funda;Silicona;2,50;;;
SA-F415-FUN-TPU;Samsung;Galaxy F41;Funda;Transparente;2,95;;;
SA-F415-FUN-LIB;Samsung;Galaxy F41;Funda;Libro;3,70;;;
SA-F415-FUN-ANT;Samsung;Galaxy F41;Funda;Antigolpes;3,10;;;
SA-F415-PCA-NA;Samsung;Galaxy F41;Protector de cámara;Cristal;2,90;;;
SA-A013-PRO-NA;Samsung;Galaxy A01 Core;Cristal templado;Estándar;1,30;;;
SA-A013-PRO-PRI;Samsung;Galaxy A01 Core;Cristal templado;Privacidad;4,00;;;
SA-A013-FUN-SIL;Samsung;Galaxy A01 Core;Funda;Silicona;2,50;;;
SA-A013-FUN-TPU;Samsung;Galaxy A01 Core;Funda;Transparente;2,95;;;
SA-A013-FUN-LIB;Samsung;Galaxy A01 Core;Funda;Libro;3,70;;;
SA-A013-FUN-ANT;Samsung;Galaxy A01 Core;Funda;Antigolpes;3,10;;;
SA-A515UW-PRO-NA;Samsung;Galaxy A51 5G UW;Cristal templado;Estándar;1,30;;;
SA-A515UW-PRO-PRI;Samsung;Galaxy A51 5G UW;Cristal templado;Privacidad;4,00;;;
SA-A515UW-FUN-SIL;Samsung;Galaxy A51 5G UW;Funda;Silicona;2,50;;;
SA-A515UW-FUN-TPU;Samsung;Galaxy A51 5G UW;Funda;Transparente;2,95;;;
SA-A515UW-FUN-LIB;Samsung;Galaxy A51 5G UW;Funda;Libro;3,70;;;
SA-A515UW-FUN-ANT;Samsung;Galaxy A51 5G UW;Funda;Antigolpes;3,10;;;
SA-A515UW-PCA-NA;Samsung;Galaxy A51 5G UW;Protector de cámara;Cristal;2,90;;;
SA-A715UW-PRO-NA;Samsung;Galaxy A71 5G UW;Cristal templado;Estándar;1,30;;;
SA-A715UW-PRO-PRI;Samsung;Galaxy A71 5G UW;Cristal templado;Privacidad;4,00;;;
SA-A715UW-FUN-SIL;Samsung;Galaxy A71 5G UW;Funda;Silicona;2,50;;;
SA-A715UW-FUN-TPU;Samsung;Galaxy A71 5G UW;Funda;Transparente;2,95;;;
SA-A715UW-FUN-LIB;Samsung;Galaxy A71 5G UW;Funda;Libro;3,70;;;
SA-A715UW-FUN-ANT;Samsung;Galaxy A71 5G UW;Funda;Antigolpes;3,10;;;
SA-A715UW-PCA-NA;Samsung;Galaxy A71 5G UW;Protector de cámara;Cristal;2,90;;;
SA-M017-PRO-NA;Samsung;Galaxy M01s;Cristal templado;Estándar;1,30;;;
SA-M017-PRO-PRI;Samsung;Galaxy M01s;Cristal templado;Privacidad;4,00;;;
SA-M017-FUN-SIL;Samsung;Galaxy M01s;Funda;Silicona;2,50;;;
SA-M017-FUN-TPU;Samsung;Galaxy M01s;Funda;Transparente;2,95;;;
SA-M017-FUN-LIB;Samsung;Galaxy M01s;Funda;Libro;3,70;;;
SA-M017-FUN-ANT;Samsung;Galaxy M01s;Funda;Antigolpes;3,10;;;
SA-M017-PCA-NA;Samsung;Galaxy M01s;Protector de cámara;Cristal;2,90;;;
SA-M015-PRO-NA;Samsung;Galaxy M01;Cristal templado;Estándar;1,30;;;
SA-M015-PRO-PRI;Samsung;Galaxy M01;Cristal templado;Privacidad;4,00;;;
SA-M015-FUN-SIL;Samsung;Galaxy M01;Funda;Silicona;2,50;;;
SA-M015-FUN-TPU;Samsung;Galaxy M01;Funda;Transparente;2,95;;;
SA-M015-FUN-LIB;Samsung;Galaxy M01;Funda;Libro;3,70;;;
SA-M015-FUN-ANT;Samsung;Galaxy M01;Funda;Antigolpes;3,10;;;
SA-M015-PCA-NA;Samsung;Galaxy M01;Protector de cámara;Cristal;2,90;;;
SA-A215-PRO-NA;Samsung;Galaxy A21;Cristal templado;Estándar;1,30;;;
SA-A215-PRO-PRI;Samsung;Galaxy A21;Cristal templado;Privacidad;4,00;;;
SA-A215-FUN-SIL;Samsung;Galaxy A21;Funda;Silicona;2,50;;;
SA-A215-FUN-TPU;Samsung;Galaxy A21;Funda;Transparente;2,95;;;
SA-A215-FUN-LIB;Samsung;Galaxy A21;Funda;Libro;3,70;;;
SA-A215-FUN-ANT;Samsung;Galaxy A21;Funda;Antigolpes;3,10;;;
SA-A215-PCA-NA;Samsung;Galaxy A21;Protector de cámara;Cristal;2,90;;;
SA-A716-PRO-NA;Samsung;Galaxy A71 5G;Cristal templado;Estándar;1,30;;;
SA-A716-PRO-PRI;Samsung;Galaxy A71 5G;Cristal templado;Privacidad;4,00;;;
SA-A716-FUN-SIL;Samsung;Galaxy A71 5G;Funda;Silicona;2,50;;;
SA-A716-FUN-TPU;Samsung;Galaxy A71 5G;Funda;Transparente;2,95;;;
SA-A716-FUN-LIB;Samsung;Galaxy A71 5G;Funda;Libro;3,70;;;
SA-A716-FUN-ANT;Samsung;Galaxy A71 5G;Funda;Antigolpes;3,10;;;
SA-A716-PCA-NA;Samsung;Galaxy A71 5G;Protector de cámara;Cristal;2,90;;;
SA-J2C20-PRO-NA;Samsung;Galaxy J2 Core 2020;Cristal templado;Estándar;1,30;;;
SA-J2C20-PRO-PRI;Samsung;Galaxy J2 Core 2020;Cristal templado;Privacidad;4,00;;;
SA-J2C20-FUN-SIL;Samsung;Galaxy J2 Core 2020;Funda;Silicona;2,50;;;
SA-J2C20-FUN-TPU;Samsung;Galaxy J2 Core 2020;Funda;Transparente;2,95;;;
SA-J2C20-FUN-LIB;Samsung;Galaxy J2 Core 2020;Funda;Libro;3,70;;;
SA-J2C20-FUN-ANT;Samsung;Galaxy J2 Core 2020;Funda;Antigolpes;3,10;;;
SA-A115-PRO-NA;Samsung;Galaxy A11;Cristal templado;Estándar;1,30;;;
SA-A115-PRO-PRI;Samsung;Galaxy A11;Cristal templado;Privacidad;4,00;;;
SA-A115-FUN-SIL;Samsung;Galaxy A11;Funda;Silicona;2,50;;;
SA-A115-FUN-TPU;Samsung;Galaxy A11;Funda;Transparente;2,95;;;
SA-A115-FUN-LIB;Samsung;Galaxy A11;Funda;Libro;3,70;;;
SA-A115-FUN-ANT;Samsung;Galaxy A11;Funda;Antigolpes;3,10;;;
SA-A115-PCA-NA;Samsung;Galaxy A11;Protector de cámara;Cristal;2,90;;;
SA-A015-PRO-NA;Samsung;Galaxy A01;Cristal templado;Estándar;1,30;;;
SA-A015-PRO-PRI;Samsung;Galaxy A01;Cristal templado;Privacidad;4,00;;;
SA-A015-FUN-SIL;Samsung;Galaxy A01;Funda;Silicona;2,50;;;
SA-A015-FUN-TPU;Samsung;Galaxy A01;Funda;Transparente;2,95;;;
SA-A015-FUN-LIB;Samsung;Galaxy A01;Funda;Libro;3,70;;;
SA-A015-FUN-ANT;Samsung;Galaxy A01;Funda;Antigolpes;3,10;;;
SA-A015-PCA-NA;Samsung;Galaxy A01;Protector de cámara;Cristal;2,90;;;
SA-A707-PRO-NA;Samsung;Galaxy A70s;Cristal templado;Estándar;1,30;;;
SA-A707-PRO-PRI;Samsung;Galaxy A70s;Cristal templado;Privacidad;4,00;;;
SA-A707-FUN-SIL;Samsung;Galaxy A70s;Funda;Silicona;2,50;;;
SA-A707-FUN-TPU;Samsung;Galaxy A70s;Funda;Transparente;2,95;;;
SA-A707-FUN-LIB;Samsung;Galaxy A70s;Funda;Libro;3,70;;;
SA-A707-FUN-ANT;Samsung;Galaxy A70s;Funda;Antigolpes;3,10;;;
SA-A707-PCA-NA;Samsung;Galaxy A70s;Protector de cámara;Cristal;2,90;;;
SA-M107-PRO-NA;Samsung;Galaxy M10s;Cristal templado;Estándar;1,30;;;
SA-M107-PRO-PRI;Samsung;Galaxy M10s;Cristal templado;Privacidad;4,00;;;
SA-M107-FUN-SIL;Samsung;Galaxy M10s;Funda;Silicona;2,50;;;
SA-M107-FUN-TPU;Samsung;Galaxy M10s;Funda;Transparente;2,95;;;
SA-M107-FUN-LIB;Samsung;Galaxy M10s;Funda;Libro;3,70;;;
SA-M107-FUN-ANT;Samsung;Galaxy M10s;Funda;Antigolpes;3,10;;;
SA-M107-PCA-NA;Samsung;Galaxy M10s;Protector de cámara;Cristal;2,90;;;
SA-A102-PRO-NA;Samsung;Galaxy A10e;Cristal templado;Estándar;1,30;;;
SA-A102-PRO-PRI;Samsung;Galaxy A10e;Cristal templado;Privacidad;4,00;;;
SA-A102-FUN-SIL;Samsung;Galaxy A10e;Funda;Silicona;2,50;;;
SA-A102-FUN-TPU;Samsung;Galaxy A10e;Funda;Transparente;2,95;;;
SA-A102-FUN-LIB;Samsung;Galaxy A10e;Funda;Libro;3,70;;;
SA-A102-FUN-ANT;Samsung;Galaxy A10e;Funda;Antigolpes;3,10;;;
SA-A107-PRO-NA;Samsung;Galaxy A10s;Cristal templado;Estándar;1,30;;;
SA-A107-PRO-PRI;Samsung;Galaxy A10s;Cristal templado;Privacidad;4,00;;;
SA-A107-FUN-SIL;Samsung;Galaxy A10s;Funda;Silicona;2,50;;;
SA-A107-FUN-TPU;Samsung;Galaxy A10s;Funda;Transparente;2,95;;;
SA-A107-FUN-LIB;Samsung;Galaxy A10s;Funda;Libro;3,70;;;
SA-A107-FUN-ANT;Samsung;Galaxy A10s;Funda;Antigolpes;3,10;;;
SA-A606-PRO-NA;Samsung;Galaxy A60;Cristal templado;Estándar;1,30;;;
SA-A606-PRO-PRI;Samsung;Galaxy A60;Cristal templado;Privacidad;4,00;;;
SA-A606-FUN-SIL;Samsung;Galaxy A60;Funda;Silicona;2,50;;;
SA-A606-FUN-TPU;Samsung;Galaxy A60;Funda;Transparente;2,95;;;
SA-A606-FUN-LIB;Samsung;Galaxy A60;Funda;Libro;3,70;;;
SA-A606-FUN-ANT;Samsung;Galaxy A60;Funda;Antigolpes;3,10;;;
SA-A606-PCA-NA;Samsung;Galaxy A60;Protector de cámara;Cristal;2,90;;;
SA-M405-PRO-NA;Samsung;Galaxy M40;Cristal templado;Estándar;1,30;;;
SA-M405-PRO-PRI;Samsung;Galaxy M40;Cristal templado;Privacidad;4,00;;;
SA-M405-FUN-SIL;Samsung;Galaxy M40;Funda;Silicona;2,50;;;
SA-M405-FUN-TPU;Samsung;Galaxy M40;Funda;Transparente;2,95;;;
SA-M405-FUN-LIB;Samsung;Galaxy M40;Funda;Libro;3,70;;;
SA-M405-FUN-ANT;Samsung;Galaxy M40;Funda;Antigolpes;3,10;;;
SA-M405-PCA-NA;Samsung;Galaxy M40;Protector de cámara;Cristal;2,90;;;
SA-A260-PRO-NA;Samsung;Galaxy A2 Core;Cristal templado;Estándar;1,30;;;
SA-A260-PRO-PRI;Samsung;Galaxy A2 Core;Cristal templado;Privacidad;4,00;;;
SA-A260-FUN-SIL;Samsung;Galaxy A2 Core;Funda;Silicona;2,50;;;
SA-A260-FUN-TPU;Samsung;Galaxy A2 Core;Funda;Transparente;2,95;;;
SA-A260-FUN-LIB;Samsung;Galaxy A2 Core;Funda;Libro;3,70;;;
SA-A260-FUN-ANT;Samsung;Galaxy A2 Core;Funda;Antigolpes;3,10;;;
SA-A205-PRO-NA;Samsung;Galaxy A20;Cristal templado;Estándar;1,30;;;
SA-A205-PRO-PRI;Samsung;Galaxy A20;Cristal templado;Privacidad;4,00;;;
SA-A205-FUN-SIL;Samsung;Galaxy A20;Funda;Silicona;2,50;;;
SA-A205-FUN-TPU;Samsung;Galaxy A20;Funda;Transparente;2,95;;;
SA-A205-FUN-LIB;Samsung;Galaxy A20;Funda;Libro;3,70;;;
SA-A205-FUN-ANT;Samsung;Galaxy A20;Funda;Antigolpes;3,10;;;
SA-A205-PCA-NA;Samsung;Galaxy A20;Protector de cámara;Cristal;2,90;;;
SA-A305-PRO-NA;Samsung;Galaxy A30;Cristal templado;Estándar;1,30;;;
SA-A305-PRO-PRI;Samsung;Galaxy A30;Cristal templado;Privacidad;4,00;;;
SA-A305-FUN-SIL;Samsung;Galaxy A30;Funda;Silicona;2,50;;;
SA-A305-FUN-TPU;Samsung;Galaxy A30;Funda;Transparente;2,95;;;
SA-A305-FUN-LIB;Samsung;Galaxy A30;Funda;Libro;3,70;;;
SA-A305-FUN-ANT;Samsung;Galaxy A30;Funda;Antigolpes;3,10;;;
SA-A305-PCA-NA;Samsung;Galaxy A30;Protector de cámara;Cristal;2,90;;;
SA-M305-PRO-NA;Samsung;Galaxy M30;Cristal templado;Estándar;1,30;;;
SA-M305-PRO-PRI;Samsung;Galaxy M30;Cristal templado;Privacidad;4,00;;;
SA-M305-FUN-SIL;Samsung;Galaxy M30;Funda;Silicona;2,50;;;
SA-M305-FUN-TPU;Samsung;Galaxy M30;Funda;Transparente;2,95;;;
SA-M305-FUN-LIB;Samsung;Galaxy M30;Funda;Libro;3,70;;;
SA-M305-FUN-ANT;Samsung;Galaxy M30;Funda;Antigolpes;3,10;;;
SA-M305-PCA-NA;Samsung;Galaxy M30;Protector de cámara;Cristal;2,90;;;
SA-J2P-PRO-NA;Samsung;Galaxy J2 Pure;Cristal templado;Estándar;1,30;;;
SA-J2P-PRO-PRI;Samsung;Galaxy J2 Pure;Cristal templado;Privacidad;4,00;;;
SA-J2P-FUN-SIL;Samsung;Galaxy J2 Pure;Funda;Silicona;2,50;;;
SA-J2P-FUN-TPU;Samsung;Galaxy J2 Pure;Funda;Transparente;2,95;;;
SA-J2P-FUN-LIB;Samsung;Galaxy J2 Pure;Funda;Libro;3,70;;;
SA-J2P-FUN-ANT;Samsung;Galaxy J2 Pure;Funda;Antigolpes;3,10;;;
SA-M105-PRO-NA;Samsung;Galaxy M10;Cristal templado;Estándar;1,30;;;
SA-M105-PRO-PRI;Samsung;Galaxy M10;Cristal templado;Privacidad;4,00;;;
SA-M105-FUN-SIL;Samsung;Galaxy M10;Funda;Silicona;2,50;;;
SA-M105-FUN-TPU;Samsung;Galaxy M10;Funda;Transparente;2,95;;;
SA-M105-FUN-LIB;Samsung;Galaxy M10;Funda;Libro;3,70;;;
SA-M105-FUN-ANT;Samsung;Galaxy M10;Funda;Antigolpes;3,10;;;
SA-M105-PCA-NA;Samsung;Galaxy M10;Protector de cámara;Cristal;2,90;;;
SA-G887-PRO-NA;Samsung;Galaxy A8s;Cristal templado;Estándar;1,30;;;
SA-G887-PRO-PRI;Samsung;Galaxy A8s;Cristal templado;Privacidad;4,00;;;
SA-G887-FUN-SIL;Samsung;Galaxy A8s;Funda;Silicona;2,50;;;
SA-G887-FUN-TPU;Samsung;Galaxy A8s;Funda;Transparente;2,95;;;
SA-G887-FUN-LIB;Samsung;Galaxy A8s;Funda;Libro;3,70;;;
SA-G887-FUN-ANT;Samsung;Galaxy A8s;Funda;Antigolpes;3,10;;;
SA-J410-PRO-NA;Samsung;Galaxy J4 Core;Cristal templado;Estándar;1,30;;;
SA-J410-PRO-PRI;Samsung;Galaxy J4 Core;Cristal templado;Privacidad;4,00;;;
SA-J410-FUN-SIL;Samsung;Galaxy J4 Core;Funda;Silicona;2,50;;;
SA-J410-FUN-TPU;Samsung;Galaxy J4 Core;Funda;Transparente;2,95;;;
SA-J410-FUN-LIB;Samsung;Galaxy J4 Core;Funda;Libro;3,70;;;
SA-J410-FUN-ANT;Samsung;Galaxy J4 Core;Funda;Antigolpes;3,10;;;
SA-G620-PRO-NA;Samsung;Galaxy A6s;Cristal templado;Estándar;1,30;;;
SA-G620-PRO-PRI;Samsung;Galaxy A6s;Cristal templado;Privacidad;4,00;;;
SA-G620-FUN-SIL;Samsung;Galaxy A6s;Funda;Silicona;2,50;;;
SA-G620-FUN-TPU;Samsung;Galaxy A6s;Funda;Transparente;2,95;;;
SA-G620-FUN-LIB;Samsung;Galaxy A6s;Funda;Libro;3,70;;;
SA-G620-FUN-ANT;Samsung;Galaxy A6s;Funda;Antigolpes;3,10;;;
SA-GALAXYA9-PRO-NA;Samsung;Galaxy A9s;Cristal templado;Estándar;1,30;;;
SA-GALAXYA9-PRO-PRI;Samsung;Galaxy A9s;Cristal templado;Privacidad;4,00;;;
SA-GALAXYA9-FUN-SIL;Samsung;Galaxy A9s;Funda;Silicona;2,50;;;
SA-GALAXYA9-FUN-TPU;Samsung;Galaxy A9s;Funda;Transparente;2,95;;;
SA-GALAXYA9-FUN-LIB;Samsung;Galaxy A9s;Funda;Libro;3,70;;;
SA-GALAXYA9-FUN-ANT;Samsung;Galaxy A9s;Funda;Antigolpes;3,10;;;
SA-J260-PRO-NA;Samsung;Galaxy J2 Core;Cristal templado;Estándar;1,30;;;
SA-J260-PRO-PRI;Samsung;Galaxy J2 Core;Cristal templado;Privacidad;4,00;;;
SA-J260-FUN-SIL;Samsung;Galaxy J2 Core;Funda;Silicona;2,50;;;
SA-J260-FUN-TPU;Samsung;Galaxy J2 Core;Funda;Transparente;2,95;;;
SA-J260-FUN-LIB;Samsung;Galaxy J2 Core;Funda;Libro;3,70;;;
SA-J260-FUN-ANT;Samsung;Galaxy J2 Core;Funda;Antigolpes;3,10;;;
SA-J337-PRO-NA;Samsung;Galaxy J3 2018;Cristal templado;Estándar;1,30;;;
SA-J337-PRO-PRI;Samsung;Galaxy J3 2018;Cristal templado;Privacidad;4,00;;;
SA-J337-FUN-SIL;Samsung;Galaxy J3 2018;Funda;Silicona;2,50;;;
SA-J337-FUN-TPU;Samsung;Galaxy J3 2018;Funda;Transparente;2,95;;;
SA-J337-FUN-LIB;Samsung;Galaxy J3 2018;Funda;Libro;3,70;;;
SA-J337-FUN-ANT;Samsung;Galaxy J3 2018;Funda;Antigolpes;3,10;;;
SA-J737-PRO-NA;Samsung;Galaxy J7 2018;Cristal templado;Estándar;1,30;;;
SA-J737-PRO-PRI;Samsung;Galaxy J7 2018;Cristal templado;Privacidad;4,00;;;
SA-J737-FUN-SIL;Samsung;Galaxy J7 2018;Funda;Silicona;2,50;;;
SA-J737-FUN-TPU;Samsung;Galaxy J7 2018;Funda;Transparente;2,95;;;
SA-J737-FUN-LIB;Samsung;Galaxy J7 2018;Funda;Libro;3,70;;;
SA-J737-FUN-ANT;Samsung;Galaxy J7 2018;Funda;Antigolpes;3,10;;;
SA-J810-PRO-NA;Samsung;Galaxy J8;Cristal templado;Estándar;1,30;;;
SA-J810-PRO-PRI;Samsung;Galaxy J8;Cristal templado;Privacidad;4,00;;;
SA-J810-FUN-SIL;Samsung;Galaxy J8;Funda;Silicona;2,50;;;
SA-J810-FUN-TPU;Samsung;Galaxy J8;Funda;Transparente;2,95;;;
SA-J810-FUN-LIB;Samsung;Galaxy J8;Funda;Libro;3,70;;;
SA-J810-FUN-ANT;Samsung;Galaxy J8;Funda;Antigolpes;3,10;;;
SA-G885-PRO-NA;Samsung;Galaxy A8 Star;Cristal templado;Estándar;1,30;;;
SA-G885-PRO-PRI;Samsung;Galaxy A8 Star;Cristal templado;Privacidad;4,00;;;
SA-G885-FUN-SIL;Samsung;Galaxy A8 Star;Funda;Silicona;2,50;;;
SA-G885-FUN-TPU;Samsung;Galaxy A8 Star;Funda;Transparente;2,95;;;
SA-G885-FUN-LIB;Samsung;Galaxy A8 Star;Funda;Libro;3,70;;;
SA-G885-FUN-ANT;Samsung;Galaxy A8 Star;Funda;Antigolpes;3,10;;;
SA-J400-PRO-NA;Samsung;Galaxy J4;Cristal templado;Estándar;1,30;;;
SA-J400-PRO-PRI;Samsung;Galaxy J4;Cristal templado;Privacidad;4,00;;;
SA-J400-FUN-SIL;Samsung;Galaxy J4;Funda;Silicona;2,50;;;
SA-J400-FUN-TPU;Samsung;Galaxy J4;Funda;Transparente;2,95;;;
SA-J400-FUN-LIB;Samsung;Galaxy J4;Funda;Libro;3,70;;;
SA-J400-FUN-ANT;Samsung;Galaxy J4;Funda;Antigolpes;3,10;;;
SA-J720-PRO-NA;Samsung;Galaxy J7 Duo;Cristal templado;Estándar;1,30;;;
SA-J720-PRO-PRI;Samsung;Galaxy J7 Duo;Cristal templado;Privacidad;4,00;;;
SA-J720-FUN-SIL;Samsung;Galaxy J7 Duo;Funda;Silicona;2,50;;;
SA-J720-FUN-TPU;Samsung;Galaxy J7 Duo;Funda;Transparente;2,95;;;
SA-J720-FUN-LIB;Samsung;Galaxy J7 Duo;Funda;Libro;3,70;;;
SA-J720-FUN-ANT;Samsung;Galaxy J7 Duo;Funda;Antigolpes;3,10;;;
SA-G611-PRO-NA;Samsung;Galaxy J7 Prime 2;Cristal templado;Estándar;1,30;;;
SA-G611-PRO-PRI;Samsung;Galaxy J7 Prime 2;Cristal templado;Privacidad;4,00;;;
SA-G611-FUN-SIL;Samsung;Galaxy J7 Prime 2;Funda;Silicona;2,50;;;
SA-G611-FUN-TPU;Samsung;Galaxy J7 Prime 2;Funda;Transparente;2,95;;;
SA-G611-FUN-LIB;Samsung;Galaxy J7 Prime 2;Funda;Libro;3,70;;;
SA-G611-FUN-ANT;Samsung;Galaxy J7 Prime 2;Funda;Antigolpes;3,10;;;
SA-ON7P18-PRO-NA;Samsung;Galaxy On7 Prime 2018;Cristal templado;Estándar;1,30;;;
SA-ON7P18-PRO-PRI;Samsung;Galaxy On7 Prime 2018;Cristal templado;Privacidad;4,00;;;
SA-ON7P18-FUN-SIL;Samsung;Galaxy On7 Prime 2018;Funda;Silicona;2,50;;;
SA-ON7P18-FUN-TPU;Samsung;Galaxy On7 Prime 2018;Funda;Transparente;2,95;;;
SA-ON7P18-FUN-LIB;Samsung;Galaxy On7 Prime 2018;Funda;Libro;3,70;;;
SA-ON7P18-FUN-ANT;Samsung;Galaxy On7 Prime 2018;Funda;Antigolpes;3,10;;;
SA-A8PL-PRO-NA;Samsung;Galaxy A8+;Cristal templado;Estándar;1,30;;;
SA-A8PL-PRO-PRI;Samsung;Galaxy A8+;Cristal templado;Privacidad;4,00;;;
SA-A8PL-FUN-SIL;Samsung;Galaxy A8+;Funda;Silicona;2,50;;;
SA-A8PL-FUN-TPU;Samsung;Galaxy A8+;Funda;Transparente;2,95;;;
SA-A8PL-FUN-LIB;Samsung;Galaxy A8+;Funda;Libro;3,70;;;
SA-A8PL-FUN-ANT;Samsung;Galaxy A8+;Funda;Antigolpes;3,10;;;
SA-J250-PRO-NA;Samsung;Galaxy Grand Prime Pro;Cristal templado;Estándar;1,30;;;
SA-J250-PRO-PRI;Samsung;Galaxy Grand Prime Pro;Cristal templado;Privacidad;4,00;;;
SA-J250-FUN-SIL;Samsung;Galaxy Grand Prime Pro;Funda;Silicona;2,50;;;
SA-J250-FUN-TPU;Samsung;Galaxy Grand Prime Pro;Funda;Transparente;2,95;;;
SA-J250-FUN-LIB;Samsung;Galaxy Grand Prime Pro;Funda;Libro;3,70;;;
SA-J250-FUN-ANT;Samsung;Galaxy Grand Prime Pro;Funda;Antigolpes;3,10;;;
SA-J218-PRO-NA;Samsung;Galaxy J2 2018;Cristal templado;Estándar;1,30;;;
SA-J218-PRO-PRI;Samsung;Galaxy J2 2018;Cristal templado;Privacidad;4,00;;;
SA-J218-FUN-SIL;Samsung;Galaxy J2 2018;Funda;Silicona;2,50;;;
SA-J218-FUN-TPU;Samsung;Galaxy J2 2018;Funda;Transparente;2,95;;;
SA-J218-FUN-LIB;Samsung;Galaxy J2 2018;Funda;Libro;3,70;;;
SA-J218-FUN-ANT;Samsung;Galaxy J2 2018;Funda;Antigolpes;3,10;;;
SA-J2P18-PRO-NA;Samsung;Galaxy J2 Pro 2018;Cristal templado;Estándar;1,30;;;
SA-J2P18-PRO-PRI;Samsung;Galaxy J2 Pro 2018;Cristal templado;Privacidad;4,00;;;
SA-J2P18-FUN-SIL;Samsung;Galaxy J2 Pro 2018;Funda;Silicona;2,50;;;
SA-J2P18-FUN-TPU;Samsung;Galaxy J2 Pro 2018;Funda;Transparente;2,95;;;
SA-J2P18-FUN-LIB;Samsung;Galaxy J2 Pro 2018;Funda;Libro;3,70;;;
SA-J2P18-FUN-ANT;Samsung;Galaxy J2 Pro 2018;Funda;Antigolpes;3,10;;;
SA-C710-PRO-NA;Samsung;Galaxy J7+;Cristal templado;Estándar;1,30;;;
SA-C710-PRO-PRI;Samsung;Galaxy J7+;Cristal templado;Privacidad;4,00;;;
SA-C710-FUN-SIL;Samsung;Galaxy J7+;Funda;Silicona;2,50;;;
SA-C710-FUN-TPU;Samsung;Galaxy J7+;Funda;Transparente;2,95;;;
SA-C710-FUN-LIB;Samsung;Galaxy J7+;Funda;Libro;3,70;;;
SA-C710-FUN-ANT;Samsung;Galaxy J7+;Funda;Antigolpes;3,10;;;
SA-C8-PRO-NA;Samsung;Galaxy C8;Cristal templado;Estándar;1,30;;;
SA-C8-PRO-PRI;Samsung;Galaxy C8;Cristal templado;Privacidad;4,00;;;
SA-C8-FUN-SIL;Samsung;Galaxy C8;Funda;Silicona;2,50;;;
SA-C8-FUN-TPU;Samsung;Galaxy C8;Funda;Transparente;2,95;;;
SA-C8-FUN-LIB;Samsung;Galaxy C8;Funda;Libro;3,70;;;
SA-C8-FUN-ANT;Samsung;Galaxy C8;Funda;Antigolpes;3,10;;;
SA-G892-PRO-NA;Samsung;Galaxy S8 Active;Cristal templado;Estándar;1,30;;;
SA-G892-PRO-NA-FG;Samsung;Galaxy S8 Active;Cristal templado;UV full glue;4,15;;;
SA-G892-PRO-PRI;Samsung;Galaxy S8 Active;Cristal templado;Privacidad;4,00;;;
SA-G892-OTR-ADT;Samsung;Galaxy S8 Active;Adhesivo de tapa;;2,80;;;
SA-G892-OTR-ADP;Samsung;Galaxy S8 Active;Adhesivo de pantalla;;3,75;;;
SA-G892-FUN-SIL;Samsung;Galaxy S8 Active;Funda;Silicona;2,50;;;
SA-G892-FUN-TPU;Samsung;Galaxy S8 Active;Funda;Transparente;2,95;;;
SA-G892-FUN-LIB;Samsung;Galaxy S8 Active;Funda;Libro;3,70;;;
SA-G892-FUN-ANT;Samsung;Galaxy S8 Active;Funda;Antigolpes;3,10;;;
SA-J317D-PRO-NA;Samsung;Galaxy J3 2017 Duos;Cristal templado;Estándar;1,30;;;
SA-J317D-PRO-PRI;Samsung;Galaxy J3 2017 Duos;Cristal templado;Privacidad;4,00;;;
SA-J317D-FUN-SIL;Samsung;Galaxy J3 2017 Duos;Funda;Silicona;2,50;;;
SA-J317D-FUN-TPU;Samsung;Galaxy J3 2017 Duos;Funda;Transparente;2,95;;;
SA-J317D-FUN-LIB;Samsung;Galaxy J3 2017 Duos;Funda;Libro;3,70;;;
SA-J317D-FUN-ANT;Samsung;Galaxy J3 2017 Duos;Funda;Antigolpes;3,10;;;
SA-J3P17-PRO-NA;Samsung;Galaxy J3 Pro 2017;Cristal templado;Estándar;1,30;;;
SA-J3P17-PRO-PRI;Samsung;Galaxy J3 Pro 2017;Cristal templado;Privacidad;4,00;;;
SA-J3P17-FUN-SIL;Samsung;Galaxy J3 Pro 2017;Funda;Silicona;2,50;;;
SA-J3P17-FUN-TPU;Samsung;Galaxy J3 Pro 2017;Funda;Transparente;2,95;;;
SA-J3P17-FUN-LIB;Samsung;Galaxy J3 Pro 2017;Funda;Libro;3,70;;;
SA-J3P17-FUN-ANT;Samsung;Galaxy J3 Pro 2017;Funda;Antigolpes;3,10;;;
SA-J7C-PRO-NA;Samsung;Galaxy J7 Core;Cristal templado;Estándar;1,30;;;
SA-J7C-PRO-PRI;Samsung;Galaxy J7 Core;Cristal templado;Privacidad;4,00;;;
SA-J7C-FUN-SIL;Samsung;Galaxy J7 Core;Funda;Silicona;2,50;;;
SA-J7C-FUN-TPU;Samsung;Galaxy J7 Core;Funda;Transparente;2,95;;;
SA-J7C-FUN-LIB;Samsung;Galaxy J7 Core;Funda;Libro;3,70;;;
SA-J7C-FUN-ANT;Samsung;Galaxy J7 Core;Funda;Antigolpes;3,10;;;
SA-J701-PRO-NA;Samsung;Galaxy J7 Neo;Cristal templado;Estándar;1,30;;;
SA-J701-PRO-PRI;Samsung;Galaxy J7 Neo;Cristal templado;Privacidad;4,00;;;
SA-J701-FUN-SIL;Samsung;Galaxy J7 Neo;Funda;Silicona;2,50;;;
SA-J701-FUN-TPU;Samsung;Galaxy J7 Neo;Funda;Transparente;2,95;;;
SA-J701-FUN-LIB;Samsung;Galaxy J7 Neo;Funda;Libro;3,70;;;
SA-J701-FUN-ANT;Samsung;Galaxy J7 Neo;Funda;Antigolpes;3,10;;;
SA-J7NXT-PRO-NA;Samsung;Galaxy J7 Nxt;Cristal templado;Estándar;1,30;;;
SA-J7NXT-PRO-PRI;Samsung;Galaxy J7 Nxt;Cristal templado;Privacidad;4,00;;;
SA-J7NXT-FUN-SIL;Samsung;Galaxy J7 Nxt;Funda;Silicona;2,50;;;
SA-J7NXT-FUN-TPU;Samsung;Galaxy J7 Nxt;Funda;Transparente;2,95;;;
SA-J7NXT-FUN-LIB;Samsung;Galaxy J7 Nxt;Funda;Libro;3,70;;;
SA-J7NXT-FUN-ANT;Samsung;Galaxy J7 Nxt;Funda;Antigolpes;3,10;;;
SA-J7P-PRO-NA;Samsung;Galaxy J7 Pro;Cristal templado;Estándar;1,30;;;
SA-J7P-PRO-PRI;Samsung;Galaxy J7 Pro;Cristal templado;Privacidad;4,00;;;
SA-J7P-FUN-SIL;Samsung;Galaxy J7 Pro;Funda;Silicona;2,50;;;
SA-J7P-FUN-TPU;Samsung;Galaxy J7 Pro;Funda;Transparente;2,95;;;
SA-J7P-FUN-LIB;Samsung;Galaxy J7 Pro;Funda;Libro;3,70;;;
SA-J7P-FUN-ANT;Samsung;Galaxy J7 Pro;Funda;Antigolpes;3,10;;;
SA-NFE-PRO-NA;Samsung;Galaxy Note FE;Cristal templado;Estándar;1,30;;;
SA-NFE-PRO-NA-FG;Samsung;Galaxy Note FE;Cristal templado;UV full glue;4,15;;;
SA-NFE-PRO-PRI;Samsung;Galaxy Note FE;Cristal templado;Privacidad;4,00;;;
SA-NFE-OTR-ADT;Samsung;Galaxy Note FE;Adhesivo de tapa;;2,80;;;
SA-NFE-OTR-ADP;Samsung;Galaxy Note FE;Adhesivo de pantalla;;3,75;;;
SA-NFE-FUN-SIL;Samsung;Galaxy Note FE;Funda;Silicona;2,50;;;
SA-NFE-FUN-TPU;Samsung;Galaxy Note FE;Funda;Transparente;2,95;;;
SA-NFE-FUN-LIB;Samsung;Galaxy Note FE;Funda;Libro;3,70;;;
SA-NFE-FUN-ANT;Samsung;Galaxy Note FE;Funda;Antigolpes;3,10;;;
SA-J517D-PRO-NA;Samsung;Galaxy J5 2017 Duos;Cristal templado;Estándar;1,30;;;
SA-J517D-PRO-PRI;Samsung;Galaxy J5 2017 Duos;Cristal templado;Privacidad;4,00;;;
SA-J517D-FUN-SIL;Samsung;Galaxy J5 2017 Duos;Funda;Silicona;2,50;;;
SA-J517D-FUN-TPU;Samsung;Galaxy J5 2017 Duos;Funda;Transparente;2,95;;;
SA-J517D-FUN-LIB;Samsung;Galaxy J5 2017 Duos;Funda;Libro;3,70;;;
SA-J517D-FUN-ANT;Samsung;Galaxy J5 2017 Duos;Funda;Antigolpes;3,10;;;
SA-J5P17-PRO-NA;Samsung;Galaxy J5 Pro 2017;Cristal templado;Estándar;1,30;;;
SA-J5P17-PRO-PRI;Samsung;Galaxy J5 Pro 2017;Cristal templado;Privacidad;4,00;;;
SA-J5P17-FUN-SIL;Samsung;Galaxy J5 Pro 2017;Funda;Silicona;2,50;;;
SA-J5P17-FUN-TPU;Samsung;Galaxy J5 Pro 2017;Funda;Transparente;2,95;;;
SA-J5P17-FUN-LIB;Samsung;Galaxy J5 Pro 2017;Funda;Libro;3,70;;;
SA-J5P17-FUN-ANT;Samsung;Galaxy J5 Pro 2017;Funda;Antigolpes;3,10;;;
SA-G615-PRO-NA;Samsung;Galaxy J7 Max;Cristal templado;Estándar;1,30;;;
SA-G615-PRO-PRI;Samsung;Galaxy J7 Max;Cristal templado;Privacidad;4,00;;;
SA-G615-FUN-SIL;Samsung;Galaxy J7 Max;Funda;Silicona;2,50;;;
SA-G615-FUN-TPU;Samsung;Galaxy J7 Max;Funda;Transparente;2,95;;;
SA-G615-FUN-LIB;Samsung;Galaxy J7 Max;Funda;Libro;3,70;;;
SA-G615-FUN-ANT;Samsung;Galaxy J7 Max;Funda;Antigolpes;3,10;;;
SA-GALAXYFE-PRO-NA;Samsung;Galaxy Feel;Cristal templado;Estándar;1,30;;;
SA-GALAXYFE-PRO-PRI;Samsung;Galaxy Feel;Cristal templado;Privacidad;4,00;;;
SA-GALAXYFE-FUN-SIL;Samsung;Galaxy Feel;Funda;Silicona;2,50;;;
SA-GALAXYFE-FUN-TPU;Samsung;Galaxy Feel;Funda;Transparente;2,95;;;
SA-GALAXYFE-FUN-LIB;Samsung;Galaxy Feel;Funda;Libro;3,70;;;
SA-GALAXYFE-FUN-ANT;Samsung;Galaxy Feel;Funda;Antigolpes;3,10;;;
SA-J727-PRO-NA;Samsung;Galaxy J7 V;Cristal templado;Estándar;1,30;;;
SA-J727-PRO-PRI;Samsung;Galaxy J7 V;Cristal templado;Privacidad;4,00;;;
SA-J727-FUN-SIL;Samsung;Galaxy J7 V;Funda;Silicona;2,50;;;
SA-J727-FUN-TPU;Samsung;Galaxy J7 V;Funda;Transparente;2,95;;;
SA-J727-FUN-LIB;Samsung;Galaxy J7 V;Funda;Libro;3,70;;;
SA-J727-FUN-ANT;Samsung;Galaxy J7 V;Funda;Antigolpes;3,10;;;
SA-W2-PRO-NA;Samsung;Galaxy Wide2;Cristal templado;Estándar;1,30;;;
SA-W2-PRO-PRI;Samsung;Galaxy Wide2;Cristal templado;Privacidad;4,00;;;
SA-W2-FUN-SIL;Samsung;Galaxy Wide2;Funda;Silicona;2,50;;;
SA-W2-FUN-TPU;Samsung;Galaxy Wide2;Funda;Transparente;2,95;;;
SA-W2-FUN-LIB;Samsung;Galaxy Wide2;Funda;Libro;3,70;;;
SA-W2-FUN-ANT;Samsung;Galaxy Wide2;Funda;Antigolpes;3,10;;;
SA-A720-PRO-NA;Samsung;Galaxy A7 2017;Cristal templado;Estándar;1,30;;;
SA-A720-PRO-PRI;Samsung;Galaxy A7 2017;Cristal templado;Privacidad;4,00;;;
SA-A720-FUN-SIL;Samsung;Galaxy A7 2017;Funda;Silicona;2,50;;;
SA-A720-FUN-TPU;Samsung;Galaxy A7 2017;Funda;Transparente;2,95;;;
SA-A720-FUN-LIB;Samsung;Galaxy A7 2017;Funda;Libro;3,70;;;
SA-A720-FUN-ANT;Samsung;Galaxy A7 2017;Funda;Antigolpes;3,10;;;
SA-C701-PRO-NA;Samsung;Galaxy C7 Pro;Cristal templado;Estándar;1,30;;;
SA-C701-PRO-PRI;Samsung;Galaxy C7 Pro;Cristal templado;Privacidad;4,00;;;
SA-C701-FUN-SIL;Samsung;Galaxy C7 Pro;Funda;Silicona;2,50;;;
SA-C701-FUN-TPU;Samsung;Galaxy C7 Pro;Funda;Transparente;2,95;;;
SA-C701-FUN-LIB;Samsung;Galaxy C7 Pro;Funda;Libro;3,70;;;
SA-C701-FUN-ANT;Samsung;Galaxy C7 Pro;Funda;Antigolpes;3,10;;;
SA-J3P-PRO-NA;Samsung;Galaxy J3 Prime;Cristal templado;Estándar;1,30;;;
SA-J3P-PRO-PRI;Samsung;Galaxy J3 Prime;Cristal templado;Privacidad;4,00;;;
SA-J3P-FUN-SIL;Samsung;Galaxy J3 Prime;Funda;Silicona;2,50;;;
SA-J3P-FUN-TPU;Samsung;Galaxy J3 Prime;Funda;Transparente;2,95;;;
SA-J3P-FUN-LIB;Samsung;Galaxy J3 Prime;Funda;Libro;3,70;;;
SA-J3P-FUN-ANT;Samsung;Galaxy J3 Prime;Funda;Antigolpes;3,10;;;
SA-J106-PRO-NA;Samsung;Galaxy J1 mini prime;Cristal templado;Estándar;1,30;;;
SA-J106-PRO-PRI;Samsung;Galaxy J1 mini prime;Cristal templado;Privacidad;4,00;;;
SA-J106-FUN-SIL;Samsung;Galaxy J1 mini prime;Funda;Silicona;2,50;;;
SA-J106-FUN-TPU;Samsung;Galaxy J1 mini prime;Funda;Transparente;2,95;;;
SA-J106-FUN-LIB;Samsung;Galaxy J1 mini prime;Funda;Libro;3,70;;;
SA-J106-FUN-ANT;Samsung;Galaxy J1 mini prime;Funda;Antigolpes;3,10;;;
SA-C900-PRO-NA;Samsung;Galaxy C9 Pro;Cristal templado;Estándar;1,30;;;
SA-C900-PRO-PRI;Samsung;Galaxy C9 Pro;Cristal templado;Privacidad;4,00;;;
SA-C900-FUN-SIL;Samsung;Galaxy C9 Pro;Funda;Silicona;2,50;;;
SA-C900-FUN-TPU;Samsung;Galaxy C9 Pro;Funda;Transparente;2,95;;;
SA-C900-FUN-LIB;Samsung;Galaxy C9 Pro;Funda;Libro;3,70;;;
SA-C900-FUN-ANT;Samsung;Galaxy C9 Pro;Funda;Antigolpes;3,10;;;
SA-G532-PRO-NA;Samsung;Galaxy J2 Prime;Cristal templado;Estándar;1,30;;;
SA-G532-PRO-PRI;Samsung;Galaxy J2 Prime;Cristal templado;Privacidad;4,00;;;
SA-G532-FUN-SIL;Samsung;Galaxy J2 Prime;Funda;Silicona;2,50;;;
SA-G532-FUN-TPU;Samsung;Galaxy J2 Prime;Funda;Transparente;2,95;;;
SA-G532-FUN-LIB;Samsung;Galaxy J2 Prime;Funda;Libro;3,70;;;
SA-G532-FUN-ANT;Samsung;Galaxy J2 Prime;Funda;Antigolpes;3,10;;;
SA-ON716-PRO-NA;Samsung;Galaxy On7 2016;Cristal templado;Estándar;1,30;;;
SA-ON716-PRO-PRI;Samsung;Galaxy On7 2016;Cristal templado;Privacidad;4,00;;;
SA-ON716-FUN-SIL;Samsung;Galaxy On7 2016;Funda;Silicona;2,50;;;
SA-ON716-FUN-TPU;Samsung;Galaxy On7 2016;Funda;Transparente;2,95;;;
SA-ON716-FUN-LIB;Samsung;Galaxy On7 2016;Funda;Libro;3,70;;;
SA-ON716-FUN-ANT;Samsung;Galaxy On7 2016;Funda;Antigolpes;3,10;;;
SA-A810-PRO-NA;Samsung;Galaxy A8 2016;Cristal templado;Estándar;1,30;;;
SA-A810-PRO-PRI;Samsung;Galaxy A8 2016;Cristal templado;Privacidad;4,00;;;
SA-A810-FUN-SIL;Samsung;Galaxy A8 2016;Funda;Silicona;2,50;;;
SA-A810-FUN-TPU;Samsung;Galaxy A8 2016;Funda;Transparente;2,95;;;
SA-A810-FUN-LIB;Samsung;Galaxy A8 2016;Funda;Libro;3,70;;;
SA-A810-FUN-ANT;Samsung;Galaxy A8 2016;Funda;Antigolpes;3,10;;;
SA-G160-PRO-NA;Samsung;Galaxy Folder 2;Cristal templado;Estándar;1,30;;;
SA-G160-FUN-SIL;Samsung;Galaxy Folder 2;Funda;Silicona;2,50;;;
SA-G160-FUN-TPU;Samsung;Galaxy Folder 2;Funda;Transparente;2,95;;;
SA-G570-PRO-NA;Samsung;Galaxy J5 Prime;Cristal templado;Estándar;1,30;;;
SA-G570-PRO-PRI;Samsung;Galaxy J5 Prime;Cristal templado;Privacidad;4,00;;;
SA-G570-FUN-SIL;Samsung;Galaxy J5 Prime;Funda;Silicona;2,50;;;
SA-G570-FUN-TPU;Samsung;Galaxy J5 Prime;Funda;Transparente;2,95;;;
SA-G570-FUN-LIB;Samsung;Galaxy J5 Prime;Funda;Libro;3,70;;;
SA-G570-FUN-ANT;Samsung;Galaxy J5 Prime;Funda;Antigolpes;3,10;;;
SA-G610-PRO-NA;Samsung;Galaxy J7 Prime;Cristal templado;Estándar;1,30;;;
SA-G610-PRO-PRI;Samsung;Galaxy J7 Prime;Cristal templado;Privacidad;4,00;;;
SA-G610-FUN-SIL;Samsung;Galaxy J7 Prime;Funda;Silicona;2,50;;;
SA-G610-FUN-TPU;Samsung;Galaxy J7 Prime;Funda;Transparente;2,95;;;
SA-G610-FUN-LIB;Samsung;Galaxy J7 Prime;Funda;Libro;3,70;;;
SA-G610-FUN-ANT;Samsung;Galaxy J7 Prime;Funda;Antigolpes;3,10;;;
SA-N930-PRO-NA;Samsung;Galaxy Note 7;Cristal templado;Estándar;1,30;;;
SA-N930-PRO-NA-FG;Samsung;Galaxy Note 7;Cristal templado;UV full glue;4,15;;;
SA-N930-PRO-PRI;Samsung;Galaxy Note 7;Cristal templado;Privacidad;4,00;;;
SA-N930-OTR-ADT;Samsung;Galaxy Note 7;Adhesivo de tapa;;2,80;;;
SA-N930-OTR-ADP;Samsung;Galaxy Note 7;Adhesivo de pantalla;;3,75;;;
SA-N930-FUN-SIL;Samsung;Galaxy Note 7;Funda;Silicona;2,50;;;
SA-N930-FUN-TPU;Samsung;Galaxy Note 7;Funda;Transparente;2,95;;;
SA-N930-FUN-LIB;Samsung;Galaxy Note 7;Funda;Libro;3,70;;;
SA-N930-FUN-ANT;Samsung;Galaxy Note 7;Funda;Antigolpes;3,10;;;
SA-Z2-PRO-NA;Samsung;Z2;Cristal templado;Estándar;1,30;;;
SA-Z2-PRO-PRI;Samsung;Z2;Cristal templado;Privacidad;4,00;;;
SA-Z2-FUN-SIL;Samsung;Z2;Funda;Silicona;2,50;;;
SA-Z2-FUN-TPU;Samsung;Z2;Funda;Transparente;2,95;;;
SA-Z2-FUN-LIB;Samsung;Z2;Funda;Libro;3,70;;;
SA-Z2-FUN-ANT;Samsung;Z2;Funda;Antigolpes;3,10;;;
SA-J210-PRO-NA;Samsung;Galaxy J2 2016;Cristal templado;Estándar;1,30;;;
SA-J210-PRO-PRI;Samsung;Galaxy J2 2016;Cristal templado;Privacidad;4,00;;;
SA-J210-FUN-SIL;Samsung;Galaxy J2 2016;Funda;Silicona;2,50;;;
SA-J210-FUN-TPU;Samsung;Galaxy J2 2016;Funda;Transparente;2,95;;;
SA-J210-FUN-LIB;Samsung;Galaxy J2 2016;Funda;Libro;3,70;;;
SA-J210-FUN-ANT;Samsung;Galaxy J2 2016;Funda;Antigolpes;3,10;;;
SA-J2P16-PRO-NA;Samsung;Galaxy J2 Pro 2016;Cristal templado;Estándar;1,30;;;
SA-J2P16-PRO-PRI;Samsung;Galaxy J2 Pro 2016;Cristal templado;Privacidad;4,00;;;
SA-J2P16-FUN-SIL;Samsung;Galaxy J2 Pro 2016;Funda;Silicona;2,50;;;
SA-J2P16-FUN-TPU;Samsung;Galaxy J2 Pro 2016;Funda;Transparente;2,95;;;
SA-J2P16-FUN-LIB;Samsung;Galaxy J2 Pro 2016;Funda;Libro;3,70;;;
SA-J2P16-FUN-ANT;Samsung;Galaxy J2 Pro 2016;Funda;Antigolpes;3,10;;;
SA-ON5P-PRO-NA;Samsung;Galaxy On5 Pro;Cristal templado;Estándar;1,30;;;
SA-ON5P-PRO-PRI;Samsung;Galaxy On5 Pro;Cristal templado;Privacidad;4,00;;;
SA-ON5P-FUN-SIL;Samsung;Galaxy On5 Pro;Funda;Silicona;2,50;;;
SA-ON5P-FUN-TPU;Samsung;Galaxy On5 Pro;Funda;Transparente;2,95;;;
SA-ON5P-FUN-LIB;Samsung;Galaxy On5 Pro;Funda;Libro;3,70;;;
SA-ON5P-FUN-ANT;Samsung;Galaxy On5 Pro;Funda;Antigolpes;3,10;;;
SA-ON7P-PRO-NA;Samsung;Galaxy On7 Pro;Cristal templado;Estándar;1,30;;;
SA-ON7P-PRO-PRI;Samsung;Galaxy On7 Pro;Cristal templado;Privacidad;4,00;;;
SA-ON7P-FUN-SIL;Samsung;Galaxy On7 Pro;Funda;Silicona;2,50;;;
SA-ON7P-FUN-TPU;Samsung;Galaxy On7 Pro;Funda;Transparente;2,95;;;
SA-ON7P-FUN-LIB;Samsung;Galaxy On7 Pro;Funda;Libro;3,70;;;
SA-ON7P-FUN-ANT;Samsung;Galaxy On7 Pro;Funda;Antigolpes;3,10;;;
SA-G891-PRO-NA;Samsung;Galaxy S7 Active;Cristal templado;Estándar;1,30;;;
SA-G891-PRO-NA-FG;Samsung;Galaxy S7 Active;Cristal templado;UV full glue;4,15;;;
SA-G891-PRO-PRI;Samsung;Galaxy S7 Active;Cristal templado;Privacidad;4,00;;;
SA-G891-OTR-ADT;Samsung;Galaxy S7 Active;Adhesivo de tapa;;2,80;;;
SA-G891-OTR-ADP;Samsung;Galaxy S7 Active;Adhesivo de pantalla;;3,75;;;
SA-G891-FUN-SIL;Samsung;Galaxy S7 Active;Funda;Silicona;2,50;;;
SA-G891-FUN-TPU;Samsung;Galaxy S7 Active;Funda;Transparente;2,95;;;
SA-G891-FUN-LIB;Samsung;Galaxy S7 Active;Funda;Libro;3,70;;;
SA-G891-FUN-ANT;Samsung;Galaxy S7 Active;Funda;Antigolpes;3,10;;;
SA-C500-PRO-NA;Samsung;Galaxy C5;Cristal templado;Estándar;1,30;;;
SA-C500-PRO-PRI;Samsung;Galaxy C5;Cristal templado;Privacidad;4,00;;;
SA-C500-FUN-SIL;Samsung;Galaxy C5;Funda;Silicona;2,50;;;
SA-C500-FUN-TPU;Samsung;Galaxy C5;Funda;Transparente;2,95;;;
SA-C500-FUN-LIB;Samsung;Galaxy C5;Funda;Libro;3,70;;;
SA-C500-FUN-ANT;Samsung;Galaxy C5;Funda;Antigolpes;3,10;;;
SA-C501-PRO-NA;Samsung;Galaxy C5 Pro;Cristal templado;Estándar;1,30;;;
SA-C501-PRO-PRI;Samsung;Galaxy C5 Pro;Cristal templado;Privacidad;4,00;;;
SA-C501-FUN-SIL;Samsung;Galaxy C5 Pro;Funda;Silicona;2,50;;;
SA-C501-FUN-TPU;Samsung;Galaxy C5 Pro;Funda;Transparente;2,95;;;
SA-C501-FUN-LIB;Samsung;Galaxy C5 Pro;Funda;Libro;3,70;;;
SA-C501-FUN-ANT;Samsung;Galaxy C5 Pro;Funda;Antigolpes;3,10;;;
SA-C700-PRO-NA;Samsung;Galaxy C7;Cristal templado;Estándar;1,30;;;
SA-C700-PRO-PRI;Samsung;Galaxy C7;Cristal templado;Privacidad;4,00;;;
SA-C700-FUN-SIL;Samsung;Galaxy C7;Funda;Silicona;2,50;;;
SA-C700-FUN-TPU;Samsung;Galaxy C7;Funda;Transparente;2,95;;;
SA-C700-FUN-LIB;Samsung;Galaxy C7;Funda;Libro;3,70;;;
SA-C700-FUN-ANT;Samsung;Galaxy C7;Funda;Antigolpes;3,10;;;
SA-J3V-PRO-NA;Samsung;Galaxy J3 V;Cristal templado;Estándar;1,30;;;
SA-J3V-PRO-PRI;Samsung;Galaxy J3 V;Cristal templado;Privacidad;4,00;;;
SA-J3V-FUN-SIL;Samsung;Galaxy J3 V;Funda;Silicona;2,50;;;
SA-J3V-FUN-TPU;Samsung;Galaxy J3 V;Funda;Transparente;2,95;;;
SA-J3V-FUN-LIB;Samsung;Galaxy J3 V;Funda;Libro;3,70;;;
SA-J3V-FUN-ANT;Samsung;Galaxy J3 V;Funda;Antigolpes;3,10;;;
SA-X3G389F-PRO-NA;Samsung;Galaxy XCover 3 G389F;Cristal templado;Estándar;1,30;;;
SA-X3VE-PRO-NA;Samsung;Galaxy XCover 3 VE;Cristal templado;Estándar;1,30;;;
SA-A9P16-PRO-NA;Samsung;Galaxy A9 Pro 2016;Cristal templado;Estándar;1,30;;;
SA-A9P16-PRO-PRI;Samsung;Galaxy A9 Pro 2016;Cristal templado;Privacidad;4,00;;;
SA-A9P16-FUN-SIL;Samsung;Galaxy A9 Pro 2016;Funda;Silicona;2,50;;;
SA-A9P16-FUN-TPU;Samsung;Galaxy A9 Pro 2016;Funda;Transparente;2,95;;;
SA-A9P16-FUN-LIB;Samsung;Galaxy A9 Pro 2016;Funda;Libro;3,70;;;
SA-A9P16-FUN-ANT;Samsung;Galaxy A9 Pro 2016;Funda;Antigolpes;3,10;;;
SA-J105-PRO-NA;Samsung;Galaxy J1 mini;Cristal templado;Estándar;1,30;;;
SA-J105-PRO-PRI;Samsung;Galaxy J1 mini;Cristal templado;Privacidad;4,00;;;
SA-J105-FUN-SIL;Samsung;Galaxy J1 mini;Funda;Silicona;2,50;;;
SA-J105-FUN-TPU;Samsung;Galaxy J1 mini;Funda;Transparente;2,95;;;
SA-J105-FUN-LIB;Samsung;Galaxy J1 mini;Funda;Libro;3,70;;;
SA-J105-FUN-ANT;Samsung;Galaxy J1 mini;Funda;Antigolpes;3,10;;;
SA-J1NXT-PRO-NA;Samsung;Galaxy J1 Nxt;Cristal templado;Estándar;1,30;;;
SA-J1NXT-PRO-PRI;Samsung;Galaxy J1 Nxt;Cristal templado;Privacidad;4,00;;;
SA-J1NXT-FUN-SIL;Samsung;Galaxy J1 Nxt;Funda;Silicona;2,50;;;
SA-J1NXT-FUN-TPU;Samsung;Galaxy J1 Nxt;Funda;Transparente;2,95;;;
SA-J1NXT-FUN-LIB;Samsung;Galaxy J1 Nxt;Funda;Libro;3,70;;;
SA-J1NXT-FUN-ANT;Samsung;Galaxy J1 Nxt;Funda;Antigolpes;3,10;;;
SA-ON8-PRO-NA;Samsung;Galaxy On8;Cristal templado;Estándar;1,30;;;
SA-ON8-PRO-PRI;Samsung;Galaxy On8;Cristal templado;Privacidad;4,00;;;
SA-ON8-FUN-SIL;Samsung;Galaxy On8;Funda;Silicona;2,50;;;
SA-ON8-FUN-TPU;Samsung;Galaxy On8;Funda;Transparente;2,95;;;
SA-ON8-FUN-LIB;Samsung;Galaxy On8;Funda;Libro;3,70;;;
SA-ON8-FUN-ANT;Samsung;Galaxy On8;Funda;Antigolpes;3,10;;;
SA-A710-PRO-NA;Samsung;Galaxy A7 2016;Cristal templado;Estándar;1,30;;;
SA-A710-PRO-PRI;Samsung;Galaxy A7 2016;Cristal templado;Privacidad;4,00;;;
SA-A710-FUN-SIL;Samsung;Galaxy A7 2016;Funda;Silicona;2,50;;;
SA-A710-FUN-TPU;Samsung;Galaxy A7 2016;Funda;Transparente;2,95;;;
SA-A710-FUN-LIB;Samsung;Galaxy A7 2016;Funda;Libro;3,70;;;
SA-A710-FUN-ANT;Samsung;Galaxy A7 2016;Funda;Antigolpes;3,10;;;
SA-A900-PRO-NA;Samsung;Galaxy A9 2016;Cristal templado;Estándar;1,30;;;
SA-A900-PRO-PRI;Samsung;Galaxy A9 2016;Cristal templado;Privacidad;4,00;;;
SA-A900-FUN-SIL;Samsung;Galaxy A9 2016;Funda;Silicona;2,50;;;
SA-A900-FUN-TPU;Samsung;Galaxy A9 2016;Funda;Transparente;2,95;;;
SA-A900-FUN-LIB;Samsung;Galaxy A9 2016;Funda;Libro;3,70;;;
SA-A900-FUN-ANT;Samsung;Galaxy A9 2016;Funda;Antigolpes;3,10;;;
SA-J1ACENEO-PRO-NA;Samsung;Galaxy J1 Ace Neo;Cristal templado;Estándar;1,30;;;
SA-J1ACENEO-PRO-PRI;Samsung;Galaxy J1 Ace Neo;Cristal templado;Privacidad;4,00;;;
SA-J1ACENEO-FUN-SIL;Samsung;Galaxy J1 Ace Neo;Funda;Silicona;2,50;;;
SA-J1ACENEO-FUN-TPU;Samsung;Galaxy J1 Ace Neo;Funda;Transparente;2,95;;;
SA-J1ACENEO-FUN-LIB;Samsung;Galaxy J1 Ace Neo;Funda;Libro;3,70;;;
SA-J1ACENEO-FUN-ANT;Samsung;Galaxy J1 Ace Neo;Funda;Antigolpes;3,10;;;
SA-G550-PRO-NA;Samsung;Galaxy On5;Cristal templado;Estándar;1,30;;;
SA-G550-PRO-PRI;Samsung;Galaxy On5;Cristal templado;Privacidad;4,00;;;
SA-G550-FUN-SIL;Samsung;Galaxy On5;Funda;Silicona;2,50;;;
SA-G550-FUN-TPU;Samsung;Galaxy On5;Funda;Transparente;2,95;;;
SA-G550-FUN-LIB;Samsung;Galaxy On5;Funda;Libro;3,70;;;
SA-G550-FUN-ANT;Samsung;Galaxy On5;Funda;Antigolpes;3,10;;;
SA-G600-PRO-NA;Samsung;Galaxy On7;Cristal templado;Estándar;1,30;;;
SA-G600-PRO-PRI;Samsung;Galaxy On7;Cristal templado;Privacidad;4,00;;;
SA-G600-FUN-SIL;Samsung;Galaxy On7;Funda;Silicona;2,50;;;
SA-G600-FUN-TPU;Samsung;Galaxy On7;Funda;Transparente;2,95;;;
SA-G600-FUN-LIB;Samsung;Galaxy On7;Funda;Libro;3,70;;;
SA-G600-FUN-ANT;Samsung;Galaxy On7;Funda;Antigolpes;3,10;;;
SA-Z3-PRO-NA;Samsung;Z3;Cristal templado;Estándar;1,30;;;
SA-Z3-PRO-PRI;Samsung;Z3;Cristal templado;Privacidad;4,00;;;
SA-Z3-FUN-SIL;Samsung;Z3;Funda;Silicona;2,50;;;
SA-Z3-FUN-TPU;Samsung;Z3;Funda;Transparente;2,95;;;
SA-Z3-FUN-LIB;Samsung;Z3;Funda;Libro;3,70;;;
SA-Z3-FUN-ANT;Samsung;Z3;Funda;Antigolpes;3,10;;;
SA-J110-PRO-NA;Samsung;Galaxy J1 Ace;Cristal templado;Estándar;1,30;;;
SA-J110-PRO-PRI;Samsung;Galaxy J1 Ace;Cristal templado;Privacidad;4,00;;;
SA-J110-FUN-SIL;Samsung;Galaxy J1 Ace;Funda;Silicona;2,50;;;
SA-J110-FUN-TPU;Samsung;Galaxy J1 Ace;Funda;Transparente;2,95;;;
SA-J110-FUN-LIB;Samsung;Galaxy J1 Ace;Funda;Libro;3,70;;;
SA-J110-FUN-ANT;Samsung;Galaxy J1 Ace;Funda;Antigolpes;3,10;;;
SA-J200-PRO-NA;Samsung;Galaxy J2;Cristal templado;Estándar;1,30;;;
SA-J200-PRO-PRI;Samsung;Galaxy J2;Cristal templado;Privacidad;4,00;;;
SA-J200-FUN-SIL;Samsung;Galaxy J2;Funda;Silicona;2,50;;;
SA-J200-FUN-TPU;Samsung;Galaxy J2;Funda;Transparente;2,95;;;
SA-J200-FUN-LIB;Samsung;Galaxy J2;Funda;Libro;3,70;;;
SA-J200-FUN-ANT;Samsung;Galaxy J2;Funda;Antigolpes;3,10;;;
SA-G720-PRO-NA;Samsung;Galaxy Grand Max;Cristal templado;Estándar;1,30;;;
SA-G720-PRO-PRI;Samsung;Galaxy Grand Max;Cristal templado;Privacidad;4,00;;;
SA-G720-FUN-SIL;Samsung;Galaxy Grand Max;Funda;Silicona;2,50;;;
SA-G720-FUN-TPU;Samsung;Galaxy Grand Max;Funda;Transparente;2,95;;;
SA-G720-FUN-LIB;Samsung;Galaxy Grand Max;Funda;Libro;3,70;;;
SA-G720-FUN-ANT;Samsung;Galaxy Grand Max;Funda;Antigolpes;3,10;;;
SA-N920-PRO-NA;Samsung;Galaxy Note 5;Cristal templado;Estándar;1,30;;;
SA-N920-PRO-NA-FG;Samsung;Galaxy Note 5;Cristal templado;UV full glue;4,15;;;
SA-N920-PRO-PRI;Samsung;Galaxy Note 5;Cristal templado;Privacidad;4,00;;;
SA-N920-OTR-ADT;Samsung;Galaxy Note 5;Adhesivo de tapa;;2,80;;;
SA-N920-OTR-ADP;Samsung;Galaxy Note 5;Adhesivo de pantalla;;3,75;;;
SA-N920-FUN-SIL;Samsung;Galaxy Note 5;Funda;Silicona;2,50;;;
SA-N920-FUN-TPU;Samsung;Galaxy Note 5;Funda;Transparente;2,95;;;
SA-N920-FUN-LIB;Samsung;Galaxy Note 5;Funda;Libro;3,70;;;
SA-N920-FUN-ANT;Samsung;Galaxy Note 5;Funda;Antigolpes;3,10;;;
SA-G903-PRO-NA;Samsung;Galaxy S5 Neo;Cristal templado;Estándar;1,30;;;
SA-G903-PRO-NA-FG;Samsung;Galaxy S5 Neo;Cristal templado;UV full glue;4,15;;;
SA-G903-PRO-PRI;Samsung;Galaxy S5 Neo;Cristal templado;Privacidad;4,00;;;
SA-G903-OTR-ADT;Samsung;Galaxy S5 Neo;Adhesivo de tapa;;2,80;;;
SA-G903-OTR-ADP;Samsung;Galaxy S5 Neo;Adhesivo de pantalla;;3,75;;;
SA-G903-FUN-SIL;Samsung;Galaxy S5 Neo;Funda;Silicona;2,50;;;
SA-G903-FUN-TPU;Samsung;Galaxy S5 Neo;Funda;Transparente;2,95;;;
SA-G903-FUN-LIB;Samsung;Galaxy S5 Neo;Funda;Libro;3,70;;;
SA-G903-FUN-ANT;Samsung;Galaxy S5 Neo;Funda;Antigolpes;3,10;;;
SA-A815-PRO-NA;Samsung;Galaxy A8 2015;Cristal templado;Estándar;1,30;;;
SA-A815-PRO-PRI;Samsung;Galaxy A8 2015;Cristal templado;Privacidad;4,00;;;
SA-A815-FUN-SIL;Samsung;Galaxy A8 2015;Funda;Silicona;2,50;;;
SA-A815-FUN-TPU;Samsung;Galaxy A8 2015;Funda;Transparente;2,95;;;
SA-A815-FUN-LIB;Samsung;Galaxy A8 2015;Funda;Libro;3,70;;;
SA-A815-FUN-ANT;Samsung;Galaxy A8 2015;Funda;Antigolpes;3,10;;;
SA-G155-PRO-NA;Samsung;Galaxy Folder;Cristal templado;Estándar;1,30;;;
SA-G155-FUN-SIL;Samsung;Galaxy Folder;Funda;Silicona;2,50;;;
SA-G155-FUN-TPU;Samsung;Galaxy Folder;Funda;Transparente;2,95;;;
SA-T2L-PRO-NA;Samsung;Galaxy Trend 2 Lite;Cristal templado;Estándar;1,30;;;
SA-T2L-PRO-PRI;Samsung;Galaxy Trend 2 Lite;Cristal templado;Privacidad;4,00;;;
SA-T2L-FUN-SIL;Samsung;Galaxy Trend 2 Lite;Funda;Silicona;2,50;;;
SA-T2L-FUN-TPU;Samsung;Galaxy Trend 2 Lite;Funda;Transparente;2,95;;;
SA-T2L-FUN-LIB;Samsung;Galaxy Trend 2 Lite;Funda;Libro;3,70;;;
SA-T2L-FUN-ANT;Samsung;Galaxy Trend 2 Lite;Funda;Antigolpes;3,10;;;
SA-J500-PRO-NA;Samsung;Galaxy J5;Cristal templado;Estándar;1,30;;;
SA-J500-PRO-PRI;Samsung;Galaxy J5;Cristal templado;Privacidad;4,00;;;
SA-J500-FUN-SIL;Samsung;Galaxy J5;Funda;Silicona;2,50;;;
SA-J500-FUN-TPU;Samsung;Galaxy J5;Funda;Transparente;2,95;;;
SA-J500-FUN-LIB;Samsung;Galaxy J5;Funda;Libro;3,70;;;
SA-J500-FUN-ANT;Samsung;Galaxy J5;Funda;Antigolpes;3,10;;;
SA-J700-PRO-NA;Samsung;Galaxy J7;Cristal templado;Estándar;1,30;;;
SA-J700-PRO-PRI;Samsung;Galaxy J7;Cristal templado;Privacidad;4,00;;;
SA-J700-FUN-SIL;Samsung;Galaxy J7;Funda;Silicona;2,50;;;
SA-J700-FUN-TPU;Samsung;Galaxy J7;Funda;Transparente;2,95;;;
SA-J700-FUN-LIB;Samsung;Galaxy J7;Funda;Libro;3,70;;;
SA-J700-FUN-ANT;Samsung;Galaxy J7;Funda;Antigolpes;3,10;;;
SA-G890-PRO-NA;Samsung;Galaxy S6 Active;Cristal templado;Estándar;1,30;;;
SA-G890-PRO-NA-FG;Samsung;Galaxy S6 Active;Cristal templado;UV full glue;4,15;;;
SA-G890-PRO-PRI;Samsung;Galaxy S6 Active;Cristal templado;Privacidad;4,00;;;
SA-G890-OTR-ADT;Samsung;Galaxy S6 Active;Adhesivo de tapa;;2,80;;;
SA-G890-OTR-ADP;Samsung;Galaxy S6 Active;Adhesivo de pantalla;;3,75;;;
SA-G890-FUN-SIL;Samsung;Galaxy S6 Active;Funda;Silicona;2,50;;;
SA-G890-FUN-TPU;Samsung;Galaxy S6 Active;Funda;Transparente;2,95;;;
SA-G890-FUN-LIB;Samsung;Galaxy S6 Active;Funda;Libro;3,70;;;
SA-G890-FUN-ANT;Samsung;Galaxy S6 Active;Funda;Antigolpes;3,10;;;
SA-G388-PRO-NA;Samsung;Galaxy XCover 3;Cristal templado;Estándar;1,30;;;
SA-J14-PRO-NA;Samsung;Galaxy J1 4G;Cristal templado;Estándar;1,30;;;
SA-J14-PRO-PRI;Samsung;Galaxy J1 4G;Cristal templado;Privacidad;4,00;;;
SA-J14-FUN-SIL;Samsung;Galaxy J1 4G;Funda;Silicona;2,50;;;
SA-J14-FUN-TPU;Samsung;Galaxy J1 4G;Funda;Transparente;2,95;;;
SA-J14-FUN-LIB;Samsung;Galaxy J1 4G;Funda;Libro;3,70;;;
SA-J14-FUN-ANT;Samsung;Galaxy J1 4G;Funda;Antigolpes;3,10;;;
SA-E700-PRO-NA;Samsung;Galaxy E7;Cristal templado;Estándar;1,30;;;
SA-E700-PRO-PRI;Samsung;Galaxy E7;Cristal templado;Privacidad;4,00;;;
SA-E700-FUN-SIL;Samsung;Galaxy E7;Funda;Silicona;2,50;;;
SA-E700-FUN-TPU;Samsung;Galaxy E7;Funda;Transparente;2,95;;;
SA-E700-FUN-LIB;Samsung;Galaxy E7;Funda;Libro;3,70;;;
SA-E700-FUN-ANT;Samsung;Galaxy E7;Funda;Antigolpes;3,10;;;
SA-GALAXYA7-PRO-NA;Samsung;Galaxy A7 2015;Cristal templado;Estándar;1,30;;;
SA-GALAXYA7-PRO-PRI;Samsung;Galaxy A7 2015;Cristal templado;Privacidad;4,00;;;
SA-GALAXYA7-FUN-SIL;Samsung;Galaxy A7 2015;Funda;Silicona;2,50;;;
SA-GALAXYA7-FUN-TPU;Samsung;Galaxy A7 2015;Funda;Transparente;2,95;;;
SA-GALAXYA7-FUN-LIB;Samsung;Galaxy A7 2015;Funda;Libro;3,70;;;
SA-GALAXYA7-FUN-ANT;Samsung;Galaxy A7 2015;Funda;Antigolpes;3,10;;;
SA-E500-PRO-NA;Samsung;Galaxy E5;Cristal templado;Estándar;1,30;;;
SA-E500-PRO-PRI;Samsung;Galaxy E5;Cristal templado;Privacidad;4,00;;;
SA-E500-FUN-SIL;Samsung;Galaxy E5;Funda;Silicona;2,50;;;
SA-E500-FUN-TPU;Samsung;Galaxy E5;Funda;Transparente;2,95;;;
SA-E500-FUN-LIB;Samsung;Galaxy E5;Funda;Libro;3,70;;;
SA-E500-FUN-ANT;Samsung;Galaxy E5;Funda;Antigolpes;3,10;;;
SA-J1-PRO-NA;Samsung;Galaxy J1;Cristal templado;Estándar;1,30;;;
SA-J1-PRO-PRI;Samsung;Galaxy J1;Cristal templado;Privacidad;4,00;;;
SA-J1-FUN-SIL;Samsung;Galaxy J1;Funda;Silicona;2,50;;;
SA-J1-FUN-TPU;Samsung;Galaxy J1;Funda;Transparente;2,95;;;
SA-J1-FUN-LIB;Samsung;Galaxy J1;Funda;Libro;3,70;;;
SA-J1-FUN-ANT;Samsung;Galaxy J1;Funda;Antigolpes;3,10;;;
SA-Z1-PRO-NA;Samsung;Z1;Cristal templado;Estándar;1,30;;;
SA-Z1-PRO-PRI;Samsung;Z1;Cristal templado;Privacidad;4,00;;;
SA-Z1-FUN-SIL;Samsung;Z1;Funda;Silicona;2,50;;;
SA-Z1-FUN-TPU;Samsung;Z1;Funda;Transparente;2,95;;;
SA-Z1-FUN-LIB;Samsung;Z1;Funda;Libro;3,70;;;
SA-Z1-FUN-ANT;Samsung;Z1;Funda;Antigolpes;3,10;;;
SA-A300-PRO-NA;Samsung;Galaxy A3;Cristal templado;Estándar;1,30;;;
SA-A300-PRO-PRI;Samsung;Galaxy A3;Cristal templado;Privacidad;4,00;;;
SA-A300-FUN-SIL;Samsung;Galaxy A3;Funda;Silicona;2,50;;;
SA-A300-FUN-TPU;Samsung;Galaxy A3;Funda;Transparente;2,95;;;
SA-A300-FUN-LIB;Samsung;Galaxy A3;Funda;Libro;3,70;;;
SA-A300-FUN-ANT;Samsung;Galaxy A3;Funda;Antigolpes;3,10;;;
SA-GALAXYA3-PRO-NA;Samsung;Galaxy A3 2015;Cristal templado;Estándar;1,30;;;
SA-GALAXYA3-PRO-PRI;Samsung;Galaxy A3 2015;Cristal templado;Privacidad;4,00;;;
SA-GALAXYA3-FUN-SIL;Samsung;Galaxy A3 2015;Funda;Silicona;2,50;;;
SA-GALAXYA3-FUN-TPU;Samsung;Galaxy A3 2015;Funda;Transparente;2,95;;;
SA-GALAXYA3-FUN-LIB;Samsung;Galaxy A3 2015;Funda;Libro;3,70;;;
SA-GALAXYA3-FUN-ANT;Samsung;Galaxy A3 2015;Funda;Antigolpes;3,10;;;
SA-A500-PRO-NA;Samsung;Galaxy A5;Cristal templado;Estándar;1,30;;;
SA-A500-PRO-PRI;Samsung;Galaxy A5;Cristal templado;Privacidad;4,00;;;
SA-A500-FUN-SIL;Samsung;Galaxy A5;Funda;Silicona;2,50;;;
SA-A500-FUN-TPU;Samsung;Galaxy A5;Funda;Transparente;2,95;;;
SA-A500-FUN-LIB;Samsung;Galaxy A5;Funda;Libro;3,70;;;
SA-A500-FUN-ANT;Samsung;Galaxy A5;Funda;Antigolpes;3,10;;;
SA-GALAXYA5-PRO-NA;Samsung;Galaxy A5 2015;Cristal templado;Estándar;1,30;;;
SA-GALAXYA5-PRO-PRI;Samsung;Galaxy A5 2015;Cristal templado;Privacidad;4,00;;;
SA-GALAXYA5-FUN-SIL;Samsung;Galaxy A5 2015;Funda;Silicona;2,50;;;
SA-GALAXYA5-FUN-TPU;Samsung;Galaxy A5 2015;Funda;Transparente;2,95;;;
SA-GALAXYA5-FUN-LIB;Samsung;Galaxy A5 2015;Funda;Libro;3,70;;;
SA-GALAXYA5-FUN-ANT;Samsung;Galaxy A5 2015;Funda;Antigolpes;3,10;;;
SA-G360-PRO-NA;Samsung;Galaxy Core Prime;Cristal templado;Estándar;1,30;;;
SA-G360-PRO-PRI;Samsung;Galaxy Core Prime;Cristal templado;Privacidad;4,00;;;
SA-G360-FUN-SIL;Samsung;Galaxy Core Prime;Funda;Silicona;2,50;;;
SA-G360-FUN-TPU;Samsung;Galaxy Core Prime;Funda;Transparente;2,95;;;
SA-G360-FUN-LIB;Samsung;Galaxy Core Prime;Funda;Libro;3,70;;;
SA-G360-FUN-ANT;Samsung;Galaxy Core Prime;Funda;Antigolpes;3,10;;;
SA-N915-PRO-NA;Samsung;Galaxy Note Edge;Cristal templado;Estándar;1,30;;;
SA-N915-PRO-NA-FG;Samsung;Galaxy Note Edge;Cristal templado;UV full glue;4,15;;;
SA-N915-PRO-PRI;Samsung;Galaxy Note Edge;Cristal templado;Privacidad;4,00;;;
SA-N915-OTR-ADT;Samsung;Galaxy Note Edge;Adhesivo de tapa;;2,80;;;
SA-N915-OTR-ADP;Samsung;Galaxy Note Edge;Adhesivo de pantalla;;3,75;;;
SA-N915-FUN-SIL;Samsung;Galaxy Note Edge;Funda;Silicona;2,50;;;
SA-N915-FUN-TPU;Samsung;Galaxy Note Edge;Funda;Transparente;2,95;;;
SA-N915-FUN-LIB;Samsung;Galaxy Note Edge;Funda;Libro;3,70;;;
SA-N915-FUN-ANT;Samsung;Galaxy Note Edge;Funda;Antigolpes;3,10;;;
SA-G530-PRO-NA;Samsung;Galaxy Grand Prime;Cristal templado;Estándar;1,30;;;
SA-G530-PRO-PRI;Samsung;Galaxy Grand Prime;Cristal templado;Privacidad;4,00;;;
SA-G530-FUN-SIL;Samsung;Galaxy Grand Prime;Funda;Silicona;2,50;;;
SA-G530-FUN-TPU;Samsung;Galaxy Grand Prime;Funda;Transparente;2,95;;;
SA-G530-FUN-LIB;Samsung;Galaxy Grand Prime;Funda;Libro;3,70;;;
SA-G530-FUN-ANT;Samsung;Galaxy Grand Prime;Funda;Antigolpes;3,10;;;
SA-N910-PRO-NA;Samsung;Galaxy Note 4;Cristal templado;Estándar;1,30;;;
SA-N910-PRO-NA-FG;Samsung;Galaxy Note 4;Cristal templado;UV full glue;4,15;;;
SA-N910-PRO-PRI;Samsung;Galaxy Note 4;Cristal templado;Privacidad;4,00;;;
SA-N910-OTR-ADT;Samsung;Galaxy Note 4;Adhesivo de tapa;;2,80;;;
SA-N910-OTR-ADP;Samsung;Galaxy Note 4;Adhesivo de pantalla;;3,75;;;
SA-N910-FUN-SIL;Samsung;Galaxy Note 4;Funda;Silicona;2,50;;;
SA-N910-FUN-TPU;Samsung;Galaxy Note 4;Funda;Transparente;2,95;;;
SA-N910-FUN-LIB;Samsung;Galaxy Note 4;Funda;Libro;3,70;;;
SA-N910-FUN-ANT;Samsung;Galaxy Note 4;Funda;Antigolpes;3,10;;;
SA-G850-PRO-NA;Samsung;Galaxy Alpha;Cristal templado;Estándar;1,30;;;
SA-G850-PRO-PRI;Samsung;Galaxy Alpha;Cristal templado;Privacidad;4,00;;;
SA-G850-FUN-SIL;Samsung;Galaxy Alpha;Funda;Silicona;2,50;;;
SA-G850-FUN-TPU;Samsung;Galaxy Alpha;Funda;Transparente;2,95;;;
SA-G850-FUN-LIB;Samsung;Galaxy Alpha;Funda;Libro;3,70;;;
SA-G850-FUN-ANT;Samsung;Galaxy Alpha;Funda;Antigolpes;3,10;;;
SA-G750-PRO-NA;Samsung;Galaxy Mega 2;Cristal templado;Estándar;1,30;;;
SA-G750-PRO-PRI;Samsung;Galaxy Mega 2;Cristal templado;Privacidad;4,00;;;
SA-G750-FUN-SIL;Samsung;Galaxy Mega 2;Funda;Silicona;2,50;;;
SA-G750-FUN-TPU;Samsung;Galaxy Mega 2;Funda;Transparente;2,95;;;
SA-G750-FUN-LIB;Samsung;Galaxy Mega 2;Funda;Libro;3,70;;;
SA-G750-FUN-ANT;Samsung;Galaxy Mega 2;Funda;Antigolpes;3,10;;;
SA-G110-PRO-NA;Samsung;Galaxy Pocket 2;Cristal templado;Estándar;1,30;;;
SA-G110-PRO-PRI;Samsung;Galaxy Pocket 2;Cristal templado;Privacidad;4,00;;;
SA-G110-FUN-SIL;Samsung;Galaxy Pocket 2;Funda;Silicona;2,50;;;
SA-G110-FUN-TPU;Samsung;Galaxy Pocket 2;Funda;Transparente;2,95;;;
SA-G110-FUN-LIB;Samsung;Galaxy Pocket 2;Funda;Libro;3,70;;;
SA-G110-FUN-ANT;Samsung;Galaxy Pocket 2;Funda;Antigolpes;3,10;;;
SA-G313-PRO-NA;Samsung;Galaxy Ace 4;Cristal templado;Estándar;1,30;;;
SA-G313-PRO-PRI;Samsung;Galaxy Ace 4;Cristal templado;Privacidad;4,00;;;
SA-G313-FUN-SIL;Samsung;Galaxy Ace 4;Funda;Silicona;2,50;;;
SA-G313-FUN-TPU;Samsung;Galaxy Ace 4;Funda;Transparente;2,95;;;
SA-G313-FUN-LIB;Samsung;Galaxy Ace 4;Funda;Libro;3,70;;;
SA-G313-FUN-ANT;Samsung;Galaxy Ace 4;Funda;Antigolpes;3,10;;;
SA-SD3-PRO-NA;Samsung;Galaxy S Duos 3;Cristal templado;Estándar;1,30;;;
SA-SD3-PRO-NA-FG;Samsung;Galaxy S Duos 3;Cristal templado;UV full glue;4,15;;;
SA-SD3-PRO-PRI;Samsung;Galaxy S Duos 3;Cristal templado;Privacidad;4,00;;;
SA-SD3-OTR-ADT;Samsung;Galaxy S Duos 3;Adhesivo de tapa;;2,80;;;
SA-SD3-OTR-ADP;Samsung;Galaxy S Duos 3;Adhesivo de pantalla;;3,75;;;
SA-SD3-FUN-SIL;Samsung;Galaxy S Duos 3;Funda;Silicona;2,50;;;
SA-SD3-FUN-TPU;Samsung;Galaxy S Duos 3;Funda;Transparente;2,95;;;
SA-SD3-FUN-LIB;Samsung;Galaxy S Duos 3;Funda;Libro;3,70;;;
SA-SD3-FUN-ANT;Samsung;Galaxy S Duos 3;Funda;Antigolpes;3,10;;;
SA-S2PL-PRO-NA;Samsung;Galaxy Star 2 Plus;Cristal templado;Estándar;1,30;;;
SA-S2PL-PRO-PRI;Samsung;Galaxy Star 2 Plus;Cristal templado;Privacidad;4,00;;;
SA-S2PL-OTR-ADT;Samsung;Galaxy Star 2 Plus;Adhesivo de tapa;;2,80;;;
SA-S2PL-OTR-ADP;Samsung;Galaxy Star 2 Plus;Adhesivo de pantalla;;3,75;;;
SA-S2PL-FUN-SIL;Samsung;Galaxy Star 2 Plus;Funda;Silicona;2,50;;;
SA-S2PL-FUN-TPU;Samsung;Galaxy Star 2 Plus;Funda;Transparente;2,95;;;
SA-S2PL-FUN-LIB;Samsung;Galaxy Star 2 Plus;Funda;Libro;3,70;;;
SA-S2PL-FUN-ANT;Samsung;Galaxy Star 2 Plus;Funda;Antigolpes;3,10;;;
SA-A-PRO-NA;Samsung;Galaxy Avant;Cristal templado;Estándar;1,30;;;
SA-A-PRO-PRI;Samsung;Galaxy Avant;Cristal templado;Privacidad;4,00;;;
SA-A-FUN-SIL;Samsung;Galaxy Avant;Funda;Silicona;2,50;;;
SA-A-FUN-TPU;Samsung;Galaxy Avant;Funda;Transparente;2,95;;;
SA-A-FUN-LIB;Samsung;Galaxy Avant;Funda;Libro;3,70;;;
SA-A-FUN-ANT;Samsung;Galaxy Avant;Funda;Antigolpes;3,10;;;
SA-G800-PRO-NA;Samsung;Galaxy S5 Mini;Cristal templado;Estándar;1,30;;;
SA-G800-PRO-NA-FG;Samsung;Galaxy S5 Mini;Cristal templado;UV full glue;4,15;;;
SA-G800-PRO-PRI;Samsung;Galaxy S5 Mini;Cristal templado;Privacidad;4,00;;;
SA-G800-OTR-ADT;Samsung;Galaxy S5 Mini;Adhesivo de tapa;;2,80;;;
SA-G800-OTR-ADP;Samsung;Galaxy S5 Mini;Adhesivo de pantalla;;3,75;;;
SA-G800-FUN-SIL;Samsung;Galaxy S5 Mini;Funda;Silicona;2,50;;;
SA-G800-FUN-TPU;Samsung;Galaxy S5 Mini;Funda;Transparente;2,95;;;
SA-G800-FUN-LIB;Samsung;Galaxy S5 Mini;Funda;Libro;3,70;;;
SA-G800-FUN-ANT;Samsung;Galaxy S5 Mini;Funda;Antigolpes;3,10;;;
SA-G355-PRO-NA;Samsung;Galaxy Core 2;Cristal templado;Estándar;1,30;;;
SA-G355-PRO-PRI;Samsung;Galaxy Core 2;Cristal templado;Privacidad;4,00;;;
SA-G355-FUN-SIL;Samsung;Galaxy Core 2;Funda;Silicona;2,50;;;
SA-G355-FUN-TPU;Samsung;Galaxy Core 2;Funda;Transparente;2,95;;;
SA-G355-FUN-LIB;Samsung;Galaxy Core 2;Funda;Libro;3,70;;;
SA-G355-FUN-ANT;Samsung;Galaxy Core 2;Funda;Antigolpes;3,10;;;
SA-G870-PRO-NA;Samsung;Galaxy S5 Active;Cristal templado;Estándar;1,30;;;
SA-G870-PRO-NA-FG;Samsung;Galaxy S5 Active;Cristal templado;UV full glue;4,15;;;
SA-G870-PRO-PRI;Samsung;Galaxy S5 Active;Cristal templado;Privacidad;4,00;;;
SA-G870-OTR-ADT;Samsung;Galaxy S5 Active;Adhesivo de tapa;;2,80;;;
SA-G870-OTR-ADP;Samsung;Galaxy S5 Active;Adhesivo de pantalla;;3,75;;;
SA-G870-FUN-SIL;Samsung;Galaxy S5 Active;Funda;Silicona;2,50;;;
SA-G870-FUN-TPU;Samsung;Galaxy S5 Active;Funda;Transparente;2,95;;;
SA-G870-FUN-LIB;Samsung;Galaxy S5 Active;Funda;Libro;3,70;;;
SA-G870-FUN-ANT;Samsung;Galaxy S5 Active;Funda;Antigolpes;3,10;;;
SA-G130-PRO-NA;Samsung;Galaxy Young 2;Cristal templado;Estándar;1,30;;;
SA-G130-PRO-PRI;Samsung;Galaxy Young 2;Cristal templado;Privacidad;4,00;;;
SA-G130-FUN-SIL;Samsung;Galaxy Young 2;Funda;Silicona;2,50;;;
SA-G130-FUN-TPU;Samsung;Galaxy Young 2;Funda;Transparente;2,95;;;
SA-G130-FUN-LIB;Samsung;Galaxy Young 2;Funda;Libro;3,70;;;
SA-G130-FUN-ANT;Samsung;Galaxy Young 2;Funda;Antigolpes;3,10;;;
SA-CLTE-PRO-NA;Samsung;Galaxy Core LTE;Cristal templado;Estándar;1,30;;;
SA-CLTE-PRO-PRI;Samsung;Galaxy Core LTE;Cristal templado;Privacidad;4,00;;;
SA-CLTE-FUN-SIL;Samsung;Galaxy Core LTE;Funda;Silicona;2,50;;;
SA-CLTE-FUN-TPU;Samsung;Galaxy Core LTE;Funda;Transparente;2,95;;;
SA-CLTE-FUN-LIB;Samsung;Galaxy Core LTE;Funda;Libro;3,70;;;
SA-CLTE-FUN-ANT;Samsung;Galaxy Core LTE;Funda;Antigolpes;3,10;;;
SA-C111-PRO-NA;Samsung;Galaxy K Zoom;Cristal templado;Estándar;1,30;;;
SA-C111-PRO-PRI;Samsung;Galaxy K Zoom;Cristal templado;Privacidad;4,00;;;
SA-C111-FUN-SIL;Samsung;Galaxy K Zoom;Funda;Silicona;2,50;;;
SA-C111-FUN-TPU;Samsung;Galaxy K Zoom;Funda;Transparente;2,95;;;
SA-C111-FUN-LIB;Samsung;Galaxy K Zoom;Funda;Libro;3,70;;;
SA-C111-FUN-ANT;Samsung;Galaxy K Zoom;Funda;Antigolpes;3,10;;;
SA-ASE-PRO-NA;Samsung;ATIV SE;Cristal templado;Estándar;1,30;;;
SA-ASE-PRO-PRI;Samsung;ATIV SE;Cristal templado;Privacidad;4,00;;;
SA-ASE-FUN-SIL;Samsung;ATIV SE;Funda;Silicona;2,50;;;
SA-ASE-FUN-TPU;Samsung;ATIV SE;Funda;Transparente;2,95;;;
SA-ASE-FUN-LIB;Samsung;ATIV SE;Funda;Libro;3,70;;;
SA-ASE-FUN-ANT;Samsung;ATIV SE;Funda;Antigolpes;3,10;;;
SA-B2-PRO-NA;Samsung;Galaxy Beam 2;Cristal templado;Estándar;1,30;;;
SA-B2-PRO-PRI;Samsung;Galaxy Beam 2;Cristal templado;Privacidad;4,00;;;
SA-B2-FUN-SIL;Samsung;Galaxy Beam 2;Funda;Silicona;2,50;;;
SA-B2-FUN-TPU;Samsung;Galaxy Beam 2;Funda;Transparente;2,95;;;
SA-B2-FUN-LIB;Samsung;Galaxy Beam 2;Funda;Libro;3,70;;;
SA-B2-FUN-ANT;Samsung;Galaxy Beam 2;Funda;Antigolpes;3,10;;;
SA-SIIINEO-PRO-NA;Samsung;Galaxy S III Neo;Cristal templado;Estándar;1,30;;;
SA-SIIINEO-PRO-NA-FG;Samsung;Galaxy S III Neo;Cristal templado;UV full glue;4,15;;;
SA-SIIINEO-PRO-PRI;Samsung;Galaxy S III Neo;Cristal templado;Privacidad;4,00;;;
SA-SIIINEO-OTR-ADT;Samsung;Galaxy S III Neo;Adhesivo de tapa;;2,80;;;
SA-SIIINEO-OTR-ADP;Samsung;Galaxy S III Neo;Adhesivo de pantalla;;3,75;;;
SA-SIIINEO-FUN-SIL;Samsung;Galaxy S III Neo;Funda;Silicona;2,50;;;
SA-SIIINEO-FUN-TPU;Samsung;Galaxy S III Neo;Funda;Transparente;2,95;;;
SA-SIIINEO-FUN-LIB;Samsung;Galaxy S III Neo;Funda;Libro;3,70;;;
SA-SIIINEO-FUN-ANT;Samsung;Galaxy S III Neo;Funda;Antigolpes;3,10;;;
SA-G900-PRO-NA;Samsung;Galaxy S5;Cristal templado;Estándar;1,30;;;
SA-G900-PRO-NA-FG;Samsung;Galaxy S5;Cristal templado;UV full glue;4,15;;;
SA-G900-PRO-PRI;Samsung;Galaxy S5;Cristal templado;Privacidad;4,00;;;
SA-G900-OTR-ADT;Samsung;Galaxy S5;Adhesivo de tapa;;2,80;;;
SA-G900-OTR-ADP;Samsung;Galaxy S5;Adhesivo de pantalla;;3,75;;;
SA-G900-FUN-SIL;Samsung;Galaxy S5;Funda;Silicona;2,50;;;
SA-G900-FUN-TPU;Samsung;Galaxy S5;Funda;Transparente;2,95;;;
SA-G900-FUN-LIB;Samsung;Galaxy S5;Funda;Libro;3,70;;;
SA-G900-FUN-ANT;Samsung;Galaxy S5;Funda;Antigolpes;3,10;;;
SA-N750-PRO-NA;Samsung;Galaxy Note 3 Neo;Cristal templado;Estándar;1,30;;;
SA-N750-PRO-NA-FG;Samsung;Galaxy Note 3 Neo;Cristal templado;UV full glue;4,15;;;
SA-N750-PRO-PRI;Samsung;Galaxy Note 3 Neo;Cristal templado;Privacidad;4,00;;;
SA-N750-OTR-ADT;Samsung;Galaxy Note 3 Neo;Adhesivo de tapa;;2,80;;;
SA-N750-OTR-ADP;Samsung;Galaxy Note 3 Neo;Adhesivo de pantalla;;3,75;;;
SA-N750-FUN-SIL;Samsung;Galaxy Note 3 Neo;Funda;Silicona;2,50;;;
SA-N750-FUN-TPU;Samsung;Galaxy Note 3 Neo;Funda;Transparente;2,95;;;
SA-N750-FUN-LIB;Samsung;Galaxy Note 3 Neo;Funda;Libro;3,70;;;
SA-N750-FUN-ANT;Samsung;Galaxy Note 3 Neo;Funda;Antigolpes;3,10;;;
SA-G710-PRO-NA;Samsung;Galaxy Grand 2;Cristal templado;Estándar;1,30;;;
SA-G710-PRO-PRI;Samsung;Galaxy Grand 2;Cristal templado;Privacidad;4,00;;;
SA-G710-FUN-SIL;Samsung;Galaxy Grand 2;Funda;Silicona;2,50;;;
SA-G710-FUN-TPU;Samsung;Galaxy Grand 2;Funda;Transparente;2,95;;;
SA-G710-FUN-LIB;Samsung;Galaxy Grand 2;Funda;Libro;3,70;;;
SA-G710-FUN-ANT;Samsung;Galaxy Grand 2;Funda;Antigolpes;3,10;;;
SA-J-PRO-NA;Samsung;Galaxy J;Cristal templado;Estándar;1,30;;;
SA-J-PRO-PRI;Samsung;Galaxy J;Cristal templado;Privacidad;4,00;;;
SA-J-FUN-SIL;Samsung;Galaxy J;Funda;Silicona;2,50;;;
SA-J-FUN-TPU;Samsung;Galaxy J;Funda;Transparente;2,95;;;
SA-J-FUN-LIB;Samsung;Galaxy J;Funda;Libro;3,70;;;
SA-J-FUN-ANT;Samsung;Galaxy J;Funda;Antigolpes;3,10;;;
SA-SD2-PRO-NA;Samsung;Galaxy S Duos 2;Cristal templado;Estándar;1,30;;;
SA-SD2-PRO-NA-FG;Samsung;Galaxy S Duos 2;Cristal templado;UV full glue;4,15;;;
SA-SD2-PRO-PRI;Samsung;Galaxy S Duos 2;Cristal templado;Privacidad;4,00;;;
SA-SD2-OTR-ADT;Samsung;Galaxy S Duos 2;Adhesivo de tapa;;2,80;;;
SA-SD2-OTR-ADP;Samsung;Galaxy S Duos 2;Adhesivo de pantalla;;3,75;;;
SA-SD2-FUN-SIL;Samsung;Galaxy S Duos 2;Funda;Silicona;2,50;;;
SA-SD2-FUN-TPU;Samsung;Galaxy S Duos 2;Funda;Transparente;2,95;;;
SA-SD2-FUN-LIB;Samsung;Galaxy S Duos 2;Funda;Libro;3,70;;;
SA-SD2-FUN-ANT;Samsung;Galaxy S Duos 2;Funda;Antigolpes;3,10;;;
SA-G350-PRO-NA;Samsung;Galaxy Core Plus;Cristal templado;Estándar;1,30;;;
SA-G350-PRO-PRI;Samsung;Galaxy Core Plus;Cristal templado;Privacidad;4,00;;;
SA-G350-FUN-SIL;Samsung;Galaxy Core Plus;Funda;Silicona;2,50;;;
SA-G350-FUN-TPU;Samsung;Galaxy Core Plus;Funda;Transparente;2,95;;;
SA-G350-FUN-LIB;Samsung;Galaxy Core Plus;Funda;Libro;3,70;;;
SA-G350-FUN-ANT;Samsung;Galaxy Core Plus;Funda;Antigolpes;3,10;;;
SA-G381-PRO-NA;Samsung;Galaxy Express 2;Cristal templado;Estándar;1,30;;;
SA-G381-PRO-PRI;Samsung;Galaxy Express 2;Cristal templado;Privacidad;4,00;;;
SA-G381-FUN-SIL;Samsung;Galaxy Express 2;Funda;Silicona;2,50;;;
SA-G381-FUN-TPU;Samsung;Galaxy Express 2;Funda;Transparente;2,95;;;
SA-G381-FUN-LIB;Samsung;Galaxy Express 2;Funda;Libro;3,70;;;
SA-G381-FUN-ANT;Samsung;Galaxy Express 2;Funda;Antigolpes;3,10;;;
SA-G910-PRO-NA;Samsung;Galaxy Round;Cristal templado;Estándar;1,30;;;
SA-G910-PRO-PRI;Samsung;Galaxy Round;Cristal templado;Privacidad;4,00;;;
SA-G910-FUN-SIL;Samsung;Galaxy Round;Funda;Silicona;2,50;;;
SA-G910-FUN-TPU;Samsung;Galaxy Round;Funda;Transparente;2,95;;;
SA-G910-FUN-LIB;Samsung;Galaxy Round;Funda;Libro;3,70;;;
SA-G910-FUN-ANT;Samsung;Galaxy Round;Funda;Antigolpes;3,10;;;
SA-N900-PRO-NA;Samsung;Galaxy Note 3;Cristal templado;Estándar;1,30;;;
SA-N900-PRO-NA-FG;Samsung;Galaxy Note 3;Cristal templado;UV full glue;4,15;;;
SA-N900-PRO-PRI;Samsung;Galaxy Note 3;Cristal templado;Privacidad;4,00;;;
SA-N900-OTR-ADT;Samsung;Galaxy Note 3;Adhesivo de tapa;;2,80;;;
SA-N900-OTR-ADP;Samsung;Galaxy Note 3;Adhesivo de pantalla;;3,75;;;
SA-N900-FUN-SIL;Samsung;Galaxy Note 3;Funda;Silicona;2,50;;;
SA-N900-FUN-TPU;Samsung;Galaxy Note 3;Funda;Transparente;2,95;;;
SA-N900-FUN-LIB;Samsung;Galaxy Note 3;Funda;Libro;3,70;;;
SA-N900-FUN-ANT;Samsung;Galaxy Note 3;Funda;Antigolpes;3,10;;;
SA-ASNEO-PRO-NA;Samsung;ATIV S Neo;Cristal templado;Estándar;1,30;;;
SA-ASNEO-PRO-PRI;Samsung;ATIV S Neo;Cristal templado;Privacidad;4,00;;;
SA-ASNEO-FUN-SIL;Samsung;ATIV S Neo;Funda;Silicona;2,50;;;
SA-ASNEO-FUN-TPU;Samsung;ATIV S Neo;Funda;Transparente;2,95;;;
SA-ASNEO-FUN-LIB;Samsung;ATIV S Neo;Funda;Libro;3,70;;;
SA-ASNEO-FUN-ANT;Samsung;ATIV S Neo;Funda;Antigolpes;3,10;;;
SA-S4MN-PRO-NA;Samsung;Galaxy S4 Mini;Cristal templado;Estándar;1,30;;;
SA-S4MN-PRO-NA-FG;Samsung;Galaxy S4 Mini;Cristal templado;UV full glue;4,15;;;
SA-S4MN-PRO-PRI;Samsung;Galaxy S4 Mini;Cristal templado;Privacidad;4,00;;;
SA-S4MN-OTR-ADT;Samsung;Galaxy S4 Mini;Adhesivo de tapa;;2,80;;;
SA-S4MN-OTR-ADP;Samsung;Galaxy S4 Mini;Adhesivo de pantalla;;3,75;;;
SA-S4MN-FUN-SIL;Samsung;Galaxy S4 Mini;Funda;Silicona;2,50;;;
SA-S4MN-FUN-TPU;Samsung;Galaxy S4 Mini;Funda;Transparente;2,95;;;
SA-S4MN-FUN-LIB;Samsung;Galaxy S4 Mini;Funda;Libro;3,70;;;
SA-S4MN-FUN-ANT;Samsung;Galaxy S4 Mini;Funda;Antigolpes;3,10;;;
SA-C101-PRO-NA;Samsung;Galaxy S4 Zoom;Cristal templado;Estándar;1,30;;;
SA-C101-PRO-NA-FG;Samsung;Galaxy S4 Zoom;Cristal templado;UV full glue;4,15;;;
SA-C101-PRO-PRI;Samsung;Galaxy S4 Zoom;Cristal templado;Privacidad;4,00;;;
SA-C101-OTR-ADT;Samsung;Galaxy S4 Zoom;Adhesivo de tapa;;2,80;;;
SA-C101-OTR-ADP;Samsung;Galaxy S4 Zoom;Adhesivo de pantalla;;3,75;;;
SA-C101-FUN-SIL;Samsung;Galaxy S4 Zoom;Funda;Silicona;2,50;;;
SA-C101-FUN-TPU;Samsung;Galaxy S4 Zoom;Funda;Transparente;2,95;;;
SA-C101-FUN-LIB;Samsung;Galaxy S4 Zoom;Funda;Libro;3,70;;;
SA-C101-FUN-ANT;Samsung;Galaxy S4 Zoom;Funda;Antigolpes;3,10;;;
SA-GQ-PRO-NA;Samsung;Gravity Q;Cristal templado;Estándar;1,30;;;
SA-GQ-PRO-PRI;Samsung;Gravity Q;Cristal templado;Privacidad;4,00;;;
SA-GQ-FUN-SIL;Samsung;Gravity Q;Funda;Silicona;2,50;;;
SA-GQ-FUN-TPU;Samsung;Gravity Q;Funda;Transparente;2,95;;;
SA-GQ-FUN-LIB;Samsung;Gravity Q;Funda;Libro;3,70;;;
SA-GQ-FUN-ANT;Samsung;Gravity Q;Funda;Antigolpes;3,10;;;
SA-ACE3-PRO-NA;Samsung;Galaxy Ace 3;Cristal templado;Estándar;1,30;;;
SA-ACE3-PRO-PRI;Samsung;Galaxy Ace 3;Cristal templado;Privacidad;4,00;;;
SA-ACE3-FUN-SIL;Samsung;Galaxy Ace 3;Funda;Silicona;2,50;;;
SA-ACE3-FUN-TPU;Samsung;Galaxy Ace 3;Funda;Transparente;2,95;;;
SA-ACE3-FUN-LIB;Samsung;Galaxy Ace 3;Funda;Libro;3,70;;;
SA-ACE3-FUN-ANT;Samsung;Galaxy Ace 3;Funda;Antigolpes;3,10;;;
SA-G386-PRO-NA;Samsung;Galaxy Core;Cristal templado;Estándar;1,30;;;
SA-G386-PRO-PRI;Samsung;Galaxy Core;Cristal templado;Privacidad;4,00;;;
SA-G386-FUN-SIL;Samsung;Galaxy Core;Funda;Silicona;2,50;;;
SA-G386-FUN-TPU;Samsung;Galaxy Core;Funda;Transparente;2,95;;;
SA-G386-FUN-LIB;Samsung;Galaxy Core;Funda;Libro;3,70;;;
SA-G386-FUN-ANT;Samsung;Galaxy Core;Funda;Antigolpes;3,10;;;
SA-M-PRO-NA;Samsung;Galaxy Mega;Cristal templado;Estándar;1,30;;;
SA-M-PRO-PRI;Samsung;Galaxy Mega;Cristal templado;Privacidad;4,00;;;
SA-M-FUN-SIL;Samsung;Galaxy Mega;Funda;Silicona;2,50;;;
SA-M-FUN-TPU;Samsung;Galaxy Mega;Funda;Transparente;2,95;;;
SA-M-FUN-LIB;Samsung;Galaxy Mega;Funda;Libro;3,70;;;
SA-M-FUN-ANT;Samsung;Galaxy Mega;Funda;Antigolpes;3,10;;;
SA-S4A-PRO-NA;Samsung;Galaxy S4 Active;Cristal templado;Estándar;1,30;;;
SA-S4A-PRO-NA-FG;Samsung;Galaxy S4 Active;Cristal templado;UV full glue;4,15;;;
SA-S4A-PRO-PRI;Samsung;Galaxy S4 Active;Cristal templado;Privacidad;4,00;;;
SA-S4A-OTR-ADT;Samsung;Galaxy S4 Active;Adhesivo de tapa;;2,80;;;
SA-S4A-OTR-ADP;Samsung;Galaxy S4 Active;Adhesivo de pantalla;;3,75;;;
SA-S4A-FUN-SIL;Samsung;Galaxy S4 Active;Funda;Silicona;2,50;;;
SA-S4A-FUN-TPU;Samsung;Galaxy S4 Active;Funda;Transparente;2,95;;;
SA-S4A-FUN-LIB;Samsung;Galaxy S4 Active;Funda;Libro;3,70;;;
SA-S4A-FUN-ANT;Samsung;Galaxy S4 Active;Funda;Antigolpes;3,10;;;
SA-PKNEO-PRO-NA;Samsung;Galaxy Pocket Neo;Cristal templado;Estándar;1,30;;;
SA-PKNEO-PRO-PRI;Samsung;Galaxy Pocket Neo;Cristal templado;Privacidad;4,00;;;
SA-PKNEO-FUN-SIL;Samsung;Galaxy Pocket Neo;Funda;Silicona;2,50;;;
SA-PKNEO-FUN-TPU;Samsung;Galaxy Pocket Neo;Funda;Transparente;2,95;;;
SA-PKNEO-FUN-LIB;Samsung;Galaxy Pocket Neo;Funda;Libro;3,70;;;
SA-PKNEO-FUN-ANT;Samsung;Galaxy Pocket Neo;Funda;Antigolpes;3,10;;;
SA-WIN-PRO-NA;Samsung;Galaxy Win;Cristal templado;Estándar;1,30;;;
SA-WIN-PRO-PRI;Samsung;Galaxy Win;Cristal templado;Privacidad;4,00;;;
SA-WIN-FUN-SIL;Samsung;Galaxy Win;Funda;Silicona;2,50;;;
SA-WIN-FUN-TPU;Samsung;Galaxy Win;Funda;Transparente;2,95;;;
SA-WIN-FUN-LIB;Samsung;Galaxy Win;Funda;Libro;3,70;;;
SA-WIN-FUN-ANT;Samsung;Galaxy Win;Funda;Antigolpes;3,10;;;
SA-YPL-PRO-NA;Samsung;Galaxy Y Plus;Cristal templado;Estándar;1,30;;;
SA-YPL-PRO-PRI;Samsung;Galaxy Y Plus;Cristal templado;Privacidad;4,00;;;
SA-YPL-FUN-SIL;Samsung;Galaxy Y Plus;Funda;Silicona;2,50;;;
SA-YPL-FUN-TPU;Samsung;Galaxy Y Plus;Funda;Transparente;2,95;;;
SA-YPL-FUN-LIB;Samsung;Galaxy Y Plus;Funda;Libro;3,70;;;
SA-YPL-FUN-ANT;Samsung;Galaxy Y Plus;Funda;Antigolpes;3,10;;;
SA-F-PRO-NA;Samsung;Galaxy Fame;Cristal templado;Estándar;1,30;;;
SA-F-PRO-PRI;Samsung;Galaxy Fame;Cristal templado;Privacidad;4,00;;;
SA-F-FUN-SIL;Samsung;Galaxy Fame;Funda;Silicona;2,50;;;
SA-F-FUN-TPU;Samsung;Galaxy Fame;Funda;Transparente;2,95;;;
SA-F-FUN-LIB;Samsung;Galaxy Fame;Funda;Libro;3,70;;;
SA-F-FUN-ANT;Samsung;Galaxy Fame;Funda;Antigolpes;3,10;;;
SA-S975-PRO-NA;Samsung;Galaxy S4;Cristal templado;Estándar;1,30;;;
SA-S975-PRO-NA-FG;Samsung;Galaxy S4;Cristal templado;UV full glue;4,15;;;
SA-S975-PRO-PRI;Samsung;Galaxy S4;Cristal templado;Privacidad;4,00;;;
SA-S975-OTR-ADT;Samsung;Galaxy S4;Adhesivo de tapa;;2,80;;;
SA-S975-OTR-ADP;Samsung;Galaxy S4;Adhesivo de pantalla;;3,75;;;
SA-S975-FUN-SIL;Samsung;Galaxy S4;Funda;Silicona;2,50;;;
SA-S975-FUN-TPU;Samsung;Galaxy S4;Funda;Transparente;2,95;;;
SA-S975-FUN-LIB;Samsung;Galaxy S4;Funda;Libro;3,70;;;
SA-S975-FUN-ANT;Samsung;Galaxy S4;Funda;Antigolpes;3,10;;;
SA-S-PRO-NA;Samsung;Galaxy Star;Cristal templado;Estándar;1,30;;;
SA-S-PRO-PRI;Samsung;Galaxy Star;Cristal templado;Privacidad;4,00;;;
SA-S-OTR-ADT;Samsung;Galaxy Star;Adhesivo de tapa;;2,80;;;
SA-S-OTR-ADP;Samsung;Galaxy Star;Adhesivo de pantalla;;3,75;;;
SA-S-FUN-SIL;Samsung;Galaxy Star;Funda;Silicona;2,50;;;
SA-S-FUN-TPU;Samsung;Galaxy Star;Funda;Transparente;2,95;;;
SA-S-FUN-LIB;Samsung;Galaxy Star;Funda;Libro;3,70;;;
SA-S-FUN-ANT;Samsung;Galaxy Star;Funda;Antigolpes;3,10;;;
SA-E-PRO-NA;Samsung;Galaxy Express;Cristal templado;Estándar;1,30;;;
SA-E-PRO-PRI;Samsung;Galaxy Express;Cristal templado;Privacidad;4,00;;;
SA-E-FUN-SIL;Samsung;Galaxy Express;Funda;Silicona;2,50;;;
SA-E-FUN-TPU;Samsung;Galaxy Express;Funda;Transparente;2,95;;;
SA-E-FUN-LIB;Samsung;Galaxy Express;Funda;Libro;3,70;;;
SA-E-FUN-ANT;Samsung;Galaxy Express;Funda;Antigolpes;3,10;;;
SA-X2-PRO-NA;Samsung;Galaxy XCover 2;Cristal templado;Estándar;1,30;;;
SA-Y-PRO-NA;Samsung;Galaxy Young;Cristal templado;Estándar;1,30;;;
SA-Y-PRO-PRI;Samsung;Galaxy Young;Cristal templado;Privacidad;4,00;;;
SA-Y-FUN-SIL;Samsung;Galaxy Young;Funda;Silicona;2,50;;;
SA-Y-FUN-TPU;Samsung;Galaxy Young;Funda;Transparente;2,95;;;
SA-Y-FUN-LIB;Samsung;Galaxy Young;Funda;Libro;3,70;;;
SA-Y-FUN-ANT;Samsung;Galaxy Young;Funda;Antigolpes;3,10;;;
SA-AO-PRO-NA;Samsung;Ativ Odyssey;Cristal templado;Estándar;1,30;;;
SA-AO-PRO-PRI;Samsung;Ativ Odyssey;Cristal templado;Privacidad;4,00;;;
SA-AO-FUN-SIL;Samsung;Ativ Odyssey;Funda;Silicona;2,50;;;
SA-AO-FUN-TPU;Samsung;Ativ Odyssey;Funda;Transparente;2,95;;;
SA-AO-FUN-LIB;Samsung;Ativ Odyssey;Funda;Libro;3,70;;;
SA-AO-FUN-ANT;Samsung;Ativ Odyssey;Funda;Antigolpes;3,10;;;
SA-G-PRO-NA;Samsung;Galaxy Grand;Cristal templado;Estándar;1,30;;;
SA-G-PRO-PRI;Samsung;Galaxy Grand;Cristal templado;Privacidad;4,00;;;
SA-G-FUN-SIL;Samsung;Galaxy Grand;Funda;Silicona;2,50;;;
SA-G-FUN-TPU;Samsung;Galaxy Grand;Funda;Transparente;2,95;;;
SA-G-FUN-LIB;Samsung;Galaxy Grand;Funda;Libro;3,70;;;
SA-G-FUN-ANT;Samsung;Galaxy Grand;Funda;Antigolpes;3,10;;;
SA-PKPL-PRO-NA;Samsung;Galaxy Pocket Plus;Cristal templado;Estándar;1,30;;;
SA-PKPL-PRO-PRI;Samsung;Galaxy Pocket Plus;Cristal templado;Privacidad;4,00;;;
SA-PKPL-FUN-SIL;Samsung;Galaxy Pocket Plus;Funda;Silicona;2,50;;;
SA-PKPL-FUN-TPU;Samsung;Galaxy Pocket Plus;Funda;Transparente;2,95;;;
SA-PKPL-FUN-LIB;Samsung;Galaxy Pocket Plus;Funda;Libro;3,70;;;
SA-PKPL-FUN-ANT;Samsung;Galaxy Pocket Plus;Funda;Antigolpes;3,10;;;
SA-CA-PRO-NA;Samsung;Galaxy Core Advance;Cristal templado;Estándar;1,30;;;
SA-CA-PRO-PRI;Samsung;Galaxy Core Advance;Cristal templado;Privacidad;4,00;;;
SA-CA-FUN-SIL;Samsung;Galaxy Core Advance;Funda;Silicona;2,50;;;
SA-CA-FUN-TPU;Samsung;Galaxy Core Advance;Funda;Transparente;2,95;;;
SA-CA-FUN-LIB;Samsung;Galaxy Core Advance;Funda;Libro;3,70;;;
SA-CA-FUN-ANT;Samsung;Galaxy Core Advance;Funda;Antigolpes;3,10;;;
SA-AS-PRO-NA;Samsung;Ativ S;Cristal templado;Estándar;1,30;;;
SA-AS-PRO-PRI;Samsung;Ativ S;Cristal templado;Privacidad;4,00;;;
SA-AS-FUN-SIL;Samsung;Ativ S;Funda;Silicona;2,50;;;
SA-AS-FUN-TPU;Samsung;Ativ S;Funda;Transparente;2,95;;;
SA-AS-FUN-LIB;Samsung;Ativ S;Funda;Libro;3,70;;;
SA-AS-FUN-ANT;Samsung;Ativ S;Funda;Antigolpes;3,10;;;
SA-D-PRO-NA;Samsung;Galaxy Discover;Cristal templado;Estándar;1,30;;;
SA-D-PRO-PRI;Samsung;Galaxy Discover;Cristal templado;Privacidad;4,00;;;
SA-D-FUN-SIL;Samsung;Galaxy Discover;Funda;Silicona;2,50;;;
SA-D-FUN-TPU;Samsung;Galaxy Discover;Funda;Transparente;2,95;;;
SA-D-FUN-LIB;Samsung;Galaxy Discover;Funda;Libro;3,70;;;
SA-D-FUN-ANT;Samsung;Galaxy Discover;Funda;Antigolpes;3,10;;;
SA-SIIIP-PRO-NA;Samsung;Galaxy S III Progre;Cristal templado;Estándar;1,30;;;
SA-SIIIP-PRO-NA-FG;Samsung;Galaxy S III Progre;Cristal templado;UV full glue;4,15;;;
SA-SIIIP-PRO-PRI;Samsung;Galaxy S III Progre;Cristal templado;Privacidad;4,00;;;
SA-SIIIP-OTR-ADT;Samsung;Galaxy S III Progre;Adhesivo de tapa;;2,80;;;
SA-SIIIP-OTR-ADP;Samsung;Galaxy S III Progre;Adhesivo de pantalla;;3,75;;;
SA-SIIIP-FUN-SIL;Samsung;Galaxy S III Progre;Funda;Silicona;2,50;;;
SA-SIIIP-FUN-TPU;Samsung;Galaxy S III Progre;Funda;Transparente;2,95;;;
SA-SIIIP-FUN-LIB;Samsung;Galaxy S III Progre;Funda;Libro;3,70;;;
SA-SIIIP-FUN-ANT;Samsung;Galaxy S III Progre;Funda;Antigolpes;3,10;;;
SA-SIIIMN-PRO-NA;Samsung;Galaxy S III Mini;Cristal templado;Estándar;1,30;;;
SA-SIIIMN-PRO-NA-FG;Samsung;Galaxy S III Mini;Cristal templado;UV full glue;4,15;;;
SA-SIIIMN-PRO-PRI;Samsung;Galaxy S III Mini;Cristal templado;Privacidad;4,00;;;
SA-SIIIMN-OTR-ADT;Samsung;Galaxy S III Mini;Adhesivo de tapa;;2,80;;;
SA-SIIIMN-OTR-ADP;Samsung;Galaxy S III Mini;Adhesivo de pantalla;;3,75;;;
SA-SIIIMN-FUN-SIL;Samsung;Galaxy S III Mini;Funda;Silicona;2,50;;;
SA-SIIIMN-FUN-TPU;Samsung;Galaxy S III Mini;Funda;Transparente;2,95;;;
SA-SIIIMN-FUN-LIB;Samsung;Galaxy S III Mini;Funda;Libro;3,70;;;
SA-SIIIMN-FUN-ANT;Samsung;Galaxy S III Mini;Funda;Antigolpes;3,10;;;
SA-N2-PRO-NA;Samsung;Galaxy Note 2;Cristal templado;Estándar;1,30;;;
SA-N2-PRO-NA-FG;Samsung;Galaxy Note 2;Cristal templado;UV full glue;4,15;;;
SA-N2-PRO-PRI;Samsung;Galaxy Note 2;Cristal templado;Privacidad;4,00;;;
SA-N2-OTR-ADT;Samsung;Galaxy Note 2;Adhesivo de tapa;;2,80;;;
SA-N2-OTR-ADP;Samsung;Galaxy Note 2;Adhesivo de pantalla;;3,75;;;
SA-N2-FUN-SIL;Samsung;Galaxy Note 2;Funda;Silicona;2,50;;;
SA-N2-FUN-TPU;Samsung;Galaxy Note 2;Funda;Transparente;2,95;;;
SA-N2-FUN-LIB;Samsung;Galaxy Note 2;Funda;Libro;3,70;;;
SA-N2-FUN-ANT;Samsung;Galaxy Note 2;Funda;Antigolpes;3,10;;;
SA-NII-PRO-NA;Samsung;Galaxy Note II;Cristal templado;Estándar;1,30;;;
SA-NII-PRO-NA-FG;Samsung;Galaxy Note II;Cristal templado;UV full glue;4,15;;;
SA-NII-PRO-PRI;Samsung;Galaxy Note II;Cristal templado;Privacidad;4,00;;;
SA-NII-OTR-ADT;Samsung;Galaxy Note II;Adhesivo de tapa;;2,80;;;
SA-NII-OTR-ADP;Samsung;Galaxy Note II;Adhesivo de pantalla;;3,75;;;
SA-NII-FUN-SIL;Samsung;Galaxy Note II;Funda;Silicona;2,50;;;
SA-NII-FUN-TPU;Samsung;Galaxy Note II;Funda;Transparente;2,95;;;
SA-NII-FUN-LIB;Samsung;Galaxy Note II;Funda;Libro;3,70;;;
SA-NII-FUN-ANT;Samsung;Galaxy Note II;Funda;Antigolpes;3,10;;;
SA-SD-PRO-NA;Samsung;Galaxy S Duos;Cristal templado;Estándar;1,30;;;
SA-SD-PRO-NA-FG;Samsung;Galaxy S Duos;Cristal templado;UV full glue;4,15;;;
SA-SD-PRO-PRI;Samsung;Galaxy S Duos;Cristal templado;Privacidad;4,00;;;
SA-SD-OTR-ADT;Samsung;Galaxy S Duos;Adhesivo de tapa;;2,80;;;
SA-SD-OTR-ADP;Samsung;Galaxy S Duos;Adhesivo de pantalla;;3,75;;;
SA-SD-FUN-SIL;Samsung;Galaxy S Duos;Funda;Silicona;2,50;;;
SA-SD-FUN-TPU;Samsung;Galaxy S Duos;Funda;Transparente;2,95;;;
SA-SD-FUN-LIB;Samsung;Galaxy S Duos;Funda;Libro;3,70;;;
SA-SD-FUN-ANT;Samsung;Galaxy S Duos;Funda;Antigolpes;3,10;;;
SA-SR4-PRO-NA;Samsung;Galaxy S Relay 4G;Cristal templado;Estándar;1,30;;;
SA-SR4-PRO-NA-FG;Samsung;Galaxy S Relay 4G;Cristal templado;UV full glue;4,15;;;
SA-SR4-PRO-PRI;Samsung;Galaxy S Relay 4G;Cristal templado;Privacidad;4,00;;;
SA-SR4-OTR-ADT;Samsung;Galaxy S Relay 4G;Adhesivo de tapa;;2,80;;;
SA-SR4-OTR-ADP;Samsung;Galaxy S Relay 4G;Adhesivo de pantalla;;3,75;;;
SA-SR4-FUN-SIL;Samsung;Galaxy S Relay 4G;Funda;Silicona;2,50;;;
SA-SR4-FUN-TPU;Samsung;Galaxy S Relay 4G;Funda;Transparente;2,95;;;
SA-SR4-FUN-LIB;Samsung;Galaxy S Relay 4G;Funda;Libro;3,70;;;
SA-SR4-FUN-ANT;Samsung;Galaxy S Relay 4G;Funda;Antigolpes;3,10;;;
SA-C-PRO-NA;Samsung;Galaxy Chat;Cristal templado;Estándar;1,30;;;
SA-C-PRO-PRI;Samsung;Galaxy Chat;Cristal templado;Privacidad;4,00;;;
SA-C-FUN-SIL;Samsung;Galaxy Chat;Funda;Silicona;2,50;;;
SA-C-FUN-TPU;Samsung;Galaxy Chat;Funda;Transparente;2,95;;;
SA-C-FUN-LIB;Samsung;Galaxy Chat;Funda;Libro;3,70;;;
SA-C-FUN-ANT;Samsung;Galaxy Chat;Funda;Antigolpes;3,10;;;
SA-B-PRO-NA;Samsung;Galaxy Beam;Cristal templado;Estándar;1,30;;;
SA-B-PRO-PRI;Samsung;Galaxy Beam;Cristal templado;Privacidad;4,00;;;
SA-B-FUN-SIL;Samsung;Galaxy Beam;Funda;Silicona;2,50;;;
SA-B-FUN-TPU;Samsung;Galaxy Beam;Funda;Transparente;2,95;;;
SA-B-FUN-LIB;Samsung;Galaxy Beam;Funda;Libro;3,70;;;
SA-B-FUN-ANT;Samsung;Galaxy Beam;Funda;Antigolpes;3,10;;;
SA-BI8530-PRO-NA;Samsung;Galaxy Beam i8530;Cristal templado;Estándar;1,30;;;
SA-BI8530-PRO-PRI;Samsung;Galaxy Beam i8530;Cristal templado;Privacidad;4,00;;;
SA-BI8530-FUN-SIL;Samsung;Galaxy Beam i8530;Funda;Silicona;2,50;;;
SA-BI8530-FUN-TPU;Samsung;Galaxy Beam i8530;Funda;Transparente;2,95;;;
SA-BI8530-FUN-LIB;Samsung;Galaxy Beam i8530;Funda;Libro;3,70;;;
SA-BI8530-FUN-ANT;Samsung;Galaxy Beam i8530;Funda;Antigolpes;3,10;;;
SA-OM-PRO-NA;Samsung;Omnia M;Cristal templado;Estándar;1,30;;;
SA-OM-PRO-PRI;Samsung;Omnia M;Cristal templado;Privacidad;4,00;;;
SA-OM-FUN-SIL;Samsung;Omnia M;Funda;Silicona;2,50;;;
SA-OM-FUN-TPU;Samsung;Omnia M;Funda;Transparente;2,95;;;
SA-OM-FUN-LIB;Samsung;Omnia M;Funda;Libro;3,70;;;
SA-OM-FUN-ANT;Samsung;Omnia M;Funda;Antigolpes;3,10;;;
SA-F2-PRO-NA;Samsung;Focus 2;Cristal templado;Estándar;1,30;;;
SA-F2-PRO-PRI;Samsung;Focus 2;Cristal templado;Privacidad;4,00;;;
SA-F2-FUN-SIL;Samsung;Focus 2;Funda;Silicona;2,50;;;
SA-F2-FUN-TPU;Samsung;Focus 2;Funda;Transparente;2,95;;;
SA-F2-FUN-LIB;Samsung;Focus 2;Funda;Libro;3,70;;;
SA-F2-FUN-ANT;Samsung;Focus 2;Funda;Antigolpes;3,10;;;
SA-ACE2-PRO-NA;Samsung;Galaxy Ace 2;Cristal templado;Estándar;1,30;;;
SA-ACE2-PRO-PRI;Samsung;Galaxy Ace 2;Cristal templado;Privacidad;4,00;;;
SA-ACE2-FUN-SIL;Samsung;Galaxy Ace 2;Funda;Silicona;2,50;;;
SA-ACE2-FUN-TPU;Samsung;Galaxy Ace 2;Funda;Transparente;2,95;;;
SA-ACE2-FUN-LIB;Samsung;Galaxy Ace 2;Funda;Libro;3,70;;;
SA-ACE2-FUN-ANT;Samsung;Galaxy Ace 2;Funda;Antigolpes;3,10;;;
SA-RS-PRO-NA;Samsung;Galaxy R Style;Cristal templado;Estándar;1,30;;;
SA-RS-PRO-PRI;Samsung;Galaxy R Style;Cristal templado;Privacidad;4,00;;;
SA-RS-FUN-SIL;Samsung;Galaxy R Style;Funda;Silicona;2,50;;;
SA-RS-FUN-TPU;Samsung;Galaxy R Style;Funda;Transparente;2,95;;;
SA-RS-FUN-LIB;Samsung;Galaxy R Style;Funda;Libro;3,70;;;
SA-RS-FUN-ANT;Samsung;Galaxy R Style;Funda;Antigolpes;3,10;;;
SA-SIII-PRO-NA;Samsung;Galaxy S III;Cristal templado;Estándar;1,30;;;
SA-SIII-PRO-NA-FG;Samsung;Galaxy S III;Cristal templado;UV full glue;4,15;;;
SA-SIII-PRO-PRI;Samsung;Galaxy S III;Cristal templado;Privacidad;4,00;;;
SA-SIII-OTR-ADT;Samsung;Galaxy S III;Adhesivo de tapa;;2,80;;;
SA-SIII-OTR-ADP;Samsung;Galaxy S III;Adhesivo de pantalla;;3,75;;;
SA-SIII-FUN-SIL;Samsung;Galaxy S III;Funda;Silicona;2,50;;;
SA-SIII-FUN-TPU;Samsung;Galaxy S III;Funda;Transparente;2,95;;;
SA-SIII-FUN-LIB;Samsung;Galaxy S III;Funda;Libro;3,70;;;
SA-SIII-FUN-ANT;Samsung;Galaxy S III;Funda;Antigolpes;3,10;;;
SA-PK-PRO-NA;Samsung;Galaxy Pocket;Cristal templado;Estándar;1,30;;;
SA-PK-PRO-PRI;Samsung;Galaxy Pocket;Cristal templado;Privacidad;4,00;;;
SA-PK-FUN-SIL;Samsung;Galaxy Pocket;Funda;Silicona;2,50;;;
SA-PK-FUN-TPU;Samsung;Galaxy Pocket;Funda;Transparente;2,95;;;
SA-PK-FUN-LIB;Samsung;Galaxy Pocket;Funda;Libro;3,70;;;
SA-PK-FUN-ANT;Samsung;Galaxy Pocket;Funda;Antigolpes;3,10;;;
SA-SA-PRO-NA;Samsung;Galaxy S Advance;Cristal templado;Estándar;1,30;;;
SA-SA-PRO-NA-FG;Samsung;Galaxy S Advance;Cristal templado;UV full glue;4,15;;;
SA-SA-PRO-PRI;Samsung;Galaxy S Advance;Cristal templado;Privacidad;4,00;;;
SA-SA-OTR-ADT;Samsung;Galaxy S Advance;Adhesivo de tapa;;2,80;;;
SA-SA-OTR-ADP;Samsung;Galaxy S Advance;Adhesivo de pantalla;;3,75;;;
SA-SA-FUN-SIL;Samsung;Galaxy S Advance;Funda;Silicona;2,50;;;
SA-SA-FUN-TPU;Samsung;Galaxy S Advance;Funda;Transparente;2,95;;;
SA-SA-FUN-LIB;Samsung;Galaxy S Advance;Funda;Libro;3,70;;;
SA-SA-FUN-ANT;Samsung;Galaxy S Advance;Funda;Antigolpes;3,10;;;
SA-I847RS-PRO-NA;Samsung;i847 Rugby Smart;Cristal templado;Estándar;1,30;;;
SA-I847RS-PRO-PRI;Samsung;i847 Rugby Smart;Cristal templado;Privacidad;4,00;;;
SA-I847RS-FUN-SIL;Samsung;i847 Rugby Smart;Funda;Silicona;2,50;;;
SA-I847RS-FUN-TPU;Samsung;i847 Rugby Smart;Funda;Transparente;2,95;;;
SA-I847RS-FUN-LIB;Samsung;i847 Rugby Smart;Funda;Libro;3,70;;;
SA-I847RS-FUN-ANT;Samsung;i847 Rugby Smart;Funda;Antigolpes;3,10;;;
SA-MN2-PRO-NA;Samsung;Galaxy Mini 2;Cristal templado;Estándar;1,30;;;
SA-MN2-PRO-PRI;Samsung;Galaxy Mini 2;Cristal templado;Privacidad;4,00;;;
SA-MN2-FUN-SIL;Samsung;Galaxy Mini 2;Funda;Silicona;2,50;;;
SA-MN2-FUN-TPU;Samsung;Galaxy Mini 2;Funda;Transparente;2,95;;;
SA-MN2-FUN-LIB;Samsung;Galaxy Mini 2;Funda;Libro;3,70;;;
SA-MN2-FUN-ANT;Samsung;Galaxy Mini 2;Funda;Antigolpes;3,10;;;
SA-ACEPL-PRO-NA;Samsung;Galaxy Ace Plus;Cristal templado;Estándar;1,30;;;
SA-ACEPL-PRO-PRI;Samsung;Galaxy Ace Plus;Cristal templado;Privacidad;4,00;;;
SA-ACEPL-FUN-SIL;Samsung;Galaxy Ace Plus;Funda;Silicona;2,50;;;
SA-ACEPL-FUN-TPU;Samsung;Galaxy Ace Plus;Funda;Transparente;2,95;;;
SA-ACEPL-FUN-LIB;Samsung;Galaxy Ace Plus;Funda;Libro;3,70;;;
SA-ACEPL-FUN-ANT;Samsung;Galaxy Ace Plus;Funda;Antigolpes;3,10;;;
SA-SIIW-PRO-NA;Samsung;Galaxy S II WiMAX;Cristal templado;Estándar;1,30;;;
SA-SIIW-PRO-NA-FG;Samsung;Galaxy S II WiMAX;Cristal templado;UV full glue;4,15;;;
SA-SIIW-PRO-PRI;Samsung;Galaxy S II WiMAX;Cristal templado;Privacidad;4,00;;;
SA-SIIW-OTR-ADT;Samsung;Galaxy S II WiMAX;Adhesivo de tapa;;2,80;;;
SA-SIIW-OTR-ADP;Samsung;Galaxy S II WiMAX;Adhesivo de pantalla;;3,75;;;
SA-SIIW-FUN-SIL;Samsung;Galaxy S II WiMAX;Funda;Silicona;2,50;;;
SA-SIIW-FUN-TPU;Samsung;Galaxy S II WiMAX;Funda;Transparente;2,95;;;
SA-SIIW-FUN-LIB;Samsung;Galaxy S II WiMAX;Funda;Libro;3,70;;;
SA-SIIW-FUN-ANT;Samsung;Galaxy S II WiMAX;Funda;Antigolpes;3,10;;;
SA-YD-PRO-NA;Samsung;Galaxy Y DUOS;Cristal templado;Estándar;1,30;;;
SA-YD-PRO-PRI;Samsung;Galaxy Y DUOS;Cristal templado;Privacidad;4,00;;;
SA-YD-FUN-SIL;Samsung;Galaxy Y DUOS;Funda;Silicona;2,50;;;
SA-YD-FUN-TPU;Samsung;Galaxy Y DUOS;Funda;Transparente;2,95;;;
SA-YD-FUN-LIB;Samsung;Galaxy Y DUOS;Funda;Libro;3,70;;;
SA-YD-FUN-ANT;Samsung;Galaxy Y DUOS;Funda;Antigolpes;3,10;;;
SA-YPD-PRO-NA;Samsung;Galaxy Y Pro DUOS;Cristal templado;Estándar;1,30;;;
SA-YPD-PRO-PRI;Samsung;Galaxy Y Pro DUOS;Cristal templado;Privacidad;4,00;;;
SA-YPD-FUN-SIL;Samsung;Galaxy Y Pro DUOS;Funda;Silicona;2,50;;;
SA-YPD-FUN-TPU;Samsung;Galaxy Y Pro DUOS;Funda;Transparente;2,95;;;
SA-YPD-FUN-LIB;Samsung;Galaxy Y Pro DUOS;Funda;Libro;3,70;;;
SA-YPD-FUN-ANT;Samsung;Galaxy Y Pro DUOS;Funda;Antigolpes;3,10;;;
SA-A40S-PRO-NA;Samsung;Galaxy A40s;Cristal templado;Estándar;1,30;;;
SA-A40S-PRO-PRI;Samsung;Galaxy A40s;Cristal templado;Privacidad;4,00;;;
SA-A40S-FUN-SIL;Samsung;Galaxy A40s;Funda;Silicona;2,50;;;
SA-A40S-FUN-TPU;Samsung;Galaxy A40s;Funda;Transparente;2,95;;;
SA-A40S-FUN-LIB;Samsung;Galaxy A40s;Funda;Libro;3,70;;;
SA-A40S-FUN-ANT;Samsung;Galaxy A40s;Funda;Antigolpes;3,10;;;
SA-ACE4L-PRO-NA;Samsung;Galaxy Ace 4 Lite;Cristal templado;Estándar;1,30;;;
SA-ACE4L-PRO-PRI;Samsung;Galaxy Ace 4 Lite;Cristal templado;Privacidad;4,00;;;
SA-ACE4L-FUN-SIL;Samsung;Galaxy Ace 4 Lite;Funda;Silicona;2,50;;;
SA-ACE4L-FUN-TPU;Samsung;Galaxy Ace 4 Lite;Funda;Transparente;2,95;;;
SA-ACE4L-FUN-LIB;Samsung;Galaxy Ace 4 Lite;Funda;Libro;3,70;;;
SA-ACE4L-FUN-ANT;Samsung;Galaxy Ace 4 Lite;Funda;Antigolpes;3,10;;;
SA-G316-PRO-NA;Samsung;Galaxy Ace 4 Neo;Cristal templado;Estándar;1,30;;;
SA-G316-PRO-PRI;Samsung;Galaxy Ace 4 Neo;Cristal templado;Privacidad;4,00;;;
SA-G316-FUN-SIL;Samsung;Galaxy Ace 4 Neo;Funda;Silicona;2,50;;;
SA-G316-FUN-TPU;Samsung;Galaxy Ace 4 Neo;Funda;Transparente;2,95;;;
SA-G316-FUN-LIB;Samsung;Galaxy Ace 4 Neo;Funda;Libro;3,70;;;
SA-G316-FUN-ANT;Samsung;Galaxy Ace 4 Neo;Funda;Antigolpes;3,10;;;
SA-T2-PRO-NA;Samsung;Galaxy Trend 2;Cristal templado;Estándar;1,30;;;
SA-T2-PRO-PRI;Samsung;Galaxy Trend 2;Cristal templado;Privacidad;4,00;;;
SA-T2-FUN-SIL;Samsung;Galaxy Trend 2;Funda;Silicona;2,50;;;
SA-T2-FUN-TPU;Samsung;Galaxy Trend 2;Funda;Transparente;2,95;;;
SA-T2-FUN-LIB;Samsung;Galaxy Trend 2;Funda;Libro;3,70;;;
SA-T2-FUN-ANT;Samsung;Galaxy Trend 2;Funda;Antigolpes;3,10;;;
SA-Y2P-PRO-NA;Samsung;Galaxy Young 2 Pro;Cristal templado;Estándar;1,30;;;
SA-Y2P-PRO-PRI;Samsung;Galaxy Young 2 Pro;Cristal templado;Privacidad;4,00;;;
SA-Y2P-FUN-SIL;Samsung;Galaxy Young 2 Pro;Funda;Silicona;2,50;;;
SA-Y2P-FUN-TPU;Samsung;Galaxy Young 2 Pro;Funda;Transparente;2,95;;;
SA-Y2P-FUN-LIB;Samsung;Galaxy Young 2 Pro;Funda;Libro;3,70;;;
SA-Y2P-FUN-ANT;Samsung;Galaxy Young 2 Pro;Funda;Antigolpes;3,10;;;
SA-G920-PRO-NA;Samsung;Galaxy S6;Cristal templado;Estándar;1,30;;;
SA-G920-PRO-NA-FG;Samsung;Galaxy S6;Cristal templado;UV full glue;4,15;;;
SA-G920-PRO-PRI;Samsung;Galaxy S6;Cristal templado;Privacidad;4,00;;;
SA-G920-OTR-ADT;Samsung;Galaxy S6;Adhesivo de tapa;;2,80;;;
SA-G920-OTR-ADP;Samsung;Galaxy S6;Adhesivo de pantalla;;3,75;;;
SA-G920-FUN-SIL;Samsung;Galaxy S6;Funda;Silicona;2,50;;;
SA-G920-FUN-TPU;Samsung;Galaxy S6;Funda;Transparente;2,95;;;
SA-G920-FUN-LIB;Samsung;Galaxy S6;Funda;Libro;3,70;;;
SA-G920-FUN-ANT;Samsung;Galaxy S6;Funda;Antigolpes;3,10;;;
SA-G925-PRO-NA;Samsung;Galaxy S6 edge;Cristal templado;Estándar;1,30;;;
SA-G925-PRO-NA-FG;Samsung;Galaxy S6 edge;Cristal templado;UV full glue;4,15;;;
SA-G925-PRO-PRI;Samsung;Galaxy S6 edge;Cristal templado;Privacidad;4,00;;;
SA-G925-OTR-ADT;Samsung;Galaxy S6 edge;Adhesivo de tapa;;2,80;;;
SA-G925-OTR-ADP;Samsung;Galaxy S6 edge;Adhesivo de pantalla;;3,75;;;
SA-G925-FUN-SIL;Samsung;Galaxy S6 edge;Funda;Silicona;2,50;;;
SA-G925-FUN-TPU;Samsung;Galaxy S6 edge;Funda;Transparente;2,95;;;
SA-G925-FUN-LIB;Samsung;Galaxy S6 edge;Funda;Libro;3,70;;;
SA-G925-FUN-ANT;Samsung;Galaxy S6 edge;Funda;Antigolpes;3,10;;;
SA-G928-PRO-NA;Samsung;Galaxy S6 edge+;Cristal templado;Estándar;1,30;;;
SA-G928-PRO-NA-FG;Samsung;Galaxy S6 edge+;Cristal templado;UV full glue;4,15;;;
SA-G928-PRO-PRI;Samsung;Galaxy S6 edge+;Cristal templado;Privacidad;4,00;;;
SA-G928-OTR-ADT;Samsung;Galaxy S6 edge+;Adhesivo de tapa;;2,80;;;
SA-G928-OTR-ADP;Samsung;Galaxy S6 edge+;Adhesivo de pantalla;;3,75;;;
SA-G928-FUN-SIL;Samsung;Galaxy S6 edge+;Funda;Silicona;2,50;;;
SA-G928-FUN-TPU;Samsung;Galaxy S6 edge+;Funda;Transparente;2,95;;;
SA-G928-FUN-LIB;Samsung;Galaxy S6 edge+;Funda;Libro;3,70;;;
SA-G928-FUN-ANT;Samsung;Galaxy S6 edge+;Funda;Antigolpes;3,10;;;
SA-A310-PRO-NA;Samsung;Galaxy A3 2016;Cristal templado;Estándar;1,30;;;
SA-A310-PRO-PRI;Samsung;Galaxy A3 2016;Cristal templado;Privacidad;4,00;;;
SA-A310-FUN-SIL;Samsung;Galaxy A3 2016;Funda;Silicona;2,50;;;
SA-A310-FUN-TPU;Samsung;Galaxy A3 2016;Funda;Transparente;2,95;;;
SA-A310-FUN-LIB;Samsung;Galaxy A3 2016;Funda;Libro;3,70;;;
SA-A310-FUN-ANT;Samsung;Galaxy A3 2016;Funda;Antigolpes;3,10;;;
SA-A510-PRO-NA;Samsung;Galaxy A5 2016;Cristal templado;Estándar;1,30;;;
SA-A510-PRO-PRI;Samsung;Galaxy A5 2016;Cristal templado;Privacidad;4,00;;;
SA-A510-FUN-SIL;Samsung;Galaxy A5 2016;Funda;Silicona;2,50;;;
SA-A510-FUN-TPU;Samsung;Galaxy A5 2016;Funda;Transparente;2,95;;;
SA-A510-FUN-LIB;Samsung;Galaxy A5 2016;Funda;Libro;3,70;;;
SA-A510-FUN-ANT;Samsung;Galaxy A5 2016;Funda;Antigolpes;3,10;;;
SA-J120-PRO-NA;Samsung;Galaxy J1 2016;Cristal templado;Estándar;1,30;;;
SA-J120-PRO-PRI;Samsung;Galaxy J1 2016;Cristal templado;Privacidad;4,00;;;
SA-J120-FUN-SIL;Samsung;Galaxy J1 2016;Funda;Silicona;2,50;;;
SA-J120-FUN-TPU;Samsung;Galaxy J1 2016;Funda;Transparente;2,95;;;
SA-J120-FUN-LIB;Samsung;Galaxy J1 2016;Funda;Libro;3,70;;;
SA-J120-FUN-ANT;Samsung;Galaxy J1 2016;Funda;Antigolpes;3,10;;;
SA-G930-PRO-NA;Samsung;Galaxy S7;Cristal templado;Estándar;1,30;;;
SA-G930-PRO-NA-FG;Samsung;Galaxy S7;Cristal templado;UV full glue;4,15;;;
SA-G930-PRO-PRI;Samsung;Galaxy S7;Cristal templado;Privacidad;4,00;;;
SA-G930-OTR-ADT;Samsung;Galaxy S7;Adhesivo de tapa;;2,80;;;
SA-G930-OTR-ADP;Samsung;Galaxy S7;Adhesivo de pantalla;;3,75;;;
SA-G930-FUN-SIL;Samsung;Galaxy S7;Funda;Silicona;2,50;;;
SA-G930-FUN-TPU;Samsung;Galaxy S7;Funda;Transparente;2,95;;;
SA-G930-FUN-LIB;Samsung;Galaxy S7;Funda;Libro;3,70;;;
SA-G930-FUN-ANT;Samsung;Galaxy S7;Funda;Antigolpes;3,10;;;
SA-G935-PRO-NA;Samsung;Galaxy S7 edge;Cristal templado;Estándar;1,30;;;
SA-G935-PRO-NA-FG;Samsung;Galaxy S7 edge;Cristal templado;UV full glue;4,15;;;
SA-G935-PRO-PRI;Samsung;Galaxy S7 edge;Cristal templado;Privacidad;4,00;;;
SA-G935-OTR-ADT;Samsung;Galaxy S7 edge;Adhesivo de tapa;;2,80;;;
SA-G935-OTR-ADP;Samsung;Galaxy S7 edge;Adhesivo de pantalla;;3,75;;;
SA-G935-FUN-SIL;Samsung;Galaxy S7 edge;Funda;Silicona;2,50;;;
SA-G935-FUN-TPU;Samsung;Galaxy S7 edge;Funda;Transparente;2,95;;;
SA-G935-FUN-LIB;Samsung;Galaxy S7 edge;Funda;Libro;3,70;;;
SA-G935-FUN-ANT;Samsung;Galaxy S7 edge;Funda;Antigolpes;3,10;;;
SA-J510-PRO-NA;Samsung;Galaxy J5 2016;Cristal templado;Estándar;1,30;;;
SA-J510-PRO-PRI;Samsung;Galaxy J5 2016;Cristal templado;Privacidad;4,00;;;
SA-J510-FUN-SIL;Samsung;Galaxy J5 2016;Funda;Silicona;2,50;;;
SA-J510-FUN-TPU;Samsung;Galaxy J5 2016;Funda;Transparente;2,95;;;
SA-J510-FUN-LIB;Samsung;Galaxy J5 2016;Funda;Libro;3,70;;;
SA-J510-FUN-ANT;Samsung;Galaxy J5 2016;Funda;Antigolpes;3,10;;;
SA-J710-PRO-NA;Samsung;Galaxy J7 2016;Cristal templado;Estándar;1,30;;;
SA-J710-PRO-PRI;Samsung;Galaxy J7 2016;Cristal templado;Privacidad;4,00;;;
SA-J710-FUN-SIL;Samsung;Galaxy J7 2016;Funda;Silicona;2,50;;;
SA-J710-FUN-TPU;Samsung;Galaxy J7 2016;Funda;Transparente;2,95;;;
SA-J710-FUN-LIB;Samsung;Galaxy J7 2016;Funda;Libro;3,70;;;
SA-J710-FUN-ANT;Samsung;Galaxy J7 2016;Funda;Antigolpes;3,10;;;
SA-J320-PRO-NA;Samsung;Galaxy J3 2016;Cristal templado;Estándar;1,30;;;
SA-J320-PRO-PRI;Samsung;Galaxy J3 2016;Cristal templado;Privacidad;4,00;;;
SA-J320-FUN-SIL;Samsung;Galaxy J3 2016;Funda;Silicona;2,50;;;
SA-J320-FUN-TPU;Samsung;Galaxy J3 2016;Funda;Transparente;2,95;;;
SA-J320-FUN-LIB;Samsung;Galaxy J3 2016;Funda;Libro;3,70;;;
SA-J320-FUN-ANT;Samsung;Galaxy J3 2016;Funda;Antigolpes;3,10;;;
SA-A320-PRO-NA;Samsung;Galaxy A3 2017;Cristal templado;Estándar;1,30;;;
SA-A320-PRO-PRI;Samsung;Galaxy A3 2017;Cristal templado;Privacidad;4,00;;;
SA-A320-FUN-SIL;Samsung;Galaxy A3 2017;Funda;Silicona;2,50;;;
SA-A320-FUN-TPU;Samsung;Galaxy A3 2017;Funda;Transparente;2,95;;;
SA-A320-FUN-LIB;Samsung;Galaxy A3 2017;Funda;Libro;3,70;;;
SA-A320-FUN-ANT;Samsung;Galaxy A3 2017;Funda;Antigolpes;3,10;;;
SA-A520-PRO-NA;Samsung;Galaxy A5 2017;Cristal templado;Estándar;1,30;;;
SA-A520-PRO-PRI;Samsung;Galaxy A5 2017;Cristal templado;Privacidad;4,00;;;
SA-A520-FUN-SIL;Samsung;Galaxy A5 2017;Funda;Silicona;2,50;;;
SA-A520-FUN-TPU;Samsung;Galaxy A5 2017;Funda;Transparente;2,95;;;
SA-A520-FUN-LIB;Samsung;Galaxy A5 2017;Funda;Libro;3,70;;;
SA-A520-FUN-ANT;Samsung;Galaxy A5 2017;Funda;Antigolpes;3,10;;;
SA-G950-PRO-NA;Samsung;Galaxy S8;Cristal templado;Estándar;1,30;;;
SA-G950-PRO-NA-FG;Samsung;Galaxy S8;Cristal templado;UV full glue;4,15;;;
SA-G950-PRO-PRI;Samsung;Galaxy S8;Cristal templado;Privacidad;4,00;;;
SA-G950-OTR-ADT;Samsung;Galaxy S8;Adhesivo de tapa;;2,80;;;
SA-G950-OTR-ADP;Samsung;Galaxy S8;Adhesivo de pantalla;;3,75;;;
SA-G950-FUN-SIL;Samsung;Galaxy S8;Funda;Silicona;2,50;;;
SA-G950-FUN-TPU;Samsung;Galaxy S8;Funda;Transparente;2,95;;;
SA-G950-FUN-LIB;Samsung;Galaxy S8;Funda;Libro;3,70;;;
SA-G950-FUN-ANT;Samsung;Galaxy S8;Funda;Antigolpes;3,10;;;
SA-G955-PRO-NA;Samsung;Galaxy S8+;Cristal templado;Estándar;1,30;;;
SA-G955-PRO-NA-FG;Samsung;Galaxy S8+;Cristal templado;UV full glue;4,15;;;
SA-G955-PRO-PRI;Samsung;Galaxy S8+;Cristal templado;Privacidad;4,00;;;
SA-G955-OTR-ADT;Samsung;Galaxy S8+;Adhesivo de tapa;;2,80;;;
SA-G955-OTR-ADP;Samsung;Galaxy S8+;Adhesivo de pantalla;;3,75;;;
SA-G955-FUN-SIL;Samsung;Galaxy S8+;Funda;Silicona;2,50;;;
SA-G955-FUN-TPU;Samsung;Galaxy S8+;Funda;Transparente;2,95;;;
SA-G955-FUN-LIB;Samsung;Galaxy S8+;Funda;Libro;3,70;;;
SA-G955-FUN-ANT;Samsung;Galaxy S8+;Funda;Antigolpes;3,10;;;
SA-G390-PRO-NA;Samsung;Galaxy XCover 4;Cristal templado;Estándar;1,30;;;
SA-J530-PRO-NA;Samsung;Galaxy J5 2017;Cristal templado;Estándar;1,30;;;
SA-J530-PRO-PRI;Samsung;Galaxy J5 2017;Cristal templado;Privacidad;4,00;;;
SA-J530-FUN-SIL;Samsung;Galaxy J5 2017;Funda;Silicona;2,50;;;
SA-J530-FUN-TPU;Samsung;Galaxy J5 2017;Funda;Transparente;2,95;;;
SA-J530-FUN-LIB;Samsung;Galaxy J5 2017;Funda;Libro;3,70;;;
SA-J530-FUN-ANT;Samsung;Galaxy J5 2017;Funda;Antigolpes;3,10;;;
SA-J730-PRO-NA;Samsung;Galaxy J7 2017;Cristal templado;Estándar;1,30;;;
SA-J730-PRO-PRI;Samsung;Galaxy J7 2017;Cristal templado;Privacidad;4,00;;;
SA-J730-FUN-SIL;Samsung;Galaxy J7 2017;Funda;Silicona;2,50;;;
SA-J730-FUN-TPU;Samsung;Galaxy J7 2017;Funda;Transparente;2,95;;;
SA-J730-FUN-LIB;Samsung;Galaxy J7 2017;Funda;Libro;3,70;;;
SA-J730-FUN-ANT;Samsung;Galaxy J7 2017;Funda;Antigolpes;3,10;;;
SA-J330-PRO-NA;Samsung;Galaxy J3 2017;Cristal templado;Estándar;1,30;;;
SA-J330-PRO-PRI;Samsung;Galaxy J3 2017;Cristal templado;Privacidad;4,00;;;
SA-J330-FUN-SIL;Samsung;Galaxy J3 2017;Funda;Silicona;2,50;;;
SA-J330-FUN-TPU;Samsung;Galaxy J3 2017;Funda;Transparente;2,95;;;
SA-J330-FUN-LIB;Samsung;Galaxy J3 2017;Funda;Libro;3,70;;;
SA-J330-FUN-ANT;Samsung;Galaxy J3 2017;Funda;Antigolpes;3,10;;;
SA-N950-PRO-NA;Samsung;Galaxy Note8;Cristal templado;Estándar;1,30;;;
SA-N950-PRO-NA-FG;Samsung;Galaxy Note8;Cristal templado;UV full glue;4,15;;;
SA-N950-PRO-PRI;Samsung;Galaxy Note8;Cristal templado;Privacidad;4,00;;;
SA-N950-OTR-ADT;Samsung;Galaxy Note8;Adhesivo de tapa;;2,80;;;
SA-N950-OTR-ADP;Samsung;Galaxy Note8;Adhesivo de pantalla;;3,75;;;
SA-N950-FUN-SIL;Samsung;Galaxy Note8;Funda;Silicona;2,50;;;
SA-N950-FUN-TPU;Samsung;Galaxy Note8;Funda;Transparente;2,95;;;
SA-N950-FUN-LIB;Samsung;Galaxy Note8;Funda;Libro;3,70;;;
SA-N950-FUN-ANT;Samsung;Galaxy Note8;Funda;Antigolpes;3,10;;;
SA-A530-PRO-NA;Samsung;Galaxy A8 2018;Cristal templado;Estándar;1,30;;;
SA-A530-PRO-PRI;Samsung;Galaxy A8 2018;Cristal templado;Privacidad;4,00;;;
SA-A530-FUN-SIL;Samsung;Galaxy A8 2018;Funda;Silicona;2,50;;;
SA-A530-FUN-TPU;Samsung;Galaxy A8 2018;Funda;Transparente;2,95;;;
SA-A530-FUN-LIB;Samsung;Galaxy A8 2018;Funda;Libro;3,70;;;
SA-A530-FUN-ANT;Samsung;Galaxy A8 2018;Funda;Antigolpes;3,10;;;
SA-A600-PRO-NA;Samsung;Galaxy A6;Cristal templado;Estándar;1,30;;;
SA-A600-PRO-PRI;Samsung;Galaxy A6;Cristal templado;Privacidad;4,00;;;
SA-A600-FUN-SIL;Samsung;Galaxy A6;Funda;Silicona;2,50;;;
SA-A600-FUN-TPU;Samsung;Galaxy A6;Funda;Transparente;2,95;;;
SA-A600-FUN-LIB;Samsung;Galaxy A6;Funda;Libro;3,70;;;
SA-A600-FUN-ANT;Samsung;Galaxy A6;Funda;Antigolpes;3,10;;;
SA-A605-PRO-NA;Samsung;Galaxy A6+;Cristal templado;Estándar;1,30;;;
SA-A605-PRO-PRI;Samsung;Galaxy A6+;Cristal templado;Privacidad;4,00;;;
SA-A605-FUN-SIL;Samsung;Galaxy A6+;Funda;Silicona;2,50;;;
SA-A605-FUN-TPU;Samsung;Galaxy A6+;Funda;Transparente;2,95;;;
SA-A605-FUN-LIB;Samsung;Galaxy A6+;Funda;Libro;3,70;;;
SA-A605-FUN-ANT;Samsung;Galaxy A6+;Funda;Antigolpes;3,10;;;
SA-J600-PRO-NA;Samsung;Galaxy J6;Cristal templado;Estándar;1,30;;;
SA-J600-PRO-PRI;Samsung;Galaxy J6;Cristal templado;Privacidad;4,00;;;
SA-J600-FUN-SIL;Samsung;Galaxy J6;Funda;Silicona;2,50;;;
SA-J600-FUN-TPU;Samsung;Galaxy J6;Funda;Transparente;2,95;;;
SA-J600-FUN-LIB;Samsung;Galaxy J6;Funda;Libro;3,70;;;
SA-J600-FUN-ANT;Samsung;Galaxy J6;Funda;Antigolpes;3,10;;;
SA-A750-PRO-NA;Samsung;Galaxy A7 2018;Cristal templado;Estándar;1,30;;;
SA-A750-PRO-PRI;Samsung;Galaxy A7 2018;Cristal templado;Privacidad;4,00;;;
SA-A750-FUN-SIL;Samsung;Galaxy A7 2018;Funda;Silicona;2,50;;;
SA-A750-FUN-TPU;Samsung;Galaxy A7 2018;Funda;Transparente;2,95;;;
SA-A750-FUN-LIB;Samsung;Galaxy A7 2018;Funda;Libro;3,70;;;
SA-A750-FUN-ANT;Samsung;Galaxy A7 2018;Funda;Antigolpes;3,10;;;
SA-J415-PRO-NA;Samsung;Galaxy J4+;Cristal templado;Estándar;1,30;;;
SA-J415-PRO-PRI;Samsung;Galaxy J4+;Cristal templado;Privacidad;4,00;;;
SA-J415-FUN-SIL;Samsung;Galaxy J4+;Funda;Silicona;2,50;;;
SA-J415-FUN-TPU;Samsung;Galaxy J4+;Funda;Transparente;2,95;;;
SA-J415-FUN-LIB;Samsung;Galaxy J4+;Funda;Libro;3,70;;;
SA-J415-FUN-ANT;Samsung;Galaxy J4+;Funda;Antigolpes;3,10;;;
SA-J610-PRO-NA;Samsung;Galaxy J6+;Cristal templado;Estándar;1,30;;;
SA-J610-PRO-PRI;Samsung;Galaxy J6+;Cristal templado;Privacidad;4,00;;;
SA-J610-FUN-SIL;Samsung;Galaxy J6+;Funda;Silicona;2,50;;;
SA-J610-FUN-TPU;Samsung;Galaxy J6+;Funda;Transparente;2,95;;;
SA-J610-FUN-LIB;Samsung;Galaxy J6+;Funda;Libro;3,70;;;
SA-J610-FUN-ANT;Samsung;Galaxy J6+;Funda;Antigolpes;3,10;;;
SA-A920-PRO-NA;Samsung;Galaxy A9 2018;Cristal templado;Estándar;1,30;;;
SA-A920-PRO-PRI;Samsung;Galaxy A9 2018;Cristal templado;Privacidad;4,00;;;
SA-A920-FUN-SIL;Samsung;Galaxy A9 2018;Funda;Silicona;2,50;;;
SA-A920-FUN-TPU;Samsung;Galaxy A9 2018;Funda;Transparente;2,95;;;
SA-A920-FUN-LIB;Samsung;Galaxy A9 2018;Funda;Libro;3,70;;;
SA-A920-FUN-ANT;Samsung;Galaxy A9 2018;Funda;Antigolpes;3,10;;;
SA-G889-PRO-NA;Samsung;Galaxy XCover FieldPro;Cristal templado;Estándar;1,30;;;
SA-A185-PRO-NA;Samsung;Galaxy A18;Cristal templado;Estándar;1,30;;;
SA-A185-PRO-PRI;Samsung;Galaxy A18;Cristal templado;Privacidad;4,00;;;
SA-A185-FUN-SIL;Samsung;Galaxy A18;Funda;Silicona;2,50;;;
SA-A185-FUN-TPU;Samsung;Galaxy A18;Funda;Transparente;2,95;;;
SA-A185-FUN-LIB;Samsung;Galaxy A18;Funda;Libro;3,70;;;
SA-A185-FUN-ANT;Samsung;Galaxy A18;Funda;Antigolpes;3,10;;;
SA-A185-PCA-NA;Samsung;Galaxy A18;Protector de cámara;Cristal;2,90;;;
SA-G960-MAR-COM;Samsung;Galaxy S9;Marco / chasis;Compatible;8,40;;;6
SA-G960-BOT-COM;Samsung;Galaxy S9;Botones laterales;Compatible;3,60;;;6
SA-G960-CRI-COM;Samsung;Galaxy S9;Cristal de pantalla;Compatible;4,90;;;6
SA-G960-FPR-COM;Samsung;Galaxy S9;Flex principal;Compatible;3,70;;;6
SA-G960-VIB-COM;Samsung;Galaxy S9;Vibrador;Compatible;1,85;;;6
SA-G960-ANT-COM;Samsung;Galaxy S9;Antena / coaxial;Compatible;6,75;;;6
SA-G960-HUE-COM;Samsung;Galaxy S9;Botón home / huella;Compatible;10,80;10,48;10,15;6
SA-G960-NFC-COM;Samsung;Galaxy S9;NFC y carga inalámbrica;Compatible;8,35;;;6
SA-G965-MAR-COM;Samsung;Galaxy S9+;Marco / chasis;Compatible;8,40;;;6
SA-G965-BOT-COM;Samsung;Galaxy S9+;Botones laterales;Compatible;3,60;;;6
SA-G965-CRI-COM;Samsung;Galaxy S9+;Cristal de pantalla;Compatible;4,90;;;6
SA-G965-FPR-COM;Samsung;Galaxy S9+;Flex principal;Compatible;3,70;;;6
SA-G965-VIB-COM;Samsung;Galaxy S9+;Vibrador;Compatible;1,85;;;6
SA-G965-ANT-COM;Samsung;Galaxy S9+;Antena / coaxial;Compatible;6,75;;;6
SA-G965-HUE-COM;Samsung;Galaxy S9+;Botón home / huella;Compatible;10,80;10,48;10,15;6
SA-G965-NFC-COM;Samsung;Galaxy S9+;NFC y carga inalámbrica;Compatible;8,35;;;6
SA-N960-MAR-COM;Samsung;Galaxy Note9;Marco / chasis;Compatible;8,40;;;6
SA-N960-BOT-COM;Samsung;Galaxy Note9;Botones laterales;Compatible;3,60;;;6
SA-N960-CRI-COM;Samsung;Galaxy Note9;Cristal de pantalla;Compatible;4,90;;;6
SA-N960-FPR-COM;Samsung;Galaxy Note9;Flex principal;Compatible;3,70;;;6
SA-N960-VIB-COM;Samsung;Galaxy Note9;Vibrador;Compatible;1,85;;;6
SA-N960-ANT-COM;Samsung;Galaxy Note9;Antena / coaxial;Compatible;6,75;;;6
SA-N960-HUE-COM;Samsung;Galaxy Note9;Botón home / huella;Compatible;10,80;10,48;10,15;6
SA-N960-NFC-COM;Samsung;Galaxy Note9;NFC y carga inalámbrica;Compatible;8,35;;;6
SA-N960-SPN-COM;Samsung;Galaxy Note9;S Pen;Compatible;9,29;;;6
SA-G970-MAR-COM;Samsung;Galaxy S10e;Marco / chasis;Compatible;7,05;;;6
SA-G970-BOT-COM;Samsung;Galaxy S10e;Botones laterales;Compatible;3,00;;;6
SA-G970-CRI-COM;Samsung;Galaxy S10e;Cristal de pantalla;Compatible;4,10;;;6
SA-G970-FPR-COM;Samsung;Galaxy S10e;Flex principal;Compatible;3,10;;;6
SA-G970-VIB-COM;Samsung;Galaxy S10e;Vibrador;Compatible;1,55;;;6
SA-G970-ANT-COM;Samsung;Galaxy S10e;Antena / coaxial;Compatible;5,65;;;6
SA-G970-HUE-COM;Samsung;Galaxy S10e;Botón home / huella;Compatible;9,05;;;6
SA-G970-NFC-COM;Samsung;Galaxy S10e;NFC y carga inalámbrica;Compatible;6,99;;;6
SA-G973-MAR-COM;Samsung;Galaxy S10;Marco / chasis;Compatible;8,40;;;6
SA-G973-BOT-COM;Samsung;Galaxy S10;Botones laterales;Compatible;3,60;;;6
SA-G973-CRI-COM;Samsung;Galaxy S10;Cristal de pantalla;Compatible;4,90;;;6
SA-G973-FPR-COM;Samsung;Galaxy S10;Flex principal;Compatible;3,70;;;6
SA-G973-VIB-COM;Samsung;Galaxy S10;Vibrador;Compatible;1,85;;;6
SA-G973-ANT-COM;Samsung;Galaxy S10;Antena / coaxial;Compatible;6,75;;;6
SA-G973-HUE-COM;Samsung;Galaxy S10;Botón home / huella;Compatible;10,80;10,48;10,15;6
SA-G973-NFC-COM;Samsung;Galaxy S10;NFC y carga inalámbrica;Compatible;8,35;;;6
SA-G975-MAR-COM;Samsung;Galaxy S10+;Marco / chasis;Compatible;8,40;;;6
SA-G975-BOT-COM;Samsung;Galaxy S10+;Botones laterales;Compatible;3,60;;;6
SA-G975-CRI-COM;Samsung;Galaxy S10+;Cristal de pantalla;Compatible;4,90;;;6
SA-G975-FPR-COM;Samsung;Galaxy S10+;Flex principal;Compatible;3,70;;;6
SA-G975-VIB-COM;Samsung;Galaxy S10+;Vibrador;Compatible;1,85;;;6
SA-G975-ANT-COM;Samsung;Galaxy S10+;Antena / coaxial;Compatible;6,75;;;6
SA-G975-HUE-COM;Samsung;Galaxy S10+;Botón home / huella;Compatible;10,80;10,48;10,15;6
SA-G975-NFC-COM;Samsung;Galaxy S10+;NFC y carga inalámbrica;Compatible;8,35;;;6
SA-G977-MAR-COM;Samsung;Galaxy S10 5G;Marco / chasis;Compatible;8,40;;;6
SA-G977-BOT-COM;Samsung;Galaxy S10 5G;Botones laterales;Compatible;3,60;;;6
SA-G977-CRI-COM;Samsung;Galaxy S10 5G;Cristal de pantalla;Compatible;4,90;;;6
SA-G977-FPR-COM;Samsung;Galaxy S10 5G;Flex principal;Compatible;3,70;;;6
SA-G977-VIB-COM;Samsung;Galaxy S10 5G;Vibrador;Compatible;1,85;;;6
SA-G977-ANT-COM;Samsung;Galaxy S10 5G;Antena / coaxial;Compatible;6,75;;;6
SA-G977-HUE-COM;Samsung;Galaxy S10 5G;Botón home / huella;Compatible;10,80;10,48;10,15;6
SA-G977-NFC-COM;Samsung;Galaxy S10 5G;NFC y carga inalámbrica;Compatible;8,35;;;6
SA-N970-MAR-COM;Samsung;Galaxy Note10;Marco / chasis;Compatible;8,40;;;6
SA-N970-BOT-COM;Samsung;Galaxy Note10;Botones laterales;Compatible;3,60;;;6
SA-N970-CRI-COM;Samsung;Galaxy Note10;Cristal de pantalla;Compatible;4,90;;;6
SA-N970-FPR-COM;Samsung;Galaxy Note10;Flex principal;Compatible;3,70;;;6
SA-N970-VIB-COM;Samsung;Galaxy Note10;Vibrador;Compatible;1,85;;;6
SA-N970-ANT-COM;Samsung;Galaxy Note10;Antena / coaxial;Compatible;6,75;;;6
SA-N970-HUE-COM;Samsung;Galaxy Note10;Botón home / huella;Compatible;10,80;10,48;10,15;6
SA-N970-NFC-COM;Samsung;Galaxy Note10;NFC y carga inalámbrica;Compatible;8,35;;;6
SA-N970-SPN-COM;Samsung;Galaxy Note10;S Pen;Compatible;9,29;;;6
SA-N975-MAR-COM;Samsung;Galaxy Note10+;Marco / chasis;Compatible;8,40;;;6
SA-N975-BOT-COM;Samsung;Galaxy Note10+;Botones laterales;Compatible;3,60;;;6
SA-N975-CRI-COM;Samsung;Galaxy Note10+;Cristal de pantalla;Compatible;4,90;;;6
SA-N975-FPR-COM;Samsung;Galaxy Note10+;Flex principal;Compatible;3,70;;;6
SA-N975-VIB-COM;Samsung;Galaxy Note10+;Vibrador;Compatible;1,85;;;6
SA-N975-ANT-COM;Samsung;Galaxy Note10+;Antena / coaxial;Compatible;6,75;;;6
SA-N975-HUE-COM;Samsung;Galaxy Note10+;Botón home / huella;Compatible;10,80;10,48;10,15;6
SA-N975-NFC-COM;Samsung;Galaxy Note10+;NFC y carga inalámbrica;Compatible;8,35;;;6
SA-N975-SPN-COM;Samsung;Galaxy Note10+;S Pen;Compatible;9,29;;;6
SA-F900-FPR-COM;Samsung;Galaxy Fold;Flex principal;Compatible;6,69;;;6
SA-F900-VIB-COM;Samsung;Galaxy Fold;Vibrador;Compatible;3,30;;;6
SA-F900-ANT-COM;Samsung;Galaxy Fold;Antena / coaxial;Compatible;12,15;11,79;11,42;6
SA-F900-HUE-COM;Samsung;Galaxy Fold;Botón home / huella;Compatible;19,45;18,87;18,28;6
SA-N770-MAR-COM;Samsung;Galaxy Note10 Lite;Marco / chasis;Compatible;7,85;;;6
SA-N770-BOT-COM;Samsung;Galaxy Note10 Lite;Botones laterales;Compatible;3,35;;;6
SA-N770-CRI-COM;Samsung;Galaxy Note10 Lite;Cristal de pantalla;Compatible;4,59;;;6
SA-N770-FPR-COM;Samsung;Galaxy Note10 Lite;Flex principal;Compatible;3,45;;;6
SA-N770-VIB-COM;Samsung;Galaxy Note10 Lite;Vibrador;Compatible;1,70;;;6
SA-N770-ANT-COM;Samsung;Galaxy Note10 Lite;Antena / coaxial;Compatible;6,30;;;6
SA-N770-HUE-COM;Samsung;Galaxy Note10 Lite;Botón home / huella;Compatible;10,09;9,79;9,48;6
SA-N770-NFC-COM;Samsung;Galaxy Note10 Lite;NFC y carga inalámbrica;Compatible;7,75;;;6
SA-N770-SPN-COM;Samsung;Galaxy Note10 Lite;S Pen;Compatible;8,65;;;6
SA-G770-MAR-COM;Samsung;Galaxy S10 Lite;Marco / chasis;Compatible;7,85;;;6
SA-G770-BOT-COM;Samsung;Galaxy S10 Lite;Botones laterales;Compatible;3,35;;;6
SA-G770-CRI-COM;Samsung;Galaxy S10 Lite;Cristal de pantalla;Compatible;4,59;;;6
SA-G770-FPR-COM;Samsung;Galaxy S10 Lite;Flex principal;Compatible;3,45;;;6
SA-G770-VIB-COM;Samsung;Galaxy S10 Lite;Vibrador;Compatible;1,70;;;6
SA-G770-ANT-COM;Samsung;Galaxy S10 Lite;Antena / coaxial;Compatible;6,30;;;6
SA-G770-HUE-COM;Samsung;Galaxy S10 Lite;Botón home / huella;Compatible;10,09;9,79;9,48;6
SA-G770-NFC-COM;Samsung;Galaxy S10 Lite;NFC y carga inalámbrica;Compatible;7,75;;;6
SA-F700-FPR-COM;Samsung;Galaxy Z Flip;Flex principal;Compatible;5,79;;;6
SA-F700-VIB-COM;Samsung;Galaxy Z Flip;Vibrador;Compatible;2,85;;;6
SA-F700-ANT-COM;Samsung;Galaxy Z Flip;Antena / coaxial;Compatible;10,50;10,19;9,87;6
SA-F700-HUE-COM;Samsung;Galaxy Z Flip;Botón home / huella;Compatible;16,80;16,30;15,79;6
SA-F700-NFC-COM;Samsung;Galaxy Z Flip;NFC y carga inalámbrica;Compatible;12,95;12,56;12,17;6
SA-G980-MAR-COM;Samsung;Galaxy S20;Marco / chasis;Compatible;9,35;;;6
SA-G980-BOT-COM;Samsung;Galaxy S20;Botones laterales;Compatible;4,00;;;6
SA-G980-CRI-COM;Samsung;Galaxy S20;Cristal de pantalla;Compatible;5,45;;;6
SA-G980-FPR-COM;Samsung;Galaxy S20;Flex principal;Compatible;4,15;;;6
SA-G980-VIB-COM;Samsung;Galaxy S20;Vibrador;Compatible;2,05;;;6
SA-G980-ANT-COM;Samsung;Galaxy S20;Antena / coaxial;Compatible;7,50;;;6
SA-G980-HUE-COM;Samsung;Galaxy S20;Botón home / huella;Compatible;12,00;11,64;11,28;6
SA-G980-NFC-COM;Samsung;Galaxy S20;NFC y carga inalámbrica;Compatible;9,25;;;6
SA-G985-MAR-COM;Samsung;Galaxy S20+;Marco / chasis;Compatible;9,35;;;6
SA-G985-BOT-COM;Samsung;Galaxy S20+;Botones laterales;Compatible;4,00;;;6
SA-G985-CRI-COM;Samsung;Galaxy S20+;Cristal de pantalla;Compatible;5,45;;;6
SA-G985-FPR-COM;Samsung;Galaxy S20+;Flex principal;Compatible;4,15;;;6
SA-G985-VIB-COM;Samsung;Galaxy S20+;Vibrador;Compatible;2,05;;;6
SA-G985-ANT-COM;Samsung;Galaxy S20+;Antena / coaxial;Compatible;7,50;;;6
SA-G985-HUE-COM;Samsung;Galaxy S20+;Botón home / huella;Compatible;12,00;11,64;11,28;6
SA-G985-NFC-COM;Samsung;Galaxy S20+;NFC y carga inalámbrica;Compatible;9,25;;;6
SA-G988-MAR-COM;Samsung;Galaxy S20 Ultra;Marco / chasis;Compatible;9,35;;;6
SA-G988-BOT-COM;Samsung;Galaxy S20 Ultra;Botones laterales;Compatible;4,00;;;6
SA-G988-CRI-COM;Samsung;Galaxy S20 Ultra;Cristal de pantalla;Compatible;5,45;;;6
SA-G988-FPR-COM;Samsung;Galaxy S20 Ultra;Flex principal;Compatible;4,15;;;6
SA-G988-VIB-COM;Samsung;Galaxy S20 Ultra;Vibrador;Compatible;2,05;;;6
SA-G988-ANT-COM;Samsung;Galaxy S20 Ultra;Antena / coaxial;Compatible;7,50;;;6
SA-G988-HUE-COM;Samsung;Galaxy S20 Ultra;Botón home / huella;Compatible;12,00;11,64;11,28;6
SA-G988-NFC-COM;Samsung;Galaxy S20 Ultra;NFC y carga inalámbrica;Compatible;9,25;;;6
SA-N980-MAR-COM;Samsung;Galaxy Note20;Marco / chasis;Compatible;9,35;;;6
SA-N980-BOT-COM;Samsung;Galaxy Note20;Botones laterales;Compatible;4,00;;;6
SA-N980-CRI-COM;Samsung;Galaxy Note20;Cristal de pantalla;Compatible;5,45;;;6
SA-N980-FPR-COM;Samsung;Galaxy Note20;Flex principal;Compatible;4,15;;;6
SA-N980-VIB-COM;Samsung;Galaxy Note20;Vibrador;Compatible;2,05;;;6
SA-N980-ANT-COM;Samsung;Galaxy Note20;Antena / coaxial;Compatible;7,50;;;6
SA-N980-HUE-COM;Samsung;Galaxy Note20;Botón home / huella;Compatible;12,00;11,64;11,28;6
SA-N980-NFC-COM;Samsung;Galaxy Note20;NFC y carga inalámbrica;Compatible;9,25;;;6
SA-N980-SPN-COM;Samsung;Galaxy Note20;S Pen;Compatible;10,35;10,04;9,73;6
SA-N986-MAR-COM;Samsung;Galaxy Note20 Ultra 5G;Marco / chasis;Compatible;9,35;;;6
SA-N986-BOT-COM;Samsung;Galaxy Note20 Ultra 5G;Botones laterales;Compatible;4,00;;;6
SA-N986-CRI-COM;Samsung;Galaxy Note20 Ultra 5G;Cristal de pantalla;Compatible;5,45;;;6
SA-N986-FPR-COM;Samsung;Galaxy Note20 Ultra 5G;Flex principal;Compatible;4,15;;;6
SA-N986-VIB-COM;Samsung;Galaxy Note20 Ultra 5G;Vibrador;Compatible;2,05;;;6
SA-N986-ANT-COM;Samsung;Galaxy Note20 Ultra 5G;Antena / coaxial;Compatible;7,50;;;6
SA-N986-HUE-COM;Samsung;Galaxy Note20 Ultra 5G;Botón home / huella;Compatible;12,00;11,64;11,28;6
SA-N986-NFC-COM;Samsung;Galaxy Note20 Ultra 5G;NFC y carga inalámbrica;Compatible;9,25;;;6
SA-N986-SPN-COM;Samsung;Galaxy Note20 Ultra 5G;S Pen;Compatible;10,35;10,04;9,73;6
SA-F707-FPR-COM;Samsung;Galaxy Z Flip 5G;Flex principal;Compatible;5,79;;;6
SA-F707-VIB-COM;Samsung;Galaxy Z Flip 5G;Vibrador;Compatible;2,85;;;6
SA-F707-ANT-COM;Samsung;Galaxy Z Flip 5G;Antena / coaxial;Compatible;10,50;10,19;9,87;6
SA-F707-HUE-COM;Samsung;Galaxy Z Flip 5G;Botón home / huella;Compatible;16,80;16,30;15,79;6
SA-F707-NFC-COM;Samsung;Galaxy Z Flip 5G;NFC y carga inalámbrica;Compatible;12,95;12,56;12,17;6
SA-F916-FPR-COM;Samsung;Galaxy Z Fold2 5G;Flex principal;Compatible;7,45;;;6
SA-F916-VIB-COM;Samsung;Galaxy Z Fold2 5G;Vibrador;Compatible;3,69;;;6
SA-F916-ANT-COM;Samsung;Galaxy Z Fold2 5G;Antena / coaxial;Compatible;13,50;13,10;12,69;6
SA-F916-HUE-COM;Samsung;Galaxy Z Fold2 5G;Botón home / huella;Compatible;21,60;20,95;20,30;6
SA-F916-NFC-COM;Samsung;Galaxy Z Fold2 5G;NFC y carga inalámbrica;Compatible;16,65;16,15;15,65;6
SA-G780-MAR-COM;Samsung;Galaxy S20 FE;Marco / chasis;Compatible;7,85;;;6
SA-G780-BOT-COM;Samsung;Galaxy S20 FE;Botones laterales;Compatible;3,35;;;6
SA-G780-CRI-COM;Samsung;Galaxy S20 FE;Cristal de pantalla;Compatible;4,59;;;6
SA-G780-FPR-COM;Samsung;Galaxy S20 FE;Flex principal;Compatible;3,45;;;6
SA-G780-VIB-COM;Samsung;Galaxy S20 FE;Vibrador;Compatible;1,70;;;6
SA-G780-ANT-COM;Samsung;Galaxy S20 FE;Antena / coaxial;Compatible;6,30;;;6
SA-G780-HUE-COM;Samsung;Galaxy S20 FE;Botón home / huella;Compatible;10,09;9,79;9,48;6
SA-G780-NFC-COM;Samsung;Galaxy S20 FE;NFC y carga inalámbrica;Compatible;7,75;;;6
SA-G991-MAR-COM;Samsung;Galaxy S21 5G;Marco / chasis;Compatible;9,35;;;6
SA-G991-BOT-COM;Samsung;Galaxy S21 5G;Botones laterales;Compatible;4,00;;;6
SA-G991-CRI-COM;Samsung;Galaxy S21 5G;Cristal de pantalla;Compatible;5,45;;;6
SA-G991-FPR-COM;Samsung;Galaxy S21 5G;Flex principal;Compatible;4,15;;;6
SA-G991-VIB-COM;Samsung;Galaxy S21 5G;Vibrador;Compatible;2,05;;;6
SA-G991-ANT-COM;Samsung;Galaxy S21 5G;Antena / coaxial;Compatible;7,50;;;6
SA-G991-HUE-COM;Samsung;Galaxy S21 5G;Botón home / huella;Compatible;12,00;11,64;11,28;6
SA-G991-NFC-COM;Samsung;Galaxy S21 5G;NFC y carga inalámbrica;Compatible;9,25;;;6
SA-G996-MAR-COM;Samsung;Galaxy S21+ 5G;Marco / chasis;Compatible;9,35;;;6
SA-G996-BOT-COM;Samsung;Galaxy S21+ 5G;Botones laterales;Compatible;4,00;;;6
SA-G996-CRI-COM;Samsung;Galaxy S21+ 5G;Cristal de pantalla;Compatible;5,45;;;6
SA-G996-FPR-COM;Samsung;Galaxy S21+ 5G;Flex principal;Compatible;4,15;;;6
SA-G996-VIB-COM;Samsung;Galaxy S21+ 5G;Vibrador;Compatible;2,05;;;6
SA-G996-ANT-COM;Samsung;Galaxy S21+ 5G;Antena / coaxial;Compatible;7,50;;;6
SA-G996-HUE-COM;Samsung;Galaxy S21+ 5G;Botón home / huella;Compatible;12,00;11,64;11,28;6
SA-G996-NFC-COM;Samsung;Galaxy S21+ 5G;NFC y carga inalámbrica;Compatible;9,25;;;6
SA-G998-MAR-COM;Samsung;Galaxy S21 Ultra 5G;Marco / chasis;Compatible;9,35;;;6
SA-G998-BOT-COM;Samsung;Galaxy S21 Ultra 5G;Botones laterales;Compatible;4,00;;;6
SA-G998-CRI-COM;Samsung;Galaxy S21 Ultra 5G;Cristal de pantalla;Compatible;5,45;;;6
SA-G998-FPR-COM;Samsung;Galaxy S21 Ultra 5G;Flex principal;Compatible;4,15;;;6
SA-G998-VIB-COM;Samsung;Galaxy S21 Ultra 5G;Vibrador;Compatible;2,05;;;6
SA-G998-ANT-COM;Samsung;Galaxy S21 Ultra 5G;Antena / coaxial;Compatible;7,50;;;6
SA-G998-HUE-COM;Samsung;Galaxy S21 Ultra 5G;Botón home / huella;Compatible;12,00;11,64;11,28;6
SA-G998-NFC-COM;Samsung;Galaxy S21 Ultra 5G;NFC y carga inalámbrica;Compatible;9,25;;;6
SA-F711-FPR-COM;Samsung;Galaxy Z Flip3 5G;Flex principal;Compatible;5,79;;;6
SA-F711-VIB-COM;Samsung;Galaxy Z Flip3 5G;Vibrador;Compatible;2,85;;;6
SA-F711-ANT-COM;Samsung;Galaxy Z Flip3 5G;Antena / coaxial;Compatible;10,50;10,19;9,87;6
SA-F711-HUE-COM;Samsung;Galaxy Z Flip3 5G;Botón home / huella;Compatible;16,80;16,30;15,79;6
SA-F711-NFC-COM;Samsung;Galaxy Z Flip3 5G;NFC y carga inalámbrica;Compatible;12,95;12,56;12,17;6
SA-F926-FPR-COM;Samsung;Galaxy Z Fold3 5G;Flex principal;Compatible;7,45;;;6
SA-F926-VIB-COM;Samsung;Galaxy Z Fold3 5G;Vibrador;Compatible;3,69;;;6
SA-F926-ANT-COM;Samsung;Galaxy Z Fold3 5G;Antena / coaxial;Compatible;13,50;13,10;12,69;6
SA-F926-HUE-COM;Samsung;Galaxy Z Fold3 5G;Botón home / huella;Compatible;21,60;20,95;20,30;6
SA-F926-NFC-COM;Samsung;Galaxy Z Fold3 5G;NFC y carga inalámbrica;Compatible;16,65;16,15;15,65;6
SA-G990-MAR-COM;Samsung;Galaxy S21 FE 5G;Marco / chasis;Compatible;7,85;;;6
SA-G990-BOT-COM;Samsung;Galaxy S21 FE 5G;Botones laterales;Compatible;3,35;;;6
SA-G990-CRI-COM;Samsung;Galaxy S21 FE 5G;Cristal de pantalla;Compatible;4,59;;;6
SA-G990-FPR-COM;Samsung;Galaxy S21 FE 5G;Flex principal;Compatible;3,45;;;6
SA-G990-VIB-COM;Samsung;Galaxy S21 FE 5G;Vibrador;Compatible;1,70;;;6
SA-G990-ANT-COM;Samsung;Galaxy S21 FE 5G;Antena / coaxial;Compatible;6,30;;;6
SA-G990-HUE-COM;Samsung;Galaxy S21 FE 5G;Botón home / huella;Compatible;10,09;9,79;9,48;6
SA-G990-NFC-COM;Samsung;Galaxy S21 FE 5G;NFC y carga inalámbrica;Compatible;7,75;;;6
SA-S901-MAR-COM;Samsung;Galaxy S22;Marco / chasis;Compatible;9,35;;;6
SA-S901-BOT-COM;Samsung;Galaxy S22;Botones laterales;Compatible;4,00;;;6
SA-S901-CRI-COM;Samsung;Galaxy S22;Cristal de pantalla;Compatible;5,45;;;6
SA-S901-FPR-COM;Samsung;Galaxy S22;Flex principal;Compatible;4,15;;;6
SA-S901-VIB-COM;Samsung;Galaxy S22;Vibrador;Compatible;2,05;;;6
SA-S901-ANT-COM;Samsung;Galaxy S22;Antena / coaxial;Compatible;7,50;;;6
SA-S901-HUE-COM;Samsung;Galaxy S22;Botón home / huella;Compatible;12,00;11,64;11,28;6
SA-S901-NFC-COM;Samsung;Galaxy S22;NFC y carga inalámbrica;Compatible;9,25;;;6
SA-S906-MAR-COM;Samsung;Galaxy S22+;Marco / chasis;Compatible;9,35;;;6
SA-S906-BOT-COM;Samsung;Galaxy S22+;Botones laterales;Compatible;4,00;;;6
SA-S906-CRI-COM;Samsung;Galaxy S22+;Cristal de pantalla;Compatible;5,45;;;6
SA-S906-FPR-COM;Samsung;Galaxy S22+;Flex principal;Compatible;4,15;;;6
SA-S906-VIB-COM;Samsung;Galaxy S22+;Vibrador;Compatible;2,05;;;6
SA-S906-ANT-COM;Samsung;Galaxy S22+;Antena / coaxial;Compatible;7,50;;;6
SA-S906-HUE-COM;Samsung;Galaxy S22+;Botón home / huella;Compatible;12,00;11,64;11,28;6
SA-S906-NFC-COM;Samsung;Galaxy S22+;NFC y carga inalámbrica;Compatible;9,25;;;6
SA-S908-MAR-COM;Samsung;Galaxy S22 Ultra;Marco / chasis;Compatible;9,35;;;6
SA-S908-BOT-COM;Samsung;Galaxy S22 Ultra;Botones laterales;Compatible;4,00;;;6
SA-S908-CRI-COM;Samsung;Galaxy S22 Ultra;Cristal de pantalla;Compatible;5,45;;;6
SA-S908-FPR-COM;Samsung;Galaxy S22 Ultra;Flex principal;Compatible;4,15;;;6
SA-S908-VIB-COM;Samsung;Galaxy S22 Ultra;Vibrador;Compatible;2,05;;;6
SA-S908-ANT-COM;Samsung;Galaxy S22 Ultra;Antena / coaxial;Compatible;7,50;;;6
SA-S908-HUE-COM;Samsung;Galaxy S22 Ultra;Botón home / huella;Compatible;12,00;11,64;11,28;6
SA-S908-NFC-COM;Samsung;Galaxy S22 Ultra;NFC y carga inalámbrica;Compatible;9,25;;;6
SA-S908-SPN-COM;Samsung;Galaxy S22 Ultra;S Pen;Compatible;10,35;10,04;9,73;6
SA-F721-FPR-COM;Samsung;Galaxy Z Flip4;Flex principal;Compatible;5,79;;;6
SA-F721-VIB-COM;Samsung;Galaxy Z Flip4;Vibrador;Compatible;2,85;;;6
SA-F721-ANT-COM;Samsung;Galaxy Z Flip4;Antena / coaxial;Compatible;10,50;10,19;9,87;6
SA-F721-HUE-COM;Samsung;Galaxy Z Flip4;Botón home / huella;Compatible;16,80;16,30;15,79;6
SA-F721-NFC-COM;Samsung;Galaxy Z Flip4;NFC y carga inalámbrica;Compatible;12,95;12,56;12,17;6
SA-F936-FPR-COM;Samsung;Galaxy Z Fold4;Flex principal;Compatible;7,45;;;6
SA-F936-VIB-COM;Samsung;Galaxy Z Fold4;Vibrador;Compatible;3,69;;;6
SA-F936-ANT-COM;Samsung;Galaxy Z Fold4;Antena / coaxial;Compatible;13,50;13,10;12,69;6
SA-F936-HUE-COM;Samsung;Galaxy Z Fold4;Botón home / huella;Compatible;21,60;20,95;20,30;6
SA-F936-NFC-COM;Samsung;Galaxy Z Fold4;NFC y carga inalámbrica;Compatible;16,65;16,15;15,65;6
SA-S911-MAR-COM;Samsung;Galaxy S23;Marco / chasis;Compatible;9,35;;;6
SA-S911-BOT-COM;Samsung;Galaxy S23;Botones laterales;Compatible;4,00;;;6
SA-S911-CRI-COM;Samsung;Galaxy S23;Cristal de pantalla;Compatible;5,45;;;6
SA-S911-FPR-COM;Samsung;Galaxy S23;Flex principal;Compatible;4,15;;;6
SA-S911-VIB-COM;Samsung;Galaxy S23;Vibrador;Compatible;2,05;;;6
SA-S911-ANT-COM;Samsung;Galaxy S23;Antena / coaxial;Compatible;7,50;;;6
SA-S911-HUE-COM;Samsung;Galaxy S23;Botón home / huella;Compatible;12,00;11,64;11,28;6
SA-S911-NFC-COM;Samsung;Galaxy S23;NFC y carga inalámbrica;Compatible;9,25;;;6
SA-S916-MAR-COM;Samsung;Galaxy S23+;Marco / chasis;Compatible;9,35;;;6
SA-S916-BOT-COM;Samsung;Galaxy S23+;Botones laterales;Compatible;4,00;;;6
SA-S916-CRI-COM;Samsung;Galaxy S23+;Cristal de pantalla;Compatible;5,45;;;6
SA-S916-FPR-COM;Samsung;Galaxy S23+;Flex principal;Compatible;4,15;;;6
SA-S916-VIB-COM;Samsung;Galaxy S23+;Vibrador;Compatible;2,05;;;6
SA-S916-ANT-COM;Samsung;Galaxy S23+;Antena / coaxial;Compatible;7,50;;;6
SA-S916-HUE-COM;Samsung;Galaxy S23+;Botón home / huella;Compatible;12,00;11,64;11,28;6
SA-S916-NFC-COM;Samsung;Galaxy S23+;NFC y carga inalámbrica;Compatible;9,25;;;6
SA-S918-MAR-COM;Samsung;Galaxy S23 Ultra;Marco / chasis;Compatible;9,35;;;6
SA-S918-BOT-COM;Samsung;Galaxy S23 Ultra;Botones laterales;Compatible;4,00;;;6
SA-S918-CRI-COM;Samsung;Galaxy S23 Ultra;Cristal de pantalla;Compatible;5,45;;;6
SA-S918-FPR-COM;Samsung;Galaxy S23 Ultra;Flex principal;Compatible;4,15;;;6
SA-S918-VIB-COM;Samsung;Galaxy S23 Ultra;Vibrador;Compatible;2,05;;;6
SA-S918-ANT-COM;Samsung;Galaxy S23 Ultra;Antena / coaxial;Compatible;7,50;;;6
SA-S918-HUE-COM;Samsung;Galaxy S23 Ultra;Botón home / huella;Compatible;12,00;11,64;11,28;6
SA-S918-NFC-COM;Samsung;Galaxy S23 Ultra;NFC y carga inalámbrica;Compatible;9,25;;;6
SA-S918-SPN-COM;Samsung;Galaxy S23 Ultra;S Pen;Compatible;10,35;10,04;9,73;6
SA-F731-FPR-COM;Samsung;Galaxy Z Flip5;Flex principal;Compatible;5,79;;;6
SA-F731-VIB-COM;Samsung;Galaxy Z Flip5;Vibrador;Compatible;2,85;;;6
SA-F731-ANT-COM;Samsung;Galaxy Z Flip5;Antena / coaxial;Compatible;10,50;10,19;9,87;6
SA-F731-HUE-COM;Samsung;Galaxy Z Flip5;Botón home / huella;Compatible;16,80;16,30;15,79;6
SA-F731-NFC-COM;Samsung;Galaxy Z Flip5;NFC y carga inalámbrica;Compatible;12,95;12,56;12,17;6
SA-F946-FPR-COM;Samsung;Galaxy Z Fold5;Flex principal;Compatible;7,45;;;6
SA-F946-VIB-COM;Samsung;Galaxy Z Fold5;Vibrador;Compatible;3,69;;;6
SA-F946-ANT-COM;Samsung;Galaxy Z Fold5;Antena / coaxial;Compatible;13,50;13,10;12,69;6
SA-F946-HUE-COM;Samsung;Galaxy Z Fold5;Botón home / huella;Compatible;21,60;20,95;20,30;6
SA-F946-NFC-COM;Samsung;Galaxy Z Fold5;NFC y carga inalámbrica;Compatible;16,65;16,15;15,65;6
SA-S711-MAR-COM;Samsung;Galaxy S23 FE;Marco / chasis;Compatible;7,85;;;6
SA-S711-BOT-COM;Samsung;Galaxy S23 FE;Botones laterales;Compatible;3,35;;;6
SA-S711-CRI-COM;Samsung;Galaxy S23 FE;Cristal de pantalla;Compatible;4,59;;;6
SA-S711-FPR-COM;Samsung;Galaxy S23 FE;Flex principal;Compatible;3,45;;;6
SA-S711-VIB-COM;Samsung;Galaxy S23 FE;Vibrador;Compatible;1,70;;;6
SA-S711-ANT-COM;Samsung;Galaxy S23 FE;Antena / coaxial;Compatible;6,30;;;6
SA-S711-HUE-COM;Samsung;Galaxy S23 FE;Botón home / huella;Compatible;10,09;9,79;9,48;6
SA-S711-NFC-COM;Samsung;Galaxy S23 FE;NFC y carga inalámbrica;Compatible;7,75;;;6
SA-S921-MAR-COM;Samsung;Galaxy S24;Marco / chasis;Compatible;10,29;9,98;9,67;6
SA-S921-BOT-COM;Samsung;Galaxy S24;Botones laterales;Compatible;4,40;;;6
SA-S921-CRI-COM;Samsung;Galaxy S24;Cristal de pantalla;Compatible;6,00;;;6
SA-S921-FPR-COM;Samsung;Galaxy S24;Flex principal;Compatible;4,55;;;6
SA-S921-VIB-COM;Samsung;Galaxy S24;Vibrador;Compatible;2,25;;;6
SA-S921-ANT-COM;Samsung;Galaxy S24;Antena / coaxial;Compatible;8,25;;;6
SA-S921-HUE-COM;Samsung;Galaxy S24;Botón home / huella;Compatible;13,20;12,80;12,41;6
SA-S921-NFC-COM;Samsung;Galaxy S24;NFC y carga inalámbrica;Compatible;10,19;9,88;9,58;6
SA-S926-MAR-COM;Samsung;Galaxy S24+;Marco / chasis;Compatible;10,29;9,98;9,67;6
SA-S926-BOT-COM;Samsung;Galaxy S24+;Botones laterales;Compatible;4,40;;;6
SA-S926-CRI-COM;Samsung;Galaxy S24+;Cristal de pantalla;Compatible;6,00;;;6
SA-S926-FPR-COM;Samsung;Galaxy S24+;Flex principal;Compatible;4,55;;;6
SA-S926-VIB-COM;Samsung;Galaxy S24+;Vibrador;Compatible;2,25;;;6
SA-S926-ANT-COM;Samsung;Galaxy S24+;Antena / coaxial;Compatible;8,25;;;6
SA-S926-HUE-COM;Samsung;Galaxy S24+;Botón home / huella;Compatible;13,20;12,80;12,41;6
SA-S926-NFC-COM;Samsung;Galaxy S24+;NFC y carga inalámbrica;Compatible;10,19;9,88;9,58;6
SA-S928-MAR-COM;Samsung;Galaxy S24 Ultra;Marco / chasis;Compatible;10,29;9,98;9,67;6
SA-S928-BOT-COM;Samsung;Galaxy S24 Ultra;Botones laterales;Compatible;4,40;;;6
SA-S928-CRI-COM;Samsung;Galaxy S24 Ultra;Cristal de pantalla;Compatible;6,00;;;6
SA-S928-FPR-COM;Samsung;Galaxy S24 Ultra;Flex principal;Compatible;4,55;;;6
SA-S928-VIB-COM;Samsung;Galaxy S24 Ultra;Vibrador;Compatible;2,25;;;6
SA-S928-ANT-COM;Samsung;Galaxy S24 Ultra;Antena / coaxial;Compatible;8,25;;;6
SA-S928-HUE-COM;Samsung;Galaxy S24 Ultra;Botón home / huella;Compatible;13,20;12,80;12,41;6
SA-S928-NFC-COM;Samsung;Galaxy S24 Ultra;NFC y carga inalámbrica;Compatible;10,19;9,88;9,58;6
SA-S928-SPN-COM;Samsung;Galaxy S24 Ultra;S Pen;Compatible;11,35;11,01;10,67;6
SA-F741-FPR-COM;Samsung;Galaxy Z Flip6;Flex principal;Compatible;6,35;;;6
SA-F741-VIB-COM;Samsung;Galaxy Z Flip6;Vibrador;Compatible;3,15;;;6
SA-F741-ANT-COM;Samsung;Galaxy Z Flip6;Antena / coaxial;Compatible;11,55;11,20;10,86;6
SA-F741-HUE-COM;Samsung;Galaxy Z Flip6;Botón home / huella;Compatible;18,49;17,94;17,38;6
SA-F741-NFC-COM;Samsung;Galaxy Z Flip6;NFC y carga inalámbrica;Compatible;14,25;13,82;13,40;6
SA-F956-FPR-COM;Samsung;Galaxy Z Fold6;Flex principal;Compatible;8,15;;;6
SA-F956-VIB-COM;Samsung;Galaxy Z Fold6;Vibrador;Compatible;4,05;;;6
SA-F956-ANT-COM;Samsung;Galaxy Z Fold6;Antena / coaxial;Compatible;14,85;14,40;13,96;6
SA-F956-HUE-COM;Samsung;Galaxy Z Fold6;Botón home / huella;Compatible;23,75;23,04;22,33;6
SA-F956-NFC-COM;Samsung;Galaxy Z Fold6;NFC y carga inalámbrica;Compatible;18,30;17,75;17,20;6
SA-S721-MAR-COM;Samsung;Galaxy S24 FE;Marco / chasis;Compatible;8,65;;;6
SA-S721-BOT-COM;Samsung;Galaxy S24 FE;Botones laterales;Compatible;3,70;;;6
SA-S721-CRI-COM;Samsung;Galaxy S24 FE;Cristal de pantalla;Compatible;5,05;;;6
SA-S721-FPR-COM;Samsung;Galaxy S24 FE;Flex principal;Compatible;3,80;;;6
SA-S721-VIB-COM;Samsung;Galaxy S24 FE;Vibrador;Compatible;1,89;;;6
SA-S721-ANT-COM;Samsung;Galaxy S24 FE;Antena / coaxial;Compatible;6,95;;;6
SA-S721-HUE-COM;Samsung;Galaxy S24 FE;Botón home / huella;Compatible;11,09;10,76;10,42;6
SA-S721-NFC-COM;Samsung;Galaxy S24 FE;NFC y carga inalámbrica;Compatible;8,55;;;6
SA-S931-MAR-COM;Samsung;Galaxy S25;Marco / chasis;Compatible;10,29;9,98;9,67;6
SA-S931-BOT-COM;Samsung;Galaxy S25;Botones laterales;Compatible;4,40;;;6
SA-S931-CRI-COM;Samsung;Galaxy S25;Cristal de pantalla;Compatible;6,00;;;6
SA-S931-FPR-COM;Samsung;Galaxy S25;Flex principal;Compatible;4,55;;;6
SA-S931-VIB-COM;Samsung;Galaxy S25;Vibrador;Compatible;2,25;;;6
SA-S931-ANT-COM;Samsung;Galaxy S25;Antena / coaxial;Compatible;8,25;;;6
SA-S931-HUE-COM;Samsung;Galaxy S25;Botón home / huella;Compatible;13,20;12,80;12,41;6
SA-S931-NFC-COM;Samsung;Galaxy S25;NFC y carga inalámbrica;Compatible;10,19;9,88;9,58;6
SA-S936-MAR-COM;Samsung;Galaxy S25+;Marco / chasis;Compatible;10,29;9,98;9,67;6
SA-S936-BOT-COM;Samsung;Galaxy S25+;Botones laterales;Compatible;4,40;;;6
SA-S936-CRI-COM;Samsung;Galaxy S25+;Cristal de pantalla;Compatible;6,00;;;6
SA-S936-FPR-COM;Samsung;Galaxy S25+;Flex principal;Compatible;4,55;;;6
SA-S936-VIB-COM;Samsung;Galaxy S25+;Vibrador;Compatible;2,25;;;6
SA-S936-ANT-COM;Samsung;Galaxy S25+;Antena / coaxial;Compatible;8,25;;;6
SA-S936-HUE-COM;Samsung;Galaxy S25+;Botón home / huella;Compatible;13,20;12,80;12,41;6
SA-S936-NFC-COM;Samsung;Galaxy S25+;NFC y carga inalámbrica;Compatible;10,19;9,88;9,58;6
SA-S938-MAR-COM;Samsung;Galaxy S25 Ultra;Marco / chasis;Compatible;10,29;9,98;9,67;6
SA-S938-BOT-COM;Samsung;Galaxy S25 Ultra;Botones laterales;Compatible;4,40;;;6
SA-S938-CRI-COM;Samsung;Galaxy S25 Ultra;Cristal de pantalla;Compatible;6,00;;;6
SA-S938-FPR-COM;Samsung;Galaxy S25 Ultra;Flex principal;Compatible;4,55;;;6
SA-S938-VIB-COM;Samsung;Galaxy S25 Ultra;Vibrador;Compatible;2,25;;;6
SA-S938-ANT-COM;Samsung;Galaxy S25 Ultra;Antena / coaxial;Compatible;8,25;;;6
SA-S938-HUE-COM;Samsung;Galaxy S25 Ultra;Botón home / huella;Compatible;13,20;12,80;12,41;6
SA-S938-NFC-COM;Samsung;Galaxy S25 Ultra;NFC y carga inalámbrica;Compatible;10,19;9,88;9,58;6
SA-S938-SPN-COM;Samsung;Galaxy S25 Ultra;S Pen;Compatible;11,35;11,01;10,67;6
SA-S937-MAR-COM;Samsung;Galaxy S25 Edge;Marco / chasis;Compatible;10,29;9,98;9,67;6
SA-S937-BOT-COM;Samsung;Galaxy S25 Edge;Botones laterales;Compatible;4,40;;;6
SA-S937-CRI-COM;Samsung;Galaxy S25 Edge;Cristal de pantalla;Compatible;6,00;;;6
SA-S937-FPR-COM;Samsung;Galaxy S25 Edge;Flex principal;Compatible;4,55;;;6
SA-S937-VIB-COM;Samsung;Galaxy S25 Edge;Vibrador;Compatible;2,25;;;6
SA-S937-ANT-COM;Samsung;Galaxy S25 Edge;Antena / coaxial;Compatible;8,25;;;6
SA-S937-HUE-COM;Samsung;Galaxy S25 Edge;Botón home / huella;Compatible;13,20;12,80;12,41;6
SA-S937-NFC-COM;Samsung;Galaxy S25 Edge;NFC y carga inalámbrica;Compatible;10,19;9,88;9,58;6
SA-F766-FPR-COM;Samsung;Galaxy Z Flip7;Flex principal;Compatible;6,35;;;6
SA-F766-VIB-COM;Samsung;Galaxy Z Flip7;Vibrador;Compatible;3,15;;;6
SA-F766-ANT-COM;Samsung;Galaxy Z Flip7;Antena / coaxial;Compatible;11,55;11,20;10,86;6
SA-F766-HUE-COM;Samsung;Galaxy Z Flip7;Botón home / huella;Compatible;18,49;17,94;17,38;6
SA-F766-NFC-COM;Samsung;Galaxy Z Flip7;NFC y carga inalámbrica;Compatible;14,25;13,82;13,40;6
SA-F761-FPR-COM;Samsung;Galaxy Z Flip7 FE;Flex principal;Compatible;6,35;;;6
SA-F761-VIB-COM;Samsung;Galaxy Z Flip7 FE;Vibrador;Compatible;3,15;;;6
SA-F761-ANT-COM;Samsung;Galaxy Z Flip7 FE;Antena / coaxial;Compatible;11,55;11,20;10,86;6
SA-F761-HUE-COM;Samsung;Galaxy Z Flip7 FE;Botón home / huella;Compatible;18,49;17,94;17,38;6
SA-F761-NFC-COM;Samsung;Galaxy Z Flip7 FE;NFC y carga inalámbrica;Compatible;14,25;13,82;13,40;6
SA-F966-FPR-COM;Samsung;Galaxy Z Fold7;Flex principal;Compatible;8,15;;;6
SA-F966-VIB-COM;Samsung;Galaxy Z Fold7;Vibrador;Compatible;4,05;;;6
SA-F966-ANT-COM;Samsung;Galaxy Z Fold7;Antena / coaxial;Compatible;14,85;14,40;13,96;6
SA-F966-HUE-COM;Samsung;Galaxy Z Fold7;Botón home / huella;Compatible;23,75;23,04;22,33;6
SA-F966-NFC-COM;Samsung;Galaxy Z Fold7;NFC y carga inalámbrica;Compatible;18,30;17,75;17,20;6
SA-S731-MAR-COM;Samsung;Galaxy S25 FE;Marco / chasis;Compatible;8,65;;;6
SA-S731-BOT-COM;Samsung;Galaxy S25 FE;Botones laterales;Compatible;3,70;;;6
SA-S731-CRI-COM;Samsung;Galaxy S25 FE;Cristal de pantalla;Compatible;5,05;;;6
SA-S731-FPR-COM;Samsung;Galaxy S25 FE;Flex principal;Compatible;3,80;;;6
SA-S731-VIB-COM;Samsung;Galaxy S25 FE;Vibrador;Compatible;1,89;;;6
SA-S731-ANT-COM;Samsung;Galaxy S25 FE;Antena / coaxial;Compatible;6,95;;;6
SA-S731-HUE-COM;Samsung;Galaxy S25 FE;Botón home / huella;Compatible;11,09;10,76;10,42;6
SA-S731-NFC-COM;Samsung;Galaxy S25 FE;NFC y carga inalámbrica;Compatible;8,55;;;6
SA-S942-MAR-COM;Samsung;Galaxy S26;Marco / chasis;Compatible;10,29;9,98;9,67;6
SA-S942-BOT-COM;Samsung;Galaxy S26;Botones laterales;Compatible;4,40;;;6
SA-S942-CRI-COM;Samsung;Galaxy S26;Cristal de pantalla;Compatible;6,00;;;6
SA-S942-FPR-COM;Samsung;Galaxy S26;Flex principal;Compatible;4,55;;;6
SA-S942-VIB-COM;Samsung;Galaxy S26;Vibrador;Compatible;2,25;;;6
SA-S942-ANT-COM;Samsung;Galaxy S26;Antena / coaxial;Compatible;8,25;;;6
SA-S942-HUE-COM;Samsung;Galaxy S26;Botón home / huella;Compatible;13,20;12,80;12,41;6
SA-S942-NFC-COM;Samsung;Galaxy S26;NFC y carga inalámbrica;Compatible;10,19;9,88;9,58;6
SA-S947-MAR-COM;Samsung;Galaxy S26+;Marco / chasis;Compatible;10,29;9,98;9,67;6
SA-S947-BOT-COM;Samsung;Galaxy S26+;Botones laterales;Compatible;4,40;;;6
SA-S947-CRI-COM;Samsung;Galaxy S26+;Cristal de pantalla;Compatible;6,00;;;6
SA-S947-FPR-COM;Samsung;Galaxy S26+;Flex principal;Compatible;4,55;;;6
SA-S947-VIB-COM;Samsung;Galaxy S26+;Vibrador;Compatible;2,25;;;6
SA-S947-ANT-COM;Samsung;Galaxy S26+;Antena / coaxial;Compatible;8,25;;;6
SA-S947-HUE-COM;Samsung;Galaxy S26+;Botón home / huella;Compatible;13,20;12,80;12,41;6
SA-S947-NFC-COM;Samsung;Galaxy S26+;NFC y carga inalámbrica;Compatible;10,19;9,88;9,58;6
SA-S948-MAR-COM;Samsung;Galaxy S26 Ultra;Marco / chasis;Compatible;10,29;9,98;9,67;6
SA-S948-BOT-COM;Samsung;Galaxy S26 Ultra;Botones laterales;Compatible;4,40;;;6
SA-S948-CRI-COM;Samsung;Galaxy S26 Ultra;Cristal de pantalla;Compatible;6,00;;;6
SA-S948-FPR-COM;Samsung;Galaxy S26 Ultra;Flex principal;Compatible;4,55;;;6
SA-S948-VIB-COM;Samsung;Galaxy S26 Ultra;Vibrador;Compatible;2,25;;;6
SA-S948-ANT-COM;Samsung;Galaxy S26 Ultra;Antena / coaxial;Compatible;8,25;;;6
SA-S948-HUE-COM;Samsung;Galaxy S26 Ultra;Botón home / huella;Compatible;13,20;12,80;12,41;6
SA-S948-NFC-COM;Samsung;Galaxy S26 Ultra;NFC y carga inalámbrica;Compatible;10,19;9,88;9,58;6
SA-S948-SPN-COM;Samsung;Galaxy S26 Ultra;S Pen;Compatible;11,35;11,01;10,67;6
SA-F776-FPR-COM;Samsung;Galaxy Z Flip8;Flex principal;Compatible;6,35;;;6
SA-F776-VIB-COM;Samsung;Galaxy Z Flip8;Vibrador;Compatible;3,15;;;6
SA-F776-ANT-COM;Samsung;Galaxy Z Flip8;Antena / coaxial;Compatible;11,55;11,20;10,86;6
SA-F776-HUE-COM;Samsung;Galaxy Z Flip8;Botón home / huella;Compatible;18,49;17,94;17,38;6
SA-F776-NFC-COM;Samsung;Galaxy Z Flip8;NFC y carga inalámbrica;Compatible;14,25;13,82;13,40;6
SA-F971-FPR-COM;Samsung;Galaxy Z Fold8;Flex principal;Compatible;8,15;;;6
SA-F971-VIB-COM;Samsung;Galaxy Z Fold8;Vibrador;Compatible;4,05;;;6
SA-F971-ANT-COM;Samsung;Galaxy Z Fold8;Antena / coaxial;Compatible;14,85;14,40;13,96;6
SA-F971-HUE-COM;Samsung;Galaxy Z Fold8;Botón home / huella;Compatible;23,75;23,04;22,33;6
SA-F971-NFC-COM;Samsung;Galaxy Z Fold8;NFC y carga inalámbrica;Compatible;18,30;17,75;17,20;6
SA-F976-FPR-COM;Samsung;Galaxy Z Fold8 Ultra;Flex principal;Compatible;8,15;;;6
SA-F976-VIB-COM;Samsung;Galaxy Z Fold8 Ultra;Vibrador;Compatible;4,05;;;6
SA-F976-ANT-COM;Samsung;Galaxy Z Fold8 Ultra;Antena / coaxial;Compatible;14,85;14,40;13,96;6
SA-F976-HUE-COM;Samsung;Galaxy Z Fold8 Ultra;Botón home / huella;Compatible;23,75;23,04;22,33;6
SA-F976-NFC-COM;Samsung;Galaxy Z Fold8 Ultra;NFC y carga inalámbrica;Compatible;18,30;17,75;17,20;6
SA-S741-MAR-COM;Samsung;Galaxy S26 FE;Marco / chasis;Compatible;8,65;;;6
SA-S741-BOT-COM;Samsung;Galaxy S26 FE;Botones laterales;Compatible;3,70;;;6
SA-S741-CRI-COM;Samsung;Galaxy S26 FE;Cristal de pantalla;Compatible;5,05;;;6
SA-S741-FPR-COM;Samsung;Galaxy S26 FE;Flex principal;Compatible;3,80;;;6
SA-S741-VIB-COM;Samsung;Galaxy S26 FE;Vibrador;Compatible;1,89;;;6
SA-S741-ANT-COM;Samsung;Galaxy S26 FE;Antena / coaxial;Compatible;6,95;;;6
SA-S741-HUE-COM;Samsung;Galaxy S26 FE;Botón home / huella;Compatible;11,09;10,76;10,42;6
SA-S741-NFC-COM;Samsung;Galaxy S26 FE;NFC y carga inalámbrica;Compatible;8,55;;;6
SA-A105-MAR-COM;Samsung;Galaxy A10;Marco / chasis;Compatible;5,39;;;6
SA-A105-BOT-COM;Samsung;Galaxy A10;Botones laterales;Compatible;2,30;;;6
SA-A105-CRI-COM;Samsung;Galaxy A10;Cristal de pantalla;Compatible;3,15;;;6
SA-A105-FPR-COM;Samsung;Galaxy A10;Flex principal;Compatible;2,39;;;6
SA-A105-VIB-COM;Samsung;Galaxy A10;Vibrador;Compatible;1,19;;;6
SA-A105-ANT-COM;Samsung;Galaxy A10;Antena / coaxial;Compatible;4,30;;;6
SA-A105-HUE-COM;Samsung;Galaxy A10;Botón home / huella;Compatible;6,90;;;6
SA-A505-MAR-COM;Samsung;Galaxy A50;Marco / chasis;Compatible;7,05;;;6
SA-A505-BOT-COM;Samsung;Galaxy A50;Botones laterales;Compatible;3,00;;;6
SA-A505-CRI-COM;Samsung;Galaxy A50;Cristal de pantalla;Compatible;4,10;;;6
SA-A505-FPR-COM;Samsung;Galaxy A50;Flex principal;Compatible;3,10;;;6
SA-A505-VIB-COM;Samsung;Galaxy A50;Vibrador;Compatible;1,55;;;6
SA-A505-ANT-COM;Samsung;Galaxy A50;Antena / coaxial;Compatible;5,65;;;6
SA-A505-HUE-COM;Samsung;Galaxy A50;Botón home / huella;Compatible;9,05;;;6
SA-A202-MAR-COM;Samsung;Galaxy A20e;Marco / chasis;Compatible;6,19;;;6
SA-A202-BOT-COM;Samsung;Galaxy A20e;Botones laterales;Compatible;2,65;;;6
SA-A202-CRI-COM;Samsung;Galaxy A20e;Cristal de pantalla;Compatible;3,60;;;6
SA-A202-FPR-COM;Samsung;Galaxy A20e;Flex principal;Compatible;2,75;;;6
SA-A202-VIB-COM;Samsung;Galaxy A20e;Vibrador;Compatible;1,35;;;6
SA-A202-ANT-COM;Samsung;Galaxy A20e;Antena / coaxial;Compatible;4,95;;;6
SA-A202-HUE-COM;Samsung;Galaxy A20e;Botón home / huella;Compatible;7,95;;;6
SA-A405-MAR-COM;Samsung;Galaxy A40;Marco / chasis;Compatible;6,19;;;6
SA-A405-BOT-COM;Samsung;Galaxy A40;Botones laterales;Compatible;2,65;;;6
SA-A405-CRI-COM;Samsung;Galaxy A40;Cristal de pantalla;Compatible;3,60;;;6
SA-A405-FPR-COM;Samsung;Galaxy A40;Flex principal;Compatible;2,75;;;6
SA-A405-VIB-COM;Samsung;Galaxy A40;Vibrador;Compatible;1,35;;;6
SA-A405-ANT-COM;Samsung;Galaxy A40;Antena / coaxial;Compatible;4,95;;;6
SA-A405-HUE-COM;Samsung;Galaxy A40;Botón home / huella;Compatible;7,95;;;6
SA-A705-MAR-COM;Samsung;Galaxy A70;Marco / chasis;Compatible;7,05;;;6
SA-A705-BOT-COM;Samsung;Galaxy A70;Botones laterales;Compatible;3,00;;;6
SA-A705-CRI-COM;Samsung;Galaxy A70;Cristal de pantalla;Compatible;4,10;;;6
SA-A705-FPR-COM;Samsung;Galaxy A70;Flex principal;Compatible;3,10;;;6
SA-A705-VIB-COM;Samsung;Galaxy A70;Vibrador;Compatible;1,55;;;6
SA-A705-ANT-COM;Samsung;Galaxy A70;Antena / coaxial;Compatible;5,65;;;6
SA-A705-HUE-COM;Samsung;Galaxy A70;Botón home / huella;Compatible;9,05;;;6
SA-A805-MAR-COM;Samsung;Galaxy A80;Marco / chasis;Compatible;7,05;;;6
SA-A805-BOT-COM;Samsung;Galaxy A80;Botones laterales;Compatible;3,00;;;6
SA-A805-CRI-COM;Samsung;Galaxy A80;Cristal de pantalla;Compatible;4,10;;;6
SA-A805-FPR-COM;Samsung;Galaxy A80;Flex principal;Compatible;3,10;;;6
SA-A805-VIB-COM;Samsung;Galaxy A80;Vibrador;Compatible;1,55;;;6
SA-A805-ANT-COM;Samsung;Galaxy A80;Antena / coaxial;Compatible;5,65;;;6
SA-A805-HUE-COM;Samsung;Galaxy A80;Botón home / huella;Compatible;9,05;;;6
SA-A307-MAR-COM;Samsung;Galaxy A30s;Marco / chasis;Compatible;6,19;;;6
SA-A307-BOT-COM;Samsung;Galaxy A30s;Botones laterales;Compatible;2,65;;;6
SA-A307-CRI-COM;Samsung;Galaxy A30s;Cristal de pantalla;Compatible;3,60;;;6
SA-A307-FPR-COM;Samsung;Galaxy A30s;Flex principal;Compatible;2,75;;;6
SA-A307-VIB-COM;Samsung;Galaxy A30s;Vibrador;Compatible;1,35;;;6
SA-A307-ANT-COM;Samsung;Galaxy A30s;Antena / coaxial;Compatible;4,95;;;6
SA-A307-HUE-COM;Samsung;Galaxy A30s;Botón home / huella;Compatible;7,95;;;6
SA-A507-MAR-COM;Samsung;Galaxy A50s;Marco / chasis;Compatible;7,05;;;6
SA-A507-BOT-COM;Samsung;Galaxy A50s;Botones laterales;Compatible;3,00;;;6
SA-A507-CRI-COM;Samsung;Galaxy A50s;Cristal de pantalla;Compatible;4,10;;;6
SA-A507-FPR-COM;Samsung;Galaxy A50s;Flex principal;Compatible;3,10;;;6
SA-A507-VIB-COM;Samsung;Galaxy A50s;Vibrador;Compatible;1,55;;;6
SA-A507-ANT-COM;Samsung;Galaxy A50s;Antena / coaxial;Compatible;5,65;;;6
SA-A507-HUE-COM;Samsung;Galaxy A50s;Botón home / huella;Compatible;9,05;;;6
SA-A908-MAR-COM;Samsung;Galaxy A90 5G;Marco / chasis;Compatible;7,05;;;6
SA-A908-BOT-COM;Samsung;Galaxy A90 5G;Botones laterales;Compatible;3,00;;;6
SA-A908-CRI-COM;Samsung;Galaxy A90 5G;Cristal de pantalla;Compatible;4,10;;;6
SA-A908-FPR-COM;Samsung;Galaxy A90 5G;Flex principal;Compatible;3,10;;;6
SA-A908-VIB-COM;Samsung;Galaxy A90 5G;Vibrador;Compatible;1,55;;;6
SA-A908-ANT-COM;Samsung;Galaxy A90 5G;Antena / coaxial;Compatible;5,65;;;6
SA-A908-HUE-COM;Samsung;Galaxy A90 5G;Botón home / huella;Compatible;9,05;;;6
SA-A207-MAR-COM;Samsung;Galaxy A20s;Marco / chasis;Compatible;6,19;;;6
SA-A207-BOT-COM;Samsung;Galaxy A20s;Botones laterales;Compatible;2,65;;;6
SA-A207-CRI-COM;Samsung;Galaxy A20s;Cristal de pantalla;Compatible;3,60;;;6
SA-A207-FPR-COM;Samsung;Galaxy A20s;Flex principal;Compatible;2,75;;;6
SA-A207-VIB-COM;Samsung;Galaxy A20s;Vibrador;Compatible;1,35;;;6
SA-A207-ANT-COM;Samsung;Galaxy A20s;Antena / coaxial;Compatible;4,95;;;6
SA-A207-HUE-COM;Samsung;Galaxy A20s;Botón home / huella;Compatible;7,95;;;6
SA-A515-MAR-COM;Samsung;Galaxy A51;Marco / chasis;Compatible;7,05;;;6
SA-A515-BOT-COM;Samsung;Galaxy A51;Botones laterales;Compatible;3,00;;;6
SA-A515-CRI-COM;Samsung;Galaxy A51;Cristal de pantalla;Compatible;4,10;;;6
SA-A515-FPR-COM;Samsung;Galaxy A51;Flex principal;Compatible;3,10;;;6
SA-A515-VIB-COM;Samsung;Galaxy A51;Vibrador;Compatible;1,55;;;6
SA-A515-ANT-COM;Samsung;Galaxy A51;Antena / coaxial;Compatible;5,65;;;6
SA-A515-HUE-COM;Samsung;Galaxy A51;Botón home / huella;Compatible;9,05;;;6
SA-A715-MAR-COM;Samsung;Galaxy A71;Marco / chasis;Compatible;7,85;;;6
SA-A715-BOT-COM;Samsung;Galaxy A71;Botones laterales;Compatible;3,35;;;6
SA-A715-CRI-COM;Samsung;Galaxy A71;Cristal de pantalla;Compatible;4,59;;;6
SA-A715-FPR-COM;Samsung;Galaxy A71;Flex principal;Compatible;3,45;;;6
SA-A715-VIB-COM;Samsung;Galaxy A71;Vibrador;Compatible;1,70;;;6
SA-A715-ANT-COM;Samsung;Galaxy A71;Antena / coaxial;Compatible;6,30;;;6
SA-A715-HUE-COM;Samsung;Galaxy A71;Botón home / huella;Compatible;10,09;9,79;9,48;6
SA-A315-MAR-COM;Samsung;Galaxy A31;Marco / chasis;Compatible;6,89;;;6
SA-A315-BOT-COM;Samsung;Galaxy A31;Botones laterales;Compatible;2,95;;;6
SA-A315-CRI-COM;Samsung;Galaxy A31;Cristal de pantalla;Compatible;4,00;;;6
SA-A315-FPR-COM;Samsung;Galaxy A31;Flex principal;Compatible;3,05;;;6
SA-A315-VIB-COM;Samsung;Galaxy A31;Vibrador;Compatible;1,50;;;6
SA-A315-ANT-COM;Samsung;Galaxy A31;Antena / coaxial;Compatible;5,50;;;6
SA-A315-HUE-COM;Samsung;Galaxy A31;Botón home / huella;Compatible;8,85;;;6
SA-A516-MAR-COM;Samsung;Galaxy A51 5G;Marco / chasis;Compatible;7,85;;;6
SA-A516-BOT-COM;Samsung;Galaxy A51 5G;Botones laterales;Compatible;3,35;;;6
SA-A516-CRI-COM;Samsung;Galaxy A51 5G;Cristal de pantalla;Compatible;4,59;;;6
SA-A516-FPR-COM;Samsung;Galaxy A51 5G;Flex principal;Compatible;3,45;;;6
SA-A516-VIB-COM;Samsung;Galaxy A51 5G;Vibrador;Compatible;1,70;;;6
SA-A516-ANT-COM;Samsung;Galaxy A51 5G;Antena / coaxial;Compatible;6,30;;;6
SA-A516-HUE-COM;Samsung;Galaxy A51 5G;Botón home / huella;Compatible;10,09;9,79;9,48;6
SA-A217-MAR-COM;Samsung;Galaxy A21s;Marco / chasis;Compatible;6,89;;;6
SA-A217-BOT-COM;Samsung;Galaxy A21s;Botones laterales;Compatible;2,95;;;6
SA-A217-CRI-COM;Samsung;Galaxy A21s;Cristal de pantalla;Compatible;4,00;;;6
SA-A217-FPR-COM;Samsung;Galaxy A21s;Flex principal;Compatible;3,05;;;6
SA-A217-VIB-COM;Samsung;Galaxy A21s;Vibrador;Compatible;1,50;;;6
SA-A217-ANT-COM;Samsung;Galaxy A21s;Antena / coaxial;Compatible;5,50;;;6
SA-A217-HUE-COM;Samsung;Galaxy A21s;Botón home / huella;Compatible;8,85;;;6
SA-A415-MAR-COM;Samsung;Galaxy A41;Marco / chasis;Compatible;6,89;;;6
SA-A415-BOT-COM;Samsung;Galaxy A41;Botones laterales;Compatible;2,95;;;6
SA-A415-CRI-COM;Samsung;Galaxy A41;Cristal de pantalla;Compatible;4,00;;;6
SA-A415-FPR-COM;Samsung;Galaxy A41;Flex principal;Compatible;3,05;;;6
SA-A415-VIB-COM;Samsung;Galaxy A41;Vibrador;Compatible;1,50;;;6
SA-A415-ANT-COM;Samsung;Galaxy A41;Antena / coaxial;Compatible;5,50;;;6
SA-A415-HUE-COM;Samsung;Galaxy A41;Botón home / huella;Compatible;8,85;;;6
SA-A025-MAR-COM;Samsung;Galaxy A02s;Marco / chasis;Compatible;5,99;;;6
SA-A025-BOT-COM;Samsung;Galaxy A02s;Botones laterales;Compatible;2,55;;;6
SA-A025-CRI-COM;Samsung;Galaxy A02s;Cristal de pantalla;Compatible;3,49;;;6
SA-A025-FPR-COM;Samsung;Galaxy A02s;Flex principal;Compatible;2,65;;;6
SA-A025-VIB-COM;Samsung;Galaxy A02s;Vibrador;Compatible;1,30;;;6
SA-A025-ANT-COM;Samsung;Galaxy A02s;Antena / coaxial;Compatible;4,80;;;6
SA-A025-HUE-COM;Samsung;Galaxy A02s;Botón home / huella;Compatible;7,69;;;6
SA-A426-MAR-COM;Samsung;Galaxy A42 5G;Marco / chasis;Compatible;6,89;;;6
SA-A426-BOT-COM;Samsung;Galaxy A42 5G;Botones laterales;Compatible;2,95;;;6
SA-A426-CRI-COM;Samsung;Galaxy A42 5G;Cristal de pantalla;Compatible;4,00;;;6
SA-A426-FPR-COM;Samsung;Galaxy A42 5G;Flex principal;Compatible;3,05;;;6
SA-A426-VIB-COM;Samsung;Galaxy A42 5G;Vibrador;Compatible;1,50;;;6
SA-A426-ANT-COM;Samsung;Galaxy A42 5G;Antena / coaxial;Compatible;5,50;;;6
SA-A426-HUE-COM;Samsung;Galaxy A42 5G;Botón home / huella;Compatible;8,85;;;6
SA-A125-MAR-COM;Samsung;Galaxy A12;Marco / chasis;Compatible;5,99;;;6
SA-A125-BOT-COM;Samsung;Galaxy A12;Botones laterales;Compatible;2,55;;;6
SA-A125-CRI-COM;Samsung;Galaxy A12;Cristal de pantalla;Compatible;3,49;;;6
SA-A125-FPR-COM;Samsung;Galaxy A12;Flex principal;Compatible;2,65;;;6
SA-A125-VIB-COM;Samsung;Galaxy A12;Vibrador;Compatible;1,30;;;6
SA-A125-ANT-COM;Samsung;Galaxy A12;Antena / coaxial;Compatible;4,80;;;6
SA-A125-HUE-COM;Samsung;Galaxy A12;Botón home / huella;Compatible;7,69;;;6
SA-A326-MAR-COM;Samsung;Galaxy A32 5G;Marco / chasis;Compatible;6,89;;;6
SA-A326-BOT-COM;Samsung;Galaxy A32 5G;Botones laterales;Compatible;2,95;;;6
SA-A326-CRI-COM;Samsung;Galaxy A32 5G;Cristal de pantalla;Compatible;4,00;;;6
SA-A326-FPR-COM;Samsung;Galaxy A32 5G;Flex principal;Compatible;3,05;;;6
SA-A326-VIB-COM;Samsung;Galaxy A32 5G;Vibrador;Compatible;1,50;;;6
SA-A326-ANT-COM;Samsung;Galaxy A32 5G;Antena / coaxial;Compatible;5,50;;;6
SA-A326-HUE-COM;Samsung;Galaxy A32 5G;Botón home / huella;Compatible;8,85;;;6
SA-A325-MAR-COM;Samsung;Galaxy A32;Marco / chasis;Compatible;6,89;;;6
SA-A325-BOT-COM;Samsung;Galaxy A32;Botones laterales;Compatible;2,95;;;6
SA-A325-CRI-COM;Samsung;Galaxy A32;Cristal de pantalla;Compatible;4,00;;;6
SA-A325-FPR-COM;Samsung;Galaxy A32;Flex principal;Compatible;3,05;;;6
SA-A325-VIB-COM;Samsung;Galaxy A32;Vibrador;Compatible;1,50;;;6
SA-A325-ANT-COM;Samsung;Galaxy A32;Antena / coaxial;Compatible;5,50;;;6
SA-A325-HUE-COM;Samsung;Galaxy A32;Botón home / huella;Compatible;8,85;;;6
SA-A525-MAR-COM;Samsung;Galaxy A52;Marco / chasis;Compatible;7,85;;;6
SA-A525-BOT-COM;Samsung;Galaxy A52;Botones laterales;Compatible;3,35;;;6
SA-A525-CRI-COM;Samsung;Galaxy A52;Cristal de pantalla;Compatible;4,59;;;6
SA-A525-FPR-COM;Samsung;Galaxy A52;Flex principal;Compatible;3,45;;;6
SA-A525-VIB-COM;Samsung;Galaxy A52;Vibrador;Compatible;1,70;;;6
SA-A525-ANT-COM;Samsung;Galaxy A52;Antena / coaxial;Compatible;6,30;;;6
SA-A525-HUE-COM;Samsung;Galaxy A52;Botón home / huella;Compatible;10,09;9,79;9,48;6
SA-A526-MAR-COM;Samsung;Galaxy A52 5G;Marco / chasis;Compatible;7,85;;;6
SA-A526-BOT-COM;Samsung;Galaxy A52 5G;Botones laterales;Compatible;3,35;;;6
SA-A526-CRI-COM;Samsung;Galaxy A52 5G;Cristal de pantalla;Compatible;4,59;;;6
SA-A526-FPR-COM;Samsung;Galaxy A52 5G;Flex principal;Compatible;3,45;;;6
SA-A526-VIB-COM;Samsung;Galaxy A52 5G;Vibrador;Compatible;1,70;;;6
SA-A526-ANT-COM;Samsung;Galaxy A52 5G;Antena / coaxial;Compatible;6,30;;;6
SA-A526-HUE-COM;Samsung;Galaxy A52 5G;Botón home / huella;Compatible;10,09;9,79;9,48;6
SA-A725-MAR-COM;Samsung;Galaxy A72;Marco / chasis;Compatible;7,85;;;6
SA-A725-BOT-COM;Samsung;Galaxy A72;Botones laterales;Compatible;3,35;;;6
SA-A725-CRI-COM;Samsung;Galaxy A72;Cristal de pantalla;Compatible;4,59;;;6
SA-A725-FPR-COM;Samsung;Galaxy A72;Flex principal;Compatible;3,45;;;6
SA-A725-VIB-COM;Samsung;Galaxy A72;Vibrador;Compatible;1,70;;;6
SA-A725-ANT-COM;Samsung;Galaxy A72;Antena / coaxial;Compatible;6,30;;;6
SA-A725-HUE-COM;Samsung;Galaxy A72;Botón home / huella;Compatible;10,09;9,79;9,48;6
SA-A226-MAR-COM;Samsung;Galaxy A22 5G;Marco / chasis;Compatible;6,89;;;6
SA-A226-BOT-COM;Samsung;Galaxy A22 5G;Botones laterales;Compatible;2,95;;;6
SA-A226-CRI-COM;Samsung;Galaxy A22 5G;Cristal de pantalla;Compatible;4,00;;;6
SA-A226-FPR-COM;Samsung;Galaxy A22 5G;Flex principal;Compatible;3,05;;;6
SA-A226-VIB-COM;Samsung;Galaxy A22 5G;Vibrador;Compatible;1,50;;;6
SA-A226-ANT-COM;Samsung;Galaxy A22 5G;Antena / coaxial;Compatible;5,50;;;6
SA-A226-HUE-COM;Samsung;Galaxy A22 5G;Botón home / huella;Compatible;8,85;;;6
SA-A225-MAR-COM;Samsung;Galaxy A22;Marco / chasis;Compatible;6,89;;;6
SA-A225-BOT-COM;Samsung;Galaxy A22;Botones laterales;Compatible;2,95;;;6
SA-A225-CRI-COM;Samsung;Galaxy A22;Cristal de pantalla;Compatible;4,00;;;6
SA-A225-FPR-COM;Samsung;Galaxy A22;Flex principal;Compatible;3,05;;;6
SA-A225-VIB-COM;Samsung;Galaxy A22;Vibrador;Compatible;1,50;;;6
SA-A225-ANT-COM;Samsung;Galaxy A22;Antena / coaxial;Compatible;5,50;;;6
SA-A225-HUE-COM;Samsung;Galaxy A22;Botón home / huella;Compatible;8,85;;;6
SA-A037-MAR-COM;Samsung;Galaxy A03s;Marco / chasis;Compatible;5,99;;;6
SA-A037-BOT-COM;Samsung;Galaxy A03s;Botones laterales;Compatible;2,55;;;6
SA-A037-CRI-COM;Samsung;Galaxy A03s;Cristal de pantalla;Compatible;3,49;;;6
SA-A037-FPR-COM;Samsung;Galaxy A03s;Flex principal;Compatible;2,65;;;6
SA-A037-VIB-COM;Samsung;Galaxy A03s;Vibrador;Compatible;1,30;;;6
SA-A037-ANT-COM;Samsung;Galaxy A03s;Antena / coaxial;Compatible;4,80;;;6
SA-A037-HUE-COM;Samsung;Galaxy A03s;Botón home / huella;Compatible;7,69;;;6
SA-A528-MAR-COM;Samsung;Galaxy A52s 5G;Marco / chasis;Compatible;7,85;;;6
SA-A528-BOT-COM;Samsung;Galaxy A52s 5G;Botones laterales;Compatible;3,35;;;6
SA-A528-CRI-COM;Samsung;Galaxy A52s 5G;Cristal de pantalla;Compatible;4,59;;;6
SA-A528-FPR-COM;Samsung;Galaxy A52s 5G;Flex principal;Compatible;3,45;;;6
SA-A528-VIB-COM;Samsung;Galaxy A52s 5G;Vibrador;Compatible;1,70;;;6
SA-A528-ANT-COM;Samsung;Galaxy A52s 5G;Antena / coaxial;Compatible;6,30;;;6
SA-A528-HUE-COM;Samsung;Galaxy A52s 5G;Botón home / huella;Compatible;10,09;9,79;9,48;6
SA-A035-MAR-COM;Samsung;Galaxy A03;Marco / chasis;Compatible;5,99;;;6
SA-A035-BOT-COM;Samsung;Galaxy A03;Botones laterales;Compatible;2,55;;;6
SA-A035-CRI-COM;Samsung;Galaxy A03;Cristal de pantalla;Compatible;3,49;;;6
SA-A035-FPR-COM;Samsung;Galaxy A03;Flex principal;Compatible;2,65;;;6
SA-A035-VIB-COM;Samsung;Galaxy A03;Vibrador;Compatible;1,30;;;6
SA-A035-ANT-COM;Samsung;Galaxy A03;Antena / coaxial;Compatible;4,80;;;6
SA-A035-HUE-COM;Samsung;Galaxy A03;Botón home / huella;Compatible;7,69;;;6
SA-A136-MAR-COM;Samsung;Galaxy A13 5G;Marco / chasis;Compatible;5,99;;;6
SA-A136-BOT-COM;Samsung;Galaxy A13 5G;Botones laterales;Compatible;2,55;;;6
SA-A136-CRI-COM;Samsung;Galaxy A13 5G;Cristal de pantalla;Compatible;3,49;;;6
SA-A136-FPR-COM;Samsung;Galaxy A13 5G;Flex principal;Compatible;2,65;;;6
SA-A136-VIB-COM;Samsung;Galaxy A13 5G;Vibrador;Compatible;1,30;;;6
SA-A136-ANT-COM;Samsung;Galaxy A13 5G;Antena / coaxial;Compatible;4,80;;;6
SA-A136-HUE-COM;Samsung;Galaxy A13 5G;Botón home / huella;Compatible;7,69;;;6
SA-A135-MAR-COM;Samsung;Galaxy A13;Marco / chasis;Compatible;5,99;;;6
SA-A135-BOT-COM;Samsung;Galaxy A13;Botones laterales;Compatible;2,55;;;6
SA-A135-CRI-COM;Samsung;Galaxy A13;Cristal de pantalla;Compatible;3,49;;;6
SA-A135-FPR-COM;Samsung;Galaxy A13;Flex principal;Compatible;2,65;;;6
SA-A135-VIB-COM;Samsung;Galaxy A13;Vibrador;Compatible;1,30;;;6
SA-A135-ANT-COM;Samsung;Galaxy A13;Antena / coaxial;Compatible;4,80;;;6
SA-A135-HUE-COM;Samsung;Galaxy A13;Botón home / huella;Compatible;7,69;;;6
SA-A336-MAR-COM;Samsung;Galaxy A33 5G;Marco / chasis;Compatible;6,89;;;6
SA-A336-BOT-COM;Samsung;Galaxy A33 5G;Botones laterales;Compatible;2,95;;;6
SA-A336-CRI-COM;Samsung;Galaxy A33 5G;Cristal de pantalla;Compatible;4,00;;;6
SA-A336-FPR-COM;Samsung;Galaxy A33 5G;Flex principal;Compatible;3,05;;;6
SA-A336-VIB-COM;Samsung;Galaxy A33 5G;Vibrador;Compatible;1,50;;;6
SA-A336-ANT-COM;Samsung;Galaxy A33 5G;Antena / coaxial;Compatible;5,50;;;6
SA-A336-HUE-COM;Samsung;Galaxy A33 5G;Botón home / huella;Compatible;8,85;;;6
SA-A536-MAR-COM;Samsung;Galaxy A53 5G;Marco / chasis;Compatible;7,85;;;6
SA-A536-BOT-COM;Samsung;Galaxy A53 5G;Botones laterales;Compatible;3,35;;;6
SA-A536-CRI-COM;Samsung;Galaxy A53 5G;Cristal de pantalla;Compatible;4,59;;;6
SA-A536-FPR-COM;Samsung;Galaxy A53 5G;Flex principal;Compatible;3,45;;;6
SA-A536-VIB-COM;Samsung;Galaxy A53 5G;Vibrador;Compatible;1,70;;;6
SA-A536-ANT-COM;Samsung;Galaxy A53 5G;Antena / coaxial;Compatible;6,30;;;6
SA-A536-HUE-COM;Samsung;Galaxy A53 5G;Botón home / huella;Compatible;10,09;9,79;9,48;6
SA-A047-MAR-COM;Samsung;Galaxy A04s;Marco / chasis;Compatible;5,99;;;6
SA-A047-BOT-COM;Samsung;Galaxy A04s;Botones laterales;Compatible;2,55;;;6
SA-A047-CRI-COM;Samsung;Galaxy A04s;Cristal de pantalla;Compatible;3,49;;;6
SA-A047-FPR-COM;Samsung;Galaxy A04s;Flex principal;Compatible;2,65;;;6
SA-A047-VIB-COM;Samsung;Galaxy A04s;Vibrador;Compatible;1,30;;;6
SA-A047-ANT-COM;Samsung;Galaxy A04s;Antena / coaxial;Compatible;4,80;;;6
SA-A047-HUE-COM;Samsung;Galaxy A04s;Botón home / huella;Compatible;7,69;;;6
SA-A236-MAR-COM;Samsung;Galaxy A23 5G;Marco / chasis;Compatible;6,89;;;6
SA-A236-BOT-COM;Samsung;Galaxy A23 5G;Botones laterales;Compatible;2,95;;;6
SA-A236-CRI-COM;Samsung;Galaxy A23 5G;Cristal de pantalla;Compatible;4,00;;;6
SA-A236-FPR-COM;Samsung;Galaxy A23 5G;Flex principal;Compatible;3,05;;;6
SA-A236-VIB-COM;Samsung;Galaxy A23 5G;Vibrador;Compatible;1,50;;;6
SA-A236-ANT-COM;Samsung;Galaxy A23 5G;Antena / coaxial;Compatible;5,50;;;6
SA-A236-HUE-COM;Samsung;Galaxy A23 5G;Botón home / huella;Compatible;8,85;;;6
SA-A146-MAR-COM;Samsung;Galaxy A14 5G;Marco / chasis;Compatible;5,99;;;6
SA-A146-BOT-COM;Samsung;Galaxy A14 5G;Botones laterales;Compatible;2,55;;;6
SA-A146-CRI-COM;Samsung;Galaxy A14 5G;Cristal de pantalla;Compatible;3,49;;;6
SA-A146-FPR-COM;Samsung;Galaxy A14 5G;Flex principal;Compatible;2,65;;;6
SA-A146-VIB-COM;Samsung;Galaxy A14 5G;Vibrador;Compatible;1,30;;;6
SA-A146-ANT-COM;Samsung;Galaxy A14 5G;Antena / coaxial;Compatible;4,80;;;6
SA-A146-HUE-COM;Samsung;Galaxy A14 5G;Botón home / huella;Compatible;7,69;;;6
SA-A145-MAR-COM;Samsung;Galaxy A14;Marco / chasis;Compatible;5,99;;;6
SA-A145-BOT-COM;Samsung;Galaxy A14;Botones laterales;Compatible;2,55;;;6
SA-A145-CRI-COM;Samsung;Galaxy A14;Cristal de pantalla;Compatible;3,49;;;6
SA-A145-FPR-COM;Samsung;Galaxy A14;Flex principal;Compatible;2,65;;;6
SA-A145-VIB-COM;Samsung;Galaxy A14;Vibrador;Compatible;1,30;;;6
SA-A145-ANT-COM;Samsung;Galaxy A14;Antena / coaxial;Compatible;4,80;;;6
SA-A145-HUE-COM;Samsung;Galaxy A14;Botón home / huella;Compatible;7,69;;;6
SA-A346-MAR-COM;Samsung;Galaxy A34 5G;Marco / chasis;Compatible;6,89;;;6
SA-A346-BOT-COM;Samsung;Galaxy A34 5G;Botones laterales;Compatible;2,95;;;6
SA-A346-CRI-COM;Samsung;Galaxy A34 5G;Cristal de pantalla;Compatible;4,00;;;6
SA-A346-FPR-COM;Samsung;Galaxy A34 5G;Flex principal;Compatible;3,05;;;6
SA-A346-VIB-COM;Samsung;Galaxy A34 5G;Vibrador;Compatible;1,50;;;6
SA-A346-ANT-COM;Samsung;Galaxy A34 5G;Antena / coaxial;Compatible;5,50;;;6
SA-A346-HUE-COM;Samsung;Galaxy A34 5G;Botón home / huella;Compatible;8,85;;;6
SA-A546-MAR-COM;Samsung;Galaxy A54 5G;Marco / chasis;Compatible;7,85;;;6
SA-A546-BOT-COM;Samsung;Galaxy A54 5G;Botones laterales;Compatible;3,35;;;6
SA-A546-CRI-COM;Samsung;Galaxy A54 5G;Cristal de pantalla;Compatible;4,59;;;6
SA-A546-FPR-COM;Samsung;Galaxy A54 5G;Flex principal;Compatible;3,45;;;6
SA-A546-VIB-COM;Samsung;Galaxy A54 5G;Vibrador;Compatible;1,70;;;6
SA-A546-ANT-COM;Samsung;Galaxy A54 5G;Antena / coaxial;Compatible;6,30;;;6
SA-A546-HUE-COM;Samsung;Galaxy A54 5G;Botón home / huella;Compatible;10,09;9,79;9,48;6
SA-A057-MAR-COM;Samsung;Galaxy A05s;Marco / chasis;Compatible;5,99;;;6
SA-A057-BOT-COM;Samsung;Galaxy A05s;Botones laterales;Compatible;2,55;;;6
SA-A057-CRI-COM;Samsung;Galaxy A05s;Cristal de pantalla;Compatible;3,49;;;6
SA-A057-FPR-COM;Samsung;Galaxy A05s;Flex principal;Compatible;2,65;;;6
SA-A057-VIB-COM;Samsung;Galaxy A05s;Vibrador;Compatible;1,30;;;6
SA-A057-ANT-COM;Samsung;Galaxy A05s;Antena / coaxial;Compatible;4,80;;;6
SA-A057-HUE-COM;Samsung;Galaxy A05s;Botón home / huella;Compatible;7,69;;;6
SA-A155-MAR-COM;Samsung;Galaxy A15;Marco / chasis;Compatible;5,99;;;6
SA-A155-BOT-COM;Samsung;Galaxy A15;Botones laterales;Compatible;2,55;;;6
SA-A155-CRI-COM;Samsung;Galaxy A15;Cristal de pantalla;Compatible;3,49;;;6
SA-A155-FPR-COM;Samsung;Galaxy A15;Flex principal;Compatible;2,65;;;6
SA-A155-VIB-COM;Samsung;Galaxy A15;Vibrador;Compatible;1,30;;;6
SA-A155-ANT-COM;Samsung;Galaxy A15;Antena / coaxial;Compatible;4,80;;;6
SA-A155-HUE-COM;Samsung;Galaxy A15;Botón home / huella;Compatible;7,69;;;6
SA-A156-MAR-COM;Samsung;Galaxy A15 5G;Marco / chasis;Compatible;5,99;;;6
SA-A156-BOT-COM;Samsung;Galaxy A15 5G;Botones laterales;Compatible;2,55;;;6
SA-A156-CRI-COM;Samsung;Galaxy A15 5G;Cristal de pantalla;Compatible;3,49;;;6
SA-A156-FPR-COM;Samsung;Galaxy A15 5G;Flex principal;Compatible;2,65;;;6
SA-A156-VIB-COM;Samsung;Galaxy A15 5G;Vibrador;Compatible;1,30;;;6
SA-A156-ANT-COM;Samsung;Galaxy A15 5G;Antena / coaxial;Compatible;4,80;;;6
SA-A156-HUE-COM;Samsung;Galaxy A15 5G;Botón home / huella;Compatible;7,69;;;6
SA-A256-MAR-COM;Samsung;Galaxy A25 5G;Marco / chasis;Compatible;6,89;;;6
SA-A256-BOT-COM;Samsung;Galaxy A25 5G;Botones laterales;Compatible;2,95;;;6
SA-A256-CRI-COM;Samsung;Galaxy A25 5G;Cristal de pantalla;Compatible;4,00;;;6
SA-A256-FPR-COM;Samsung;Galaxy A25 5G;Flex principal;Compatible;3,05;;;6
SA-A256-VIB-COM;Samsung;Galaxy A25 5G;Vibrador;Compatible;1,50;;;6
SA-A256-ANT-COM;Samsung;Galaxy A25 5G;Antena / coaxial;Compatible;5,50;;;6
SA-A256-HUE-COM;Samsung;Galaxy A25 5G;Botón home / huella;Compatible;8,85;;;6
SA-A356-MAR-COM;Samsung;Galaxy A35 5G;Marco / chasis;Compatible;7,55;;;6
SA-A356-BOT-COM;Samsung;Galaxy A35 5G;Botones laterales;Compatible;3,25;;;6
SA-A356-CRI-COM;Samsung;Galaxy A35 5G;Cristal de pantalla;Compatible;4,40;;;6
SA-A356-FPR-COM;Samsung;Galaxy A35 5G;Flex principal;Compatible;3,35;;;6
SA-A356-VIB-COM;Samsung;Galaxy A35 5G;Vibrador;Compatible;1,65;;;6
SA-A356-ANT-COM;Samsung;Galaxy A35 5G;Antena / coaxial;Compatible;6,05;;;6
SA-A356-HUE-COM;Samsung;Galaxy A35 5G;Botón home / huella;Compatible;9,70;;;6
SA-A556-MAR-COM;Samsung;Galaxy A55 5G;Marco / chasis;Compatible;8,65;;;6
SA-A556-BOT-COM;Samsung;Galaxy A55 5G;Botones laterales;Compatible;3,70;;;6
SA-A556-CRI-COM;Samsung;Galaxy A55 5G;Cristal de pantalla;Compatible;5,05;;;6
SA-A556-FPR-COM;Samsung;Galaxy A55 5G;Flex principal;Compatible;3,80;;;6
SA-A556-VIB-COM;Samsung;Galaxy A55 5G;Vibrador;Compatible;1,89;;;6
SA-A556-ANT-COM;Samsung;Galaxy A55 5G;Antena / coaxial;Compatible;6,95;;;6
SA-A556-HUE-COM;Samsung;Galaxy A55 5G;Botón home / huella;Compatible;11,09;10,76;10,42;6
SA-A065-MAR-COM;Samsung;Galaxy A06;Marco / chasis;Compatible;6,59;;;6
SA-A065-BOT-COM;Samsung;Galaxy A06;Botones laterales;Compatible;2,80;;;6
SA-A065-CRI-COM;Samsung;Galaxy A06;Cristal de pantalla;Compatible;3,85;;;6
SA-A065-FPR-COM;Samsung;Galaxy A06;Flex principal;Compatible;2,90;;;6
SA-A065-VIB-COM;Samsung;Galaxy A06;Vibrador;Compatible;1,45;;;6
SA-A065-ANT-COM;Samsung;Galaxy A06;Antena / coaxial;Compatible;5,29;;;6
SA-A065-HUE-COM;Samsung;Galaxy A06;Botón home / huella;Compatible;8,45;;;6
SA-A166-MAR-COM;Samsung;Galaxy A16 5G;Marco / chasis;Compatible;6,59;;;6
SA-A166-BOT-COM;Samsung;Galaxy A16 5G;Botones laterales;Compatible;2,80;;;6
SA-A166-CRI-COM;Samsung;Galaxy A16 5G;Cristal de pantalla;Compatible;3,85;;;6
SA-A166-FPR-COM;Samsung;Galaxy A16 5G;Flex principal;Compatible;2,90;;;6
SA-A166-VIB-COM;Samsung;Galaxy A16 5G;Vibrador;Compatible;1,45;;;6
SA-A166-ANT-COM;Samsung;Galaxy A16 5G;Antena / coaxial;Compatible;5,29;;;6
SA-A166-HUE-COM;Samsung;Galaxy A16 5G;Botón home / huella;Compatible;8,45;;;6
SA-A165-MAR-COM;Samsung;Galaxy A16;Marco / chasis;Compatible;6,59;;;6
SA-A165-BOT-COM;Samsung;Galaxy A16;Botones laterales;Compatible;2,80;;;6
SA-A165-CRI-COM;Samsung;Galaxy A16;Cristal de pantalla;Compatible;3,85;;;6
SA-A165-FPR-COM;Samsung;Galaxy A16;Flex principal;Compatible;2,90;;;6
SA-A165-VIB-COM;Samsung;Galaxy A16;Vibrador;Compatible;1,45;;;6
SA-A165-ANT-COM;Samsung;Galaxy A16;Antena / coaxial;Compatible;5,29;;;6
SA-A165-HUE-COM;Samsung;Galaxy A16;Botón home / huella;Compatible;8,45;;;6
SA-A266-MAR-COM;Samsung;Galaxy A26 5G;Marco / chasis;Compatible;7,55;;;6
SA-A266-BOT-COM;Samsung;Galaxy A26 5G;Botones laterales;Compatible;3,25;;;6
SA-A266-CRI-COM;Samsung;Galaxy A26 5G;Cristal de pantalla;Compatible;4,40;;;6
SA-A266-FPR-COM;Samsung;Galaxy A26 5G;Flex principal;Compatible;3,35;;;6
SA-A266-VIB-COM;Samsung;Galaxy A26 5G;Vibrador;Compatible;1,65;;;6
SA-A266-ANT-COM;Samsung;Galaxy A26 5G;Antena / coaxial;Compatible;6,05;;;6
SA-A266-HUE-COM;Samsung;Galaxy A26 5G;Botón home / huella;Compatible;9,70;;;6
SA-A366-MAR-COM;Samsung;Galaxy A36 5G;Marco / chasis;Compatible;7,55;;;6
SA-A366-BOT-COM;Samsung;Galaxy A36 5G;Botones laterales;Compatible;3,25;;;6
SA-A366-CRI-COM;Samsung;Galaxy A36 5G;Cristal de pantalla;Compatible;4,40;;;6
SA-A366-FPR-COM;Samsung;Galaxy A36 5G;Flex principal;Compatible;3,35;;;6
SA-A366-VIB-COM;Samsung;Galaxy A36 5G;Vibrador;Compatible;1,65;;;6
SA-A366-ANT-COM;Samsung;Galaxy A36 5G;Antena / coaxial;Compatible;6,05;;;6
SA-A366-HUE-COM;Samsung;Galaxy A36 5G;Botón home / huella;Compatible;9,70;;;6
SA-A566-MAR-COM;Samsung;Galaxy A56 5G;Marco / chasis;Compatible;8,65;;;6
SA-A566-BOT-COM;Samsung;Galaxy A56 5G;Botones laterales;Compatible;3,70;;;6
SA-A566-CRI-COM;Samsung;Galaxy A56 5G;Cristal de pantalla;Compatible;5,05;;;6
SA-A566-FPR-COM;Samsung;Galaxy A56 5G;Flex principal;Compatible;3,80;;;6
SA-A566-VIB-COM;Samsung;Galaxy A56 5G;Vibrador;Compatible;1,89;;;6
SA-A566-ANT-COM;Samsung;Galaxy A56 5G;Antena / coaxial;Compatible;6,95;;;6
SA-A566-HUE-COM;Samsung;Galaxy A56 5G;Botón home / huella;Compatible;11,09;10,76;10,42;6
SA-A075-MAR-COM;Samsung;Galaxy A07;Marco / chasis;Compatible;6,59;;;6
SA-A075-BOT-COM;Samsung;Galaxy A07;Botones laterales;Compatible;2,80;;;6
SA-A075-CRI-COM;Samsung;Galaxy A07;Cristal de pantalla;Compatible;3,85;;;6
SA-A075-FPR-COM;Samsung;Galaxy A07;Flex principal;Compatible;2,90;;;6
SA-A075-VIB-COM;Samsung;Galaxy A07;Vibrador;Compatible;1,45;;;6
SA-A075-ANT-COM;Samsung;Galaxy A07;Antena / coaxial;Compatible;5,29;;;6
SA-A075-HUE-COM;Samsung;Galaxy A07;Botón home / huella;Compatible;8,45;;;6
SA-A176-MAR-COM;Samsung;Galaxy A17 5G;Marco / chasis;Compatible;6,59;;;6
SA-A176-BOT-COM;Samsung;Galaxy A17 5G;Botones laterales;Compatible;2,80;;;6
SA-A176-CRI-COM;Samsung;Galaxy A17 5G;Cristal de pantalla;Compatible;3,85;;;6
SA-A176-FPR-COM;Samsung;Galaxy A17 5G;Flex principal;Compatible;2,90;;;6
SA-A176-VIB-COM;Samsung;Galaxy A17 5G;Vibrador;Compatible;1,45;;;6
SA-A176-ANT-COM;Samsung;Galaxy A17 5G;Antena / coaxial;Compatible;5,29;;;6
SA-A176-HUE-COM;Samsung;Galaxy A17 5G;Botón home / huella;Compatible;8,45;;;6
SA-A175-MAR-COM;Samsung;Galaxy A17;Marco / chasis;Compatible;6,59;;;6
SA-A175-BOT-COM;Samsung;Galaxy A17;Botones laterales;Compatible;2,80;;;6
SA-A175-CRI-COM;Samsung;Galaxy A17;Cristal de pantalla;Compatible;3,85;;;6
SA-A175-FPR-COM;Samsung;Galaxy A17;Flex principal;Compatible;2,90;;;6
SA-A175-VIB-COM;Samsung;Galaxy A17;Vibrador;Compatible;1,45;;;6
SA-A175-ANT-COM;Samsung;Galaxy A17;Antena / coaxial;Compatible;5,29;;;6
SA-A175-HUE-COM;Samsung;Galaxy A17;Botón home / huella;Compatible;8,45;;;6
SA-A376-MAR-COM;Samsung;Galaxy A37 5G;Marco / chasis;Compatible;7,55;;;6
SA-A376-BOT-COM;Samsung;Galaxy A37 5G;Botones laterales;Compatible;3,25;;;6
SA-A376-CRI-COM;Samsung;Galaxy A37 5G;Cristal de pantalla;Compatible;4,40;;;6
SA-A376-FPR-COM;Samsung;Galaxy A37 5G;Flex principal;Compatible;3,35;;;6
SA-A376-VIB-COM;Samsung;Galaxy A37 5G;Vibrador;Compatible;1,65;;;6
SA-A376-ANT-COM;Samsung;Galaxy A37 5G;Antena / coaxial;Compatible;6,05;;;6
SA-A376-HUE-COM;Samsung;Galaxy A37 5G;Botón home / huella;Compatible;9,70;;;6
SA-A576-MAR-COM;Samsung;Galaxy A57 5G;Marco / chasis;Compatible;8,65;;;6
SA-A576-BOT-COM;Samsung;Galaxy A57 5G;Botones laterales;Compatible;3,70;;;6
SA-A576-CRI-COM;Samsung;Galaxy A57 5G;Cristal de pantalla;Compatible;5,05;;;6
SA-A576-FPR-COM;Samsung;Galaxy A57 5G;Flex principal;Compatible;3,80;;;6
SA-A576-VIB-COM;Samsung;Galaxy A57 5G;Vibrador;Compatible;1,89;;;6
SA-A576-ANT-COM;Samsung;Galaxy A57 5G;Antena / coaxial;Compatible;6,95;;;6
SA-A576-HUE-COM;Samsung;Galaxy A57 5G;Botón home / huella;Compatible;11,09;10,76;10,42;6
SA-A276-MAR-COM;Samsung;Galaxy A27 5G;Marco / chasis;Compatible;7,55;;;6
SA-A276-BOT-COM;Samsung;Galaxy A27 5G;Botones laterales;Compatible;3,25;;;6
SA-A276-CRI-COM;Samsung;Galaxy A27 5G;Cristal de pantalla;Compatible;4,40;;;6
SA-A276-FPR-COM;Samsung;Galaxy A27 5G;Flex principal;Compatible;3,35;;;6
SA-A276-VIB-COM;Samsung;Galaxy A27 5G;Vibrador;Compatible;1,65;;;6
SA-A276-ANT-COM;Samsung;Galaxy A27 5G;Antena / coaxial;Compatible;6,05;;;6
SA-A276-HUE-COM;Samsung;Galaxy A27 5G;Botón home / huella;Compatible;9,70;;;6
SA-M205-MAR-COM;Samsung;Galaxy M20;Marco / chasis;Compatible;6,19;;;6
SA-M205-BOT-COM;Samsung;Galaxy M20;Botones laterales;Compatible;2,65;;;6
SA-M205-CRI-COM;Samsung;Galaxy M20;Cristal de pantalla;Compatible;3,60;;;6
SA-M205-FPR-COM;Samsung;Galaxy M20;Flex principal;Compatible;2,75;;;6
SA-M205-VIB-COM;Samsung;Galaxy M20;Vibrador;Compatible;1,35;;;6
SA-M205-ANT-COM;Samsung;Galaxy M20;Antena / coaxial;Compatible;4,95;;;6
SA-M205-HUE-COM;Samsung;Galaxy M20;Botón home / huella;Compatible;7,95;;;6
SA-M307-MAR-COM;Samsung;Galaxy M30s;Marco / chasis;Compatible;6,19;;;6
SA-M307-BOT-COM;Samsung;Galaxy M30s;Botones laterales;Compatible;2,65;;;6
SA-M307-CRI-COM;Samsung;Galaxy M30s;Cristal de pantalla;Compatible;3,60;;;6
SA-M307-FPR-COM;Samsung;Galaxy M30s;Flex principal;Compatible;2,75;;;6
SA-M307-VIB-COM;Samsung;Galaxy M30s;Vibrador;Compatible;1,35;;;6
SA-M307-ANT-COM;Samsung;Galaxy M30s;Antena / coaxial;Compatible;4,95;;;6
SA-M307-HUE-COM;Samsung;Galaxy M30s;Botón home / huella;Compatible;7,95;;;6
SA-M115-MAR-COM;Samsung;Galaxy M11;Marco / chasis;Compatible;5,99;;;6
SA-M115-BOT-COM;Samsung;Galaxy M11;Botones laterales;Compatible;2,55;;;6
SA-M115-CRI-COM;Samsung;Galaxy M11;Cristal de pantalla;Compatible;3,49;;;6
SA-M115-FPR-COM;Samsung;Galaxy M11;Flex principal;Compatible;2,65;;;6
SA-M115-VIB-COM;Samsung;Galaxy M11;Vibrador;Compatible;1,30;;;6
SA-M115-ANT-COM;Samsung;Galaxy M11;Antena / coaxial;Compatible;4,80;;;6
SA-M115-HUE-COM;Samsung;Galaxy M11;Botón home / huella;Compatible;7,69;;;6
SA-M215-MAR-COM;Samsung;Galaxy M21;Marco / chasis;Compatible;6,89;;;6
SA-M215-BOT-COM;Samsung;Galaxy M21;Botones laterales;Compatible;2,95;;;6
SA-M215-CRI-COM;Samsung;Galaxy M21;Cristal de pantalla;Compatible;4,00;;;6
SA-M215-FPR-COM;Samsung;Galaxy M21;Flex principal;Compatible;3,05;;;6
SA-M215-VIB-COM;Samsung;Galaxy M21;Vibrador;Compatible;1,50;;;6
SA-M215-ANT-COM;Samsung;Galaxy M21;Antena / coaxial;Compatible;5,50;;;6
SA-M215-HUE-COM;Samsung;Galaxy M21;Botón home / huella;Compatible;8,85;;;6
SA-M315-MAR-COM;Samsung;Galaxy M31;Marco / chasis;Compatible;6,89;;;6
SA-M315-BOT-COM;Samsung;Galaxy M31;Botones laterales;Compatible;2,95;;;6
SA-M315-CRI-COM;Samsung;Galaxy M31;Cristal de pantalla;Compatible;4,00;;;6
SA-M315-FPR-COM;Samsung;Galaxy M31;Flex principal;Compatible;3,05;;;6
SA-M315-VIB-COM;Samsung;Galaxy M31;Vibrador;Compatible;1,50;;;6
SA-M315-ANT-COM;Samsung;Galaxy M31;Antena / coaxial;Compatible;5,50;;;6
SA-M315-HUE-COM;Samsung;Galaxy M31;Botón home / huella;Compatible;8,85;;;6
SA-M317-MAR-COM;Samsung;Galaxy M31s;Marco / chasis;Compatible;6,89;;;6
SA-M317-BOT-COM;Samsung;Galaxy M31s;Botones laterales;Compatible;2,95;;;6
SA-M317-CRI-COM;Samsung;Galaxy M31s;Cristal de pantalla;Compatible;4,00;;;6
SA-M317-FPR-COM;Samsung;Galaxy M31s;Flex principal;Compatible;3,05;;;6
SA-M317-VIB-COM;Samsung;Galaxy M31s;Vibrador;Compatible;1,50;;;6
SA-M317-ANT-COM;Samsung;Galaxy M31s;Antena / coaxial;Compatible;5,50;;;6
SA-M317-HUE-COM;Samsung;Galaxy M31s;Botón home / huella;Compatible;8,85;;;6
SA-M515-MAR-COM;Samsung;Galaxy M51;Marco / chasis;Compatible;7,85;;;6
SA-M515-BOT-COM;Samsung;Galaxy M51;Botones laterales;Compatible;3,35;;;6
SA-M515-CRI-COM;Samsung;Galaxy M51;Cristal de pantalla;Compatible;4,59;;;6
SA-M515-FPR-COM;Samsung;Galaxy M51;Flex principal;Compatible;3,45;;;6
SA-M515-VIB-COM;Samsung;Galaxy M51;Vibrador;Compatible;1,70;;;6
SA-M515-ANT-COM;Samsung;Galaxy M51;Antena / coaxial;Compatible;6,30;;;6
SA-M515-HUE-COM;Samsung;Galaxy M51;Botón home / huella;Compatible;10,09;9,79;9,48;6
SA-M127-MAR-COM;Samsung;Galaxy M12;Marco / chasis;Compatible;5,99;;;6
SA-M127-BOT-COM;Samsung;Galaxy M12;Botones laterales;Compatible;2,55;;;6
SA-M127-CRI-COM;Samsung;Galaxy M12;Cristal de pantalla;Compatible;3,49;;;6
SA-M127-FPR-COM;Samsung;Galaxy M12;Flex principal;Compatible;2,65;;;6
SA-M127-VIB-COM;Samsung;Galaxy M12;Vibrador;Compatible;1,30;;;6
SA-M127-ANT-COM;Samsung;Galaxy M12;Antena / coaxial;Compatible;4,80;;;6
SA-M127-HUE-COM;Samsung;Galaxy M12;Botón home / huella;Compatible;7,69;;;6
SA-M325-MAR-COM;Samsung;Galaxy M32;Marco / chasis;Compatible;6,89;;;6
SA-M325-BOT-COM;Samsung;Galaxy M32;Botones laterales;Compatible;2,95;;;6
SA-M325-CRI-COM;Samsung;Galaxy M32;Cristal de pantalla;Compatible;4,00;;;6
SA-M325-FPR-COM;Samsung;Galaxy M32;Flex principal;Compatible;3,05;;;6
SA-M325-VIB-COM;Samsung;Galaxy M32;Vibrador;Compatible;1,50;;;6
SA-M325-ANT-COM;Samsung;Galaxy M32;Antena / coaxial;Compatible;5,50;;;6
SA-M325-HUE-COM;Samsung;Galaxy M32;Botón home / huella;Compatible;8,85;;;6
SA-M225-MAR-COM;Samsung;Galaxy M22;Marco / chasis;Compatible;6,89;;;6
SA-M225-BOT-COM;Samsung;Galaxy M22;Botones laterales;Compatible;2,95;;;6
SA-M225-CRI-COM;Samsung;Galaxy M22;Cristal de pantalla;Compatible;4,00;;;6
SA-M225-FPR-COM;Samsung;Galaxy M22;Flex principal;Compatible;3,05;;;6
SA-M225-VIB-COM;Samsung;Galaxy M22;Vibrador;Compatible;1,50;;;6
SA-M225-ANT-COM;Samsung;Galaxy M22;Antena / coaxial;Compatible;5,50;;;6
SA-M225-HUE-COM;Samsung;Galaxy M22;Botón home / huella;Compatible;8,85;;;6
SA-M526-MAR-COM;Samsung;Galaxy M52 5G;Marco / chasis;Compatible;7,85;;;6
SA-M526-BOT-COM;Samsung;Galaxy M52 5G;Botones laterales;Compatible;3,35;;;6
SA-M526-CRI-COM;Samsung;Galaxy M52 5G;Cristal de pantalla;Compatible;4,59;;;6
SA-M526-FPR-COM;Samsung;Galaxy M52 5G;Flex principal;Compatible;3,45;;;6
SA-M526-VIB-COM;Samsung;Galaxy M52 5G;Vibrador;Compatible;1,70;;;6
SA-M526-ANT-COM;Samsung;Galaxy M52 5G;Antena / coaxial;Compatible;6,30;;;6
SA-M526-HUE-COM;Samsung;Galaxy M52 5G;Botón home / huella;Compatible;10,09;9,79;9,48;6
SA-M236-MAR-COM;Samsung;Galaxy M23 5G;Marco / chasis;Compatible;6,89;;;6
SA-M236-BOT-COM;Samsung;Galaxy M23 5G;Botones laterales;Compatible;2,95;;;6
SA-M236-CRI-COM;Samsung;Galaxy M23 5G;Cristal de pantalla;Compatible;4,00;;;6
SA-M236-FPR-COM;Samsung;Galaxy M23 5G;Flex principal;Compatible;3,05;;;6
SA-M236-VIB-COM;Samsung;Galaxy M23 5G;Vibrador;Compatible;1,50;;;6
SA-M236-ANT-COM;Samsung;Galaxy M23 5G;Antena / coaxial;Compatible;5,50;;;6
SA-M236-HUE-COM;Samsung;Galaxy M23 5G;Botón home / huella;Compatible;8,85;;;6
SA-M336-MAR-COM;Samsung;Galaxy M33 5G;Marco / chasis;Compatible;6,89;;;6
SA-M336-BOT-COM;Samsung;Galaxy M33 5G;Botones laterales;Compatible;2,95;;;6
SA-M336-CRI-COM;Samsung;Galaxy M33 5G;Cristal de pantalla;Compatible;4,00;;;6
SA-M336-FPR-COM;Samsung;Galaxy M33 5G;Flex principal;Compatible;3,05;;;6
SA-M336-VIB-COM;Samsung;Galaxy M33 5G;Vibrador;Compatible;1,50;;;6
SA-M336-ANT-COM;Samsung;Galaxy M33 5G;Antena / coaxial;Compatible;5,50;;;6
SA-M336-HUE-COM;Samsung;Galaxy M33 5G;Botón home / huella;Compatible;8,85;;;6
SA-M536-MAR-COM;Samsung;Galaxy M53 5G;Marco / chasis;Compatible;7,85;;;6
SA-M536-BOT-COM;Samsung;Galaxy M53 5G;Botones laterales;Compatible;3,35;;;6
SA-M536-CRI-COM;Samsung;Galaxy M53 5G;Cristal de pantalla;Compatible;4,59;;;6
SA-M536-FPR-COM;Samsung;Galaxy M53 5G;Flex principal;Compatible;3,45;;;6
SA-M536-VIB-COM;Samsung;Galaxy M53 5G;Vibrador;Compatible;1,70;;;6
SA-M536-ANT-COM;Samsung;Galaxy M53 5G;Antena / coaxial;Compatible;6,30;;;6
SA-M536-HUE-COM;Samsung;Galaxy M53 5G;Botón home / huella;Compatible;10,09;9,79;9,48;6
SA-M135-MAR-COM;Samsung;Galaxy M13;Marco / chasis;Compatible;5,99;;;6
SA-M135-BOT-COM;Samsung;Galaxy M13;Botones laterales;Compatible;2,55;;;6
SA-M135-CRI-COM;Samsung;Galaxy M13;Cristal de pantalla;Compatible;3,49;;;6
SA-M135-FPR-COM;Samsung;Galaxy M13;Flex principal;Compatible;2,65;;;6
SA-M135-VIB-COM;Samsung;Galaxy M13;Vibrador;Compatible;1,30;;;6
SA-M135-ANT-COM;Samsung;Galaxy M13;Antena / coaxial;Compatible;4,80;;;6
SA-M135-HUE-COM;Samsung;Galaxy M13;Botón home / huella;Compatible;7,69;;;6
SA-M156-MAR-COM;Samsung;Galaxy M15 5G;Marco / chasis;Compatible;6,59;;;6
SA-M156-BOT-COM;Samsung;Galaxy M15 5G;Botones laterales;Compatible;2,80;;;6
SA-M156-CRI-COM;Samsung;Galaxy M15 5G;Cristal de pantalla;Compatible;3,85;;;6
SA-M156-FPR-COM;Samsung;Galaxy M15 5G;Flex principal;Compatible;2,90;;;6
SA-M156-VIB-COM;Samsung;Galaxy M15 5G;Vibrador;Compatible;1,45;;;6
SA-M156-ANT-COM;Samsung;Galaxy M15 5G;Antena / coaxial;Compatible;5,29;;;6
SA-M156-HUE-COM;Samsung;Galaxy M15 5G;Botón home / huella;Compatible;8,45;;;6
SA-M356-MAR-COM;Samsung;Galaxy M35 5G;Marco / chasis;Compatible;7,55;;;6
SA-M356-BOT-COM;Samsung;Galaxy M35 5G;Botones laterales;Compatible;3,25;;;6
SA-M356-CRI-COM;Samsung;Galaxy M35 5G;Cristal de pantalla;Compatible;4,40;;;6
SA-M356-FPR-COM;Samsung;Galaxy M35 5G;Flex principal;Compatible;3,35;;;6
SA-M356-VIB-COM;Samsung;Galaxy M35 5G;Vibrador;Compatible;1,65;;;6
SA-M356-ANT-COM;Samsung;Galaxy M35 5G;Antena / coaxial;Compatible;6,05;;;6
SA-M356-HUE-COM;Samsung;Galaxy M35 5G;Botón home / huella;Compatible;9,70;;;6
SA-G398-MAR-COM;Samsung;Galaxy XCover 4s;Marco / chasis;Compatible;6,19;;;6
SA-G398-BOT-COM;Samsung;Galaxy XCover 4s;Botones laterales;Compatible;2,65;;;6
SA-G398-FPR-COM;Samsung;Galaxy XCover 4s;Flex principal;Compatible;2,75;;;6
SA-G398-VIB-COM;Samsung;Galaxy XCover 4s;Vibrador;Compatible;1,35;;;6
SA-G398-ANT-COM;Samsung;Galaxy XCover 4s;Antena / coaxial;Compatible;4,95;;;6
SA-G398-HUE-COM;Samsung;Galaxy XCover 4s;Botón home / huella;Compatible;7,95;;;6
SA-G715-MAR-COM;Samsung;Galaxy XCover Pro;Marco / chasis;Compatible;6,89;;;6
SA-G715-BOT-COM;Samsung;Galaxy XCover Pro;Botones laterales;Compatible;2,95;;;6
SA-G715-FPR-COM;Samsung;Galaxy XCover Pro;Flex principal;Compatible;3,05;;;6
SA-G715-VIB-COM;Samsung;Galaxy XCover Pro;Vibrador;Compatible;1,50;;;6
SA-G715-ANT-COM;Samsung;Galaxy XCover Pro;Antena / coaxial;Compatible;5,50;;;6
SA-G715-HUE-COM;Samsung;Galaxy XCover Pro;Botón home / huella;Compatible;8,85;;;6
SA-G525-MAR-COM;Samsung;Galaxy XCover 5;Marco / chasis;Compatible;6,89;;;6
SA-G525-BOT-COM;Samsung;Galaxy XCover 5;Botones laterales;Compatible;2,95;;;6
SA-G525-FPR-COM;Samsung;Galaxy XCover 5;Flex principal;Compatible;3,05;;;6
SA-G525-VIB-COM;Samsung;Galaxy XCover 5;Vibrador;Compatible;1,50;;;6
SA-G525-ANT-COM;Samsung;Galaxy XCover 5;Antena / coaxial;Compatible;5,50;;;6
SA-G525-HUE-COM;Samsung;Galaxy XCover 5;Botón home / huella;Compatible;8,85;;;6
SA-G736-MAR-COM;Samsung;Galaxy XCover 6 Pro;Marco / chasis;Compatible;6,89;;;6
SA-G736-BOT-COM;Samsung;Galaxy XCover 6 Pro;Botones laterales;Compatible;2,95;;;6
SA-G736-FPR-COM;Samsung;Galaxy XCover 6 Pro;Flex principal;Compatible;3,05;;;6
SA-G736-VIB-COM;Samsung;Galaxy XCover 6 Pro;Vibrador;Compatible;1,50;;;6
SA-G736-ANT-COM;Samsung;Galaxy XCover 6 Pro;Antena / coaxial;Compatible;5,50;;;6
SA-G736-HUE-COM;Samsung;Galaxy XCover 6 Pro;Botón home / huella;Compatible;8,85;;;6
SA-G556-MAR-COM;Samsung;Galaxy XCover 7;Marco / chasis;Compatible;7,55;;;6
SA-G556-BOT-COM;Samsung;Galaxy XCover 7;Botones laterales;Compatible;3,25;;;6
SA-G556-FPR-COM;Samsung;Galaxy XCover 7;Flex principal;Compatible;3,35;;;6
SA-G556-VIB-COM;Samsung;Galaxy XCover 7;Vibrador;Compatible;1,65;;;6
SA-G556-ANT-COM;Samsung;Galaxy XCover 7;Antena / coaxial;Compatible;6,05;;;6
SA-G556-HUE-COM;Samsung;Galaxy XCover 7;Botón home / huella;Compatible;9,70;;;6
SA-G766-MAR-COM;Samsung;Galaxy XCover 7 Pro;Marco / chasis;Compatible;7,55;;;6
SA-G766-BOT-COM;Samsung;Galaxy XCover 7 Pro;Botones laterales;Compatible;3,25;;;6
SA-G766-FPR-COM;Samsung;Galaxy XCover 7 Pro;Flex principal;Compatible;3,35;;;6
SA-G766-VIB-COM;Samsung;Galaxy XCover 7 Pro;Vibrador;Compatible;1,65;;;6
SA-G766-ANT-COM;Samsung;Galaxy XCover 7 Pro;Antena / coaxial;Compatible;6,05;;;6
SA-G766-HUE-COM;Samsung;Galaxy XCover 7 Pro;Botón home / huella;Compatible;9,70;;;6
SA-A077-MAR-COM;Samsung;Galaxy A07s;Marco / chasis;Compatible;6,59;;;6
SA-A077-BOT-COM;Samsung;Galaxy A07s;Botones laterales;Compatible;2,80;;;6
SA-A077-CRI-COM;Samsung;Galaxy A07s;Cristal de pantalla;Compatible;3,85;;;6
SA-A077-FPR-COM;Samsung;Galaxy A07s;Flex principal;Compatible;2,90;;;6
SA-A077-VIB-COM;Samsung;Galaxy A07s;Vibrador;Compatible;1,45;;;6
SA-A077-ANT-COM;Samsung;Galaxy A07s;Antena / coaxial;Compatible;5,29;;;6
SA-A077-HUE-COM;Samsung;Galaxy A07s;Botón home / huella;Compatible;8,45;;;6
SA-A085-MAR-COM;Samsung;Galaxy A08;Marco / chasis;Compatible;6,59;;;6
SA-A085-BOT-COM;Samsung;Galaxy A08;Botones laterales;Compatible;2,80;;;6
SA-A085-CRI-COM;Samsung;Galaxy A08;Cristal de pantalla;Compatible;3,85;;;6
SA-A085-FPR-COM;Samsung;Galaxy A08;Flex principal;Compatible;2,90;;;6
SA-A085-VIB-COM;Samsung;Galaxy A08;Vibrador;Compatible;1,45;;;6
SA-A085-ANT-COM;Samsung;Galaxy A08;Antena / coaxial;Compatible;5,29;;;6
SA-A085-HUE-COM;Samsung;Galaxy A08;Botón home / huella;Compatible;8,45;;;6
SA-M47-MAR-COM;Samsung;Galaxy M47;Marco / chasis;Compatible;7,55;;;6
SA-M47-BOT-COM;Samsung;Galaxy M47;Botones laterales;Compatible;3,25;;;6
SA-M47-CRI-COM;Samsung;Galaxy M47;Cristal de pantalla;Compatible;4,40;;;6
SA-M47-FPR-COM;Samsung;Galaxy M47;Flex principal;Compatible;3,35;;;6
SA-M47-VIB-COM;Samsung;Galaxy M47;Vibrador;Compatible;1,65;;;6
SA-M47-ANT-COM;Samsung;Galaxy M47;Antena / coaxial;Compatible;6,05;;;6
SA-M47-HUE-COM;Samsung;Galaxy M47;Botón home / huella;Compatible;9,70;;;6
SA-M076-MAR-COM;Samsung;Galaxy M17e;Marco / chasis;Compatible;6,59;;;6
SA-M076-BOT-COM;Samsung;Galaxy M17e;Botones laterales;Compatible;2,80;;;6
SA-M076-CRI-COM;Samsung;Galaxy M17e;Cristal de pantalla;Compatible;3,85;;;6
SA-M076-FPR-COM;Samsung;Galaxy M17e;Flex principal;Compatible;2,90;;;6
SA-M076-VIB-COM;Samsung;Galaxy M17e;Vibrador;Compatible;1,45;;;6
SA-M076-ANT-COM;Samsung;Galaxy M17e;Antena / coaxial;Compatible;5,29;;;6
SA-M076-HUE-COM;Samsung;Galaxy M17e;Botón home / huella;Compatible;8,45;;;6
SA-A076-MAR-COM;Samsung;Galaxy A07 5G;Marco / chasis;Compatible;6,59;;;6
SA-A076-BOT-COM;Samsung;Galaxy A07 5G;Botones laterales;Compatible;2,80;;;6
SA-A076-CRI-COM;Samsung;Galaxy A07 5G;Cristal de pantalla;Compatible;3,85;;;6
SA-A076-FPR-COM;Samsung;Galaxy A07 5G;Flex principal;Compatible;2,90;;;6
SA-A076-VIB-COM;Samsung;Galaxy A07 5G;Vibrador;Compatible;1,45;;;6
SA-A076-ANT-COM;Samsung;Galaxy A07 5G;Antena / coaxial;Compatible;5,29;;;6
SA-A076-HUE-COM;Samsung;Galaxy A07 5G;Botón home / huella;Compatible;8,45;;;6
SA-F968-FPR-COM;Samsung;Galaxy Z TriFold;Flex principal;Compatible;8,15;;;6
SA-F968-VIB-COM;Samsung;Galaxy Z TriFold;Vibrador;Compatible;4,05;;;6
SA-F968-ANT-COM;Samsung;Galaxy Z TriFold;Antena / coaxial;Compatible;14,85;14,40;13,96;6
SA-F968-HUE-COM;Samsung;Galaxy Z TriFold;Botón home / huella;Compatible;23,75;23,04;22,33;6
SA-F968-NFC-COM;Samsung;Galaxy Z TriFold;NFC y carga inalámbrica;Compatible;18,30;17,75;17,20;6
SA-M075-MAR-COM;Samsung;Galaxy M07;Marco / chasis;Compatible;6,59;;;6
SA-M075-BOT-COM;Samsung;Galaxy M07;Botones laterales;Compatible;2,80;;;6
SA-M075-CRI-COM;Samsung;Galaxy M07;Cristal de pantalla;Compatible;3,85;;;6
SA-M075-FPR-COM;Samsung;Galaxy M07;Flex principal;Compatible;2,90;;;6
SA-M075-VIB-COM;Samsung;Galaxy M07;Vibrador;Compatible;1,45;;;6
SA-M075-ANT-COM;Samsung;Galaxy M07;Antena / coaxial;Compatible;5,29;;;6
SA-M075-HUE-COM;Samsung;Galaxy M07;Botón home / huella;Compatible;8,45;;;6
SA-M176-MAR-COM;Samsung;Galaxy M17;Marco / chasis;Compatible;6,59;;;6
SA-M176-BOT-COM;Samsung;Galaxy M17;Botones laterales;Compatible;2,80;;;6
SA-M176-CRI-COM;Samsung;Galaxy M17;Cristal de pantalla;Compatible;3,85;;;6
SA-M176-FPR-COM;Samsung;Galaxy M17;Flex principal;Compatible;2,90;;;6
SA-M176-VIB-COM;Samsung;Galaxy M17;Vibrador;Compatible;1,45;;;6
SA-M176-ANT-COM;Samsung;Galaxy M17;Antena / coaxial;Compatible;5,29;;;6
SA-M176-HUE-COM;Samsung;Galaxy M17;Botón home / huella;Compatible;8,45;;;6
SA-M366-MAR-COM;Samsung;Galaxy M36 5G;Marco / chasis;Compatible;7,55;;;6
SA-M366-BOT-COM;Samsung;Galaxy M36 5G;Botones laterales;Compatible;3,25;;;6
SA-M366-CRI-COM;Samsung;Galaxy M36 5G;Cristal de pantalla;Compatible;4,40;;;6
SA-M366-FPR-COM;Samsung;Galaxy M36 5G;Flex principal;Compatible;3,35;;;6
SA-M366-VIB-COM;Samsung;Galaxy M36 5G;Vibrador;Compatible;1,65;;;6
SA-M366-ANT-COM;Samsung;Galaxy M36 5G;Antena / coaxial;Compatible;6,05;;;6
SA-M366-HUE-COM;Samsung;Galaxy M36 5G;Botón home / huella;Compatible;9,70;;;6
SA-M566-MAR-COM;Samsung;Galaxy M56 5G;Marco / chasis;Compatible;8,65;;;6
SA-M566-BOT-COM;Samsung;Galaxy M56 5G;Botones laterales;Compatible;3,70;;;6
SA-M566-CRI-COM;Samsung;Galaxy M56 5G;Cristal de pantalla;Compatible;5,05;;;6
SA-M566-FPR-COM;Samsung;Galaxy M56 5G;Flex principal;Compatible;3,80;;;6
SA-M566-VIB-COM;Samsung;Galaxy M56 5G;Vibrador;Compatible;1,89;;;6
SA-M566-ANT-COM;Samsung;Galaxy M56 5G;Antena / coaxial;Compatible;6,95;;;6
SA-M566-HUE-COM;Samsung;Galaxy M56 5G;Botón home / huella;Compatible;11,09;10,76;10,42;6
SA-A066-MAR-COM;Samsung;Galaxy A06 5G;Marco / chasis;Compatible;6,59;;;6
SA-A066-BOT-COM;Samsung;Galaxy A06 5G;Botones laterales;Compatible;2,80;;;6
SA-A066-CRI-COM;Samsung;Galaxy A06 5G;Cristal de pantalla;Compatible;3,85;;;6
SA-A066-FPR-COM;Samsung;Galaxy A06 5G;Flex principal;Compatible;2,90;;;6
SA-A066-VIB-COM;Samsung;Galaxy A06 5G;Vibrador;Compatible;1,45;;;6
SA-A066-ANT-COM;Samsung;Galaxy A06 5G;Antena / coaxial;Compatible;5,29;;;6
SA-A066-HUE-COM;Samsung;Galaxy A06 5G;Botón home / huella;Compatible;8,45;;;6
SA-M066-MAR-COM;Samsung;Galaxy M06 5G;Marco / chasis;Compatible;6,59;;;6
SA-M066-BOT-COM;Samsung;Galaxy M06 5G;Botones laterales;Compatible;2,80;;;6
SA-M066-CRI-COM;Samsung;Galaxy M06 5G;Cristal de pantalla;Compatible;3,85;;;6
SA-M066-FPR-COM;Samsung;Galaxy M06 5G;Flex principal;Compatible;2,90;;;6
SA-M066-VIB-COM;Samsung;Galaxy M06 5G;Vibrador;Compatible;1,45;;;6
SA-M066-ANT-COM;Samsung;Galaxy M06 5G;Antena / coaxial;Compatible;5,29;;;6
SA-M066-HUE-COM;Samsung;Galaxy M06 5G;Botón home / huella;Compatible;8,45;;;6
SA-M166-MAR-COM;Samsung;Galaxy M16 5G;Marco / chasis;Compatible;6,59;;;6
SA-M166-BOT-COM;Samsung;Galaxy M16 5G;Botones laterales;Compatible;2,80;;;6
SA-M166-CRI-COM;Samsung;Galaxy M16 5G;Cristal de pantalla;Compatible;3,85;;;6
SA-M166-FPR-COM;Samsung;Galaxy M16 5G;Flex principal;Compatible;2,90;;;6
SA-M166-VIB-COM;Samsung;Galaxy M16 5G;Vibrador;Compatible;1,45;;;6
SA-M166-ANT-COM;Samsung;Galaxy M16 5G;Antena / coaxial;Compatible;5,29;;;6
SA-M166-HUE-COM;Samsung;Galaxy M16 5G;Botón home / huella;Compatible;8,45;;;6
SA-ZFSE-FPR-COM;Samsung;Galaxy Z Fold SE;Flex principal;Compatible;8,15;;;6
SA-ZFSE-VIB-COM;Samsung;Galaxy Z Fold SE;Vibrador;Compatible;4,05;;;6
SA-ZFSE-ANT-COM;Samsung;Galaxy Z Fold SE;Antena / coaxial;Compatible;14,85;14,40;13,96;6
SA-ZFSE-HUE-COM;Samsung;Galaxy Z Fold SE;Botón home / huella;Compatible;23,75;23,04;22,33;6
SA-ZFSE-NFC-COM;Samsung;Galaxy Z Fold SE;NFC y carga inalámbrica;Compatible;18,30;17,75;17,20;6
SA-M055-MAR-COM;Samsung;Galaxy M05;Marco / chasis;Compatible;6,59;;;6
SA-M055-BOT-COM;Samsung;Galaxy M05;Botones laterales;Compatible;2,80;;;6
SA-M055-CRI-COM;Samsung;Galaxy M05;Cristal de pantalla;Compatible;3,85;;;6
SA-M055-FPR-COM;Samsung;Galaxy M05;Flex principal;Compatible;2,90;;;6
SA-M055-VIB-COM;Samsung;Galaxy M05;Vibrador;Compatible;1,45;;;6
SA-M055-ANT-COM;Samsung;Galaxy M05;Antena / coaxial;Compatible;5,29;;;6
SA-M055-HUE-COM;Samsung;Galaxy M05;Botón home / huella;Compatible;8,45;;;6
SA-M558-MAR-COM;Samsung;Galaxy M55s 5G;Marco / chasis;Compatible;8,65;;;6
SA-M558-BOT-COM;Samsung;Galaxy M55s 5G;Botones laterales;Compatible;3,70;;;6
SA-M558-CRI-COM;Samsung;Galaxy M55s 5G;Cristal de pantalla;Compatible;5,05;;;6
SA-M558-FPR-COM;Samsung;Galaxy M55s 5G;Flex principal;Compatible;3,80;;;6
SA-M558-VIB-COM;Samsung;Galaxy M55s 5G;Vibrador;Compatible;1,89;;;6
SA-M558-ANT-COM;Samsung;Galaxy M55s 5G;Antena / coaxial;Compatible;6,95;;;6
SA-M558-HUE-COM;Samsung;Galaxy M55s 5G;Botón home / huella;Compatible;11,09;10,76;10,42;6
SA-E156-MAR-COM;Samsung;Galaxy F15 5G;Marco / chasis;Compatible;7,55;;;6
SA-E156-BOT-COM;Samsung;Galaxy F15 5G;Botones laterales;Compatible;3,25;;;6
SA-E156-CRI-COM;Samsung;Galaxy F15 5G;Cristal de pantalla;Compatible;4,40;;;6
SA-E156-FPR-COM;Samsung;Galaxy F15 5G;Flex principal;Compatible;3,35;;;6
SA-E156-VIB-COM;Samsung;Galaxy F15 5G;Vibrador;Compatible;1,65;;;6
SA-E156-ANT-COM;Samsung;Galaxy F15 5G;Antena / coaxial;Compatible;6,05;;;6
SA-E156-HUE-COM;Samsung;Galaxy F15 5G;Botón home / huella;Compatible;9,70;;;6
SA-M556-MAR-COM;Samsung;Galaxy M55 5G;Marco / chasis;Compatible;8,65;;;6
SA-M556-BOT-COM;Samsung;Galaxy M55 5G;Botones laterales;Compatible;3,70;;;6
SA-M556-CRI-COM;Samsung;Galaxy M55 5G;Cristal de pantalla;Compatible;5,05;;;6
SA-M556-FPR-COM;Samsung;Galaxy M55 5G;Flex principal;Compatible;3,80;;;6
SA-M556-VIB-COM;Samsung;Galaxy M55 5G;Vibrador;Compatible;1,89;;;6
SA-M556-ANT-COM;Samsung;Galaxy M55 5G;Antena / coaxial;Compatible;6,95;;;6
SA-M556-HUE-COM;Samsung;Galaxy M55 5G;Botón home / huella;Compatible;11,09;10,76;10,42;6
SA-A055-MAR-COM;Samsung;Galaxy A05;Marco / chasis;Compatible;5,99;;;6
SA-A055-BOT-COM;Samsung;Galaxy A05;Botones laterales;Compatible;2,55;;;6
SA-A055-CRI-COM;Samsung;Galaxy A05;Cristal de pantalla;Compatible;3,49;;;6
SA-A055-FPR-COM;Samsung;Galaxy A05;Flex principal;Compatible;2,65;;;6
SA-A055-VIB-COM;Samsung;Galaxy A05;Vibrador;Compatible;1,30;;;6
SA-A055-ANT-COM;Samsung;Galaxy A05;Antena / coaxial;Compatible;4,80;;;6
SA-A055-HUE-COM;Samsung;Galaxy A05;Botón home / huella;Compatible;7,69;;;6
SA-M346-MAR-COM;Samsung;Galaxy M34 5G;Marco / chasis;Compatible;6,89;;;6
SA-M346-BOT-COM;Samsung;Galaxy M34 5G;Botones laterales;Compatible;2,95;;;6
SA-M346-CRI-COM;Samsung;Galaxy M34 5G;Cristal de pantalla;Compatible;4,00;;;6
SA-M346-FPR-COM;Samsung;Galaxy M34 5G;Flex principal;Compatible;3,05;;;6
SA-M346-VIB-COM;Samsung;Galaxy M34 5G;Vibrador;Compatible;1,50;;;6
SA-M346-ANT-COM;Samsung;Galaxy M34 5G;Antena / coaxial;Compatible;5,50;;;6
SA-M346-HUE-COM;Samsung;Galaxy M34 5G;Botón home / huella;Compatible;8,85;;;6
SA-M146-MAR-COM;Samsung;Galaxy M14 5G;Marco / chasis;Compatible;5,99;;;6
SA-M146-BOT-COM;Samsung;Galaxy M14 5G;Botones laterales;Compatible;2,55;;;6
SA-M146-CRI-COM;Samsung;Galaxy M14 5G;Cristal de pantalla;Compatible;3,49;;;6
SA-M146-FPR-COM;Samsung;Galaxy M14 5G;Flex principal;Compatible;2,65;;;6
SA-M146-VIB-COM;Samsung;Galaxy M14 5G;Vibrador;Compatible;1,30;;;6
SA-M146-ANT-COM;Samsung;Galaxy M14 5G;Antena / coaxial;Compatible;4,80;;;6
SA-M146-HUE-COM;Samsung;Galaxy M14 5G;Botón home / huella;Compatible;7,69;;;6
SA-A245-MAR-COM;Samsung;Galaxy A24;Marco / chasis;Compatible;6,89;;;6
SA-A245-BOT-COM;Samsung;Galaxy A24;Botones laterales;Compatible;2,95;;;6
SA-A245-CRI-COM;Samsung;Galaxy A24;Cristal de pantalla;Compatible;4,00;;;6
SA-A245-FPR-COM;Samsung;Galaxy A24;Flex principal;Compatible;3,05;;;6
SA-A245-VIB-COM;Samsung;Galaxy A24;Vibrador;Compatible;1,50;;;6
SA-A245-ANT-COM;Samsung;Galaxy A24;Antena / coaxial;Compatible;5,50;;;6
SA-A245-HUE-COM;Samsung;Galaxy A24;Botón home / huella;Compatible;8,85;;;6
SA-M546-MAR-COM;Samsung;Galaxy M54;Marco / chasis;Compatible;7,85;;;6
SA-M546-BOT-COM;Samsung;Galaxy M54;Botones laterales;Compatible;3,35;;;6
SA-M546-CRI-COM;Samsung;Galaxy M54;Cristal de pantalla;Compatible;4,59;;;6
SA-M546-FPR-COM;Samsung;Galaxy M54;Flex principal;Compatible;3,45;;;6
SA-M546-VIB-COM;Samsung;Galaxy M54;Vibrador;Compatible;1,70;;;6
SA-M546-ANT-COM;Samsung;Galaxy M54;Antena / coaxial;Compatible;6,30;;;6
SA-M546-HUE-COM;Samsung;Galaxy M54;Botón home / huella;Compatible;10,09;9,79;9,48;6
SA-E045-MAR-COM;Samsung;Galaxy F04;Marco / chasis;Compatible;6,89;;;6
SA-E045-BOT-COM;Samsung;Galaxy F04;Botones laterales;Compatible;2,95;;;6
SA-E045-CRI-COM;Samsung;Galaxy F04;Cristal de pantalla;Compatible;4,00;;;6
SA-E045-FPR-COM;Samsung;Galaxy F04;Flex principal;Compatible;3,05;;;6
SA-E045-VIB-COM;Samsung;Galaxy F04;Vibrador;Compatible;1,50;;;6
SA-E045-ANT-COM;Samsung;Galaxy F04;Antena / coaxial;Compatible;5,50;;;6
SA-E045-HUE-COM;Samsung;Galaxy F04;Botón home / huella;Compatible;8,85;;;6
SA-M045-MAR-COM;Samsung;Galaxy M04;Marco / chasis;Compatible;5,99;;;6
SA-M045-BOT-COM;Samsung;Galaxy M04;Botones laterales;Compatible;2,55;;;6
SA-M045-CRI-COM;Samsung;Galaxy M04;Cristal de pantalla;Compatible;3,49;;;6
SA-M045-FPR-COM;Samsung;Galaxy M04;Flex principal;Compatible;2,65;;;6
SA-M045-VIB-COM;Samsung;Galaxy M04;Vibrador;Compatible;1,30;;;6
SA-M045-ANT-COM;Samsung;Galaxy M04;Antena / coaxial;Compatible;4,80;;;6
SA-M045-HUE-COM;Samsung;Galaxy M04;Botón home / huella;Compatible;7,69;;;6
SA-A042-MAR-COM;Samsung;Galaxy A04e;Marco / chasis;Compatible;5,99;;;6
SA-A042-BOT-COM;Samsung;Galaxy A04e;Botones laterales;Compatible;2,55;;;6
SA-A042-CRI-COM;Samsung;Galaxy A04e;Cristal de pantalla;Compatible;3,49;;;6
SA-A042-FPR-COM;Samsung;Galaxy A04e;Flex principal;Compatible;2,65;;;6
SA-A042-VIB-COM;Samsung;Galaxy A04e;Vibrador;Compatible;1,30;;;6
SA-A042-ANT-COM;Samsung;Galaxy A04e;Antena / coaxial;Compatible;4,80;;;6
SA-A042-HUE-COM;Samsung;Galaxy A04e;Botón home / huella;Compatible;7,69;;;6
SA-A045-MAR-COM;Samsung;Galaxy A04;Marco / chasis;Compatible;5,99;;;6
SA-A045-BOT-COM;Samsung;Galaxy A04;Botones laterales;Compatible;2,55;;;6
SA-A045-CRI-COM;Samsung;Galaxy A04;Cristal de pantalla;Compatible;3,49;;;6
SA-A045-FPR-COM;Samsung;Galaxy A04;Flex principal;Compatible;2,65;;;6
SA-A045-VIB-COM;Samsung;Galaxy A04;Vibrador;Compatible;1,30;;;6
SA-A045-ANT-COM;Samsung;Galaxy A04;Antena / coaxial;Compatible;4,80;;;6
SA-A045-HUE-COM;Samsung;Galaxy A04;Botón home / huella;Compatible;7,69;;;6
SA-A235-MAR-COM;Samsung;Galaxy A23;Marco / chasis;Compatible;6,89;;;6
SA-A235-BOT-COM;Samsung;Galaxy A23;Botones laterales;Compatible;2,95;;;6
SA-A235-CRI-COM;Samsung;Galaxy A23;Cristal de pantalla;Compatible;4,00;;;6
SA-A235-FPR-COM;Samsung;Galaxy A23;Flex principal;Compatible;3,05;;;6
SA-A235-VIB-COM;Samsung;Galaxy A23;Vibrador;Compatible;1,50;;;6
SA-A235-ANT-COM;Samsung;Galaxy A23;Antena / coaxial;Compatible;5,50;;;6
SA-A235-HUE-COM;Samsung;Galaxy A23;Botón home / huella;Compatible;8,85;;;6
SA-A736-MAR-COM;Samsung;Galaxy A73 5G;Marco / chasis;Compatible;7,85;;;6
SA-A736-BOT-COM;Samsung;Galaxy A73 5G;Botones laterales;Compatible;3,35;;;6
SA-A736-CRI-COM;Samsung;Galaxy A73 5G;Cristal de pantalla;Compatible;4,59;;;6
SA-A736-FPR-COM;Samsung;Galaxy A73 5G;Flex principal;Compatible;3,45;;;6
SA-A736-VIB-COM;Samsung;Galaxy A73 5G;Vibrador;Compatible;1,70;;;6
SA-A736-ANT-COM;Samsung;Galaxy A73 5G;Antena / coaxial;Compatible;6,30;;;6
SA-A736-HUE-COM;Samsung;Galaxy A73 5G;Botón home / huella;Compatible;10,09;9,79;9,48;6
SA-A032-MAR-COM;Samsung;Galaxy A03 Core;Marco / chasis;Compatible;5,99;;;6
SA-A032-BOT-COM;Samsung;Galaxy A03 Core;Botones laterales;Compatible;2,55;;;6
SA-A032-CRI-COM;Samsung;Galaxy A03 Core;Cristal de pantalla;Compatible;3,49;;;6
SA-A032-FPR-COM;Samsung;Galaxy A03 Core;Flex principal;Compatible;2,65;;;6
SA-A032-VIB-COM;Samsung;Galaxy A03 Core;Vibrador;Compatible;1,30;;;6
SA-A032-ANT-COM;Samsung;Galaxy A03 Core;Antena / coaxial;Compatible;4,80;;;6
SA-A032-HUE-COM;Samsung;Galaxy A03 Core;Botón home / huella;Compatible;7,69;;;6
SA-E426-MAR-COM;Samsung;Galaxy F42 5G;Marco / chasis;Compatible;6,89;;;6
SA-E426-BOT-COM;Samsung;Galaxy F42 5G;Botones laterales;Compatible;2,95;;;6
SA-E426-CRI-COM;Samsung;Galaxy F42 5G;Cristal de pantalla;Compatible;4,00;;;6
SA-E426-FPR-COM;Samsung;Galaxy F42 5G;Flex principal;Compatible;3,05;;;6
SA-E426-VIB-COM;Samsung;Galaxy F42 5G;Vibrador;Compatible;1,50;;;6
SA-E426-ANT-COM;Samsung;Galaxy F42 5G;Antena / coaxial;Compatible;5,50;;;6
SA-E426-HUE-COM;Samsung;Galaxy F42 5G;Botón home / huella;Compatible;8,85;;;6
SA-A825-MAR-COM;Samsung;Galaxy A82 5G;Marco / chasis;Compatible;7,85;;;6
SA-A825-BOT-COM;Samsung;Galaxy A82 5G;Botones laterales;Compatible;3,35;;;6
SA-A825-CRI-COM;Samsung;Galaxy A82 5G;Cristal de pantalla;Compatible;4,59;;;6
SA-A825-FPR-COM;Samsung;Galaxy A82 5G;Flex principal;Compatible;3,45;;;6
SA-A825-VIB-COM;Samsung;Galaxy A82 5G;Vibrador;Compatible;1,70;;;6
SA-A825-ANT-COM;Samsung;Galaxy A82 5G;Antena / coaxial;Compatible;6,30;;;6
SA-A825-HUE-COM;Samsung;Galaxy A82 5G;Botón home / huella;Compatible;10,09;9,79;9,48;6
SA-E526-MAR-COM;Samsung;Galaxy F52 5G;Marco / chasis;Compatible;6,89;;;6
SA-E526-BOT-COM;Samsung;Galaxy F52 5G;Botones laterales;Compatible;2,95;;;6
SA-E526-CRI-COM;Samsung;Galaxy F52 5G;Cristal de pantalla;Compatible;4,00;;;6
SA-E526-FPR-COM;Samsung;Galaxy F52 5G;Flex principal;Compatible;3,05;;;6
SA-E526-VIB-COM;Samsung;Galaxy F52 5G;Vibrador;Compatible;1,50;;;6
SA-E526-ANT-COM;Samsung;Galaxy F52 5G;Antena / coaxial;Compatible;5,50;;;6
SA-E526-HUE-COM;Samsung;Galaxy F52 5G;Botón home / huella;Compatible;8,85;;;6
SA-E025-MAR-COM;Samsung;Galaxy F02s;Marco / chasis;Compatible;6,89;;;6
SA-E025-BOT-COM;Samsung;Galaxy F02s;Botones laterales;Compatible;2,95;;;6
SA-E025-CRI-COM;Samsung;Galaxy F02s;Cristal de pantalla;Compatible;4,00;;;6
SA-E025-FPR-COM;Samsung;Galaxy F02s;Flex principal;Compatible;3,05;;;6
SA-E025-VIB-COM;Samsung;Galaxy F02s;Vibrador;Compatible;1,50;;;6
SA-E025-ANT-COM;Samsung;Galaxy F02s;Antena / coaxial;Compatible;5,50;;;6
SA-E025-HUE-COM;Samsung;Galaxy F02s;Botón home / huella;Compatible;8,85;;;6
SA-F127-MAR-COM;Samsung;Galaxy F12;Marco / chasis;Compatible;6,89;;;6
SA-F127-BOT-COM;Samsung;Galaxy F12;Botones laterales;Compatible;2,95;;;6
SA-F127-CRI-COM;Samsung;Galaxy F12;Cristal de pantalla;Compatible;4,00;;;6
SA-F127-FPR-COM;Samsung;Galaxy F12;Flex principal;Compatible;3,05;;;6
SA-F127-VIB-COM;Samsung;Galaxy F12;Vibrador;Compatible;1,50;;;6
SA-F127-ANT-COM;Samsung;Galaxy F12;Antena / coaxial;Compatible;5,50;;;6
SA-F127-HUE-COM;Samsung;Galaxy F12;Botón home / huella;Compatible;8,85;;;6
SA-A826-MAR-COM;Samsung;Galaxy Quantum 2;Marco / chasis;Compatible;6,89;;;6
SA-A826-BOT-COM;Samsung;Galaxy Quantum 2;Botones laterales;Compatible;2,95;;;6
SA-A826-CRI-COM;Samsung;Galaxy Quantum 2;Cristal de pantalla;Compatible;4,00;;;6
SA-A826-FPR-COM;Samsung;Galaxy Quantum 2;Flex principal;Compatible;3,05;;;6
SA-A826-VIB-COM;Samsung;Galaxy Quantum 2;Vibrador;Compatible;1,50;;;6
SA-A826-ANT-COM;Samsung;Galaxy Quantum 2;Antena / coaxial;Compatible;5,50;;;6
SA-A826-HUE-COM;Samsung;Galaxy Quantum 2;Botón home / huella;Compatible;8,85;;;6
SA-M625-MAR-COM;Samsung;Galaxy M62;Marco / chasis;Compatible;7,85;;;6
SA-M625-BOT-COM;Samsung;Galaxy M62;Botones laterales;Compatible;3,35;;;6
SA-M625-CRI-COM;Samsung;Galaxy M62;Cristal de pantalla;Compatible;4,59;;;6
SA-M625-FPR-COM;Samsung;Galaxy M62;Flex principal;Compatible;3,45;;;6
SA-M625-VIB-COM;Samsung;Galaxy M62;Vibrador;Compatible;1,70;;;6
SA-M625-ANT-COM;Samsung;Galaxy M62;Antena / coaxial;Compatible;6,30;;;6
SA-M625-HUE-COM;Samsung;Galaxy M62;Botón home / huella;Compatible;10,09;9,79;9,48;6
SA-E625-MAR-COM;Samsung;Galaxy F62;Marco / chasis;Compatible;6,89;;;6
SA-E625-BOT-COM;Samsung;Galaxy F62;Botones laterales;Compatible;2,95;;;6
SA-E625-CRI-COM;Samsung;Galaxy F62;Cristal de pantalla;Compatible;4,00;;;6
SA-E625-FPR-COM;Samsung;Galaxy F62;Flex principal;Compatible;3,05;;;6
SA-E625-VIB-COM;Samsung;Galaxy F62;Vibrador;Compatible;1,50;;;6
SA-E625-ANT-COM;Samsung;Galaxy F62;Antena / coaxial;Compatible;5,50;;;6
SA-E625-HUE-COM;Samsung;Galaxy F62;Botón home / huella;Compatible;8,85;;;6
SA-M022-MAR-COM;Samsung;Galaxy M02;Marco / chasis;Compatible;5,99;;;6
SA-M022-BOT-COM;Samsung;Galaxy M02;Botones laterales;Compatible;2,55;;;6
SA-M022-CRI-COM;Samsung;Galaxy M02;Cristal de pantalla;Compatible;3,49;;;6
SA-M022-FPR-COM;Samsung;Galaxy M02;Flex principal;Compatible;2,65;;;6
SA-M022-VIB-COM;Samsung;Galaxy M02;Vibrador;Compatible;1,30;;;6
SA-M022-ANT-COM;Samsung;Galaxy M02;Antena / coaxial;Compatible;4,80;;;6
SA-M022-HUE-COM;Samsung;Galaxy M02;Botón home / huella;Compatible;7,69;;;6
SA-A022-MAR-COM;Samsung;Galaxy A02;Marco / chasis;Compatible;5,99;;;6
SA-A022-BOT-COM;Samsung;Galaxy A02;Botones laterales;Compatible;2,55;;;6
SA-A022-CRI-COM;Samsung;Galaxy A02;Cristal de pantalla;Compatible;3,49;;;6
SA-A022-FPR-COM;Samsung;Galaxy A02;Flex principal;Compatible;2,65;;;6
SA-A022-VIB-COM;Samsung;Galaxy A02;Vibrador;Compatible;1,30;;;6
SA-A022-ANT-COM;Samsung;Galaxy A02;Antena / coaxial;Compatible;4,80;;;6
SA-A022-HUE-COM;Samsung;Galaxy A02;Botón home / huella;Compatible;7,69;;;6
SA-M025-MAR-COM;Samsung;Galaxy M02s;Marco / chasis;Compatible;5,99;;;6
SA-M025-BOT-COM;Samsung;Galaxy M02s;Botones laterales;Compatible;2,55;;;6
SA-M025-CRI-COM;Samsung;Galaxy M02s;Cristal de pantalla;Compatible;3,49;;;6
SA-M025-FPR-COM;Samsung;Galaxy M02s;Flex principal;Compatible;2,65;;;6
SA-M025-VIB-COM;Samsung;Galaxy M02s;Vibrador;Compatible;1,30;;;6
SA-M025-ANT-COM;Samsung;Galaxy M02s;Antena / coaxial;Compatible;4,80;;;6
SA-M025-HUE-COM;Samsung;Galaxy M02s;Botón home / huella;Compatible;7,69;;;6
SA-M21S-MAR-COM;Samsung;Galaxy M21s;Marco / chasis;Compatible;6,89;;;6
SA-M21S-BOT-COM;Samsung;Galaxy M21s;Botones laterales;Compatible;2,95;;;6
SA-M21S-CRI-COM;Samsung;Galaxy M21s;Cristal de pantalla;Compatible;4,00;;;6
SA-M21S-FPR-COM;Samsung;Galaxy M21s;Flex principal;Compatible;3,05;;;6
SA-M21S-VIB-COM;Samsung;Galaxy M21s;Vibrador;Compatible;1,50;;;6
SA-M21S-ANT-COM;Samsung;Galaxy M21s;Antena / coaxial;Compatible;5,50;;;6
SA-M21S-HUE-COM;Samsung;Galaxy M21s;Botón home / huella;Compatible;8,85;;;6
SA-F415-MAR-COM;Samsung;Galaxy F41;Marco / chasis;Compatible;6,89;;;6
SA-F415-BOT-COM;Samsung;Galaxy F41;Botones laterales;Compatible;2,95;;;6
SA-F415-CRI-COM;Samsung;Galaxy F41;Cristal de pantalla;Compatible;4,00;;;6
SA-F415-FPR-COM;Samsung;Galaxy F41;Flex principal;Compatible;3,05;;;6
SA-F415-VIB-COM;Samsung;Galaxy F41;Vibrador;Compatible;1,50;;;6
SA-F415-ANT-COM;Samsung;Galaxy F41;Antena / coaxial;Compatible;5,50;;;6
SA-F415-HUE-COM;Samsung;Galaxy F41;Botón home / huella;Compatible;8,85;;;6
SA-A013-MAR-COM;Samsung;Galaxy A01 Core;Marco / chasis;Compatible;5,99;;;6
SA-A013-BOT-COM;Samsung;Galaxy A01 Core;Botones laterales;Compatible;2,55;;;6
SA-A013-CRI-COM;Samsung;Galaxy A01 Core;Cristal de pantalla;Compatible;3,49;;;6
SA-A013-FPR-COM;Samsung;Galaxy A01 Core;Flex principal;Compatible;2,65;;;6
SA-A013-VIB-COM;Samsung;Galaxy A01 Core;Vibrador;Compatible;1,30;;;6
SA-A013-ANT-COM;Samsung;Galaxy A01 Core;Antena / coaxial;Compatible;4,80;;;6
SA-A013-HUE-COM;Samsung;Galaxy A01 Core;Botón home / huella;Compatible;7,69;;;6
SA-A515UW-MAR-COM;Samsung;Galaxy A51 5G UW;Marco / chasis;Compatible;7,85;;;6
SA-A515UW-BOT-COM;Samsung;Galaxy A51 5G UW;Botones laterales;Compatible;3,35;;;6
SA-A515UW-CRI-COM;Samsung;Galaxy A51 5G UW;Cristal de pantalla;Compatible;4,59;;;6
SA-A515UW-FPR-COM;Samsung;Galaxy A51 5G UW;Flex principal;Compatible;3,45;;;6
SA-A515UW-VIB-COM;Samsung;Galaxy A51 5G UW;Vibrador;Compatible;1,70;;;6
SA-A515UW-ANT-COM;Samsung;Galaxy A51 5G UW;Antena / coaxial;Compatible;6,30;;;6
SA-A515UW-HUE-COM;Samsung;Galaxy A51 5G UW;Botón home / huella;Compatible;10,09;9,79;9,48;6
SA-A715UW-MAR-COM;Samsung;Galaxy A71 5G UW;Marco / chasis;Compatible;7,85;;;6
SA-A715UW-BOT-COM;Samsung;Galaxy A71 5G UW;Botones laterales;Compatible;3,35;;;6
SA-A715UW-CRI-COM;Samsung;Galaxy A71 5G UW;Cristal de pantalla;Compatible;4,59;;;6
SA-A715UW-FPR-COM;Samsung;Galaxy A71 5G UW;Flex principal;Compatible;3,45;;;6
SA-A715UW-VIB-COM;Samsung;Galaxy A71 5G UW;Vibrador;Compatible;1,70;;;6
SA-A715UW-ANT-COM;Samsung;Galaxy A71 5G UW;Antena / coaxial;Compatible;6,30;;;6
SA-A715UW-HUE-COM;Samsung;Galaxy A71 5G UW;Botón home / huella;Compatible;10,09;9,79;9,48;6
SA-M017-MAR-COM;Samsung;Galaxy M01s;Marco / chasis;Compatible;5,99;;;6
SA-M017-BOT-COM;Samsung;Galaxy M01s;Botones laterales;Compatible;2,55;;;6
SA-M017-CRI-COM;Samsung;Galaxy M01s;Cristal de pantalla;Compatible;3,49;;;6
SA-M017-FPR-COM;Samsung;Galaxy M01s;Flex principal;Compatible;2,65;;;6
SA-M017-VIB-COM;Samsung;Galaxy M01s;Vibrador;Compatible;1,30;;;6
SA-M017-ANT-COM;Samsung;Galaxy M01s;Antena / coaxial;Compatible;4,80;;;6
SA-M017-HUE-COM;Samsung;Galaxy M01s;Botón home / huella;Compatible;7,69;;;6
SA-M015-MAR-COM;Samsung;Galaxy M01;Marco / chasis;Compatible;5,99;;;6
SA-M015-BOT-COM;Samsung;Galaxy M01;Botones laterales;Compatible;2,55;;;6
SA-M015-CRI-COM;Samsung;Galaxy M01;Cristal de pantalla;Compatible;3,49;;;6
SA-M015-FPR-COM;Samsung;Galaxy M01;Flex principal;Compatible;2,65;;;6
SA-M015-VIB-COM;Samsung;Galaxy M01;Vibrador;Compatible;1,30;;;6
SA-M015-ANT-COM;Samsung;Galaxy M01;Antena / coaxial;Compatible;4,80;;;6
SA-M015-HUE-COM;Samsung;Galaxy M01;Botón home / huella;Compatible;7,69;;;6
SA-A215-MAR-COM;Samsung;Galaxy A21;Marco / chasis;Compatible;6,89;;;6
SA-A215-BOT-COM;Samsung;Galaxy A21;Botones laterales;Compatible;2,95;;;6
SA-A215-CRI-COM;Samsung;Galaxy A21;Cristal de pantalla;Compatible;4,00;;;6
SA-A215-FPR-COM;Samsung;Galaxy A21;Flex principal;Compatible;3,05;;;6
SA-A215-VIB-COM;Samsung;Galaxy A21;Vibrador;Compatible;1,50;;;6
SA-A215-ANT-COM;Samsung;Galaxy A21;Antena / coaxial;Compatible;5,50;;;6
SA-A215-HUE-COM;Samsung;Galaxy A21;Botón home / huella;Compatible;8,85;;;6
SA-A716-MAR-COM;Samsung;Galaxy A71 5G;Marco / chasis;Compatible;7,85;;;6
SA-A716-BOT-COM;Samsung;Galaxy A71 5G;Botones laterales;Compatible;3,35;;;6
SA-A716-CRI-COM;Samsung;Galaxy A71 5G;Cristal de pantalla;Compatible;4,59;;;6
SA-A716-FPR-COM;Samsung;Galaxy A71 5G;Flex principal;Compatible;3,45;;;6
SA-A716-VIB-COM;Samsung;Galaxy A71 5G;Vibrador;Compatible;1,70;;;6
SA-A716-ANT-COM;Samsung;Galaxy A71 5G;Antena / coaxial;Compatible;6,30;;;6
SA-A716-HUE-COM;Samsung;Galaxy A71 5G;Botón home / huella;Compatible;10,09;9,79;9,48;6
SA-J2C20-MAR-COM;Samsung;Galaxy J2 Core 2020;Marco / chasis;Compatible;5,99;;;6
SA-J2C20-BOT-COM;Samsung;Galaxy J2 Core 2020;Botones laterales;Compatible;2,55;;;6
SA-J2C20-CRI-COM;Samsung;Galaxy J2 Core 2020;Cristal de pantalla;Compatible;3,49;;;6
SA-J2C20-FPR-COM;Samsung;Galaxy J2 Core 2020;Flex principal;Compatible;2,65;;;6
SA-J2C20-VIB-COM;Samsung;Galaxy J2 Core 2020;Vibrador;Compatible;1,30;;;6
SA-J2C20-ANT-COM;Samsung;Galaxy J2 Core 2020;Antena / coaxial;Compatible;4,80;;;6
SA-J2C20-HUE-COM;Samsung;Galaxy J2 Core 2020;Botón home / huella;Compatible;7,69;;;6
SA-A115-MAR-COM;Samsung;Galaxy A11;Marco / chasis;Compatible;5,99;;;6
SA-A115-BOT-COM;Samsung;Galaxy A11;Botones laterales;Compatible;2,55;;;6
SA-A115-CRI-COM;Samsung;Galaxy A11;Cristal de pantalla;Compatible;3,49;;;6
SA-A115-FPR-COM;Samsung;Galaxy A11;Flex principal;Compatible;2,65;;;6
SA-A115-VIB-COM;Samsung;Galaxy A11;Vibrador;Compatible;1,30;;;6
SA-A115-ANT-COM;Samsung;Galaxy A11;Antena / coaxial;Compatible;4,80;;;6
SA-A115-HUE-COM;Samsung;Galaxy A11;Botón home / huella;Compatible;7,69;;;6
SA-A015-MAR-COM;Samsung;Galaxy A01;Marco / chasis;Compatible;5,39;;;6
SA-A015-BOT-COM;Samsung;Galaxy A01;Botones laterales;Compatible;2,30;;;6
SA-A015-CRI-COM;Samsung;Galaxy A01;Cristal de pantalla;Compatible;3,15;;;6
SA-A015-FPR-COM;Samsung;Galaxy A01;Flex principal;Compatible;2,39;;;6
SA-A015-VIB-COM;Samsung;Galaxy A01;Vibrador;Compatible;1,19;;;6
SA-A015-ANT-COM;Samsung;Galaxy A01;Antena / coaxial;Compatible;4,30;;;6
SA-A015-HUE-COM;Samsung;Galaxy A01;Botón home / huella;Compatible;6,90;;;6
SA-A707-MAR-COM;Samsung;Galaxy A70s;Marco / chasis;Compatible;7,05;;;6
SA-A707-BOT-COM;Samsung;Galaxy A70s;Botones laterales;Compatible;3,00;;;6
SA-A707-CRI-COM;Samsung;Galaxy A70s;Cristal de pantalla;Compatible;4,10;;;6
SA-A707-FPR-COM;Samsung;Galaxy A70s;Flex principal;Compatible;3,10;;;6
SA-A707-VIB-COM;Samsung;Galaxy A70s;Vibrador;Compatible;1,55;;;6
SA-A707-ANT-COM;Samsung;Galaxy A70s;Antena / coaxial;Compatible;5,65;;;6
SA-A707-HUE-COM;Samsung;Galaxy A70s;Botón home / huella;Compatible;9,05;;;6
SA-M107-MAR-COM;Samsung;Galaxy M10s;Marco / chasis;Compatible;5,39;;;6
SA-M107-BOT-COM;Samsung;Galaxy M10s;Botones laterales;Compatible;2,30;;;6
SA-M107-CRI-COM;Samsung;Galaxy M10s;Cristal de pantalla;Compatible;3,15;;;6
SA-M107-FPR-COM;Samsung;Galaxy M10s;Flex principal;Compatible;2,39;;;6
SA-M107-VIB-COM;Samsung;Galaxy M10s;Vibrador;Compatible;1,19;;;6
SA-M107-ANT-COM;Samsung;Galaxy M10s;Antena / coaxial;Compatible;4,30;;;6
SA-M107-HUE-COM;Samsung;Galaxy M10s;Botón home / huella;Compatible;6,90;;;6
SA-A102-MAR-COM;Samsung;Galaxy A10e;Marco / chasis;Compatible;5,39;;;6
SA-A102-BOT-COM;Samsung;Galaxy A10e;Botones laterales;Compatible;2,30;;;6
SA-A102-CRI-COM;Samsung;Galaxy A10e;Cristal de pantalla;Compatible;3,15;;;6
SA-A102-FPR-COM;Samsung;Galaxy A10e;Flex principal;Compatible;2,39;;;6
SA-A102-VIB-COM;Samsung;Galaxy A10e;Vibrador;Compatible;1,19;;;6
SA-A102-ANT-COM;Samsung;Galaxy A10e;Antena / coaxial;Compatible;4,30;;;6
SA-A102-HUE-COM;Samsung;Galaxy A10e;Botón home / huella;Compatible;6,90;;;6
SA-A107-MAR-COM;Samsung;Galaxy A10s;Marco / chasis;Compatible;5,39;;;6
SA-A107-BOT-COM;Samsung;Galaxy A10s;Botones laterales;Compatible;2,30;;;6
SA-A107-CRI-COM;Samsung;Galaxy A10s;Cristal de pantalla;Compatible;3,15;;;6
SA-A107-FPR-COM;Samsung;Galaxy A10s;Flex principal;Compatible;2,39;;;6
SA-A107-VIB-COM;Samsung;Galaxy A10s;Vibrador;Compatible;1,19;;;6
SA-A107-ANT-COM;Samsung;Galaxy A10s;Antena / coaxial;Compatible;4,30;;;6
SA-A107-HUE-COM;Samsung;Galaxy A10s;Botón home / huella;Compatible;6,90;;;6
SA-A606-MAR-COM;Samsung;Galaxy A60;Marco / chasis;Compatible;7,05;;;6
SA-A606-BOT-COM;Samsung;Galaxy A60;Botones laterales;Compatible;3,00;;;6
SA-A606-CRI-COM;Samsung;Galaxy A60;Cristal de pantalla;Compatible;4,10;;;6
SA-A606-FPR-COM;Samsung;Galaxy A60;Flex principal;Compatible;3,10;;;6
SA-A606-VIB-COM;Samsung;Galaxy A60;Vibrador;Compatible;1,55;;;6
SA-A606-ANT-COM;Samsung;Galaxy A60;Antena / coaxial;Compatible;5,65;;;6
SA-A606-HUE-COM;Samsung;Galaxy A60;Botón home / huella;Compatible;9,05;;;6
SA-M405-MAR-COM;Samsung;Galaxy M40;Marco / chasis;Compatible;6,19;;;6
SA-M405-BOT-COM;Samsung;Galaxy M40;Botones laterales;Compatible;2,65;;;6
SA-M405-CRI-COM;Samsung;Galaxy M40;Cristal de pantalla;Compatible;3,60;;;6
SA-M405-FPR-COM;Samsung;Galaxy M40;Flex principal;Compatible;2,75;;;6
SA-M405-VIB-COM;Samsung;Galaxy M40;Vibrador;Compatible;1,35;;;6
SA-M405-ANT-COM;Samsung;Galaxy M40;Antena / coaxial;Compatible;4,95;;;6
SA-M405-HUE-COM;Samsung;Galaxy M40;Botón home / huella;Compatible;7,95;;;6
SA-A260-MAR-COM;Samsung;Galaxy A2 Core;Marco / chasis;Compatible;6,19;;;6
SA-A260-BOT-COM;Samsung;Galaxy A2 Core;Botones laterales;Compatible;2,65;;;6
SA-A260-CRI-COM;Samsung;Galaxy A2 Core;Cristal de pantalla;Compatible;3,60;;;6
SA-A260-FPR-COM;Samsung;Galaxy A2 Core;Flex principal;Compatible;2,75;;;6
SA-A260-VIB-COM;Samsung;Galaxy A2 Core;Vibrador;Compatible;1,35;;;6
SA-A260-ANT-COM;Samsung;Galaxy A2 Core;Antena / coaxial;Compatible;4,95;;;6
SA-A260-HUE-COM;Samsung;Galaxy A2 Core;Botón home / huella;Compatible;7,95;;;6
SA-A205-MAR-COM;Samsung;Galaxy A20;Marco / chasis;Compatible;6,19;;;6
SA-A205-BOT-COM;Samsung;Galaxy A20;Botones laterales;Compatible;2,65;;;6
SA-A205-CRI-COM;Samsung;Galaxy A20;Cristal de pantalla;Compatible;3,60;;;6
SA-A205-FPR-COM;Samsung;Galaxy A20;Flex principal;Compatible;2,75;;;6
SA-A205-VIB-COM;Samsung;Galaxy A20;Vibrador;Compatible;1,35;;;6
SA-A205-ANT-COM;Samsung;Galaxy A20;Antena / coaxial;Compatible;4,95;;;6
SA-A205-HUE-COM;Samsung;Galaxy A20;Botón home / huella;Compatible;7,95;;;6
SA-A305-MAR-COM;Samsung;Galaxy A30;Marco / chasis;Compatible;6,19;;;6
SA-A305-BOT-COM;Samsung;Galaxy A30;Botones laterales;Compatible;2,65;;;6
SA-A305-CRI-COM;Samsung;Galaxy A30;Cristal de pantalla;Compatible;3,60;;;6
SA-A305-FPR-COM;Samsung;Galaxy A30;Flex principal;Compatible;2,75;;;6
SA-A305-VIB-COM;Samsung;Galaxy A30;Vibrador;Compatible;1,35;;;6
SA-A305-ANT-COM;Samsung;Galaxy A30;Antena / coaxial;Compatible;4,95;;;6
SA-A305-HUE-COM;Samsung;Galaxy A30;Botón home / huella;Compatible;7,95;;;6
SA-M305-MAR-COM;Samsung;Galaxy M30;Marco / chasis;Compatible;6,19;;;6
SA-M305-BOT-COM;Samsung;Galaxy M30;Botones laterales;Compatible;2,65;;;6
SA-M305-CRI-COM;Samsung;Galaxy M30;Cristal de pantalla;Compatible;3,60;;;6
SA-M305-FPR-COM;Samsung;Galaxy M30;Flex principal;Compatible;2,75;;;6
SA-M305-VIB-COM;Samsung;Galaxy M30;Vibrador;Compatible;1,35;;;6
SA-M305-ANT-COM;Samsung;Galaxy M30;Antena / coaxial;Compatible;4,95;;;6
SA-M305-HUE-COM;Samsung;Galaxy M30;Botón home / huella;Compatible;7,95;;;6
SA-J2P-MAR-COM;Samsung;Galaxy J2 Pure;Marco / chasis;Compatible;5,39;;;6
SA-J2P-BOT-COM;Samsung;Galaxy J2 Pure;Botones laterales;Compatible;2,30;;;6
SA-J2P-CRI-COM;Samsung;Galaxy J2 Pure;Cristal de pantalla;Compatible;3,15;;;6
SA-J2P-FPR-COM;Samsung;Galaxy J2 Pure;Flex principal;Compatible;2,39;;;6
SA-J2P-VIB-COM;Samsung;Galaxy J2 Pure;Vibrador;Compatible;1,19;;;6
SA-J2P-ANT-COM;Samsung;Galaxy J2 Pure;Antena / coaxial;Compatible;4,30;;;6
SA-J2P-HUE-COM;Samsung;Galaxy J2 Pure;Botón home / huella;Compatible;6,90;;;6
SA-M105-MAR-COM;Samsung;Galaxy M10;Marco / chasis;Compatible;5,39;;;6
SA-M105-BOT-COM;Samsung;Galaxy M10;Botones laterales;Compatible;2,30;;;6
SA-M105-CRI-COM;Samsung;Galaxy M10;Cristal de pantalla;Compatible;3,15;;;6
SA-M105-FPR-COM;Samsung;Galaxy M10;Flex principal;Compatible;2,39;;;6
SA-M105-VIB-COM;Samsung;Galaxy M10;Vibrador;Compatible;1,19;;;6
SA-M105-ANT-COM;Samsung;Galaxy M10;Antena / coaxial;Compatible;4,30;;;6
SA-M105-HUE-COM;Samsung;Galaxy M10;Botón home / huella;Compatible;6,90;;;6
SA-G887-MAR-COM;Samsung;Galaxy A8s;Marco / chasis;Compatible;6,19;;;6
SA-G887-BOT-COM;Samsung;Galaxy A8s;Botones laterales;Compatible;2,65;;;6
SA-G887-CRI-COM;Samsung;Galaxy A8s;Cristal de pantalla;Compatible;3,60;;;6
SA-G887-FPR-COM;Samsung;Galaxy A8s;Flex principal;Compatible;2,75;;;6
SA-G887-VIB-COM;Samsung;Galaxy A8s;Vibrador;Compatible;1,35;;;6
SA-G887-ANT-COM;Samsung;Galaxy A8s;Antena / coaxial;Compatible;4,95;;;6
SA-G887-HUE-COM;Samsung;Galaxy A8s;Botón home / huella;Compatible;7,95;;;6
SA-J410-MAR-COM;Samsung;Galaxy J4 Core;Marco / chasis;Compatible;5,39;;;6
SA-J410-BOT-COM;Samsung;Galaxy J4 Core;Botones laterales;Compatible;2,30;;;6
SA-J410-CRI-COM;Samsung;Galaxy J4 Core;Cristal de pantalla;Compatible;3,15;;;6
SA-J410-FPR-COM;Samsung;Galaxy J4 Core;Flex principal;Compatible;2,39;;;6
SA-J410-VIB-COM;Samsung;Galaxy J4 Core;Vibrador;Compatible;1,19;;;6
SA-J410-ANT-COM;Samsung;Galaxy J4 Core;Antena / coaxial;Compatible;4,30;;;6
SA-J410-HUE-COM;Samsung;Galaxy J4 Core;Botón home / huella;Compatible;6,90;;;6
SA-G620-MAR-COM;Samsung;Galaxy A6s;Marco / chasis;Compatible;6,19;;;6
SA-G620-BOT-COM;Samsung;Galaxy A6s;Botones laterales;Compatible;2,65;;;6
SA-G620-CRI-COM;Samsung;Galaxy A6s;Cristal de pantalla;Compatible;3,60;;;6
SA-G620-FPR-COM;Samsung;Galaxy A6s;Flex principal;Compatible;2,75;;;6
SA-G620-VIB-COM;Samsung;Galaxy A6s;Vibrador;Compatible;1,35;;;6
SA-G620-ANT-COM;Samsung;Galaxy A6s;Antena / coaxial;Compatible;4,95;;;6
SA-G620-HUE-COM;Samsung;Galaxy A6s;Botón home / huella;Compatible;7,95;;;6
SA-GALAXYA9-MAR-COM;Samsung;Galaxy A9s;Marco / chasis;Compatible;6,19;;;6
SA-GALAXYA9-BOT-COM;Samsung;Galaxy A9s;Botones laterales;Compatible;2,65;;;6
SA-GALAXYA9-CRI-COM;Samsung;Galaxy A9s;Cristal de pantalla;Compatible;3,60;;;6
SA-GALAXYA9-FPR-COM;Samsung;Galaxy A9s;Flex principal;Compatible;2,75;;;6
SA-GALAXYA9-VIB-COM;Samsung;Galaxy A9s;Vibrador;Compatible;1,35;;;6
SA-GALAXYA9-ANT-COM;Samsung;Galaxy A9s;Antena / coaxial;Compatible;4,95;;;6
SA-GALAXYA9-HUE-COM;Samsung;Galaxy A9s;Botón home / huella;Compatible;7,95;;;6
SA-J260-MAR-COM;Samsung;Galaxy J2 Core;Marco / chasis;Compatible;5,39;;;6
SA-J260-BOT-COM;Samsung;Galaxy J2 Core;Botones laterales;Compatible;2,30;;;6
SA-J260-CRI-COM;Samsung;Galaxy J2 Core;Cristal de pantalla;Compatible;3,15;;;6
SA-J260-FPR-COM;Samsung;Galaxy J2 Core;Flex principal;Compatible;2,39;;;6
SA-J260-VIB-COM;Samsung;Galaxy J2 Core;Vibrador;Compatible;1,19;;;6
SA-J260-ANT-COM;Samsung;Galaxy J2 Core;Antena / coaxial;Compatible;4,30;;;6
SA-J260-HUE-COM;Samsung;Galaxy J2 Core;Botón home / huella;Compatible;6,90;;;6
SA-J337-MAR-COM;Samsung;Galaxy J3 2018;Marco / chasis;Compatible;5,39;;;6
SA-J337-BOT-COM;Samsung;Galaxy J3 2018;Botones laterales;Compatible;2,30;;;6
SA-J337-CRI-COM;Samsung;Galaxy J3 2018;Cristal de pantalla;Compatible;3,15;;;6
SA-J337-FPR-COM;Samsung;Galaxy J3 2018;Flex principal;Compatible;2,39;;;6
SA-J337-VIB-COM;Samsung;Galaxy J3 2018;Vibrador;Compatible;1,19;;;6
SA-J337-ANT-COM;Samsung;Galaxy J3 2018;Antena / coaxial;Compatible;4,30;;;6
SA-J337-HUE-COM;Samsung;Galaxy J3 2018;Botón home / huella;Compatible;6,90;;;6
SA-J737-MAR-COM;Samsung;Galaxy J7 2018;Marco / chasis;Compatible;5,39;;;6
SA-J737-BOT-COM;Samsung;Galaxy J7 2018;Botones laterales;Compatible;2,30;;;6
SA-J737-CRI-COM;Samsung;Galaxy J7 2018;Cristal de pantalla;Compatible;3,15;;;6
SA-J737-FPR-COM;Samsung;Galaxy J7 2018;Flex principal;Compatible;2,39;;;6
SA-J737-VIB-COM;Samsung;Galaxy J7 2018;Vibrador;Compatible;1,19;;;6
SA-J737-ANT-COM;Samsung;Galaxy J7 2018;Antena / coaxial;Compatible;4,30;;;6
SA-J737-HUE-COM;Samsung;Galaxy J7 2018;Botón home / huella;Compatible;6,90;;;6
SA-J810-MAR-COM;Samsung;Galaxy J8;Marco / chasis;Compatible;5,39;;;6
SA-J810-BOT-COM;Samsung;Galaxy J8;Botones laterales;Compatible;2,30;;;6
SA-J810-CRI-COM;Samsung;Galaxy J8;Cristal de pantalla;Compatible;3,15;;;6
SA-J810-FPR-COM;Samsung;Galaxy J8;Flex principal;Compatible;2,39;;;6
SA-J810-VIB-COM;Samsung;Galaxy J8;Vibrador;Compatible;1,19;;;6
SA-J810-ANT-COM;Samsung;Galaxy J8;Antena / coaxial;Compatible;4,30;;;6
SA-J810-HUE-COM;Samsung;Galaxy J8;Botón home / huella;Compatible;6,90;;;6
SA-G885-MAR-COM;Samsung;Galaxy A8 Star;Marco / chasis;Compatible;6,19;;;6
SA-G885-BOT-COM;Samsung;Galaxy A8 Star;Botones laterales;Compatible;2,65;;;6
SA-G885-CRI-COM;Samsung;Galaxy A8 Star;Cristal de pantalla;Compatible;3,60;;;6
SA-G885-FPR-COM;Samsung;Galaxy A8 Star;Flex principal;Compatible;2,75;;;6
SA-G885-VIB-COM;Samsung;Galaxy A8 Star;Vibrador;Compatible;1,35;;;6
SA-G885-ANT-COM;Samsung;Galaxy A8 Star;Antena / coaxial;Compatible;4,95;;;6
SA-G885-HUE-COM;Samsung;Galaxy A8 Star;Botón home / huella;Compatible;7,95;;;6
SA-J400-MAR-COM;Samsung;Galaxy J4;Marco / chasis;Compatible;5,39;;;6
SA-J400-BOT-COM;Samsung;Galaxy J4;Botones laterales;Compatible;2,30;;;6
SA-J400-CRI-COM;Samsung;Galaxy J4;Cristal de pantalla;Compatible;3,15;;;6
SA-J400-FPR-COM;Samsung;Galaxy J4;Flex principal;Compatible;2,39;;;6
SA-J400-VIB-COM;Samsung;Galaxy J4;Vibrador;Compatible;1,19;;;6
SA-J400-ANT-COM;Samsung;Galaxy J4;Antena / coaxial;Compatible;4,30;;;6
SA-J400-HUE-COM;Samsung;Galaxy J4;Botón home / huella;Compatible;6,90;;;6
SA-J720-MAR-COM;Samsung;Galaxy J7 Duo;Marco / chasis;Compatible;5,39;;;6
SA-J720-BOT-COM;Samsung;Galaxy J7 Duo;Botones laterales;Compatible;2,30;;;6
SA-J720-CRI-COM;Samsung;Galaxy J7 Duo;Cristal de pantalla;Compatible;3,15;;;6
SA-J720-FPR-COM;Samsung;Galaxy J7 Duo;Flex principal;Compatible;2,39;;;6
SA-J720-VIB-COM;Samsung;Galaxy J7 Duo;Vibrador;Compatible;1,19;;;6
SA-J720-ANT-COM;Samsung;Galaxy J7 Duo;Antena / coaxial;Compatible;4,30;;;6
SA-J720-HUE-COM;Samsung;Galaxy J7 Duo;Botón home / huella;Compatible;6,90;;;6
SA-G611-MAR-COM;Samsung;Galaxy J7 Prime 2;Marco / chasis;Compatible;5,39;;;6
SA-G611-BOT-COM;Samsung;Galaxy J7 Prime 2;Botones laterales;Compatible;2,30;;;6
SA-G611-CRI-COM;Samsung;Galaxy J7 Prime 2;Cristal de pantalla;Compatible;3,15;;;6
SA-G611-FPR-COM;Samsung;Galaxy J7 Prime 2;Flex principal;Compatible;2,39;;;6
SA-G611-VIB-COM;Samsung;Galaxy J7 Prime 2;Vibrador;Compatible;1,19;;;6
SA-G611-ANT-COM;Samsung;Galaxy J7 Prime 2;Antena / coaxial;Compatible;4,30;;;6
SA-G611-HUE-COM;Samsung;Galaxy J7 Prime 2;Botón home / huella;Compatible;6,90;;;6
SA-ON7P18-MAR-COM;Samsung;Galaxy On7 Prime 2018;Marco / chasis;Compatible;6,19;;;6
SA-ON7P18-BOT-COM;Samsung;Galaxy On7 Prime 2018;Botones laterales;Compatible;2,65;;;6
SA-ON7P18-CRI-COM;Samsung;Galaxy On7 Prime 2018;Cristal de pantalla;Compatible;3,60;;;6
SA-ON7P18-FPR-COM;Samsung;Galaxy On7 Prime 2018;Flex principal;Compatible;2,75;;;6
SA-ON7P18-VIB-COM;Samsung;Galaxy On7 Prime 2018;Vibrador;Compatible;1,35;;;6
SA-ON7P18-ANT-COM;Samsung;Galaxy On7 Prime 2018;Antena / coaxial;Compatible;4,95;;;6
SA-ON7P18-HUE-COM;Samsung;Galaxy On7 Prime 2018;Botón home / huella;Compatible;7,95;;;6
SA-A8PL-MAR-COM;Samsung;Galaxy A8+;Marco / chasis;Compatible;6,19;;;6
SA-A8PL-BOT-COM;Samsung;Galaxy A8+;Botones laterales;Compatible;2,65;;;6
SA-A8PL-CRI-COM;Samsung;Galaxy A8+;Cristal de pantalla;Compatible;3,60;;;6
SA-A8PL-FPR-COM;Samsung;Galaxy A8+;Flex principal;Compatible;2,75;;;6
SA-A8PL-VIB-COM;Samsung;Galaxy A8+;Vibrador;Compatible;1,35;;;6
SA-A8PL-ANT-COM;Samsung;Galaxy A8+;Antena / coaxial;Compatible;4,95;;;6
SA-A8PL-HUE-COM;Samsung;Galaxy A8+;Botón home / huella;Compatible;7,95;;;6
SA-J250-MAR-COM;Samsung;Galaxy Grand Prime Pro;Marco / chasis;Compatible;6,19;;;6
SA-J250-BOT-COM;Samsung;Galaxy Grand Prime Pro;Botones laterales;Compatible;2,65;;;6
SA-J250-CRI-COM;Samsung;Galaxy Grand Prime Pro;Cristal de pantalla;Compatible;3,60;;;6
SA-J250-FPR-COM;Samsung;Galaxy Grand Prime Pro;Flex principal;Compatible;2,75;;;6
SA-J250-VIB-COM;Samsung;Galaxy Grand Prime Pro;Vibrador;Compatible;1,35;;;6
SA-J250-ANT-COM;Samsung;Galaxy Grand Prime Pro;Antena / coaxial;Compatible;4,95;;;6
SA-J250-HUE-COM;Samsung;Galaxy Grand Prime Pro;Botón home / huella;Compatible;7,95;;;6
SA-J218-MAR-COM;Samsung;Galaxy J2 2018;Marco / chasis;Compatible;5,39;;;6
SA-J218-BOT-COM;Samsung;Galaxy J2 2018;Botones laterales;Compatible;2,30;;;6
SA-J218-CRI-COM;Samsung;Galaxy J2 2018;Cristal de pantalla;Compatible;3,15;;;6
SA-J218-FPR-COM;Samsung;Galaxy J2 2018;Flex principal;Compatible;2,39;;;6
SA-J218-VIB-COM;Samsung;Galaxy J2 2018;Vibrador;Compatible;1,19;;;6
SA-J218-ANT-COM;Samsung;Galaxy J2 2018;Antena / coaxial;Compatible;4,30;;;6
SA-J218-HUE-COM;Samsung;Galaxy J2 2018;Botón home / huella;Compatible;6,90;;;6
SA-J2P18-MAR-COM;Samsung;Galaxy J2 Pro 2018;Marco / chasis;Compatible;5,39;;;6
SA-J2P18-BOT-COM;Samsung;Galaxy J2 Pro 2018;Botones laterales;Compatible;2,30;;;6
SA-J2P18-CRI-COM;Samsung;Galaxy J2 Pro 2018;Cristal de pantalla;Compatible;3,15;;;6
SA-J2P18-FPR-COM;Samsung;Galaxy J2 Pro 2018;Flex principal;Compatible;2,39;;;6
SA-J2P18-VIB-COM;Samsung;Galaxy J2 Pro 2018;Vibrador;Compatible;1,19;;;6
SA-J2P18-ANT-COM;Samsung;Galaxy J2 Pro 2018;Antena / coaxial;Compatible;4,30;;;6
SA-J2P18-HUE-COM;Samsung;Galaxy J2 Pro 2018;Botón home / huella;Compatible;6,90;;;6
SA-C710-MAR-COM;Samsung;Galaxy J7+;Marco / chasis;Compatible;5,39;;;6
SA-C710-BOT-COM;Samsung;Galaxy J7+;Botones laterales;Compatible;2,30;;;6
SA-C710-CRI-COM;Samsung;Galaxy J7+;Cristal de pantalla;Compatible;3,15;;;6
SA-C710-FPR-COM;Samsung;Galaxy J7+;Flex principal;Compatible;2,39;;;6
SA-C710-VIB-COM;Samsung;Galaxy J7+;Vibrador;Compatible;1,19;;;6
SA-C710-ANT-COM;Samsung;Galaxy J7+;Antena / coaxial;Compatible;4,30;;;6
SA-C710-HUE-COM;Samsung;Galaxy J7+;Botón home / huella;Compatible;6,90;;;6
SA-C8-MAR-COM;Samsung;Galaxy C8;Marco / chasis;Compatible;6,19;;;6
SA-C8-BOT-COM;Samsung;Galaxy C8;Botones laterales;Compatible;2,65;;;6
SA-C8-CRI-COM;Samsung;Galaxy C8;Cristal de pantalla;Compatible;3,60;;;6
SA-C8-FPR-COM;Samsung;Galaxy C8;Flex principal;Compatible;2,75;;;6
SA-C8-VIB-COM;Samsung;Galaxy C8;Vibrador;Compatible;1,35;;;6
SA-C8-ANT-COM;Samsung;Galaxy C8;Antena / coaxial;Compatible;4,95;;;6
SA-C8-HUE-COM;Samsung;Galaxy C8;Botón home / huella;Compatible;7,95;;;6
SA-G892-MAR-COM;Samsung;Galaxy S8 Active;Marco / chasis;Compatible;8,40;;;6
SA-G892-BOT-COM;Samsung;Galaxy S8 Active;Botones laterales;Compatible;3,60;;;6
SA-G892-CRI-COM;Samsung;Galaxy S8 Active;Cristal de pantalla;Compatible;4,90;;;6
SA-G892-FPR-COM;Samsung;Galaxy S8 Active;Flex principal;Compatible;3,70;;;6
SA-G892-VIB-COM;Samsung;Galaxy S8 Active;Vibrador;Compatible;1,85;;;6
SA-G892-ANT-COM;Samsung;Galaxy S8 Active;Antena / coaxial;Compatible;6,75;;;6
SA-G892-HUE-COM;Samsung;Galaxy S8 Active;Botón home / huella;Compatible;10,80;10,48;10,15;6
SA-G892-NFC-COM;Samsung;Galaxy S8 Active;NFC y carga inalámbrica;Compatible;8,35;;;6
SA-J317D-MAR-COM;Samsung;Galaxy J3 2017 Duos;Marco / chasis;Compatible;5,39;;;6
SA-J317D-BOT-COM;Samsung;Galaxy J3 2017 Duos;Botones laterales;Compatible;2,30;;;6
SA-J317D-CRI-COM;Samsung;Galaxy J3 2017 Duos;Cristal de pantalla;Compatible;3,15;;;6
SA-J317D-FPR-COM;Samsung;Galaxy J3 2017 Duos;Flex principal;Compatible;2,39;;;6
SA-J317D-VIB-COM;Samsung;Galaxy J3 2017 Duos;Vibrador;Compatible;1,19;;;6
SA-J317D-ANT-COM;Samsung;Galaxy J3 2017 Duos;Antena / coaxial;Compatible;4,30;;;6
SA-J317D-HUE-COM;Samsung;Galaxy J3 2017 Duos;Botón home / huella;Compatible;6,90;;;6
SA-J3P17-MAR-COM;Samsung;Galaxy J3 Pro 2017;Marco / chasis;Compatible;5,39;;;6
SA-J3P17-BOT-COM;Samsung;Galaxy J3 Pro 2017;Botones laterales;Compatible;2,30;;;6
SA-J3P17-CRI-COM;Samsung;Galaxy J3 Pro 2017;Cristal de pantalla;Compatible;3,15;;;6
SA-J3P17-FPR-COM;Samsung;Galaxy J3 Pro 2017;Flex principal;Compatible;2,39;;;6
SA-J3P17-VIB-COM;Samsung;Galaxy J3 Pro 2017;Vibrador;Compatible;1,19;;;6
SA-J3P17-ANT-COM;Samsung;Galaxy J3 Pro 2017;Antena / coaxial;Compatible;4,30;;;6
SA-J3P17-HUE-COM;Samsung;Galaxy J3 Pro 2017;Botón home / huella;Compatible;6,90;;;6
SA-J7C-MAR-COM;Samsung;Galaxy J7 Core;Marco / chasis;Compatible;5,39;;;6
SA-J7C-BOT-COM;Samsung;Galaxy J7 Core;Botones laterales;Compatible;2,30;;;6
SA-J7C-CRI-COM;Samsung;Galaxy J7 Core;Cristal de pantalla;Compatible;3,15;;;6
SA-J7C-FPR-COM;Samsung;Galaxy J7 Core;Flex principal;Compatible;2,39;;;6
SA-J7C-VIB-COM;Samsung;Galaxy J7 Core;Vibrador;Compatible;1,19;;;6
SA-J7C-ANT-COM;Samsung;Galaxy J7 Core;Antena / coaxial;Compatible;4,30;;;6
SA-J7C-HUE-COM;Samsung;Galaxy J7 Core;Botón home / huella;Compatible;6,90;;;6
SA-J701-MAR-COM;Samsung;Galaxy J7 Neo;Marco / chasis;Compatible;5,39;;;6
SA-J701-BOT-COM;Samsung;Galaxy J7 Neo;Botones laterales;Compatible;2,30;;;6
SA-J701-CRI-COM;Samsung;Galaxy J7 Neo;Cristal de pantalla;Compatible;3,15;;;6
SA-J701-FPR-COM;Samsung;Galaxy J7 Neo;Flex principal;Compatible;2,39;;;6
SA-J701-VIB-COM;Samsung;Galaxy J7 Neo;Vibrador;Compatible;1,19;;;6
SA-J701-ANT-COM;Samsung;Galaxy J7 Neo;Antena / coaxial;Compatible;4,30;;;6
SA-J701-HUE-COM;Samsung;Galaxy J7 Neo;Botón home / huella;Compatible;6,90;;;6
SA-J7NXT-MAR-COM;Samsung;Galaxy J7 Nxt;Marco / chasis;Compatible;5,39;;;6
SA-J7NXT-BOT-COM;Samsung;Galaxy J7 Nxt;Botones laterales;Compatible;2,30;;;6
SA-J7NXT-CRI-COM;Samsung;Galaxy J7 Nxt;Cristal de pantalla;Compatible;3,15;;;6
SA-J7NXT-FPR-COM;Samsung;Galaxy J7 Nxt;Flex principal;Compatible;2,39;;;6
SA-J7NXT-VIB-COM;Samsung;Galaxy J7 Nxt;Vibrador;Compatible;1,19;;;6
SA-J7NXT-ANT-COM;Samsung;Galaxy J7 Nxt;Antena / coaxial;Compatible;4,30;;;6
SA-J7NXT-HUE-COM;Samsung;Galaxy J7 Nxt;Botón home / huella;Compatible;6,90;;;6
SA-J7P-MAR-COM;Samsung;Galaxy J7 Pro;Marco / chasis;Compatible;5,39;;;6
SA-J7P-BOT-COM;Samsung;Galaxy J7 Pro;Botones laterales;Compatible;2,30;;;6
SA-J7P-CRI-COM;Samsung;Galaxy J7 Pro;Cristal de pantalla;Compatible;3,15;;;6
SA-J7P-FPR-COM;Samsung;Galaxy J7 Pro;Flex principal;Compatible;2,39;;;6
SA-J7P-VIB-COM;Samsung;Galaxy J7 Pro;Vibrador;Compatible;1,19;;;6
SA-J7P-ANT-COM;Samsung;Galaxy J7 Pro;Antena / coaxial;Compatible;4,30;;;6
SA-J7P-HUE-COM;Samsung;Galaxy J7 Pro;Botón home / huella;Compatible;6,90;;;6
SA-NFE-MAR-COM;Samsung;Galaxy Note FE;Marco / chasis;Compatible;8,40;;;6
SA-NFE-BOT-COM;Samsung;Galaxy Note FE;Botones laterales;Compatible;3,60;;;6
SA-NFE-CRI-COM;Samsung;Galaxy Note FE;Cristal de pantalla;Compatible;4,90;;;6
SA-NFE-FPR-COM;Samsung;Galaxy Note FE;Flex principal;Compatible;3,70;;;6
SA-NFE-VIB-COM;Samsung;Galaxy Note FE;Vibrador;Compatible;1,85;;;6
SA-NFE-ANT-COM;Samsung;Galaxy Note FE;Antena / coaxial;Compatible;6,75;;;6
SA-NFE-HUE-COM;Samsung;Galaxy Note FE;Botón home / huella;Compatible;10,80;10,48;10,15;6
SA-NFE-NFC-COM;Samsung;Galaxy Note FE;NFC y carga inalámbrica;Compatible;8,35;;;6
SA-J517D-MAR-COM;Samsung;Galaxy J5 2017 Duos;Marco / chasis;Compatible;5,39;;;6
SA-J517D-BOT-COM;Samsung;Galaxy J5 2017 Duos;Botones laterales;Compatible;2,30;;;6
SA-J517D-CRI-COM;Samsung;Galaxy J5 2017 Duos;Cristal de pantalla;Compatible;3,15;;;6
SA-J517D-FPR-COM;Samsung;Galaxy J5 2017 Duos;Flex principal;Compatible;2,39;;;6
SA-J517D-VIB-COM;Samsung;Galaxy J5 2017 Duos;Vibrador;Compatible;1,19;;;6
SA-J517D-ANT-COM;Samsung;Galaxy J5 2017 Duos;Antena / coaxial;Compatible;4,30;;;6
SA-J517D-HUE-COM;Samsung;Galaxy J5 2017 Duos;Botón home / huella;Compatible;6,90;;;6
SA-J5P17-MAR-COM;Samsung;Galaxy J5 Pro 2017;Marco / chasis;Compatible;5,39;;;6
SA-J5P17-BOT-COM;Samsung;Galaxy J5 Pro 2017;Botones laterales;Compatible;2,30;;;6
SA-J5P17-CRI-COM;Samsung;Galaxy J5 Pro 2017;Cristal de pantalla;Compatible;3,15;;;6
SA-J5P17-FPR-COM;Samsung;Galaxy J5 Pro 2017;Flex principal;Compatible;2,39;;;6
SA-J5P17-VIB-COM;Samsung;Galaxy J5 Pro 2017;Vibrador;Compatible;1,19;;;6
SA-J5P17-ANT-COM;Samsung;Galaxy J5 Pro 2017;Antena / coaxial;Compatible;4,30;;;6
SA-J5P17-HUE-COM;Samsung;Galaxy J5 Pro 2017;Botón home / huella;Compatible;6,90;;;6
SA-G615-MAR-COM;Samsung;Galaxy J7 Max;Marco / chasis;Compatible;5,39;;;6
SA-G615-BOT-COM;Samsung;Galaxy J7 Max;Botones laterales;Compatible;2,30;;;6
SA-G615-CRI-COM;Samsung;Galaxy J7 Max;Cristal de pantalla;Compatible;3,15;;;6
SA-G615-FPR-COM;Samsung;Galaxy J7 Max;Flex principal;Compatible;2,39;;;6
SA-G615-VIB-COM;Samsung;Galaxy J7 Max;Vibrador;Compatible;1,19;;;6
SA-G615-ANT-COM;Samsung;Galaxy J7 Max;Antena / coaxial;Compatible;4,30;;;6
SA-G615-HUE-COM;Samsung;Galaxy J7 Max;Botón home / huella;Compatible;6,90;;;6
SA-GALAXYFE-MAR-COM;Samsung;Galaxy Feel;Marco / chasis;Compatible;6,19;;;6
SA-GALAXYFE-BOT-COM;Samsung;Galaxy Feel;Botones laterales;Compatible;2,65;;;6
SA-GALAXYFE-CRI-COM;Samsung;Galaxy Feel;Cristal de pantalla;Compatible;3,60;;;6
SA-GALAXYFE-FPR-COM;Samsung;Galaxy Feel;Flex principal;Compatible;2,75;;;6
SA-GALAXYFE-VIB-COM;Samsung;Galaxy Feel;Vibrador;Compatible;1,35;;;6
SA-GALAXYFE-ANT-COM;Samsung;Galaxy Feel;Antena / coaxial;Compatible;4,95;;;6
SA-GALAXYFE-HUE-COM;Samsung;Galaxy Feel;Botón home / huella;Compatible;7,95;;;6
SA-J727-MAR-COM;Samsung;Galaxy J7 V;Marco / chasis;Compatible;5,39;;;6
SA-J727-BOT-COM;Samsung;Galaxy J7 V;Botones laterales;Compatible;2,30;;;6
SA-J727-CRI-COM;Samsung;Galaxy J7 V;Cristal de pantalla;Compatible;3,15;;;6
SA-J727-FPR-COM;Samsung;Galaxy J7 V;Flex principal;Compatible;2,39;;;6
SA-J727-VIB-COM;Samsung;Galaxy J7 V;Vibrador;Compatible;1,19;;;6
SA-J727-ANT-COM;Samsung;Galaxy J7 V;Antena / coaxial;Compatible;4,30;;;6
SA-J727-HUE-COM;Samsung;Galaxy J7 V;Botón home / huella;Compatible;6,90;;;6
SA-W2-MAR-COM;Samsung;Galaxy Wide2;Marco / chasis;Compatible;6,19;;;6
SA-W2-BOT-COM;Samsung;Galaxy Wide2;Botones laterales;Compatible;2,65;;;6
SA-W2-CRI-COM;Samsung;Galaxy Wide2;Cristal de pantalla;Compatible;3,60;;;6
SA-W2-FPR-COM;Samsung;Galaxy Wide2;Flex principal;Compatible;2,75;;;6
SA-W2-VIB-COM;Samsung;Galaxy Wide2;Vibrador;Compatible;1,35;;;6
SA-W2-ANT-COM;Samsung;Galaxy Wide2;Antena / coaxial;Compatible;4,95;;;6
SA-W2-HUE-COM;Samsung;Galaxy Wide2;Botón home / huella;Compatible;7,95;;;6
SA-A720-MAR-COM;Samsung;Galaxy A7 2017;Marco / chasis;Compatible;6,19;;;6
SA-A720-BOT-COM;Samsung;Galaxy A7 2017;Botones laterales;Compatible;2,65;;;6
SA-A720-CRI-COM;Samsung;Galaxy A7 2017;Cristal de pantalla;Compatible;3,60;;;6
SA-A720-FPR-COM;Samsung;Galaxy A7 2017;Flex principal;Compatible;2,75;;;6
SA-A720-VIB-COM;Samsung;Galaxy A7 2017;Vibrador;Compatible;1,35;;;6
SA-A720-ANT-COM;Samsung;Galaxy A7 2017;Antena / coaxial;Compatible;4,95;;;6
SA-A720-HUE-COM;Samsung;Galaxy A7 2017;Botón home / huella;Compatible;7,95;;;6
SA-C701-MAR-COM;Samsung;Galaxy C7 Pro;Marco / chasis;Compatible;6,19;;;6
SA-C701-BOT-COM;Samsung;Galaxy C7 Pro;Botones laterales;Compatible;2,65;;;6
SA-C701-CRI-COM;Samsung;Galaxy C7 Pro;Cristal de pantalla;Compatible;3,60;;;6
SA-C701-FPR-COM;Samsung;Galaxy C7 Pro;Flex principal;Compatible;2,75;;;6
SA-C701-VIB-COM;Samsung;Galaxy C7 Pro;Vibrador;Compatible;1,35;;;6
SA-C701-ANT-COM;Samsung;Galaxy C7 Pro;Antena / coaxial;Compatible;4,95;;;6
SA-C701-HUE-COM;Samsung;Galaxy C7 Pro;Botón home / huella;Compatible;7,95;;;6
SA-J3P-MAR-COM;Samsung;Galaxy J3 Prime;Marco / chasis;Compatible;5,39;;;6
SA-J3P-BOT-COM;Samsung;Galaxy J3 Prime;Botones laterales;Compatible;2,30;;;6
SA-J3P-CRI-COM;Samsung;Galaxy J3 Prime;Cristal de pantalla;Compatible;3,15;;;6
SA-J3P-FPR-COM;Samsung;Galaxy J3 Prime;Flex principal;Compatible;2,39;;;6
SA-J3P-VIB-COM;Samsung;Galaxy J3 Prime;Vibrador;Compatible;1,19;;;6
SA-J3P-ANT-COM;Samsung;Galaxy J3 Prime;Antena / coaxial;Compatible;4,30;;;6
SA-J3P-HUE-COM;Samsung;Galaxy J3 Prime;Botón home / huella;Compatible;6,90;;;6
SA-J106-MAR-COM;Samsung;Galaxy J1 mini prime;Marco / chasis;Compatible;4,79;;;6
SA-J106-BOT-COM;Samsung;Galaxy J1 mini prime;Botones laterales;Compatible;2,05;;;6
SA-J106-CRI-COM;Samsung;Galaxy J1 mini prime;Cristal de pantalla;Compatible;2,79;;;6
SA-J106-FPR-COM;Samsung;Galaxy J1 mini prime;Flex principal;Compatible;2,10;;;6
SA-J106-VIB-COM;Samsung;Galaxy J1 mini prime;Vibrador;Compatible;1,05;;;6
SA-J106-ANT-COM;Samsung;Galaxy J1 mini prime;Antena / coaxial;Compatible;3,85;;;6
SA-J106-HUE-COM;Samsung;Galaxy J1 mini prime;Botón home / huella;Compatible;6,15;;;6
SA-C900-MAR-COM;Samsung;Galaxy C9 Pro;Marco / chasis;Compatible;5,50;;;6
SA-C900-BOT-COM;Samsung;Galaxy C9 Pro;Botones laterales;Compatible;2,35;;;6
SA-C900-CRI-COM;Samsung;Galaxy C9 Pro;Cristal de pantalla;Compatible;3,20;;;6
SA-C900-FPR-COM;Samsung;Galaxy C9 Pro;Flex principal;Compatible;2,45;;;6
SA-C900-VIB-COM;Samsung;Galaxy C9 Pro;Vibrador;Compatible;1,20;;;6
SA-C900-ANT-COM;Samsung;Galaxy C9 Pro;Antena / coaxial;Compatible;4,40;;;6
SA-C900-HUE-COM;Samsung;Galaxy C9 Pro;Botón home / huella;Compatible;7,05;;;6
SA-G532-MAR-COM;Samsung;Galaxy J2 Prime;Marco / chasis;Compatible;4,79;;;6
SA-G532-BOT-COM;Samsung;Galaxy J2 Prime;Botones laterales;Compatible;2,05;;;6
SA-G532-CRI-COM;Samsung;Galaxy J2 Prime;Cristal de pantalla;Compatible;2,79;;;6
SA-G532-FPR-COM;Samsung;Galaxy J2 Prime;Flex principal;Compatible;2,10;;;6
SA-G532-VIB-COM;Samsung;Galaxy J2 Prime;Vibrador;Compatible;1,05;;;6
SA-G532-ANT-COM;Samsung;Galaxy J2 Prime;Antena / coaxial;Compatible;3,85;;;6
SA-G532-HUE-COM;Samsung;Galaxy J2 Prime;Botón home / huella;Compatible;6,15;;;6
SA-ON716-MAR-COM;Samsung;Galaxy On7 2016;Marco / chasis;Compatible;5,50;;;6
SA-ON716-BOT-COM;Samsung;Galaxy On7 2016;Botones laterales;Compatible;2,35;;;6
SA-ON716-CRI-COM;Samsung;Galaxy On7 2016;Cristal de pantalla;Compatible;3,20;;;6
SA-ON716-FPR-COM;Samsung;Galaxy On7 2016;Flex principal;Compatible;2,45;;;6
SA-ON716-VIB-COM;Samsung;Galaxy On7 2016;Vibrador;Compatible;1,20;;;6
SA-ON716-ANT-COM;Samsung;Galaxy On7 2016;Antena / coaxial;Compatible;4,40;;;6
SA-ON716-HUE-COM;Samsung;Galaxy On7 2016;Botón home / huella;Compatible;7,05;;;6
SA-A810-MAR-COM;Samsung;Galaxy A8 2016;Marco / chasis;Compatible;5,50;;;6
SA-A810-BOT-COM;Samsung;Galaxy A8 2016;Botones laterales;Compatible;2,35;;;6
SA-A810-CRI-COM;Samsung;Galaxy A8 2016;Cristal de pantalla;Compatible;3,20;;;6
SA-A810-FPR-COM;Samsung;Galaxy A8 2016;Flex principal;Compatible;2,45;;;6
SA-A810-VIB-COM;Samsung;Galaxy A8 2016;Vibrador;Compatible;1,20;;;6
SA-A810-ANT-COM;Samsung;Galaxy A8 2016;Antena / coaxial;Compatible;4,40;;;6
SA-A810-HUE-COM;Samsung;Galaxy A8 2016;Botón home / huella;Compatible;7,05;;;6
SA-G160-FPR-COM;Samsung;Galaxy Folder 2;Flex principal;Compatible;3,40;;;6
SA-G160-VIB-COM;Samsung;Galaxy Folder 2;Vibrador;Compatible;1,69;;;6
SA-G160-ANT-COM;Samsung;Galaxy Folder 2;Antena / coaxial;Compatible;6,19;;;6
SA-G160-HUE-COM;Samsung;Galaxy Folder 2;Botón home / huella;Compatible;9,89;;;6
SA-G570-MAR-COM;Samsung;Galaxy J5 Prime;Marco / chasis;Compatible;4,79;;;6
SA-G570-BOT-COM;Samsung;Galaxy J5 Prime;Botones laterales;Compatible;2,05;;;6
SA-G570-CRI-COM;Samsung;Galaxy J5 Prime;Cristal de pantalla;Compatible;2,79;;;6
SA-G570-FPR-COM;Samsung;Galaxy J5 Prime;Flex principal;Compatible;2,10;;;6
SA-G570-VIB-COM;Samsung;Galaxy J5 Prime;Vibrador;Compatible;1,05;;;6
SA-G570-ANT-COM;Samsung;Galaxy J5 Prime;Antena / coaxial;Compatible;3,85;;;6
SA-G570-HUE-COM;Samsung;Galaxy J5 Prime;Botón home / huella;Compatible;6,15;;;6
SA-G610-MAR-COM;Samsung;Galaxy J7 Prime;Marco / chasis;Compatible;4,79;;;6
SA-G610-BOT-COM;Samsung;Galaxy J7 Prime;Botones laterales;Compatible;2,05;;;6
SA-G610-CRI-COM;Samsung;Galaxy J7 Prime;Cristal de pantalla;Compatible;2,79;;;6
SA-G610-FPR-COM;Samsung;Galaxy J7 Prime;Flex principal;Compatible;2,10;;;6
SA-G610-VIB-COM;Samsung;Galaxy J7 Prime;Vibrador;Compatible;1,05;;;6
SA-G610-ANT-COM;Samsung;Galaxy J7 Prime;Antena / coaxial;Compatible;3,85;;;6
SA-G610-HUE-COM;Samsung;Galaxy J7 Prime;Botón home / huella;Compatible;6,15;;;6
SA-N930-MAR-COM;Samsung;Galaxy Note 7;Marco / chasis;Compatible;7,49;;;6
SA-N930-BOT-COM;Samsung;Galaxy Note 7;Botones laterales;Compatible;3,20;;;6
SA-N930-CRI-COM;Samsung;Galaxy Note 7;Cristal de pantalla;Compatible;4,35;;;6
SA-N930-FPR-COM;Samsung;Galaxy Note 7;Flex principal;Compatible;3,30;;;6
SA-N930-VIB-COM;Samsung;Galaxy Note 7;Vibrador;Compatible;1,65;;;6
SA-N930-ANT-COM;Samsung;Galaxy Note 7;Antena / coaxial;Compatible;6,00;;;6
SA-N930-HUE-COM;Samsung;Galaxy Note 7;Botón home / huella;Compatible;9,60;;;6
SA-N930-NFC-COM;Samsung;Galaxy Note 7;NFC y carga inalámbrica;Compatible;7,40;;;6
SA-Z2-MAR-COM;Samsung;Z2;Marco / chasis;Compatible;5,50;;;6
SA-Z2-BOT-COM;Samsung;Z2;Botones laterales;Compatible;2,35;;;6
SA-Z2-CRI-COM;Samsung;Z2;Cristal de pantalla;Compatible;3,20;;;6
SA-Z2-FPR-COM;Samsung;Z2;Flex principal;Compatible;2,45;;;6
SA-Z2-VIB-COM;Samsung;Z2;Vibrador;Compatible;1,20;;;6
SA-Z2-ANT-COM;Samsung;Z2;Antena / coaxial;Compatible;4,40;;;6
SA-Z2-HUE-COM;Samsung;Z2;Botón home / huella;Compatible;7,05;;;6
SA-J210-MAR-COM;Samsung;Galaxy J2 2016;Marco / chasis;Compatible;4,79;;;6
SA-J210-BOT-COM;Samsung;Galaxy J2 2016;Botones laterales;Compatible;2,05;;;6
SA-J210-CRI-COM;Samsung;Galaxy J2 2016;Cristal de pantalla;Compatible;2,79;;;6
SA-J210-FPR-COM;Samsung;Galaxy J2 2016;Flex principal;Compatible;2,10;;;6
SA-J210-VIB-COM;Samsung;Galaxy J2 2016;Vibrador;Compatible;1,05;;;6
SA-J210-ANT-COM;Samsung;Galaxy J2 2016;Antena / coaxial;Compatible;3,85;;;6
SA-J210-HUE-COM;Samsung;Galaxy J2 2016;Botón home / huella;Compatible;6,15;;;6
SA-J2P16-MAR-COM;Samsung;Galaxy J2 Pro 2016;Marco / chasis;Compatible;4,79;;;6
SA-J2P16-BOT-COM;Samsung;Galaxy J2 Pro 2016;Botones laterales;Compatible;2,05;;;6
SA-J2P16-CRI-COM;Samsung;Galaxy J2 Pro 2016;Cristal de pantalla;Compatible;2,79;;;6
SA-J2P16-FPR-COM;Samsung;Galaxy J2 Pro 2016;Flex principal;Compatible;2,10;;;6
SA-J2P16-VIB-COM;Samsung;Galaxy J2 Pro 2016;Vibrador;Compatible;1,05;;;6
SA-J2P16-ANT-COM;Samsung;Galaxy J2 Pro 2016;Antena / coaxial;Compatible;3,85;;;6
SA-J2P16-HUE-COM;Samsung;Galaxy J2 Pro 2016;Botón home / huella;Compatible;6,15;;;6
SA-ON5P-MAR-COM;Samsung;Galaxy On5 Pro;Marco / chasis;Compatible;5,50;;;6
SA-ON5P-BOT-COM;Samsung;Galaxy On5 Pro;Botones laterales;Compatible;2,35;;;6
SA-ON5P-CRI-COM;Samsung;Galaxy On5 Pro;Cristal de pantalla;Compatible;3,20;;;6
SA-ON5P-FPR-COM;Samsung;Galaxy On5 Pro;Flex principal;Compatible;2,45;;;6
SA-ON5P-VIB-COM;Samsung;Galaxy On5 Pro;Vibrador;Compatible;1,20;;;6
SA-ON5P-ANT-COM;Samsung;Galaxy On5 Pro;Antena / coaxial;Compatible;4,40;;;6
SA-ON5P-HUE-COM;Samsung;Galaxy On5 Pro;Botón home / huella;Compatible;7,05;;;6
SA-ON7P-MAR-COM;Samsung;Galaxy On7 Pro;Marco / chasis;Compatible;5,50;;;6
SA-ON7P-BOT-COM;Samsung;Galaxy On7 Pro;Botones laterales;Compatible;2,35;;;6
SA-ON7P-CRI-COM;Samsung;Galaxy On7 Pro;Cristal de pantalla;Compatible;3,20;;;6
SA-ON7P-FPR-COM;Samsung;Galaxy On7 Pro;Flex principal;Compatible;2,45;;;6
SA-ON7P-VIB-COM;Samsung;Galaxy On7 Pro;Vibrador;Compatible;1,20;;;6
SA-ON7P-ANT-COM;Samsung;Galaxy On7 Pro;Antena / coaxial;Compatible;4,40;;;6
SA-ON7P-HUE-COM;Samsung;Galaxy On7 Pro;Botón home / huella;Compatible;7,05;;;6
SA-G891-MAR-COM;Samsung;Galaxy S7 Active;Marco / chasis;Compatible;7,49;;;6
SA-G891-BOT-COM;Samsung;Galaxy S7 Active;Botones laterales;Compatible;3,20;;;6
SA-G891-CRI-COM;Samsung;Galaxy S7 Active;Cristal de pantalla;Compatible;4,35;;;6
SA-G891-FPR-COM;Samsung;Galaxy S7 Active;Flex principal;Compatible;3,30;;;6
SA-G891-VIB-COM;Samsung;Galaxy S7 Active;Vibrador;Compatible;1,65;;;6
SA-G891-ANT-COM;Samsung;Galaxy S7 Active;Antena / coaxial;Compatible;6,00;;;6
SA-G891-HUE-COM;Samsung;Galaxy S7 Active;Botón home / huella;Compatible;9,60;;;6
SA-G891-NFC-COM;Samsung;Galaxy S7 Active;NFC y carga inalámbrica;Compatible;7,40;;;6
SA-C500-MAR-COM;Samsung;Galaxy C5;Marco / chasis;Compatible;5,50;;;6
SA-C500-BOT-COM;Samsung;Galaxy C5;Botones laterales;Compatible;2,35;;;6
SA-C500-CRI-COM;Samsung;Galaxy C5;Cristal de pantalla;Compatible;3,20;;;6
SA-C500-FPR-COM;Samsung;Galaxy C5;Flex principal;Compatible;2,45;;;6
SA-C500-VIB-COM;Samsung;Galaxy C5;Vibrador;Compatible;1,20;;;6
SA-C500-ANT-COM;Samsung;Galaxy C5;Antena / coaxial;Compatible;4,40;;;6
SA-C500-HUE-COM;Samsung;Galaxy C5;Botón home / huella;Compatible;7,05;;;6
SA-C501-MAR-COM;Samsung;Galaxy C5 Pro;Marco / chasis;Compatible;5,50;;;6
SA-C501-BOT-COM;Samsung;Galaxy C5 Pro;Botones laterales;Compatible;2,35;;;6
SA-C501-CRI-COM;Samsung;Galaxy C5 Pro;Cristal de pantalla;Compatible;3,20;;;6
SA-C501-FPR-COM;Samsung;Galaxy C5 Pro;Flex principal;Compatible;2,45;;;6
SA-C501-VIB-COM;Samsung;Galaxy C5 Pro;Vibrador;Compatible;1,20;;;6
SA-C501-ANT-COM;Samsung;Galaxy C5 Pro;Antena / coaxial;Compatible;4,40;;;6
SA-C501-HUE-COM;Samsung;Galaxy C5 Pro;Botón home / huella;Compatible;7,05;;;6
SA-C700-MAR-COM;Samsung;Galaxy C7;Marco / chasis;Compatible;5,50;;;6
SA-C700-BOT-COM;Samsung;Galaxy C7;Botones laterales;Compatible;2,35;;;6
SA-C700-CRI-COM;Samsung;Galaxy C7;Cristal de pantalla;Compatible;3,20;;;6
SA-C700-FPR-COM;Samsung;Galaxy C7;Flex principal;Compatible;2,45;;;6
SA-C700-VIB-COM;Samsung;Galaxy C7;Vibrador;Compatible;1,20;;;6
SA-C700-ANT-COM;Samsung;Galaxy C7;Antena / coaxial;Compatible;4,40;;;6
SA-C700-HUE-COM;Samsung;Galaxy C7;Botón home / huella;Compatible;7,05;;;6
SA-J3V-MAR-COM;Samsung;Galaxy J3 V;Marco / chasis;Compatible;4,79;;;6
SA-J3V-BOT-COM;Samsung;Galaxy J3 V;Botones laterales;Compatible;2,05;;;6
SA-J3V-CRI-COM;Samsung;Galaxy J3 V;Cristal de pantalla;Compatible;2,79;;;6
SA-J3V-FPR-COM;Samsung;Galaxy J3 V;Flex principal;Compatible;2,10;;;6
SA-J3V-VIB-COM;Samsung;Galaxy J3 V;Vibrador;Compatible;1,05;;;6
SA-J3V-ANT-COM;Samsung;Galaxy J3 V;Antena / coaxial;Compatible;3,85;;;6
SA-J3V-HUE-COM;Samsung;Galaxy J3 V;Botón home / huella;Compatible;6,15;;;6
SA-X3G389F-MAR-COM;Samsung;Galaxy XCover 3 G389F;Marco / chasis;Compatible;5,50;;;6
SA-X3G389F-BOT-COM;Samsung;Galaxy XCover 3 G389F;Botones laterales;Compatible;2,35;;;6
SA-X3G389F-FPR-COM;Samsung;Galaxy XCover 3 G389F;Flex principal;Compatible;2,45;;;6
SA-X3G389F-VIB-COM;Samsung;Galaxy XCover 3 G389F;Vibrador;Compatible;1,20;;;6
SA-X3G389F-ANT-COM;Samsung;Galaxy XCover 3 G389F;Antena / coaxial;Compatible;4,40;;;6
SA-X3G389F-HUE-COM;Samsung;Galaxy XCover 3 G389F;Botón home / huella;Compatible;7,05;;;6
SA-X3VE-MAR-COM;Samsung;Galaxy XCover 3 VE;Marco / chasis;Compatible;5,50;;;6
SA-X3VE-BOT-COM;Samsung;Galaxy XCover 3 VE;Botones laterales;Compatible;2,35;;;6
SA-X3VE-FPR-COM;Samsung;Galaxy XCover 3 VE;Flex principal;Compatible;2,45;;;6
SA-X3VE-VIB-COM;Samsung;Galaxy XCover 3 VE;Vibrador;Compatible;1,20;;;6
SA-X3VE-ANT-COM;Samsung;Galaxy XCover 3 VE;Antena / coaxial;Compatible;4,40;;;6
SA-X3VE-HUE-COM;Samsung;Galaxy XCover 3 VE;Botón home / huella;Compatible;7,05;;;6
SA-A9P16-MAR-COM;Samsung;Galaxy A9 Pro 2016;Marco / chasis;Compatible;5,50;;;6
SA-A9P16-BOT-COM;Samsung;Galaxy A9 Pro 2016;Botones laterales;Compatible;2,35;;;6
SA-A9P16-CRI-COM;Samsung;Galaxy A9 Pro 2016;Cristal de pantalla;Compatible;3,20;;;6
SA-A9P16-FPR-COM;Samsung;Galaxy A9 Pro 2016;Flex principal;Compatible;2,45;;;6
SA-A9P16-VIB-COM;Samsung;Galaxy A9 Pro 2016;Vibrador;Compatible;1,20;;;6
SA-A9P16-ANT-COM;Samsung;Galaxy A9 Pro 2016;Antena / coaxial;Compatible;4,40;;;6
SA-A9P16-HUE-COM;Samsung;Galaxy A9 Pro 2016;Botón home / huella;Compatible;7,05;;;6
SA-J105-MAR-COM;Samsung;Galaxy J1 mini;Marco / chasis;Compatible;4,79;;;6
SA-J105-BOT-COM;Samsung;Galaxy J1 mini;Botones laterales;Compatible;2,05;;;6
SA-J105-CRI-COM;Samsung;Galaxy J1 mini;Cristal de pantalla;Compatible;2,79;;;6
SA-J105-FPR-COM;Samsung;Galaxy J1 mini;Flex principal;Compatible;2,10;;;6
SA-J105-VIB-COM;Samsung;Galaxy J1 mini;Vibrador;Compatible;1,05;;;6
SA-J105-ANT-COM;Samsung;Galaxy J1 mini;Antena / coaxial;Compatible;3,85;;;6
SA-J105-HUE-COM;Samsung;Galaxy J1 mini;Botón home / huella;Compatible;6,15;;;6
SA-J1NXT-MAR-COM;Samsung;Galaxy J1 Nxt;Marco / chasis;Compatible;4,79;;;6
SA-J1NXT-BOT-COM;Samsung;Galaxy J1 Nxt;Botones laterales;Compatible;2,05;;;6
SA-J1NXT-CRI-COM;Samsung;Galaxy J1 Nxt;Cristal de pantalla;Compatible;2,79;;;6
SA-J1NXT-FPR-COM;Samsung;Galaxy J1 Nxt;Flex principal;Compatible;2,10;;;6
SA-J1NXT-VIB-COM;Samsung;Galaxy J1 Nxt;Vibrador;Compatible;1,05;;;6
SA-J1NXT-ANT-COM;Samsung;Galaxy J1 Nxt;Antena / coaxial;Compatible;3,85;;;6
SA-J1NXT-HUE-COM;Samsung;Galaxy J1 Nxt;Botón home / huella;Compatible;6,15;;;6
SA-ON8-MAR-COM;Samsung;Galaxy On8;Marco / chasis;Compatible;5,50;;;6
SA-ON8-BOT-COM;Samsung;Galaxy On8;Botones laterales;Compatible;2,35;;;6
SA-ON8-CRI-COM;Samsung;Galaxy On8;Cristal de pantalla;Compatible;3,20;;;6
SA-ON8-FPR-COM;Samsung;Galaxy On8;Flex principal;Compatible;2,45;;;6
SA-ON8-VIB-COM;Samsung;Galaxy On8;Vibrador;Compatible;1,20;;;6
SA-ON8-ANT-COM;Samsung;Galaxy On8;Antena / coaxial;Compatible;4,40;;;6
SA-ON8-HUE-COM;Samsung;Galaxy On8;Botón home / huella;Compatible;7,05;;;6
SA-A710-MAR-COM;Samsung;Galaxy A7 2016;Marco / chasis;Compatible;5,50;;;6
SA-A710-BOT-COM;Samsung;Galaxy A7 2016;Botones laterales;Compatible;2,35;;;6
SA-A710-CRI-COM;Samsung;Galaxy A7 2016;Cristal de pantalla;Compatible;3,20;;;6
SA-A710-VIB-COM;Samsung;Galaxy A7 2016;Vibrador;Compatible;1,20;;;6
SA-A710-ANT-COM;Samsung;Galaxy A7 2016;Antena / coaxial;Compatible;4,40;;;6
SA-A900-MAR-COM;Samsung;Galaxy A9 2016;Marco / chasis;Compatible;5,50;;;6
SA-A900-BOT-COM;Samsung;Galaxy A9 2016;Botones laterales;Compatible;2,35;;;6
SA-A900-CRI-COM;Samsung;Galaxy A9 2016;Cristal de pantalla;Compatible;3,20;;;6
SA-A900-VIB-COM;Samsung;Galaxy A9 2016;Vibrador;Compatible;1,20;;;6
SA-A900-ANT-COM;Samsung;Galaxy A9 2016;Antena / coaxial;Compatible;4,40;;;6
SA-J1ACENEO-MAR-COM;Samsung;Galaxy J1 Ace Neo;Marco / chasis;Compatible;4,79;;;6
SA-J1ACENEO-BOT-COM;Samsung;Galaxy J1 Ace Neo;Botones laterales;Compatible;2,05;;;6
SA-J1ACENEO-CRI-COM;Samsung;Galaxy J1 Ace Neo;Cristal de pantalla;Compatible;2,79;;;6
SA-J1ACENEO-VIB-COM;Samsung;Galaxy J1 Ace Neo;Vibrador;Compatible;1,05;;;6
SA-J1ACENEO-ANT-COM;Samsung;Galaxy J1 Ace Neo;Antena / coaxial;Compatible;3,85;;;6
SA-G550-MAR-COM;Samsung;Galaxy On5;Marco / chasis;Compatible;5,50;;;6
SA-G550-BOT-COM;Samsung;Galaxy On5;Botones laterales;Compatible;2,35;;;6
SA-G550-CRI-COM;Samsung;Galaxy On5;Cristal de pantalla;Compatible;3,20;;;6
SA-G550-VIB-COM;Samsung;Galaxy On5;Vibrador;Compatible;1,20;;;6
SA-G550-ANT-COM;Samsung;Galaxy On5;Antena / coaxial;Compatible;4,40;;;6
SA-G600-MAR-COM;Samsung;Galaxy On7;Marco / chasis;Compatible;5,50;;;6
SA-G600-BOT-COM;Samsung;Galaxy On7;Botones laterales;Compatible;2,35;;;6
SA-G600-CRI-COM;Samsung;Galaxy On7;Cristal de pantalla;Compatible;3,20;;;6
SA-G600-VIB-COM;Samsung;Galaxy On7;Vibrador;Compatible;1,20;;;6
SA-G600-ANT-COM;Samsung;Galaxy On7;Antena / coaxial;Compatible;4,40;;;6
SA-Z3-MAR-COM;Samsung;Z3;Marco / chasis;Compatible;5,50;;;6
SA-Z3-BOT-COM;Samsung;Z3;Botones laterales;Compatible;2,35;;;6
SA-Z3-CRI-COM;Samsung;Z3;Cristal de pantalla;Compatible;3,20;;;6
SA-Z3-VIB-COM;Samsung;Z3;Vibrador;Compatible;1,20;;;6
SA-Z3-ANT-COM;Samsung;Z3;Antena / coaxial;Compatible;4,40;;;6
SA-J110-MAR-COM;Samsung;Galaxy J1 Ace;Marco / chasis;Compatible;4,79;;;6
SA-J110-BOT-COM;Samsung;Galaxy J1 Ace;Botones laterales;Compatible;2,05;;;6
SA-J110-CRI-COM;Samsung;Galaxy J1 Ace;Cristal de pantalla;Compatible;2,79;;;6
SA-J110-VIB-COM;Samsung;Galaxy J1 Ace;Vibrador;Compatible;1,05;;;6
SA-J110-ANT-COM;Samsung;Galaxy J1 Ace;Antena / coaxial;Compatible;3,85;;;6
SA-J200-MAR-COM;Samsung;Galaxy J2;Marco / chasis;Compatible;4,79;;;6
SA-J200-BOT-COM;Samsung;Galaxy J2;Botones laterales;Compatible;2,05;;;6
SA-J200-CRI-COM;Samsung;Galaxy J2;Cristal de pantalla;Compatible;2,79;;;6
SA-J200-VIB-COM;Samsung;Galaxy J2;Vibrador;Compatible;1,05;;;6
SA-J200-ANT-COM;Samsung;Galaxy J2;Antena / coaxial;Compatible;3,85;;;6
SA-G720-MAR-COM;Samsung;Galaxy Grand Max;Marco / chasis;Compatible;5,50;;;6
SA-G720-BOT-COM;Samsung;Galaxy Grand Max;Botones laterales;Compatible;2,35;;;6
SA-G720-CRI-COM;Samsung;Galaxy Grand Max;Cristal de pantalla;Compatible;3,20;;;6
SA-G720-VIB-COM;Samsung;Galaxy Grand Max;Vibrador;Compatible;1,20;;;6
SA-G720-ANT-COM;Samsung;Galaxy Grand Max;Antena / coaxial;Compatible;4,40;;;6
SA-N920-MAR-COM;Samsung;Galaxy Note 5;Marco / chasis;Compatible;7,49;;;6
SA-N920-BOT-COM;Samsung;Galaxy Note 5;Botones laterales;Compatible;3,20;;;6
SA-N920-CRI-COM;Samsung;Galaxy Note 5;Cristal de pantalla;Compatible;4,35;;;6
SA-N920-VIB-COM;Samsung;Galaxy Note 5;Vibrador;Compatible;1,65;;;6
SA-N920-ANT-COM;Samsung;Galaxy Note 5;Antena / coaxial;Compatible;6,00;;;6
SA-N920-NFC-COM;Samsung;Galaxy Note 5;NFC y carga inalámbrica;Compatible;7,40;;;6
SA-G903-MAR-COM;Samsung;Galaxy S5 Neo;Marco / chasis;Compatible;7,49;;;6
SA-G903-BOT-COM;Samsung;Galaxy S5 Neo;Botones laterales;Compatible;3,20;;;6
SA-G903-CRI-COM;Samsung;Galaxy S5 Neo;Cristal de pantalla;Compatible;4,35;;;6
SA-G903-VIB-COM;Samsung;Galaxy S5 Neo;Vibrador;Compatible;1,65;;;6
SA-G903-ANT-COM;Samsung;Galaxy S5 Neo;Antena / coaxial;Compatible;6,00;;;6
SA-G903-NFC-COM;Samsung;Galaxy S5 Neo;NFC y carga inalámbrica;Compatible;7,40;;;6
SA-A815-MAR-COM;Samsung;Galaxy A8 2015;Marco / chasis;Compatible;5,50;;;6
SA-A815-BOT-COM;Samsung;Galaxy A8 2015;Botones laterales;Compatible;2,35;;;6
SA-A815-CRI-COM;Samsung;Galaxy A8 2015;Cristal de pantalla;Compatible;3,20;;;6
SA-A815-VIB-COM;Samsung;Galaxy A8 2015;Vibrador;Compatible;1,20;;;6
SA-A815-ANT-COM;Samsung;Galaxy A8 2015;Antena / coaxial;Compatible;4,40;;;6
SA-G155-VIB-COM;Samsung;Galaxy Folder;Vibrador;Compatible;1,69;;;6
SA-G155-ANT-COM;Samsung;Galaxy Folder;Antena / coaxial;Compatible;6,19;;;6
SA-T2L-MAR-COM;Samsung;Galaxy Trend 2 Lite;Marco / chasis;Compatible;5,50;;;6
SA-T2L-BOT-COM;Samsung;Galaxy Trend 2 Lite;Botones laterales;Compatible;2,35;;;6
SA-T2L-CRI-COM;Samsung;Galaxy Trend 2 Lite;Cristal de pantalla;Compatible;3,20;;;6
SA-T2L-VIB-COM;Samsung;Galaxy Trend 2 Lite;Vibrador;Compatible;1,20;;;6
SA-T2L-ANT-COM;Samsung;Galaxy Trend 2 Lite;Antena / coaxial;Compatible;4,40;;;6
SA-J500-MAR-COM;Samsung;Galaxy J5;Marco / chasis;Compatible;4,79;;;6
SA-J500-BOT-COM;Samsung;Galaxy J5;Botones laterales;Compatible;2,05;;;6
SA-J500-CRI-COM;Samsung;Galaxy J5;Cristal de pantalla;Compatible;2,79;;;6
SA-J500-VIB-COM;Samsung;Galaxy J5;Vibrador;Compatible;1,05;;;6
SA-J500-ANT-COM;Samsung;Galaxy J5;Antena / coaxial;Compatible;3,85;;;6
SA-J700-MAR-COM;Samsung;Galaxy J7;Marco / chasis;Compatible;4,79;;;6
SA-J700-BOT-COM;Samsung;Galaxy J7;Botones laterales;Compatible;2,05;;;6
SA-J700-CRI-COM;Samsung;Galaxy J7;Cristal de pantalla;Compatible;2,79;;;6
SA-J700-VIB-COM;Samsung;Galaxy J7;Vibrador;Compatible;1,05;;;6
SA-J700-ANT-COM;Samsung;Galaxy J7;Antena / coaxial;Compatible;3,85;;;6
SA-G890-MAR-COM;Samsung;Galaxy S6 Active;Marco / chasis;Compatible;7,49;;;6
SA-G890-BOT-COM;Samsung;Galaxy S6 Active;Botones laterales;Compatible;3,20;;;6
SA-G890-CRI-COM;Samsung;Galaxy S6 Active;Cristal de pantalla;Compatible;4,35;;;6
SA-G890-VIB-COM;Samsung;Galaxy S6 Active;Vibrador;Compatible;1,65;;;6
SA-G890-ANT-COM;Samsung;Galaxy S6 Active;Antena / coaxial;Compatible;6,00;;;6
SA-G890-NFC-COM;Samsung;Galaxy S6 Active;NFC y carga inalámbrica;Compatible;7,40;;;6
SA-G388-MAR-COM;Samsung;Galaxy XCover 3;Marco / chasis;Compatible;5,50;;;6
SA-G388-BOT-COM;Samsung;Galaxy XCover 3;Botones laterales;Compatible;2,35;;;6
SA-G388-VIB-COM;Samsung;Galaxy XCover 3;Vibrador;Compatible;1,20;;;6
SA-G388-ANT-COM;Samsung;Galaxy XCover 3;Antena / coaxial;Compatible;4,40;;;6
SA-J14-MAR-COM;Samsung;Galaxy J1 4G;Marco / chasis;Compatible;4,79;;;6
SA-J14-BOT-COM;Samsung;Galaxy J1 4G;Botones laterales;Compatible;2,05;;;6
SA-J14-CRI-COM;Samsung;Galaxy J1 4G;Cristal de pantalla;Compatible;2,79;;;6
SA-J14-VIB-COM;Samsung;Galaxy J1 4G;Vibrador;Compatible;1,05;;;6
SA-J14-ANT-COM;Samsung;Galaxy J1 4G;Antena / coaxial;Compatible;3,85;;;6
SA-E700-MAR-COM;Samsung;Galaxy E7;Marco / chasis;Compatible;5,50;;;6
SA-E700-BOT-COM;Samsung;Galaxy E7;Botones laterales;Compatible;2,35;;;6
SA-E700-CRI-COM;Samsung;Galaxy E7;Cristal de pantalla;Compatible;3,20;;;6
SA-E700-VIB-COM;Samsung;Galaxy E7;Vibrador;Compatible;1,20;;;6
SA-E700-ANT-COM;Samsung;Galaxy E7;Antena / coaxial;Compatible;4,40;;;6
SA-GALAXYA7-MAR-COM;Samsung;Galaxy A7 2015;Marco / chasis;Compatible;5,50;;;6
SA-GALAXYA7-BOT-COM;Samsung;Galaxy A7 2015;Botones laterales;Compatible;2,35;;;6
SA-GALAXYA7-CRI-COM;Samsung;Galaxy A7 2015;Cristal de pantalla;Compatible;3,20;;;6
SA-GALAXYA7-VIB-COM;Samsung;Galaxy A7 2015;Vibrador;Compatible;1,20;;;6
SA-GALAXYA7-ANT-COM;Samsung;Galaxy A7 2015;Antena / coaxial;Compatible;4,40;;;6
SA-E500-MAR-COM;Samsung;Galaxy E5;Marco / chasis;Compatible;5,50;;;6
SA-E500-BOT-COM;Samsung;Galaxy E5;Botones laterales;Compatible;2,35;;;6
SA-E500-CRI-COM;Samsung;Galaxy E5;Cristal de pantalla;Compatible;3,20;;;6
SA-E500-VIB-COM;Samsung;Galaxy E5;Vibrador;Compatible;1,20;;;6
SA-E500-ANT-COM;Samsung;Galaxy E5;Antena / coaxial;Compatible;4,40;;;6
SA-J1-MAR-COM;Samsung;Galaxy J1;Marco / chasis;Compatible;4,79;;;6
SA-J1-BOT-COM;Samsung;Galaxy J1;Botones laterales;Compatible;2,05;;;6
SA-J1-CRI-COM;Samsung;Galaxy J1;Cristal de pantalla;Compatible;2,79;;;6
SA-J1-VIB-COM;Samsung;Galaxy J1;Vibrador;Compatible;1,05;;;6
SA-J1-ANT-COM;Samsung;Galaxy J1;Antena / coaxial;Compatible;3,85;;;6
SA-Z1-MAR-COM;Samsung;Z1;Marco / chasis;Compatible;5,50;;;6
SA-Z1-BOT-COM;Samsung;Z1;Botones laterales;Compatible;2,35;;;6
SA-Z1-CRI-COM;Samsung;Z1;Cristal de pantalla;Compatible;3,20;;;6
SA-Z1-VIB-COM;Samsung;Z1;Vibrador;Compatible;1,20;;;6
SA-Z1-ANT-COM;Samsung;Z1;Antena / coaxial;Compatible;4,40;;;6
SA-A300-MAR-COM;Samsung;Galaxy A3;Marco / chasis;Compatible;5,50;;;6
SA-A300-BOT-COM;Samsung;Galaxy A3;Botones laterales;Compatible;2,35;;;6
SA-A300-ANT-COM;Samsung;Galaxy A3;Antena / coaxial;Compatible;4,40;;;6
SA-GALAXYA3-MAR-COM;Samsung;Galaxy A3 2015;Marco / chasis;Compatible;5,50;;;6
SA-GALAXYA3-BOT-COM;Samsung;Galaxy A3 2015;Botones laterales;Compatible;2,35;;;6
SA-GALAXYA3-ANT-COM;Samsung;Galaxy A3 2015;Antena / coaxial;Compatible;4,40;;;6
SA-A500-MAR-COM;Samsung;Galaxy A5;Marco / chasis;Compatible;5,50;;;6
SA-A500-BOT-COM;Samsung;Galaxy A5;Botones laterales;Compatible;2,35;;;6
SA-A500-ANT-COM;Samsung;Galaxy A5;Antena / coaxial;Compatible;4,40;;;6
SA-GALAXYA5-MAR-COM;Samsung;Galaxy A5 2015;Marco / chasis;Compatible;5,50;;;6
SA-GALAXYA5-BOT-COM;Samsung;Galaxy A5 2015;Botones laterales;Compatible;2,35;;;6
SA-GALAXYA5-ANT-COM;Samsung;Galaxy A5 2015;Antena / coaxial;Compatible;4,40;;;6
SA-G360-MAR-COM;Samsung;Galaxy Core Prime;Marco / chasis;Compatible;5,50;;;6
SA-G360-BOT-COM;Samsung;Galaxy Core Prime;Botones laterales;Compatible;2,35;;;6
SA-G360-ANT-COM;Samsung;Galaxy Core Prime;Antena / coaxial;Compatible;4,40;;;6
SA-N915-MAR-COM;Samsung;Galaxy Note Edge;Marco / chasis;Compatible;7,49;;;6
SA-N915-BOT-COM;Samsung;Galaxy Note Edge;Botones laterales;Compatible;3,20;;;6
SA-N915-ANT-COM;Samsung;Galaxy Note Edge;Antena / coaxial;Compatible;6,00;;;6
SA-G530-MAR-COM;Samsung;Galaxy Grand Prime;Marco / chasis;Compatible;5,50;;;6
SA-G530-BOT-COM;Samsung;Galaxy Grand Prime;Botones laterales;Compatible;2,35;;;6
SA-G530-ANT-COM;Samsung;Galaxy Grand Prime;Antena / coaxial;Compatible;4,40;;;6
SA-N910-MAR-COM;Samsung;Galaxy Note 4;Marco / chasis;Compatible;7,49;;;6
SA-N910-BOT-COM;Samsung;Galaxy Note 4;Botones laterales;Compatible;3,20;;;6
SA-N910-ANT-COM;Samsung;Galaxy Note 4;Antena / coaxial;Compatible;6,00;;;6
SA-G850-MAR-COM;Samsung;Galaxy Alpha;Marco / chasis;Compatible;5,50;;;6
SA-G850-BOT-COM;Samsung;Galaxy Alpha;Botones laterales;Compatible;2,35;;;6
SA-G850-ANT-COM;Samsung;Galaxy Alpha;Antena / coaxial;Compatible;4,40;;;6
SA-G750-MAR-COM;Samsung;Galaxy Mega 2;Marco / chasis;Compatible;5,50;;;6
SA-G750-BOT-COM;Samsung;Galaxy Mega 2;Botones laterales;Compatible;2,35;;;6
SA-G750-ANT-COM;Samsung;Galaxy Mega 2;Antena / coaxial;Compatible;4,40;;;6
SA-G110-MAR-COM;Samsung;Galaxy Pocket 2;Marco / chasis;Compatible;5,50;;;6
SA-G110-BOT-COM;Samsung;Galaxy Pocket 2;Botones laterales;Compatible;2,35;;;6
SA-G110-ANT-COM;Samsung;Galaxy Pocket 2;Antena / coaxial;Compatible;4,40;;;6
SA-G313-MAR-COM;Samsung;Galaxy Ace 4;Marco / chasis;Compatible;5,50;;;6
SA-G313-BOT-COM;Samsung;Galaxy Ace 4;Botones laterales;Compatible;2,35;;;6
SA-G313-ANT-COM;Samsung;Galaxy Ace 4;Antena / coaxial;Compatible;4,40;;;6
SA-SD3-MAR-COM;Samsung;Galaxy S Duos 3;Marco / chasis;Compatible;7,49;;;6
SA-SD3-BOT-COM;Samsung;Galaxy S Duos 3;Botones laterales;Compatible;3,20;;;6
SA-SD3-ANT-COM;Samsung;Galaxy S Duos 3;Antena / coaxial;Compatible;6,00;;;6
SA-S2PL-MAR-COM;Samsung;Galaxy Star 2 Plus;Marco / chasis;Compatible;5,50;;;6
SA-S2PL-BOT-COM;Samsung;Galaxy Star 2 Plus;Botones laterales;Compatible;2,35;;;6
SA-S2PL-ANT-COM;Samsung;Galaxy Star 2 Plus;Antena / coaxial;Compatible;4,40;;;6
SA-A-MAR-COM;Samsung;Galaxy Avant;Marco / chasis;Compatible;5,50;;;6
SA-A-BOT-COM;Samsung;Galaxy Avant;Botones laterales;Compatible;2,35;;;6
SA-A-ANT-COM;Samsung;Galaxy Avant;Antena / coaxial;Compatible;4,40;;;6
SA-G800-MAR-COM;Samsung;Galaxy S5 Mini;Marco / chasis;Compatible;7,49;;;6
SA-G800-BOT-COM;Samsung;Galaxy S5 Mini;Botones laterales;Compatible;3,20;;;6
SA-G800-ANT-COM;Samsung;Galaxy S5 Mini;Antena / coaxial;Compatible;6,00;;;6
SA-G355-MAR-COM;Samsung;Galaxy Core 2;Marco / chasis;Compatible;5,50;;;6
SA-G355-BOT-COM;Samsung;Galaxy Core 2;Botones laterales;Compatible;2,35;;;6
SA-G355-ANT-COM;Samsung;Galaxy Core 2;Antena / coaxial;Compatible;4,40;;;6
SA-G870-MAR-COM;Samsung;Galaxy S5 Active;Marco / chasis;Compatible;7,49;;;6
SA-G870-BOT-COM;Samsung;Galaxy S5 Active;Botones laterales;Compatible;3,20;;;6
SA-G870-ANT-COM;Samsung;Galaxy S5 Active;Antena / coaxial;Compatible;6,00;;;6
SA-G130-MAR-COM;Samsung;Galaxy Young 2;Marco / chasis;Compatible;5,50;;;6
SA-G130-BOT-COM;Samsung;Galaxy Young 2;Botones laterales;Compatible;2,35;;;6
SA-G130-ANT-COM;Samsung;Galaxy Young 2;Antena / coaxial;Compatible;4,40;;;6
SA-CLTE-MAR-COM;Samsung;Galaxy Core LTE;Marco / chasis;Compatible;5,50;;;6
SA-CLTE-BOT-COM;Samsung;Galaxy Core LTE;Botones laterales;Compatible;2,35;;;6
SA-CLTE-ANT-COM;Samsung;Galaxy Core LTE;Antena / coaxial;Compatible;4,40;;;6
SA-C111-MAR-COM;Samsung;Galaxy K Zoom;Marco / chasis;Compatible;5,50;;;6
SA-C111-BOT-COM;Samsung;Galaxy K Zoom;Botones laterales;Compatible;2,35;;;6
SA-C111-ANT-COM;Samsung;Galaxy K Zoom;Antena / coaxial;Compatible;4,40;;;6
SA-ASE-MAR-COM;Samsung;ATIV SE;Marco / chasis;Compatible;5,50;;;6
SA-ASE-BOT-COM;Samsung;ATIV SE;Botones laterales;Compatible;2,35;;;6
SA-ASE-ANT-COM;Samsung;ATIV SE;Antena / coaxial;Compatible;4,40;;;6
SA-B2-MAR-COM;Samsung;Galaxy Beam 2;Marco / chasis;Compatible;5,50;;;6
SA-B2-BOT-COM;Samsung;Galaxy Beam 2;Botones laterales;Compatible;2,35;;;6
SA-B2-ANT-COM;Samsung;Galaxy Beam 2;Antena / coaxial;Compatible;4,40;;;6
SA-SIIINEO-MAR-COM;Samsung;Galaxy S III Neo;Marco / chasis;Compatible;7,49;;;6
SA-SIIINEO-BOT-COM;Samsung;Galaxy S III Neo;Botones laterales;Compatible;3,20;;;6
SA-SIIINEO-ANT-COM;Samsung;Galaxy S III Neo;Antena / coaxial;Compatible;6,00;;;6
SA-G900-MAR-COM;Samsung;Galaxy S5;Marco / chasis;Compatible;7,49;;;6
SA-G900-BOT-COM;Samsung;Galaxy S5;Botones laterales;Compatible;3,20;;;6
SA-G900-ANT-COM;Samsung;Galaxy S5;Antena / coaxial;Compatible;6,00;;;6
SA-N750-MAR-COM;Samsung;Galaxy Note 3 Neo;Marco / chasis;Compatible;7,49;;;6
SA-N750-BOT-COM;Samsung;Galaxy Note 3 Neo;Botones laterales;Compatible;3,20;;;6
SA-N750-ANT-COM;Samsung;Galaxy Note 3 Neo;Antena / coaxial;Compatible;6,00;;;6
SA-G710-MAR-COM;Samsung;Galaxy Grand 2;Marco / chasis;Compatible;5,50;;;6
SA-G710-BOT-COM;Samsung;Galaxy Grand 2;Botones laterales;Compatible;2,35;;;6
SA-G710-ANT-COM;Samsung;Galaxy Grand 2;Antena / coaxial;Compatible;4,40;;;6
SA-J-MAR-COM;Samsung;Galaxy J;Marco / chasis;Compatible;4,79;;;6
SA-J-BOT-COM;Samsung;Galaxy J;Botones laterales;Compatible;2,05;;;6
SA-J-ANT-COM;Samsung;Galaxy J;Antena / coaxial;Compatible;3,85;;;6
SA-SD2-MAR-COM;Samsung;Galaxy S Duos 2;Marco / chasis;Compatible;7,49;;;6
SA-SD2-BOT-COM;Samsung;Galaxy S Duos 2;Botones laterales;Compatible;3,20;;;6
SA-SD2-ANT-COM;Samsung;Galaxy S Duos 2;Antena / coaxial;Compatible;6,00;;;6
SA-G350-MAR-COM;Samsung;Galaxy Core Plus;Marco / chasis;Compatible;5,50;;;6
SA-G350-BOT-COM;Samsung;Galaxy Core Plus;Botones laterales;Compatible;2,35;;;6
SA-G350-ANT-COM;Samsung;Galaxy Core Plus;Antena / coaxial;Compatible;4,40;;;6
SA-G381-MAR-COM;Samsung;Galaxy Express 2;Marco / chasis;Compatible;5,50;;;6
SA-G381-BOT-COM;Samsung;Galaxy Express 2;Botones laterales;Compatible;2,35;;;6
SA-G381-ANT-COM;Samsung;Galaxy Express 2;Antena / coaxial;Compatible;4,40;;;6
SA-G910-MAR-COM;Samsung;Galaxy Round;Marco / chasis;Compatible;5,50;;;6
SA-G910-BOT-COM;Samsung;Galaxy Round;Botones laterales;Compatible;2,35;;;6
SA-G910-ANT-COM;Samsung;Galaxy Round;Antena / coaxial;Compatible;4,40;;;6
SA-N900-MAR-COM;Samsung;Galaxy Note 3;Marco / chasis;Compatible;7,49;;;6
SA-N900-BOT-COM;Samsung;Galaxy Note 3;Botones laterales;Compatible;3,20;;;6
SA-N900-ANT-COM;Samsung;Galaxy Note 3;Antena / coaxial;Compatible;6,00;;;6
SA-ASNEO-MAR-COM;Samsung;ATIV S Neo;Marco / chasis;Compatible;5,50;;;6
SA-ASNEO-BOT-COM;Samsung;ATIV S Neo;Botones laterales;Compatible;2,35;;;6
SA-ASNEO-ANT-COM;Samsung;ATIV S Neo;Antena / coaxial;Compatible;4,40;;;6
SA-S4MN-MAR-COM;Samsung;Galaxy S4 Mini;Marco / chasis;Compatible;7,49;;;6
SA-S4MN-BOT-COM;Samsung;Galaxy S4 Mini;Botones laterales;Compatible;3,20;;;6
SA-S4MN-ANT-COM;Samsung;Galaxy S4 Mini;Antena / coaxial;Compatible;6,00;;;6
SA-C101-MAR-COM;Samsung;Galaxy S4 Zoom;Marco / chasis;Compatible;7,49;;;6
SA-C101-BOT-COM;Samsung;Galaxy S4 Zoom;Botones laterales;Compatible;3,20;;;6
SA-C101-ANT-COM;Samsung;Galaxy S4 Zoom;Antena / coaxial;Compatible;6,00;;;6
SA-GQ-MAR-COM;Samsung;Gravity Q;Marco / chasis;Compatible;5,50;;;6
SA-GQ-BOT-COM;Samsung;Gravity Q;Botones laterales;Compatible;2,35;;;6
SA-GQ-ANT-COM;Samsung;Gravity Q;Antena / coaxial;Compatible;4,40;;;6
SA-ACE3-MAR-COM;Samsung;Galaxy Ace 3;Marco / chasis;Compatible;5,50;;;6
SA-ACE3-BOT-COM;Samsung;Galaxy Ace 3;Botones laterales;Compatible;2,35;;;6
SA-ACE3-ANT-COM;Samsung;Galaxy Ace 3;Antena / coaxial;Compatible;4,40;;;6
SA-G386-MAR-COM;Samsung;Galaxy Core;Marco / chasis;Compatible;5,50;;;6
SA-G386-BOT-COM;Samsung;Galaxy Core;Botones laterales;Compatible;2,35;;;6
SA-G386-ANT-COM;Samsung;Galaxy Core;Antena / coaxial;Compatible;4,40;;;6
SA-M-MAR-COM;Samsung;Galaxy Mega;Marco / chasis;Compatible;5,50;;;6
SA-M-BOT-COM;Samsung;Galaxy Mega;Botones laterales;Compatible;2,35;;;6
SA-M-ANT-COM;Samsung;Galaxy Mega;Antena / coaxial;Compatible;4,40;;;6
SA-S4A-MAR-COM;Samsung;Galaxy S4 Active;Marco / chasis;Compatible;7,49;;;6
SA-S4A-BOT-COM;Samsung;Galaxy S4 Active;Botones laterales;Compatible;3,20;;;6
SA-S4A-ANT-COM;Samsung;Galaxy S4 Active;Antena / coaxial;Compatible;6,00;;;6
SA-PKNEO-MAR-COM;Samsung;Galaxy Pocket Neo;Marco / chasis;Compatible;5,50;;;6
SA-PKNEO-BOT-COM;Samsung;Galaxy Pocket Neo;Botones laterales;Compatible;2,35;;;6
SA-PKNEO-ANT-COM;Samsung;Galaxy Pocket Neo;Antena / coaxial;Compatible;4,40;;;6
SA-WIN-MAR-COM;Samsung;Galaxy Win;Marco / chasis;Compatible;5,50;;;6
SA-WIN-BOT-COM;Samsung;Galaxy Win;Botones laterales;Compatible;2,35;;;6
SA-WIN-ANT-COM;Samsung;Galaxy Win;Antena / coaxial;Compatible;4,40;;;6
SA-YPL-MAR-COM;Samsung;Galaxy Y Plus;Marco / chasis;Compatible;5,50;;;6
SA-YPL-BOT-COM;Samsung;Galaxy Y Plus;Botones laterales;Compatible;2,35;;;6
SA-YPL-ANT-COM;Samsung;Galaxy Y Plus;Antena / coaxial;Compatible;4,40;;;6
SA-F-MAR-COM;Samsung;Galaxy Fame;Marco / chasis;Compatible;5,50;;;6
SA-F-BOT-COM;Samsung;Galaxy Fame;Botones laterales;Compatible;2,35;;;6
SA-F-ANT-COM;Samsung;Galaxy Fame;Antena / coaxial;Compatible;4,40;;;6
SA-S975-MAR-COM;Samsung;Galaxy S4;Marco / chasis;Compatible;7,49;;;6
SA-S975-BOT-COM;Samsung;Galaxy S4;Botones laterales;Compatible;3,20;;;6
SA-S975-ANT-COM;Samsung;Galaxy S4;Antena / coaxial;Compatible;6,00;;;6
SA-S-MAR-COM;Samsung;Galaxy Star;Marco / chasis;Compatible;5,50;;;6
SA-S-BOT-COM;Samsung;Galaxy Star;Botones laterales;Compatible;2,35;;;6
SA-S-ANT-COM;Samsung;Galaxy Star;Antena / coaxial;Compatible;4,40;;;6
SA-E-MAR-COM;Samsung;Galaxy Express;Marco / chasis;Compatible;5,50;;;6
SA-E-BOT-COM;Samsung;Galaxy Express;Botones laterales;Compatible;2,35;;;6
SA-E-ANT-COM;Samsung;Galaxy Express;Antena / coaxial;Compatible;4,40;;;6
SA-X2-MAR-COM;Samsung;Galaxy XCover 2;Marco / chasis;Compatible;5,50;;;6
SA-X2-BOT-COM;Samsung;Galaxy XCover 2;Botones laterales;Compatible;2,35;;;6
SA-X2-ANT-COM;Samsung;Galaxy XCover 2;Antena / coaxial;Compatible;4,40;;;6
SA-Y-MAR-COM;Samsung;Galaxy Young;Marco / chasis;Compatible;5,50;;;6
SA-Y-BOT-COM;Samsung;Galaxy Young;Botones laterales;Compatible;2,35;;;6
SA-Y-ANT-COM;Samsung;Galaxy Young;Antena / coaxial;Compatible;4,40;;;6
SA-AO-MAR-COM;Samsung;Ativ Odyssey;Marco / chasis;Compatible;5,50;;;6
SA-AO-BOT-COM;Samsung;Ativ Odyssey;Botones laterales;Compatible;2,35;;;6
SA-AO-ANT-COM;Samsung;Ativ Odyssey;Antena / coaxial;Compatible;4,40;;;6
SA-G-MAR-COM;Samsung;Galaxy Grand;Marco / chasis;Compatible;5,50;;;6
SA-G-BOT-COM;Samsung;Galaxy Grand;Botones laterales;Compatible;2,35;;;6
SA-G-ANT-COM;Samsung;Galaxy Grand;Antena / coaxial;Compatible;4,40;;;6
SA-PKPL-MAR-COM;Samsung;Galaxy Pocket Plus;Marco / chasis;Compatible;5,50;;;6
SA-PKPL-BOT-COM;Samsung;Galaxy Pocket Plus;Botones laterales;Compatible;2,35;;;6
SA-PKPL-ANT-COM;Samsung;Galaxy Pocket Plus;Antena / coaxial;Compatible;4,40;;;6
SA-CA-MAR-COM;Samsung;Galaxy Core Advance;Marco / chasis;Compatible;5,50;;;6
SA-CA-BOT-COM;Samsung;Galaxy Core Advance;Botones laterales;Compatible;2,35;;;6
SA-CA-ANT-COM;Samsung;Galaxy Core Advance;Antena / coaxial;Compatible;4,40;;;6
SA-AS-ANT-COM;Samsung;Ativ S;Antena / coaxial;Compatible;4,40;;;6
SA-D-ANT-COM;Samsung;Galaxy Discover;Antena / coaxial;Compatible;4,40;;;6
SA-SIIIP-ANT-COM;Samsung;Galaxy S III Progre;Antena / coaxial;Compatible;6,00;;;6
SA-SIIIMN-ANT-COM;Samsung;Galaxy S III Mini;Antena / coaxial;Compatible;6,00;;;6
SA-N2-ANT-COM;Samsung;Galaxy Note 2;Antena / coaxial;Compatible;6,00;;;6
SA-NII-ANT-COM;Samsung;Galaxy Note II;Antena / coaxial;Compatible;6,00;;;6
SA-SD-ANT-COM;Samsung;Galaxy S Duos;Antena / coaxial;Compatible;6,00;;;6
SA-SR4-ANT-COM;Samsung;Galaxy S Relay 4G;Antena / coaxial;Compatible;6,00;;;6
SA-C-ANT-COM;Samsung;Galaxy Chat;Antena / coaxial;Compatible;4,40;;;6
SA-B-ANT-COM;Samsung;Galaxy Beam;Antena / coaxial;Compatible;4,40;;;6
SA-BI8530-ANT-COM;Samsung;Galaxy Beam i8530;Antena / coaxial;Compatible;4,40;;;6
SA-OM-ANT-COM;Samsung;Omnia M;Antena / coaxial;Compatible;4,40;;;6
SA-F2-ANT-COM;Samsung;Focus 2;Antena / coaxial;Compatible;4,40;;;6
SA-ACE2-ANT-COM;Samsung;Galaxy Ace 2;Antena / coaxial;Compatible;4,40;;;6
SA-RS-ANT-COM;Samsung;Galaxy R Style;Antena / coaxial;Compatible;4,40;;;6
SA-SIII-ANT-COM;Samsung;Galaxy S III;Antena / coaxial;Compatible;6,00;;;6
SA-PK-ANT-COM;Samsung;Galaxy Pocket;Antena / coaxial;Compatible;4,40;;;6
SA-SA-ANT-COM;Samsung;Galaxy S Advance;Antena / coaxial;Compatible;6,00;;;6
SA-I847RS-ANT-COM;Samsung;i847 Rugby Smart;Antena / coaxial;Compatible;4,40;;;6
SA-MN2-ANT-COM;Samsung;Galaxy Mini 2;Antena / coaxial;Compatible;4,40;;;6
SA-ACEPL-ANT-COM;Samsung;Galaxy Ace Plus;Antena / coaxial;Compatible;4,40;;;6
SA-SIIW-ANT-COM;Samsung;Galaxy S II WiMAX;Antena / coaxial;Compatible;6,00;;;6
SA-YD-ANT-COM;Samsung;Galaxy Y DUOS;Antena / coaxial;Compatible;4,40;;;6
SA-YPD-ANT-COM;Samsung;Galaxy Y Pro DUOS;Antena / coaxial;Compatible;4,40;;;6
SA-A40S-MAR-COM;Samsung;Galaxy A40s;Marco / chasis;Compatible;6,19;;;6
SA-A40S-BOT-COM;Samsung;Galaxy A40s;Botones laterales;Compatible;2,65;;;6
SA-A40S-CRI-COM;Samsung;Galaxy A40s;Cristal de pantalla;Compatible;3,60;;;6
SA-A40S-FPR-COM;Samsung;Galaxy A40s;Flex principal;Compatible;2,75;;;6
SA-A40S-VIB-COM;Samsung;Galaxy A40s;Vibrador;Compatible;1,35;;;6
SA-A40S-ANT-COM;Samsung;Galaxy A40s;Antena / coaxial;Compatible;4,95;;;6
SA-A40S-HUE-COM;Samsung;Galaxy A40s;Botón home / huella;Compatible;7,95;;;6
SA-ACE4L-MAR-COM;Samsung;Galaxy Ace 4 Lite;Marco / chasis;Compatible;5,50;;;6
SA-ACE4L-BOT-COM;Samsung;Galaxy Ace 4 Lite;Botones laterales;Compatible;2,35;;;6
SA-ACE4L-ANT-COM;Samsung;Galaxy Ace 4 Lite;Antena / coaxial;Compatible;4,40;;;6
SA-G316-MAR-COM;Samsung;Galaxy Ace 4 Neo;Marco / chasis;Compatible;5,50;;;6
SA-G316-BOT-COM;Samsung;Galaxy Ace 4 Neo;Botones laterales;Compatible;2,35;;;6
SA-G316-ANT-COM;Samsung;Galaxy Ace 4 Neo;Antena / coaxial;Compatible;4,40;;;6
SA-T2-MAR-COM;Samsung;Galaxy Trend 2;Marco / chasis;Compatible;5,50;;;6
SA-T2-BOT-COM;Samsung;Galaxy Trend 2;Botones laterales;Compatible;2,35;;;6
SA-T2-CRI-COM;Samsung;Galaxy Trend 2;Cristal de pantalla;Compatible;3,20;;;6
SA-T2-VIB-COM;Samsung;Galaxy Trend 2;Vibrador;Compatible;1,20;;;6
SA-T2-ANT-COM;Samsung;Galaxy Trend 2;Antena / coaxial;Compatible;4,40;;;6
SA-Y2P-MAR-COM;Samsung;Galaxy Young 2 Pro;Marco / chasis;Compatible;5,50;;;6
SA-Y2P-BOT-COM;Samsung;Galaxy Young 2 Pro;Botones laterales;Compatible;2,35;;;6
SA-Y2P-ANT-COM;Samsung;Galaxy Young 2 Pro;Antena / coaxial;Compatible;4,40;;;6
SA-G920-MAR-COM;Samsung;Galaxy S6;Marco / chasis;Compatible;7,49;;;6
SA-G920-BOT-COM;Samsung;Galaxy S6;Botones laterales;Compatible;3,20;;;6
SA-G920-CRI-COM;Samsung;Galaxy S6;Cristal de pantalla;Compatible;4,35;;;6
SA-G920-VIB-COM;Samsung;Galaxy S6;Vibrador;Compatible;1,65;;;6
SA-G920-ANT-COM;Samsung;Galaxy S6;Antena / coaxial;Compatible;6,00;;;6
SA-G920-NFC-COM;Samsung;Galaxy S6;NFC y carga inalámbrica;Compatible;7,40;;;6
SA-G925-MAR-COM;Samsung;Galaxy S6 edge;Marco / chasis;Compatible;7,49;;;6
SA-G925-BOT-COM;Samsung;Galaxy S6 edge;Botones laterales;Compatible;3,20;;;6
SA-G925-CRI-COM;Samsung;Galaxy S6 edge;Cristal de pantalla;Compatible;4,35;;;6
SA-G925-VIB-COM;Samsung;Galaxy S6 edge;Vibrador;Compatible;1,65;;;6
SA-G925-ANT-COM;Samsung;Galaxy S6 edge;Antena / coaxial;Compatible;6,00;;;6
SA-G925-NFC-COM;Samsung;Galaxy S6 edge;NFC y carga inalámbrica;Compatible;7,40;;;6
SA-G928-MAR-COM;Samsung;Galaxy S6 edge+;Marco / chasis;Compatible;7,49;;;6
SA-G928-BOT-COM;Samsung;Galaxy S6 edge+;Botones laterales;Compatible;3,20;;;6
SA-G928-CRI-COM;Samsung;Galaxy S6 edge+;Cristal de pantalla;Compatible;4,35;;;6
SA-G928-VIB-COM;Samsung;Galaxy S6 edge+;Vibrador;Compatible;1,65;;;6
SA-G928-ANT-COM;Samsung;Galaxy S6 edge+;Antena / coaxial;Compatible;6,00;;;6
SA-G928-NFC-COM;Samsung;Galaxy S6 edge+;NFC y carga inalámbrica;Compatible;7,40;;;6
SA-A310-MAR-COM;Samsung;Galaxy A3 2016;Marco / chasis;Compatible;5,50;;;6
SA-A310-BOT-COM;Samsung;Galaxy A3 2016;Botones laterales;Compatible;2,35;;;6
SA-A310-CRI-COM;Samsung;Galaxy A3 2016;Cristal de pantalla;Compatible;3,20;;;6
SA-A310-VIB-COM;Samsung;Galaxy A3 2016;Vibrador;Compatible;1,20;;;6
SA-A310-ANT-COM;Samsung;Galaxy A3 2016;Antena / coaxial;Compatible;4,40;;;6
SA-A510-MAR-COM;Samsung;Galaxy A5 2016;Marco / chasis;Compatible;5,50;;;6
SA-A510-BOT-COM;Samsung;Galaxy A5 2016;Botones laterales;Compatible;2,35;;;6
SA-A510-CRI-COM;Samsung;Galaxy A5 2016;Cristal de pantalla;Compatible;3,20;;;6
SA-A510-VIB-COM;Samsung;Galaxy A5 2016;Vibrador;Compatible;1,20;;;6
SA-A510-ANT-COM;Samsung;Galaxy A5 2016;Antena / coaxial;Compatible;4,40;;;6
SA-J120-MAR-COM;Samsung;Galaxy J1 2016;Marco / chasis;Compatible;4,79;;;6
SA-J120-BOT-COM;Samsung;Galaxy J1 2016;Botones laterales;Compatible;2,05;;;6
SA-J120-CRI-COM;Samsung;Galaxy J1 2016;Cristal de pantalla;Compatible;2,79;;;6
SA-J120-FPR-COM;Samsung;Galaxy J1 2016;Flex principal;Compatible;2,10;;;6
SA-J120-VIB-COM;Samsung;Galaxy J1 2016;Vibrador;Compatible;1,05;;;6
SA-J120-ANT-COM;Samsung;Galaxy J1 2016;Antena / coaxial;Compatible;3,85;;;6
SA-J120-HUE-COM;Samsung;Galaxy J1 2016;Botón home / huella;Compatible;6,15;;;6
SA-G930-MAR-COM;Samsung;Galaxy S7;Marco / chasis;Compatible;7,49;;;6
SA-G930-BOT-COM;Samsung;Galaxy S7;Botones laterales;Compatible;3,20;;;6
SA-G930-CRI-COM;Samsung;Galaxy S7;Cristal de pantalla;Compatible;4,35;;;6
SA-G930-FPR-COM;Samsung;Galaxy S7;Flex principal;Compatible;3,30;;;6
SA-G930-VIB-COM;Samsung;Galaxy S7;Vibrador;Compatible;1,65;;;6
SA-G930-ANT-COM;Samsung;Galaxy S7;Antena / coaxial;Compatible;6,00;;;6
SA-G930-HUE-COM;Samsung;Galaxy S7;Botón home / huella;Compatible;9,60;;;6
SA-G930-NFC-COM;Samsung;Galaxy S7;NFC y carga inalámbrica;Compatible;7,40;;;6
SA-G935-MAR-COM;Samsung;Galaxy S7 edge;Marco / chasis;Compatible;7,49;;;6
SA-G935-BOT-COM;Samsung;Galaxy S7 edge;Botones laterales;Compatible;3,20;;;6
SA-G935-CRI-COM;Samsung;Galaxy S7 edge;Cristal de pantalla;Compatible;4,35;;;6
SA-G935-FPR-COM;Samsung;Galaxy S7 edge;Flex principal;Compatible;3,30;;;6
SA-G935-VIB-COM;Samsung;Galaxy S7 edge;Vibrador;Compatible;1,65;;;6
SA-G935-ANT-COM;Samsung;Galaxy S7 edge;Antena / coaxial;Compatible;6,00;;;6
SA-G935-HUE-COM;Samsung;Galaxy S7 edge;Botón home / huella;Compatible;9,60;;;6
SA-G935-NFC-COM;Samsung;Galaxy S7 edge;NFC y carga inalámbrica;Compatible;7,40;;;6
SA-J510-MAR-COM;Samsung;Galaxy J5 2016;Marco / chasis;Compatible;4,79;;;6
SA-J510-BOT-COM;Samsung;Galaxy J5 2016;Botones laterales;Compatible;2,05;;;6
SA-J510-CRI-COM;Samsung;Galaxy J5 2016;Cristal de pantalla;Compatible;2,79;;;6
SA-J510-FPR-COM;Samsung;Galaxy J5 2016;Flex principal;Compatible;2,10;;;6
SA-J510-VIB-COM;Samsung;Galaxy J5 2016;Vibrador;Compatible;1,05;;;6
SA-J510-ANT-COM;Samsung;Galaxy J5 2016;Antena / coaxial;Compatible;3,85;;;6
SA-J510-HUE-COM;Samsung;Galaxy J5 2016;Botón home / huella;Compatible;6,15;;;6
SA-J710-MAR-COM;Samsung;Galaxy J7 2016;Marco / chasis;Compatible;4,79;;;6
SA-J710-BOT-COM;Samsung;Galaxy J7 2016;Botones laterales;Compatible;2,05;;;6
SA-J710-CRI-COM;Samsung;Galaxy J7 2016;Cristal de pantalla;Compatible;2,79;;;6
SA-J710-FPR-COM;Samsung;Galaxy J7 2016;Flex principal;Compatible;2,10;;;6
SA-J710-VIB-COM;Samsung;Galaxy J7 2016;Vibrador;Compatible;1,05;;;6
SA-J710-ANT-COM;Samsung;Galaxy J7 2016;Antena / coaxial;Compatible;3,85;;;6
SA-J710-HUE-COM;Samsung;Galaxy J7 2016;Botón home / huella;Compatible;6,15;;;6
SA-J320-MAR-COM;Samsung;Galaxy J3 2016;Marco / chasis;Compatible;4,79;;;6
SA-J320-BOT-COM;Samsung;Galaxy J3 2016;Botones laterales;Compatible;2,05;;;6
SA-J320-CRI-COM;Samsung;Galaxy J3 2016;Cristal de pantalla;Compatible;2,79;;;6
SA-J320-FPR-COM;Samsung;Galaxy J3 2016;Flex principal;Compatible;2,10;;;6
SA-J320-VIB-COM;Samsung;Galaxy J3 2016;Vibrador;Compatible;1,05;;;6
SA-J320-ANT-COM;Samsung;Galaxy J3 2016;Antena / coaxial;Compatible;3,85;;;6
SA-J320-HUE-COM;Samsung;Galaxy J3 2016;Botón home / huella;Compatible;6,15;;;6
SA-A320-MAR-COM;Samsung;Galaxy A3 2017;Marco / chasis;Compatible;6,19;;;6
SA-A320-BOT-COM;Samsung;Galaxy A3 2017;Botones laterales;Compatible;2,65;;;6
SA-A320-CRI-COM;Samsung;Galaxy A3 2017;Cristal de pantalla;Compatible;3,60;;;6
SA-A320-FPR-COM;Samsung;Galaxy A3 2017;Flex principal;Compatible;2,75;;;6
SA-A320-VIB-COM;Samsung;Galaxy A3 2017;Vibrador;Compatible;1,35;;;6
SA-A320-ANT-COM;Samsung;Galaxy A3 2017;Antena / coaxial;Compatible;4,95;;;6
SA-A320-HUE-COM;Samsung;Galaxy A3 2017;Botón home / huella;Compatible;7,95;;;6
SA-A520-MAR-COM;Samsung;Galaxy A5 2017;Marco / chasis;Compatible;6,19;;;6
SA-A520-BOT-COM;Samsung;Galaxy A5 2017;Botones laterales;Compatible;2,65;;;6
SA-A520-CRI-COM;Samsung;Galaxy A5 2017;Cristal de pantalla;Compatible;3,60;;;6
SA-A520-FPR-COM;Samsung;Galaxy A5 2017;Flex principal;Compatible;2,75;;;6
SA-A520-VIB-COM;Samsung;Galaxy A5 2017;Vibrador;Compatible;1,35;;;6
SA-A520-ANT-COM;Samsung;Galaxy A5 2017;Antena / coaxial;Compatible;4,95;;;6
SA-A520-HUE-COM;Samsung;Galaxy A5 2017;Botón home / huella;Compatible;7,95;;;6
SA-G950-MAR-COM;Samsung;Galaxy S8;Marco / chasis;Compatible;8,40;;;6
SA-G950-BOT-COM;Samsung;Galaxy S8;Botones laterales;Compatible;3,60;;;6
SA-G950-CRI-COM;Samsung;Galaxy S8;Cristal de pantalla;Compatible;4,90;;;6
SA-G950-FPR-COM;Samsung;Galaxy S8;Flex principal;Compatible;3,70;;;6
SA-G950-VIB-COM;Samsung;Galaxy S8;Vibrador;Compatible;1,85;;;6
SA-G950-ANT-COM;Samsung;Galaxy S8;Antena / coaxial;Compatible;6,75;;;6
SA-G950-HUE-COM;Samsung;Galaxy S8;Botón home / huella;Compatible;10,80;10,48;10,15;6
SA-G950-NFC-COM;Samsung;Galaxy S8;NFC y carga inalámbrica;Compatible;8,35;;;6
SA-G955-MAR-COM;Samsung;Galaxy S8+;Marco / chasis;Compatible;8,40;;;6
SA-G955-BOT-COM;Samsung;Galaxy S8+;Botones laterales;Compatible;3,60;;;6
SA-G955-CRI-COM;Samsung;Galaxy S8+;Cristal de pantalla;Compatible;4,90;;;6
SA-G955-FPR-COM;Samsung;Galaxy S8+;Flex principal;Compatible;3,70;;;6
SA-G955-VIB-COM;Samsung;Galaxy S8+;Vibrador;Compatible;1,85;;;6
SA-G955-ANT-COM;Samsung;Galaxy S8+;Antena / coaxial;Compatible;6,75;;;6
SA-G955-HUE-COM;Samsung;Galaxy S8+;Botón home / huella;Compatible;10,80;10,48;10,15;6
SA-G955-NFC-COM;Samsung;Galaxy S8+;NFC y carga inalámbrica;Compatible;8,35;;;6
SA-G390-MAR-COM;Samsung;Galaxy XCover 4;Marco / chasis;Compatible;6,19;;;6
SA-G390-BOT-COM;Samsung;Galaxy XCover 4;Botones laterales;Compatible;2,65;;;6
SA-G390-FPR-COM;Samsung;Galaxy XCover 4;Flex principal;Compatible;2,75;;;6
SA-G390-VIB-COM;Samsung;Galaxy XCover 4;Vibrador;Compatible;1,35;;;6
SA-G390-ANT-COM;Samsung;Galaxy XCover 4;Antena / coaxial;Compatible;4,95;;;6
SA-G390-HUE-COM;Samsung;Galaxy XCover 4;Botón home / huella;Compatible;7,95;;;6
SA-J530-MAR-COM;Samsung;Galaxy J5 2017;Marco / chasis;Compatible;5,39;;;6
SA-J530-BOT-COM;Samsung;Galaxy J5 2017;Botones laterales;Compatible;2,30;;;6
SA-J530-CRI-COM;Samsung;Galaxy J5 2017;Cristal de pantalla;Compatible;3,15;;;6
SA-J530-FPR-COM;Samsung;Galaxy J5 2017;Flex principal;Compatible;2,39;;;6
SA-J530-VIB-COM;Samsung;Galaxy J5 2017;Vibrador;Compatible;1,19;;;6
SA-J530-ANT-COM;Samsung;Galaxy J5 2017;Antena / coaxial;Compatible;4,30;;;6
SA-J530-HUE-COM;Samsung;Galaxy J5 2017;Botón home / huella;Compatible;6,90;;;6
SA-J730-MAR-COM;Samsung;Galaxy J7 2017;Marco / chasis;Compatible;5,39;;;6
SA-J730-BOT-COM;Samsung;Galaxy J7 2017;Botones laterales;Compatible;2,30;;;6
SA-J730-CRI-COM;Samsung;Galaxy J7 2017;Cristal de pantalla;Compatible;3,15;;;6
SA-J730-FPR-COM;Samsung;Galaxy J7 2017;Flex principal;Compatible;2,39;;;6
SA-J730-VIB-COM;Samsung;Galaxy J7 2017;Vibrador;Compatible;1,19;;;6
SA-J730-ANT-COM;Samsung;Galaxy J7 2017;Antena / coaxial;Compatible;4,30;;;6
SA-J730-HUE-COM;Samsung;Galaxy J7 2017;Botón home / huella;Compatible;6,90;;;6
SA-J330-MAR-COM;Samsung;Galaxy J3 2017;Marco / chasis;Compatible;5,39;;;6
SA-J330-BOT-COM;Samsung;Galaxy J3 2017;Botones laterales;Compatible;2,30;;;6
SA-J330-CRI-COM;Samsung;Galaxy J3 2017;Cristal de pantalla;Compatible;3,15;;;6
SA-J330-FPR-COM;Samsung;Galaxy J3 2017;Flex principal;Compatible;2,39;;;6
SA-J330-VIB-COM;Samsung;Galaxy J3 2017;Vibrador;Compatible;1,19;;;6
SA-J330-ANT-COM;Samsung;Galaxy J3 2017;Antena / coaxial;Compatible;4,30;;;6
SA-J330-HUE-COM;Samsung;Galaxy J3 2017;Botón home / huella;Compatible;6,90;;;6
SA-N950-MAR-COM;Samsung;Galaxy Note8;Marco / chasis;Compatible;8,40;;;6
SA-N950-BOT-COM;Samsung;Galaxy Note8;Botones laterales;Compatible;3,60;;;6
SA-N950-CRI-COM;Samsung;Galaxy Note8;Cristal de pantalla;Compatible;4,90;;;6
SA-N950-FPR-COM;Samsung;Galaxy Note8;Flex principal;Compatible;3,70;;;6
SA-N950-VIB-COM;Samsung;Galaxy Note8;Vibrador;Compatible;1,85;;;6
SA-N950-ANT-COM;Samsung;Galaxy Note8;Antena / coaxial;Compatible;6,75;;;6
SA-N950-HUE-COM;Samsung;Galaxy Note8;Botón home / huella;Compatible;10,80;10,48;10,15;6
SA-N950-NFC-COM;Samsung;Galaxy Note8;NFC y carga inalámbrica;Compatible;8,35;;;6
SA-N950-SPN-COM;Samsung;Galaxy Note8;S Pen;Compatible;9,29;;;6
SA-A530-MAR-COM;Samsung;Galaxy A8 2018;Marco / chasis;Compatible;6,19;;;6
SA-A530-BOT-COM;Samsung;Galaxy A8 2018;Botones laterales;Compatible;2,65;;;6
SA-A530-CRI-COM;Samsung;Galaxy A8 2018;Cristal de pantalla;Compatible;3,60;;;6
SA-A530-FPR-COM;Samsung;Galaxy A8 2018;Flex principal;Compatible;2,75;;;6
SA-A530-VIB-COM;Samsung;Galaxy A8 2018;Vibrador;Compatible;1,35;;;6
SA-A530-ANT-COM;Samsung;Galaxy A8 2018;Antena / coaxial;Compatible;4,95;;;6
SA-A530-HUE-COM;Samsung;Galaxy A8 2018;Botón home / huella;Compatible;7,95;;;6
SA-A600-MAR-COM;Samsung;Galaxy A6;Marco / chasis;Compatible;6,19;;;6
SA-A600-BOT-COM;Samsung;Galaxy A6;Botones laterales;Compatible;2,65;;;6
SA-A600-CRI-COM;Samsung;Galaxy A6;Cristal de pantalla;Compatible;3,60;;;6
SA-A600-FPR-COM;Samsung;Galaxy A6;Flex principal;Compatible;2,75;;;6
SA-A600-VIB-COM;Samsung;Galaxy A6;Vibrador;Compatible;1,35;;;6
SA-A600-ANT-COM;Samsung;Galaxy A6;Antena / coaxial;Compatible;4,95;;;6
SA-A600-HUE-COM;Samsung;Galaxy A6;Botón home / huella;Compatible;7,95;;;6
SA-A605-MAR-COM;Samsung;Galaxy A6+;Marco / chasis;Compatible;6,19;;;6
SA-A605-BOT-COM;Samsung;Galaxy A6+;Botones laterales;Compatible;2,65;;;6
SA-A605-CRI-COM;Samsung;Galaxy A6+;Cristal de pantalla;Compatible;3,60;;;6
SA-A605-FPR-COM;Samsung;Galaxy A6+;Flex principal;Compatible;2,75;;;6
SA-A605-VIB-COM;Samsung;Galaxy A6+;Vibrador;Compatible;1,35;;;6
SA-A605-ANT-COM;Samsung;Galaxy A6+;Antena / coaxial;Compatible;4,95;;;6
SA-A605-HUE-COM;Samsung;Galaxy A6+;Botón home / huella;Compatible;7,95;;;6
SA-J600-MAR-COM;Samsung;Galaxy J6;Marco / chasis;Compatible;5,39;;;6
SA-J600-BOT-COM;Samsung;Galaxy J6;Botones laterales;Compatible;2,30;;;6
SA-J600-CRI-COM;Samsung;Galaxy J6;Cristal de pantalla;Compatible;3,15;;;6
SA-J600-FPR-COM;Samsung;Galaxy J6;Flex principal;Compatible;2,39;;;6
SA-J600-VIB-COM;Samsung;Galaxy J6;Vibrador;Compatible;1,19;;;6
SA-J600-ANT-COM;Samsung;Galaxy J6;Antena / coaxial;Compatible;4,30;;;6
SA-J600-HUE-COM;Samsung;Galaxy J6;Botón home / huella;Compatible;6,90;;;6
SA-A750-MAR-COM;Samsung;Galaxy A7 2018;Marco / chasis;Compatible;6,19;;;6
SA-A750-BOT-COM;Samsung;Galaxy A7 2018;Botones laterales;Compatible;2,65;;;6
SA-A750-CRI-COM;Samsung;Galaxy A7 2018;Cristal de pantalla;Compatible;3,60;;;6
SA-A750-FPR-COM;Samsung;Galaxy A7 2018;Flex principal;Compatible;2,75;;;6
SA-A750-VIB-COM;Samsung;Galaxy A7 2018;Vibrador;Compatible;1,35;;;6
SA-A750-ANT-COM;Samsung;Galaxy A7 2018;Antena / coaxial;Compatible;4,95;;;6
SA-A750-HUE-COM;Samsung;Galaxy A7 2018;Botón home / huella;Compatible;7,95;;;6
SA-J415-MAR-COM;Samsung;Galaxy J4+;Marco / chasis;Compatible;5,39;;;6
SA-J415-BOT-COM;Samsung;Galaxy J4+;Botones laterales;Compatible;2,30;;;6
SA-J415-CRI-COM;Samsung;Galaxy J4+;Cristal de pantalla;Compatible;3,15;;;6
SA-J415-FPR-COM;Samsung;Galaxy J4+;Flex principal;Compatible;2,39;;;6
SA-J415-VIB-COM;Samsung;Galaxy J4+;Vibrador;Compatible;1,19;;;6
SA-J415-ANT-COM;Samsung;Galaxy J4+;Antena / coaxial;Compatible;4,30;;;6
SA-J415-HUE-COM;Samsung;Galaxy J4+;Botón home / huella;Compatible;6,90;;;6
SA-J610-MAR-COM;Samsung;Galaxy J6+;Marco / chasis;Compatible;5,39;;;6
SA-J610-BOT-COM;Samsung;Galaxy J6+;Botones laterales;Compatible;2,30;;;6
SA-J610-CRI-COM;Samsung;Galaxy J6+;Cristal de pantalla;Compatible;3,15;;;6
SA-J610-FPR-COM;Samsung;Galaxy J6+;Flex principal;Compatible;2,39;;;6
SA-J610-VIB-COM;Samsung;Galaxy J6+;Vibrador;Compatible;1,19;;;6
SA-J610-ANT-COM;Samsung;Galaxy J6+;Antena / coaxial;Compatible;4,30;;;6
SA-J610-HUE-COM;Samsung;Galaxy J6+;Botón home / huella;Compatible;6,90;;;6
SA-A920-MAR-COM;Samsung;Galaxy A9 2018;Marco / chasis;Compatible;6,19;;;6
SA-A920-BOT-COM;Samsung;Galaxy A9 2018;Botones laterales;Compatible;2,65;;;6
SA-A920-CRI-COM;Samsung;Galaxy A9 2018;Cristal de pantalla;Compatible;3,60;;;6
SA-A920-FPR-COM;Samsung;Galaxy A9 2018;Flex principal;Compatible;2,75;;;6
SA-A920-VIB-COM;Samsung;Galaxy A9 2018;Vibrador;Compatible;1,35;;;6
SA-A920-ANT-COM;Samsung;Galaxy A9 2018;Antena / coaxial;Compatible;4,95;;;6
SA-A920-HUE-COM;Samsung;Galaxy A9 2018;Botón home / huella;Compatible;7,95;;;6
SA-G889-MAR-COM;Samsung;Galaxy XCover FieldPro;Marco / chasis;Compatible;6,89;;;6
SA-G889-BOT-COM;Samsung;Galaxy XCover FieldPro;Botones laterales;Compatible;2,95;;;6
SA-G889-FPR-COM;Samsung;Galaxy XCover FieldPro;Flex principal;Compatible;3,05;;;6
SA-G889-VIB-COM;Samsung;Galaxy XCover FieldPro;Vibrador;Compatible;1,50;;;6
SA-G889-ANT-COM;Samsung;Galaxy XCover FieldPro;Antena / coaxial;Compatible;5,50;;;6
SA-G889-HUE-COM;Samsung;Galaxy XCover FieldPro;Botón home / huella;Compatible;8,85;;;6
SA-A185-MAR-COM;Samsung;Galaxy A18;Marco / chasis;Compatible;6,59;;;6
SA-A185-BOT-COM;Samsung;Galaxy A18;Botones laterales;Compatible;2,80;;;6
SA-A185-CRI-COM;Samsung;Galaxy A18;Cristal de pantalla;Compatible;3,85;;;6
SA-A185-FPR-COM;Samsung;Galaxy A18;Flex principal;Compatible;2,90;;;6
SA-A185-VIB-COM;Samsung;Galaxy A18;Vibrador;Compatible;1,45;;;6
SA-A185-ANT-COM;Samsung;Galaxy A18;Antena / coaxial;Compatible;5,29;;;6
SA-A185-HUE-COM;Samsung;Galaxy A18;Botón home / huella;Compatible;8,45;;;6
